dyld[47801]: <551CEC32-543F-3A81-BB5F-149DF4DB417C> /Users/catethos/.local/share/mise/installs/erlang/29.0.4/erts-17.0.4/bin/erlexec
dyld[47801]: <4CC4CAD6-45A6-361E-9343-DE636A0B5C02> /usr/lib/libSystem.B.dylib
dyld[47801]: <EA7C2E0B-52BF-3D45-9A33-38F54A535452> /usr/lib/system/libcache.dylib
dyld[47801]: <72D94140-1281-3886-971B-37C810403C03> /usr/lib/system/libcommonCrypto.dylib
dyld[47801]: <D60A9B54-A909-3FD5-93B9-3F38BE0A2BE8> /usr/lib/system/libcompiler_rt.dylib
dyld[47801]: <58F425CF-7D4F-34FD-9620-706A2A7F8BDC> /usr/lib/system/libcopyfile.dylib
dyld[47801]: <D54389FC-4078-370D-A863-9FEF16E00DFD> /usr/lib/system/libcorecrypto.dylib
dyld[47801]: <243E06A0-7BFF-3C3F-8A9B-D7732729B361> /usr/lib/system/libdispatch.dylib
dyld[47801]: <634959D0-592E-349C-B549-B91F2FF09858> /usr/lib/system/libdyld.dylib
dyld[47801]: <18EFA1CE-C535-3EAC-BC2C-7955593B7382> /usr/lib/system/libkeymgr.dylib
dyld[47801]: <3E43AF47-AD89-3BB4-82B9-A9533F4334DF> /usr/lib/system/libmacho.dylib
dyld[47801]: <78C5B827-8152-358D-90E9-B02F02A68B17> /usr/lib/system/libquarantine.dylib
dyld[47801]: <DA9C2B48-7A9C-32EA-888D-6C7AEB5250E6> /usr/lib/system/libremovefile.dylib
dyld[47801]: <FF57F6FA-F3A1-343D-815D-57B769D31445> /usr/lib/system/libsystem_asl.dylib
dyld[47801]: <A712B95E-BCEE-3F12-9F9B-58E6C2060E53> /usr/lib/system/libsystem_blocks.dylib
dyld[47801]: <FDC4E366-5C14-3A1E-BC35-D933D28CDCF3> /usr/lib/system/libsystem_c.dylib
dyld[47801]: <BDA28F78-F479-3C22-B9C7-4ABCB6801592> /usr/lib/system/libsystem_collections.dylib
dyld[47801]: <A14ED142-2F56-33A6-A23C-EEB8417DC90E> /usr/lib/system/libsystem_configuration.dylib
dyld[47801]: <2E14025A-52C2-361D-8A8F-5DD45825A2C9> /usr/lib/system/libsystem_containermanager.dylib
dyld[47801]: <F335DA14-69E8-336E-85A3-11EE239255F0> /usr/lib/system/libsystem_coreservices.dylib
dyld[47801]: <A095E4FE-0EE1-34DF-B00A-7D349FBC55E0> /usr/lib/system/libsystem_darwin.dylib
dyld[47801]: <6C03D78B-BFAB-3C7A-B713-50881791EE08> /usr/lib/system/libsystem_darwindirectory.dylib
dyld[47801]: <2C4C3043-008E-3BD8-BC29-AB9AD235DBA9> /usr/lib/system/libsystem_dnssd.dylib
dyld[47801]: <A279E124-8499-3FFC-A788-655070028F97> /usr/lib/system/libsystem_eligibility.dylib
dyld[47801]: <5E7CDBD5-44AB-34C0-A0F5-FC72F6116CDC> /usr/lib/system/libsystem_featureflags.dylib
dyld[47801]: <7402662E-F235-3F48-BB65-F64C8CF0F2BB> /usr/lib/system/libsystem_info.dylib
dyld[47801]: <3739A40F-2C17-3503-92D6-098141E56E89> /usr/lib/system/libsystem_m.dylib
dyld[47801]: <971CDCFE-4D20-300E-A1D6-EC8672FDD258> /usr/lib/system/libsystem_malloc.dylib
dyld[47801]: <01D14A9E-16DC-372C-8AA8-CC7AD39E797F> /usr/lib/system/libsystem_networkextension.dylib
dyld[47801]: <F9B1BAFF-4D09-3A1F-839B-189C21EB5FBB> /usr/lib/system/libsystem_notify.dylib
dyld[47801]: <6592D3CE-38C6-3C08-9EA5-75D64F37993F> /usr/lib/system/libsystem_sandbox.dylib
dyld[47801]: <C92FAEE5-DAED-3340-96B3-0C42B005ADF9> /usr/lib/system/libsystem_sanitizers.dylib
dyld[47801]: <C85AF062-AA9B-35BB-904C-C055B2C21602> /usr/lib/system/libsystem_secinit.dylib
dyld[47801]: <7CFB3A10-ADB2-32C4-99B5-922A111B3224> /usr/lib/system/libsystem_kernel.dylib
dyld[47801]: <4C6BD0FE-25F2-38D8-BE5C-24DAC1DEDCFB> /usr/lib/system/libsystem_platform.dylib
dyld[47801]: <12342372-0084-37A5-9EA6-2E4DC940C685> /usr/lib/system/libsystem_pthread.dylib
dyld[47801]: <CE07A0DF-31B6-3528-B7CE-91CAD89AA519> /usr/lib/system/libsystem_symptoms.dylib
dyld[47801]: <E043667E-AD01-3228-837F-A381F32F2B30> /usr/lib/system/libsystem_trace.dylib
dyld[47801]: <2FF186A6-F448-38CD-9A30-8B5B1AEFCA10> /usr/lib/system/libsystem_trial.dylib
dyld[47801]: <B21A1015-83D4-31D8-BA41-88688962D9A6> /usr/lib/system/libunwind.dylib
dyld[47801]: <40BBE226-77D4-332E-9DA8-F0B5BACFB86D> /usr/lib/system/libxpc.dylib
dyld[47801]: <40277974-D20C-3EC8-B25C-43AE30D8CC60> /usr/lib/libobjc.A.dylib
dyld[47801]: <5BCE8CB3-4EF5-3181-B96B-8E8130851510> /System/Library/PrivateFrameworks/XPCSupport.framework/Versions/A/XPCSupport
dyld[47801]: <FDBA2243-A7AB-3524-9B94-F3034AC36E41> /System/Library/Frameworks/CoreFoundation.framework/Versions/A/CoreFoundation
dyld[47801]: <81895735-AEE8-36CF-B7ED-370A80C4E78A> /usr/lib/swift/libswiftCore.dylib
dyld[47801]: <DDE77B06-5E25-380B-85B7-BA1A27D09021> /usr/lib/libc++abi.dylib
dyld[47801]: <F41D814B-FE1F-311A-A778-5F0699628188> /usr/lib/libRosetta.dylib
dyld[47801]: <C6DC2145-7B94-3E01-ADE5-96A6C2D078BC> /usr/lib/libc++.1.dylib
dyld[47801]: <2E3EA3FE-B1EF-3EDA-B94E-C7FC54E30C13> /System/Library/Frameworks/Foundation.framework/Versions/C/Foundation
dyld[47801]: <4A2A8D5B-A79D-36B3-A688-1792E7A98EA6> /usr/lib/swift/libswiftObjectiveC.dylib
dyld[47801]: <CB44DEF4-FCFF-36ED-8E9D-BB26E0DFACAC> /usr/lib/libswiftPrespecialized.dylib
dyld[47801]: <7C419E70-AC1A-3BF9-913F-D2F87F60680B> /System/Library/Frameworks/SystemConfiguration.framework/Versions/A/SystemConfiguration
dyld[47801]: <03BEB01C-EE74-3952-80FC-D2B7CF9C798D> /usr/lib/libz.1.dylib
dyld[47801]: <1C295E81-112C-3641-8846-101E1BD9471D> /System/Library/PrivateFrameworks/CoreAutoLayout.framework/Versions/A/CoreAutoLayout
dyld[47801]: <B0B762DB-DEE4-368F-94E4-6BCFEC98E286> /usr/lib/libcmark-gfm.dylib
dyld[47801]: <4A5173C4-2F2F-3503-9FED-70C4E5BEFA0F> /usr/lib/libfakelink.dylib
dyld[47801]: <88B2498F-674F-34B8-AC5F-048E050518E5> /usr/lib/libcompression.dylib
dyld[47801]: <49C50CC0-E432-3C8D-84D5-F6AA825941A3> /System/Library/Frameworks/CFNetwork.framework/Versions/A/CFNetwork
dyld[47801]: <ECE02111-DA6A-386C-B109-699F01824273> /System/Library/Frameworks/DiskArbitration.framework/Versions/A/DiskArbitration
dyld[47801]: <CE6444C3-4DCC-3F04-B4EC-AE78233CD4C8> /usr/lib/libarchive.2.dylib
dyld[47801]: <E681BCDD-6DE1-3079-8AD8-DB80F389420D> /usr/lib/libDiagnosticMessagesClient.dylib
dyld[47801]: <700597A5-5992-3705-9F22-3E970E735653> /usr/lib/libicucore.A.dylib
dyld[47801]: <E706ECFF-E18C-3E27-B22D-B8307DE9C6D2> /usr/lib/libxml2.2.dylib
dyld[47801]: <B20E2809-8922-3D51-9CF9-1EF7DFDFBE1D> /System/Library/Frameworks/CoreServices.framework/Versions/A/CoreServices
dyld[47801]: <A316E5EC-C7E2-3D1C-A36A-7075E38735A8> /usr/lib/liblangid.dylib
dyld[47801]: <93FF2D40-D3DB-37A6-A827-8C8947B0BDCF> /System/Library/Frameworks/IOKit.framework/Versions/A/IOKit
dyld[47801]: <EBB4454A-765B-38CF-8B9D-71FF1B53D290> /System/Library/Frameworks/Combine.framework/Versions/A/Combine
dyld[47801]: <FD544864-C6FA-3FB3-B8EA-7ECAA412D97F> /System/Library/PrivateFrameworks/CollectionsInternal.framework/Versions/A/CollectionsInternal
dyld[47801]: <B66B4EC0-DF77-317E-B57C-9005FCA3B3E1> /System/Library/PrivateFrameworks/ReflectionInternal.framework/Versions/A/ReflectionInternal
dyld[47801]: <8D664FD8-9C6D-35F2-A0CB-C7E22ABEB804> /System/Library/PrivateFrameworks/RuntimeInternal.framework/Versions/A/RuntimeInternal
dyld[47801]: <105FF8F1-5BE6-387D-B850-ECE87B4BFE9C> /System/Library/PrivateFrameworks/SoftLinking.framework/Versions/A/SoftLinking
dyld[47801]: <EE71FC23-45F1-30AE-B49C-74D2DE7882BA> /usr/lib/swift/libswiftCoreFoundation.dylib
dyld[47801]: <70D613F2-BFE7-38FC-A7E8-80779478F554> /usr/lib/swift/libswiftDarwin.dylib
dyld[47801]: <F272890D-9996-3BD0-A5AA-67CE47819FE4> /usr/lib/swift/libswiftDispatch.dylib
dyld[47801]: <1A55E5A8-85E6-3067-AB87-4AC87B8C6530> /usr/lib/swift/libswiftIOKit.dylib
dyld[47801]: <92A7149B-3E19-38D2-BD36-3360D56F3096> /usr/lib/swift/libswiftSystem.dylib
dyld[47801]: <75A38F4A-06EE-3FD1-87A3-8F9FF972CE47> /usr/lib/swift/libswiftXPC.dylib
dyld[47801]: <4C680D47-D53D-3E82-9575-B04943349B45> /usr/lib/swift/libswift_Builtin_float.dylib
dyld[47801]: <E202745F-BFF6-3F29-A171-5C8DDE11779C> /usr/lib/swift/libswift_Concurrency.dylib
dyld[47801]: <4A0A069F-D0C0-3F0A-BE4F-4AFE0DF78D58> /usr/lib/swift/libswift_DarwinFoundation1.dylib
dyld[47801]: <2B54D7C1-96A9-350E-B680-2CEC48FE32AE> /usr/lib/swift/libswift_StringProcessing.dylib
dyld[47801]: <C191573D-AF50-3C8E-840C-F64782CC2BFC> /usr/lib/swift/libswiftos.dylib
dyld[47801]: <48EB2100-B5F6-3150-A424-5FD9EEC9B77B> /System/Library/PrivateFrameworks/CoreServicesInternal.framework/Versions/A/CoreServicesInternal
dyld[47801]: <F41D814B-FE1F-311A-A778-5F0699628188> /usr/lib/liboah.dylib
dyld[47801]: <A4C45770-BA54-3D2C-9DA3-077F5A497C32> /System/Library/Frameworks/Security.framework/Versions/A/Security
dyld[47801]: <D3D5DEE9-258B-33B9-A688-CF81D495E88D> /System/Library/PrivateFrameworks/GenerationalStorage.framework/Versions/A/GenerationalStorage
dyld[47801]: <02498F6E-F56A-35EC-BBFD-09E0739F330E> /System/Library/PrivateFrameworks/CacheDelete.framework/Versions/A/CacheDelete
dyld[47801]: <5879E066-73C2-3C08-9571-57A56D8FC106> /System/Library/Frameworks/QuickLookThumbnailing.framework/Versions/A/QuickLookThumbnailing
dyld[47801]: <56C602D6-EE17-31C4-BACC-962E392B7A14> /System/Library/Frameworks/FileProvider.framework/Versions/A/FileProvider
dyld[47801]: <1D861D5E-F6F8-3B0C-97F0-6F7DA8174A13> /System/Library/PrivateFrameworks/DiskImages.framework/Versions/A/DiskImages
dyld[47801]: <8B049FBF-B02F-3B65-B252-36DD33AE4DCB> /System/Library/Frameworks/NetFS.framework/Versions/A/NetFS
dyld[47801]: <8A8560B9-089E-3AB8-996F-C1E6F335D567> /System/Library/PrivateFrameworks/DesktopServicesPriv.framework/Versions/A/DesktopServicesPriv
dyld[47801]: <4DF5833E-170E-391E-8068-334A1619B6EC> /System/Library/Frameworks/CoreServices.framework/Versions/A/Frameworks/FSEvents.framework/Versions/A/FSEvents
dyld[47801]: <C3100FC0-CB90-375E-8228-7AD3095F70CC> /System/Library/Frameworks/CoreServices.framework/Versions/A/Frameworks/CarbonCore.framework/Versions/A/CarbonCore
dyld[47801]: <20352036-F9BF-311D-BF2B-4BE56DE35A4C> /System/Library/Frameworks/CoreServices.framework/Versions/A/Frameworks/Metadata.framework/Versions/A/Metadata
dyld[47801]: <C43D9113-B804-3617-AB4E-18B9746C3FD7> /System/Library/Frameworks/CoreServices.framework/Versions/A/Frameworks/OSServices.framework/Versions/A/OSServices
dyld[47801]: <DB2FEE7A-4E93-3C0A-A1BC-1A7915D7F824> /System/Library/Frameworks/CoreServices.framework/Versions/A/Frameworks/SearchKit.framework/Versions/A/SearchKit
dyld[47801]: <1FE41C73-319E-31D6-8AB9-5D9725C29840> /System/Library/Frameworks/CoreServices.framework/Versions/A/Frameworks/AE.framework/Versions/A/AE
dyld[47801]: <F672AF6B-712F-3E94-A30C-D962C961B1AE> /System/Library/Frameworks/CoreServices.framework/Versions/A/Frameworks/LaunchServices.framework/Versions/A/LaunchServices
dyld[47801]: <89B35D84-BCB4-32EA-B793-BB3563BA6C7E> /System/Library/Frameworks/CoreServices.framework/Versions/A/Frameworks/DictionaryServices.framework/Versions/A/DictionaryServices
dyld[47801]: <11D1A903-7E02-365D-B434-CF1F6928B9C8> /System/Library/Frameworks/CoreServices.framework/Versions/A/Frameworks/SharedFileList.framework/Versions/A/SharedFileList
dyld[47801]: <37EB8634-C367-3986-951F-FE6CE034F9B8> /usr/lib/libapple_nghttp2.dylib
dyld[47801]: <FFED8D03-933A-3E77-A298-899189CFDDEE> /usr/lib/libsqlite3.dylib
dyld[47801]: <480932A5-4C8C-3AEF-AFC3-31D7D5A6DFB7> /System/Library/Frameworks/Accounts.framework/Versions/A/Accounts
dyld[47801]: <277306E7-DBCE-3D31-8E19-1A959860E47C> /System/Library/PrivateFrameworks/AOSKit.framework/Versions/A/AOSKit
dyld[47801]: <F1614AEF-411C-3D85-B147-122B24A52BD2> /System/Library/PrivateFrameworks/AppSSOCore.framework/Versions/A/AppSSOCore
dyld[47801]: <E49883EF-0C5A-34B3-940E-6CDED347A361> /System/Library/PrivateFrameworks/AppSupport.framework/Versions/A/AppSupport
dyld[47801]: <2B4C89E8-6D61-382F-8596-400AFD5DFAED> /System/Library/Frameworks/AVFoundation.framework/Versions/A/AVFoundation
dyld[47801]: <D6494026-1CF4-365F-9D35-BD3C0FAE8463> /System/Library/PrivateFrameworks/BackgroundSystemTasks.framework/Versions/A/BackgroundSystemTasks
dyld[47801]: <5B6BC0A9-527D-3D06-B19A-59A55830D0C2> /System/Library/PrivateFrameworks/CoreAnalytics.framework/Versions/A/CoreAnalytics
dyld[47801]: <86707213-12B9-3943-AF6A-FBFDF1209FCA> /System/Library/Frameworks/CoreGraphics.framework/Versions/A/CoreGraphics
dyld[47801]: <43674C87-ADFF-3F60-9DDD-8CE9CAFA39D5> /System/Library/PrivateFrameworks/DuetActivityScheduler.framework/Versions/A/DuetActivityScheduler
dyld[47801]: <8220298F-96F2-3CED-82CF-C07E11DA38F9> /System/Library/PrivateFrameworks/FTServices.framework/Versions/A/FTServices
dyld[47801]: <6A676BE5-DAA2-3923-8B2D-9183A79D8FCF> /System/Library/Frameworks/GSS.framework/Versions/A/GSS
dyld[47801]: <B9C46934-ECEA-360F-BD4D-39025C7947C9> /System/Library/PrivateFrameworks/InternationalSupport.framework/Versions/A/InternationalSupport
dyld[47801]: <F64C374B-7C49-32B2-BD2E-8822A3F14163> /usr/lib/libMemoryResourceException.dylib
dyld[47801]: <A3C34F06-7BB2-3881-8DD1-775BB79E14B3> /System/Library/PrivateFrameworks/NetworkScore.framework/Versions/A/NetworkScore
dyld[47801]: <31C663CB-E303-3669-A2D3-17AB24A16940> /System/Library/PrivateFrameworks/NetworkServiceProxy.framework/Versions/A/NetworkServiceProxy
dyld[47801]: <949C594B-FE78-3E1A-B40C-4720CF994C75> /System/Library/PrivateFrameworks/RunningBoardServices.framework/Versions/A/RunningBoardServices
dyld[47801]: <291F2CDF-90AA-36D2-94BB-1318387C54C5> /System/Library/PrivateFrameworks/StreamingExtractor.framework/Versions/A/StreamingExtractor
dyld[47801]: <A266C210-8869-390E-93D0-5AC15408C80D> /System/Library/PrivateFrameworks/StreamingZip.framework/Versions/A/StreamingZip
dyld[47801]: <DB7270A8-9BB5-3EBE-B2FD-54F6641D56DE> /System/Library/PrivateFrameworks/SymptomReporter.framework/Versions/A/SymptomReporter
dyld[47801]: <87E902A1-34F8-3ED8-8A5B-00F346A553AE> /usr/lib/libenergytrace.dylib
dyld[47801]: <076C8183-DBAF-3FE4-8019-C95855620AD9> /usr/lib/libnetworkextension.dylib
dyld[47801]: <4A16436D-E026-380A-ADED-84C279C05285> /System/Library/Frameworks/Network.framework/Versions/A/Network
dyld[47801]: <7E84A4E7-383B-33B9-B604-D707E8E0C76A> /usr/lib/libbsm.0.dylib
dyld[47801]: <B20E8F67-6646-3050-AB29-44575B24BB6D> /usr/lib/system/libkxld.dylib
dyld[47801]: <2D2A4D15-9634-3D30-8D50-845C65536968> /System/Library/PrivateFrameworks/AppleKeyStore.framework/Versions/A/AppleKeyStore
dyld[47801]: <CFECAA0B-0E59-3E9B-BE28-7247E52F32BC> /usr/lib/libCoreEntitlements.dylib
dyld[47801]: <DDEA8F2A-0D8C-3136-A60F-159B3BF6BB14> /System/Library/PrivateFrameworks/MessageSecurity.framework/Versions/A/MessageSecurity
dyld[47801]: <4AB73CF2-A262-3297-A4ED-F98885686564> /System/Library/PrivateFrameworks/ProtocolBuffer.framework/Versions/A/ProtocolBuffer
dyld[47801]: <9E416667-BB78-36EB-9B5D-886652738B8E> /System/Library/PrivateFrameworks/CloudServices.framework/Versions/A/CloudServices
dyld[47801]: <88586001-D9A2-3BCE-A0B3-F66B962A5FCD> /System/Library/PrivateFrameworks/SymptomDiagnosticReporter.framework/Versions/A/SymptomDiagnosticReporter
dyld[47801]: <E76B3969-60BD-3EBD-8419-B6D16CB330C2> /System/Library/PrivateFrameworks/CrashReporterSupport.framework/Versions/A/CrashReporterSupport
dyld[47801]: <E0F8AF6B-104D-3F9D-A8FB-49EF7C45EAAE> /usr/lib/libMobileGestalt.dylib
dyld[47801]: <903E85C5-7923-3276-8CD3-439E896B7C6B> /System/Library/PrivateFrameworks/AppleFSCompression.framework/Versions/A/AppleFSCompression
dyld[47801]: <5CF64670-CDC0-3AF0-930A-38522A8573EC> /usr/lib/libcoretls.dylib
dyld[47801]: <88C8B8CF-FC4A-3278-9FD7-A2B90B2F600F> /usr/lib/libcoretls_cfhelpers.dylib
dyld[47801]: <4653F0C2-72CB-3C35-AEB9-AAFD63A5B721> /usr/lib/libpam.2.dylib
dyld[47801]: <47C6FF5C-2E46-3B5A-A3AF-157D64AA89B0> /usr/lib/libxar.1.dylib
dyld[47801]: <715B7DF2-B40D-3EBA-BFC9-13276492ED33> /System/Library/PrivateFrameworks/APFS.framework/Versions/A/APFS
dyld[47801]: <C01C6663-DD1C-3855-AB40-23B40F988E8E> /System/Library/PrivateFrameworks/SwiftASN1Internal.framework/Versions/A/SwiftASN1Internal
dyld[47801]: <AAB4E5F3-8EF1-39BE-A32B-8B4ABF8F390D> /usr/lib/libutil.dylib
dyld[47801]: <389F3921-719F-3A03-BD22-3A711B27FB35> /System/Library/PrivateFrameworks/AppleSystemInfo.framework/Versions/A/AppleSystemInfo
dyld[47801]: <2CFBD4DF-9E6B-34A5-9B6C-BCD05F40F139> /System/Library/PrivateFrameworks/IOMobileFramebuffer.framework/Versions/A/IOMobileFramebuffer
dyld[47801]: <C30F04DE-ADD7-3DBC-A1B2-C7D1EFA08CC6> /System/Library/Frameworks/IOSurface.framework/Versions/A/IOSurface
dyld[47801]: <B73AC390-0D5D-3EDA-A81F-709B68F0E37A> /System/Library/PrivateFrameworks/CoreWiFi.framework/Versions/A/CoreWiFi
dyld[47801]: <E39BD6CE-35C2-3F90-BBC1-F68EB3C71E52> /System/Library/PrivateFrameworks/LoggingSupport.framework/Versions/A/LoggingSupport
dyld[47801]: <B7154554-8A67-3354-B992-14441B39FF71> /System/Library/PrivateFrameworks/MobileAsset.framework/Versions/A/MobileAsset
dyld[47801]: <604DB01F-E423-31DC-A4A1-792F6701BA2D> /System/Library/PrivateFrameworks/PowerLog.framework/Versions/A/PowerLog
dyld[47801]: <BE98D10A-67D4-311C-B556-8D3838CF6F81> /System/Library/PrivateFrameworks/Rapport.framework/Versions/A/Rapport
dyld[47801]: <58E4A38D-47FB-3EAC-B7E0-6818F49D24EA> /System/Library/Frameworks/SwiftData.framework/Versions/A/SwiftData
dyld[47801]: <540009BA-D3E5-3F67-8DE8-ED0033FE9215> /System/Library/PrivateFrameworks/Symptoms.framework/Versions/A/Frameworks/SymptomAnalytics.framework/Versions/A/SymptomAnalytics
dyld[47801]: <743056F4-24EC-3A70-8282-C6F20407C193> /System/Library/Frameworks/UniformTypeIdentifiers.framework/Versions/A/UniformTypeIdentifiers
dyld[47801]: <4C89B3C9-F76E-3ED3-9515-E770E4E0E04A> /System/Library/PrivateFrameworks/UserManagement.framework/Versions/A/UserManagement
dyld[47801]: <0767E249-3DD3-375B-8E61-F5DB8309C5BA> /usr/lib/libboringssl.dylib
dyld[47801]: <819F23DB-90BE-3F09-8647-29C8F3CF929E> /usr/lib/libcupolicy.dylib
dyld[47801]: <B079C73B-474D-3A35-B9FC-C417A2FAAC2D> /usr/lib/libdns_services.dylib
dyld[47801]: <9BFCCC8E-40E3-33F3-8108-ED956930D9B0> /System/Library/Frameworks/NetworkExtension.framework/Versions/A/NetworkExtension
dyld[47801]: <2C368B24-1063-37A2-9815-6392CE0D28FA> /usr/lib/libnwswifttls.dylib
dyld[47801]: <0A92F1D9-34F1-35A9-A293-57BED013A7C7> /usr/lib/libpcap.A.dylib
dyld[47801]: <A88B0E2C-9449-37D5-AA62-8533346704D8> /usr/lib/libquic.dylib
dyld[47801]: <35A0D004-85A7-324D-A597-61F1AA1203B8> /usr/lib/libusrtcp.dylib
dyld[47801]: <AD7AC28E-DF43-3FE2-9F95-1A55421FE21B> /System/Library/PrivateFrameworks/AtomicsInternal.framework/Versions/A/AtomicsInternal
dyld[47801]: <4AFF9D01-B152-3754-917D-FEB9B6EDB074> /System/Library/PrivateFrameworks/InternalSwiftProtobuf.framework/Versions/A/InternalSwiftProtobuf
dyld[47801]: <939A84CD-B303-36D6-89D4-0CA6FE6C9335> /usr/lib/swift/libswiftDistributed.dylib
dyld[47801]: <69B34359-C025-3674-9127-6FE565701511> /usr/lib/swift/libswiftObservation.dylib
dyld[47801]: <7626547E-9425-3FAE-A895-04A4C0B5A24C> /usr/lib/swift/libswiftSynchronization.dylib
dyld[47801]: <61779A8C-8FAF-3B30-88EB-F8B1F7965DA6> /System/Library/PrivateFrameworks/AggregateDictionary.framework/Versions/A/AggregateDictionary
dyld[47801]: <ACB84D0D-0179-32B7-8F5C-53BD2AC740D5> /System/Library/PrivateFrameworks/CoreDuetContext.framework/Versions/A/CoreDuetContext
dyld[47801]: <ED2927D1-85F9-346D-9054-C9008EEFC205> /System/Library/PrivateFrameworks/BiomeLibrary.framework/Versions/A/BiomeLibrary
dyld[47801]: <0F02B28D-130E-3D48-A02E-D62C960731A0> /System/Library/PrivateFrameworks/CoreDuet.framework/Versions/A/CoreDuet
dyld[47801]: <0C2B5247-3909-390E-89D1-CD10B5986FDB> /System/Library/PrivateFrameworks/BiomeStreams.framework/Versions/A/BiomeStreams
dyld[47801]: <ECD6B305-5576-372C-A6C2-6FB8B3449B16> /System/Library/PrivateFrameworks/BiomeFoundation.framework/Versions/A/BiomeFoundation
dyld[47801]: <56BD2841-6328-3882-839C-512E9AEC3220> /System/Library/PrivateFrameworks/BiomePubSub.framework/Versions/A/BiomePubSub
dyld[47801]: <26BCA90F-FDB6-3162-8398-B204D85CFE5B> /System/Library/Frameworks/CoreData.framework/Versions/A/CoreData
dyld[47801]: <5C05FB7B-7E85-3E88-B482-B08EBADE6C7C> /System/Library/PrivateFrameworks/ProactiveSupport.framework/Versions/A/ProactiveSupport
dyld[47801]: <8984813E-20DC-39D0-8760-81CF047BEA77> /System/Library/Frameworks/CoreLocation.framework/Versions/A/CoreLocation
dyld[47801]: <71576C7F-398C-30F3-8B15-E71BBEFCBF40> /System/Library/Frameworks/Intents.framework/Versions/A/Intents
dyld[47801]: <9C3CA246-0044-37F0-9C69-6A72E1434912> /System/Library/Frameworks/_LocationEssentials.framework/Versions/A/_LocationEssentials
dyld[47801]: <6DB9D3C0-C6E8-34F1-BECE-E13E769A8FDB> /usr/lib/liblzma.5.dylib
dyld[47801]: <69865F9B-6DB8-3638-8A23-072E1E349C72> /System/Library/Frameworks/Accelerate.framework/Versions/A/Accelerate
dyld[47801]: <0542EA91-C289-3EEB-A7BD-E3FDC5F48622> /System/Library/PrivateFrameworks/MobileKeyBag.framework/Versions/A/MobileKeyBag
dyld[47801]: <504121FD-73F2-3024-93D0-E8A7C806E94B> /System/Library/PrivateFrameworks/InternationalTextSearch.framework/Versions/A/InternationalTextSearch
dyld[47801]: <6DD8264D-A08C-3E81-A4DC-DF6F92BDE42B> /System/Library/PrivateFrameworks/SoftwareUpdateCoreSupport.framework/Versions/A/SoftwareUpdateCoreSupport
dyld[47801]: <BE013477-FD5C-36B1-9127-66C2080DE35E> /System/Library/PrivateFrameworks/SoftwareUpdateCoreConnect.framework/Versions/A/SoftwareUpdateCoreConnect
dyld[47801]: <B9FE5420-1BC3-3001-ACAF-2E917BFFBDD0> /System/Library/PrivateFrameworks/RemoteServiceDiscovery.framework/Versions/A/RemoteServiceDiscovery
dyld[47801]: <135C2628-BD95-3432-8D97-32C8FDABD1E3> /System/Library/PrivateFrameworks/MSUDataAccessor.framework/Versions/A/MSUDataAccessor
dyld[47801]: <7817458F-E833-3825-A04B-03A79AD8739B> /usr/lib/libbootpolicy.dylib
dyld[47801]: <ED17CD59-DDEC-3BDE-9267-201A02407BAD> /System/Library/PrivateFrameworks/RemoteXPC.framework/Versions/A/RemoteXPC
dyld[47801]: <A1DBFEC9-D0A6-3B2E-99D2-EC6B5B9B960D> /usr/lib/libFDR.dylib
dyld[47801]: <A73B43E8-985F-3BB1-AD2B-DAF39BFF4E95> /usr/lib/libamsupport.dylib
dyld[47801]: <2C923B2B-EB1C-3FD1-8272-4AD141AEE322> /usr/lib/libReverseProxyDevice.dylib
dyld[47801]: <A1751466-FD99-3C13-9DAE-8EE39A575C75> /System/Library/PrivateFrameworks/AppleDeviceQuerySupport.framework/Versions/A/AppleDeviceQuerySupport
dyld[47801]: <6B2536A0-FB99-3B72-BF72-C8A230F76C2F> /usr/lib/libpartition2_dynamic.dylib
dyld[47801]: <50A785A8-C474-3A6D-A6CB-DFD2D0E93B43> /System/Library/PrivateFrameworks/AppleSauce.framework/Versions/A/AppleSauce
dyld[47801]: <4C0A66D2-B313-3A88-B438-3B2FBAFD7994> /usr/lib/libAppleArchive.dylib
dyld[47801]: <F8B99793-2A42-3B06-A92E-C84D8679459A> /usr/lib/libbz2.1.0.dylib
dyld[47801]: <87180846-15A0-3AE6-9375-8986922E7704> /System/Library/Frameworks/Accelerate.framework/Versions/A/Frameworks/vImage.framework/Versions/A/vImage
dyld[47801]: <F9DA17B8-BF0E-3D0E-8D51-8895A09E76CA> /System/Library/Frameworks/Accelerate.framework/Versions/A/Frameworks/vecLib.framework/Versions/A/vecLib
dyld[47801]: <E5B95953-1269-352C-B085-3BC6406E41D9> /System/Library/Frameworks/Accelerate.framework/Versions/A/Frameworks/vecLib.framework/Versions/A/libvMisc.dylib
dyld[47801]: <C127566F-507D-3087-8945-973441413016> /System/Library/Frameworks/Accelerate.framework/Versions/A/Frameworks/vImage.framework/Versions/A/Libraries/libCGInterfaces.dylib
dyld[47801]: <48BF39E9-074A-3BD8-80DD-DEB901859383> /System/Library/PrivateFrameworks/AccelerateGPU.framework/Versions/A/AccelerateGPU
dyld[47801]: <B8AEEB6D-A458-37C3-B22A-99C768B155EA> /System/Library/Frameworks/Accelerate.framework/Versions/A/Frameworks/vecLib.framework/Versions/A/libBLAS.dylib
dyld[47801]: <305A0A92-364D-3C8B-8BC4-DAE07A4E2918> /System/Library/Frameworks/ApplicationServices.framework/Versions/A/ApplicationServices
dyld[47801]: <9C44ABC3-19CD-32AB-A7AA-098813317900> /System/Library/Frameworks/CoreVideo.framework/Versions/A/CoreVideo
dyld[47801]: <96471F96-B3C6-3783-B8BB-17C1E48C46B7> /System/Library/Frameworks/ColorSync.framework/Versions/A/ColorSync
dyld[47801]: <22A4F922-8523-396D-AD9B-DA6FF15DA432> /System/Library/Frameworks/CoreText.framework/Versions/A/CoreText
dyld[47801]: <0CD49F9D-A8E2-303D-98A7-7E9602B00B90> /System/Library/Frameworks/ImageIO.framework/Versions/A/ImageIO
dyld[47801]: <63A93F8B-EBA5-37CF-A171-7B220B8C6A70> /System/Library/Frameworks/ApplicationServices.framework/Versions/A/Frameworks/ATS.framework/Versions/A/ATS
dyld[47801]: <0B0164B2-3069-3AF2-B2C5-8A5F1E81BFD6> /System/Library/Frameworks/ApplicationServices.framework/Versions/A/Frameworks/HIServices.framework/Versions/A/HIServices
dyld[47801]: <395625EB-39F6-392B-88CB-C8679C3A844C> /System/Library/Frameworks/ApplicationServices.framework/Versions/A/Frameworks/PrintCore.framework/Versions/A/PrintCore
dyld[47801]: <2CC38837-4DB6-3BBB-A3C9-75D083BD5C61> /System/Library/Frameworks/ApplicationServices.framework/Versions/A/Frameworks/QD.framework/Versions/A/QD
dyld[47801]: <7E09AC41-9944-3061-BC9A-23B6F977BE3A> /System/Library/Frameworks/ApplicationServices.framework/Versions/A/Frameworks/ColorSyncLegacy.framework/Versions/A/ColorSyncLegacy
dyld[47801]: <26B44C48-BC70-38A8-AAF1-7EC18393E11F> /System/Library/Frameworks/ApplicationServices.framework/Versions/A/Frameworks/SpeechSynthesis.framework/Versions/A/SpeechSynthesis
dyld[47801]: <898384F5-D43B-3BCA-8383-3039E80CFA6D> /System/Library/PrivateFrameworks/SkyLight.framework/Versions/A/SkyLight
dyld[47801]: <27A05596-EDE4-3576-B061-D68EB1B6CAD5> /System/Library/PrivateFrameworks/FontServices.framework/libFontParser.dylib
dyld[47801]: <0C76F3C5-CD3B-3837-BAEB-0226751512F6> /System/Library/PrivateFrameworks/BaseBoard.framework/Versions/A/BaseBoard
dyld[47801]: <35DD2B0B-E814-3C04-89AE-04EB53AB64B2> /System/Library/PrivateFrameworks/BoardServices.framework/Versions/A/BoardServices
dyld[47801]: <822C92A9-C200-3DF8-A48F-04F6FC444EA2> /System/Library/PrivateFrameworks/BackBoardServices.framework/Versions/A/BackBoardServices
dyld[47801]: <83EA7238-159B-3156-8F5D-D84E4D94FAD2> /System/Library/PrivateFrameworks/BackBoardHIDEventFoundation.framework/Versions/A/BackBoardHIDEventFoundation
dyld[47801]: <197CDF27-438E-3EB7-BC35-0C466CCF17CD> /System/Library/Frameworks/CoreDisplay.framework/Versions/A/CoreDisplay
dyld[47801]: <586DC60D-A727-38F7-9156-CC98E30F284D> /System/Library/Frameworks/VideoToolbox.framework/Versions/A/VideoToolbox
dyld[47801]: <7835C05F-D662-38A0-83A8-CA317D2C915B> /System/Library/Frameworks/MetalPerformanceShaders.framework/Versions/A/MetalPerformanceShaders
dyld[47801]: <3B0EC42B-483E-3B2E-9320-4CB6664A302B> /System/Library/PrivateFrameworks/ProDisplayLibrary.framework/Versions/A/ProDisplayLibrary
dyld[47801]: <A4FA1F92-D834-3716-89C5-F0B7C0609744> /System/Library/PrivateFrameworks/IOSurfaceAccelerator.framework/Versions/A/IOSurfaceAccelerator
dyld[47801]: <E62B6554-CA42-3D79-B048-C5F6DEFA20CC> /System/Library/Frameworks/Metal.framework/Versions/A/Metal
dyld[47801]: <61E0BB2C-2B28-3B5A-8548-B2C19521DCAD> /System/Library/PrivateFrameworks/IOAccelerator.framework/Versions/A/IOAccelerator
dyld[47801]: <8149A6D5-5D34-3DE8-9F49-0C13EBA54A00> /System/Library/Frameworks/CoreMedia.framework/Versions/A/CoreMedia
dyld[47801]: <312C79A8-E961-3646-8528-3FC190FAAEA3> /System/Library/PrivateFrameworks/TCC.framework/Versions/A/TCC
dyld[47801]: <C3A8BEDA-D443-3239-93BC-1F77D6307526> /System/Library/PrivateFrameworks/WatchdogClient.framework/Versions/A/WatchdogClient
dyld[47801]: <F1BA3189-E95A-3ECA-B59A-5A6872754484> /System/Library/Frameworks/QuartzCore.framework/Versions/A/QuartzCore
dyld[47801]: <9A09DE9B-0772-325A-BBA2-8164DAB189BE> /System/Library/PrivateFrameworks/MultitouchSupport.framework/Versions/A/MultitouchSupport
dyld[47801]: <DDA5A4B3-59E6-319C-8061-FEFD39ADC8C7> /usr/lib/swift/libswiftAccelerate.dylib
dyld[47801]: <EFBE5ADA-3929-35CF-988E-7AED8B7FDE51> /usr/lib/swift/libswiftCoreAudio.dylib
dyld[47801]: <D1491CD7-17C3-36DB-8775-211B2F22C80F> /usr/lib/swift/libswiftCoreMedia.dylib
dyld[47801]: <10BCDD43-C5E6-38BF-99CA-54B6AD7A3EEA> /usr/lib/swift/libswiftMetal.dylib
dyld[47801]: <57A2CE5E-DAC3-35D2-9BED-6188DF518B70> /usr/lib/swift/libswiftOSLog.dylib
dyld[47801]: <C348816E-C511-356C-830B-5F690FA3AA69> /usr/lib/swift/libswiftQuartzCore.dylib
dyld[47801]: <D02B3C6D-7F89-3910-B160-7339E13B7778> /usr/lib/swift/libswiftUniformTypeIdentifiers.dylib
dyld[47801]: <E0458D1A-E650-3E6B-99A1-1882CC4A159A> /usr/lib/swift/libswiftVideoToolbox.dylib
dyld[47801]: <F83F1836-73D8-3B30-A8C4-FED0DA5E8CEC> /usr/lib/swift/libswiftsimd.dylib
dyld[47801]: <9A1B7F95-CF13-3127-85D4-9AAF491AF821> /System/Library/PrivateFrameworks/BiomeStorage.framework/Versions/A/BiomeStorage
dyld[47801]: <5DA57389-B626-3B6E-89E3-C724B0468F10> /System/Library/PrivateFrameworks/IntelligencePlatformLibrary.framework/Versions/A/IntelligencePlatformLibrary
dyld[47801]: <2E3DEAB0-737E-3412-9437-32EDB3086EA3> /System/Library/PrivateFrameworks/PoirotSchematizer.framework/Versions/A/PoirotSchematizer
dyld[47801]: <6D9F3228-2B0C-36ED-B43E-BC4148212971> /System/Library/PrivateFrameworks/BiomeSync.framework/Versions/A/BiomeSync
dyld[47801]: <D25EE534-F145-3A91-B92E-2BBDE76BB0B1> /System/Library/PrivateFrameworks/BiomeDSL.framework/Versions/A/BiomeDSL
dyld[47801]: <BC98F8FE-E39A-31DC-B2BB-F129D1352E1E> /System/Library/PrivateFrameworks/FeatureFlags.framework/Versions/A/FeatureFlags
dyld[47801]: <4B0C858E-68AE-32CF-8F62-B44B1838BBB6> /System/Library/PrivateFrameworks/PoirotUDFs.framework/Versions/A/PoirotUDFs
dyld[47801]: <866DBB51-99DA-38A9-A712-4E26BB5A5CE0> /usr/lib/swift/libswift_DarwinFoundation2.dylib
dyld[47801]: <995CB65C-A58D-38B3-A271-917FDB9F8C57> /usr/lib/swift/libswift_DarwinFoundation3.dylib
dyld[47801]: <89179061-46AF-3E0C-8F03-FF9F5ACEE211> /System/Library/PrivateFrameworks/CoreTime.framework/Versions/A/CoreTime
dyld[47801]: <2D429111-B58B-365E-8D8D-68DA82D20589> /usr/lib/libiconv.2.dylib
dyld[47801]: <7704B548-DB2D-3468-B301-82E8F026DDCE> /usr/lib/libcharset.1.dylib
dyld[47801]: <07B78F81-0131-32DA-9961-316C1C248338> /System/Library/PrivateFrameworks/PoirotSQLite.framework/Versions/A/PoirotSQLite
dyld[47801]: <6BA1B88C-B16D-3296-9322-F98613487F18> /usr/lib/swift/libswift_RegexParser.dylib
dyld[47801]: <327752A7-9364-352C-B3FD-79457DC3145C> /System/Library/PrivateFrameworks/CascadeSets.framework/Versions/A/CascadeSets
dyld[47801]: <39D6BD21-AFD7-3068-B747-B94A5D9F1C27> /System/Library/PrivateFrameworks/CorePhoneNumbers.framework/Versions/A/CorePhoneNumbers
dyld[47801]: <72E56855-8FE6-3262-9A11-B2F475119A93> /System/Library/PrivateFrameworks/AppleJPEG.framework/Versions/A/AppleJPEG
dyld[47801]: <6D02979F-089C-3FF7-B3EA-939E8810EDE7> /usr/lib/libexpat.1.dylib
dyld[47801]: <5855ECAC-2298-3B0A-A859-9E643E12010D> /System/Library/Frameworks/ImageIO.framework/Versions/A/Resources/libPng.dylib
dyld[47801]: <2E5FD6A0-0646-3F84-84A8-09F2BD58C56D> /System/Library/Frameworks/ImageIO.framework/Versions/A/Resources/libTIFF.dylib
dyld[47801]: <A4D144D0-C3D8-3BB6-962F-FDBC6DACC105> /System/Library/Frameworks/ImageIO.framework/Versions/A/Resources/libGIF.dylib
dyld[47801]: <FCBA3CD1-64C8-3BE1-AB50-450070167FA3> /System/Library/Frameworks/ImageIO.framework/Versions/A/Resources/libJP2.dylib
dyld[47801]: <8331A311-1C3F-37E5-A6FB-74FEB6D31D57> /usr/lib/libate.dylib
dyld[47801]: <30EA44B1-2A44-3415-A1B6-DD0ED2B7B306> /System/Library/Frameworks/ImageIO.framework/Versions/A/Resources/libJPEG.dylib
dyld[47801]: <2C186C82-66E0-369C-B2D4-1815FAB8AFB3> /System/Library/Frameworks/ImageIO.framework/Versions/A/Resources/libRadiance.dylib
dyld[47801]: <0E239D6E-4F69-3A3C-8F10-207AB9E53626> /System/Library/PrivateFrameworks/GPUCompiler.framework/Versions/32023/Libraries/libllvm-flatbuffers.dylib
dyld[47801]: <E0E4527F-02A1-3B8E-BC59-50596B14C725> /System/Library/PrivateFrameworks/FramePacing.framework/Versions/A/FramePacing
dyld[47801]: <A7E06810-96A7-320B-90FF-41FEC8996481> /System/Library/Frameworks/OpenGL.framework/Versions/A/Libraries/libCoreFSCache.dylib
dyld[47801]: <54727168-9032-3AF7-B571-3A52A508B761> /System/Library/PrivateFrameworks/GPUCompiler.framework/Versions/32023/Libraries/libGPUCompilerUtils.dylib
dyld[47801]: <3877C6C1-2A1C-3971-A39B-BFBCBD2316E4> /System/Library/PrivateFrameworks/GraphicsServices.framework/Versions/A/GraphicsServices
dyld[47801]: <4441E600-26A0-3A7E-A20A-4A4F239AA0D0> /System/Library/Frameworks/OpenGL.framework/Versions/A/OpenGL
dyld[47801]: <D7A8D43B-01FB-363F-9E04-E3AE9712247B> /System/Library/Frameworks/OpenGL.framework/Versions/A/Libraries/libGLU.dylib
dyld[47801]: <82D99F0A-0AE0-3187-AED3-F8EA8602892E> /System/Library/Frameworks/OpenGL.framework/Versions/A/Libraries/libGFXShared.dylib
dyld[47801]: <0467762E-9A84-3C53-B0F4-CA179E29A8CE> /System/Library/Frameworks/OpenGL.framework/Versions/A/Libraries/libGL.dylib
dyld[47801]: <CF163ACB-2E12-3036-AFBE-AAEC42E32A95> /System/Library/Frameworks/OpenGL.framework/Versions/A/Libraries/libGLImage.dylib
dyld[47801]: <DCF9371C-4D04-3524-B0A0-0E0A93183BFB> /System/Library/Frameworks/OpenGL.framework/Versions/A/Libraries/libCVMSPluginSupport.dylib
dyld[47801]: <9879D439-C0AD-3A93-9050-4C0AE6C7DD07> /System/Library/Frameworks/OpenGL.framework/Versions/A/Libraries/libCoreVMClient.dylib
dyld[47801]: <FB88FA95-68C1-3573-B8A4-815488BDA4E6> /System/Library/PrivateFrameworks/GPUWrangler.framework/Versions/A/GPUWrangler
dyld[47801]: <60E38601-35DB-3D90-80C0-BB19848CFED7> /System/Library/PrivateFrameworks/IOPresentment.framework/Versions/A/IOPresentment
dyld[47801]: <F5D64A73-D6D9-380E-BF44-10544E2465B6> /System/Library/PrivateFrameworks/DSExternalDisplay.framework/Versions/A/DSExternalDisplay
dyld[47801]: <9FD68D8C-8D94-32D2-A41C-97A66C2E4BB6> /System/Library/PrivateFrameworks/VideoToolboxParavirtualizationSupport.framework/Versions/A/VideoToolboxParavirtualizationSupport
dyld[47801]: <7EB7686D-74B9-385B-A60F-25F9C97AD46B> /System/Library/PrivateFrameworks/AppleVA.framework/Versions/A/AppleVA
dyld[47801]: <1E88A46B-6D6B-3648-968B-01532612E28C> /System/Library/Frameworks/ExtensionFoundation.framework/Versions/A/ExtensionFoundation
dyld[47801]: <7AEF5F35-87FB-36B6-9347-BFB7DE09B133> /System/Library/PrivateFrameworks/CMCaptureCore.framework/Versions/A/CMCaptureCore
dyld[47801]: <866F4ACD-D94B-3BD7-8B90-573A51A8CEDF> /usr/lib/libspindump.dylib
dyld[47801]: <2E3313F7-C583-3D6C-A88B-37AF8B4C56F0> /System/Library/Frameworks/CoreAudio.framework/Versions/A/CoreAudio
dyld[47801]: <D54F06FB-C477-3A05-9C9F-A02CF013F926> /System/Library/PrivateFrameworks/AppServerSupport.framework/Versions/A/AppServerSupport
dyld[47801]: <8BDF1C32-455B-3FEF-A6E4-ECD49074CA07> /System/Library/PrivateFrameworks/perfdata.framework/Versions/A/perfdata
dyld[47801]: <71BD1CD7-CD33-3689-9EFF-12FAD75B97E5> /System/Library/PrivateFrameworks/AudioDSPGraph.framework/Versions/A/AudioDSPGraph
dyld[47801]: <668AAB07-F503-3EB4-A382-F01FB60269FB> /System/Library/PrivateFrameworks/AudioToolboxCore.framework/Versions/A/AudioToolboxCore
dyld[47801]: <725DE236-E4BB-34E0-A155-46A974629A81> /System/Library/PrivateFrameworks/caulk.framework/Versions/A/caulk
dyld[47801]: <573E42C2-BB6F-3E6C-BA4C-A7689728B174> /usr/lib/libAudioStatistics.dylib
dyld[47801]: <99C955D1-07A3-3FE9-922A-BC678E2EA454> /System/Library/PrivateFrameworks/SystemPolicy.framework/Versions/A/SystemPolicy
dyld[47801]: <08EEC0C2-F56C-3BB9-992A-160E5AAAEB56> /usr/lib/libSMC.dylib
dyld[47801]: <5491E4A8-56A3-3EBC-AC8E-B2D69CB34E32> /usr/lib/swift/libswiftCoreMIDI.dylib
dyld[47801]: <29F750A3-0A23-3C21-8C79-4A2D22F7BE8B> /System/Library/Frameworks/CoreMIDI.framework/Versions/A/CoreMIDI
dyld[47801]: <E83E83E4-F6D9-36B1-A7C8-1391F6E5D4E7> /usr/lib/libAudioToolboxUtility.dylib
dyld[47801]: <0D2BC538-CE70-3EFD-B277-6B12CEED8EC7> /usr/lib/libperfcheck.dylib
dyld[47801]: <AAD9FBE3-5777-3ED9-930F-1B5F492CDFA6> /System/Library/PrivateFrameworks/AudioAnalytics.framework/Versions/A/AudioAnalytics
dyld[47801]: <BFBCF2EC-4BC5-3941-AE6B-3F5BEF2C2296> /System/Library/Frameworks/OSLog.framework/Versions/A/OSLog
dyld[47801]: <C6FCA282-6ABB-38D2-9683-C6A229CCD92B> /System/Library/PrivateFrameworks/OSEligibility.framework/Versions/A/OSEligibility
dyld[47801]: <D170449C-D007-358E-A189-0CAA6CF8D01F> /System/Library/PrivateFrameworks/IconServices.framework/Versions/A/IconServices
dyld[47801]: <FAF6A95A-EDAC-3CEF-AE8A-44C9A4C12AA2> /System/Library/Frameworks/LightweightCodeRequirements.framework/Versions/A/LightweightCodeRequirements
dyld[47801]: <0F0E3B26-14CC-3248-B8FC-F55458E643C1> /System/Library/PrivateFrameworks/PlugInKit.framework/Versions/A/PlugInKit
dyld[47801]: <5F47F3F1-ADF5-35A7-8ADF-9C850F05C96E> /System/Library/PrivateFrameworks/AssertionServices.framework/Versions/A/AssertionServices
dyld[47801]: <4575E49F-BCA8-34CC-8027-BCE51ACDB678> /System/Library/PrivateFrameworks/IconFoundation.framework/Versions/A/IconFoundation
dyld[47801]: <55C4846B-FB15-31BB-81A1-FE1EE773650D> /System/Library/PrivateFrameworks/AssistantServices.framework/Versions/A/AssistantServices
dyld[47801]: <F4165CF9-0759-306E-8253-D5A316F8C87C> /System/Library/PrivateFrameworks/IconRendering.framework/Versions/A/IconRendering
dyld[47801]: <4866A12C-9F52-3ECE-A0C4-55F9E0FD065C> /System/Library/PrivateFrameworks/CoreUI.framework/Versions/A/CoreUI
dyld[47801]: <0B0C1F98-570E-38B6-A749-5A2239DCB0B7> /System/Library/Frameworks/CoreImage.framework/Versions/A/CoreImage
dyld[47801]: <262D0D2A-7A75-3343-AEB9-1294F6DC8118> /System/Library/PrivateFrameworks/SFSymbols.framework/Versions/A/SFSymbols
dyld[47801]: <CB99B5A9-3254-3174-A216-CCE7299B7E49> /System/Library/Frameworks/DeveloperToolsSupport.framework/Versions/A/DeveloperToolsSupport
dyld[47801]: <F7ECFEE8-BD23-380C-B96F-D1C588B8E735> /System/Library/PrivateFrameworks/RenderBox.framework/Versions/A/RenderBox
dyld[47801]: <3F803C87-C3A7-3DF6-B51B-8AADBFEC915C> /System/Library/PrivateFrameworks/CoreSVG.framework/Versions/A/CoreSVG
dyld[47801]: <2EA07A48-1ADC-3A77-9A3A-596142804F26> /System/Library/PrivateFrameworks/TextureIO.framework/Versions/A/TextureIO
dyld[47801]: <804A03E9-5942-312F-A1AA-8638FD385C1C> /usr/lib/swift/libswiftCoreImage.dylib
dyld[47801]: <BCE53558-0DC1-3670-8AD8-00315C2C7A8B> /System/Library/PrivateFrameworks/GraphVisualizer.framework/Versions/A/GraphVisualizer
dyld[47801]: <76B6A89A-771D-3946-8628-2DECF6188233> /System/Library/PrivateFrameworks/FontServices.framework/Versions/A/FontServices
dyld[47801]: <3CBB2906-8FEF-300A-8F84-1A61263AAB2C> /System/Library/PrivateFrameworks/OTSVG.framework/Versions/A/OTSVG
dyld[47801]: <2E43B513-D03C-3AE1-81C4-7B2ADBB6369E> /System/Library/Frameworks/ApplicationServices.framework/Versions/A/Frameworks/ATS.framework/Versions/A/Resources/libFontRegistry.dylib
dyld[47801]: <D0AD39A1-B981-345D-A8AE-F4DD33ACD224> /usr/lib/libhvf.dylib
dyld[47801]: <DC0A782B-37B2-3DB2-929B-C355C657DBA0> /System/Library/PrivateFrameworks/ParsingInternal.framework/Versions/A/ParsingInternal
dyld[47801]: <749892C3-5510-33F1-A268-8C2EBCAA0F35> /System/Library/PrivateFrameworks/FontServices.framework/libXTFontStaticRegistryData.dylib
dyld[47801]: <1C8768D1-ADC9-32F8-9B19-75F5B361342C> /System/Library/Frameworks/MetalPerformanceShaders.framework/Versions/A/Frameworks/MPSCore.framework/Versions/A/MPSCore
dyld[47801]: <C36504AE-AF4B-3BBB-B4C4-2AF4E3180B9C> /System/Library/Frameworks/MetalPerformanceShaders.framework/Versions/A/Frameworks/MPSImage.framework/Versions/A/MPSImage
dyld[47801]: <16ECC4C3-132A-3566-BA81-3A9857E6ECA3> /System/Library/Frameworks/MetalPerformanceShaders.framework/Versions/A/Frameworks/MPSNeuralNetwork.framework/Versions/A/MPSNeuralNetwork
dyld[47801]: <306ACCB4-2F1F-3292-87FD-0E65488119D9> /System/Library/Frameworks/MetalPerformanceShaders.framework/Versions/A/Frameworks/MPSMatrix.framework/Versions/A/MPSMatrix
dyld[47801]: <E53B1901-AED1-3258-9EBD-06F0A617F8CC> /System/Library/Frameworks/MetalPerformanceShaders.framework/Versions/A/Frameworks/MPSRayIntersector.framework/Versions/A/MPSRayIntersector
dyld[47801]: <EE7ACF8A-08BA-38FB-BAF9-A041B5C1647F> /System/Library/Frameworks/MetalPerformanceShaders.framework/Versions/A/Frameworks/MPSNDArray.framework/Versions/A/MPSNDArray
dyld[47801]: <BF31F15F-31CD-395D-AC73-4184B3B369BA> /System/Library/Frameworks/MetalPerformanceShaders.framework/Versions/A/Frameworks/MPSFunctions.framework/Versions/A/MPSFunctions
dyld[47801]: <64E0C8EB-73F2-3B9F-BA62-5011816127E5> /System/Library/Frameworks/MetalPerformanceShaders.framework/Versions/A/Frameworks/MPSBenchmarkLoop.framework/Versions/A/MPSBenchmarkLoop
dyld[47801]: <017CF55F-3554-395F-96CE-3162C11DF459> /System/Library/Frameworks/MetalPerformanceShaders.framework/Versions/A/Frameworks/MPSHost.framework/Versions/A/MPSHost
dyld[47801]: <828164D8-1D9C-3284-BEB6-94E4A14D789F> /System/Library/PrivateFrameworks/MetalTools.framework/Versions/A/MetalTools
dyld[47801]: <818ED21F-78B0-35A6-8759-A7ECABF2BFC8> /System/Library/PrivateFrameworks/IOAccelMemoryInfo.framework/Versions/A/IOAccelMemoryInfo
dyld[47801]: <983D9B3D-E395-3028-A6C5-53A3A18B6604> /System/Library/PrivateFrameworks/kperf.framework/Versions/A/kperf
dyld[47801]: <F8E5C533-6122-3B5D-B88A-A47C32109A9A> /System/Library/PrivateFrameworks/GPURawCounter.framework/Versions/A/GPURawCounter
dyld[47801]: <1DB46CCA-B13C-3959-BC00-924F576CB767> /System/Library/PrivateFrameworks/ASEProcessing.framework/Versions/A/ASEProcessing
dyld[47801]: <4102CB7D-49E9-345A-A779-3AE810B87268> /System/Library/PrivateFrameworks/Symbolication.framework/Versions/A/Symbolication
dyld[47801]: <1D4A69BF-58CF-3D49-A5FE-060A6882656F> /System/Library/PrivateFrameworks/PhotosensitivityProcessing.framework/Versions/A/PhotosensitivityProcessing
dyld[47801]: <AE03A46C-9FB6-374D-B37E-9718D375A651> /System/Library/PrivateFrameworks/SILManager.framework/Versions/A/SILManager
dyld[47801]: <330E7EFA-BC89-312E-BCB8-7B1DF5D9DE3A> /System/Library/PrivateFrameworks/CoreSymbolication.framework/Versions/A/CoreSymbolication
dyld[47801]: <8719F16D-7F55-3975-998C-06005D5DDC68> /System/Library/PrivateFrameworks/MallocStackLogging.framework/Versions/A/MallocStackLogging
dyld[47801]: <9B8E1A80-3FE3-39C1-A2FD-47BA6DFA959D> /System/Library/PrivateFrameworks/DebugSymbols.framework/Versions/A/DebugSymbols
dyld[47801]: <D89BF7AA-5A74-3F60-B20C-8250BD62F6B4> /System/Library/PrivateFrameworks/OSAnalytics.framework/Versions/A/OSAnalytics
dyld[47801]: <34A24CD5-073C-3E55-8D5F-83818DFCB057> /System/Library/PrivateFrameworks/DeviceRecovery.framework/Versions/A/DeviceRecovery
dyld[47801]: <5BD8491A-8C15-3964-9B0F-B1C9369DC3FC> /System/Library/PrivateFrameworks/Tightbeam.framework/Versions/A/Tightbeam
dyld[47801]: <B5EAFB22-7AE0-343B-95BB-7BB58955A702> /usr/lib/swift/libswiftCompression.dylib
dyld[47801]: <5F0A0B0B-7997-351F-99D8-0517689BBABD> /System/Library/PrivateFrameworks/AFKUser.framework/Versions/A/AFKUser
dyld[47801]: <CA3F2D29-2FCB-3DF4-ADA9-94072A8A6CBD> /System/Library/Frameworks/ApplicationServices.framework/Versions/A/Frameworks/ATSUI.framework/Versions/A/ATSUI
dyld[47801]: <85AB42E3-076F-3B68-ACCF-98625AA5E3D9> /System/Library/PrivateFrameworks/SAObjects.framework/Versions/A/SAObjects
dyld[47801]: <A329E39B-D87D-356B-AA05-3A30CC0DBEEF> /System/Library/Frameworks/AudioToolbox.framework/Versions/A/AudioToolbox
dyld[47801]: <459BA19D-9D3F-32BB-9BE4-176D95B85BCF> /System/Library/PrivateFrameworks/MediaRemote.framework/Versions/A/MediaRemote
dyld[47801]: <DCCDD83A-C276-3DD3-8F2E-6D3B899BB586> /System/Library/Frameworks/UserNotifications.framework/Versions/A/UserNotifications
dyld[47801]: <F12A1855-5F99-3D8A-AA13-23CA64268CD7> /System/Library/PrivateFrameworks/SiriInstrumentation.framework/Versions/A/SiriInstrumentation
dyld[47801]: <10891579-226D-3750-91A9-D98D111EA3BA> /System/Library/PrivateFrameworks/SiriAnalytics.framework/Versions/A/SiriAnalytics
dyld[47801]: <0C21B87C-6478-362B-AF45-D3A1D4A83FCF> /System/Library/PrivateFrameworks/SiriTTSService.framework/Versions/A/SiriTTSService
dyld[47801]: <5D8E0ADB-8A76-34C1-92D6-AF35C7EA73CF> /System/Library/PrivateFrameworks/SiriCrossDeviceArbitration.framework/Versions/A/SiriCrossDeviceArbitration
dyld[47801]: <784C4442-B822-3412-AF09-A1E753DDFFA3> /System/Library/PrivateFrameworks/FeedbackLogger.framework/Versions/A/FeedbackLogger
dyld[47801]: <760531A3-5E19-39C5-84B1-A445B2A50129> /System/Library/PrivateFrameworks/FaceTimeNameUtility.framework/Versions/A/FaceTimeNameUtility
dyld[47801]: <033D0C7B-216E-3D54-AD8C-B83BDE9B4F2D> /System/Library/PrivateFrameworks/AuthKit.framework/Versions/A/AuthKit
dyld[47801]: <D04C8621-DE39-35FD-9351-1627B71F02DC> /System/Library/PrivateFrameworks/SiriCrossDeviceArbitrationFeedback.framework/Versions/A/SiriCrossDeviceArbitrationFeedback
dyld[47801]: <E410F3F8-843C-3FCA-968C-3C864D829AF2> /usr/lib/swift/libswiftCoreLocation.dylib
dyld[47801]: <373189AA-6180-34D7-BA84-6BE401E4E1B9> /usr/lib/swift/libswiftAVFoundation.dylib
dyld[47801]: <3E7267BC-3D63-3785-8279-A8823C9C758F> /System/Library/PrivateFrameworks/UIKitServices.framework/Versions/A/UIKitServices
dyld[47801]: <83745C57-DE3B-394D-A83A-D71C79F3A8B9> /System/Library/PrivateFrameworks/UnifiedAssetFramework.framework/Versions/A/UnifiedAssetFramework
dyld[47801]: <5FEF75E9-F1DD-3FA9-A8B0-81277371B8FC> /System/Library/PrivateFrameworks/AudioSession.framework/Versions/A/AudioSession
dyld[47801]: <FA90EFCA-B936-357B-BF18-16A0FB34B9E9> /System/Library/PrivateFrameworks/MediaExperience.framework/Versions/A/MediaExperience
dyld[47801]: <BBC3CD71-264B-3C66-A2C0-5D4D266256EA> /System/Library/PrivateFrameworks/AudioSession.framework/libSessionUtility.dylib
dyld[47801]: <DD4B10E2-D4D6-3490-A745-33527E18CAAA> /System/Library/PrivateFrameworks/AudioAccessoryServices.framework/Versions/A/AudioAccessoryServices
dyld[47801]: <E3CE1636-EE20-35AF-B55A-F42B7B266EA4> /System/Library/Frameworks/CoreBluetooth.framework/Versions/A/CoreBluetooth
dyld[47801]: <51458515-C89E-317A-850D-182764F322EE> /System/Library/PrivateFrameworks/CoreUtils.framework/Versions/A/CoreUtils
dyld[47801]: <C9A86813-25EE-3439-8F66-A83F1A5015EC> /System/Library/PrivateFrameworks/HID.framework/Versions/A/HID
dyld[47801]: <F1FB23C7-7BB9-3B7C-87A2-7CA7F343ED61> /System/Library/PrivateFrameworks/Sharing.framework/Versions/A/Sharing
dyld[47801]: <D18AF20A-1BF0-383C-9E97-96CDCECE07A7> /System/Library/PrivateFrameworks/CoreUtilsExtras.framework/Versions/A/CoreUtilsExtras
dyld[47801]: <5A300AF2-96D7-3A85-ACA6-9084A7C40C6D> /System/Library/PrivateFrameworks/IO80211.framework/Versions/A/IO80211
dyld[47801]: <963A1CA0-DEBD-3341-81A2-DB5B34283C7B> /System/Library/PrivateFrameworks/IDSFoundation.framework/Versions/A/IDSFoundation
dyld[47801]: <8F99AE0B-A693-349F-8904-B70ECB1C86AA> /System/Library/PrivateFrameworks/Apple80211.framework/Versions/A/Apple80211
dyld[47801]: <9C05D8FD-3F10-3476-8A3C-501966EA13D2> /System/Library/Frameworks/CoreWLAN.framework/Versions/A/CoreWLAN
dyld[47801]: <604B1733-3682-3AF6-9F07-C85C999F3131> /System/Library/Frameworks/IOBluetooth.framework/Versions/A/IOBluetooth
dyld[47801]: <F11740D9-FE8D-38B3-99A9-666EE022F7A7> /usr/lib/swift/libswiftRegexBuilder.dylib
dyld[47801]: <1F2E4950-8060-35D0-B598-D2196F2728B3> /System/Library/PrivateFrameworks/IMFoundation.framework/Versions/A/IMFoundation
dyld[47801]: <462A888C-46C7-324A-8A18-4053C6CB2961> /System/Library/PrivateFrameworks/Marco.framework/Versions/A/Marco
dyld[47801]: <736A1792-0123-3722-822B-495B27044953> /System/Library/PrivateFrameworks/CommonUtilities.framework/Versions/A/CommonUtilities
dyld[47801]: <E78D4693-B886-3DE1-A029-497B47261DA3> /System/Library/PrivateFrameworks/Engram.framework/Versions/A/Engram
dyld[47801]: <1ACD9883-DEC9-3AF0-9E28-B11F4E1DC3F9> /System/Library/PrivateFrameworks/XPCDistributed.framework/Versions/A/XPCDistributed
dyld[47801]: <AFE528E7-451E-3EE9-8E02-7693A2C391B9> /usr/lib/libtidy.A.dylib
dyld[47801]: <C579F691-0120-3BEC-9993-E3CD5F7105A3> /System/Library/PrivateFrameworks/Bom.framework/Versions/A/Bom
dyld[47801]: <82153ECE-36A2-3514-87DE-3B8A53E96727> /usr/lib/libParallelCompression.dylib
dyld[47801]: <68CCF67B-1C66-30C0-9135-00BA5B75586F> /usr/lib/libIOReport.dylib
dyld[47801]: <0D7C76A0-047B-398E-B2A8-FD4705F72E5D> /System/Library/PrivateFrameworks/WiFiPeerToPeer.framework/Versions/A/WiFiPeerToPeer
dyld[47801]: <E5FF4EE4-5A8B-3CBA-BA37-3FE6C7012B0D> /System/Library/Frameworks/SecurityFoundation.framework/Versions/A/SecurityFoundation
dyld[47801]: <E2954A31-B31C-3C9B-A7F9-12CAEC0D1D4E> /System/Library/PrivateFrameworks/Centauri.framework/Versions/A/Centauri
dyld[47801]: <65CFA8A7-E7D2-383A-9C47-D2AF8A46AA22> /System/Library/PrivateFrameworks/Lexicon.framework/Versions/A/Lexicon
dyld[47801]: <188D929F-E81D-3922-BCB4-8D34B4E75EA7> /usr/lib/libmrc.dylib
dyld[47801]: <783A3989-84DE-3340-9292-052A10B7DAD7> /System/Library/PrivateFrameworks/IPConfiguration.framework/Versions/A/IPConfiguration
dyld[47801]: <ECFD5323-6A6A-3231-B90E-57E1332B0122> /System/Library/PrivateFrameworks/Netrb.framework/Versions/A/Netrb
dyld[47801]: <A34C688D-A13A-3625-934C-801A13990594> /System/Library/PrivateFrameworks/FrontBoardServices.framework/Versions/A/FrontBoardServices
dyld[47801]: <604E97FC-C938-306C-9DBB-36B10AFFBA39> /usr/lib/libgermantok.dylib
dyld[47801]: <B5E076A6-50D6-3B48-AACD-E1FC575BDCEE> /System/Library/PrivateFrameworks/LinguisticData.framework/Versions/A/LinguisticData
dyld[47801]: <7EDD9E23-5D91-344A-812B-CFD814180C55> /System/Library/PrivateFrameworks/MultiverseSupport.framework/Versions/A/MultiverseSupport
dyld[47801]: <1AFFCA76-E71A-385E-A3C8-968CDBE9E57D> /System/Library/PrivateFrameworks/DiskManagement.framework/Versions/A/DiskManagement
dyld[47801]: <4B693927-5B0A-364E-BC11-F560B1D707FE> /System/Library/PrivateFrameworks/AppleIDAuthSupport.framework/Versions/A/AppleIDAuthSupport
dyld[47801]: <0E5752E3-313E-3B50-9FB4-DB13FECB0BD7> /System/Library/PrivateFrameworks/AAAFoundation.framework/Versions/A/AAAFoundation
dyld[47801]: <B9966194-B1A6-3ED2-98C9-0D4B49D2617E> /System/Library/PrivateFrameworks/KeychainCircle.framework/Versions/A/KeychainCircle
dyld[47801]: <5ED2FD61-010A-3627-92E8-151E71B739D8> /System/Library/PrivateFrameworks/URLFormatting.framework/Versions/A/URLFormatting
dyld[47801]: <7EE79F42-1420-301B-A9FF-2A63A4023C91> /usr/lib/libcsfde.dylib
dyld[47801]: <AA8EDD1F-E406-3164-9FB9-BB0C61256AFF> /usr/lib/libCoreStorage.dylib
dyld[47801]: <80627B52-C5CE-3DC4-A12D-D15FE46A62BA> /System/Library/PrivateFrameworks/MediaKit.framework/Versions/A/MediaKit
dyld[47801]: <4C6BBB60-2884-3DC8-9FCB-472BCD087D84> /System/Library/Frameworks/DiscRecording.framework/Versions/A/DiscRecording
dyld[47801]: <96666EFB-8A3D-30BB-950A-9DDC1DB3F59D> /System/Library/PrivateFrameworks/ProtectedCloudStorage.framework/Versions/A/ProtectedCloudStorage
dyld[47801]: <1E0D7C92-7F70-34BE-9D61-9F7F4781EBE4> /System/Library/PrivateFrameworks/EFILogin.framework/Versions/A/EFILogin
dyld[47801]: <E1A205BF-B3FB-31BF-8685-6D46BA78891E> /usr/lib/libheimdal-asn1.dylib
dyld[47801]: <E2BDB12D-C844-3770-9411-0E35049ECB5E> /System/Library/PrivateFrameworks/OctagonTrust.framework/Versions/A/OctagonTrust
dyld[47801]: <2DF001A3-1D2B-3847-A2FC-79104BDC0783> /System/Library/Frameworks/AudioUnit.framework/Versions/A/AudioUnit
dyld[47801]: <EE42062E-8EDF-332C-98C1-03464732CA4A> /System/Library/Frameworks/OpenDirectory.framework/Versions/A/OpenDirectory
dyld[47801]: <90CA166B-D72F-3584-BF0B-8797CFFA959E> /System/Library/Frameworks/OpenDirectory.framework/Versions/A/Frameworks/CFOpenDirectory.framework/Versions/A/CFOpenDirectory
dyld[47801]: <40753222-0047-3DE4-954C-5879C584A975> /System/Library/PrivateFrameworks/GeoServices.framework/Versions/A/GeoServices
dyld[47801]: <FDD11407-B7F3-331B-B53D-32081A2D1AED> /System/Library/PrivateFrameworks/LocationSupport.framework/Versions/A/LocationSupport
dyld[47801]: <23D11648-1076-3BD7-BFD5-CA4A6B9AE066> /System/Library/PrivateFrameworks/GeoServicesCore.framework/Versions/A/GeoServicesCore
dyld[47801]: <524F80A2-1ACD-3FA7-9D74-1F47697294EB> /System/Library/PrivateFrameworks/PhoneNumbers.framework/Versions/A/PhoneNumbers
dyld[47801]: <2A2AE353-0BCE-3AF5-8C2B-1B5F1F0656E7> /System/Library/PrivateFrameworks/LocationLogEncryption.framework/Versions/A/LocationLogEncryption
dyld[47801]: <CF6E08AD-C2EC-3A40-8537-0D2BDA291D31> /System/Library/Frameworks/AVFAudio.framework/Versions/A/AVFAudio
dyld[47801]: <7924633C-6200-3B69-884D-A6E5527CA4B5> /System/Library/Frameworks/AVRouting.framework/Versions/A/AVRouting
dyld[47801]: <2FFD2C50-D8C7-3D4F-AB17-10C8DDD4ECC0> /usr/lib/libAccessibility.dylib
dyld[47801]: <E47B5590-4F10-352D-806F-E1FAACE16809> /System/Library/PrivateFrameworks/MediaServices.framework/Versions/A/MediaServices
dyld[47801]: <1F5A6198-4F24-3980-A96A-DA16430B882B> /System/Library/PrivateFrameworks/IDS.framework/Versions/A/IDS
dyld[47801]: <4228A6FB-1852-34DA-A9A6-9B22346DC839> /System/Library/PrivateFrameworks/IsolatedCoreAudioClient.framework/Versions/A/IsolatedCoreAudioClient
dyld[47801]: <9B662466-E585-34C6-9A2F-38F865966314> /System/Library/PrivateFrameworks/CoreAudioOrchestration.framework/Versions/A/CoreAudioOrchestration
dyld[47801]: <BE8AD136-C9D0-3589-A37D-4A93E7646FC5> /System/Library/Frameworks/MediaToolbox.framework/Versions/A/MediaToolbox
dyld[47801]: <C024D081-EF4D-347B-B00F-08CE310BC6E6> /System/Library/PrivateFrameworks/CoreAVCHD.framework/Versions/A/CoreAVCHD
dyld[47801]: <544DDE9D-EF38-3D98-B16A-00361208DABA> /System/Library/Frameworks/MediaAccessibility.framework/Versions/A/MediaAccessibility
dyld[47801]: <1845678B-2A2E-3D8F-B05E-3D5054E40973> /System/Library/PrivateFrameworks/Mangrove.framework/Versions/A/Mangrove
dyld[47801]: <83720246-3181-37EB-AE16-01967CC80DAF> /System/Library/PrivateFrameworks/CMPhoto.framework/Versions/A/CMPhoto
dyld[47801]: <C6CCE499-C57B-3499-8BBF-B1F036A037F3> /System/Library/Frameworks/CoreTelephony.framework/Versions/A/CoreTelephony
dyld[47801]: <7C1C3A7F-6247-33D2-B4B8-375AA417817E> /System/Library/PrivateFrameworks/CoreAUC.framework/Versions/A/CoreAUC
dyld[47801]: <BF6FC404-E3BB-3740-896C-B7BF4193B547> /System/Library/PrivateFrameworks/AppleJPEGXL.framework/Versions/A/AppleJPEGXL
dyld[47801]: <3AD5EDAE-8A75-3E29-AA40-63912718CEC9> /usr/lib/libTelephonyUtilDynamic.dylib
dyld[47801]: <8A415D0E-18E7-3C99-B89D-14805F500FB0> /System/Library/Frameworks/CryptoKit.framework/Versions/A/CryptoKit
dyld[47801]: <73EA0865-BCC3-3084-A011-93CD0A55C4EF> /System/Library/PrivateFrameworks/CryptoKitCBridging.framework/Versions/A/CryptoKitCBridging
dyld[47801]: <B214381B-F0CF-3F0E-B2B5-187CBF29616F> /System/Library/Frameworks/CryptoTokenKit.framework/Versions/A/CryptoTokenKit
dyld[47801]: <A68DE487-B65B-390A-A82B-6B62956B353F> /System/Library/Frameworks/LocalAuthentication.framework/Versions/A/LocalAuthentication
dyld[47801]: <53C1AF34-43D2-3DAA-9062-D295F72BFDF3> /System/Library/PrivateFrameworks/LocalAuthenticationCore.framework/Versions/A/LocalAuthenticationCore
dyld[47801]: <251AA620-1546-3DF5-8EFF-B9F9463112D0> /System/Library/PrivateFrameworks/LocalAuthenticationCredentialServices.framework/Versions/A/LocalAuthenticationCredentialServices
dyld[47801]: <957A2E58-89EE-36DE-9213-2E23DB420C7F> /System/Library/Frameworks/LocalAuthentication.framework/Support/SharedUtils.framework/Versions/A/SharedUtils
dyld[47801]: <8A83CAEF-70FC-39B2-A1C9-F312BD81B8D5> /System/Library/PrivateFrameworks/PersistentConnection.framework/Versions/A/PersistentConnection
dyld[47801]: <DA5DF9EF-9649-3931-B1CF-606D0B1A2BE5> /System/Library/PrivateFrameworks/SonicFoundation.framework/Versions/A/SonicFoundation
dyld[47801]: <9F9CDD5B-1D43-3CF4-8B88-4938A6637AF5> /System/Library/PrivateFrameworks/AsyncAlgorithmsInternal.framework/Versions/A/AsyncAlgorithmsInternal
dyld[47801]: <95BAC2EC-84F7-3448-A4C3-AA2F920867C6> /System/Library/PrivateFrameworks/FTAWD.framework/Versions/A/FTAWD
dyld[47801]: <EDAA9D64-779E-34FE-83D2-DF4EF35BAA59> /System/Library/PrivateFrameworks/Dendrite.framework/Versions/A/Dendrite
dyld[47801]: <924805FA-0938-34FA-B76A-4051A087CD65> /usr/lib/libtailspin.dylib
dyld[47801]: <4FB12471-97FF-306E-B552-B481203A8E1B> /System/Library/PrivateFrameworks/Osprey.framework/Versions/A/Osprey
dyld[47801]: <7EE764AE-8E9B-35DB-8839-EE01750F25AB> /System/Library/PrivateFrameworks/SiriTTS.framework/Versions/A/SiriTTS
dyld[47801]: <A896B215-2D9E-37D6-8803-9316AEBF6AF5> /System/Library/Frameworks/NaturalLanguage.framework/Versions/A/NaturalLanguage
dyld[47801]: <478FDFD4-2C36-32BB-9087-F466F0242B69> /System/Library/PrivateFrameworks/GenerativeModels.framework/Versions/A/GenerativeModels
dyld[47801]: <6B95CE76-E69D-3598-AADC-E738C94A43BD> /System/Library/PrivateFrameworks/SiriPowerInstrumentation.framework/Versions/A/SiriPowerInstrumentation
dyld[47801]: <7BC8461C-23ED-39CA-868E-17A68FAFC5AE> /usr/lib/swift/libswiftNaturalLanguage.dylib
dyld[47801]: <247E2F35-65F7-3834-AF0C-532F577FDF23> /System/Library/PrivateFrameworks/TailspinSymbolication.framework/Versions/A/TailspinSymbolication
dyld[47801]: <F0BAA541-E9E2-307A-89AE-42558D70DF45> /System/Library/PrivateFrameworks/Darwinup.framework/Versions/A/Darwinup
dyld[47801]: <ED143A95-22A5-38A0-AFC5-DA00945392EC> /System/Library/PrivateFrameworks/SignpostSupport.framework/Versions/A/SignpostSupport
dyld[47801]: <3DB3AF5E-12BD-3E05-92D8-6DDC488D5633> /System/Library/PrivateFrameworks/FeatureFlagsSupport.framework/Versions/A/FeatureFlagsSupport
dyld[47801]: <86614A25-EE71-3F84-9F47-99671A11803D> /System/Library/PrivateFrameworks/ktrace.framework/Versions/A/ktrace
dyld[47801]: <3C627164-84D9-35A4-AC4D-52A99B7652F0> /System/Library/PrivateFrameworks/SampleAnalysis.framework/Versions/A/SampleAnalysis
dyld[47801]: <4517DDDB-265A-3561-82F9-41E06C6A17A8> /System/Library/PrivateFrameworks/kperfdata.framework/Versions/A/kperfdata
dyld[47801]: <3F0E2B57-6317-3262-BA3D-8A069524F8A5> /usr/lib/libdscsym.dylib
dyld[47801]: <8DCD3201-0098-3106-8870-62A8504F26CE> /System/Library/PrivateFrameworks/AppleMobileFileIntegrity.framework/Versions/A/AppleMobileFileIntegrity
dyld[47801]: <FC95DB95-FCA7-3F42-B435-20575B99CF3A> /System/Library/PrivateFrameworks/BulkSymbolication.framework/Versions/A/BulkSymbolication
dyld[47801]: <142382DC-3D11-3191-84F4-6F39BD1C622C> /usr/lib/libTLE.dylib
dyld[47801]: <0E970B22-63D9-3794-9766-24A3FD8BD273> /usr/lib/libmis.dylib
dyld[47801]: <5FD96939-8D4B-3228-A1F8-100EF174A0D4> /System/Library/PrivateFrameworks/ConfigProfileHelper.framework/Versions/A/ConfigProfileHelper
dyld[47801]: <51BD41DD-616A-382D-B1B2-C11BE8C9953A> /System/Library/PrivateFrameworks/Espresso.framework/Versions/A/Espresso
dyld[47801]: <EDA0F204-8438-3398-91ED-C0E4212C8734> /System/Library/Frameworks/CoreML.framework/Versions/A/CoreML
dyld[47801]: <308A1DB0-C29C-33AF-9AE2-1F8E4E607152> /usr/lib/libedit.3.dylib
dyld[47801]: <BABCC719-40D5-3EAB-B20F-F0F1EB329A3E> /System/Library/PrivateFrameworks/ANECompiler.framework/Versions/A/ANECompiler
dyld[47801]: <1969F88C-4A7F-3B4B-BC08-D3EE33F4D27D> /System/Library/PrivateFrameworks/AppleNeuralEngine.framework/Versions/A/AppleNeuralEngine
dyld[47801]: <E72BAD3A-0E33-3FC5-8356-3B3176382CB1> /System/Library/PrivateFrameworks/MIL.framework/Versions/A/MIL
dyld[47801]: <BBB4C092-A3B1-354B-8C32-147F6EB0256D> /System/Library/Frameworks/MetalPerformanceShadersGraph.framework/Versions/A/MetalPerformanceShadersGraph
dyld[47801]: <54D280F0-3335-3487-AA0D-6A09FFEAEDF7> /System/Library/PrivateFrameworks/MLCompilerServices.framework/Versions/A/MLCompilerServices
dyld[47801]: <A80CE19E-EA8D-363D-A8F4-409455BECE9B> /System/Library/PrivateFrameworks/ANEServices.framework/Versions/A/ANEServices
dyld[47801]: <22F988EF-E518-3F7A-BC3D-E44B9D09627D> /usr/lib/libncurses.5.4.dylib
dyld[47801]: <0A381CB4-37D0-3B5C-ADE0-2C5B4F47D169> /usr/lib/libsandbox.1.dylib
dyld[47801]: <042A6E19-8B2A-3342-B4C1-AD44661B7E26> /usr/lib/libMatch.1.dylib
dyld[47801]: <AB03B991-E6D9-3BAF-AA7D-DBFC815699F3> /System/Library/PrivateFrameworks/ODIE.framework/Versions/A/ODIE
dyld[47801]: <5592BC99-D6A7-303C-8C4C-B839FA6B7508> /System/Library/PrivateFrameworks/MLModelAsset.framework/Versions/A/MLModelAsset
dyld[47801]: <59B92160-FE47-3CEA-B03A-0099F3901A34> /System/Library/PrivateFrameworks/MLCompilerRuntime.framework/Versions/A/MLCompilerRuntime
dyld[47801]: <D62682EC-5F79-397C-855C-569554A4AEF8> /System/Library/Frameworks/MLCompute.framework/Versions/A/MLCompute
dyld[47801]: <873E56C6-57E8-3AD2-A630-B88B0A9669E8> /System/Library/PrivateFrameworks/MLAssetIO.framework/Versions/A/MLAssetIO
dyld[47801]: <847E52FC-37C0-30DA-88CD-4561DD03C06F> /usr/lib/swift/libswiftMLCompute.dylib
dyld[47801]: <DC46545D-E02B-3F2D-BEEC-E1BF5735174F> /System/Library/PrivateFrameworks/AVFCore.framework/Versions/A/AVFCore
dyld[47801]: <3611A176-00BB-35D9-8C0A-9A9A68A8EE9D> /System/Library/PrivateFrameworks/AVFCapture.framework/Versions/A/AVFCapture
dyld[47801]: <2DEE9322-922F-3B85-82C1-5E3249E3E652> /System/Library/PrivateFrameworks/CMImaging.framework/Versions/A/CMImaging
dyld[47801]: <072F9166-25F8-3FBF-9002-23E98E8B7C05> /System/Library/PrivateFrameworks/Quagga.framework/Versions/A/Quagga
dyld[47801]: <FA34827D-C8E0-3BDF-9A4E-FBBF430AD095> /System/Library/PrivateFrameworks/CMCapture.framework/Versions/A/CMCapture
dyld[47801]: <DD237508-D432-30A0-A553-C4AF2D9F40B6> /System/Library/Frameworks/CoreMediaIO.framework/Versions/A/CoreMediaIO
dyld[47801]: <D6788223-2453-39F7-9F00-90EE866A3CDA> /System/Library/PrivateFrameworks/CMCaptureDevice.framework/Versions/A/CMCaptureDevice
dyld[47801]: <68A522A3-ACE1-3597-B6D7-E058D36536FB> /System/Library/PrivateFrameworks/CoreBrightness.framework/Versions/A/CoreBrightness
dyld[47801]: <02711E78-960E-329A-B5C0-5E38615F2698> /System/Library/PrivateFrameworks/CinematicFraming.framework/Versions/A/CinematicFraming
dyld[47801]: <735CE046-E62E-3FA5-B38D-1FD82AA32BA8> /System/Library/PrivateFrameworks/ModelManagerServices.framework/Versions/A/ModelManagerServices
dyld[47801]: <F0165C3A-8601-3789-A114-836489784A93> /System/Library/PrivateFrameworks/CPMS.framework/Versions/A/CPMS
dyld[47801]: <8B0AAC46-6F12-36F0-9A1C-90D56F41BA09> /System/Library/PrivateFrameworks/SystemStatus.framework/Versions/A/SystemStatus
dyld[47801]: <FCEB6F4E-E222-3F9B-8226-8E80A789B21B> /System/Library/Frameworks/CoreMotion.framework/Versions/A/CoreMotion
dyld[47801]: <54DEA4E5-FD31-3AE3-8FEE-3CD99ACFC45B> /System/Library/PrivateFrameworks/TimeSync.framework/Versions/A/TimeSync
dyld[47801]: <2602D902-9B35-32D2-8F22-8BF2B330B298> /System/Library/PrivateFrameworks/DistributedSensing.framework/Versions/A/DistributedSensing
dyld[47801]: <0EEAE872-ADDF-3FE0-9601-C56C453597BB> /System/Library/PrivateFrameworks/MobileBluetooth.framework/Versions/A/MobileBluetooth
dyld[47801]: <FF001948-E029-3473-B7B8-22A4ECFD6560> /System/Library/PrivateFrameworks/IOKitten.framework/Versions/A/IOKitten
dyld[47801]: <45E1CEA1-A60E-30F3-A90F-B7BFB5C5CC17> /System/Library/PrivateFrameworks/AppleIntelligenceReporting.framework/Versions/A/AppleIntelligenceReporting
dyld[47801]: <4BC01F57-2373-3DC9-8B71-308A282D7030> /System/Library/PrivateFrameworks/CoreEmoji.framework/Versions/A/CoreEmoji
dyld[47801]: <8AF3BAA3-66FA-3CEF-A44B-FD79CAC8263F> /usr/lib/libCRFSuite.dylib
dyld[47801]: <4CD4216A-7270-300F-A31D-70FFACD92E12> /System/Library/PrivateFrameworks/LanguageModeling.framework/Versions/A/LanguageModeling
dyld[47801]: <E89ACADA-C30F-3E26-9775-E8BAC21A83AA> /System/Library/PrivateFrameworks/CoreNLP.framework/Versions/A/CoreNLP
dyld[47801]: <3C34BB08-BC5C-397C-A9B5-18A342838CA1> /System/Library/PrivateFrameworks/Montreal.framework/Versions/A/Montreal
dyld[47801]: <2DED54B9-9B5C-3FB3-859E-AAC46074CC8B> /usr/lib/libcmph.dylib
dyld[47801]: <5B76CDD8-6E1F-35F6-AF5E-CE4CDA81957E> /usr/lib/libmecab.dylib
dyld[47801]: <56091C21-AEA9-36A2-A3E3-D50AEC8FFE32> /usr/lib/libThaiTokenizer.dylib
dyld[47801]: <74E54F2B-B7A6-35D9-8101-F30C7F0C1979> /System/Library/PrivateFrameworks/GenerativeModelsFoundation.framework/Versions/A/GenerativeModelsFoundation
dyld[47801]: <63409EB4-B247-3B62-835C-80DD1FCB91A2> /System/Library/PrivateFrameworks/TokenGeneration.framework/Versions/A/TokenGeneration
dyld[47801]: <54D335C7-5679-3ED5-A0E1-C3B9DBF16A9C> /System/Library/PrivateFrameworks/GenerativeFunctions.framework/Versions/A/GenerativeFunctions
dyld[47801]: <AB49FED6-D7FD-3A6B-B4CF-F73AC4165CE0> /System/Library/PrivateFrameworks/GenerativeFunctionsFoundation.framework/Versions/A/GenerativeFunctionsFoundation
dyld[47801]: <790009CA-CA2D-3245-B7B1-71C370D33BDB> /System/Library/PrivateFrameworks/ModelCatalog.framework/Versions/A/ModelCatalog
dyld[47801]: <24F7CF25-24F4-395E-B89D-5C17AE8CE281> /System/Library/PrivateFrameworks/SensitiveContentAnalysisML.framework/Versions/A/SensitiveContentAnalysisML
dyld[47801]: <A2E625ED-90FF-3BCA-BD28-16F062B82C02> /System/Library/PrivateFrameworks/GenerativeFunctionsInstrumentation.framework/Versions/A/GenerativeFunctionsInstrumentation
dyld[47801]: <4851991B-9681-37D8-8A62-005249AD29C7> /System/Library/PrivateFrameworks/PromptKit.framework/Versions/A/PromptKit
dyld[47801]: <A4C38BBC-95E3-38DD-B873-243C53B83A4F> /System/Library/PrivateFrameworks/ProactiveDaemonSupport.framework/Versions/A/ProactiveDaemonSupport
dyld[47801]: <832BF595-350A-3753-8721-D894475016CB> /System/Library/PrivateFrameworks/TokenGenerationCore.framework/Versions/A/TokenGenerationCore
dyld[47801]: <E65C3A22-B998-3185-9DE5-3169814179BF> /System/Library/PrivateFrameworks/Trial.framework/Versions/A/Trial
dyld[47801]: <F66F08E4-F915-3CAE-AF88-70F76AD35303> /System/Library/PrivateFrameworks/TrialProto.framework/Versions/A/TrialProto
dyld[47801]: <4BE321D2-8DF6-3D5E-A531-4E2F77BEE441> /System/Library/PrivateFrameworks/AppleFlatBuffers.framework/Versions/A/AppleFlatBuffers
dyld[47801]: <92A1FE17-1D6F-347B-B1C3-D2C03B6C0DCE> /System/Library/PrivateFrameworks/SentencePieceInternal.framework/Versions/A/SentencePieceInternal
dyld[47801]: <4FFA7ECB-BCA8-3B4D-86F9-9F2C9E084944> /System/Library/Frameworks/Vision.framework/Versions/A/Vision
dyld[47801]: <0A6304CC-6DC4-3079-9FAB-8B9F001C8545> /System/Library/PrivateFrameworks/CoreSceneUnderstanding.framework/Versions/A/CoreSceneUnderstanding
dyld[47801]: <5E086014-D330-3672-9776-E23E8325DD67> /System/Library/PrivateFrameworks/VisionCore.framework/Versions/A/VisionCore
dyld[47801]: <A20BF0E3-F8A9-36AA-B28B-2EF282FC9BF5> /System/Library/PrivateFrameworks/DataDetectorsCore.framework/Versions/A/DataDetectorsCore
dyld[47801]: <23068BF1-0F33-3129-9965-57B1621737DE> /System/Library/Frameworks/Vision.framework/libfaceCore.dylib
dyld[47801]: <5F8738D4-6C03-3DEA-953D-9E31C389E7E1> /System/Library/PrivateFrameworks/Futhark.framework/Versions/A/Futhark
dyld[47801]: <2849D0C3-42A0-3D94-A2B7-F686BD7F760D> /System/Library/PrivateFrameworks/InertiaCam.framework/Versions/A/InertiaCam
dyld[47801]: <393E9D23-8D8D-373B-A8D8-6CF2652D2DAF> /System/Library/PrivateFrameworks/TextRecognition.framework/Versions/A/TextRecognition
dyld[47801]: <0872179E-DB9E-39FF-B22A-05EA62FC0F88> /System/Library/Frameworks/DataDetection.framework/Versions/A/DataDetection
dyld[47801]: <5D3DDFC0-3341-3DAC-A80C-0DFBD0421669> /System/Library/PrivateFrameworks/TextInput.framework/Versions/A/TextInput
dyld[47801]: <A37EF3CE-63A5-3AB5-B3E2-E089F818FF35> /System/Library/PrivateFrameworks/CVNLP.framework/Versions/A/CVNLP
dyld[47801]: <256C79BC-8BEB-390C-95D4-BFEFB95E66A1> /System/Library/PrivateFrameworks/IntentsFoundation.framework/Versions/A/IntentsFoundation
dyld[47801]: <E12CB54A-E895-3D38-8D62-01C5DF8430AB> /System/Library/PrivateFrameworks/HIDDisplay.framework/Versions/A/HIDDisplay
dyld[47801]: <A9F79F7C-A5F8-3164-BEEC-60B19D90DCF2> /usr/lib/libcups.2.dylib
dyld[47801]: <74F49C08-DE60-3E55-A037-F0A34E81BF04> /System/Library/Frameworks/Kerberos.framework/Versions/A/Kerberos
dyld[47801]: <F71E234F-8D15-388D-8819-709BB2AE1ACC> /usr/lib/libresolv.9.dylib
dyld[47801]: <139B1DBE-2FDA-3AE7-9BDE-12D5BA3C8D22> /System/Library/PrivateFrameworks/Heimdal.framework/Versions/A/Heimdal
dyld[47801]: <9BBF5DE9-CCD9-3CF3-8C05-45FB5CCEFEC3> /System/Library/Frameworks/Kerberos.framework/Versions/A/Libraries/libHeimdalProxy.dylib
dyld[47801]: <FFE98159-EDC3-3520-ADAC-F9001408ADD5> /System/Library/PrivateFrameworks/CommonAuth.framework/Versions/A/CommonAuth
dyld[47801]: <17C4F6B8-0A9A-3BF8-8D40-35ABCF9F0D89> /System/Library/PrivateFrameworks/AXCoreUtilities.framework/Versions/A/AXCoreUtilities
dyld[47801]: <8EB0DEAA-CD94-3710-AF80-DBF6947A8250> /System/Library/PrivateFrameworks/AttributeGraph.framework/Versions/A/AttributeGraph
dyld[47801]: <D4766E61-EB81-3FA1-9C48-31BC986B0607> /usr/lib/libAXSafeCategoryBundle.dylib
dyld[47801]: <6E4CAEF6-667C-3A56-9BE2-892F689894E4> /System/Library/Frameworks/TabularData.framework/Versions/A/TabularData
dyld[47801]: <00E79E4B-C0FD-3DF8-A8C3-9C812A9DB049> /System/Library/PrivateFrameworks/ArgumentParserInternal.framework/Versions/A/ArgumentParserInternal
dyld[47801]: <CB222F12-FB2E-3310-88A1-A5AE7EFF8CAE> /System/Library/Frameworks/Accelerate.framework/Versions/A/Frameworks/vecLib.framework/Versions/A/libvDSP.dylib
dyld[47801]: <C2F81286-0ED4-319D-A96D-10591BD15F4E> /System/Library/Frameworks/Accelerate.framework/Versions/A/Frameworks/vecLib.framework/Versions/A/libLAPACK.dylib
dyld[47801]: <424CA6AD-D7AA-3297-B069-745682F71E84> /System/Library/Frameworks/Accelerate.framework/Versions/A/Frameworks/vecLib.framework/Versions/A/libLinearAlgebra.dylib
dyld[47801]: <BDF370A4-972F-34A4-AED7-89885C35D933> /System/Library/Frameworks/Accelerate.framework/Versions/A/Frameworks/vecLib.framework/Versions/A/libSparseBLAS.dylib
dyld[47801]: <F2B12F6B-6C47-3B39-BE8F-68EB37545F72> /System/Library/Frameworks/Accelerate.framework/Versions/A/Frameworks/vecLib.framework/Versions/A/libQuadrature.dylib
dyld[47801]: <811E61C5-2282-3FA8-939D-D1B9C75ECC62> /System/Library/Frameworks/Accelerate.framework/Versions/A/Frameworks/vecLib.framework/Versions/A/libBNNS.dylib
dyld[47801]: <C7FD2C22-55FC-3D31-8AF3-BF842A039AF9> /System/Library/Frameworks/Accelerate.framework/Versions/A/Frameworks/vecLib.framework/Versions/A/libSparse.dylib
dyld[47801]: <7A483FDA-AB8C-3E7C-92E6-07347F67B678> /System/Library/PrivateFrameworks/ApplePushService.framework/Versions/A/ApplePushService
dyld[47801]: <C5A18DFA-6B18-3455-830A-E372A495FB1D> /System/Library/Frameworks/CloudKit.framework/Versions/A/CloudKit
dyld[47801]: <0A7A4F54-298F-384E-86C0-0E9A5C69E9E5> /System/Library/PrivateFrameworks/CoreDuetDaemonProtocol.framework/Versions/A/CoreDuetDaemonProtocol
dyld[47801]: <17D0003A-F405-3CCF-832D-BCADB65BC83F> /System/Library/PrivateFrameworks/DeviceIdentity.framework/Versions/A/DeviceIdentity
dyld[47801]: <E26F180A-1868-3E33-9277-1C73F917DE55> /System/Library/Frameworks/SharedWithYouCore.framework/Versions/A/SharedWithYouCore
dyld[47801]: <7B5C93A3-1AF7-3273-9182-60B965FBB279> /System/Library/PrivateFrameworks/CloudTelemetry.framework/Versions/A/CloudTelemetry
dyld[47801]: <CD1BB171-94DA-350C-8276-04EA8B71C6E7> /System/Library/PrivateFrameworks/AppleAccount.framework/Versions/A/AppleAccount
dyld[47801]: <6D910C58-E7C6-34AB-907F-89C2EA3E8B5C> /System/Library/PrivateFrameworks/C2.framework/Versions/A/C2
dyld[47801]: <1BE4EC57-9B8A-34C4-BFC9-BC9A229BBB08> /System/Library/PrivateFrameworks/CloudCoreInternal.framework/Versions/A/CloudCoreInternal
dyld[47801]: <EDB20CBF-D173-3BD4-A483-3C509C15D24D> /System/Library/PrivateFrameworks/CloudAsset.framework/Versions/A/CloudAsset
dyld[47801]: <696E88E7-5CF6-3095-80C0-57B9A913887A> /System/Library/Frameworks/PushKit.framework/Versions/A/PushKit
dyld[47801]: <100BE8FB-6C47-33E3-9FC4-A45A5106721A> /System/Library/Frameworks/CoreTransferable.framework/Versions/A/CoreTransferable
dyld[47801]: <08675344-FA9F-3CC2-8ED8-C572C841B504> /System/Library/PrivateFrameworks/NetAuth.framework/Versions/A/NetAuth
dyld[47801]: <8E702F90-53C5-3A91-A0F8-94409A59BAF3> /System/Library/PrivateFrameworks/login.framework/Versions/A/Frameworks/loginsupport.framework/Versions/A/loginsupport
dyld[47801]: <78C04A6C-63CF-339A-90C8-F25BA9C4C1CE> /System/Library/PrivateFrameworks/CloudTelemetryTools.framework/Versions/A/CloudTelemetryTools
dyld[47801]: <A23C0860-6454-3F01-A064-C8982EBBFF48> /System/Library/PrivateFrameworks/CloudTelemetryShared.dylib
dyld[47801]: <907F9C53-06D9-3604-A13D-183642237619> /System/Library/PrivateFrameworks/RTCReporting.framework/Versions/A/RTCReporting
dyld[47801]: <90B0724C-CBDF-35B7-91AA-38F8E07E543D> /System/Library/PrivateFrameworks/AAAFoundationSwift.framework/Versions/A/AAAFoundationSwift
dyld[47801]: <95A65CAD-54BC-3CDD-B27A-90572D2A848F> /System/Library/PrivateFrameworks/AppleIDSSOAuthentication.framework/Versions/A/AppleIDSSOAuthentication
dyld[47801]: <B2BA9719-73C5-3061-9915-25FC68C198D6> /System/Library/PrivateFrameworks/UIFoundation.framework/Versions/A/UIFoundation
dyld[47801]: <6784252E-9BE1-332F-8D0C-CF7FB6C9FB56> /System/Library/PrivateFrameworks/CaptiveNetwork.framework/Versions/A/CaptiveNetwork
dyld[47801]: <2DFBEDC5-0C41-3FF8-B1AB-334EE3621FC9> /System/Library/PrivateFrameworks/EAP8021X.framework/Versions/A/EAP8021X
dyld[47801]: <D828B798-9303-3C0A-9F83-5B24A36E1670> /System/Library/PrivateFrameworks/CryptoKitPrivate.framework/Versions/A/CryptoKitPrivate
dyld[47801]: <7B08EA3F-6BA2-39B2-979D-D36A03961343> /System/Library/PrivateFrameworks/FindMyDevice.framework/Versions/A/FindMyDevice
dyld[47801]: <57FD92AE-E8D7-3D48-AF71-F74CD3D2AD56> /System/Library/PrivateFrameworks/FMCoreLite.framework/Versions/A/FMCoreLite
dyld[47801]: <0B4562F4-D2B8-362C-AC29-8E9B106F937C> /System/Library/Frameworks/ServiceManagement.framework/Versions/A/ServiceManagement
dyld[47801]: <4428FA9C-988B-3235-98EB-1FC596D283D1> /usr/lib/libCheckFix.dylib
dyld[47801]: <7CA1C787-8112-3F53-9419-1EA66ECF08B3> /System/Library/PrivateFrameworks/MetadataUtilities.framework/Versions/A/MetadataUtilities
dyld[47801]: <B820DEFE-59D8-3A6A-BB23-56E594F57F9C> /System/Library/PrivateFrameworks/InstalledContentLibrary.framework/Versions/A/InstalledContentLibrary
dyld[47801]: <9B52CDCA-8EFD-3512-A265-C5D8CE2B8998> /System/Library/PrivateFrameworks/CoreServicesStore.framework/Versions/A/CoreServicesStore
dyld[47801]: <3BD7BCA8-66D2-34D7-BA3F-A3B3197E1F44> /usr/lib/libapp_launch_measurement.dylib
dyld[47801]: <7783C2DD-5853-312A-8EF1-B5DDC441531D> /System/Library/PrivateFrameworks/MobileSystemServices.framework/Versions/A/MobileSystemServices
dyld[47801]: <C428B34A-AB0B-34ED-9C94-8DC908D4A12B> /usr/lib/libxslt.1.dylib
dyld[47801]: <F1725141-8B9B-363A-838E-17B20313568E> /System/Library/PrivateFrameworks/BackgroundTaskManagement.framework/Versions/A/BackgroundTaskManagement
dyld[47801]: <957F947F-00ED-3468-B07B-20900D64DB71> /usr/lib/libcurl.4.dylib
dyld[47801]: <FE236487-745A-39C9-A6A5-D937AD7BDC2E> /usr/lib/libcrypto.46.dylib
dyld[47801]: <6E6A6A29-3741-365F-A90D-785C2C86D71A> /usr/lib/libssl.48.dylib
dyld[47801]: <9AC45415-37D3-369E-846C-6C2F072899F9> /System/Library/Frameworks/LDAP.framework/Versions/A/LDAP
dyld[47801]: <48980122-ECA5-383C-A043-6F2BE6BAA017> /System/Library/PrivateFrameworks/TrustEvaluationAgent.framework/Versions/A/TrustEvaluationAgent
dyld[47801]: <65BCF638-CADE-3CB2-97FB-D33E91D93C8D> /usr/lib/libsasl2.2.dylib
dyld[47801]: move loaded to delayed: XPCSupport
dyld[47801]: move loaded to delayed: CoreFoundation
dyld[47801]: move loaded to delayed: libswiftCore.dylib
dyld[47801]: move loaded to delayed: Foundation
dyld[47801]: move loaded to delayed: libswiftObjectiveC.dylib
dyld[47801]: move loaded to delayed: libswiftPrespecialized.dylib
dyld[47801]: move loaded to delayed: SystemConfiguration
dyld[47801]: move loaded to delayed: libz.1.dylib
dyld[47801]: move loaded to delayed: CoreAutoLayout
dyld[47801]: move loaded to delayed: libcmark-gfm.dylib
dyld[47801]: move loaded to delayed: libfakelink.dylib
dyld[47801]: move loaded to delayed: libcompression.dylib
dyld[47801]: move loaded to delayed: CFNetwork
dyld[47801]: move loaded to delayed: DiskArbitration
dyld[47801]: move loaded to delayed: libarchive.2.dylib
dyld[47801]: move loaded to delayed: libDiagnosticMessagesClient.dylib
dyld[47801]: move loaded to delayed: libicucore.A.dylib
dyld[47801]: move loaded to delayed: libxml2.2.dylib
dyld[47801]: move loaded to delayed: CoreServices
dyld[47801]: move loaded to delayed: liblangid.dylib
dyld[47801]: move loaded to delayed: IOKit
dyld[47801]: move loaded to delayed: Combine
dyld[47801]: move loaded to delayed: CollectionsInternal
dyld[47801]: move loaded to delayed: ReflectionInternal
dyld[47801]: move loaded to delayed: RuntimeInternal
dyld[47801]: move loaded to delayed: SoftLinking
dyld[47801]: move loaded to delayed: libswiftCoreFoundation.dylib
dyld[47801]: move loaded to delayed: libswiftDarwin.dylib
dyld[47801]: move loaded to delayed: libswiftDispatch.dylib
dyld[47801]: move loaded to delayed: libswiftIOKit.dylib
dyld[47801]: move loaded to delayed: libswiftSystem.dylib
dyld[47801]: move loaded to delayed: libswiftXPC.dylib
dyld[47801]: move loaded to delayed: libswift_Builtin_float.dylib
dyld[47801]: move loaded to delayed: libswift_Concurrency.dylib
dyld[47801]: move loaded to delayed: libswift_DarwinFoundation1.dylib
dyld[47801]: move loaded to delayed: libswift_StringProcessing.dylib
dyld[47801]: move loaded to delayed: libswiftos.dylib
dyld[47801]: move loaded to delayed: CoreServicesInternal
dyld[47801]: move loaded to delayed: liboah.dylib
dyld[47801]: move loaded to delayed: Security
dyld[47801]: move loaded to delayed: GenerationalStorage
dyld[47801]: move loaded to delayed: CacheDelete
dyld[47801]: move loaded to delayed: QuickLookThumbnailing
dyld[47801]: move loaded to delayed: FileProvider
dyld[47801]: move loaded to delayed: DiskImages
dyld[47801]: move loaded to delayed: NetFS
dyld[47801]: move loaded to delayed: DesktopServicesPriv
dyld[47801]: move loaded to delayed: FSEvents
dyld[47801]: move loaded to delayed: CarbonCore
dyld[47801]: move loaded to delayed: Metadata
dyld[47801]: move loaded to delayed: OSServices
dyld[47801]: move loaded to delayed: SearchKit
dyld[47801]: move loaded to delayed: AE
dyld[47801]: move loaded to delayed: LaunchServices
dyld[47801]: move loaded to delayed: DictionaryServices
dyld[47801]: move loaded to delayed: SharedFileList
dyld[47801]: move loaded to delayed: libapple_nghttp2.dylib
dyld[47801]: move loaded to delayed: libsqlite3.dylib
dyld[47801]: move loaded to delayed: Accounts
dyld[47801]: move loaded to delayed: AOSKit
dyld[47801]: move loaded to delayed: AppSSOCore
dyld[47801]: move loaded to delayed: AppSupport
dyld[47801]: move loaded to delayed: AVFoundation
dyld[47801]: move loaded to delayed: BackgroundSystemTasks
dyld[47801]: move loaded to delayed: CoreAnalytics
dyld[47801]: move loaded to delayed: CoreGraphics
dyld[47801]: move loaded to delayed: DuetActivityScheduler
dyld[47801]: move loaded to delayed: FTServices
dyld[47801]: move loaded to delayed: GSS
dyld[47801]: move loaded to delayed: InternationalSupport
dyld[47801]: move loaded to delayed: libMemoryResourceException.dylib
dyld[47801]: move loaded to delayed: NetworkScore
dyld[47801]: move loaded to delayed: NetworkServiceProxy
dyld[47801]: move loaded to delayed: RunningBoardServices
dyld[47801]: move loaded to delayed: StreamingExtractor
dyld[47801]: move loaded to delayed: StreamingZip
dyld[47801]: move loaded to delayed: SymptomReporter
dyld[47801]: move loaded to delayed: libenergytrace.dylib
dyld[47801]: move loaded to delayed: libnetworkextension.dylib
dyld[47801]: move loaded to delayed: Network
dyld[47801]: move loaded to delayed: libbsm.0.dylib
dyld[47801]: move loaded to delayed: libkxld.dylib
dyld[47801]: move loaded to delayed: AppleKeyStore
dyld[47801]: move loaded to delayed: libCoreEntitlements.dylib
dyld[47801]: move loaded to delayed: MessageSecurity
dyld[47801]: move loaded to delayed: ProtocolBuffer
dyld[47801]: move loaded to delayed: CloudServices
dyld[47801]: move loaded to delayed: SymptomDiagnosticReporter
dyld[47801]: move loaded to delayed: CrashReporterSupport
dyld[47801]: move loaded to delayed: libMobileGestalt.dylib
dyld[47801]: move loaded to delayed: AppleFSCompression
dyld[47801]: move loaded to delayed: libcoretls.dylib
dyld[47801]: move loaded to delayed: libcoretls_cfhelpers.dylib
dyld[47801]: move loaded to delayed: libpam.2.dylib
dyld[47801]: move loaded to delayed: libxar.1.dylib
dyld[47801]: move loaded to delayed: APFS
dyld[47801]: move loaded to delayed: SwiftASN1Internal
dyld[47801]: move loaded to delayed: libutil.dylib
dyld[47801]: move loaded to delayed: AppleSystemInfo
dyld[47801]: move loaded to delayed: IOMobileFramebuffer
dyld[47801]: move loaded to delayed: IOSurface
dyld[47801]: move loaded to delayed: CoreWiFi
dyld[47801]: move loaded to delayed: LoggingSupport
dyld[47801]: move loaded to delayed: MobileAsset
dyld[47801]: move loaded to delayed: PowerLog
dyld[47801]: move loaded to delayed: Rapport
dyld[47801]: move loaded to delayed: SwiftData
dyld[47801]: move loaded to delayed: SymptomAnalytics
dyld[47801]: move loaded to delayed: UniformTypeIdentifiers
dyld[47801]: move loaded to delayed: UserManagement
dyld[47801]: move loaded to delayed: libboringssl.dylib
dyld[47801]: move loaded to delayed: libcupolicy.dylib
dyld[47801]: move loaded to delayed: libdns_services.dylib
dyld[47801]: move loaded to delayed: NetworkExtension
dyld[47801]: move loaded to delayed: libnwswifttls.dylib
dyld[47801]: move loaded to delayed: libpcap.A.dylib
dyld[47801]: move loaded to delayed: libquic.dylib
dyld[47801]: move loaded to delayed: libusrtcp.dylib
dyld[47801]: move loaded to delayed: AtomicsInternal
dyld[47801]: move loaded to delayed: InternalSwiftProtobuf
dyld[47801]: move loaded to delayed: libswiftDistributed.dylib
dyld[47801]: move loaded to delayed: libswiftObservation.dylib
dyld[47801]: move loaded to delayed: libswiftSynchronization.dylib
dyld[47801]: move loaded to delayed: AggregateDictionary
dyld[47801]: move loaded to delayed: CoreDuetContext
dyld[47801]: move loaded to delayed: BiomeLibrary
dyld[47801]: move loaded to delayed: CoreDuet
dyld[47801]: move loaded to delayed: BiomeStreams
dyld[47801]: move loaded to delayed: BiomeFoundation
dyld[47801]: move loaded to delayed: BiomePubSub
dyld[47801]: move loaded to delayed: CoreData
dyld[47801]: move loaded to delayed: ProactiveSupport
dyld[47801]: move loaded to delayed: CoreLocation
dyld[47801]: move loaded to delayed: Intents
dyld[47801]: move loaded to delayed: _LocationEssentials
dyld[47801]: move loaded to delayed: liblzma.5.dylib
dyld[47801]: move loaded to delayed: Accelerate
dyld[47801]: move loaded to delayed: MobileKeyBag
dyld[47801]: move loaded to delayed: InternationalTextSearch
dyld[47801]: move loaded to delayed: SoftwareUpdateCoreSupport
dyld[47801]: move loaded to delayed: SoftwareUpdateCoreConnect
dyld[47801]: move loaded to delayed: RemoteServiceDiscovery
dyld[47801]: move loaded to delayed: MSUDataAccessor
dyld[47801]: move loaded to delayed: libbootpolicy.dylib
dyld[47801]: move loaded to delayed: RemoteXPC
dyld[47801]: move loaded to delayed: libFDR.dylib
dyld[47801]: move loaded to delayed: libamsupport.dylib
dyld[47801]: move loaded to delayed: libReverseProxyDevice.dylib
dyld[47801]: move loaded to delayed: AppleDeviceQuerySupport
dyld[47801]: move loaded to delayed: libpartition2_dynamic.dylib
dyld[47801]: move loaded to delayed: AppleSauce
dyld[47801]: move loaded to delayed: libAppleArchive.dylib
dyld[47801]: move loaded to delayed: libbz2.1.0.dylib
dyld[47801]: move loaded to delayed: vImage
dyld[47801]: move loaded to delayed: vecLib
dyld[47801]: move loaded to delayed: libvMisc.dylib
dyld[47801]: move loaded to delayed: libCGInterfaces.dylib
dyld[47801]: move loaded to delayed: AccelerateGPU
dyld[47801]: move loaded to delayed: libBLAS.dylib
dyld[47801]: move loaded to delayed: ApplicationServices
dyld[47801]: move loaded to delayed: CoreVideo
dyld[47801]: move loaded to delayed: ColorSync
dyld[47801]: move loaded to delayed: CoreText
dyld[47801]: move loaded to delayed: ImageIO
dyld[47801]: move loaded to delayed: ATS
dyld[47801]: move loaded to delayed: HIServices
dyld[47801]: move loaded to delayed: PrintCore
dyld[47801]: move loaded to delayed: QD
dyld[47801]: move loaded to delayed: ColorSyncLegacy
dyld[47801]: move loaded to delayed: SpeechSynthesis
dyld[47801]: move loaded to delayed: SkyLight
dyld[47801]: move loaded to delayed: libFontParser.dylib
dyld[47801]: move loaded to delayed: BaseBoard
dyld[47801]: move loaded to delayed: BoardServices
dyld[47801]: move loaded to delayed: BackBoardServices
dyld[47801]: move loaded to delayed: BackBoardHIDEventFoundation
dyld[47801]: move loaded to delayed: CoreDisplay
dyld[47801]: move loaded to delayed: VideoToolbox
dyld[47801]: move loaded to delayed: MetalPerformanceShaders
dyld[47801]: move loaded to delayed: ProDisplayLibrary
dyld[47801]: move loaded to delayed: IOSurfaceAccelerator
dyld[47801]: move loaded to delayed: Metal
dyld[47801]: move loaded to delayed: IOAccelerator
dyld[47801]: move loaded to delayed: CoreMedia
dyld[47801]: move loaded to delayed: TCC
dyld[47801]: move loaded to delayed: WatchdogClient
dyld[47801]: move loaded to delayed: QuartzCore
dyld[47801]: move loaded to delayed: MultitouchSupport
dyld[47801]: move loaded to delayed: libswiftAccelerate.dylib
dyld[47801]: move loaded to delayed: libswiftCoreAudio.dylib
dyld[47801]: move loaded to delayed: libswiftCoreMedia.dylib
dyld[47801]: move loaded to delayed: libswiftMetal.dylib
dyld[47801]: move loaded to delayed: libswiftOSLog.dylib
dyld[47801]: move loaded to delayed: libswiftQuartzCore.dylib
dyld[47801]: move loaded to delayed: libswiftUniformTypeIdentifiers.dylib
dyld[47801]: move loaded to delayed: libswiftVideoToolbox.dylib
dyld[47801]: move loaded to delayed: libswiftsimd.dylib
dyld[47801]: move loaded to delayed: BiomeStorage
dyld[47801]: move loaded to delayed: IntelligencePlatformLibrary
dyld[47801]: move loaded to delayed: PoirotSchematizer
dyld[47801]: move loaded to delayed: BiomeSync
dyld[47801]: move loaded to delayed: BiomeDSL
dyld[47801]: move loaded to delayed: FeatureFlags
dyld[47801]: move loaded to delayed: PoirotUDFs
dyld[47801]: move loaded to delayed: libswift_DarwinFoundation2.dylib
dyld[47801]: move loaded to delayed: libswift_DarwinFoundation3.dylib
dyld[47801]: move loaded to delayed: CoreTime
dyld[47801]: move loaded to delayed: libiconv.2.dylib
dyld[47801]: move loaded to delayed: libcharset.1.dylib
dyld[47801]: move loaded to delayed: PoirotSQLite
dyld[47801]: move loaded to delayed: libswift_RegexParser.dylib
dyld[47801]: move loaded to delayed: CascadeSets
dyld[47801]: move loaded to delayed: CorePhoneNumbers
dyld[47801]: move loaded to delayed: AppleJPEG
dyld[47801]: move loaded to delayed: libexpat.1.dylib
dyld[47801]: move loaded to delayed: libPng.dylib
dyld[47801]: move loaded to delayed: libTIFF.dylib
dyld[47801]: move loaded to delayed: libGIF.dylib
dyld[47801]: move loaded to delayed: libJP2.dylib
dyld[47801]: move loaded to delayed: libate.dylib
dyld[47801]: move loaded to delayed: libJPEG.dylib
dyld[47801]: move loaded to delayed: libRadiance.dylib
dyld[47801]: move loaded to delayed: libllvm-flatbuffers.dylib
dyld[47801]: move loaded to delayed: FramePacing
dyld[47801]: move loaded to delayed: libCoreFSCache.dylib
dyld[47801]: move loaded to delayed: libGPUCompilerUtils.dylib
dyld[47801]: move loaded to delayed: GraphicsServices
dyld[47801]: move loaded to delayed: OpenGL
dyld[47801]: move loaded to delayed: libGLU.dylib
dyld[47801]: move loaded to delayed: libGFXShared.dylib
dyld[47801]: move loaded to delayed: libGL.dylib
dyld[47801]: move loaded to delayed: libGLImage.dylib
dyld[47801]: move loaded to delayed: libCVMSPluginSupport.dylib
dyld[47801]: move loaded to delayed: libCoreVMClient.dylib
dyld[47801]: move loaded to delayed: GPUWrangler
dyld[47801]: move loaded to delayed: IOPresentment
dyld[47801]: move loaded to delayed: DSExternalDisplay
dyld[47801]: move loaded to delayed: VideoToolboxParavirtualizationSupport
dyld[47801]: move loaded to delayed: AppleVA
dyld[47801]: move loaded to delayed: ExtensionFoundation
dyld[47801]: move loaded to delayed: CMCaptureCore
dyld[47801]: move loaded to delayed: libspindump.dylib
dyld[47801]: move loaded to delayed: CoreAudio
dyld[47801]: move loaded to delayed: AppServerSupport
dyld[47801]: move loaded to delayed: perfdata
dyld[47801]: move loaded to delayed: AudioDSPGraph
dyld[47801]: move loaded to delayed: AudioToolboxCore
dyld[47801]: move loaded to delayed: caulk
dyld[47801]: move loaded to delayed: libAudioStatistics.dylib
dyld[47801]: move loaded to delayed: SystemPolicy
dyld[47801]: move loaded to delayed: libSMC.dylib
dyld[47801]: move loaded to delayed: libswiftCoreMIDI.dylib
dyld[47801]: move loaded to delayed: CoreMIDI
dyld[47801]: move loaded to delayed: libAudioToolboxUtility.dylib
dyld[47801]: move loaded to delayed: libperfcheck.dylib
dyld[47801]: move loaded to delayed: AudioAnalytics
dyld[47801]: move loaded to delayed: OSLog
dyld[47801]: move loaded to delayed: OSEligibility
dyld[47801]: move loaded to delayed: IconServices
dyld[47801]: move loaded to delayed: LightweightCodeRequirements
dyld[47801]: move loaded to delayed: PlugInKit
dyld[47801]: move loaded to delayed: AssertionServices
dyld[47801]: move loaded to delayed: IconFoundation
dyld[47801]: move loaded to delayed: AssistantServices
dyld[47801]: move loaded to delayed: IconRendering
dyld[47801]: move loaded to delayed: CoreUI
dyld[47801]: move loaded to delayed: CoreImage
dyld[47801]: move loaded to delayed: SFSymbols
dyld[47801]: move loaded to delayed: DeveloperToolsSupport
dyld[47801]: move loaded to delayed: RenderBox
dyld[47801]: move loaded to delayed: CoreSVG
dyld[47801]: move loaded to delayed: TextureIO
dyld[47801]: move loaded to delayed: libswiftCoreImage.dylib
dyld[47801]: move loaded to delayed: GraphVisualizer
dyld[47801]: move loaded to delayed: FontServices
dyld[47801]: move loaded to delayed: OTSVG
dyld[47801]: move loaded to delayed: libFontRegistry.dylib
dyld[47801]: move loaded to delayed: libhvf.dylib
dyld[47801]: move loaded to delayed: ParsingInternal
dyld[47801]: move loaded to delayed: libXTFontStaticRegistryData.dylib
dyld[47801]: move loaded to delayed: MPSCore
dyld[47801]: move loaded to delayed: MPSImage
dyld[47801]: move loaded to delayed: MPSNeuralNetwork
dyld[47801]: move loaded to delayed: MPSMatrix
dyld[47801]: move loaded to delayed: MPSRayIntersector
dyld[47801]: move loaded to delayed: MPSNDArray
dyld[47801]: move loaded to delayed: MPSFunctions
dyld[47801]: move loaded to delayed: MPSBenchmarkLoop
dyld[47801]: move loaded to delayed: MPSHost
dyld[47801]: move loaded to delayed: MetalTools
dyld[47801]: move loaded to delayed: IOAccelMemoryInfo
dyld[47801]: move loaded to delayed: kperf
dyld[47801]: move loaded to delayed: GPURawCounter
dyld[47801]: move loaded to delayed: ASEProcessing
dyld[47801]: move loaded to delayed: Symbolication
dyld[47801]: move loaded to delayed: PhotosensitivityProcessing
dyld[47801]: move loaded to delayed: SILManager
dyld[47801]: move loaded to delayed: CoreSymbolication
dyld[47801]: move loaded to delayed: MallocStackLogging
dyld[47801]: move loaded to delayed: DebugSymbols
dyld[47801]: move loaded to delayed: OSAnalytics
dyld[47801]: move loaded to delayed: DeviceRecovery
dyld[47801]: move loaded to delayed: Tightbeam
dyld[47801]: move loaded to delayed: libswiftCompression.dylib
dyld[47801]: move loaded to delayed: AFKUser
dyld[47801]: move loaded to delayed: ATSUI
dyld[47801]: move loaded to delayed: SAObjects
dyld[47801]: move loaded to delayed: AudioToolbox
dyld[47801]: move loaded to delayed: MediaRemote
dyld[47801]: move loaded to delayed: UserNotifications
dyld[47801]: move loaded to delayed: SiriInstrumentation
dyld[47801]: move loaded to delayed: SiriAnalytics
dyld[47801]: move loaded to delayed: SiriTTSService
dyld[47801]: move loaded to delayed: SiriCrossDeviceArbitration
dyld[47801]: move loaded to delayed: FeedbackLogger
dyld[47801]: move loaded to delayed: FaceTimeNameUtility
dyld[47801]: move loaded to delayed: AuthKit
dyld[47801]: move loaded to delayed: SiriCrossDeviceArbitrationFeedback
dyld[47801]: move loaded to delayed: libswiftCoreLocation.dylib
dyld[47801]: move loaded to delayed: libswiftAVFoundation.dylib
dyld[47801]: move loaded to delayed: UIKitServices
dyld[47801]: move loaded to delayed: UnifiedAssetFramework
dyld[47801]: move loaded to delayed: AudioSession
dyld[47801]: move loaded to delayed: MediaExperience
dyld[47801]: move loaded to delayed: libSessionUtility.dylib
dyld[47801]: move loaded to delayed: AudioAccessoryServices
dyld[47801]: move loaded to delayed: CoreBluetooth
dyld[47801]: move loaded to delayed: CoreUtils
dyld[47801]: move loaded to delayed: HID
dyld[47801]: move loaded to delayed: Sharing
dyld[47801]: move loaded to delayed: CoreUtilsExtras
dyld[47801]: move loaded to delayed: IO80211
dyld[47801]: move loaded to delayed: IDSFoundation
dyld[47801]: move loaded to delayed: Apple80211
dyld[47801]: move loaded to delayed: CoreWLAN
dyld[47801]: move loaded to delayed: IOBluetooth
dyld[47801]: move loaded to delayed: libswiftRegexBuilder.dylib
dyld[47801]: move loaded to delayed: IMFoundation
dyld[47801]: move loaded to delayed: Marco
dyld[47801]: move loaded to delayed: CommonUtilities
dyld[47801]: move loaded to delayed: Engram
dyld[47801]: move loaded to delayed: XPCDistributed
dyld[47801]: move loaded to delayed: libtidy.A.dylib
dyld[47801]: move loaded to delayed: Bom
dyld[47801]: move loaded to delayed: libParallelCompression.dylib
dyld[47801]: move loaded to delayed: libIOReport.dylib
dyld[47801]: move loaded to delayed: WiFiPeerToPeer
dyld[47801]: move loaded to delayed: SecurityFoundation
dyld[47801]: move loaded to delayed: Centauri
dyld[47801]: move loaded to delayed: Lexicon
dyld[47801]: move loaded to delayed: libmrc.dylib
dyld[47801]: move loaded to delayed: IPConfiguration
dyld[47801]: move loaded to delayed: Netrb
dyld[47801]: move loaded to delayed: FrontBoardServices
dyld[47801]: move loaded to delayed: libgermantok.dylib
dyld[47801]: move loaded to delayed: LinguisticData
dyld[47801]: move loaded to delayed: MultiverseSupport
dyld[47801]: move loaded to delayed: DiskManagement
dyld[47801]: move loaded to delayed: AppleIDAuthSupport
dyld[47801]: move loaded to delayed: AAAFoundation
dyld[47801]: move loaded to delayed: KeychainCircle
dyld[47801]: move loaded to delayed: URLFormatting
dyld[47801]: move loaded to delayed: libcsfde.dylib
dyld[47801]: move loaded to delayed: libCoreStorage.dylib
dyld[47801]: move loaded to delayed: MediaKit
dyld[47801]: move loaded to delayed: DiscRecording
dyld[47801]: move loaded to delayed: ProtectedCloudStorage
dyld[47801]: move loaded to delayed: EFILogin
dyld[47801]: move loaded to delayed: libheimdal-asn1.dylib
dyld[47801]: move loaded to delayed: OctagonTrust
dyld[47801]: move loaded to delayed: AudioUnit
dyld[47801]: move loaded to delayed: OpenDirectory
dyld[47801]: move loaded to delayed: CFOpenDirectory
dyld[47801]: move loaded to delayed: GeoServices
dyld[47801]: move loaded to delayed: LocationSupport
dyld[47801]: move loaded to delayed: GeoServicesCore
dyld[47801]: move loaded to delayed: PhoneNumbers
dyld[47801]: move loaded to delayed: LocationLogEncryption
dyld[47801]: move loaded to delayed: AVFAudio
dyld[47801]: move loaded to delayed: AVRouting
dyld[47801]: move loaded to delayed: libAccessibility.dylib
dyld[47801]: move loaded to delayed: MediaServices
dyld[47801]: move loaded to delayed: IDS
dyld[47801]: move loaded to delayed: IsolatedCoreAudioClient
dyld[47801]: move loaded to delayed: CoreAudioOrchestration
dyld[47801]: move loaded to delayed: MediaToolbox
dyld[47801]: move loaded to delayed: CoreAVCHD
dyld[47801]: move loaded to delayed: MediaAccessibility
dyld[47801]: move loaded to delayed: Mangrove
dyld[47801]: move loaded to delayed: CMPhoto
dyld[47801]: move loaded to delayed: CoreTelephony
dyld[47801]: move loaded to delayed: CoreAUC
dyld[47801]: move loaded to delayed: AppleJPEGXL
dyld[47801]: move loaded to delayed: libTelephonyUtilDynamic.dylib
dyld[47801]: move loaded to delayed: CryptoKit
dyld[47801]: move loaded to delayed: CryptoKitCBridging
dyld[47801]: move loaded to delayed: CryptoTokenKit
dyld[47801]: move loaded to delayed: LocalAuthentication
dyld[47801]: move loaded to delayed: LocalAuthenticationCore
dyld[47801]: move loaded to delayed: LocalAuthenticationCredentialServices
dyld[47801]: move loaded to delayed: SharedUtils
dyld[47801]: move loaded to delayed: PersistentConnection
dyld[47801]: move loaded to delayed: SonicFoundation
dyld[47801]: move loaded to delayed: AsyncAlgorithmsInternal
dyld[47801]: move loaded to delayed: FTAWD
dyld[47801]: move loaded to delayed: Dendrite
dyld[47801]: move loaded to delayed: libtailspin.dylib
dyld[47801]: move loaded to delayed: Osprey
dyld[47801]: move loaded to delayed: SiriTTS
dyld[47801]: move loaded to delayed: NaturalLanguage
dyld[47801]: move loaded to delayed: GenerativeModels
dyld[47801]: move loaded to delayed: SiriPowerInstrumentation
dyld[47801]: move loaded to delayed: libswiftNaturalLanguage.dylib
dyld[47801]: move loaded to delayed: TailspinSymbolication
dyld[47801]: move loaded to delayed: Darwinup
dyld[47801]: move loaded to delayed: SignpostSupport
dyld[47801]: move loaded to delayed: FeatureFlagsSupport
dyld[47801]: move loaded to delayed: ktrace
dyld[47801]: move loaded to delayed: SampleAnalysis
dyld[47801]: move loaded to delayed: kperfdata
dyld[47801]: move loaded to delayed: libdscsym.dylib
dyld[47801]: move loaded to delayed: AppleMobileFileIntegrity
dyld[47801]: move loaded to delayed: BulkSymbolication
dyld[47801]: move loaded to delayed: libTLE.dylib
dyld[47801]: move loaded to delayed: libmis.dylib
dyld[47801]: move loaded to delayed: ConfigProfileHelper
dyld[47801]: move loaded to delayed: Espresso
dyld[47801]: move loaded to delayed: CoreML
dyld[47801]: move loaded to delayed: libedit.3.dylib
dyld[47801]: move loaded to delayed: ANECompiler
dyld[47801]: move loaded to delayed: AppleNeuralEngine
dyld[47801]: move loaded to delayed: MIL
dyld[47801]: move loaded to delayed: MetalPerformanceShadersGraph
dyld[47801]: move loaded to delayed: MLCompilerServices
dyld[47801]: move loaded to delayed: ANEServices
dyld[47801]: move loaded to delayed: libncurses.5.4.dylib
dyld[47801]: move loaded to delayed: libsandbox.1.dylib
dyld[47801]: move loaded to delayed: libMatch.1.dylib
dyld[47801]: move loaded to delayed: ODIE
dyld[47801]: move loaded to delayed: MLModelAsset
dyld[47801]: move loaded to delayed: MLCompilerRuntime
dyld[47801]: move loaded to delayed: MLCompute
dyld[47801]: move loaded to delayed: MLAssetIO
dyld[47801]: move loaded to delayed: libswiftMLCompute.dylib
dyld[47801]: move loaded to delayed: AVFCore
dyld[47801]: move loaded to delayed: AVFCapture
dyld[47801]: move loaded to delayed: CMImaging
dyld[47801]: move loaded to delayed: Quagga
dyld[47801]: move loaded to delayed: CMCapture
dyld[47801]: move loaded to delayed: CoreMediaIO
dyld[47801]: move loaded to delayed: CMCaptureDevice
dyld[47801]: move loaded to delayed: CoreBrightness
dyld[47801]: move loaded to delayed: CinematicFraming
dyld[47801]: move loaded to delayed: ModelManagerServices
dyld[47801]: move loaded to delayed: CPMS
dyld[47801]: move loaded to delayed: SystemStatus
dyld[47801]: move loaded to delayed: CoreMotion
dyld[47801]: move loaded to delayed: TimeSync
dyld[47801]: move loaded to delayed: DistributedSensing
dyld[47801]: move loaded to delayed: MobileBluetooth
dyld[47801]: move loaded to delayed: IOKitten
dyld[47801]: move loaded to delayed: AppleIntelligenceReporting
dyld[47801]: move loaded to delayed: CoreEmoji
dyld[47801]: move loaded to delayed: libCRFSuite.dylib
dyld[47801]: move loaded to delayed: LanguageModeling
dyld[47801]: move loaded to delayed: CoreNLP
dyld[47801]: move loaded to delayed: Montreal
dyld[47801]: move loaded to delayed: libcmph.dylib
dyld[47801]: move loaded to delayed: libmecab.dylib
dyld[47801]: move loaded to delayed: libThaiTokenizer.dylib
dyld[47801]: move loaded to delayed: GenerativeModelsFoundation
dyld[47801]: move loaded to delayed: TokenGeneration
dyld[47801]: move loaded to delayed: GenerativeFunctions
dyld[47801]: move loaded to delayed: GenerativeFunctionsFoundation
dyld[47801]: move loaded to delayed: ModelCatalog
dyld[47801]: move loaded to delayed: SensitiveContentAnalysisML
dyld[47801]: move loaded to delayed: GenerativeFunctionsInstrumentation
dyld[47801]: move loaded to delayed: PromptKit
dyld[47801]: move loaded to delayed: ProactiveDaemonSupport
dyld[47801]: move loaded to delayed: TokenGenerationCore
dyld[47801]: move loaded to delayed: Trial
dyld[47801]: move loaded to delayed: TrialProto
dyld[47801]: move loaded to delayed: AppleFlatBuffers
dyld[47801]: move loaded to delayed: SentencePieceInternal
dyld[47801]: move loaded to delayed: Vision
dyld[47801]: move loaded to delayed: CoreSceneUnderstanding
dyld[47801]: move loaded to delayed: VisionCore
dyld[47801]: move loaded to delayed: DataDetectorsCore
dyld[47801]: move loaded to delayed: libfaceCore.dylib
dyld[47801]: move loaded to delayed: Futhark
dyld[47801]: move loaded to delayed: InertiaCam
dyld[47801]: move loaded to delayed: TextRecognition
dyld[47801]: move loaded to delayed: DataDetection
dyld[47801]: move loaded to delayed: TextInput
dyld[47801]: move loaded to delayed: CVNLP
dyld[47801]: move loaded to delayed: IntentsFoundation
dyld[47801]: move loaded to delayed: HIDDisplay
dyld[47801]: move loaded to delayed: libcups.2.dylib
dyld[47801]: move loaded to delayed: Kerberos
dyld[47801]: move loaded to delayed: libresolv.9.dylib
dyld[47801]: move loaded to delayed: Heimdal
dyld[47801]: move loaded to delayed: libHeimdalProxy.dylib
dyld[47801]: move loaded to delayed: CommonAuth
dyld[47801]: move loaded to delayed: AXCoreUtilities
dyld[47801]: move loaded to delayed: AttributeGraph
dyld[47801]: move loaded to delayed: libAXSafeCategoryBundle.dylib
dyld[47801]: move loaded to delayed: TabularData
dyld[47801]: move loaded to delayed: ArgumentParserInternal
dyld[47801]: move loaded to delayed: libvDSP.dylib
dyld[47801]: move loaded to delayed: libLAPACK.dylib
dyld[47801]: move loaded to delayed: libLinearAlgebra.dylib
dyld[47801]: move loaded to delayed: libSparseBLAS.dylib
dyld[47801]: move loaded to delayed: libQuadrature.dylib
dyld[47801]: move loaded to delayed: libBNNS.dylib
dyld[47801]: move loaded to delayed: libSparse.dylib
dyld[47801]: move loaded to delayed: ApplePushService
dyld[47801]: move loaded to delayed: CloudKit
dyld[47801]: move loaded to delayed: CoreDuetDaemonProtocol
dyld[47801]: move loaded to delayed: DeviceIdentity
dyld[47801]: move loaded to delayed: SharedWithYouCore
dyld[47801]: move loaded to delayed: CloudTelemetry
dyld[47801]: move loaded to delayed: AppleAccount
dyld[47801]: move loaded to delayed: C2
dyld[47801]: move loaded to delayed: CloudCoreInternal
dyld[47801]: move loaded to delayed: CloudAsset
dyld[47801]: move loaded to delayed: PushKit
dyld[47801]: move loaded to delayed: CoreTransferable
dyld[47801]: move loaded to delayed: NetAuth
dyld[47801]: move loaded to delayed: loginsupport
dyld[47801]: move loaded to delayed: CloudTelemetryTools
dyld[47801]: move loaded to delayed: CloudTelemetryShared.dylib
dyld[47801]: move loaded to delayed: RTCReporting
dyld[47801]: move loaded to delayed: AAAFoundationSwift
dyld[47801]: move loaded to delayed: AppleIDSSOAuthentication
dyld[47801]: move loaded to delayed: UIFoundation
dyld[47801]: move loaded to delayed: CaptiveNetwork
dyld[47801]: move loaded to delayed: EAP8021X
dyld[47801]: move loaded to delayed: CryptoKitPrivate
dyld[47801]: move loaded to delayed: FindMyDevice
dyld[47801]: move loaded to delayed: FMCoreLite
dyld[47801]: move loaded to delayed: ServiceManagement
dyld[47801]: move loaded to delayed: libCheckFix.dylib
dyld[47801]: move loaded to delayed: MetadataUtilities
dyld[47801]: move loaded to delayed: InstalledContentLibrary
dyld[47801]: move loaded to delayed: CoreServicesStore
dyld[47801]: move loaded to delayed: libapp_launch_measurement.dylib
dyld[47801]: move loaded to delayed: MobileSystemServices
dyld[47801]: move loaded to delayed: libxslt.1.dylib
dyld[47801]: move loaded to delayed: BackgroundTaskManagement
dyld[47801]: move loaded to delayed: libcurl.4.dylib
dyld[47801]: move loaded to delayed: libcrypto.46.dylib
dyld[47801]: move loaded to delayed: libssl.48.dylib
dyld[47801]: move loaded to delayed: LDAP
dyld[47801]: move loaded to delayed: TrustEvaluationAgent
dyld[47801]: move loaded to delayed: libsasl2.2.dylib
dyld[47802]: <4D3EE7DE-7AD0-3606-B88B-D045779F3263> /Users/catethos/.local/share/mise/installs/erlang/29.0.4/erts-17.0.4/bin/beam.smp
dyld[47802]: <13FCB0EB-FF74-39B5-92ED-980AB6E76C5C> /Library/Developer/CommandLineTools/usr/lib/clang/21/lib/darwin/libclang_rt.asan_osx_dynamic.dylib
dyld[47802]: <AAB4E5F3-8EF1-39BE-A32B-8B4ABF8F390D> /usr/lib/libutil.dylib
dyld[47802]: <C6DC2145-7B94-3E01-ADE5-96A6C2D078BC> /usr/lib/libc++.1.dylib
dyld[47802]: <4CC4CAD6-45A6-361E-9343-DE636A0B5C02> /usr/lib/libSystem.B.dylib
dyld[47802]: <DDE77B06-5E25-380B-85B7-BA1A27D09021> /usr/lib/libc++abi.dylib
dyld[47802]: <EA7C2E0B-52BF-3D45-9A33-38F54A535452> /usr/lib/system/libcache.dylib
dyld[47802]: <72D94140-1281-3886-971B-37C810403C03> /usr/lib/system/libcommonCrypto.dylib
dyld[47802]: <D60A9B54-A909-3FD5-93B9-3F38BE0A2BE8> /usr/lib/system/libcompiler_rt.dylib
dyld[47802]: <58F425CF-7D4F-34FD-9620-706A2A7F8BDC> /usr/lib/system/libcopyfile.dylib
dyld[47802]: <D54389FC-4078-370D-A863-9FEF16E00DFD> /usr/lib/system/libcorecrypto.dylib
dyld[47802]: <243E06A0-7BFF-3C3F-8A9B-D7732729B361> /usr/lib/system/libdispatch.dylib
dyld[47802]: <634959D0-592E-349C-B549-B91F2FF09858> /usr/lib/system/libdyld.dylib
dyld[47802]: <18EFA1CE-C535-3EAC-BC2C-7955593B7382> /usr/lib/system/libkeymgr.dylib
dyld[47802]: <3E43AF47-AD89-3BB4-82B9-A9533F4334DF> /usr/lib/system/libmacho.dylib
dyld[47802]: <78C5B827-8152-358D-90E9-B02F02A68B17> /usr/lib/system/libquarantine.dylib
dyld[47802]: <DA9C2B48-7A9C-32EA-888D-6C7AEB5250E6> /usr/lib/system/libremovefile.dylib
dyld[47802]: <FF57F6FA-F3A1-343D-815D-57B769D31445> /usr/lib/system/libsystem_asl.dylib
dyld[47802]: <A712B95E-BCEE-3F12-9F9B-58E6C2060E53> /usr/lib/system/libsystem_blocks.dylib
dyld[47802]: <FDC4E366-5C14-3A1E-BC35-D933D28CDCF3> /usr/lib/system/libsystem_c.dylib
dyld[47802]: <BDA28F78-F479-3C22-B9C7-4ABCB6801592> /usr/lib/system/libsystem_collections.dylib
dyld[47802]: <A14ED142-2F56-33A6-A23C-EEB8417DC90E> /usr/lib/system/libsystem_configuration.dylib
dyld[47802]: <2E14025A-52C2-361D-8A8F-5DD45825A2C9> /usr/lib/system/libsystem_containermanager.dylib
dyld[47802]: <F335DA14-69E8-336E-85A3-11EE239255F0> /usr/lib/system/libsystem_coreservices.dylib
dyld[47802]: <A095E4FE-0EE1-34DF-B00A-7D349FBC55E0> /usr/lib/system/libsystem_darwin.dylib
dyld[47802]: <6C03D78B-BFAB-3C7A-B713-50881791EE08> /usr/lib/system/libsystem_darwindirectory.dylib
dyld[47802]: <2C4C3043-008E-3BD8-BC29-AB9AD235DBA9> /usr/lib/system/libsystem_dnssd.dylib
dyld[47802]: <A279E124-8499-3FFC-A788-655070028F97> /usr/lib/system/libsystem_eligibility.dylib
dyld[47802]: <5E7CDBD5-44AB-34C0-A0F5-FC72F6116CDC> /usr/lib/system/libsystem_featureflags.dylib
dyld[47802]: <7402662E-F235-3F48-BB65-F64C8CF0F2BB> /usr/lib/system/libsystem_info.dylib
dyld[47802]: <3739A40F-2C17-3503-92D6-098141E56E89> /usr/lib/system/libsystem_m.dylib
dyld[47802]: <971CDCFE-4D20-300E-A1D6-EC8672FDD258> /usr/lib/system/libsystem_malloc.dylib
dyld[47802]: <01D14A9E-16DC-372C-8AA8-CC7AD39E797F> /usr/lib/system/libsystem_networkextension.dylib
dyld[47802]: <F9B1BAFF-4D09-3A1F-839B-189C21EB5FBB> /usr/lib/system/libsystem_notify.dylib
dyld[47802]: <6592D3CE-38C6-3C08-9EA5-75D64F37993F> /usr/lib/system/libsystem_sandbox.dylib
dyld[47802]: <C92FAEE5-DAED-3340-96B3-0C42B005ADF9> /usr/lib/system/libsystem_sanitizers.dylib
dyld[47802]: <C85AF062-AA9B-35BB-904C-C055B2C21602> /usr/lib/system/libsystem_secinit.dylib
dyld[47802]: <7CFB3A10-ADB2-32C4-99B5-922A111B3224> /usr/lib/system/libsystem_kernel.dylib
dyld[47802]: <4C6BD0FE-25F2-38D8-BE5C-24DAC1DEDCFB> /usr/lib/system/libsystem_platform.dylib
dyld[47802]: <12342372-0084-37A5-9EA6-2E4DC940C685> /usr/lib/system/libsystem_pthread.dylib
dyld[47802]: <CE07A0DF-31B6-3528-B7CE-91CAD89AA519> /usr/lib/system/libsystem_symptoms.dylib
dyld[47802]: <E043667E-AD01-3228-837F-A381F32F2B30> /usr/lib/system/libsystem_trace.dylib
dyld[47802]: <2FF186A6-F448-38CD-9A30-8B5B1AEFCA10> /usr/lib/system/libsystem_trial.dylib
dyld[47802]: <B21A1015-83D4-31D8-BA41-88688962D9A6> /usr/lib/system/libunwind.dylib
dyld[47802]: <40BBE226-77D4-332E-9DA8-F0B5BACFB86D> /usr/lib/system/libxpc.dylib
dyld[47802]: <40277974-D20C-3EC8-B25C-43AE30D8CC60> /usr/lib/libobjc.A.dylib
dyld[47802]: <5BCE8CB3-4EF5-3181-B96B-8E8130851510> /System/Library/PrivateFrameworks/XPCSupport.framework/Versions/A/XPCSupport
dyld[47802]: <FDBA2243-A7AB-3524-9B94-F3034AC36E41> /System/Library/Frameworks/CoreFoundation.framework/Versions/A/CoreFoundation
dyld[47802]: <81895735-AEE8-36CF-B7ED-370A80C4E78A> /usr/lib/swift/libswiftCore.dylib
dyld[47802]: <F41D814B-FE1F-311A-A778-5F0699628188> /usr/lib/libRosetta.dylib
dyld[47802]: <2E3EA3FE-B1EF-3EDA-B94E-C7FC54E30C13> /System/Library/Frameworks/Foundation.framework/Versions/C/Foundation
dyld[47802]: <4A2A8D5B-A79D-36B3-A688-1792E7A98EA6> /usr/lib/swift/libswiftObjectiveC.dylib
dyld[47802]: <CB44DEF4-FCFF-36ED-8E9D-BB26E0DFACAC> /usr/lib/libswiftPrespecialized.dylib
dyld[47802]: <7C419E70-AC1A-3BF9-913F-D2F87F60680B> /System/Library/Frameworks/SystemConfiguration.framework/Versions/A/SystemConfiguration
dyld[47802]: <03BEB01C-EE74-3952-80FC-D2B7CF9C798D> /usr/lib/libz.1.dylib
dyld[47802]: <1C295E81-112C-3641-8846-101E1BD9471D> /System/Library/PrivateFrameworks/CoreAutoLayout.framework/Versions/A/CoreAutoLayout
dyld[47802]: <B0B762DB-DEE4-368F-94E4-6BCFEC98E286> /usr/lib/libcmark-gfm.dylib
dyld[47802]: <4A5173C4-2F2F-3503-9FED-70C4E5BEFA0F> /usr/lib/libfakelink.dylib
dyld[47802]: <88B2498F-674F-34B8-AC5F-048E050518E5> /usr/lib/libcompression.dylib
dyld[47802]: <49C50CC0-E432-3C8D-84D5-F6AA825941A3> /System/Library/Frameworks/CFNetwork.framework/Versions/A/CFNetwork
dyld[47802]: <ECE02111-DA6A-386C-B109-699F01824273> /System/Library/Frameworks/DiskArbitration.framework/Versions/A/DiskArbitration
dyld[47802]: <CE6444C3-4DCC-3F04-B4EC-AE78233CD4C8> /usr/lib/libarchive.2.dylib
dyld[47802]: <E681BCDD-6DE1-3079-8AD8-DB80F389420D> /usr/lib/libDiagnosticMessagesClient.dylib
dyld[47802]: <700597A5-5992-3705-9F22-3E970E735653> /usr/lib/libicucore.A.dylib
dyld[47802]: <E706ECFF-E18C-3E27-B22D-B8307DE9C6D2> /usr/lib/libxml2.2.dylib
dyld[47802]: <B20E2809-8922-3D51-9CF9-1EF7DFDFBE1D> /System/Library/Frameworks/CoreServices.framework/Versions/A/CoreServices
dyld[47802]: <A316E5EC-C7E2-3D1C-A36A-7075E38735A8> /usr/lib/liblangid.dylib
dyld[47802]: <93FF2D40-D3DB-37A6-A827-8C8947B0BDCF> /System/Library/Frameworks/IOKit.framework/Versions/A/IOKit
dyld[47802]: <EBB4454A-765B-38CF-8B9D-71FF1B53D290> /System/Library/Frameworks/Combine.framework/Versions/A/Combine
dyld[47802]: <FD544864-C6FA-3FB3-B8EA-7ECAA412D97F> /System/Library/PrivateFrameworks/CollectionsInternal.framework/Versions/A/CollectionsInternal
dyld[47802]: <B66B4EC0-DF77-317E-B57C-9005FCA3B3E1> /System/Library/PrivateFrameworks/ReflectionInternal.framework/Versions/A/ReflectionInternal
dyld[47802]: <8D664FD8-9C6D-35F2-A0CB-C7E22ABEB804> /System/Library/PrivateFrameworks/RuntimeInternal.framework/Versions/A/RuntimeInternal
dyld[47802]: <105FF8F1-5BE6-387D-B850-ECE87B4BFE9C> /System/Library/PrivateFrameworks/SoftLinking.framework/Versions/A/SoftLinking
dyld[47802]: <EE71FC23-45F1-30AE-B49C-74D2DE7882BA> /usr/lib/swift/libswiftCoreFoundation.dylib
dyld[47802]: <70D613F2-BFE7-38FC-A7E8-80779478F554> /usr/lib/swift/libswiftDarwin.dylib
dyld[47802]: <F272890D-9996-3BD0-A5AA-67CE47819FE4> /usr/lib/swift/libswiftDispatch.dylib
dyld[47802]: <1A55E5A8-85E6-3067-AB87-4AC87B8C6530> /usr/lib/swift/libswiftIOKit.dylib
dyld[47802]: <92A7149B-3E19-38D2-BD36-3360D56F3096> /usr/lib/swift/libswiftSystem.dylib
dyld[47802]: <75A38F4A-06EE-3FD1-87A3-8F9FF972CE47> /usr/lib/swift/libswiftXPC.dylib
dyld[47802]: <4C680D47-D53D-3E82-9575-B04943349B45> /usr/lib/swift/libswift_Builtin_float.dylib
dyld[47802]: <E202745F-BFF6-3F29-A171-5C8DDE11779C> /usr/lib/swift/libswift_Concurrency.dylib
dyld[47802]: <4A0A069F-D0C0-3F0A-BE4F-4AFE0DF78D58> /usr/lib/swift/libswift_DarwinFoundation1.dylib
dyld[47802]: <2B54D7C1-96A9-350E-B680-2CEC48FE32AE> /usr/lib/swift/libswift_StringProcessing.dylib
dyld[47802]: <C191573D-AF50-3C8E-840C-F64782CC2BFC> /usr/lib/swift/libswiftos.dylib
dyld[47802]: <48EB2100-B5F6-3150-A424-5FD9EEC9B77B> /System/Library/PrivateFrameworks/CoreServicesInternal.framework/Versions/A/CoreServicesInternal
dyld[47802]: <F41D814B-FE1F-311A-A778-5F0699628188> /usr/lib/liboah.dylib
dyld[47802]: <A4C45770-BA54-3D2C-9DA3-077F5A497C32> /System/Library/Frameworks/Security.framework/Versions/A/Security
dyld[47802]: <D3D5DEE9-258B-33B9-A688-CF81D495E88D> /System/Library/PrivateFrameworks/GenerationalStorage.framework/Versions/A/GenerationalStorage
dyld[47802]: <02498F6E-F56A-35EC-BBFD-09E0739F330E> /System/Library/PrivateFrameworks/CacheDelete.framework/Versions/A/CacheDelete
dyld[47802]: <5879E066-73C2-3C08-9571-57A56D8FC106> /System/Library/Frameworks/QuickLookThumbnailing.framework/Versions/A/QuickLookThumbnailing
dyld[47802]: <56C602D6-EE17-31C4-BACC-962E392B7A14> /System/Library/Frameworks/FileProvider.framework/Versions/A/FileProvider
dyld[47802]: <1D861D5E-F6F8-3B0C-97F0-6F7DA8174A13> /System/Library/PrivateFrameworks/DiskImages.framework/Versions/A/DiskImages
dyld[47802]: <8B049FBF-B02F-3B65-B252-36DD33AE4DCB> /System/Library/Frameworks/NetFS.framework/Versions/A/NetFS
dyld[47802]: <8A8560B9-089E-3AB8-996F-C1E6F335D567> /System/Library/PrivateFrameworks/DesktopServicesPriv.framework/Versions/A/DesktopServicesPriv
dyld[47802]: <4DF5833E-170E-391E-8068-334A1619B6EC> /System/Library/Frameworks/CoreServices.framework/Versions/A/Frameworks/FSEvents.framework/Versions/A/FSEvents
dyld[47802]: <C3100FC0-CB90-375E-8228-7AD3095F70CC> /System/Library/Frameworks/CoreServices.framework/Versions/A/Frameworks/CarbonCore.framework/Versions/A/CarbonCore
dyld[47802]: <20352036-F9BF-311D-BF2B-4BE56DE35A4C> /System/Library/Frameworks/CoreServices.framework/Versions/A/Frameworks/Metadata.framework/Versions/A/Metadata
dyld[47802]: <C43D9113-B804-3617-AB4E-18B9746C3FD7> /System/Library/Frameworks/CoreServices.framework/Versions/A/Frameworks/OSServices.framework/Versions/A/OSServices
dyld[47802]: <DB2FEE7A-4E93-3C0A-A1BC-1A7915D7F824> /System/Library/Frameworks/CoreServices.framework/Versions/A/Frameworks/SearchKit.framework/Versions/A/SearchKit
dyld[47802]: <1FE41C73-319E-31D6-8AB9-5D9725C29840> /System/Library/Frameworks/CoreServices.framework/Versions/A/Frameworks/AE.framework/Versions/A/AE
dyld[47802]: <F672AF6B-712F-3E94-A30C-D962C961B1AE> /System/Library/Frameworks/CoreServices.framework/Versions/A/Frameworks/LaunchServices.framework/Versions/A/LaunchServices
dyld[47802]: <89B35D84-BCB4-32EA-B793-BB3563BA6C7E> /System/Library/Frameworks/CoreServices.framework/Versions/A/Frameworks/DictionaryServices.framework/Versions/A/DictionaryServices
dyld[47802]: <11D1A903-7E02-365D-B434-CF1F6928B9C8> /System/Library/Frameworks/CoreServices.framework/Versions/A/Frameworks/SharedFileList.framework/Versions/A/SharedFileList
dyld[47802]: <37EB8634-C367-3986-951F-FE6CE034F9B8> /usr/lib/libapple_nghttp2.dylib
dyld[47802]: <FFED8D03-933A-3E77-A298-899189CFDDEE> /usr/lib/libsqlite3.dylib
dyld[47802]: <480932A5-4C8C-3AEF-AFC3-31D7D5A6DFB7> /System/Library/Frameworks/Accounts.framework/Versions/A/Accounts
dyld[47802]: <277306E7-DBCE-3D31-8E19-1A959860E47C> /System/Library/PrivateFrameworks/AOSKit.framework/Versions/A/AOSKit
dyld[47802]: <F1614AEF-411C-3D85-B147-122B24A52BD2> /System/Library/PrivateFrameworks/AppSSOCore.framework/Versions/A/AppSSOCore
dyld[47802]: <E49883EF-0C5A-34B3-940E-6CDED347A361> /System/Library/PrivateFrameworks/AppSupport.framework/Versions/A/AppSupport
dyld[47802]: <2B4C89E8-6D61-382F-8596-400AFD5DFAED> /System/Library/Frameworks/AVFoundation.framework/Versions/A/AVFoundation
dyld[47802]: <D6494026-1CF4-365F-9D35-BD3C0FAE8463> /System/Library/PrivateFrameworks/BackgroundSystemTasks.framework/Versions/A/BackgroundSystemTasks
dyld[47802]: <5B6BC0A9-527D-3D06-B19A-59A55830D0C2> /System/Library/PrivateFrameworks/CoreAnalytics.framework/Versions/A/CoreAnalytics
dyld[47802]: <86707213-12B9-3943-AF6A-FBFDF1209FCA> /System/Library/Frameworks/CoreGraphics.framework/Versions/A/CoreGraphics
dyld[47802]: <43674C87-ADFF-3F60-9DDD-8CE9CAFA39D5> /System/Library/PrivateFrameworks/DuetActivityScheduler.framework/Versions/A/DuetActivityScheduler
dyld[47802]: <8220298F-96F2-3CED-82CF-C07E11DA38F9> /System/Library/PrivateFrameworks/FTServices.framework/Versions/A/FTServices
dyld[47802]: <6A676BE5-DAA2-3923-8B2D-9183A79D8FCF> /System/Library/Frameworks/GSS.framework/Versions/A/GSS
dyld[47802]: <B9C46934-ECEA-360F-BD4D-39025C7947C9> /System/Library/PrivateFrameworks/InternationalSupport.framework/Versions/A/InternationalSupport
dyld[47802]: <F64C374B-7C49-32B2-BD2E-8822A3F14163> /usr/lib/libMemoryResourceException.dylib
dyld[47802]: <A3C34F06-7BB2-3881-8DD1-775BB79E14B3> /System/Library/PrivateFrameworks/NetworkScore.framework/Versions/A/NetworkScore
dyld[47802]: <31C663CB-E303-3669-A2D3-17AB24A16940> /System/Library/PrivateFrameworks/NetworkServiceProxy.framework/Versions/A/NetworkServiceProxy
dyld[47802]: <949C594B-FE78-3E1A-B40C-4720CF994C75> /System/Library/PrivateFrameworks/RunningBoardServices.framework/Versions/A/RunningBoardServices
dyld[47802]: <291F2CDF-90AA-36D2-94BB-1318387C54C5> /System/Library/PrivateFrameworks/StreamingExtractor.framework/Versions/A/StreamingExtractor
dyld[47802]: <A266C210-8869-390E-93D0-5AC15408C80D> /System/Library/PrivateFrameworks/StreamingZip.framework/Versions/A/StreamingZip
dyld[47802]: <DB7270A8-9BB5-3EBE-B2FD-54F6641D56DE> /System/Library/PrivateFrameworks/SymptomReporter.framework/Versions/A/SymptomReporter
dyld[47802]: <87E902A1-34F8-3ED8-8A5B-00F346A553AE> /usr/lib/libenergytrace.dylib
dyld[47802]: <076C8183-DBAF-3FE4-8019-C95855620AD9> /usr/lib/libnetworkextension.dylib
dyld[47802]: <4A16436D-E026-380A-ADED-84C279C05285> /System/Library/Frameworks/Network.framework/Versions/A/Network
dyld[47802]: <7E84A4E7-383B-33B9-B604-D707E8E0C76A> /usr/lib/libbsm.0.dylib
dyld[47802]: <B20E8F67-6646-3050-AB29-44575B24BB6D> /usr/lib/system/libkxld.dylib
dyld[47802]: <2D2A4D15-9634-3D30-8D50-845C65536968> /System/Library/PrivateFrameworks/AppleKeyStore.framework/Versions/A/AppleKeyStore
dyld[47802]: <CFECAA0B-0E59-3E9B-BE28-7247E52F32BC> /usr/lib/libCoreEntitlements.dylib
dyld[47802]: <DDEA8F2A-0D8C-3136-A60F-159B3BF6BB14> /System/Library/PrivateFrameworks/MessageSecurity.framework/Versions/A/MessageSecurity
dyld[47802]: <4AB73CF2-A262-3297-A4ED-F98885686564> /System/Library/PrivateFrameworks/ProtocolBuffer.framework/Versions/A/ProtocolBuffer
dyld[47802]: <9E416667-BB78-36EB-9B5D-886652738B8E> /System/Library/PrivateFrameworks/CloudServices.framework/Versions/A/CloudServices
dyld[47802]: <88586001-D9A2-3BCE-A0B3-F66B962A5FCD> /System/Library/PrivateFrameworks/SymptomDiagnosticReporter.framework/Versions/A/SymptomDiagnosticReporter
dyld[47802]: <E76B3969-60BD-3EBD-8419-B6D16CB330C2> /System/Library/PrivateFrameworks/CrashReporterSupport.framework/Versions/A/CrashReporterSupport
dyld[47802]: <E0F8AF6B-104D-3F9D-A8FB-49EF7C45EAAE> /usr/lib/libMobileGestalt.dylib
dyld[47802]: <903E85C5-7923-3276-8CD3-439E896B7C6B> /System/Library/PrivateFrameworks/AppleFSCompression.framework/Versions/A/AppleFSCompression
dyld[47802]: <5CF64670-CDC0-3AF0-930A-38522A8573EC> /usr/lib/libcoretls.dylib
dyld[47802]: <88C8B8CF-FC4A-3278-9FD7-A2B90B2F600F> /usr/lib/libcoretls_cfhelpers.dylib
dyld[47802]: <4653F0C2-72CB-3C35-AEB9-AAFD63A5B721> /usr/lib/libpam.2.dylib
dyld[47802]: <47C6FF5C-2E46-3B5A-A3AF-157D64AA89B0> /usr/lib/libxar.1.dylib
dyld[47802]: <715B7DF2-B40D-3EBA-BFC9-13276492ED33> /System/Library/PrivateFrameworks/APFS.framework/Versions/A/APFS
dyld[47802]: <C01C6663-DD1C-3855-AB40-23B40F988E8E> /System/Library/PrivateFrameworks/SwiftASN1Internal.framework/Versions/A/SwiftASN1Internal
dyld[47802]: <389F3921-719F-3A03-BD22-3A711B27FB35> /System/Library/PrivateFrameworks/AppleSystemInfo.framework/Versions/A/AppleSystemInfo
dyld[47802]: <2CFBD4DF-9E6B-34A5-9B6C-BCD05F40F139> /System/Library/PrivateFrameworks/IOMobileFramebuffer.framework/Versions/A/IOMobileFramebuffer
dyld[47802]: <C30F04DE-ADD7-3DBC-A1B2-C7D1EFA08CC6> /System/Library/Frameworks/IOSurface.framework/Versions/A/IOSurface
dyld[47802]: <B73AC390-0D5D-3EDA-A81F-709B68F0E37A> /System/Library/PrivateFrameworks/CoreWiFi.framework/Versions/A/CoreWiFi
dyld[47802]: <E39BD6CE-35C2-3F90-BBC1-F68EB3C71E52> /System/Library/PrivateFrameworks/LoggingSupport.framework/Versions/A/LoggingSupport
dyld[47802]: <B7154554-8A67-3354-B992-14441B39FF71> /System/Library/PrivateFrameworks/MobileAsset.framework/Versions/A/MobileAsset
dyld[47802]: <604DB01F-E423-31DC-A4A1-792F6701BA2D> /System/Library/PrivateFrameworks/PowerLog.framework/Versions/A/PowerLog
dyld[47802]: <BE98D10A-67D4-311C-B556-8D3838CF6F81> /System/Library/PrivateFrameworks/Rapport.framework/Versions/A/Rapport
dyld[47802]: <58E4A38D-47FB-3EAC-B7E0-6818F49D24EA> /System/Library/Frameworks/SwiftData.framework/Versions/A/SwiftData
dyld[47802]: <540009BA-D3E5-3F67-8DE8-ED0033FE9215> /System/Library/PrivateFrameworks/Symptoms.framework/Versions/A/Frameworks/SymptomAnalytics.framework/Versions/A/SymptomAnalytics
dyld[47802]: <743056F4-24EC-3A70-8282-C6F20407C193> /System/Library/Frameworks/UniformTypeIdentifiers.framework/Versions/A/UniformTypeIdentifiers
dyld[47802]: <4C89B3C9-F76E-3ED3-9515-E770E4E0E04A> /System/Library/PrivateFrameworks/UserManagement.framework/Versions/A/UserManagement
dyld[47802]: <0767E249-3DD3-375B-8E61-F5DB8309C5BA> /usr/lib/libboringssl.dylib
dyld[47802]: <819F23DB-90BE-3F09-8647-29C8F3CF929E> /usr/lib/libcupolicy.dylib
dyld[47802]: <B079C73B-474D-3A35-B9FC-C417A2FAAC2D> /usr/lib/libdns_services.dylib
dyld[47802]: <9BFCCC8E-40E3-33F3-8108-ED956930D9B0> /System/Library/Frameworks/NetworkExtension.framework/Versions/A/NetworkExtension
dyld[47802]: <2C368B24-1063-37A2-9815-6392CE0D28FA> /usr/lib/libnwswifttls.dylib
dyld[47802]: <0A92F1D9-34F1-35A9-A293-57BED013A7C7> /usr/lib/libpcap.A.dylib
dyld[47802]: <A88B0E2C-9449-37D5-AA62-8533346704D8> /usr/lib/libquic.dylib
dyld[47802]: <35A0D004-85A7-324D-A597-61F1AA1203B8> /usr/lib/libusrtcp.dylib
dyld[47802]: <AD7AC28E-DF43-3FE2-9F95-1A55421FE21B> /System/Library/PrivateFrameworks/AtomicsInternal.framework/Versions/A/AtomicsInternal
dyld[47802]: <4AFF9D01-B152-3754-917D-FEB9B6EDB074> /System/Library/PrivateFrameworks/InternalSwiftProtobuf.framework/Versions/A/InternalSwiftProtobuf
dyld[47802]: <939A84CD-B303-36D6-89D4-0CA6FE6C9335> /usr/lib/swift/libswiftDistributed.dylib
dyld[47802]: <69B34359-C025-3674-9127-6FE565701511> /usr/lib/swift/libswiftObservation.dylib
dyld[47802]: <7626547E-9425-3FAE-A895-04A4C0B5A24C> /usr/lib/swift/libswiftSynchronization.dylib
dyld[47802]: <61779A8C-8FAF-3B30-88EB-F8B1F7965DA6> /System/Library/PrivateFrameworks/AggregateDictionary.framework/Versions/A/AggregateDictionary
dyld[47802]: <ACB84D0D-0179-32B7-8F5C-53BD2AC740D5> /System/Library/PrivateFrameworks/CoreDuetContext.framework/Versions/A/CoreDuetContext
dyld[47802]: <ED2927D1-85F9-346D-9054-C9008EEFC205> /System/Library/PrivateFrameworks/BiomeLibrary.framework/Versions/A/BiomeLibrary
dyld[47802]: <0F02B28D-130E-3D48-A02E-D62C960731A0> /System/Library/PrivateFrameworks/CoreDuet.framework/Versions/A/CoreDuet
dyld[47802]: <0C2B5247-3909-390E-89D1-CD10B5986FDB> /System/Library/PrivateFrameworks/BiomeStreams.framework/Versions/A/BiomeStreams
dyld[47802]: <ECD6B305-5576-372C-A6C2-6FB8B3449B16> /System/Library/PrivateFrameworks/BiomeFoundation.framework/Versions/A/BiomeFoundation
dyld[47802]: <56BD2841-6328-3882-839C-512E9AEC3220> /System/Library/PrivateFrameworks/BiomePubSub.framework/Versions/A/BiomePubSub
dyld[47802]: <26BCA90F-FDB6-3162-8398-B204D85CFE5B> /System/Library/Frameworks/CoreData.framework/Versions/A/CoreData
dyld[47802]: <5C05FB7B-7E85-3E88-B482-B08EBADE6C7C> /System/Library/PrivateFrameworks/ProactiveSupport.framework/Versions/A/ProactiveSupport
dyld[47802]: <8984813E-20DC-39D0-8760-81CF047BEA77> /System/Library/Frameworks/CoreLocation.framework/Versions/A/CoreLocation
dyld[47802]: <71576C7F-398C-30F3-8B15-E71BBEFCBF40> /System/Library/Frameworks/Intents.framework/Versions/A/Intents
dyld[47802]: <9C3CA246-0044-37F0-9C69-6A72E1434912> /System/Library/Frameworks/_LocationEssentials.framework/Versions/A/_LocationEssentials
dyld[47802]: <6DB9D3C0-C6E8-34F1-BECE-E13E769A8FDB> /usr/lib/liblzma.5.dylib
dyld[47802]: <69865F9B-6DB8-3638-8A23-072E1E349C72> /System/Library/Frameworks/Accelerate.framework/Versions/A/Accelerate
dyld[47802]: <0542EA91-C289-3EEB-A7BD-E3FDC5F48622> /System/Library/PrivateFrameworks/MobileKeyBag.framework/Versions/A/MobileKeyBag
dyld[47802]: <504121FD-73F2-3024-93D0-E8A7C806E94B> /System/Library/PrivateFrameworks/InternationalTextSearch.framework/Versions/A/InternationalTextSearch
dyld[47802]: <6DD8264D-A08C-3E81-A4DC-DF6F92BDE42B> /System/Library/PrivateFrameworks/SoftwareUpdateCoreSupport.framework/Versions/A/SoftwareUpdateCoreSupport
dyld[47802]: <BE013477-FD5C-36B1-9127-66C2080DE35E> /System/Library/PrivateFrameworks/SoftwareUpdateCoreConnect.framework/Versions/A/SoftwareUpdateCoreConnect
dyld[47802]: <B9FE5420-1BC3-3001-ACAF-2E917BFFBDD0> /System/Library/PrivateFrameworks/RemoteServiceDiscovery.framework/Versions/A/RemoteServiceDiscovery
dyld[47802]: <135C2628-BD95-3432-8D97-32C8FDABD1E3> /System/Library/PrivateFrameworks/MSUDataAccessor.framework/Versions/A/MSUDataAccessor
dyld[47802]: <7817458F-E833-3825-A04B-03A79AD8739B> /usr/lib/libbootpolicy.dylib
dyld[47802]: <ED17CD59-DDEC-3BDE-9267-201A02407BAD> /System/Library/PrivateFrameworks/RemoteXPC.framework/Versions/A/RemoteXPC
dyld[47802]: <A1DBFEC9-D0A6-3B2E-99D2-EC6B5B9B960D> /usr/lib/libFDR.dylib
dyld[47802]: <A73B43E8-985F-3BB1-AD2B-DAF39BFF4E95> /usr/lib/libamsupport.dylib
dyld[47802]: <2C923B2B-EB1C-3FD1-8272-4AD141AEE322> /usr/lib/libReverseProxyDevice.dylib
dyld[47802]: <A1751466-FD99-3C13-9DAE-8EE39A575C75> /System/Library/PrivateFrameworks/AppleDeviceQuerySupport.framework/Versions/A/AppleDeviceQuerySupport
dyld[47802]: <6B2536A0-FB99-3B72-BF72-C8A230F76C2F> /usr/lib/libpartition2_dynamic.dylib
dyld[47802]: <50A785A8-C474-3A6D-A6CB-DFD2D0E93B43> /System/Library/PrivateFrameworks/AppleSauce.framework/Versions/A/AppleSauce
dyld[47802]: <4C0A66D2-B313-3A88-B438-3B2FBAFD7994> /usr/lib/libAppleArchive.dylib
dyld[47802]: <F8B99793-2A42-3B06-A92E-C84D8679459A> /usr/lib/libbz2.1.0.dylib
dyld[47802]: <87180846-15A0-3AE6-9375-8986922E7704> /System/Library/Frameworks/Accelerate.framework/Versions/A/Frameworks/vImage.framework/Versions/A/vImage
dyld[47802]: <F9DA17B8-BF0E-3D0E-8D51-8895A09E76CA> /System/Library/Frameworks/Accelerate.framework/Versions/A/Frameworks/vecLib.framework/Versions/A/vecLib
dyld[47802]: <E5B95953-1269-352C-B085-3BC6406E41D9> /System/Library/Frameworks/Accelerate.framework/Versions/A/Frameworks/vecLib.framework/Versions/A/libvMisc.dylib
dyld[47802]: <C127566F-507D-3087-8945-973441413016> /System/Library/Frameworks/Accelerate.framework/Versions/A/Frameworks/vImage.framework/Versions/A/Libraries/libCGInterfaces.dylib
dyld[47802]: <48BF39E9-074A-3BD8-80DD-DEB901859383> /System/Library/PrivateFrameworks/AccelerateGPU.framework/Versions/A/AccelerateGPU
dyld[47802]: <B8AEEB6D-A458-37C3-B22A-99C768B155EA> /System/Library/Frameworks/Accelerate.framework/Versions/A/Frameworks/vecLib.framework/Versions/A/libBLAS.dylib
dyld[47802]: <305A0A92-364D-3C8B-8BC4-DAE07A4E2918> /System/Library/Frameworks/ApplicationServices.framework/Versions/A/ApplicationServices
dyld[47802]: <9C44ABC3-19CD-32AB-A7AA-098813317900> /System/Library/Frameworks/CoreVideo.framework/Versions/A/CoreVideo
dyld[47802]: <96471F96-B3C6-3783-B8BB-17C1E48C46B7> /System/Library/Frameworks/ColorSync.framework/Versions/A/ColorSync
dyld[47802]: <22A4F922-8523-396D-AD9B-DA6FF15DA432> /System/Library/Frameworks/CoreText.framework/Versions/A/CoreText
dyld[47802]: <0CD49F9D-A8E2-303D-98A7-7E9602B00B90> /System/Library/Frameworks/ImageIO.framework/Versions/A/ImageIO
dyld[47802]: <63A93F8B-EBA5-37CF-A171-7B220B8C6A70> /System/Library/Frameworks/ApplicationServices.framework/Versions/A/Frameworks/ATS.framework/Versions/A/ATS
dyld[47802]: <0B0164B2-3069-3AF2-B2C5-8A5F1E81BFD6> /System/Library/Frameworks/ApplicationServices.framework/Versions/A/Frameworks/HIServices.framework/Versions/A/HIServices
dyld[47802]: <395625EB-39F6-392B-88CB-C8679C3A844C> /System/Library/Frameworks/ApplicationServices.framework/Versions/A/Frameworks/PrintCore.framework/Versions/A/PrintCore
dyld[47802]: <2CC38837-4DB6-3BBB-A3C9-75D083BD5C61> /System/Library/Frameworks/ApplicationServices.framework/Versions/A/Frameworks/QD.framework/Versions/A/QD
dyld[47802]: <7E09AC41-9944-3061-BC9A-23B6F977BE3A> /System/Library/Frameworks/ApplicationServices.framework/Versions/A/Frameworks/ColorSyncLegacy.framework/Versions/A/ColorSyncLegacy
dyld[47802]: <26B44C48-BC70-38A8-AAF1-7EC18393E11F> /System/Library/Frameworks/ApplicationServices.framework/Versions/A/Frameworks/SpeechSynthesis.framework/Versions/A/SpeechSynthesis
dyld[47802]: <898384F5-D43B-3BCA-8383-3039E80CFA6D> /System/Library/PrivateFrameworks/SkyLight.framework/Versions/A/SkyLight
dyld[47802]: <27A05596-EDE4-3576-B061-D68EB1B6CAD5> /System/Library/PrivateFrameworks/FontServices.framework/libFontParser.dylib
dyld[47802]: <0C76F3C5-CD3B-3837-BAEB-0226751512F6> /System/Library/PrivateFrameworks/BaseBoard.framework/Versions/A/BaseBoard
dyld[47802]: <35DD2B0B-E814-3C04-89AE-04EB53AB64B2> /System/Library/PrivateFrameworks/BoardServices.framework/Versions/A/BoardServices
dyld[47802]: <822C92A9-C200-3DF8-A48F-04F6FC444EA2> /System/Library/PrivateFrameworks/BackBoardServices.framework/Versions/A/BackBoardServices
dyld[47802]: <83EA7238-159B-3156-8F5D-D84E4D94FAD2> /System/Library/PrivateFrameworks/BackBoardHIDEventFoundation.framework/Versions/A/BackBoardHIDEventFoundation
dyld[47802]: <197CDF27-438E-3EB7-BC35-0C466CCF17CD> /System/Library/Frameworks/CoreDisplay.framework/Versions/A/CoreDisplay
dyld[47802]: <586DC60D-A727-38F7-9156-CC98E30F284D> /System/Library/Frameworks/VideoToolbox.framework/Versions/A/VideoToolbox
dyld[47802]: <7835C05F-D662-38A0-83A8-CA317D2C915B> /System/Library/Frameworks/MetalPerformanceShaders.framework/Versions/A/MetalPerformanceShaders
dyld[47802]: <3B0EC42B-483E-3B2E-9320-4CB6664A302B> /System/Library/PrivateFrameworks/ProDisplayLibrary.framework/Versions/A/ProDisplayLibrary
dyld[47802]: <A4FA1F92-D834-3716-89C5-F0B7C0609744> /System/Library/PrivateFrameworks/IOSurfaceAccelerator.framework/Versions/A/IOSurfaceAccelerator
dyld[47802]: <E62B6554-CA42-3D79-B048-C5F6DEFA20CC> /System/Library/Frameworks/Metal.framework/Versions/A/Metal
dyld[47802]: <61E0BB2C-2B28-3B5A-8548-B2C19521DCAD> /System/Library/PrivateFrameworks/IOAccelerator.framework/Versions/A/IOAccelerator
dyld[47802]: <8149A6D5-5D34-3DE8-9F49-0C13EBA54A00> /System/Library/Frameworks/CoreMedia.framework/Versions/A/CoreMedia
dyld[47802]: <312C79A8-E961-3646-8528-3FC190FAAEA3> /System/Library/PrivateFrameworks/TCC.framework/Versions/A/TCC
dyld[47802]: <C3A8BEDA-D443-3239-93BC-1F77D6307526> /System/Library/PrivateFrameworks/WatchdogClient.framework/Versions/A/WatchdogClient
dyld[47802]: <F1BA3189-E95A-3ECA-B59A-5A6872754484> /System/Library/Frameworks/QuartzCore.framework/Versions/A/QuartzCore
dyld[47802]: <9A09DE9B-0772-325A-BBA2-8164DAB189BE> /System/Library/PrivateFrameworks/MultitouchSupport.framework/Versions/A/MultitouchSupport
dyld[47802]: <DDA5A4B3-59E6-319C-8061-FEFD39ADC8C7> /usr/lib/swift/libswiftAccelerate.dylib
dyld[47802]: <EFBE5ADA-3929-35CF-988E-7AED8B7FDE51> /usr/lib/swift/libswiftCoreAudio.dylib
dyld[47802]: <D1491CD7-17C3-36DB-8775-211B2F22C80F> /usr/lib/swift/libswiftCoreMedia.dylib
dyld[47802]: <10BCDD43-C5E6-38BF-99CA-54B6AD7A3EEA> /usr/lib/swift/libswiftMetal.dylib
dyld[47802]: <57A2CE5E-DAC3-35D2-9BED-6188DF518B70> /usr/lib/swift/libswiftOSLog.dylib
dyld[47802]: <C348816E-C511-356C-830B-5F690FA3AA69> /usr/lib/swift/libswiftQuartzCore.dylib
dyld[47802]: <D02B3C6D-7F89-3910-B160-7339E13B7778> /usr/lib/swift/libswiftUniformTypeIdentifiers.dylib
dyld[47802]: <E0458D1A-E650-3E6B-99A1-1882CC4A159A> /usr/lib/swift/libswiftVideoToolbox.dylib
dyld[47802]: <F83F1836-73D8-3B30-A8C4-FED0DA5E8CEC> /usr/lib/swift/libswiftsimd.dylib
dyld[47802]: <9A1B7F95-CF13-3127-85D4-9AAF491AF821> /System/Library/PrivateFrameworks/BiomeStorage.framework/Versions/A/BiomeStorage
dyld[47802]: <5DA57389-B626-3B6E-89E3-C724B0468F10> /System/Library/PrivateFrameworks/IntelligencePlatformLibrary.framework/Versions/A/IntelligencePlatformLibrary
dyld[47802]: <2E3DEAB0-737E-3412-9437-32EDB3086EA3> /System/Library/PrivateFrameworks/PoirotSchematizer.framework/Versions/A/PoirotSchematizer
dyld[47802]: <6D9F3228-2B0C-36ED-B43E-BC4148212971> /System/Library/PrivateFrameworks/BiomeSync.framework/Versions/A/BiomeSync
dyld[47802]: <D25EE534-F145-3A91-B92E-2BBDE76BB0B1> /System/Library/PrivateFrameworks/BiomeDSL.framework/Versions/A/BiomeDSL
dyld[47802]: <BC98F8FE-E39A-31DC-B2BB-F129D1352E1E> /System/Library/PrivateFrameworks/FeatureFlags.framework/Versions/A/FeatureFlags
dyld[47802]: <4B0C858E-68AE-32CF-8F62-B44B1838BBB6> /System/Library/PrivateFrameworks/PoirotUDFs.framework/Versions/A/PoirotUDFs
dyld[47802]: <866DBB51-99DA-38A9-A712-4E26BB5A5CE0> /usr/lib/swift/libswift_DarwinFoundation2.dylib
dyld[47802]: <995CB65C-A58D-38B3-A271-917FDB9F8C57> /usr/lib/swift/libswift_DarwinFoundation3.dylib
dyld[47802]: <89179061-46AF-3E0C-8F03-FF9F5ACEE211> /System/Library/PrivateFrameworks/CoreTime.framework/Versions/A/CoreTime
dyld[47802]: <2D429111-B58B-365E-8D8D-68DA82D20589> /usr/lib/libiconv.2.dylib
dyld[47802]: <7704B548-DB2D-3468-B301-82E8F026DDCE> /usr/lib/libcharset.1.dylib
dyld[47802]: <07B78F81-0131-32DA-9961-316C1C248338> /System/Library/PrivateFrameworks/PoirotSQLite.framework/Versions/A/PoirotSQLite
dyld[47802]: <6BA1B88C-B16D-3296-9322-F98613487F18> /usr/lib/swift/libswift_RegexParser.dylib
dyld[47802]: <327752A7-9364-352C-B3FD-79457DC3145C> /System/Library/PrivateFrameworks/CascadeSets.framework/Versions/A/CascadeSets
dyld[47802]: <39D6BD21-AFD7-3068-B747-B94A5D9F1C27> /System/Library/PrivateFrameworks/CorePhoneNumbers.framework/Versions/A/CorePhoneNumbers
dyld[47802]: <72E56855-8FE6-3262-9A11-B2F475119A93> /System/Library/PrivateFrameworks/AppleJPEG.framework/Versions/A/AppleJPEG
dyld[47802]: <6D02979F-089C-3FF7-B3EA-939E8810EDE7> /usr/lib/libexpat.1.dylib
dyld[47802]: <5855ECAC-2298-3B0A-A859-9E643E12010D> /System/Library/Frameworks/ImageIO.framework/Versions/A/Resources/libPng.dylib
dyld[47802]: <2E5FD6A0-0646-3F84-84A8-09F2BD58C56D> /System/Library/Frameworks/ImageIO.framework/Versions/A/Resources/libTIFF.dylib
dyld[47802]: <A4D144D0-C3D8-3BB6-962F-FDBC6DACC105> /System/Library/Frameworks/ImageIO.framework/Versions/A/Resources/libGIF.dylib
dyld[47802]: <FCBA3CD1-64C8-3BE1-AB50-450070167FA3> /System/Library/Frameworks/ImageIO.framework/Versions/A/Resources/libJP2.dylib
dyld[47802]: <8331A311-1C3F-37E5-A6FB-74FEB6D31D57> /usr/lib/libate.dylib
dyld[47802]: <30EA44B1-2A44-3415-A1B6-DD0ED2B7B306> /System/Library/Frameworks/ImageIO.framework/Versions/A/Resources/libJPEG.dylib
dyld[47802]: <2C186C82-66E0-369C-B2D4-1815FAB8AFB3> /System/Library/Frameworks/ImageIO.framework/Versions/A/Resources/libRadiance.dylib
dyld[47802]: <0E239D6E-4F69-3A3C-8F10-207AB9E53626> /System/Library/PrivateFrameworks/GPUCompiler.framework/Versions/32023/Libraries/libllvm-flatbuffers.dylib
dyld[47802]: <E0E4527F-02A1-3B8E-BC59-50596B14C725> /System/Library/PrivateFrameworks/FramePacing.framework/Versions/A/FramePacing
dyld[47802]: <A7E06810-96A7-320B-90FF-41FEC8996481> /System/Library/Frameworks/OpenGL.framework/Versions/A/Libraries/libCoreFSCache.dylib
dyld[47802]: <54727168-9032-3AF7-B571-3A52A508B761> /System/Library/PrivateFrameworks/GPUCompiler.framework/Versions/32023/Libraries/libGPUCompilerUtils.dylib
dyld[47802]: <3877C6C1-2A1C-3971-A39B-BFBCBD2316E4> /System/Library/PrivateFrameworks/GraphicsServices.framework/Versions/A/GraphicsServices
dyld[47802]: <4441E600-26A0-3A7E-A20A-4A4F239AA0D0> /System/Library/Frameworks/OpenGL.framework/Versions/A/OpenGL
dyld[47802]: <D7A8D43B-01FB-363F-9E04-E3AE9712247B> /System/Library/Frameworks/OpenGL.framework/Versions/A/Libraries/libGLU.dylib
dyld[47802]: <82D99F0A-0AE0-3187-AED3-F8EA8602892E> /System/Library/Frameworks/OpenGL.framework/Versions/A/Libraries/libGFXShared.dylib
dyld[47802]: <0467762E-9A84-3C53-B0F4-CA179E29A8CE> /System/Library/Frameworks/OpenGL.framework/Versions/A/Libraries/libGL.dylib
dyld[47802]: <CF163ACB-2E12-3036-AFBE-AAEC42E32A95> /System/Library/Frameworks/OpenGL.framework/Versions/A/Libraries/libGLImage.dylib
dyld[47802]: <DCF9371C-4D04-3524-B0A0-0E0A93183BFB> /System/Library/Frameworks/OpenGL.framework/Versions/A/Libraries/libCVMSPluginSupport.dylib
dyld[47802]: <9879D439-C0AD-3A93-9050-4C0AE6C7DD07> /System/Library/Frameworks/OpenGL.framework/Versions/A/Libraries/libCoreVMClient.dylib
dyld[47802]: <FB88FA95-68C1-3573-B8A4-815488BDA4E6> /System/Library/PrivateFrameworks/GPUWrangler.framework/Versions/A/GPUWrangler
dyld[47802]: <60E38601-35DB-3D90-80C0-BB19848CFED7> /System/Library/PrivateFrameworks/IOPresentment.framework/Versions/A/IOPresentment
dyld[47802]: <F5D64A73-D6D9-380E-BF44-10544E2465B6> /System/Library/PrivateFrameworks/DSExternalDisplay.framework/Versions/A/DSExternalDisplay
dyld[47802]: <9FD68D8C-8D94-32D2-A41C-97A66C2E4BB6> /System/Library/PrivateFrameworks/VideoToolboxParavirtualizationSupport.framework/Versions/A/VideoToolboxParavirtualizationSupport
dyld[47802]: <7EB7686D-74B9-385B-A60F-25F9C97AD46B> /System/Library/PrivateFrameworks/AppleVA.framework/Versions/A/AppleVA
dyld[47802]: <1E88A46B-6D6B-3648-968B-01532612E28C> /System/Library/Frameworks/ExtensionFoundation.framework/Versions/A/ExtensionFoundation
dyld[47802]: <7AEF5F35-87FB-36B6-9347-BFB7DE09B133> /System/Library/PrivateFrameworks/CMCaptureCore.framework/Versions/A/CMCaptureCore
dyld[47802]: <866F4ACD-D94B-3BD7-8B90-573A51A8CEDF> /usr/lib/libspindump.dylib
dyld[47802]: <2E3313F7-C583-3D6C-A88B-37AF8B4C56F0> /System/Library/Frameworks/CoreAudio.framework/Versions/A/CoreAudio
dyld[47802]: <D54F06FB-C477-3A05-9C9F-A02CF013F926> /System/Library/PrivateFrameworks/AppServerSupport.framework/Versions/A/AppServerSupport
dyld[47802]: <8BDF1C32-455B-3FEF-A6E4-ECD49074CA07> /System/Library/PrivateFrameworks/perfdata.framework/Versions/A/perfdata
dyld[47802]: <71BD1CD7-CD33-3689-9EFF-12FAD75B97E5> /System/Library/PrivateFrameworks/AudioDSPGraph.framework/Versions/A/AudioDSPGraph
dyld[47802]: <668AAB07-F503-3EB4-A382-F01FB60269FB> /System/Library/PrivateFrameworks/AudioToolboxCore.framework/Versions/A/AudioToolboxCore
dyld[47802]: <725DE236-E4BB-34E0-A155-46A974629A81> /System/Library/PrivateFrameworks/caulk.framework/Versions/A/caulk
dyld[47802]: <573E42C2-BB6F-3E6C-BA4C-A7689728B174> /usr/lib/libAudioStatistics.dylib
dyld[47802]: <99C955D1-07A3-3FE9-922A-BC678E2EA454> /System/Library/PrivateFrameworks/SystemPolicy.framework/Versions/A/SystemPolicy
dyld[47802]: <08EEC0C2-F56C-3BB9-992A-160E5AAAEB56> /usr/lib/libSMC.dylib
dyld[47802]: <5491E4A8-56A3-3EBC-AC8E-B2D69CB34E32> /usr/lib/swift/libswiftCoreMIDI.dylib
dyld[47802]: <29F750A3-0A23-3C21-8C79-4A2D22F7BE8B> /System/Library/Frameworks/CoreMIDI.framework/Versions/A/CoreMIDI
dyld[47802]: <E83E83E4-F6D9-36B1-A7C8-1391F6E5D4E7> /usr/lib/libAudioToolboxUtility.dylib
dyld[47802]: <0D2BC538-CE70-3EFD-B277-6B12CEED8EC7> /usr/lib/libperfcheck.dylib
dyld[47802]: <AAD9FBE3-5777-3ED9-930F-1B5F492CDFA6> /System/Library/PrivateFrameworks/AudioAnalytics.framework/Versions/A/AudioAnalytics
dyld[47802]: <BFBCF2EC-4BC5-3941-AE6B-3F5BEF2C2296> /System/Library/Frameworks/OSLog.framework/Versions/A/OSLog
dyld[47802]: <C6FCA282-6ABB-38D2-9683-C6A229CCD92B> /System/Library/PrivateFrameworks/OSEligibility.framework/Versions/A/OSEligibility
dyld[47802]: <D170449C-D007-358E-A189-0CAA6CF8D01F> /System/Library/PrivateFrameworks/IconServices.framework/Versions/A/IconServices
dyld[47802]: <FAF6A95A-EDAC-3CEF-AE8A-44C9A4C12AA2> /System/Library/Frameworks/LightweightCodeRequirements.framework/Versions/A/LightweightCodeRequirements
dyld[47802]: <0F0E3B26-14CC-3248-B8FC-F55458E643C1> /System/Library/PrivateFrameworks/PlugInKit.framework/Versions/A/PlugInKit
dyld[47802]: <5F47F3F1-ADF5-35A7-8ADF-9C850F05C96E> /System/Library/PrivateFrameworks/AssertionServices.framework/Versions/A/AssertionServices
dyld[47802]: <4575E49F-BCA8-34CC-8027-BCE51ACDB678> /System/Library/PrivateFrameworks/IconFoundation.framework/Versions/A/IconFoundation
dyld[47802]: <55C4846B-FB15-31BB-81A1-FE1EE773650D> /System/Library/PrivateFrameworks/AssistantServices.framework/Versions/A/AssistantServices
dyld[47802]: <F4165CF9-0759-306E-8253-D5A316F8C87C> /System/Library/PrivateFrameworks/IconRendering.framework/Versions/A/IconRendering
dyld[47802]: <4866A12C-9F52-3ECE-A0C4-55F9E0FD065C> /System/Library/PrivateFrameworks/CoreUI.framework/Versions/A/CoreUI
dyld[47802]: <0B0C1F98-570E-38B6-A749-5A2239DCB0B7> /System/Library/Frameworks/CoreImage.framework/Versions/A/CoreImage
dyld[47802]: <262D0D2A-7A75-3343-AEB9-1294F6DC8118> /System/Library/PrivateFrameworks/SFSymbols.framework/Versions/A/SFSymbols
dyld[47802]: <CB99B5A9-3254-3174-A216-CCE7299B7E49> /System/Library/Frameworks/DeveloperToolsSupport.framework/Versions/A/DeveloperToolsSupport
dyld[47802]: <F7ECFEE8-BD23-380C-B96F-D1C588B8E735> /System/Library/PrivateFrameworks/RenderBox.framework/Versions/A/RenderBox
dyld[47802]: <3F803C87-C3A7-3DF6-B51B-8AADBFEC915C> /System/Library/PrivateFrameworks/CoreSVG.framework/Versions/A/CoreSVG
dyld[47802]: <2EA07A48-1ADC-3A77-9A3A-596142804F26> /System/Library/PrivateFrameworks/TextureIO.framework/Versions/A/TextureIO
dyld[47802]: <804A03E9-5942-312F-A1AA-8638FD385C1C> /usr/lib/swift/libswiftCoreImage.dylib
dyld[47802]: <BCE53558-0DC1-3670-8AD8-00315C2C7A8B> /System/Library/PrivateFrameworks/GraphVisualizer.framework/Versions/A/GraphVisualizer
dyld[47802]: <76B6A89A-771D-3946-8628-2DECF6188233> /System/Library/PrivateFrameworks/FontServices.framework/Versions/A/FontServices
dyld[47802]: <3CBB2906-8FEF-300A-8F84-1A61263AAB2C> /System/Library/PrivateFrameworks/OTSVG.framework/Versions/A/OTSVG
dyld[47802]: <2E43B513-D03C-3AE1-81C4-7B2ADBB6369E> /System/Library/Frameworks/ApplicationServices.framework/Versions/A/Frameworks/ATS.framework/Versions/A/Resources/libFontRegistry.dylib
dyld[47802]: <D0AD39A1-B981-345D-A8AE-F4DD33ACD224> /usr/lib/libhvf.dylib
dyld[47802]: <DC0A782B-37B2-3DB2-929B-C355C657DBA0> /System/Library/PrivateFrameworks/ParsingInternal.framework/Versions/A/ParsingInternal
dyld[47802]: <749892C3-5510-33F1-A268-8C2EBCAA0F35> /System/Library/PrivateFrameworks/FontServices.framework/libXTFontStaticRegistryData.dylib
dyld[47802]: <1C8768D1-ADC9-32F8-9B19-75F5B361342C> /System/Library/Frameworks/MetalPerformanceShaders.framework/Versions/A/Frameworks/MPSCore.framework/Versions/A/MPSCore
dyld[47802]: <C36504AE-AF4B-3BBB-B4C4-2AF4E3180B9C> /System/Library/Frameworks/MetalPerformanceShaders.framework/Versions/A/Frameworks/MPSImage.framework/Versions/A/MPSImage
dyld[47802]: <16ECC4C3-132A-3566-BA81-3A9857E6ECA3> /System/Library/Frameworks/MetalPerformanceShaders.framework/Versions/A/Frameworks/MPSNeuralNetwork.framework/Versions/A/MPSNeuralNetwork
dyld[47802]: <306ACCB4-2F1F-3292-87FD-0E65488119D9> /System/Library/Frameworks/MetalPerformanceShaders.framework/Versions/A/Frameworks/MPSMatrix.framework/Versions/A/MPSMatrix
dyld[47802]: <E53B1901-AED1-3258-9EBD-06F0A617F8CC> /System/Library/Frameworks/MetalPerformanceShaders.framework/Versions/A/Frameworks/MPSRayIntersector.framework/Versions/A/MPSRayIntersector
dyld[47802]: <EE7ACF8A-08BA-38FB-BAF9-A041B5C1647F> /System/Library/Frameworks/MetalPerformanceShaders.framework/Versions/A/Frameworks/MPSNDArray.framework/Versions/A/MPSNDArray
dyld[47802]: <BF31F15F-31CD-395D-AC73-4184B3B369BA> /System/Library/Frameworks/MetalPerformanceShaders.framework/Versions/A/Frameworks/MPSFunctions.framework/Versions/A/MPSFunctions
dyld[47802]: <64E0C8EB-73F2-3B9F-BA62-5011816127E5> /System/Library/Frameworks/MetalPerformanceShaders.framework/Versions/A/Frameworks/MPSBenchmarkLoop.framework/Versions/A/MPSBenchmarkLoop
dyld[47802]: <017CF55F-3554-395F-96CE-3162C11DF459> /System/Library/Frameworks/MetalPerformanceShaders.framework/Versions/A/Frameworks/MPSHost.framework/Versions/A/MPSHost
dyld[47802]: <828164D8-1D9C-3284-BEB6-94E4A14D789F> /System/Library/PrivateFrameworks/MetalTools.framework/Versions/A/MetalTools
dyld[47802]: <818ED21F-78B0-35A6-8759-A7ECABF2BFC8> /System/Library/PrivateFrameworks/IOAccelMemoryInfo.framework/Versions/A/IOAccelMemoryInfo
dyld[47802]: <983D9B3D-E395-3028-A6C5-53A3A18B6604> /System/Library/PrivateFrameworks/kperf.framework/Versions/A/kperf
dyld[47802]: <F8E5C533-6122-3B5D-B88A-A47C32109A9A> /System/Library/PrivateFrameworks/GPURawCounter.framework/Versions/A/GPURawCounter
dyld[47802]: <1DB46CCA-B13C-3959-BC00-924F576CB767> /System/Library/PrivateFrameworks/ASEProcessing.framework/Versions/A/ASEProcessing
dyld[47802]: <4102CB7D-49E9-345A-A779-3AE810B87268> /System/Library/PrivateFrameworks/Symbolication.framework/Versions/A/Symbolication
dyld[47802]: <1D4A69BF-58CF-3D49-A5FE-060A6882656F> /System/Library/PrivateFrameworks/PhotosensitivityProcessing.framework/Versions/A/PhotosensitivityProcessing
dyld[47802]: <AE03A46C-9FB6-374D-B37E-9718D375A651> /System/Library/PrivateFrameworks/SILManager.framework/Versions/A/SILManager
dyld[47802]: <330E7EFA-BC89-312E-BCB8-7B1DF5D9DE3A> /System/Library/PrivateFrameworks/CoreSymbolication.framework/Versions/A/CoreSymbolication
dyld[47802]: <8719F16D-7F55-3975-998C-06005D5DDC68> /System/Library/PrivateFrameworks/MallocStackLogging.framework/Versions/A/MallocStackLogging
dyld[47802]: <9B8E1A80-3FE3-39C1-A2FD-47BA6DFA959D> /System/Library/PrivateFrameworks/DebugSymbols.framework/Versions/A/DebugSymbols
dyld[47802]: <D89BF7AA-5A74-3F60-B20C-8250BD62F6B4> /System/Library/PrivateFrameworks/OSAnalytics.framework/Versions/A/OSAnalytics
dyld[47802]: <34A24CD5-073C-3E55-8D5F-83818DFCB057> /System/Library/PrivateFrameworks/DeviceRecovery.framework/Versions/A/DeviceRecovery
dyld[47802]: <5BD8491A-8C15-3964-9B0F-B1C9369DC3FC> /System/Library/PrivateFrameworks/Tightbeam.framework/Versions/A/Tightbeam
dyld[47802]: <B5EAFB22-7AE0-343B-95BB-7BB58955A702> /usr/lib/swift/libswiftCompression.dylib
dyld[47802]: <5F0A0B0B-7997-351F-99D8-0517689BBABD> /System/Library/PrivateFrameworks/AFKUser.framework/Versions/A/AFKUser
dyld[47802]: <CA3F2D29-2FCB-3DF4-ADA9-94072A8A6CBD> /System/Library/Frameworks/ApplicationServices.framework/Versions/A/Frameworks/ATSUI.framework/Versions/A/ATSUI
dyld[47802]: <85AB42E3-076F-3B68-ACCF-98625AA5E3D9> /System/Library/PrivateFrameworks/SAObjects.framework/Versions/A/SAObjects
dyld[47802]: <A329E39B-D87D-356B-AA05-3A30CC0DBEEF> /System/Library/Frameworks/AudioToolbox.framework/Versions/A/AudioToolbox
dyld[47802]: <459BA19D-9D3F-32BB-9BE4-176D95B85BCF> /System/Library/PrivateFrameworks/MediaRemote.framework/Versions/A/MediaRemote
dyld[47802]: <DCCDD83A-C276-3DD3-8F2E-6D3B899BB586> /System/Library/Frameworks/UserNotifications.framework/Versions/A/UserNotifications
dyld[47802]: <F12A1855-5F99-3D8A-AA13-23CA64268CD7> /System/Library/PrivateFrameworks/SiriInstrumentation.framework/Versions/A/SiriInstrumentation
dyld[47802]: <10891579-226D-3750-91A9-D98D111EA3BA> /System/Library/PrivateFrameworks/SiriAnalytics.framework/Versions/A/SiriAnalytics
dyld[47802]: <0C21B87C-6478-362B-AF45-D3A1D4A83FCF> /System/Library/PrivateFrameworks/SiriTTSService.framework/Versions/A/SiriTTSService
dyld[47802]: <5D8E0ADB-8A76-34C1-92D6-AF35C7EA73CF> /System/Library/PrivateFrameworks/SiriCrossDeviceArbitration.framework/Versions/A/SiriCrossDeviceArbitration
dyld[47802]: <784C4442-B822-3412-AF09-A1E753DDFFA3> /System/Library/PrivateFrameworks/FeedbackLogger.framework/Versions/A/FeedbackLogger
dyld[47802]: <760531A3-5E19-39C5-84B1-A445B2A50129> /System/Library/PrivateFrameworks/FaceTimeNameUtility.framework/Versions/A/FaceTimeNameUtility
dyld[47802]: <033D0C7B-216E-3D54-AD8C-B83BDE9B4F2D> /System/Library/PrivateFrameworks/AuthKit.framework/Versions/A/AuthKit
dyld[47802]: <D04C8621-DE39-35FD-9351-1627B71F02DC> /System/Library/PrivateFrameworks/SiriCrossDeviceArbitrationFeedback.framework/Versions/A/SiriCrossDeviceArbitrationFeedback
dyld[47802]: <E410F3F8-843C-3FCA-968C-3C864D829AF2> /usr/lib/swift/libswiftCoreLocation.dylib
dyld[47802]: <373189AA-6180-34D7-BA84-6BE401E4E1B9> /usr/lib/swift/libswiftAVFoundation.dylib
dyld[47802]: <3E7267BC-3D63-3785-8279-A8823C9C758F> /System/Library/PrivateFrameworks/UIKitServices.framework/Versions/A/UIKitServices
dyld[47802]: <83745C57-DE3B-394D-A83A-D71C79F3A8B9> /System/Library/PrivateFrameworks/UnifiedAssetFramework.framework/Versions/A/UnifiedAssetFramework
dyld[47802]: <5FEF75E9-F1DD-3FA9-A8B0-81277371B8FC> /System/Library/PrivateFrameworks/AudioSession.framework/Versions/A/AudioSession
dyld[47802]: <FA90EFCA-B936-357B-BF18-16A0FB34B9E9> /System/Library/PrivateFrameworks/MediaExperience.framework/Versions/A/MediaExperience
dyld[47802]: <BBC3CD71-264B-3C66-A2C0-5D4D266256EA> /System/Library/PrivateFrameworks/AudioSession.framework/libSessionUtility.dylib
dyld[47802]: <DD4B10E2-D4D6-3490-A745-33527E18CAAA> /System/Library/PrivateFrameworks/AudioAccessoryServices.framework/Versions/A/AudioAccessoryServices
dyld[47802]: <E3CE1636-EE20-35AF-B55A-F42B7B266EA4> /System/Library/Frameworks/CoreBluetooth.framework/Versions/A/CoreBluetooth
dyld[47802]: <51458515-C89E-317A-850D-182764F322EE> /System/Library/PrivateFrameworks/CoreUtils.framework/Versions/A/CoreUtils
dyld[47802]: <C9A86813-25EE-3439-8F66-A83F1A5015EC> /System/Library/PrivateFrameworks/HID.framework/Versions/A/HID
dyld[47802]: <F1FB23C7-7BB9-3B7C-87A2-7CA7F343ED61> /System/Library/PrivateFrameworks/Sharing.framework/Versions/A/Sharing
dyld[47802]: <D18AF20A-1BF0-383C-9E97-96CDCECE07A7> /System/Library/PrivateFrameworks/CoreUtilsExtras.framework/Versions/A/CoreUtilsExtras
dyld[47802]: <5A300AF2-96D7-3A85-ACA6-9084A7C40C6D> /System/Library/PrivateFrameworks/IO80211.framework/Versions/A/IO80211
dyld[47802]: <963A1CA0-DEBD-3341-81A2-DB5B34283C7B> /System/Library/PrivateFrameworks/IDSFoundation.framework/Versions/A/IDSFoundation
dyld[47802]: <8F99AE0B-A693-349F-8904-B70ECB1C86AA> /System/Library/PrivateFrameworks/Apple80211.framework/Versions/A/Apple80211
dyld[47802]: <9C05D8FD-3F10-3476-8A3C-501966EA13D2> /System/Library/Frameworks/CoreWLAN.framework/Versions/A/CoreWLAN
dyld[47802]: <604B1733-3682-3AF6-9F07-C85C999F3131> /System/Library/Frameworks/IOBluetooth.framework/Versions/A/IOBluetooth
dyld[47802]: <F11740D9-FE8D-38B3-99A9-666EE022F7A7> /usr/lib/swift/libswiftRegexBuilder.dylib
dyld[47802]: <1F2E4950-8060-35D0-B598-D2196F2728B3> /System/Library/PrivateFrameworks/IMFoundation.framework/Versions/A/IMFoundation
dyld[47802]: <462A888C-46C7-324A-8A18-4053C6CB2961> /System/Library/PrivateFrameworks/Marco.framework/Versions/A/Marco
dyld[47802]: <736A1792-0123-3722-822B-495B27044953> /System/Library/PrivateFrameworks/CommonUtilities.framework/Versions/A/CommonUtilities
dyld[47802]: <E78D4693-B886-3DE1-A029-497B47261DA3> /System/Library/PrivateFrameworks/Engram.framework/Versions/A/Engram
dyld[47802]: <1ACD9883-DEC9-3AF0-9E28-B11F4E1DC3F9> /System/Library/PrivateFrameworks/XPCDistributed.framework/Versions/A/XPCDistributed
dyld[47802]: <AFE528E7-451E-3EE9-8E02-7693A2C391B9> /usr/lib/libtidy.A.dylib
dyld[47802]: <C579F691-0120-3BEC-9993-E3CD5F7105A3> /System/Library/PrivateFrameworks/Bom.framework/Versions/A/Bom
dyld[47802]: <82153ECE-36A2-3514-87DE-3B8A53E96727> /usr/lib/libParallelCompression.dylib
dyld[47802]: <68CCF67B-1C66-30C0-9135-00BA5B75586F> /usr/lib/libIOReport.dylib
dyld[47802]: <0D7C76A0-047B-398E-B2A8-FD4705F72E5D> /System/Library/PrivateFrameworks/WiFiPeerToPeer.framework/Versions/A/WiFiPeerToPeer
dyld[47802]: <E5FF4EE4-5A8B-3CBA-BA37-3FE6C7012B0D> /System/Library/Frameworks/SecurityFoundation.framework/Versions/A/SecurityFoundation
dyld[47802]: <E2954A31-B31C-3C9B-A7F9-12CAEC0D1D4E> /System/Library/PrivateFrameworks/Centauri.framework/Versions/A/Centauri
dyld[47802]: <65CFA8A7-E7D2-383A-9C47-D2AF8A46AA22> /System/Library/PrivateFrameworks/Lexicon.framework/Versions/A/Lexicon
dyld[47802]: <188D929F-E81D-3922-BCB4-8D34B4E75EA7> /usr/lib/libmrc.dylib
dyld[47802]: <783A3989-84DE-3340-9292-052A10B7DAD7> /System/Library/PrivateFrameworks/IPConfiguration.framework/Versions/A/IPConfiguration
dyld[47802]: <ECFD5323-6A6A-3231-B90E-57E1332B0122> /System/Library/PrivateFrameworks/Netrb.framework/Versions/A/Netrb
dyld[47802]: <A34C688D-A13A-3625-934C-801A13990594> /System/Library/PrivateFrameworks/FrontBoardServices.framework/Versions/A/FrontBoardServices
dyld[47802]: <604E97FC-C938-306C-9DBB-36B10AFFBA39> /usr/lib/libgermantok.dylib
dyld[47802]: <B5E076A6-50D6-3B48-AACD-E1FC575BDCEE> /System/Library/PrivateFrameworks/LinguisticData.framework/Versions/A/LinguisticData
dyld[47802]: <7EDD9E23-5D91-344A-812B-CFD814180C55> /System/Library/PrivateFrameworks/MultiverseSupport.framework/Versions/A/MultiverseSupport
dyld[47802]: <1AFFCA76-E71A-385E-A3C8-968CDBE9E57D> /System/Library/PrivateFrameworks/DiskManagement.framework/Versions/A/DiskManagement
dyld[47802]: <4B693927-5B0A-364E-BC11-F560B1D707FE> /System/Library/PrivateFrameworks/AppleIDAuthSupport.framework/Versions/A/AppleIDAuthSupport
dyld[47802]: <0E5752E3-313E-3B50-9FB4-DB13FECB0BD7> /System/Library/PrivateFrameworks/AAAFoundation.framework/Versions/A/AAAFoundation
dyld[47802]: <B9966194-B1A6-3ED2-98C9-0D4B49D2617E> /System/Library/PrivateFrameworks/KeychainCircle.framework/Versions/A/KeychainCircle
dyld[47802]: <5ED2FD61-010A-3627-92E8-151E71B739D8> /System/Library/PrivateFrameworks/URLFormatting.framework/Versions/A/URLFormatting
dyld[47802]: <7EE79F42-1420-301B-A9FF-2A63A4023C91> /usr/lib/libcsfde.dylib
dyld[47802]: <AA8EDD1F-E406-3164-9FB9-BB0C61256AFF> /usr/lib/libCoreStorage.dylib
dyld[47802]: <80627B52-C5CE-3DC4-A12D-D15FE46A62BA> /System/Library/PrivateFrameworks/MediaKit.framework/Versions/A/MediaKit
dyld[47802]: <4C6BBB60-2884-3DC8-9FCB-472BCD087D84> /System/Library/Frameworks/DiscRecording.framework/Versions/A/DiscRecording
dyld[47802]: <96666EFB-8A3D-30BB-950A-9DDC1DB3F59D> /System/Library/PrivateFrameworks/ProtectedCloudStorage.framework/Versions/A/ProtectedCloudStorage
dyld[47802]: <1E0D7C92-7F70-34BE-9D61-9F7F4781EBE4> /System/Library/PrivateFrameworks/EFILogin.framework/Versions/A/EFILogin
dyld[47802]: <E1A205BF-B3FB-31BF-8685-6D46BA78891E> /usr/lib/libheimdal-asn1.dylib
dyld[47802]: <E2BDB12D-C844-3770-9411-0E35049ECB5E> /System/Library/PrivateFrameworks/OctagonTrust.framework/Versions/A/OctagonTrust
dyld[47802]: <2DF001A3-1D2B-3847-A2FC-79104BDC0783> /System/Library/Frameworks/AudioUnit.framework/Versions/A/AudioUnit
dyld[47802]: <EE42062E-8EDF-332C-98C1-03464732CA4A> /System/Library/Frameworks/OpenDirectory.framework/Versions/A/OpenDirectory
dyld[47802]: <90CA166B-D72F-3584-BF0B-8797CFFA959E> /System/Library/Frameworks/OpenDirectory.framework/Versions/A/Frameworks/CFOpenDirectory.framework/Versions/A/CFOpenDirectory
dyld[47802]: <40753222-0047-3DE4-954C-5879C584A975> /System/Library/PrivateFrameworks/GeoServices.framework/Versions/A/GeoServices
dyld[47802]: <FDD11407-B7F3-331B-B53D-32081A2D1AED> /System/Library/PrivateFrameworks/LocationSupport.framework/Versions/A/LocationSupport
dyld[47802]: <23D11648-1076-3BD7-BFD5-CA4A6B9AE066> /System/Library/PrivateFrameworks/GeoServicesCore.framework/Versions/A/GeoServicesCore
dyld[47802]: <524F80A2-1ACD-3FA7-9D74-1F47697294EB> /System/Library/PrivateFrameworks/PhoneNumbers.framework/Versions/A/PhoneNumbers
dyld[47802]: <2A2AE353-0BCE-3AF5-8C2B-1B5F1F0656E7> /System/Library/PrivateFrameworks/LocationLogEncryption.framework/Versions/A/LocationLogEncryption
dyld[47802]: <CF6E08AD-C2EC-3A40-8537-0D2BDA291D31> /System/Library/Frameworks/AVFAudio.framework/Versions/A/AVFAudio
dyld[47802]: <7924633C-6200-3B69-884D-A6E5527CA4B5> /System/Library/Frameworks/AVRouting.framework/Versions/A/AVRouting
dyld[47802]: <2FFD2C50-D8C7-3D4F-AB17-10C8DDD4ECC0> /usr/lib/libAccessibility.dylib
dyld[47802]: <E47B5590-4F10-352D-806F-E1FAACE16809> /System/Library/PrivateFrameworks/MediaServices.framework/Versions/A/MediaServices
dyld[47802]: <1F5A6198-4F24-3980-A96A-DA16430B882B> /System/Library/PrivateFrameworks/IDS.framework/Versions/A/IDS
dyld[47802]: <4228A6FB-1852-34DA-A9A6-9B22346DC839> /System/Library/PrivateFrameworks/IsolatedCoreAudioClient.framework/Versions/A/IsolatedCoreAudioClient
dyld[47802]: <9B662466-E585-34C6-9A2F-38F865966314> /System/Library/PrivateFrameworks/CoreAudioOrchestration.framework/Versions/A/CoreAudioOrchestration
dyld[47802]: <BE8AD136-C9D0-3589-A37D-4A93E7646FC5> /System/Library/Frameworks/MediaToolbox.framework/Versions/A/MediaToolbox
dyld[47802]: <C024D081-EF4D-347B-B00F-08CE310BC6E6> /System/Library/PrivateFrameworks/CoreAVCHD.framework/Versions/A/CoreAVCHD
dyld[47802]: <544DDE9D-EF38-3D98-B16A-00361208DABA> /System/Library/Frameworks/MediaAccessibility.framework/Versions/A/MediaAccessibility
dyld[47802]: <1845678B-2A2E-3D8F-B05E-3D5054E40973> /System/Library/PrivateFrameworks/Mangrove.framework/Versions/A/Mangrove
dyld[47802]: <83720246-3181-37EB-AE16-01967CC80DAF> /System/Library/PrivateFrameworks/CMPhoto.framework/Versions/A/CMPhoto
dyld[47802]: <C6CCE499-C57B-3499-8BBF-B1F036A037F3> /System/Library/Frameworks/CoreTelephony.framework/Versions/A/CoreTelephony
dyld[47802]: <7C1C3A7F-6247-33D2-B4B8-375AA417817E> /System/Library/PrivateFrameworks/CoreAUC.framework/Versions/A/CoreAUC
dyld[47802]: <BF6FC404-E3BB-3740-896C-B7BF4193B547> /System/Library/PrivateFrameworks/AppleJPEGXL.framework/Versions/A/AppleJPEGXL
dyld[47802]: <3AD5EDAE-8A75-3E29-AA40-63912718CEC9> /usr/lib/libTelephonyUtilDynamic.dylib
dyld[47802]: <8A415D0E-18E7-3C99-B89D-14805F500FB0> /System/Library/Frameworks/CryptoKit.framework/Versions/A/CryptoKit
dyld[47802]: <73EA0865-BCC3-3084-A011-93CD0A55C4EF> /System/Library/PrivateFrameworks/CryptoKitCBridging.framework/Versions/A/CryptoKitCBridging
dyld[47802]: <B214381B-F0CF-3F0E-B2B5-187CBF29616F> /System/Library/Frameworks/CryptoTokenKit.framework/Versions/A/CryptoTokenKit
dyld[47802]: <A68DE487-B65B-390A-A82B-6B62956B353F> /System/Library/Frameworks/LocalAuthentication.framework/Versions/A/LocalAuthentication
dyld[47802]: <53C1AF34-43D2-3DAA-9062-D295F72BFDF3> /System/Library/PrivateFrameworks/LocalAuthenticationCore.framework/Versions/A/LocalAuthenticationCore
dyld[47802]: <251AA620-1546-3DF5-8EFF-B9F9463112D0> /System/Library/PrivateFrameworks/LocalAuthenticationCredentialServices.framework/Versions/A/LocalAuthenticationCredentialServices
dyld[47802]: <957A2E58-89EE-36DE-9213-2E23DB420C7F> /System/Library/Frameworks/LocalAuthentication.framework/Support/SharedUtils.framework/Versions/A/SharedUtils
dyld[47802]: <8A83CAEF-70FC-39B2-A1C9-F312BD81B8D5> /System/Library/PrivateFrameworks/PersistentConnection.framework/Versions/A/PersistentConnection
dyld[47802]: <DA5DF9EF-9649-3931-B1CF-606D0B1A2BE5> /System/Library/PrivateFrameworks/SonicFoundation.framework/Versions/A/SonicFoundation
dyld[47802]: <9F9CDD5B-1D43-3CF4-8B88-4938A6637AF5> /System/Library/PrivateFrameworks/AsyncAlgorithmsInternal.framework/Versions/A/AsyncAlgorithmsInternal
dyld[47802]: <95BAC2EC-84F7-3448-A4C3-AA2F920867C6> /System/Library/PrivateFrameworks/FTAWD.framework/Versions/A/FTAWD
dyld[47802]: <EDAA9D64-779E-34FE-83D2-DF4EF35BAA59> /System/Library/PrivateFrameworks/Dendrite.framework/Versions/A/Dendrite
dyld[47802]: <924805FA-0938-34FA-B76A-4051A087CD65> /usr/lib/libtailspin.dylib
dyld[47802]: <4FB12471-97FF-306E-B552-B481203A8E1B> /System/Library/PrivateFrameworks/Osprey.framework/Versions/A/Osprey
dyld[47802]: <7EE764AE-8E9B-35DB-8839-EE01750F25AB> /System/Library/PrivateFrameworks/SiriTTS.framework/Versions/A/SiriTTS
dyld[47802]: <A896B215-2D9E-37D6-8803-9316AEBF6AF5> /System/Library/Frameworks/NaturalLanguage.framework/Versions/A/NaturalLanguage
dyld[47802]: <478FDFD4-2C36-32BB-9087-F466F0242B69> /System/Library/PrivateFrameworks/GenerativeModels.framework/Versions/A/GenerativeModels
dyld[47802]: <6B95CE76-E69D-3598-AADC-E738C94A43BD> /System/Library/PrivateFrameworks/SiriPowerInstrumentation.framework/Versions/A/SiriPowerInstrumentation
dyld[47802]: <7BC8461C-23ED-39CA-868E-17A68FAFC5AE> /usr/lib/swift/libswiftNaturalLanguage.dylib
dyld[47802]: <247E2F35-65F7-3834-AF0C-532F577FDF23> /System/Library/PrivateFrameworks/TailspinSymbolication.framework/Versions/A/TailspinSymbolication
dyld[47802]: <F0BAA541-E9E2-307A-89AE-42558D70DF45> /System/Library/PrivateFrameworks/Darwinup.framework/Versions/A/Darwinup
dyld[47802]: <ED143A95-22A5-38A0-AFC5-DA00945392EC> /System/Library/PrivateFrameworks/SignpostSupport.framework/Versions/A/SignpostSupport
dyld[47802]: <3DB3AF5E-12BD-3E05-92D8-6DDC488D5633> /System/Library/PrivateFrameworks/FeatureFlagsSupport.framework/Versions/A/FeatureFlagsSupport
dyld[47802]: <86614A25-EE71-3F84-9F47-99671A11803D> /System/Library/PrivateFrameworks/ktrace.framework/Versions/A/ktrace
dyld[47802]: <3C627164-84D9-35A4-AC4D-52A99B7652F0> /System/Library/PrivateFrameworks/SampleAnalysis.framework/Versions/A/SampleAnalysis
dyld[47802]: <4517DDDB-265A-3561-82F9-41E06C6A17A8> /System/Library/PrivateFrameworks/kperfdata.framework/Versions/A/kperfdata
dyld[47802]: <3F0E2B57-6317-3262-BA3D-8A069524F8A5> /usr/lib/libdscsym.dylib
dyld[47802]: <8DCD3201-0098-3106-8870-62A8504F26CE> /System/Library/PrivateFrameworks/AppleMobileFileIntegrity.framework/Versions/A/AppleMobileFileIntegrity
dyld[47802]: <FC95DB95-FCA7-3F42-B435-20575B99CF3A> /System/Library/PrivateFrameworks/BulkSymbolication.framework/Versions/A/BulkSymbolication
dyld[47802]: <142382DC-3D11-3191-84F4-6F39BD1C622C> /usr/lib/libTLE.dylib
dyld[47802]: <0E970B22-63D9-3794-9766-24A3FD8BD273> /usr/lib/libmis.dylib
dyld[47802]: <5FD96939-8D4B-3228-A1F8-100EF174A0D4> /System/Library/PrivateFrameworks/ConfigProfileHelper.framework/Versions/A/ConfigProfileHelper
dyld[47802]: <51BD41DD-616A-382D-B1B2-C11BE8C9953A> /System/Library/PrivateFrameworks/Espresso.framework/Versions/A/Espresso
dyld[47802]: <EDA0F204-8438-3398-91ED-C0E4212C8734> /System/Library/Frameworks/CoreML.framework/Versions/A/CoreML
dyld[47802]: <308A1DB0-C29C-33AF-9AE2-1F8E4E607152> /usr/lib/libedit.3.dylib
dyld[47802]: <BABCC719-40D5-3EAB-B20F-F0F1EB329A3E> /System/Library/PrivateFrameworks/ANECompiler.framework/Versions/A/ANECompiler
dyld[47802]: <1969F88C-4A7F-3B4B-BC08-D3EE33F4D27D> /System/Library/PrivateFrameworks/AppleNeuralEngine.framework/Versions/A/AppleNeuralEngine
dyld[47802]: <E72BAD3A-0E33-3FC5-8356-3B3176382CB1> /System/Library/PrivateFrameworks/MIL.framework/Versions/A/MIL
dyld[47802]: <BBB4C092-A3B1-354B-8C32-147F6EB0256D> /System/Library/Frameworks/MetalPerformanceShadersGraph.framework/Versions/A/MetalPerformanceShadersGraph
dyld[47802]: <54D280F0-3335-3487-AA0D-6A09FFEAEDF7> /System/Library/PrivateFrameworks/MLCompilerServices.framework/Versions/A/MLCompilerServices
dyld[47802]: <A80CE19E-EA8D-363D-A8F4-409455BECE9B> /System/Library/PrivateFrameworks/ANEServices.framework/Versions/A/ANEServices
dyld[47802]: <22F988EF-E518-3F7A-BC3D-E44B9D09627D> /usr/lib/libncurses.5.4.dylib
dyld[47802]: <0A381CB4-37D0-3B5C-ADE0-2C5B4F47D169> /usr/lib/libsandbox.1.dylib
dyld[47802]: <042A6E19-8B2A-3342-B4C1-AD44661B7E26> /usr/lib/libMatch.1.dylib
dyld[47802]: <AB03B991-E6D9-3BAF-AA7D-DBFC815699F3> /System/Library/PrivateFrameworks/ODIE.framework/Versions/A/ODIE
dyld[47802]: <5592BC99-D6A7-303C-8C4C-B839FA6B7508> /System/Library/PrivateFrameworks/MLModelAsset.framework/Versions/A/MLModelAsset
dyld[47802]: <59B92160-FE47-3CEA-B03A-0099F3901A34> /System/Library/PrivateFrameworks/MLCompilerRuntime.framework/Versions/A/MLCompilerRuntime
dyld[47802]: <D62682EC-5F79-397C-855C-569554A4AEF8> /System/Library/Frameworks/MLCompute.framework/Versions/A/MLCompute
dyld[47802]: <873E56C6-57E8-3AD2-A630-B88B0A9669E8> /System/Library/PrivateFrameworks/MLAssetIO.framework/Versions/A/MLAssetIO
dyld[47802]: <847E52FC-37C0-30DA-88CD-4561DD03C06F> /usr/lib/swift/libswiftMLCompute.dylib
dyld[47802]: <DC46545D-E02B-3F2D-BEEC-E1BF5735174F> /System/Library/PrivateFrameworks/AVFCore.framework/Versions/A/AVFCore
dyld[47802]: <3611A176-00BB-35D9-8C0A-9A9A68A8EE9D> /System/Library/PrivateFrameworks/AVFCapture.framework/Versions/A/AVFCapture
dyld[47802]: <2DEE9322-922F-3B85-82C1-5E3249E3E652> /System/Library/PrivateFrameworks/CMImaging.framework/Versions/A/CMImaging
dyld[47802]: <072F9166-25F8-3FBF-9002-23E98E8B7C05> /System/Library/PrivateFrameworks/Quagga.framework/Versions/A/Quagga
dyld[47802]: <FA34827D-C8E0-3BDF-9A4E-FBBF430AD095> /System/Library/PrivateFrameworks/CMCapture.framework/Versions/A/CMCapture
dyld[47802]: <DD237508-D432-30A0-A553-C4AF2D9F40B6> /System/Library/Frameworks/CoreMediaIO.framework/Versions/A/CoreMediaIO
dyld[47802]: <D6788223-2453-39F7-9F00-90EE866A3CDA> /System/Library/PrivateFrameworks/CMCaptureDevice.framework/Versions/A/CMCaptureDevice
dyld[47802]: <68A522A3-ACE1-3597-B6D7-E058D36536FB> /System/Library/PrivateFrameworks/CoreBrightness.framework/Versions/A/CoreBrightness
dyld[47802]: <02711E78-960E-329A-B5C0-5E38615F2698> /System/Library/PrivateFrameworks/CinematicFraming.framework/Versions/A/CinematicFraming
dyld[47802]: <735CE046-E62E-3FA5-B38D-1FD82AA32BA8> /System/Library/PrivateFrameworks/ModelManagerServices.framework/Versions/A/ModelManagerServices
dyld[47802]: <F0165C3A-8601-3789-A114-836489784A93> /System/Library/PrivateFrameworks/CPMS.framework/Versions/A/CPMS
dyld[47802]: <8B0AAC46-6F12-36F0-9A1C-90D56F41BA09> /System/Library/PrivateFrameworks/SystemStatus.framework/Versions/A/SystemStatus
dyld[47802]: <FCEB6F4E-E222-3F9B-8226-8E80A789B21B> /System/Library/Frameworks/CoreMotion.framework/Versions/A/CoreMotion
dyld[47802]: <54DEA4E5-FD31-3AE3-8FEE-3CD99ACFC45B> /System/Library/PrivateFrameworks/TimeSync.framework/Versions/A/TimeSync
dyld[47802]: <2602D902-9B35-32D2-8F22-8BF2B330B298> /System/Library/PrivateFrameworks/DistributedSensing.framework/Versions/A/DistributedSensing
dyld[47802]: <0EEAE872-ADDF-3FE0-9601-C56C453597BB> /System/Library/PrivateFrameworks/MobileBluetooth.framework/Versions/A/MobileBluetooth
dyld[47802]: <FF001948-E029-3473-B7B8-22A4ECFD6560> /System/Library/PrivateFrameworks/IOKitten.framework/Versions/A/IOKitten
dyld[47802]: <45E1CEA1-A60E-30F3-A90F-B7BFB5C5CC17> /System/Library/PrivateFrameworks/AppleIntelligenceReporting.framework/Versions/A/AppleIntelligenceReporting
dyld[47802]: <4BC01F57-2373-3DC9-8B71-308A282D7030> /System/Library/PrivateFrameworks/CoreEmoji.framework/Versions/A/CoreEmoji
dyld[47802]: <8AF3BAA3-66FA-3CEF-A44B-FD79CAC8263F> /usr/lib/libCRFSuite.dylib
dyld[47802]: <4CD4216A-7270-300F-A31D-70FFACD92E12> /System/Library/PrivateFrameworks/LanguageModeling.framework/Versions/A/LanguageModeling
dyld[47802]: <E89ACADA-C30F-3E26-9775-E8BAC21A83AA> /System/Library/PrivateFrameworks/CoreNLP.framework/Versions/A/CoreNLP
dyld[47802]: <3C34BB08-BC5C-397C-A9B5-18A342838CA1> /System/Library/PrivateFrameworks/Montreal.framework/Versions/A/Montreal
dyld[47802]: <2DED54B9-9B5C-3FB3-859E-AAC46074CC8B> /usr/lib/libcmph.dylib
dyld[47802]: <5B76CDD8-6E1F-35F6-AF5E-CE4CDA81957E> /usr/lib/libmecab.dylib
dyld[47802]: <56091C21-AEA9-36A2-A3E3-D50AEC8FFE32> /usr/lib/libThaiTokenizer.dylib
dyld[47802]: <74E54F2B-B7A6-35D9-8101-F30C7F0C1979> /System/Library/PrivateFrameworks/GenerativeModelsFoundation.framework/Versions/A/GenerativeModelsFoundation
dyld[47802]: <63409EB4-B247-3B62-835C-80DD1FCB91A2> /System/Library/PrivateFrameworks/TokenGeneration.framework/Versions/A/TokenGeneration
dyld[47802]: <54D335C7-5679-3ED5-A0E1-C3B9DBF16A9C> /System/Library/PrivateFrameworks/GenerativeFunctions.framework/Versions/A/GenerativeFunctions
dyld[47802]: <AB49FED6-D7FD-3A6B-B4CF-F73AC4165CE0> /System/Library/PrivateFrameworks/GenerativeFunctionsFoundation.framework/Versions/A/GenerativeFunctionsFoundation
dyld[47802]: <790009CA-CA2D-3245-B7B1-71C370D33BDB> /System/Library/PrivateFrameworks/ModelCatalog.framework/Versions/A/ModelCatalog
dyld[47802]: <24F7CF25-24F4-395E-B89D-5C17AE8CE281> /System/Library/PrivateFrameworks/SensitiveContentAnalysisML.framework/Versions/A/SensitiveContentAnalysisML
dyld[47802]: <A2E625ED-90FF-3BCA-BD28-16F062B82C02> /System/Library/PrivateFrameworks/GenerativeFunctionsInstrumentation.framework/Versions/A/GenerativeFunctionsInstrumentation
dyld[47802]: <4851991B-9681-37D8-8A62-005249AD29C7> /System/Library/PrivateFrameworks/PromptKit.framework/Versions/A/PromptKit
dyld[47802]: <A4C38BBC-95E3-38DD-B873-243C53B83A4F> /System/Library/PrivateFrameworks/ProactiveDaemonSupport.framework/Versions/A/ProactiveDaemonSupport
dyld[47802]: <832BF595-350A-3753-8721-D894475016CB> /System/Library/PrivateFrameworks/TokenGenerationCore.framework/Versions/A/TokenGenerationCore
dyld[47802]: <E65C3A22-B998-3185-9DE5-3169814179BF> /System/Library/PrivateFrameworks/Trial.framework/Versions/A/Trial
dyld[47802]: <F66F08E4-F915-3CAE-AF88-70F76AD35303> /System/Library/PrivateFrameworks/TrialProto.framework/Versions/A/TrialProto
dyld[47802]: <4BE321D2-8DF6-3D5E-A531-4E2F77BEE441> /System/Library/PrivateFrameworks/AppleFlatBuffers.framework/Versions/A/AppleFlatBuffers
dyld[47802]: <92A1FE17-1D6F-347B-B1C3-D2C03B6C0DCE> /System/Library/PrivateFrameworks/SentencePieceInternal.framework/Versions/A/SentencePieceInternal
dyld[47802]: <4FFA7ECB-BCA8-3B4D-86F9-9F2C9E084944> /System/Library/Frameworks/Vision.framework/Versions/A/Vision
dyld[47802]: <0A6304CC-6DC4-3079-9FAB-8B9F001C8545> /System/Library/PrivateFrameworks/CoreSceneUnderstanding.framework/Versions/A/CoreSceneUnderstanding
dyld[47802]: <5E086014-D330-3672-9776-E23E8325DD67> /System/Library/PrivateFrameworks/VisionCore.framework/Versions/A/VisionCore
dyld[47802]: <A20BF0E3-F8A9-36AA-B28B-2EF282FC9BF5> /System/Library/PrivateFrameworks/DataDetectorsCore.framework/Versions/A/DataDetectorsCore
dyld[47802]: <23068BF1-0F33-3129-9965-57B1621737DE> /System/Library/Frameworks/Vision.framework/libfaceCore.dylib
dyld[47802]: <5F8738D4-6C03-3DEA-953D-9E31C389E7E1> /System/Library/PrivateFrameworks/Futhark.framework/Versions/A/Futhark
dyld[47802]: <2849D0C3-42A0-3D94-A2B7-F686BD7F760D> /System/Library/PrivateFrameworks/InertiaCam.framework/Versions/A/InertiaCam
dyld[47802]: <393E9D23-8D8D-373B-A8D8-6CF2652D2DAF> /System/Library/PrivateFrameworks/TextRecognition.framework/Versions/A/TextRecognition
dyld[47802]: <0872179E-DB9E-39FF-B22A-05EA62FC0F88> /System/Library/Frameworks/DataDetection.framework/Versions/A/DataDetection
dyld[47802]: <5D3DDFC0-3341-3DAC-A80C-0DFBD0421669> /System/Library/PrivateFrameworks/TextInput.framework/Versions/A/TextInput
dyld[47802]: <A37EF3CE-63A5-3AB5-B3E2-E089F818FF35> /System/Library/PrivateFrameworks/CVNLP.framework/Versions/A/CVNLP
dyld[47802]: <256C79BC-8BEB-390C-95D4-BFEFB95E66A1> /System/Library/PrivateFrameworks/IntentsFoundation.framework/Versions/A/IntentsFoundation
dyld[47802]: <E12CB54A-E895-3D38-8D62-01C5DF8430AB> /System/Library/PrivateFrameworks/HIDDisplay.framework/Versions/A/HIDDisplay
dyld[47802]: <A9F79F7C-A5F8-3164-BEEC-60B19D90DCF2> /usr/lib/libcups.2.dylib
dyld[47802]: <74F49C08-DE60-3E55-A037-F0A34E81BF04> /System/Library/Frameworks/Kerberos.framework/Versions/A/Kerberos
dyld[47802]: <F71E234F-8D15-388D-8819-709BB2AE1ACC> /usr/lib/libresolv.9.dylib
dyld[47802]: <139B1DBE-2FDA-3AE7-9BDE-12D5BA3C8D22> /System/Library/PrivateFrameworks/Heimdal.framework/Versions/A/Heimdal
dyld[47802]: <9BBF5DE9-CCD9-3CF3-8C05-45FB5CCEFEC3> /System/Library/Frameworks/Kerberos.framework/Versions/A/Libraries/libHeimdalProxy.dylib
dyld[47802]: <FFE98159-EDC3-3520-ADAC-F9001408ADD5> /System/Library/PrivateFrameworks/CommonAuth.framework/Versions/A/CommonAuth
dyld[47802]: <17C4F6B8-0A9A-3BF8-8D40-35ABCF9F0D89> /System/Library/PrivateFrameworks/AXCoreUtilities.framework/Versions/A/AXCoreUtilities
dyld[47802]: <8EB0DEAA-CD94-3710-AF80-DBF6947A8250> /System/Library/PrivateFrameworks/AttributeGraph.framework/Versions/A/AttributeGraph
dyld[47802]: <D4766E61-EB81-3FA1-9C48-31BC986B0607> /usr/lib/libAXSafeCategoryBundle.dylib
dyld[47802]: <6E4CAEF6-667C-3A56-9BE2-892F689894E4> /System/Library/Frameworks/TabularData.framework/Versions/A/TabularData
dyld[47802]: <00E79E4B-C0FD-3DF8-A8C3-9C812A9DB049> /System/Library/PrivateFrameworks/ArgumentParserInternal.framework/Versions/A/ArgumentParserInternal
dyld[47802]: <CB222F12-FB2E-3310-88A1-A5AE7EFF8CAE> /System/Library/Frameworks/Accelerate.framework/Versions/A/Frameworks/vecLib.framework/Versions/A/libvDSP.dylib
dyld[47802]: <C2F81286-0ED4-319D-A96D-10591BD15F4E> /System/Library/Frameworks/Accelerate.framework/Versions/A/Frameworks/vecLib.framework/Versions/A/libLAPACK.dylib
dyld[47802]: <424CA6AD-D7AA-3297-B069-745682F71E84> /System/Library/Frameworks/Accelerate.framework/Versions/A/Frameworks/vecLib.framework/Versions/A/libLinearAlgebra.dylib
dyld[47802]: <BDF370A4-972F-34A4-AED7-89885C35D933> /System/Library/Frameworks/Accelerate.framework/Versions/A/Frameworks/vecLib.framework/Versions/A/libSparseBLAS.dylib
dyld[47802]: <F2B12F6B-6C47-3B39-BE8F-68EB37545F72> /System/Library/Frameworks/Accelerate.framework/Versions/A/Frameworks/vecLib.framework/Versions/A/libQuadrature.dylib
dyld[47802]: <811E61C5-2282-3FA8-939D-D1B9C75ECC62> /System/Library/Frameworks/Accelerate.framework/Versions/A/Frameworks/vecLib.framework/Versions/A/libBNNS.dylib
dyld[47802]: <C7FD2C22-55FC-3D31-8AF3-BF842A039AF9> /System/Library/Frameworks/Accelerate.framework/Versions/A/Frameworks/vecLib.framework/Versions/A/libSparse.dylib
dyld[47802]: <7A483FDA-AB8C-3E7C-92E6-07347F67B678> /System/Library/PrivateFrameworks/ApplePushService.framework/Versions/A/ApplePushService
dyld[47802]: <C5A18DFA-6B18-3455-830A-E372A495FB1D> /System/Library/Frameworks/CloudKit.framework/Versions/A/CloudKit
dyld[47802]: <0A7A4F54-298F-384E-86C0-0E9A5C69E9E5> /System/Library/PrivateFrameworks/CoreDuetDaemonProtocol.framework/Versions/A/CoreDuetDaemonProtocol
dyld[47802]: <17D0003A-F405-3CCF-832D-BCADB65BC83F> /System/Library/PrivateFrameworks/DeviceIdentity.framework/Versions/A/DeviceIdentity
dyld[47802]: <E26F180A-1868-3E33-9277-1C73F917DE55> /System/Library/Frameworks/SharedWithYouCore.framework/Versions/A/SharedWithYouCore
dyld[47802]: <7B5C93A3-1AF7-3273-9182-60B965FBB279> /System/Library/PrivateFrameworks/CloudTelemetry.framework/Versions/A/CloudTelemetry
dyld[47802]: <CD1BB171-94DA-350C-8276-04EA8B71C6E7> /System/Library/PrivateFrameworks/AppleAccount.framework/Versions/A/AppleAccount
dyld[47802]: <6D910C58-E7C6-34AB-907F-89C2EA3E8B5C> /System/Library/PrivateFrameworks/C2.framework/Versions/A/C2
dyld[47802]: <1BE4EC57-9B8A-34C4-BFC9-BC9A229BBB08> /System/Library/PrivateFrameworks/CloudCoreInternal.framework/Versions/A/CloudCoreInternal
dyld[47802]: <EDB20CBF-D173-3BD4-A483-3C509C15D24D> /System/Library/PrivateFrameworks/CloudAsset.framework/Versions/A/CloudAsset
dyld[47802]: <696E88E7-5CF6-3095-80C0-57B9A913887A> /System/Library/Frameworks/PushKit.framework/Versions/A/PushKit
dyld[47802]: <100BE8FB-6C47-33E3-9FC4-A45A5106721A> /System/Library/Frameworks/CoreTransferable.framework/Versions/A/CoreTransferable
dyld[47802]: <08675344-FA9F-3CC2-8ED8-C572C841B504> /System/Library/PrivateFrameworks/NetAuth.framework/Versions/A/NetAuth
dyld[47802]: <8E702F90-53C5-3A91-A0F8-94409A59BAF3> /System/Library/PrivateFrameworks/login.framework/Versions/A/Frameworks/loginsupport.framework/Versions/A/loginsupport
dyld[47802]: <78C04A6C-63CF-339A-90C8-F25BA9C4C1CE> /System/Library/PrivateFrameworks/CloudTelemetryTools.framework/Versions/A/CloudTelemetryTools
dyld[47802]: <A23C0860-6454-3F01-A064-C8982EBBFF48> /System/Library/PrivateFrameworks/CloudTelemetryShared.dylib
dyld[47802]: <907F9C53-06D9-3604-A13D-183642237619> /System/Library/PrivateFrameworks/RTCReporting.framework/Versions/A/RTCReporting
dyld[47802]: <90B0724C-CBDF-35B7-91AA-38F8E07E543D> /System/Library/PrivateFrameworks/AAAFoundationSwift.framework/Versions/A/AAAFoundationSwift
dyld[47802]: <95A65CAD-54BC-3CDD-B27A-90572D2A848F> /System/Library/PrivateFrameworks/AppleIDSSOAuthentication.framework/Versions/A/AppleIDSSOAuthentication
dyld[47802]: <B2BA9719-73C5-3061-9915-25FC68C198D6> /System/Library/PrivateFrameworks/UIFoundation.framework/Versions/A/UIFoundation
dyld[47802]: <6784252E-9BE1-332F-8D0C-CF7FB6C9FB56> /System/Library/PrivateFrameworks/CaptiveNetwork.framework/Versions/A/CaptiveNetwork
dyld[47802]: <2DFBEDC5-0C41-3FF8-B1AB-334EE3621FC9> /System/Library/PrivateFrameworks/EAP8021X.framework/Versions/A/EAP8021X
dyld[47802]: <D828B798-9303-3C0A-9F83-5B24A36E1670> /System/Library/PrivateFrameworks/CryptoKitPrivate.framework/Versions/A/CryptoKitPrivate
dyld[47802]: <7B08EA3F-6BA2-39B2-979D-D36A03961343> /System/Library/PrivateFrameworks/FindMyDevice.framework/Versions/A/FindMyDevice
dyld[47802]: <57FD92AE-E8D7-3D48-AF71-F74CD3D2AD56> /System/Library/PrivateFrameworks/FMCoreLite.framework/Versions/A/FMCoreLite
dyld[47802]: <0B4562F4-D2B8-362C-AC29-8E9B106F937C> /System/Library/Frameworks/ServiceManagement.framework/Versions/A/ServiceManagement
dyld[47802]: <4428FA9C-988B-3235-98EB-1FC596D283D1> /usr/lib/libCheckFix.dylib
dyld[47802]: <7CA1C787-8112-3F53-9419-1EA66ECF08B3> /System/Library/PrivateFrameworks/MetadataUtilities.framework/Versions/A/MetadataUtilities
dyld[47802]: <B820DEFE-59D8-3A6A-BB23-56E594F57F9C> /System/Library/PrivateFrameworks/InstalledContentLibrary.framework/Versions/A/InstalledContentLibrary
dyld[47802]: <9B52CDCA-8EFD-3512-A265-C5D8CE2B8998> /System/Library/PrivateFrameworks/CoreServicesStore.framework/Versions/A/CoreServicesStore
dyld[47802]: <3BD7BCA8-66D2-34D7-BA3F-A3B3197E1F44> /usr/lib/libapp_launch_measurement.dylib
dyld[47802]: <7783C2DD-5853-312A-8EF1-B5DDC441531D> /System/Library/PrivateFrameworks/MobileSystemServices.framework/Versions/A/MobileSystemServices
dyld[47802]: <C428B34A-AB0B-34ED-9C94-8DC908D4A12B> /usr/lib/libxslt.1.dylib
dyld[47802]: <F1725141-8B9B-363A-838E-17B20313568E> /System/Library/PrivateFrameworks/BackgroundTaskManagement.framework/Versions/A/BackgroundTaskManagement
dyld[47802]: <957F947F-00ED-3468-B07B-20900D64DB71> /usr/lib/libcurl.4.dylib
dyld[47802]: <FE236487-745A-39C9-A6A5-D937AD7BDC2E> /usr/lib/libcrypto.46.dylib
dyld[47802]: <6E6A6A29-3741-365F-A90D-785C2C86D71A> /usr/lib/libssl.48.dylib
dyld[47802]: <9AC45415-37D3-369E-846C-6C2F072899F9> /System/Library/Frameworks/LDAP.framework/Versions/A/LDAP
dyld[47802]: <48980122-ECA5-383C-A043-6F2BE6BAA017> /System/Library/PrivateFrameworks/TrustEvaluationAgent.framework/Versions/A/TrustEvaluationAgent
dyld[47802]: <65BCF638-CADE-3CB2-97FB-D33E91D93C8D> /usr/lib/libsasl2.2.dylib
dyld[47802]: <6392D284-E632-31D4-BFF3-F9D8DA76BB20> /System/Library/Frameworks/Carbon.framework/Versions/A/Carbon
dyld[47802]: <8A66FF1A-BD9B-3755-9687-5917D60A47B1> /System/Library/Frameworks/Carbon.framework/Versions/A/Frameworks/CommonPanels.framework/Versions/A/CommonPanels
dyld[47802]: <01502D39-922D-3B6A-852D-638977DDD1B9> /System/Library/Frameworks/Carbon.framework/Versions/A/Frameworks/Help.framework/Versions/A/Help
dyld[47802]: <7527CB07-B7AF-3200-A5CD-93FA88A1F940> /System/Library/Frameworks/Carbon.framework/Versions/A/Frameworks/HIToolbox.framework/Versions/A/HIToolbox
dyld[47802]: <676A6EA9-0CEB-37BB-A42D-5FE102D4CBB4> /System/Library/Frameworks/Carbon.framework/Versions/A/Frameworks/ImageCapture.framework/Versions/A/ImageCapture
dyld[47802]: <02EE974E-1B73-3B30-84C3-8B6C04B441A4> /System/Library/Frameworks/Carbon.framework/Versions/A/Frameworks/OpenScripting.framework/Versions/A/OpenScripting
dyld[47802]: <DB068096-FEC5-38CD-BA09-21161EED9ADF> /System/Library/Frameworks/Carbon.framework/Versions/A/Frameworks/Ink.framework/Versions/A/Ink
dyld[47802]: <AF57D136-1BF0-35F7-83C8-E68BFF2C0BD5> /System/Library/Frameworks/Carbon.framework/Versions/A/Frameworks/SecurityHI.framework/Versions/A/SecurityHI
dyld[47802]: <0369127E-C46A-3C87-AEF8-D484CE6C7D2B> /System/Library/Frameworks/Carbon.framework/Versions/A/Frameworks/SpeechRecognition.framework/Versions/A/SpeechRecognition
dyld[47802]: <C8CDD2A9-F2CE-3EB3-A366-A6E75BEBF8A5> /System/Library/PrivateFrameworks/PerformanceAnalysis.framework/Versions/A/PerformanceAnalysis
dyld[47802]: <1B2DD929-509C-3FC3-9F95-2BA03C77D104> /usr/lib/libInterpreterSecurity.dylib
dyld[47802]: <8BA60E9B-E345-3540-B420-CA99AAB893BE> /System/Library/PrivateFrameworks/XprotectFramework.framework/Versions/A/XprotectFramework
dyld[47802]: <3AB0F361-A2F2-3AEC-82A9-4A2753CBE56B> /System/Library/PrivateFrameworks/yara.framework/Versions/A/yara
dyld[47802]: <8E91D560-CE65-3277-A9FE-4F833E10E46A> /usr/lib/libEndpointSecuritySystem.dylib
dyld[47802]: <6019D075-9CC1-3AB8-93EE-99671761CC40> /System/Library/Frameworks/Cocoa.framework/Versions/A/Cocoa
dyld[47802]: <030D9FA0-9FEA-3195-8D03-70642261297A> /System/Library/Frameworks/AppKit.framework/Versions/C/AppKit
dyld[47802]: <397F15DD-8005-3913-8F58-214D758C9CBF> /System/Library/PrivateFrameworks/CollectionViewCore.framework/Versions/A/CollectionViewCore
dyld[47802]: <7C7A3A58-D2D7-3D44-ABED-8159B048CA92> /System/Library/PrivateFrameworks/XCTTargetBootstrap.framework/Versions/A/XCTTargetBootstrap
dyld[47802]: <A165002C-6976-360F-AA5E-10DFDD3C936F> /System/Library/PrivateFrameworks/UserActivity.framework/Versions/A/UserActivity
dyld[47802]: <CF1E7E83-AA4A-3BAC-919D-46D673E03614> /System/Library/PrivateFrameworks/FrontBoard.framework/Versions/A/FrontBoard
dyld[47802]: <C30F8C8F-690E-3FB3-8E29-35808EE4BCAB> /System/Library/PrivateFrameworks/UIIntelligenceSupport.framework/Versions/A/UIIntelligenceSupport
dyld[47802]: <99606D45-C40A-3C69-AE51-5F0C4E32E531> /System/Library/Frameworks/SwiftUICore.framework/Versions/A/SwiftUICore
dyld[47802]: <977C5419-FB49-349A-900E-476ACA5B144C> /System/Library/PrivateFrameworks/WritingTools.framework/Versions/A/WritingTools
dyld[47802]: <E46A82F8-1CD2-3562-A61B-3EEEA1FB4D0D> /System/Library/PrivateFrameworks/WindowManagement.framework/Versions/A/WindowManagement
dyld[47802]: <4DAC0F07-728C-367A-B3CA-761DE3A92809> /System/Library/PrivateFrameworks/FocusEngine.framework/Versions/A/FocusEngine
dyld[47802]: <1E980802-69F5-3E69-89EF-50088297FCF5> /System/Library/PrivateFrameworks/DesignLibrary.framework/Versions/A/DesignLibrary
dyld[47802]: <DAE965D5-7CF9-3210-81C5-E4EBB4CBD473> /System/Library/PrivateFrameworks/DFRFoundation.framework/Versions/A/DFRFoundation
dyld[47802]: <18AC071F-1412-33C8-BF43-65ECF078431A> /System/Library/PrivateFrameworks/UpdateCycle.framework/Versions/A/UpdateCycle
dyld[47802]: <E9D71A84-6EDA-3F51-95B9-587E085652B0> /System/Library/Frameworks/Accessibility.framework/Versions/A/Accessibility
dyld[47802]: <8B163A4E-A19F-3CD3-ACD0-74C01F60CA5A> /System/Library/Frameworks/Symbols.framework/Versions/A/Symbols
dyld[47802]: <989B371D-0089-3323-AD2E-4163A147629C> /System/Library/PrivateFrameworks/Gestures.framework/Versions/A/Gestures
dyld[47802]: <F88010E8-3B8E-3327-8CEA-8345DA01079C> /usr/lib/swift/libswiftSpatial.dylib
dyld[47802]: <71480F23-35DF-3E6C-B2B4-A7C92C295E90> /usr/lib/swift/libswiftCoreGraphics.dylib
dyld[47802]: <26AF105B-A8F4-3EDD-BE1F-4FEBAA26A965> /usr/lib/swift/libswiftFoundation.dylib
dyld[47802]: <ECA99E3D-594B-337B-90B3-8A9BA96B9131> /usr/lib/swift/libswiftSwiftOnoneSupport.dylib
dyld[47802]: <8FE163C5-529B-30E6-BB4A-2B9C774B7821> /usr/lib/swift/libswiftsys_time.dylib
dyld[47802]: <A4A7F905-D5B6-31F7-BA95-4D158F0ACFEE> /System/Library/PrivateFrameworks/CoreMaterial.framework/Versions/A/CoreMaterial
dyld[47802]: <1B314DC9-D961-390A-B6B0-945D635BDB4C> /usr/lib/libSpatial.dylib
dyld[47802]: <9EA8819B-CD23-3D82-9B6C-C98B72D666DA> /System/Library/SubFrameworks/UIUtilities.framework/Versions/A/UIUtilities
dyld[47802]: has interposing tuples so cannot be delayed: libclang_rt.asan_osx_dynamic.dylib
dyld[47802]: move loaded to delayed: XPCSupport
dyld[47802]: move loaded to delayed: libcmark-gfm.dylib
dyld[47802]: move loaded to delayed: GenerationalStorage
dyld[47802]: move loaded to delayed: CacheDelete
dyld[47802]: move loaded to delayed: QuickLookThumbnailing
dyld[47802]: move loaded to delayed: FileProvider
dyld[47802]: move loaded to delayed: DesktopServicesPriv
dyld[47802]: move loaded to delayed: AOSKit
dyld[47802]: move loaded to delayed: AppSSOCore
dyld[47802]: move loaded to delayed: BackgroundSystemTasks
dyld[47802]: move loaded to delayed: DuetActivityScheduler
dyld[47802]: move loaded to delayed: FTServices
dyld[47802]: move loaded to delayed: libMemoryResourceException.dylib
dyld[47802]: move loaded to delayed: NetworkScore
dyld[47802]: move loaded to delayed: NetworkServiceProxy
dyld[47802]: move loaded to delayed: StreamingExtractor
dyld[47802]: move loaded to delayed: SymptomReporter
dyld[47802]: move loaded to delayed: libnetworkextension.dylib
dyld[47802]: move loaded to delayed: CloudServices
dyld[47802]: move loaded to delayed: SymptomAnalytics
dyld[47802]: move loaded to delayed: libcupolicy.dylib
dyld[47802]: move loaded to delayed: NetworkExtension
dyld[47802]: move loaded to delayed: libnwswifttls.dylib
dyld[47802]: move loaded to delayed: libpcap.A.dylib
dyld[47802]: move loaded to delayed: CoreDuetContext
dyld[47802]: move loaded to delayed: CoreDuet
dyld[47802]: move loaded to delayed: CoreLocation
dyld[47802]: move loaded to delayed: Intents
dyld[47802]: move loaded to delayed: libCGInterfaces.dylib
dyld[47802]: move loaded to delayed: AccelerateGPU
dyld[47802]: move loaded to delayed: AudioDSPGraph
dyld[47802]: move loaded to delayed: AssistantServices
dyld[47802]: move loaded to delayed: SAObjects
dyld[47802]: move loaded to delayed: MediaRemote
dyld[47802]: move loaded to delayed: SiriTTSService
dyld[47802]: move loaded to delayed: SiriCrossDeviceArbitration
dyld[47802]: move loaded to delayed: FaceTimeNameUtility
dyld[47802]: move loaded to delayed: AuthKit
dyld[47802]: move loaded to delayed: SiriCrossDeviceArbitrationFeedback
dyld[47802]: move loaded to delayed: libswiftCoreLocation.dylib
dyld[47802]: move loaded to delayed: UIKitServices
dyld[47802]: move loaded to delayed: AudioAccessoryServices
dyld[47802]: move loaded to delayed: Sharing
dyld[47802]: move loaded to delayed: IDSFoundation
dyld[47802]: move loaded to delayed: Apple80211
dyld[47802]: move loaded to delayed: CoreWLAN
dyld[47802]: move loaded to delayed: IMFoundation
dyld[47802]: move loaded to delayed: Marco
dyld[47802]: move loaded to delayed: CommonUtilities
dyld[47802]: move loaded to delayed: Engram
dyld[47802]: move loaded to delayed: XPCDistributed
dyld[47802]: move loaded to delayed: libtidy.A.dylib
dyld[47802]: move loaded to delayed: Bom
dyld[47802]: move loaded to delayed: libParallelCompression.dylib
dyld[47802]: move loaded to delayed: MultiverseSupport
dyld[47802]: move loaded to delayed: DiskManagement
dyld[47802]: move loaded to delayed: AppleIDAuthSupport
dyld[47802]: move loaded to delayed: AAAFoundation
dyld[47802]: move loaded to delayed: KeychainCircle
dyld[47802]: move loaded to delayed: URLFormatting
dyld[47802]: move loaded to delayed: libcsfde.dylib
dyld[47802]: move loaded to delayed: libCoreStorage.dylib
dyld[47802]: move loaded to delayed: ProtectedCloudStorage
dyld[47802]: move loaded to delayed: EFILogin
dyld[47802]: move loaded to delayed: OctagonTrust
dyld[47802]: move loaded to delayed: MediaServices
dyld[47802]: move loaded to delayed: IDS
dyld[47802]: move loaded to delayed: LocalAuthentication
dyld[47802]: move loaded to delayed: LocalAuthenticationCore
dyld[47802]: move loaded to delayed: LocalAuthenticationCredentialServices
dyld[47802]: move loaded to delayed: SharedUtils
dyld[47802]: move loaded to delayed: PersistentConnection
dyld[47802]: move loaded to delayed: SonicFoundation
dyld[47802]: move loaded to delayed: AsyncAlgorithmsInternal
dyld[47802]: move loaded to delayed: FTAWD
dyld[47802]: move loaded to delayed: libtailspin.dylib
dyld[47802]: move loaded to delayed: Osprey
dyld[47802]: move loaded to delayed: SiriTTS
dyld[47802]: move loaded to delayed: SiriPowerInstrumentation
dyld[47802]: move loaded to delayed: TailspinSymbolication
dyld[47802]: move loaded to delayed: Darwinup
dyld[47802]: move loaded to delayed: SignpostSupport
dyld[47802]: move loaded to delayed: FeatureFlagsSupport
dyld[47802]: move loaded to delayed: ktrace
dyld[47802]: move loaded to delayed: SampleAnalysis
dyld[47802]: move loaded to delayed: kperfdata
dyld[47802]: move loaded to delayed: libdscsym.dylib
dyld[47802]: move loaded to delayed: BulkSymbolication
dyld[47802]: move loaded to delayed: IntentsFoundation
dyld[47802]: move loaded to delayed: ApplePushService
dyld[47802]: move loaded to delayed: CloudKit
dyld[47802]: move loaded to delayed: CoreDuetDaemonProtocol
dyld[47802]: move loaded to delayed: DeviceIdentity
dyld[47802]: move loaded to delayed: SharedWithYouCore
dyld[47802]: move loaded to delayed: CloudTelemetry
dyld[47802]: move loaded to delayed: AppleAccount
dyld[47802]: move loaded to delayed: C2
dyld[47802]: move loaded to delayed: CloudCoreInternal
dyld[47802]: move loaded to delayed: CloudAsset
dyld[47802]: move loaded to delayed: PushKit
dyld[47802]: move loaded to delayed: CloudTelemetryTools
dyld[47802]: move loaded to delayed: CloudTelemetryShared.dylib
dyld[47802]: move loaded to delayed: RTCReporting
dyld[47802]: move loaded to delayed: AAAFoundationSwift
dyld[47802]: move loaded to delayed: AppleIDSSOAuthentication
dyld[47802]: move loaded to delayed: CaptiveNetwork
dyld[47802]: move loaded to delayed: EAP8021X
dyld[47802]: move loaded to delayed: CryptoKitPrivate
dyld[47802]: move loaded to delayed: FindMyDevice
dyld[47802]: move loaded to delayed: FMCoreLite
dyld[47802]: move loaded to delayed: ServiceManagement
dyld[47803]: <BBC4B3CD-4B3C-3196-8809-F5D76270ABB3> /Users/catethos/.local/share/mise/installs/erlang/29.0.4/erts-17.0.4/bin/erl_child_setup
dyld[47803]: <4CC4CAD6-45A6-361E-9343-DE636A0B5C02> /usr/lib/libSystem.B.dylib
dyld[47803]: <EA7C2E0B-52BF-3D45-9A33-38F54A535452> /usr/lib/system/libcache.dylib
dyld[47803]: <72D94140-1281-3886-971B-37C810403C03> /usr/lib/system/libcommonCrypto.dylib
dyld[47803]: <D60A9B54-A909-3FD5-93B9-3F38BE0A2BE8> /usr/lib/system/libcompiler_rt.dylib
dyld[47803]: <58F425CF-7D4F-34FD-9620-706A2A7F8BDC> /usr/lib/system/libcopyfile.dylib
dyld[47803]: <D54389FC-4078-370D-A863-9FEF16E00DFD> /usr/lib/system/libcorecrypto.dylib
dyld[47803]: <243E06A0-7BFF-3C3F-8A9B-D7732729B361> /usr/lib/system/libdispatch.dylib
dyld[47803]: <634959D0-592E-349C-B549-B91F2FF09858> /usr/lib/system/libdyld.dylib
dyld[47803]: <18EFA1CE-C535-3EAC-BC2C-7955593B7382> /usr/lib/system/libkeymgr.dylib
dyld[47803]: <3E43AF47-AD89-3BB4-82B9-A9533F4334DF> /usr/lib/system/libmacho.dylib
dyld[47803]: <78C5B827-8152-358D-90E9-B02F02A68B17> /usr/lib/system/libquarantine.dylib
dyld[47803]: <DA9C2B48-7A9C-32EA-888D-6C7AEB5250E6> /usr/lib/system/libremovefile.dylib
dyld[47803]: <FF57F6FA-F3A1-343D-815D-57B769D31445> /usr/lib/system/libsystem_asl.dylib
dyld[47803]: <A712B95E-BCEE-3F12-9F9B-58E6C2060E53> /usr/lib/system/libsystem_blocks.dylib
dyld[47803]: <FDC4E366-5C14-3A1E-BC35-D933D28CDCF3> /usr/lib/system/libsystem_c.dylib
dyld[47803]: <BDA28F78-F479-3C22-B9C7-4ABCB6801592> /usr/lib/system/libsystem_collections.dylib
dyld[47803]: <A14ED142-2F56-33A6-A23C-EEB8417DC90E> /usr/lib/system/libsystem_configuration.dylib
dyld[47803]: <2E14025A-52C2-361D-8A8F-5DD45825A2C9> /usr/lib/system/libsystem_containermanager.dylib
dyld[47803]: <F335DA14-69E8-336E-85A3-11EE239255F0> /usr/lib/system/libsystem_coreservices.dylib
dyld[47803]: <A095E4FE-0EE1-34DF-B00A-7D349FBC55E0> /usr/lib/system/libsystem_darwin.dylib
dyld[47803]: <6C03D78B-BFAB-3C7A-B713-50881791EE08> /usr/lib/system/libsystem_darwindirectory.dylib
dyld[47803]: <2C4C3043-008E-3BD8-BC29-AB9AD235DBA9> /usr/lib/system/libsystem_dnssd.dylib
dyld[47803]: <A279E124-8499-3FFC-A788-655070028F97> /usr/lib/system/libsystem_eligibility.dylib
dyld[47803]: <5E7CDBD5-44AB-34C0-A0F5-FC72F6116CDC> /usr/lib/system/libsystem_featureflags.dylib
dyld[47803]: <7402662E-F235-3F48-BB65-F64C8CF0F2BB> /usr/lib/system/libsystem_info.dylib
dyld[47803]: <3739A40F-2C17-3503-92D6-098141E56E89> /usr/lib/system/libsystem_m.dylib
dyld[47803]: <971CDCFE-4D20-300E-A1D6-EC8672FDD258> /usr/lib/system/libsystem_malloc.dylib
dyld[47803]: <01D14A9E-16DC-372C-8AA8-CC7AD39E797F> /usr/lib/system/libsystem_networkextension.dylib
dyld[47803]: <F9B1BAFF-4D09-3A1F-839B-189C21EB5FBB> /usr/lib/system/libsystem_notify.dylib
dyld[47803]: <6592D3CE-38C6-3C08-9EA5-75D64F37993F> /usr/lib/system/libsystem_sandbox.dylib
dyld[47803]: <C92FAEE5-DAED-3340-96B3-0C42B005ADF9> /usr/lib/system/libsystem_sanitizers.dylib
dyld[47803]: <C85AF062-AA9B-35BB-904C-C055B2C21602> /usr/lib/system/libsystem_secinit.dylib
dyld[47803]: <7CFB3A10-ADB2-32C4-99B5-922A111B3224> /usr/lib/system/libsystem_kernel.dylib
dyld[47803]: <4C6BD0FE-25F2-38D8-BE5C-24DAC1DEDCFB> /usr/lib/system/libsystem_platform.dylib
dyld[47803]: <12342372-0084-37A5-9EA6-2E4DC940C685> /usr/lib/system/libsystem_pthread.dylib
dyld[47803]: <CE07A0DF-31B6-3528-B7CE-91CAD89AA519> /usr/lib/system/libsystem_symptoms.dylib
dyld[47803]: <E043667E-AD01-3228-837F-A381F32F2B30> /usr/lib/system/libsystem_trace.dylib
dyld[47803]: <2FF186A6-F448-38CD-9A30-8B5B1AEFCA10> /usr/lib/system/libsystem_trial.dylib
dyld[47803]: <B21A1015-83D4-31D8-BA41-88688962D9A6> /usr/lib/system/libunwind.dylib
dyld[47803]: <40BBE226-77D4-332E-9DA8-F0B5BACFB86D> /usr/lib/system/libxpc.dylib
dyld[47803]: <40277974-D20C-3EC8-B25C-43AE30D8CC60> /usr/lib/libobjc.A.dylib
dyld[47803]: <5BCE8CB3-4EF5-3181-B96B-8E8130851510> /System/Library/PrivateFrameworks/XPCSupport.framework/Versions/A/XPCSupport
dyld[47803]: <FDBA2243-A7AB-3524-9B94-F3034AC36E41> /System/Library/Frameworks/CoreFoundation.framework/Versions/A/CoreFoundation
dyld[47803]: <81895735-AEE8-36CF-B7ED-370A80C4E78A> /usr/lib/swift/libswiftCore.dylib
dyld[47803]: <DDE77B06-5E25-380B-85B7-BA1A27D09021> /usr/lib/libc++abi.dylib
dyld[47803]: <F41D814B-FE1F-311A-A778-5F0699628188> /usr/lib/libRosetta.dylib
dyld[47803]: <C6DC2145-7B94-3E01-ADE5-96A6C2D078BC> /usr/lib/libc++.1.dylib
dyld[47803]: <2E3EA3FE-B1EF-3EDA-B94E-C7FC54E30C13> /System/Library/Frameworks/Foundation.framework/Versions/C/Foundation
dyld[47803]: <4A2A8D5B-A79D-36B3-A688-1792E7A98EA6> /usr/lib/swift/libswiftObjectiveC.dylib
dyld[47803]: <CB44DEF4-FCFF-36ED-8E9D-BB26E0DFACAC> /usr/lib/libswiftPrespecialized.dylib
dyld[47803]: <7C419E70-AC1A-3BF9-913F-D2F87F60680B> /System/Library/Frameworks/SystemConfiguration.framework/Versions/A/SystemConfiguration
dyld[47803]: <03BEB01C-EE74-3952-80FC-D2B7CF9C798D> /usr/lib/libz.1.dylib
dyld[47803]: <1C295E81-112C-3641-8846-101E1BD9471D> /System/Library/PrivateFrameworks/CoreAutoLayout.framework/Versions/A/CoreAutoLayout
dyld[47803]: <B0B762DB-DEE4-368F-94E4-6BCFEC98E286> /usr/lib/libcmark-gfm.dylib
dyld[47803]: <4A5173C4-2F2F-3503-9FED-70C4E5BEFA0F> /usr/lib/libfakelink.dylib
dyld[47803]: <88B2498F-674F-34B8-AC5F-048E050518E5> /usr/lib/libcompression.dylib
dyld[47803]: <49C50CC0-E432-3C8D-84D5-F6AA825941A3> /System/Library/Frameworks/CFNetwork.framework/Versions/A/CFNetwork
dyld[47803]: <ECE02111-DA6A-386C-B109-699F01824273> /System/Library/Frameworks/DiskArbitration.framework/Versions/A/DiskArbitration
dyld[47803]: <CE6444C3-4DCC-3F04-B4EC-AE78233CD4C8> /usr/lib/libarchive.2.dylib
dyld[47803]: <E681BCDD-6DE1-3079-8AD8-DB80F389420D> /usr/lib/libDiagnosticMessagesClient.dylib
dyld[47803]: <700597A5-5992-3705-9F22-3E970E735653> /usr/lib/libicucore.A.dylib
dyld[47803]: <E706ECFF-E18C-3E27-B22D-B8307DE9C6D2> /usr/lib/libxml2.2.dylib
dyld[47803]: <B20E2809-8922-3D51-9CF9-1EF7DFDFBE1D> /System/Library/Frameworks/CoreServices.framework/Versions/A/CoreServices
dyld[47803]: <A316E5EC-C7E2-3D1C-A36A-7075E38735A8> /usr/lib/liblangid.dylib
dyld[47803]: <93FF2D40-D3DB-37A6-A827-8C8947B0BDCF> /System/Library/Frameworks/IOKit.framework/Versions/A/IOKit
dyld[47803]: <EBB4454A-765B-38CF-8B9D-71FF1B53D290> /System/Library/Frameworks/Combine.framework/Versions/A/Combine
dyld[47803]: <FD544864-C6FA-3FB3-B8EA-7ECAA412D97F> /System/Library/PrivateFrameworks/CollectionsInternal.framework/Versions/A/CollectionsInternal
dyld[47803]: <B66B4EC0-DF77-317E-B57C-9005FCA3B3E1> /System/Library/PrivateFrameworks/ReflectionInternal.framework/Versions/A/ReflectionInternal
dyld[47803]: <8D664FD8-9C6D-35F2-A0CB-C7E22ABEB804> /System/Library/PrivateFrameworks/RuntimeInternal.framework/Versions/A/RuntimeInternal
dyld[47803]: <105FF8F1-5BE6-387D-B850-ECE87B4BFE9C> /System/Library/PrivateFrameworks/SoftLinking.framework/Versions/A/SoftLinking
dyld[47803]: <EE71FC23-45F1-30AE-B49C-74D2DE7882BA> /usr/lib/swift/libswiftCoreFoundation.dylib
dyld[47803]: <70D613F2-BFE7-38FC-A7E8-80779478F554> /usr/lib/swift/libswiftDarwin.dylib
dyld[47803]: <F272890D-9996-3BD0-A5AA-67CE47819FE4> /usr/lib/swift/libswiftDispatch.dylib
dyld[47803]: <1A55E5A8-85E6-3067-AB87-4AC87B8C6530> /usr/lib/swift/libswiftIOKit.dylib
dyld[47803]: <92A7149B-3E19-38D2-BD36-3360D56F3096> /usr/lib/swift/libswiftSystem.dylib
dyld[47803]: <75A38F4A-06EE-3FD1-87A3-8F9FF972CE47> /usr/lib/swift/libswiftXPC.dylib
dyld[47803]: <4C680D47-D53D-3E82-9575-B04943349B45> /usr/lib/swift/libswift_Builtin_float.dylib
dyld[47803]: <E202745F-BFF6-3F29-A171-5C8DDE11779C> /usr/lib/swift/libswift_Concurrency.dylib
dyld[47803]: <4A0A069F-D0C0-3F0A-BE4F-4AFE0DF78D58> /usr/lib/swift/libswift_DarwinFoundation1.dylib
dyld[47803]: <2B54D7C1-96A9-350E-B680-2CEC48FE32AE> /usr/lib/swift/libswift_StringProcessing.dylib
dyld[47803]: <C191573D-AF50-3C8E-840C-F64782CC2BFC> /usr/lib/swift/libswiftos.dylib
dyld[47803]: <48EB2100-B5F6-3150-A424-5FD9EEC9B77B> /System/Library/PrivateFrameworks/CoreServicesInternal.framework/Versions/A/CoreServicesInternal
dyld[47803]: <F41D814B-FE1F-311A-A778-5F0699628188> /usr/lib/liboah.dylib
dyld[47803]: <A4C45770-BA54-3D2C-9DA3-077F5A497C32> /System/Library/Frameworks/Security.framework/Versions/A/Security
dyld[47803]: <D3D5DEE9-258B-33B9-A688-CF81D495E88D> /System/Library/PrivateFrameworks/GenerationalStorage.framework/Versions/A/GenerationalStorage
dyld[47803]: <02498F6E-F56A-35EC-BBFD-09E0739F330E> /System/Library/PrivateFrameworks/CacheDelete.framework/Versions/A/CacheDelete
dyld[47803]: <5879E066-73C2-3C08-9571-57A56D8FC106> /System/Library/Frameworks/QuickLookThumbnailing.framework/Versions/A/QuickLookThumbnailing
dyld[47803]: <56C602D6-EE17-31C4-BACC-962E392B7A14> /System/Library/Frameworks/FileProvider.framework/Versions/A/FileProvider
dyld[47803]: <1D861D5E-F6F8-3B0C-97F0-6F7DA8174A13> /System/Library/PrivateFrameworks/DiskImages.framework/Versions/A/DiskImages
dyld[47803]: <8B049FBF-B02F-3B65-B252-36DD33AE4DCB> /System/Library/Frameworks/NetFS.framework/Versions/A/NetFS
dyld[47803]: <8A8560B9-089E-3AB8-996F-C1E6F335D567> /System/Library/PrivateFrameworks/DesktopServicesPriv.framework/Versions/A/DesktopServicesPriv
dyld[47803]: <4DF5833E-170E-391E-8068-334A1619B6EC> /System/Library/Frameworks/CoreServices.framework/Versions/A/Frameworks/FSEvents.framework/Versions/A/FSEvents
dyld[47803]: <C3100FC0-CB90-375E-8228-7AD3095F70CC> /System/Library/Frameworks/CoreServices.framework/Versions/A/Frameworks/CarbonCore.framework/Versions/A/CarbonCore
dyld[47803]: <20352036-F9BF-311D-BF2B-4BE56DE35A4C> /System/Library/Frameworks/CoreServices.framework/Versions/A/Frameworks/Metadata.framework/Versions/A/Metadata
dyld[47803]: <C43D9113-B804-3617-AB4E-18B9746C3FD7> /System/Library/Frameworks/CoreServices.framework/Versions/A/Frameworks/OSServices.framework/Versions/A/OSServices
dyld[47803]: <DB2FEE7A-4E93-3C0A-A1BC-1A7915D7F824> /System/Library/Frameworks/CoreServices.framework/Versions/A/Frameworks/SearchKit.framework/Versions/A/SearchKit
dyld[47803]: <1FE41C73-319E-31D6-8AB9-5D9725C29840> /System/Library/Frameworks/CoreServices.framework/Versions/A/Frameworks/AE.framework/Versions/A/AE
dyld[47803]: <F672AF6B-712F-3E94-A30C-D962C961B1AE> /System/Library/Frameworks/CoreServices.framework/Versions/A/Frameworks/LaunchServices.framework/Versions/A/LaunchServices
dyld[47803]: <89B35D84-BCB4-32EA-B793-BB3563BA6C7E> /System/Library/Frameworks/CoreServices.framework/Versions/A/Frameworks/DictionaryServices.framework/Versions/A/DictionaryServices
dyld[47803]: <11D1A903-7E02-365D-B434-CF1F6928B9C8> /System/Library/Frameworks/CoreServices.framework/Versions/A/Frameworks/SharedFileList.framework/Versions/A/SharedFileList
dyld[47803]: <37EB8634-C367-3986-951F-FE6CE034F9B8> /usr/lib/libapple_nghttp2.dylib
dyld[47803]: <FFED8D03-933A-3E77-A298-899189CFDDEE> /usr/lib/libsqlite3.dylib
dyld[47803]: <480932A5-4C8C-3AEF-AFC3-31D7D5A6DFB7> /System/Library/Frameworks/Accounts.framework/Versions/A/Accounts
dyld[47803]: <277306E7-DBCE-3D31-8E19-1A959860E47C> /System/Library/PrivateFrameworks/AOSKit.framework/Versions/A/AOSKit
dyld[47803]: <F1614AEF-411C-3D85-B147-122B24A52BD2> /System/Library/PrivateFrameworks/AppSSOCore.framework/Versions/A/AppSSOCore
dyld[47803]: <E49883EF-0C5A-34B3-940E-6CDED347A361> /System/Library/PrivateFrameworks/AppSupport.framework/Versions/A/AppSupport
dyld[47803]: <2B4C89E8-6D61-382F-8596-400AFD5DFAED> /System/Library/Frameworks/AVFoundation.framework/Versions/A/AVFoundation
dyld[47803]: <D6494026-1CF4-365F-9D35-BD3C0FAE8463> /System/Library/PrivateFrameworks/BackgroundSystemTasks.framework/Versions/A/BackgroundSystemTasks
dyld[47803]: <5B6BC0A9-527D-3D06-B19A-59A55830D0C2> /System/Library/PrivateFrameworks/CoreAnalytics.framework/Versions/A/CoreAnalytics
dyld[47803]: <86707213-12B9-3943-AF6A-FBFDF1209FCA> /System/Library/Frameworks/CoreGraphics.framework/Versions/A/CoreGraphics
dyld[47803]: <43674C87-ADFF-3F60-9DDD-8CE9CAFA39D5> /System/Library/PrivateFrameworks/DuetActivityScheduler.framework/Versions/A/DuetActivityScheduler
dyld[47803]: <8220298F-96F2-3CED-82CF-C07E11DA38F9> /System/Library/PrivateFrameworks/FTServices.framework/Versions/A/FTServices
dyld[47803]: <6A676BE5-DAA2-3923-8B2D-9183A79D8FCF> /System/Library/Frameworks/GSS.framework/Versions/A/GSS
dyld[47803]: <B9C46934-ECEA-360F-BD4D-39025C7947C9> /System/Library/PrivateFrameworks/InternationalSupport.framework/Versions/A/InternationalSupport
dyld[47803]: <F64C374B-7C49-32B2-BD2E-8822A3F14163> /usr/lib/libMemoryResourceException.dylib
dyld[47803]: <A3C34F06-7BB2-3881-8DD1-775BB79E14B3> /System/Library/PrivateFrameworks/NetworkScore.framework/Versions/A/NetworkScore
dyld[47803]: <31C663CB-E303-3669-A2D3-17AB24A16940> /System/Library/PrivateFrameworks/NetworkServiceProxy.framework/Versions/A/NetworkServiceProxy
dyld[47803]: <949C594B-FE78-3E1A-B40C-4720CF994C75> /System/Library/PrivateFrameworks/RunningBoardServices.framework/Versions/A/RunningBoardServices
dyld[47803]: <291F2CDF-90AA-36D2-94BB-1318387C54C5> /System/Library/PrivateFrameworks/StreamingExtractor.framework/Versions/A/StreamingExtractor
dyld[47803]: <A266C210-8869-390E-93D0-5AC15408C80D> /System/Library/PrivateFrameworks/StreamingZip.framework/Versions/A/StreamingZip
dyld[47803]: <DB7270A8-9BB5-3EBE-B2FD-54F6641D56DE> /System/Library/PrivateFrameworks/SymptomReporter.framework/Versions/A/SymptomReporter
dyld[47803]: <87E902A1-34F8-3ED8-8A5B-00F346A553AE> /usr/lib/libenergytrace.dylib
dyld[47803]: <076C8183-DBAF-3FE4-8019-C95855620AD9> /usr/lib/libnetworkextension.dylib
dyld[47803]: <4A16436D-E026-380A-ADED-84C279C05285> /System/Library/Frameworks/Network.framework/Versions/A/Network
dyld[47803]: <7E84A4E7-383B-33B9-B604-D707E8E0C76A> /usr/lib/libbsm.0.dylib
dyld[47803]: <B20E8F67-6646-3050-AB29-44575B24BB6D> /usr/lib/system/libkxld.dylib
dyld[47803]: <2D2A4D15-9634-3D30-8D50-845C65536968> /System/Library/PrivateFrameworks/AppleKeyStore.framework/Versions/A/AppleKeyStore
dyld[47803]: <CFECAA0B-0E59-3E9B-BE28-7247E52F32BC> /usr/lib/libCoreEntitlements.dylib
dyld[47803]: <DDEA8F2A-0D8C-3136-A60F-159B3BF6BB14> /System/Library/PrivateFrameworks/MessageSecurity.framework/Versions/A/MessageSecurity
dyld[47803]: <4AB73CF2-A262-3297-A4ED-F98885686564> /System/Library/PrivateFrameworks/ProtocolBuffer.framework/Versions/A/ProtocolBuffer
dyld[47803]: <9E416667-BB78-36EB-9B5D-886652738B8E> /System/Library/PrivateFrameworks/CloudServices.framework/Versions/A/CloudServices
dyld[47803]: <88586001-D9A2-3BCE-A0B3-F66B962A5FCD> /System/Library/PrivateFrameworks/SymptomDiagnosticReporter.framework/Versions/A/SymptomDiagnosticReporter
dyld[47803]: <E76B3969-60BD-3EBD-8419-B6D16CB330C2> /System/Library/PrivateFrameworks/CrashReporterSupport.framework/Versions/A/CrashReporterSupport
dyld[47803]: <E0F8AF6B-104D-3F9D-A8FB-49EF7C45EAAE> /usr/lib/libMobileGestalt.dylib
dyld[47803]: <903E85C5-7923-3276-8CD3-439E896B7C6B> /System/Library/PrivateFrameworks/AppleFSCompression.framework/Versions/A/AppleFSCompression
dyld[47803]: <5CF64670-CDC0-3AF0-930A-38522A8573EC> /usr/lib/libcoretls.dylib
dyld[47803]: <88C8B8CF-FC4A-3278-9FD7-A2B90B2F600F> /usr/lib/libcoretls_cfhelpers.dylib
dyld[47803]: <4653F0C2-72CB-3C35-AEB9-AAFD63A5B721> /usr/lib/libpam.2.dylib
dyld[47803]: <47C6FF5C-2E46-3B5A-A3AF-157D64AA89B0> /usr/lib/libxar.1.dylib
dyld[47803]: <715B7DF2-B40D-3EBA-BFC9-13276492ED33> /System/Library/PrivateFrameworks/APFS.framework/Versions/A/APFS
dyld[47803]: <C01C6663-DD1C-3855-AB40-23B40F988E8E> /System/Library/PrivateFrameworks/SwiftASN1Internal.framework/Versions/A/SwiftASN1Internal
dyld[47803]: <AAB4E5F3-8EF1-39BE-A32B-8B4ABF8F390D> /usr/lib/libutil.dylib
dyld[47803]: <389F3921-719F-3A03-BD22-3A711B27FB35> /System/Library/PrivateFrameworks/AppleSystemInfo.framework/Versions/A/AppleSystemInfo
dyld[47803]: <2CFBD4DF-9E6B-34A5-9B6C-BCD05F40F139> /System/Library/PrivateFrameworks/IOMobileFramebuffer.framework/Versions/A/IOMobileFramebuffer
dyld[47803]: <C30F04DE-ADD7-3DBC-A1B2-C7D1EFA08CC6> /System/Library/Frameworks/IOSurface.framework/Versions/A/IOSurface
dyld[47803]: <B73AC390-0D5D-3EDA-A81F-709B68F0E37A> /System/Library/PrivateFrameworks/CoreWiFi.framework/Versions/A/CoreWiFi
dyld[47803]: <E39BD6CE-35C2-3F90-BBC1-F68EB3C71E52> /System/Library/PrivateFrameworks/LoggingSupport.framework/Versions/A/LoggingSupport
dyld[47803]: <B7154554-8A67-3354-B992-14441B39FF71> /System/Library/PrivateFrameworks/MobileAsset.framework/Versions/A/MobileAsset
dyld[47803]: <604DB01F-E423-31DC-A4A1-792F6701BA2D> /System/Library/PrivateFrameworks/PowerLog.framework/Versions/A/PowerLog
dyld[47803]: <BE98D10A-67D4-311C-B556-8D3838CF6F81> /System/Library/PrivateFrameworks/Rapport.framework/Versions/A/Rapport
dyld[47803]: <58E4A38D-47FB-3EAC-B7E0-6818F49D24EA> /System/Library/Frameworks/SwiftData.framework/Versions/A/SwiftData
dyld[47803]: <540009BA-D3E5-3F67-8DE8-ED0033FE9215> /System/Library/PrivateFrameworks/Symptoms.framework/Versions/A/Frameworks/SymptomAnalytics.framework/Versions/A/SymptomAnalytics
dyld[47803]: <743056F4-24EC-3A70-8282-C6F20407C193> /System/Library/Frameworks/UniformTypeIdentifiers.framework/Versions/A/UniformTypeIdentifiers
dyld[47803]: <4C89B3C9-F76E-3ED3-9515-E770E4E0E04A> /System/Library/PrivateFrameworks/UserManagement.framework/Versions/A/UserManagement
dyld[47803]: <0767E249-3DD3-375B-8E61-F5DB8309C5BA> /usr/lib/libboringssl.dylib
dyld[47803]: <819F23DB-90BE-3F09-8647-29C8F3CF929E> /usr/lib/libcupolicy.dylib
dyld[47803]: <B079C73B-474D-3A35-B9FC-C417A2FAAC2D> /usr/lib/libdns_services.dylib
dyld[47803]: <9BFCCC8E-40E3-33F3-8108-ED956930D9B0> /System/Library/Frameworks/NetworkExtension.framework/Versions/A/NetworkExtension
dyld[47803]: <2C368B24-1063-37A2-9815-6392CE0D28FA> /usr/lib/libnwswifttls.dylib
dyld[47803]: <0A92F1D9-34F1-35A9-A293-57BED013A7C7> /usr/lib/libpcap.A.dylib
dyld[47803]: <A88B0E2C-9449-37D5-AA62-8533346704D8> /usr/lib/libquic.dylib
dyld[47803]: <35A0D004-85A7-324D-A597-61F1AA1203B8> /usr/lib/libusrtcp.dylib
dyld[47803]: <AD7AC28E-DF43-3FE2-9F95-1A55421FE21B> /System/Library/PrivateFrameworks/AtomicsInternal.framework/Versions/A/AtomicsInternal
dyld[47803]: <4AFF9D01-B152-3754-917D-FEB9B6EDB074> /System/Library/PrivateFrameworks/InternalSwiftProtobuf.framework/Versions/A/InternalSwiftProtobuf
dyld[47803]: <939A84CD-B303-36D6-89D4-0CA6FE6C9335> /usr/lib/swift/libswiftDistributed.dylib
dyld[47803]: <69B34359-C025-3674-9127-6FE565701511> /usr/lib/swift/libswiftObservation.dylib
dyld[47803]: <7626547E-9425-3FAE-A895-04A4C0B5A24C> /usr/lib/swift/libswiftSynchronization.dylib
dyld[47803]: <61779A8C-8FAF-3B30-88EB-F8B1F7965DA6> /System/Library/PrivateFrameworks/AggregateDictionary.framework/Versions/A/AggregateDictionary
dyld[47803]: <ACB84D0D-0179-32B7-8F5C-53BD2AC740D5> /System/Library/PrivateFrameworks/CoreDuetContext.framework/Versions/A/CoreDuetContext
dyld[47803]: <ED2927D1-85F9-346D-9054-C9008EEFC205> /System/Library/PrivateFrameworks/BiomeLibrary.framework/Versions/A/BiomeLibrary
dyld[47803]: <0F02B28D-130E-3D48-A02E-D62C960731A0> /System/Library/PrivateFrameworks/CoreDuet.framework/Versions/A/CoreDuet
dyld[47803]: <0C2B5247-3909-390E-89D1-CD10B5986FDB> /System/Library/PrivateFrameworks/BiomeStreams.framework/Versions/A/BiomeStreams
dyld[47803]: <ECD6B305-5576-372C-A6C2-6FB8B3449B16> /System/Library/PrivateFrameworks/BiomeFoundation.framework/Versions/A/BiomeFoundation
dyld[47803]: <56BD2841-6328-3882-839C-512E9AEC3220> /System/Library/PrivateFrameworks/BiomePubSub.framework/Versions/A/BiomePubSub
dyld[47803]: <26BCA90F-FDB6-3162-8398-B204D85CFE5B> /System/Library/Frameworks/CoreData.framework/Versions/A/CoreData
dyld[47803]: <5C05FB7B-7E85-3E88-B482-B08EBADE6C7C> /System/Library/PrivateFrameworks/ProactiveSupport.framework/Versions/A/ProactiveSupport
dyld[47803]: <8984813E-20DC-39D0-8760-81CF047BEA77> /System/Library/Frameworks/CoreLocation.framework/Versions/A/CoreLocation
dyld[47803]: <71576C7F-398C-30F3-8B15-E71BBEFCBF40> /System/Library/Frameworks/Intents.framework/Versions/A/Intents
dyld[47803]: <9C3CA246-0044-37F0-9C69-6A72E1434912> /System/Library/Frameworks/_LocationEssentials.framework/Versions/A/_LocationEssentials
dyld[47803]: <6DB9D3C0-C6E8-34F1-BECE-E13E769A8FDB> /usr/lib/liblzma.5.dylib
dyld[47803]: <69865F9B-6DB8-3638-8A23-072E1E349C72> /System/Library/Frameworks/Accelerate.framework/Versions/A/Accelerate
dyld[47803]: <0542EA91-C289-3EEB-A7BD-E3FDC5F48622> /System/Library/PrivateFrameworks/MobileKeyBag.framework/Versions/A/MobileKeyBag
dyld[47803]: <504121FD-73F2-3024-93D0-E8A7C806E94B> /System/Library/PrivateFrameworks/InternationalTextSearch.framework/Versions/A/InternationalTextSearch
dyld[47803]: <6DD8264D-A08C-3E81-A4DC-DF6F92BDE42B> /System/Library/PrivateFrameworks/SoftwareUpdateCoreSupport.framework/Versions/A/SoftwareUpdateCoreSupport
dyld[47803]: <BE013477-FD5C-36B1-9127-66C2080DE35E> /System/Library/PrivateFrameworks/SoftwareUpdateCoreConnect.framework/Versions/A/SoftwareUpdateCoreConnect
dyld[47803]: <B9FE5420-1BC3-3001-ACAF-2E917BFFBDD0> /System/Library/PrivateFrameworks/RemoteServiceDiscovery.framework/Versions/A/RemoteServiceDiscovery
dyld[47803]: <135C2628-BD95-3432-8D97-32C8FDABD1E3> /System/Library/PrivateFrameworks/MSUDataAccessor.framework/Versions/A/MSUDataAccessor
dyld[47803]: <7817458F-E833-3825-A04B-03A79AD8739B> /usr/lib/libbootpolicy.dylib
dyld[47803]: <ED17CD59-DDEC-3BDE-9267-201A02407BAD> /System/Library/PrivateFrameworks/RemoteXPC.framework/Versions/A/RemoteXPC
dyld[47803]: <A1DBFEC9-D0A6-3B2E-99D2-EC6B5B9B960D> /usr/lib/libFDR.dylib
dyld[47803]: <A73B43E8-985F-3BB1-AD2B-DAF39BFF4E95> /usr/lib/libamsupport.dylib
dyld[47803]: <2C923B2B-EB1C-3FD1-8272-4AD141AEE322> /usr/lib/libReverseProxyDevice.dylib
dyld[47803]: <A1751466-FD99-3C13-9DAE-8EE39A575C75> /System/Library/PrivateFrameworks/AppleDeviceQuerySupport.framework/Versions/A/AppleDeviceQuerySupport
dyld[47803]: <6B2536A0-FB99-3B72-BF72-C8A230F76C2F> /usr/lib/libpartition2_dynamic.dylib
dyld[47803]: <50A785A8-C474-3A6D-A6CB-DFD2D0E93B43> /System/Library/PrivateFrameworks/AppleSauce.framework/Versions/A/AppleSauce
dyld[47803]: <4C0A66D2-B313-3A88-B438-3B2FBAFD7994> /usr/lib/libAppleArchive.dylib
dyld[47803]: <F8B99793-2A42-3B06-A92E-C84D8679459A> /usr/lib/libbz2.1.0.dylib
dyld[47803]: <87180846-15A0-3AE6-9375-8986922E7704> /System/Library/Frameworks/Accelerate.framework/Versions/A/Frameworks/vImage.framework/Versions/A/vImage
dyld[47803]: <F9DA17B8-BF0E-3D0E-8D51-8895A09E76CA> /System/Library/Frameworks/Accelerate.framework/Versions/A/Frameworks/vecLib.framework/Versions/A/vecLib
dyld[47803]: <E5B95953-1269-352C-B085-3BC6406E41D9> /System/Library/Frameworks/Accelerate.framework/Versions/A/Frameworks/vecLib.framework/Versions/A/libvMisc.dylib
dyld[47803]: <C127566F-507D-3087-8945-973441413016> /System/Library/Frameworks/Accelerate.framework/Versions/A/Frameworks/vImage.framework/Versions/A/Libraries/libCGInterfaces.dylib
dyld[47803]: <48BF39E9-074A-3BD8-80DD-DEB901859383> /System/Library/PrivateFrameworks/AccelerateGPU.framework/Versions/A/AccelerateGPU
dyld[47803]: <B8AEEB6D-A458-37C3-B22A-99C768B155EA> /System/Library/Frameworks/Accelerate.framework/Versions/A/Frameworks/vecLib.framework/Versions/A/libBLAS.dylib
dyld[47803]: <305A0A92-364D-3C8B-8BC4-DAE07A4E2918> /System/Library/Frameworks/ApplicationServices.framework/Versions/A/ApplicationServices
dyld[47803]: <9C44ABC3-19CD-32AB-A7AA-098813317900> /System/Library/Frameworks/CoreVideo.framework/Versions/A/CoreVideo
dyld[47803]: <96471F96-B3C6-3783-B8BB-17C1E48C46B7> /System/Library/Frameworks/ColorSync.framework/Versions/A/ColorSync
dyld[47803]: <22A4F922-8523-396D-AD9B-DA6FF15DA432> /System/Library/Frameworks/CoreText.framework/Versions/A/CoreText
dyld[47803]: <0CD49F9D-A8E2-303D-98A7-7E9602B00B90> /System/Library/Frameworks/ImageIO.framework/Versions/A/ImageIO
dyld[47803]: <63A93F8B-EBA5-37CF-A171-7B220B8C6A70> /System/Library/Frameworks/ApplicationServices.framework/Versions/A/Frameworks/ATS.framework/Versions/A/ATS
dyld[47803]: <0B0164B2-3069-3AF2-B2C5-8A5F1E81BFD6> /System/Library/Frameworks/ApplicationServices.framework/Versions/A/Frameworks/HIServices.framework/Versions/A/HIServices
dyld[47803]: <395625EB-39F6-392B-88CB-C8679C3A844C> /System/Library/Frameworks/ApplicationServices.framework/Versions/A/Frameworks/PrintCore.framework/Versions/A/PrintCore
dyld[47803]: <2CC38837-4DB6-3BBB-A3C9-75D083BD5C61> /System/Library/Frameworks/ApplicationServices.framework/Versions/A/Frameworks/QD.framework/Versions/A/QD
dyld[47803]: <7E09AC41-9944-3061-BC9A-23B6F977BE3A> /System/Library/Frameworks/ApplicationServices.framework/Versions/A/Frameworks/ColorSyncLegacy.framework/Versions/A/ColorSyncLegacy
dyld[47803]: <26B44C48-BC70-38A8-AAF1-7EC18393E11F> /System/Library/Frameworks/ApplicationServices.framework/Versions/A/Frameworks/SpeechSynthesis.framework/Versions/A/SpeechSynthesis
dyld[47803]: <898384F5-D43B-3BCA-8383-3039E80CFA6D> /System/Library/PrivateFrameworks/SkyLight.framework/Versions/A/SkyLight
dyld[47803]: <27A05596-EDE4-3576-B061-D68EB1B6CAD5> /System/Library/PrivateFrameworks/FontServices.framework/libFontParser.dylib
dyld[47803]: <0C76F3C5-CD3B-3837-BAEB-0226751512F6> /System/Library/PrivateFrameworks/BaseBoard.framework/Versions/A/BaseBoard
dyld[47803]: <35DD2B0B-E814-3C04-89AE-04EB53AB64B2> /System/Library/PrivateFrameworks/BoardServices.framework/Versions/A/BoardServices
dyld[47803]: <822C92A9-C200-3DF8-A48F-04F6FC444EA2> /System/Library/PrivateFrameworks/BackBoardServices.framework/Versions/A/BackBoardServices
dyld[47803]: <83EA7238-159B-3156-8F5D-D84E4D94FAD2> /System/Library/PrivateFrameworks/BackBoardHIDEventFoundation.framework/Versions/A/BackBoardHIDEventFoundation
dyld[47803]: <197CDF27-438E-3EB7-BC35-0C466CCF17CD> /System/Library/Frameworks/CoreDisplay.framework/Versions/A/CoreDisplay
dyld[47803]: <586DC60D-A727-38F7-9156-CC98E30F284D> /System/Library/Frameworks/VideoToolbox.framework/Versions/A/VideoToolbox
dyld[47803]: <7835C05F-D662-38A0-83A8-CA317D2C915B> /System/Library/Frameworks/MetalPerformanceShaders.framework/Versions/A/MetalPerformanceShaders
dyld[47803]: <3B0EC42B-483E-3B2E-9320-4CB6664A302B> /System/Library/PrivateFrameworks/ProDisplayLibrary.framework/Versions/A/ProDisplayLibrary
dyld[47803]: <A4FA1F92-D834-3716-89C5-F0B7C0609744> /System/Library/PrivateFrameworks/IOSurfaceAccelerator.framework/Versions/A/IOSurfaceAccelerator
dyld[47803]: <E62B6554-CA42-3D79-B048-C5F6DEFA20CC> /System/Library/Frameworks/Metal.framework/Versions/A/Metal
dyld[47803]: <61E0BB2C-2B28-3B5A-8548-B2C19521DCAD> /System/Library/PrivateFrameworks/IOAccelerator.framework/Versions/A/IOAccelerator
dyld[47803]: <8149A6D5-5D34-3DE8-9F49-0C13EBA54A00> /System/Library/Frameworks/CoreMedia.framework/Versions/A/CoreMedia
dyld[47803]: <312C79A8-E961-3646-8528-3FC190FAAEA3> /System/Library/PrivateFrameworks/TCC.framework/Versions/A/TCC
dyld[47803]: <C3A8BEDA-D443-3239-93BC-1F77D6307526> /System/Library/PrivateFrameworks/WatchdogClient.framework/Versions/A/WatchdogClient
dyld[47803]: <F1BA3189-E95A-3ECA-B59A-5A6872754484> /System/Library/Frameworks/QuartzCore.framework/Versions/A/QuartzCore
dyld[47803]: <9A09DE9B-0772-325A-BBA2-8164DAB189BE> /System/Library/PrivateFrameworks/MultitouchSupport.framework/Versions/A/MultitouchSupport
dyld[47803]: <DDA5A4B3-59E6-319C-8061-FEFD39ADC8C7> /usr/lib/swift/libswiftAccelerate.dylib
dyld[47803]: <EFBE5ADA-3929-35CF-988E-7AED8B7FDE51> /usr/lib/swift/libswiftCoreAudio.dylib
dyld[47803]: <D1491CD7-17C3-36DB-8775-211B2F22C80F> /usr/lib/swift/libswiftCoreMedia.dylib
dyld[47803]: <10BCDD43-C5E6-38BF-99CA-54B6AD7A3EEA> /usr/lib/swift/libswiftMetal.dylib
dyld[47803]: <57A2CE5E-DAC3-35D2-9BED-6188DF518B70> /usr/lib/swift/libswiftOSLog.dylib
dyld[47803]: <C348816E-C511-356C-830B-5F690FA3AA69> /usr/lib/swift/libswiftQuartzCore.dylib
dyld[47803]: <D02B3C6D-7F89-3910-B160-7339E13B7778> /usr/lib/swift/libswiftUniformTypeIdentifiers.dylib
dyld[47803]: <E0458D1A-E650-3E6B-99A1-1882CC4A159A> /usr/lib/swift/libswiftVideoToolbox.dylib
dyld[47803]: <F83F1836-73D8-3B30-A8C4-FED0DA5E8CEC> /usr/lib/swift/libswiftsimd.dylib
dyld[47803]: <9A1B7F95-CF13-3127-85D4-9AAF491AF821> /System/Library/PrivateFrameworks/BiomeStorage.framework/Versions/A/BiomeStorage
dyld[47803]: <5DA57389-B626-3B6E-89E3-C724B0468F10> /System/Library/PrivateFrameworks/IntelligencePlatformLibrary.framework/Versions/A/IntelligencePlatformLibrary
dyld[47803]: <2E3DEAB0-737E-3412-9437-32EDB3086EA3> /System/Library/PrivateFrameworks/PoirotSchematizer.framework/Versions/A/PoirotSchematizer
dyld[47803]: <6D9F3228-2B0C-36ED-B43E-BC4148212971> /System/Library/PrivateFrameworks/BiomeSync.framework/Versions/A/BiomeSync
dyld[47803]: <D25EE534-F145-3A91-B92E-2BBDE76BB0B1> /System/Library/PrivateFrameworks/BiomeDSL.framework/Versions/A/BiomeDSL
dyld[47803]: <BC98F8FE-E39A-31DC-B2BB-F129D1352E1E> /System/Library/PrivateFrameworks/FeatureFlags.framework/Versions/A/FeatureFlags
dyld[47803]: <4B0C858E-68AE-32CF-8F62-B44B1838BBB6> /System/Library/PrivateFrameworks/PoirotUDFs.framework/Versions/A/PoirotUDFs
dyld[47803]: <866DBB51-99DA-38A9-A712-4E26BB5A5CE0> /usr/lib/swift/libswift_DarwinFoundation2.dylib
dyld[47803]: <995CB65C-A58D-38B3-A271-917FDB9F8C57> /usr/lib/swift/libswift_DarwinFoundation3.dylib
dyld[47803]: <89179061-46AF-3E0C-8F03-FF9F5ACEE211> /System/Library/PrivateFrameworks/CoreTime.framework/Versions/A/CoreTime
dyld[47803]: <2D429111-B58B-365E-8D8D-68DA82D20589> /usr/lib/libiconv.2.dylib
dyld[47803]: <7704B548-DB2D-3468-B301-82E8F026DDCE> /usr/lib/libcharset.1.dylib
dyld[47803]: <07B78F81-0131-32DA-9961-316C1C248338> /System/Library/PrivateFrameworks/PoirotSQLite.framework/Versions/A/PoirotSQLite
dyld[47803]: <6BA1B88C-B16D-3296-9322-F98613487F18> /usr/lib/swift/libswift_RegexParser.dylib
dyld[47803]: <327752A7-9364-352C-B3FD-79457DC3145C> /System/Library/PrivateFrameworks/CascadeSets.framework/Versions/A/CascadeSets
dyld[47803]: <39D6BD21-AFD7-3068-B747-B94A5D9F1C27> /System/Library/PrivateFrameworks/CorePhoneNumbers.framework/Versions/A/CorePhoneNumbers
dyld[47803]: <72E56855-8FE6-3262-9A11-B2F475119A93> /System/Library/PrivateFrameworks/AppleJPEG.framework/Versions/A/AppleJPEG
dyld[47803]: <6D02979F-089C-3FF7-B3EA-939E8810EDE7> /usr/lib/libexpat.1.dylib
dyld[47803]: <5855ECAC-2298-3B0A-A859-9E643E12010D> /System/Library/Frameworks/ImageIO.framework/Versions/A/Resources/libPng.dylib
dyld[47803]: <2E5FD6A0-0646-3F84-84A8-09F2BD58C56D> /System/Library/Frameworks/ImageIO.framework/Versions/A/Resources/libTIFF.dylib
dyld[47803]: <A4D144D0-C3D8-3BB6-962F-FDBC6DACC105> /System/Library/Frameworks/ImageIO.framework/Versions/A/Resources/libGIF.dylib
dyld[47803]: <FCBA3CD1-64C8-3BE1-AB50-450070167FA3> /System/Library/Frameworks/ImageIO.framework/Versions/A/Resources/libJP2.dylib
dyld[47803]: <8331A311-1C3F-37E5-A6FB-74FEB6D31D57> /usr/lib/libate.dylib
dyld[47803]: <30EA44B1-2A44-3415-A1B6-DD0ED2B7B306> /System/Library/Frameworks/ImageIO.framework/Versions/A/Resources/libJPEG.dylib
dyld[47803]: <2C186C82-66E0-369C-B2D4-1815FAB8AFB3> /System/Library/Frameworks/ImageIO.framework/Versions/A/Resources/libRadiance.dylib
dyld[47803]: <0E239D6E-4F69-3A3C-8F10-207AB9E53626> /System/Library/PrivateFrameworks/GPUCompiler.framework/Versions/32023/Libraries/libllvm-flatbuffers.dylib
dyld[47803]: <E0E4527F-02A1-3B8E-BC59-50596B14C725> /System/Library/PrivateFrameworks/FramePacing.framework/Versions/A/FramePacing
dyld[47803]: <A7E06810-96A7-320B-90FF-41FEC8996481> /System/Library/Frameworks/OpenGL.framework/Versions/A/Libraries/libCoreFSCache.dylib
dyld[47803]: <54727168-9032-3AF7-B571-3A52A508B761> /System/Library/PrivateFrameworks/GPUCompiler.framework/Versions/32023/Libraries/libGPUCompilerUtils.dylib
dyld[47803]: <3877C6C1-2A1C-3971-A39B-BFBCBD2316E4> /System/Library/PrivateFrameworks/GraphicsServices.framework/Versions/A/GraphicsServices
dyld[47803]: <4441E600-26A0-3A7E-A20A-4A4F239AA0D0> /System/Library/Frameworks/OpenGL.framework/Versions/A/OpenGL
dyld[47803]: <D7A8D43B-01FB-363F-9E04-E3AE9712247B> /System/Library/Frameworks/OpenGL.framework/Versions/A/Libraries/libGLU.dylib
dyld[47803]: <82D99F0A-0AE0-3187-AED3-F8EA8602892E> /System/Library/Frameworks/OpenGL.framework/Versions/A/Libraries/libGFXShared.dylib
dyld[47803]: <0467762E-9A84-3C53-B0F4-CA179E29A8CE> /System/Library/Frameworks/OpenGL.framework/Versions/A/Libraries/libGL.dylib
dyld[47803]: <CF163ACB-2E12-3036-AFBE-AAEC42E32A95> /System/Library/Frameworks/OpenGL.framework/Versions/A/Libraries/libGLImage.dylib
dyld[47803]: <DCF9371C-4D04-3524-B0A0-0E0A93183BFB> /System/Library/Frameworks/OpenGL.framework/Versions/A/Libraries/libCVMSPluginSupport.dylib
dyld[47803]: <9879D439-C0AD-3A93-9050-4C0AE6C7DD07> /System/Library/Frameworks/OpenGL.framework/Versions/A/Libraries/libCoreVMClient.dylib
dyld[47803]: <FB88FA95-68C1-3573-B8A4-815488BDA4E6> /System/Library/PrivateFrameworks/GPUWrangler.framework/Versions/A/GPUWrangler
dyld[47803]: <60E38601-35DB-3D90-80C0-BB19848CFED7> /System/Library/PrivateFrameworks/IOPresentment.framework/Versions/A/IOPresentment
dyld[47803]: <F5D64A73-D6D9-380E-BF44-10544E2465B6> /System/Library/PrivateFrameworks/DSExternalDisplay.framework/Versions/A/DSExternalDisplay
dyld[47803]: <9FD68D8C-8D94-32D2-A41C-97A66C2E4BB6> /System/Library/PrivateFrameworks/VideoToolboxParavirtualizationSupport.framework/Versions/A/VideoToolboxParavirtualizationSupport
dyld[47803]: <7EB7686D-74B9-385B-A60F-25F9C97AD46B> /System/Library/PrivateFrameworks/AppleVA.framework/Versions/A/AppleVA
dyld[47803]: <1E88A46B-6D6B-3648-968B-01532612E28C> /System/Library/Frameworks/ExtensionFoundation.framework/Versions/A/ExtensionFoundation
dyld[47803]: <7AEF5F35-87FB-36B6-9347-BFB7DE09B133> /System/Library/PrivateFrameworks/CMCaptureCore.framework/Versions/A/CMCaptureCore
dyld[47803]: <866F4ACD-D94B-3BD7-8B90-573A51A8CEDF> /usr/lib/libspindump.dylib
dyld[47803]: <2E3313F7-C583-3D6C-A88B-37AF8B4C56F0> /System/Library/Frameworks/CoreAudio.framework/Versions/A/CoreAudio
dyld[47803]: <D54F06FB-C477-3A05-9C9F-A02CF013F926> /System/Library/PrivateFrameworks/AppServerSupport.framework/Versions/A/AppServerSupport
dyld[47803]: <8BDF1C32-455B-3FEF-A6E4-ECD49074CA07> /System/Library/PrivateFrameworks/perfdata.framework/Versions/A/perfdata
dyld[47803]: <71BD1CD7-CD33-3689-9EFF-12FAD75B97E5> /System/Library/PrivateFrameworks/AudioDSPGraph.framework/Versions/A/AudioDSPGraph
dyld[47803]: <668AAB07-F503-3EB4-A382-F01FB60269FB> /System/Library/PrivateFrameworks/AudioToolboxCore.framework/Versions/A/AudioToolboxCore
dyld[47803]: <725DE236-E4BB-34E0-A155-46A974629A81> /System/Library/PrivateFrameworks/caulk.framework/Versions/A/caulk
dyld[47803]: <573E42C2-BB6F-3E6C-BA4C-A7689728B174> /usr/lib/libAudioStatistics.dylib
dyld[47803]: <99C955D1-07A3-3FE9-922A-BC678E2EA454> /System/Library/PrivateFrameworks/SystemPolicy.framework/Versions/A/SystemPolicy
dyld[47803]: <08EEC0C2-F56C-3BB9-992A-160E5AAAEB56> /usr/lib/libSMC.dylib
dyld[47803]: <5491E4A8-56A3-3EBC-AC8E-B2D69CB34E32> /usr/lib/swift/libswiftCoreMIDI.dylib
dyld[47803]: <29F750A3-0A23-3C21-8C79-4A2D22F7BE8B> /System/Library/Frameworks/CoreMIDI.framework/Versions/A/CoreMIDI
dyld[47803]: <E83E83E4-F6D9-36B1-A7C8-1391F6E5D4E7> /usr/lib/libAudioToolboxUtility.dylib
dyld[47803]: <0D2BC538-CE70-3EFD-B277-6B12CEED8EC7> /usr/lib/libperfcheck.dylib
dyld[47803]: <AAD9FBE3-5777-3ED9-930F-1B5F492CDFA6> /System/Library/PrivateFrameworks/AudioAnalytics.framework/Versions/A/AudioAnalytics
dyld[47803]: <BFBCF2EC-4BC5-3941-AE6B-3F5BEF2C2296> /System/Library/Frameworks/OSLog.framework/Versions/A/OSLog
dyld[47803]: <C6FCA282-6ABB-38D2-9683-C6A229CCD92B> /System/Library/PrivateFrameworks/OSEligibility.framework/Versions/A/OSEligibility
dyld[47803]: <D170449C-D007-358E-A189-0CAA6CF8D01F> /System/Library/PrivateFrameworks/IconServices.framework/Versions/A/IconServices
dyld[47803]: <FAF6A95A-EDAC-3CEF-AE8A-44C9A4C12AA2> /System/Library/Frameworks/LightweightCodeRequirements.framework/Versions/A/LightweightCodeRequirements
dyld[47803]: <0F0E3B26-14CC-3248-B8FC-F55458E643C1> /System/Library/PrivateFrameworks/PlugInKit.framework/Versions/A/PlugInKit
dyld[47803]: <5F47F3F1-ADF5-35A7-8ADF-9C850F05C96E> /System/Library/PrivateFrameworks/AssertionServices.framework/Versions/A/AssertionServices
dyld[47803]: <4575E49F-BCA8-34CC-8027-BCE51ACDB678> /System/Library/PrivateFrameworks/IconFoundation.framework/Versions/A/IconFoundation
dyld[47803]: <55C4846B-FB15-31BB-81A1-FE1EE773650D> /System/Library/PrivateFrameworks/AssistantServices.framework/Versions/A/AssistantServices
dyld[47803]: <F4165CF9-0759-306E-8253-D5A316F8C87C> /System/Library/PrivateFrameworks/IconRendering.framework/Versions/A/IconRendering
dyld[47803]: <4866A12C-9F52-3ECE-A0C4-55F9E0FD065C> /System/Library/PrivateFrameworks/CoreUI.framework/Versions/A/CoreUI
dyld[47803]: <0B0C1F98-570E-38B6-A749-5A2239DCB0B7> /System/Library/Frameworks/CoreImage.framework/Versions/A/CoreImage
dyld[47803]: <262D0D2A-7A75-3343-AEB9-1294F6DC8118> /System/Library/PrivateFrameworks/SFSymbols.framework/Versions/A/SFSymbols
dyld[47803]: <CB99B5A9-3254-3174-A216-CCE7299B7E49> /System/Library/Frameworks/DeveloperToolsSupport.framework/Versions/A/DeveloperToolsSupport
dyld[47803]: <F7ECFEE8-BD23-380C-B96F-D1C588B8E735> /System/Library/PrivateFrameworks/RenderBox.framework/Versions/A/RenderBox
dyld[47803]: <3F803C87-C3A7-3DF6-B51B-8AADBFEC915C> /System/Library/PrivateFrameworks/CoreSVG.framework/Versions/A/CoreSVG
dyld[47803]: <2EA07A48-1ADC-3A77-9A3A-596142804F26> /System/Library/PrivateFrameworks/TextureIO.framework/Versions/A/TextureIO
dyld[47803]: <804A03E9-5942-312F-A1AA-8638FD385C1C> /usr/lib/swift/libswiftCoreImage.dylib
dyld[47803]: <BCE53558-0DC1-3670-8AD8-00315C2C7A8B> /System/Library/PrivateFrameworks/GraphVisualizer.framework/Versions/A/GraphVisualizer
dyld[47803]: <76B6A89A-771D-3946-8628-2DECF6188233> /System/Library/PrivateFrameworks/FontServices.framework/Versions/A/FontServices
dyld[47803]: <3CBB2906-8FEF-300A-8F84-1A61263AAB2C> /System/Library/PrivateFrameworks/OTSVG.framework/Versions/A/OTSVG
dyld[47803]: <2E43B513-D03C-3AE1-81C4-7B2ADBB6369E> /System/Library/Frameworks/ApplicationServices.framework/Versions/A/Frameworks/ATS.framework/Versions/A/Resources/libFontRegistry.dylib
dyld[47803]: <D0AD39A1-B981-345D-A8AE-F4DD33ACD224> /usr/lib/libhvf.dylib
dyld[47803]: <DC0A782B-37B2-3DB2-929B-C355C657DBA0> /System/Library/PrivateFrameworks/ParsingInternal.framework/Versions/A/ParsingInternal
dyld[47803]: <749892C3-5510-33F1-A268-8C2EBCAA0F35> /System/Library/PrivateFrameworks/FontServices.framework/libXTFontStaticRegistryData.dylib
dyld[47803]: <1C8768D1-ADC9-32F8-9B19-75F5B361342C> /System/Library/Frameworks/MetalPerformanceShaders.framework/Versions/A/Frameworks/MPSCore.framework/Versions/A/MPSCore
dyld[47803]: <C36504AE-AF4B-3BBB-B4C4-2AF4E3180B9C> /System/Library/Frameworks/MetalPerformanceShaders.framework/Versions/A/Frameworks/MPSImage.framework/Versions/A/MPSImage
dyld[47803]: <16ECC4C3-132A-3566-BA81-3A9857E6ECA3> /System/Library/Frameworks/MetalPerformanceShaders.framework/Versions/A/Frameworks/MPSNeuralNetwork.framework/Versions/A/MPSNeuralNetwork
dyld[47803]: <306ACCB4-2F1F-3292-87FD-0E65488119D9> /System/Library/Frameworks/MetalPerformanceShaders.framework/Versions/A/Frameworks/MPSMatrix.framework/Versions/A/MPSMatrix
dyld[47803]: <E53B1901-AED1-3258-9EBD-06F0A617F8CC> /System/Library/Frameworks/MetalPerformanceShaders.framework/Versions/A/Frameworks/MPSRayIntersector.framework/Versions/A/MPSRayIntersector
dyld[47803]: <EE7ACF8A-08BA-38FB-BAF9-A041B5C1647F> /System/Library/Frameworks/MetalPerformanceShaders.framework/Versions/A/Frameworks/MPSNDArray.framework/Versions/A/MPSNDArray
dyld[47803]: <BF31F15F-31CD-395D-AC73-4184B3B369BA> /System/Library/Frameworks/MetalPerformanceShaders.framework/Versions/A/Frameworks/MPSFunctions.framework/Versions/A/MPSFunctions
dyld[47803]: <64E0C8EB-73F2-3B9F-BA62-5011816127E5> /System/Library/Frameworks/MetalPerformanceShaders.framework/Versions/A/Frameworks/MPSBenchmarkLoop.framework/Versions/A/MPSBenchmarkLoop
dyld[47803]: <017CF55F-3554-395F-96CE-3162C11DF459> /System/Library/Frameworks/MetalPerformanceShaders.framework/Versions/A/Frameworks/MPSHost.framework/Versions/A/MPSHost
dyld[47803]: <828164D8-1D9C-3284-BEB6-94E4A14D789F> /System/Library/PrivateFrameworks/MetalTools.framework/Versions/A/MetalTools
dyld[47803]: <818ED21F-78B0-35A6-8759-A7ECABF2BFC8> /System/Library/PrivateFrameworks/IOAccelMemoryInfo.framework/Versions/A/IOAccelMemoryInfo
dyld[47803]: <983D9B3D-E395-3028-A6C5-53A3A18B6604> /System/Library/PrivateFrameworks/kperf.framework/Versions/A/kperf
dyld[47803]: <F8E5C533-6122-3B5D-B88A-A47C32109A9A> /System/Library/PrivateFrameworks/GPURawCounter.framework/Versions/A/GPURawCounter
dyld[47803]: <1DB46CCA-B13C-3959-BC00-924F576CB767> /System/Library/PrivateFrameworks/ASEProcessing.framework/Versions/A/ASEProcessing
dyld[47803]: <4102CB7D-49E9-345A-A779-3AE810B87268> /System/Library/PrivateFrameworks/Symbolication.framework/Versions/A/Symbolication
dyld[47803]: <1D4A69BF-58CF-3D49-A5FE-060A6882656F> /System/Library/PrivateFrameworks/PhotosensitivityProcessing.framework/Versions/A/PhotosensitivityProcessing
dyld[47803]: <AE03A46C-9FB6-374D-B37E-9718D375A651> /System/Library/PrivateFrameworks/SILManager.framework/Versions/A/SILManager
dyld[47803]: <330E7EFA-BC89-312E-BCB8-7B1DF5D9DE3A> /System/Library/PrivateFrameworks/CoreSymbolication.framework/Versions/A/CoreSymbolication
dyld[47803]: <8719F16D-7F55-3975-998C-06005D5DDC68> /System/Library/PrivateFrameworks/MallocStackLogging.framework/Versions/A/MallocStackLogging
dyld[47803]: <9B8E1A80-3FE3-39C1-A2FD-47BA6DFA959D> /System/Library/PrivateFrameworks/DebugSymbols.framework/Versions/A/DebugSymbols
dyld[47803]: <D89BF7AA-5A74-3F60-B20C-8250BD62F6B4> /System/Library/PrivateFrameworks/OSAnalytics.framework/Versions/A/OSAnalytics
dyld[47803]: <34A24CD5-073C-3E55-8D5F-83818DFCB057> /System/Library/PrivateFrameworks/DeviceRecovery.framework/Versions/A/DeviceRecovery
dyld[47803]: <5BD8491A-8C15-3964-9B0F-B1C9369DC3FC> /System/Library/PrivateFrameworks/Tightbeam.framework/Versions/A/Tightbeam
dyld[47803]: <B5EAFB22-7AE0-343B-95BB-7BB58955A702> /usr/lib/swift/libswiftCompression.dylib
dyld[47803]: <5F0A0B0B-7997-351F-99D8-0517689BBABD> /System/Library/PrivateFrameworks/AFKUser.framework/Versions/A/AFKUser
dyld[47803]: <CA3F2D29-2FCB-3DF4-ADA9-94072A8A6CBD> /System/Library/Frameworks/ApplicationServices.framework/Versions/A/Frameworks/ATSUI.framework/Versions/A/ATSUI
dyld[47803]: <85AB42E3-076F-3B68-ACCF-98625AA5E3D9> /System/Library/PrivateFrameworks/SAObjects.framework/Versions/A/SAObjects
dyld[47803]: <A329E39B-D87D-356B-AA05-3A30CC0DBEEF> /System/Library/Frameworks/AudioToolbox.framework/Versions/A/AudioToolbox
dyld[47803]: <459BA19D-9D3F-32BB-9BE4-176D95B85BCF> /System/Library/PrivateFrameworks/MediaRemote.framework/Versions/A/MediaRemote
dyld[47803]: <DCCDD83A-C276-3DD3-8F2E-6D3B899BB586> /System/Library/Frameworks/UserNotifications.framework/Versions/A/UserNotifications
dyld[47803]: <F12A1855-5F99-3D8A-AA13-23CA64268CD7> /System/Library/PrivateFrameworks/SiriInstrumentation.framework/Versions/A/SiriInstrumentation
dyld[47803]: <10891579-226D-3750-91A9-D98D111EA3BA> /System/Library/PrivateFrameworks/SiriAnalytics.framework/Versions/A/SiriAnalytics
dyld[47803]: <0C21B87C-6478-362B-AF45-D3A1D4A83FCF> /System/Library/PrivateFrameworks/SiriTTSService.framework/Versions/A/SiriTTSService
dyld[47803]: <5D8E0ADB-8A76-34C1-92D6-AF35C7EA73CF> /System/Library/PrivateFrameworks/SiriCrossDeviceArbitration.framework/Versions/A/SiriCrossDeviceArbitration
dyld[47803]: <784C4442-B822-3412-AF09-A1E753DDFFA3> /System/Library/PrivateFrameworks/FeedbackLogger.framework/Versions/A/FeedbackLogger
dyld[47803]: <760531A3-5E19-39C5-84B1-A445B2A50129> /System/Library/PrivateFrameworks/FaceTimeNameUtility.framework/Versions/A/FaceTimeNameUtility
dyld[47803]: <033D0C7B-216E-3D54-AD8C-B83BDE9B4F2D> /System/Library/PrivateFrameworks/AuthKit.framework/Versions/A/AuthKit
dyld[47803]: <D04C8621-DE39-35FD-9351-1627B71F02DC> /System/Library/PrivateFrameworks/SiriCrossDeviceArbitrationFeedback.framework/Versions/A/SiriCrossDeviceArbitrationFeedback
dyld[47803]: <E410F3F8-843C-3FCA-968C-3C864D829AF2> /usr/lib/swift/libswiftCoreLocation.dylib
dyld[47803]: <373189AA-6180-34D7-BA84-6BE401E4E1B9> /usr/lib/swift/libswiftAVFoundation.dylib
dyld[47803]: <3E7267BC-3D63-3785-8279-A8823C9C758F> /System/Library/PrivateFrameworks/UIKitServices.framework/Versions/A/UIKitServices
dyld[47803]: <83745C57-DE3B-394D-A83A-D71C79F3A8B9> /System/Library/PrivateFrameworks/UnifiedAssetFramework.framework/Versions/A/UnifiedAssetFramework
dyld[47803]: <5FEF75E9-F1DD-3FA9-A8B0-81277371B8FC> /System/Library/PrivateFrameworks/AudioSession.framework/Versions/A/AudioSession
dyld[47803]: <FA90EFCA-B936-357B-BF18-16A0FB34B9E9> /System/Library/PrivateFrameworks/MediaExperience.framework/Versions/A/MediaExperience
dyld[47803]: <BBC3CD71-264B-3C66-A2C0-5D4D266256EA> /System/Library/PrivateFrameworks/AudioSession.framework/libSessionUtility.dylib
dyld[47803]: <DD4B10E2-D4D6-3490-A745-33527E18CAAA> /System/Library/PrivateFrameworks/AudioAccessoryServices.framework/Versions/A/AudioAccessoryServices
dyld[47803]: <E3CE1636-EE20-35AF-B55A-F42B7B266EA4> /System/Library/Frameworks/CoreBluetooth.framework/Versions/A/CoreBluetooth
dyld[47803]: <51458515-C89E-317A-850D-182764F322EE> /System/Library/PrivateFrameworks/CoreUtils.framework/Versions/A/CoreUtils
dyld[47803]: <C9A86813-25EE-3439-8F66-A83F1A5015EC> /System/Library/PrivateFrameworks/HID.framework/Versions/A/HID
dyld[47803]: <F1FB23C7-7BB9-3B7C-87A2-7CA7F343ED61> /System/Library/PrivateFrameworks/Sharing.framework/Versions/A/Sharing
dyld[47803]: <D18AF20A-1BF0-383C-9E97-96CDCECE07A7> /System/Library/PrivateFrameworks/CoreUtilsExtras.framework/Versions/A/CoreUtilsExtras
dyld[47803]: <5A300AF2-96D7-3A85-ACA6-9084A7C40C6D> /System/Library/PrivateFrameworks/IO80211.framework/Versions/A/IO80211
dyld[47803]: <963A1CA0-DEBD-3341-81A2-DB5B34283C7B> /System/Library/PrivateFrameworks/IDSFoundation.framework/Versions/A/IDSFoundation
dyld[47803]: <8F99AE0B-A693-349F-8904-B70ECB1C86AA> /System/Library/PrivateFrameworks/Apple80211.framework/Versions/A/Apple80211
dyld[47803]: <9C05D8FD-3F10-3476-8A3C-501966EA13D2> /System/Library/Frameworks/CoreWLAN.framework/Versions/A/CoreWLAN
dyld[47803]: <604B1733-3682-3AF6-9F07-C85C999F3131> /System/Library/Frameworks/IOBluetooth.framework/Versions/A/IOBluetooth
dyld[47803]: <F11740D9-FE8D-38B3-99A9-666EE022F7A7> /usr/lib/swift/libswiftRegexBuilder.dylib
dyld[47803]: <1F2E4950-8060-35D0-B598-D2196F2728B3> /System/Library/PrivateFrameworks/IMFoundation.framework/Versions/A/IMFoundation
dyld[47803]: <462A888C-46C7-324A-8A18-4053C6CB2961> /System/Library/PrivateFrameworks/Marco.framework/Versions/A/Marco
dyld[47803]: <736A1792-0123-3722-822B-495B27044953> /System/Library/PrivateFrameworks/CommonUtilities.framework/Versions/A/CommonUtilities
dyld[47803]: <E78D4693-B886-3DE1-A029-497B47261DA3> /System/Library/PrivateFrameworks/Engram.framework/Versions/A/Engram
dyld[47803]: <1ACD9883-DEC9-3AF0-9E28-B11F4E1DC3F9> /System/Library/PrivateFrameworks/XPCDistributed.framework/Versions/A/XPCDistributed
dyld[47803]: <AFE528E7-451E-3EE9-8E02-7693A2C391B9> /usr/lib/libtidy.A.dylib
dyld[47803]: <C579F691-0120-3BEC-9993-E3CD5F7105A3> /System/Library/PrivateFrameworks/Bom.framework/Versions/A/Bom
dyld[47803]: <82153ECE-36A2-3514-87DE-3B8A53E96727> /usr/lib/libParallelCompression.dylib
dyld[47803]: <68CCF67B-1C66-30C0-9135-00BA5B75586F> /usr/lib/libIOReport.dylib
dyld[47803]: <0D7C76A0-047B-398E-B2A8-FD4705F72E5D> /System/Library/PrivateFrameworks/WiFiPeerToPeer.framework/Versions/A/WiFiPeerToPeer
dyld[47803]: <E5FF4EE4-5A8B-3CBA-BA37-3FE6C7012B0D> /System/Library/Frameworks/SecurityFoundation.framework/Versions/A/SecurityFoundation
dyld[47803]: <E2954A31-B31C-3C9B-A7F9-12CAEC0D1D4E> /System/Library/PrivateFrameworks/Centauri.framework/Versions/A/Centauri
dyld[47803]: <65CFA8A7-E7D2-383A-9C47-D2AF8A46AA22> /System/Library/PrivateFrameworks/Lexicon.framework/Versions/A/Lexicon
dyld[47803]: <188D929F-E81D-3922-BCB4-8D34B4E75EA7> /usr/lib/libmrc.dylib
dyld[47803]: <783A3989-84DE-3340-9292-052A10B7DAD7> /System/Library/PrivateFrameworks/IPConfiguration.framework/Versions/A/IPConfiguration
dyld[47803]: <ECFD5323-6A6A-3231-B90E-57E1332B0122> /System/Library/PrivateFrameworks/Netrb.framework/Versions/A/Netrb
dyld[47803]: <A34C688D-A13A-3625-934C-801A13990594> /System/Library/PrivateFrameworks/FrontBoardServices.framework/Versions/A/FrontBoardServices
dyld[47803]: <604E97FC-C938-306C-9DBB-36B10AFFBA39> /usr/lib/libgermantok.dylib
dyld[47803]: <B5E076A6-50D6-3B48-AACD-E1FC575BDCEE> /System/Library/PrivateFrameworks/LinguisticData.framework/Versions/A/LinguisticData
dyld[47803]: <7EDD9E23-5D91-344A-812B-CFD814180C55> /System/Library/PrivateFrameworks/MultiverseSupport.framework/Versions/A/MultiverseSupport
dyld[47803]: <1AFFCA76-E71A-385E-A3C8-968CDBE9E57D> /System/Library/PrivateFrameworks/DiskManagement.framework/Versions/A/DiskManagement
dyld[47803]: <4B693927-5B0A-364E-BC11-F560B1D707FE> /System/Library/PrivateFrameworks/AppleIDAuthSupport.framework/Versions/A/AppleIDAuthSupport
dyld[47803]: <0E5752E3-313E-3B50-9FB4-DB13FECB0BD7> /System/Library/PrivateFrameworks/AAAFoundation.framework/Versions/A/AAAFoundation
dyld[47803]: <B9966194-B1A6-3ED2-98C9-0D4B49D2617E> /System/Library/PrivateFrameworks/KeychainCircle.framework/Versions/A/KeychainCircle
dyld[47803]: <5ED2FD61-010A-3627-92E8-151E71B739D8> /System/Library/PrivateFrameworks/URLFormatting.framework/Versions/A/URLFormatting
dyld[47803]: <7EE79F42-1420-301B-A9FF-2A63A4023C91> /usr/lib/libcsfde.dylib
dyld[47803]: <AA8EDD1F-E406-3164-9FB9-BB0C61256AFF> /usr/lib/libCoreStorage.dylib
dyld[47803]: <80627B52-C5CE-3DC4-A12D-D15FE46A62BA> /System/Library/PrivateFrameworks/MediaKit.framework/Versions/A/MediaKit
dyld[47803]: <4C6BBB60-2884-3DC8-9FCB-472BCD087D84> /System/Library/Frameworks/DiscRecording.framework/Versions/A/DiscRecording
dyld[47803]: <96666EFB-8A3D-30BB-950A-9DDC1DB3F59D> /System/Library/PrivateFrameworks/ProtectedCloudStorage.framework/Versions/A/ProtectedCloudStorage
dyld[47803]: <1E0D7C92-7F70-34BE-9D61-9F7F4781EBE4> /System/Library/PrivateFrameworks/EFILogin.framework/Versions/A/EFILogin
dyld[47803]: <E1A205BF-B3FB-31BF-8685-6D46BA78891E> /usr/lib/libheimdal-asn1.dylib
dyld[47803]: <E2BDB12D-C844-3770-9411-0E35049ECB5E> /System/Library/PrivateFrameworks/OctagonTrust.framework/Versions/A/OctagonTrust
dyld[47803]: <2DF001A3-1D2B-3847-A2FC-79104BDC0783> /System/Library/Frameworks/AudioUnit.framework/Versions/A/AudioUnit
dyld[47803]: <EE42062E-8EDF-332C-98C1-03464732CA4A> /System/Library/Frameworks/OpenDirectory.framework/Versions/A/OpenDirectory
dyld[47803]: <90CA166B-D72F-3584-BF0B-8797CFFA959E> /System/Library/Frameworks/OpenDirectory.framework/Versions/A/Frameworks/CFOpenDirectory.framework/Versions/A/CFOpenDirectory
dyld[47803]: <40753222-0047-3DE4-954C-5879C584A975> /System/Library/PrivateFrameworks/GeoServices.framework/Versions/A/GeoServices
dyld[47803]: <FDD11407-B7F3-331B-B53D-32081A2D1AED> /System/Library/PrivateFrameworks/LocationSupport.framework/Versions/A/LocationSupport
dyld[47803]: <23D11648-1076-3BD7-BFD5-CA4A6B9AE066> /System/Library/PrivateFrameworks/GeoServicesCore.framework/Versions/A/GeoServicesCore
dyld[47803]: <524F80A2-1ACD-3FA7-9D74-1F47697294EB> /System/Library/PrivateFrameworks/PhoneNumbers.framework/Versions/A/PhoneNumbers
dyld[47803]: <2A2AE353-0BCE-3AF5-8C2B-1B5F1F0656E7> /System/Library/PrivateFrameworks/LocationLogEncryption.framework/Versions/A/LocationLogEncryption
dyld[47803]: <CF6E08AD-C2EC-3A40-8537-0D2BDA291D31> /System/Library/Frameworks/AVFAudio.framework/Versions/A/AVFAudio
dyld[47803]: <7924633C-6200-3B69-884D-A6E5527CA4B5> /System/Library/Frameworks/AVRouting.framework/Versions/A/AVRouting
dyld[47803]: <2FFD2C50-D8C7-3D4F-AB17-10C8DDD4ECC0> /usr/lib/libAccessibility.dylib
dyld[47803]: <E47B5590-4F10-352D-806F-E1FAACE16809> /System/Library/PrivateFrameworks/MediaServices.framework/Versions/A/MediaServices
dyld[47803]: <1F5A6198-4F24-3980-A96A-DA16430B882B> /System/Library/PrivateFrameworks/IDS.framework/Versions/A/IDS
dyld[47803]: <4228A6FB-1852-34DA-A9A6-9B22346DC839> /System/Library/PrivateFrameworks/IsolatedCoreAudioClient.framework/Versions/A/IsolatedCoreAudioClient
dyld[47803]: <9B662466-E585-34C6-9A2F-38F865966314> /System/Library/PrivateFrameworks/CoreAudioOrchestration.framework/Versions/A/CoreAudioOrchestration
dyld[47803]: <BE8AD136-C9D0-3589-A37D-4A93E7646FC5> /System/Library/Frameworks/MediaToolbox.framework/Versions/A/MediaToolbox
dyld[47803]: <C024D081-EF4D-347B-B00F-08CE310BC6E6> /System/Library/PrivateFrameworks/CoreAVCHD.framework/Versions/A/CoreAVCHD
dyld[47803]: <544DDE9D-EF38-3D98-B16A-00361208DABA> /System/Library/Frameworks/MediaAccessibility.framework/Versions/A/MediaAccessibility
dyld[47803]: <1845678B-2A2E-3D8F-B05E-3D5054E40973> /System/Library/PrivateFrameworks/Mangrove.framework/Versions/A/Mangrove
dyld[47803]: <83720246-3181-37EB-AE16-01967CC80DAF> /System/Library/PrivateFrameworks/CMPhoto.framework/Versions/A/CMPhoto
dyld[47803]: <C6CCE499-C57B-3499-8BBF-B1F036A037F3> /System/Library/Frameworks/CoreTelephony.framework/Versions/A/CoreTelephony
dyld[47803]: <7C1C3A7F-6247-33D2-B4B8-375AA417817E> /System/Library/PrivateFrameworks/CoreAUC.framework/Versions/A/CoreAUC
dyld[47803]: <BF6FC404-E3BB-3740-896C-B7BF4193B547> /System/Library/PrivateFrameworks/AppleJPEGXL.framework/Versions/A/AppleJPEGXL
dyld[47803]: <3AD5EDAE-8A75-3E29-AA40-63912718CEC9> /usr/lib/libTelephonyUtilDynamic.dylib
dyld[47803]: <8A415D0E-18E7-3C99-B89D-14805F500FB0> /System/Library/Frameworks/CryptoKit.framework/Versions/A/CryptoKit
dyld[47803]: <73EA0865-BCC3-3084-A011-93CD0A55C4EF> /System/Library/PrivateFrameworks/CryptoKitCBridging.framework/Versions/A/CryptoKitCBridging
dyld[47803]: <B214381B-F0CF-3F0E-B2B5-187CBF29616F> /System/Library/Frameworks/CryptoTokenKit.framework/Versions/A/CryptoTokenKit
dyld[47803]: <A68DE487-B65B-390A-A82B-6B62956B353F> /System/Library/Frameworks/LocalAuthentication.framework/Versions/A/LocalAuthentication
dyld[47803]: <53C1AF34-43D2-3DAA-9062-D295F72BFDF3> /System/Library/PrivateFrameworks/LocalAuthenticationCore.framework/Versions/A/LocalAuthenticationCore
dyld[47803]: <251AA620-1546-3DF5-8EFF-B9F9463112D0> /System/Library/PrivateFrameworks/LocalAuthenticationCredentialServices.framework/Versions/A/LocalAuthenticationCredentialServices
dyld[47803]: <957A2E58-89EE-36DE-9213-2E23DB420C7F> /System/Library/Frameworks/LocalAuthentication.framework/Support/SharedUtils.framework/Versions/A/SharedUtils
dyld[47803]: <8A83CAEF-70FC-39B2-A1C9-F312BD81B8D5> /System/Library/PrivateFrameworks/PersistentConnection.framework/Versions/A/PersistentConnection
dyld[47803]: <DA5DF9EF-9649-3931-B1CF-606D0B1A2BE5> /System/Library/PrivateFrameworks/SonicFoundation.framework/Versions/A/SonicFoundation
dyld[47803]: <9F9CDD5B-1D43-3CF4-8B88-4938A6637AF5> /System/Library/PrivateFrameworks/AsyncAlgorithmsInternal.framework/Versions/A/AsyncAlgorithmsInternal
dyld[47803]: <95BAC2EC-84F7-3448-A4C3-AA2F920867C6> /System/Library/PrivateFrameworks/FTAWD.framework/Versions/A/FTAWD
dyld[47803]: <EDAA9D64-779E-34FE-83D2-DF4EF35BAA59> /System/Library/PrivateFrameworks/Dendrite.framework/Versions/A/Dendrite
dyld[47803]: <924805FA-0938-34FA-B76A-4051A087CD65> /usr/lib/libtailspin.dylib
dyld[47803]: <4FB12471-97FF-306E-B552-B481203A8E1B> /System/Library/PrivateFrameworks/Osprey.framework/Versions/A/Osprey
dyld[47803]: <7EE764AE-8E9B-35DB-8839-EE01750F25AB> /System/Library/PrivateFrameworks/SiriTTS.framework/Versions/A/SiriTTS
dyld[47803]: <A896B215-2D9E-37D6-8803-9316AEBF6AF5> /System/Library/Frameworks/NaturalLanguage.framework/Versions/A/NaturalLanguage
dyld[47803]: <478FDFD4-2C36-32BB-9087-F466F0242B69> /System/Library/PrivateFrameworks/GenerativeModels.framework/Versions/A/GenerativeModels
dyld[47803]: <6B95CE76-E69D-3598-AADC-E738C94A43BD> /System/Library/PrivateFrameworks/SiriPowerInstrumentation.framework/Versions/A/SiriPowerInstrumentation
dyld[47803]: <7BC8461C-23ED-39CA-868E-17A68FAFC5AE> /usr/lib/swift/libswiftNaturalLanguage.dylib
dyld[47803]: <247E2F35-65F7-3834-AF0C-532F577FDF23> /System/Library/PrivateFrameworks/TailspinSymbolication.framework/Versions/A/TailspinSymbolication
dyld[47803]: <F0BAA541-E9E2-307A-89AE-42558D70DF45> /System/Library/PrivateFrameworks/Darwinup.framework/Versions/A/Darwinup
dyld[47803]: <ED143A95-22A5-38A0-AFC5-DA00945392EC> /System/Library/PrivateFrameworks/SignpostSupport.framework/Versions/A/SignpostSupport
dyld[47803]: <3DB3AF5E-12BD-3E05-92D8-6DDC488D5633> /System/Library/PrivateFrameworks/FeatureFlagsSupport.framework/Versions/A/FeatureFlagsSupport
dyld[47803]: <86614A25-EE71-3F84-9F47-99671A11803D> /System/Library/PrivateFrameworks/ktrace.framework/Versions/A/ktrace
dyld[47803]: <3C627164-84D9-35A4-AC4D-52A99B7652F0> /System/Library/PrivateFrameworks/SampleAnalysis.framework/Versions/A/SampleAnalysis
dyld[47803]: <4517DDDB-265A-3561-82F9-41E06C6A17A8> /System/Library/PrivateFrameworks/kperfdata.framework/Versions/A/kperfdata
dyld[47803]: <3F0E2B57-6317-3262-BA3D-8A069524F8A5> /usr/lib/libdscsym.dylib
dyld[47803]: <8DCD3201-0098-3106-8870-62A8504F26CE> /System/Library/PrivateFrameworks/AppleMobileFileIntegrity.framework/Versions/A/AppleMobileFileIntegrity
dyld[47803]: <FC95DB95-FCA7-3F42-B435-20575B99CF3A> /System/Library/PrivateFrameworks/BulkSymbolication.framework/Versions/A/BulkSymbolication
dyld[47803]: <142382DC-3D11-3191-84F4-6F39BD1C622C> /usr/lib/libTLE.dylib
dyld[47803]: <0E970B22-63D9-3794-9766-24A3FD8BD273> /usr/lib/libmis.dylib
dyld[47803]: <5FD96939-8D4B-3228-A1F8-100EF174A0D4> /System/Library/PrivateFrameworks/ConfigProfileHelper.framework/Versions/A/ConfigProfileHelper
dyld[47803]: <51BD41DD-616A-382D-B1B2-C11BE8C9953A> /System/Library/PrivateFrameworks/Espresso.framework/Versions/A/Espresso
dyld[47803]: <EDA0F204-8438-3398-91ED-C0E4212C8734> /System/Library/Frameworks/CoreML.framework/Versions/A/CoreML
dyld[47803]: <308A1DB0-C29C-33AF-9AE2-1F8E4E607152> /usr/lib/libedit.3.dylib
dyld[47803]: <BABCC719-40D5-3EAB-B20F-F0F1EB329A3E> /System/Library/PrivateFrameworks/ANECompiler.framework/Versions/A/ANECompiler
dyld[47803]: <1969F88C-4A7F-3B4B-BC08-D3EE33F4D27D> /System/Library/PrivateFrameworks/AppleNeuralEngine.framework/Versions/A/AppleNeuralEngine
dyld[47803]: <E72BAD3A-0E33-3FC5-8356-3B3176382CB1> /System/Library/PrivateFrameworks/MIL.framework/Versions/A/MIL
dyld[47803]: <BBB4C092-A3B1-354B-8C32-147F6EB0256D> /System/Library/Frameworks/MetalPerformanceShadersGraph.framework/Versions/A/MetalPerformanceShadersGraph
dyld[47803]: <54D280F0-3335-3487-AA0D-6A09FFEAEDF7> /System/Library/PrivateFrameworks/MLCompilerServices.framework/Versions/A/MLCompilerServices
dyld[47803]: <A80CE19E-EA8D-363D-A8F4-409455BECE9B> /System/Library/PrivateFrameworks/ANEServices.framework/Versions/A/ANEServices
dyld[47803]: <22F988EF-E518-3F7A-BC3D-E44B9D09627D> /usr/lib/libncurses.5.4.dylib
dyld[47803]: <0A381CB4-37D0-3B5C-ADE0-2C5B4F47D169> /usr/lib/libsandbox.1.dylib
dyld[47803]: <042A6E19-8B2A-3342-B4C1-AD44661B7E26> /usr/lib/libMatch.1.dylib
dyld[47803]: <AB03B991-E6D9-3BAF-AA7D-DBFC815699F3> /System/Library/PrivateFrameworks/ODIE.framework/Versions/A/ODIE
dyld[47803]: <5592BC99-D6A7-303C-8C4C-B839FA6B7508> /System/Library/PrivateFrameworks/MLModelAsset.framework/Versions/A/MLModelAsset
dyld[47803]: <59B92160-FE47-3CEA-B03A-0099F3901A34> /System/Library/PrivateFrameworks/MLCompilerRuntime.framework/Versions/A/MLCompilerRuntime
dyld[47803]: <D62682EC-5F79-397C-855C-569554A4AEF8> /System/Library/Frameworks/MLCompute.framework/Versions/A/MLCompute
dyld[47803]: <873E56C6-57E8-3AD2-A630-B88B0A9669E8> /System/Library/PrivateFrameworks/MLAssetIO.framework/Versions/A/MLAssetIO
dyld[47803]: <847E52FC-37C0-30DA-88CD-4561DD03C06F> /usr/lib/swift/libswiftMLCompute.dylib
dyld[47803]: <DC46545D-E02B-3F2D-BEEC-E1BF5735174F> /System/Library/PrivateFrameworks/AVFCore.framework/Versions/A/AVFCore
dyld[47803]: <3611A176-00BB-35D9-8C0A-9A9A68A8EE9D> /System/Library/PrivateFrameworks/AVFCapture.framework/Versions/A/AVFCapture
dyld[47803]: <2DEE9322-922F-3B85-82C1-5E3249E3E652> /System/Library/PrivateFrameworks/CMImaging.framework/Versions/A/CMImaging
dyld[47803]: <072F9166-25F8-3FBF-9002-23E98E8B7C05> /System/Library/PrivateFrameworks/Quagga.framework/Versions/A/Quagga
dyld[47803]: <FA34827D-C8E0-3BDF-9A4E-FBBF430AD095> /System/Library/PrivateFrameworks/CMCapture.framework/Versions/A/CMCapture
dyld[47803]: <DD237508-D432-30A0-A553-C4AF2D9F40B6> /System/Library/Frameworks/CoreMediaIO.framework/Versions/A/CoreMediaIO
dyld[47803]: <D6788223-2453-39F7-9F00-90EE866A3CDA> /System/Library/PrivateFrameworks/CMCaptureDevice.framework/Versions/A/CMCaptureDevice
dyld[47803]: <68A522A3-ACE1-3597-B6D7-E058D36536FB> /System/Library/PrivateFrameworks/CoreBrightness.framework/Versions/A/CoreBrightness
dyld[47803]: <02711E78-960E-329A-B5C0-5E38615F2698> /System/Library/PrivateFrameworks/CinematicFraming.framework/Versions/A/CinematicFraming
dyld[47803]: <735CE046-E62E-3FA5-B38D-1FD82AA32BA8> /System/Library/PrivateFrameworks/ModelManagerServices.framework/Versions/A/ModelManagerServices
dyld[47803]: <F0165C3A-8601-3789-A114-836489784A93> /System/Library/PrivateFrameworks/CPMS.framework/Versions/A/CPMS
dyld[47803]: <8B0AAC46-6F12-36F0-9A1C-90D56F41BA09> /System/Library/PrivateFrameworks/SystemStatus.framework/Versions/A/SystemStatus
dyld[47803]: <FCEB6F4E-E222-3F9B-8226-8E80A789B21B> /System/Library/Frameworks/CoreMotion.framework/Versions/A/CoreMotion
dyld[47803]: <54DEA4E5-FD31-3AE3-8FEE-3CD99ACFC45B> /System/Library/PrivateFrameworks/TimeSync.framework/Versions/A/TimeSync
dyld[47803]: <2602D902-9B35-32D2-8F22-8BF2B330B298> /System/Library/PrivateFrameworks/DistributedSensing.framework/Versions/A/DistributedSensing
dyld[47803]: <0EEAE872-ADDF-3FE0-9601-C56C453597BB> /System/Library/PrivateFrameworks/MobileBluetooth.framework/Versions/A/MobileBluetooth
dyld[47803]: <FF001948-E029-3473-B7B8-22A4ECFD6560> /System/Library/PrivateFrameworks/IOKitten.framework/Versions/A/IOKitten
dyld[47803]: <45E1CEA1-A60E-30F3-A90F-B7BFB5C5CC17> /System/Library/PrivateFrameworks/AppleIntelligenceReporting.framework/Versions/A/AppleIntelligenceReporting
dyld[47803]: <4BC01F57-2373-3DC9-8B71-308A282D7030> /System/Library/PrivateFrameworks/CoreEmoji.framework/Versions/A/CoreEmoji
dyld[47803]: <8AF3BAA3-66FA-3CEF-A44B-FD79CAC8263F> /usr/lib/libCRFSuite.dylib
dyld[47803]: <4CD4216A-7270-300F-A31D-70FFACD92E12> /System/Library/PrivateFrameworks/LanguageModeling.framework/Versions/A/LanguageModeling
dyld[47803]: <E89ACADA-C30F-3E26-9775-E8BAC21A83AA> /System/Library/PrivateFrameworks/CoreNLP.framework/Versions/A/CoreNLP
dyld[47803]: <3C34BB08-BC5C-397C-A9B5-18A342838CA1> /System/Library/PrivateFrameworks/Montreal.framework/Versions/A/Montreal
dyld[47803]: <2DED54B9-9B5C-3FB3-859E-AAC46074CC8B> /usr/lib/libcmph.dylib
dyld[47803]: <5B76CDD8-6E1F-35F6-AF5E-CE4CDA81957E> /usr/lib/libmecab.dylib
dyld[47803]: <56091C21-AEA9-36A2-A3E3-D50AEC8FFE32> /usr/lib/libThaiTokenizer.dylib
dyld[47803]: <74E54F2B-B7A6-35D9-8101-F30C7F0C1979> /System/Library/PrivateFrameworks/GenerativeModelsFoundation.framework/Versions/A/GenerativeModelsFoundation
dyld[47803]: <63409EB4-B247-3B62-835C-80DD1FCB91A2> /System/Library/PrivateFrameworks/TokenGeneration.framework/Versions/A/TokenGeneration
dyld[47803]: <54D335C7-5679-3ED5-A0E1-C3B9DBF16A9C> /System/Library/PrivateFrameworks/GenerativeFunctions.framework/Versions/A/GenerativeFunctions
dyld[47803]: <AB49FED6-D7FD-3A6B-B4CF-F73AC4165CE0> /System/Library/PrivateFrameworks/GenerativeFunctionsFoundation.framework/Versions/A/GenerativeFunctionsFoundation
dyld[47803]: <790009CA-CA2D-3245-B7B1-71C370D33BDB> /System/Library/PrivateFrameworks/ModelCatalog.framework/Versions/A/ModelCatalog
dyld[47803]: <24F7CF25-24F4-395E-B89D-5C17AE8CE281> /System/Library/PrivateFrameworks/SensitiveContentAnalysisML.framework/Versions/A/SensitiveContentAnalysisML
dyld[47803]: <A2E625ED-90FF-3BCA-BD28-16F062B82C02> /System/Library/PrivateFrameworks/GenerativeFunctionsInstrumentation.framework/Versions/A/GenerativeFunctionsInstrumentation
dyld[47803]: <4851991B-9681-37D8-8A62-005249AD29C7> /System/Library/PrivateFrameworks/PromptKit.framework/Versions/A/PromptKit
dyld[47803]: <A4C38BBC-95E3-38DD-B873-243C53B83A4F> /System/Library/PrivateFrameworks/ProactiveDaemonSupport.framework/Versions/A/ProactiveDaemonSupport
dyld[47803]: <832BF595-350A-3753-8721-D894475016CB> /System/Library/PrivateFrameworks/TokenGenerationCore.framework/Versions/A/TokenGenerationCore
dyld[47803]: <E65C3A22-B998-3185-9DE5-3169814179BF> /System/Library/PrivateFrameworks/Trial.framework/Versions/A/Trial
dyld[47803]: <F66F08E4-F915-3CAE-AF88-70F76AD35303> /System/Library/PrivateFrameworks/TrialProto.framework/Versions/A/TrialProto
dyld[47803]: <4BE321D2-8DF6-3D5E-A531-4E2F77BEE441> /System/Library/PrivateFrameworks/AppleFlatBuffers.framework/Versions/A/AppleFlatBuffers
dyld[47803]: <92A1FE17-1D6F-347B-B1C3-D2C03B6C0DCE> /System/Library/PrivateFrameworks/SentencePieceInternal.framework/Versions/A/SentencePieceInternal
dyld[47803]: <4FFA7ECB-BCA8-3B4D-86F9-9F2C9E084944> /System/Library/Frameworks/Vision.framework/Versions/A/Vision
dyld[47803]: <0A6304CC-6DC4-3079-9FAB-8B9F001C8545> /System/Library/PrivateFrameworks/CoreSceneUnderstanding.framework/Versions/A/CoreSceneUnderstanding
dyld[47803]: <5E086014-D330-3672-9776-E23E8325DD67> /System/Library/PrivateFrameworks/VisionCore.framework/Versions/A/VisionCore
dyld[47803]: <A20BF0E3-F8A9-36AA-B28B-2EF282FC9BF5> /System/Library/PrivateFrameworks/DataDetectorsCore.framework/Versions/A/DataDetectorsCore
dyld[47803]: <23068BF1-0F33-3129-9965-57B1621737DE> /System/Library/Frameworks/Vision.framework/libfaceCore.dylib
dyld[47803]: <5F8738D4-6C03-3DEA-953D-9E31C389E7E1> /System/Library/PrivateFrameworks/Futhark.framework/Versions/A/Futhark
dyld[47803]: <2849D0C3-42A0-3D94-A2B7-F686BD7F760D> /System/Library/PrivateFrameworks/InertiaCam.framework/Versions/A/InertiaCam
dyld[47803]: <393E9D23-8D8D-373B-A8D8-6CF2652D2DAF> /System/Library/PrivateFrameworks/TextRecognition.framework/Versions/A/TextRecognition
dyld[47803]: <0872179E-DB9E-39FF-B22A-05EA62FC0F88> /System/Library/Frameworks/DataDetection.framework/Versions/A/DataDetection
dyld[47803]: <5D3DDFC0-3341-3DAC-A80C-0DFBD0421669> /System/Library/PrivateFrameworks/TextInput.framework/Versions/A/TextInput
dyld[47803]: <A37EF3CE-63A5-3AB5-B3E2-E089F818FF35> /System/Library/PrivateFrameworks/CVNLP.framework/Versions/A/CVNLP
dyld[47803]: <256C79BC-8BEB-390C-95D4-BFEFB95E66A1> /System/Library/PrivateFrameworks/IntentsFoundation.framework/Versions/A/IntentsFoundation
dyld[47803]: <E12CB54A-E895-3D38-8D62-01C5DF8430AB> /System/Library/PrivateFrameworks/HIDDisplay.framework/Versions/A/HIDDisplay
dyld[47803]: <A9F79F7C-A5F8-3164-BEEC-60B19D90DCF2> /usr/lib/libcups.2.dylib
dyld[47803]: <74F49C08-DE60-3E55-A037-F0A34E81BF04> /System/Library/Frameworks/Kerberos.framework/Versions/A/Kerberos
dyld[47803]: <F71E234F-8D15-388D-8819-709BB2AE1ACC> /usr/lib/libresolv.9.dylib
dyld[47803]: <139B1DBE-2FDA-3AE7-9BDE-12D5BA3C8D22> /System/Library/PrivateFrameworks/Heimdal.framework/Versions/A/Heimdal
dyld[47803]: <9BBF5DE9-CCD9-3CF3-8C05-45FB5CCEFEC3> /System/Library/Frameworks/Kerberos.framework/Versions/A/Libraries/libHeimdalProxy.dylib
dyld[47803]: <FFE98159-EDC3-3520-ADAC-F9001408ADD5> /System/Library/PrivateFrameworks/CommonAuth.framework/Versions/A/CommonAuth
dyld[47803]: <17C4F6B8-0A9A-3BF8-8D40-35ABCF9F0D89> /System/Library/PrivateFrameworks/AXCoreUtilities.framework/Versions/A/AXCoreUtilities
dyld[47803]: <8EB0DEAA-CD94-3710-AF80-DBF6947A8250> /System/Library/PrivateFrameworks/AttributeGraph.framework/Versions/A/AttributeGraph
dyld[47803]: <D4766E61-EB81-3FA1-9C48-31BC986B0607> /usr/lib/libAXSafeCategoryBundle.dylib
dyld[47803]: <6E4CAEF6-667C-3A56-9BE2-892F689894E4> /System/Library/Frameworks/TabularData.framework/Versions/A/TabularData
dyld[47803]: <00E79E4B-C0FD-3DF8-A8C3-9C812A9DB049> /System/Library/PrivateFrameworks/ArgumentParserInternal.framework/Versions/A/ArgumentParserInternal
dyld[47803]: <CB222F12-FB2E-3310-88A1-A5AE7EFF8CAE> /System/Library/Frameworks/Accelerate.framework/Versions/A/Frameworks/vecLib.framework/Versions/A/libvDSP.dylib
dyld[47803]: <C2F81286-0ED4-319D-A96D-10591BD15F4E> /System/Library/Frameworks/Accelerate.framework/Versions/A/Frameworks/vecLib.framework/Versions/A/libLAPACK.dylib
dyld[47803]: <424CA6AD-D7AA-3297-B069-745682F71E84> /System/Library/Frameworks/Accelerate.framework/Versions/A/Frameworks/vecLib.framework/Versions/A/libLinearAlgebra.dylib
dyld[47803]: <BDF370A4-972F-34A4-AED7-89885C35D933> /System/Library/Frameworks/Accelerate.framework/Versions/A/Frameworks/vecLib.framework/Versions/A/libSparseBLAS.dylib
dyld[47803]: <F2B12F6B-6C47-3B39-BE8F-68EB37545F72> /System/Library/Frameworks/Accelerate.framework/Versions/A/Frameworks/vecLib.framework/Versions/A/libQuadrature.dylib
dyld[47803]: <811E61C5-2282-3FA8-939D-D1B9C75ECC62> /System/Library/Frameworks/Accelerate.framework/Versions/A/Frameworks/vecLib.framework/Versions/A/libBNNS.dylib
dyld[47803]: <C7FD2C22-55FC-3D31-8AF3-BF842A039AF9> /System/Library/Frameworks/Accelerate.framework/Versions/A/Frameworks/vecLib.framework/Versions/A/libSparse.dylib
dyld[47803]: <7A483FDA-AB8C-3E7C-92E6-07347F67B678> /System/Library/PrivateFrameworks/ApplePushService.framework/Versions/A/ApplePushService
dyld[47803]: <C5A18DFA-6B18-3455-830A-E372A495FB1D> /System/Library/Frameworks/CloudKit.framework/Versions/A/CloudKit
dyld[47803]: <0A7A4F54-298F-384E-86C0-0E9A5C69E9E5> /System/Library/PrivateFrameworks/CoreDuetDaemonProtocol.framework/Versions/A/CoreDuetDaemonProtocol
dyld[47803]: <17D0003A-F405-3CCF-832D-BCADB65BC83F> /System/Library/PrivateFrameworks/DeviceIdentity.framework/Versions/A/DeviceIdentity
dyld[47803]: <E26F180A-1868-3E33-9277-1C73F917DE55> /System/Library/Frameworks/SharedWithYouCore.framework/Versions/A/SharedWithYouCore
dyld[47803]: <7B5C93A3-1AF7-3273-9182-60B965FBB279> /System/Library/PrivateFrameworks/CloudTelemetry.framework/Versions/A/CloudTelemetry
dyld[47803]: <CD1BB171-94DA-350C-8276-04EA8B71C6E7> /System/Library/PrivateFrameworks/AppleAccount.framework/Versions/A/AppleAccount
dyld[47803]: <6D910C58-E7C6-34AB-907F-89C2EA3E8B5C> /System/Library/PrivateFrameworks/C2.framework/Versions/A/C2
dyld[47803]: <1BE4EC57-9B8A-34C4-BFC9-BC9A229BBB08> /System/Library/PrivateFrameworks/CloudCoreInternal.framework/Versions/A/CloudCoreInternal
dyld[47803]: <EDB20CBF-D173-3BD4-A483-3C509C15D24D> /System/Library/PrivateFrameworks/CloudAsset.framework/Versions/A/CloudAsset
dyld[47803]: <696E88E7-5CF6-3095-80C0-57B9A913887A> /System/Library/Frameworks/PushKit.framework/Versions/A/PushKit
dyld[47803]: <100BE8FB-6C47-33E3-9FC4-A45A5106721A> /System/Library/Frameworks/CoreTransferable.framework/Versions/A/CoreTransferable
dyld[47803]: <08675344-FA9F-3CC2-8ED8-C572C841B504> /System/Library/PrivateFrameworks/NetAuth.framework/Versions/A/NetAuth
dyld[47803]: <8E702F90-53C5-3A91-A0F8-94409A59BAF3> /System/Library/PrivateFrameworks/login.framework/Versions/A/Frameworks/loginsupport.framework/Versions/A/loginsupport
dyld[47803]: <78C04A6C-63CF-339A-90C8-F25BA9C4C1CE> /System/Library/PrivateFrameworks/CloudTelemetryTools.framework/Versions/A/CloudTelemetryTools
dyld[47803]: <A23C0860-6454-3F01-A064-C8982EBBFF48> /System/Library/PrivateFrameworks/CloudTelemetryShared.dylib
dyld[47803]: <907F9C53-06D9-3604-A13D-183642237619> /System/Library/PrivateFrameworks/RTCReporting.framework/Versions/A/RTCReporting
dyld[47803]: <90B0724C-CBDF-35B7-91AA-38F8E07E543D> /System/Library/PrivateFrameworks/AAAFoundationSwift.framework/Versions/A/AAAFoundationSwift
dyld[47803]: <95A65CAD-54BC-3CDD-B27A-90572D2A848F> /System/Library/PrivateFrameworks/AppleIDSSOAuthentication.framework/Versions/A/AppleIDSSOAuthentication
dyld[47803]: <B2BA9719-73C5-3061-9915-25FC68C198D6> /System/Library/PrivateFrameworks/UIFoundation.framework/Versions/A/UIFoundation
dyld[47803]: <6784252E-9BE1-332F-8D0C-CF7FB6C9FB56> /System/Library/PrivateFrameworks/CaptiveNetwork.framework/Versions/A/CaptiveNetwork
dyld[47803]: <2DFBEDC5-0C41-3FF8-B1AB-334EE3621FC9> /System/Library/PrivateFrameworks/EAP8021X.framework/Versions/A/EAP8021X
dyld[47803]: <D828B798-9303-3C0A-9F83-5B24A36E1670> /System/Library/PrivateFrameworks/CryptoKitPrivate.framework/Versions/A/CryptoKitPrivate
dyld[47803]: <7B08EA3F-6BA2-39B2-979D-D36A03961343> /System/Library/PrivateFrameworks/FindMyDevice.framework/Versions/A/FindMyDevice
dyld[47803]: <57FD92AE-E8D7-3D48-AF71-F74CD3D2AD56> /System/Library/PrivateFrameworks/FMCoreLite.framework/Versions/A/FMCoreLite
dyld[47803]: <0B4562F4-D2B8-362C-AC29-8E9B106F937C> /System/Library/Frameworks/ServiceManagement.framework/Versions/A/ServiceManagement
dyld[47803]: <4428FA9C-988B-3235-98EB-1FC596D283D1> /usr/lib/libCheckFix.dylib
dyld[47803]: <7CA1C787-8112-3F53-9419-1EA66ECF08B3> /System/Library/PrivateFrameworks/MetadataUtilities.framework/Versions/A/MetadataUtilities
dyld[47803]: <B820DEFE-59D8-3A6A-BB23-56E594F57F9C> /System/Library/PrivateFrameworks/InstalledContentLibrary.framework/Versions/A/InstalledContentLibrary
dyld[47803]: <9B52CDCA-8EFD-3512-A265-C5D8CE2B8998> /System/Library/PrivateFrameworks/CoreServicesStore.framework/Versions/A/CoreServicesStore
dyld[47803]: <3BD7BCA8-66D2-34D7-BA3F-A3B3197E1F44> /usr/lib/libapp_launch_measurement.dylib
dyld[47803]: <7783C2DD-5853-312A-8EF1-B5DDC441531D> /System/Library/PrivateFrameworks/MobileSystemServices.framework/Versions/A/MobileSystemServices
dyld[47803]: <C428B34A-AB0B-34ED-9C94-8DC908D4A12B> /usr/lib/libxslt.1.dylib
dyld[47803]: <F1725141-8B9B-363A-838E-17B20313568E> /System/Library/PrivateFrameworks/BackgroundTaskManagement.framework/Versions/A/BackgroundTaskManagement
dyld[47803]: <957F947F-00ED-3468-B07B-20900D64DB71> /usr/lib/libcurl.4.dylib
dyld[47803]: <FE236487-745A-39C9-A6A5-D937AD7BDC2E> /usr/lib/libcrypto.46.dylib
dyld[47803]: <6E6A6A29-3741-365F-A90D-785C2C86D71A> /usr/lib/libssl.48.dylib
dyld[47803]: <9AC45415-37D3-369E-846C-6C2F072899F9> /System/Library/Frameworks/LDAP.framework/Versions/A/LDAP
dyld[47803]: <48980122-ECA5-383C-A043-6F2BE6BAA017> /System/Library/PrivateFrameworks/TrustEvaluationAgent.framework/Versions/A/TrustEvaluationAgent
dyld[47803]: <65BCF638-CADE-3CB2-97FB-D33E91D93C8D> /usr/lib/libsasl2.2.dylib
dyld[47803]: move loaded to delayed: XPCSupport
dyld[47803]: move loaded to delayed: CoreFoundation
dyld[47803]: move loaded to delayed: libswiftCore.dylib
dyld[47803]: move loaded to delayed: Foundation
dyld[47803]: move loaded to delayed: libswiftObjectiveC.dylib
dyld[47803]: move loaded to delayed: libswiftPrespecialized.dylib
dyld[47803]: move loaded to delayed: SystemConfiguration
dyld[47803]: move loaded to delayed: libz.1.dylib
dyld[47803]: move loaded to delayed: CoreAutoLayout
dyld[47803]: move loaded to delayed: libcmark-gfm.dylib
dyld[47803]: move loaded to delayed: libfakelink.dylib
dyld[47803]: move loaded to delayed: libcompression.dylib
dyld[47803]: move loaded to delayed: CFNetwork
dyld[47803]: move loaded to delayed: DiskArbitration
dyld[47803]: move loaded to delayed: libarchive.2.dylib
dyld[47803]: move loaded to delayed: libDiagnosticMessagesClient.dylib
dyld[47803]: move loaded to delayed: libicucore.A.dylib
dyld[47803]: move loaded to delayed: libxml2.2.dylib
dyld[47803]: move loaded to delayed: CoreServices
dyld[47803]: move loaded to delayed: liblangid.dylib
dyld[47803]: move loaded to delayed: IOKit
dyld[47803]: move loaded to delayed: Combine
dyld[47803]: move loaded to delayed: CollectionsInternal
dyld[47803]: move loaded to delayed: ReflectionInternal
dyld[47803]: move loaded to delayed: RuntimeInternal
dyld[47803]: move loaded to delayed: SoftLinking
dyld[47803]: move loaded to delayed: libswiftCoreFoundation.dylib
dyld[47803]: move loaded to delayed: libswiftDarwin.dylib
dyld[47803]: move loaded to delayed: libswiftDispatch.dylib
dyld[47803]: move loaded to delayed: libswiftIOKit.dylib
dyld[47803]: move loaded to delayed: libswiftSystem.dylib
dyld[47803]: move loaded to delayed: libswiftXPC.dylib
dyld[47803]: move loaded to delayed: libswift_Builtin_float.dylib
dyld[47803]: move loaded to delayed: libswift_Concurrency.dylib
dyld[47803]: move loaded to delayed: libswift_DarwinFoundation1.dylib
dyld[47803]: move loaded to delayed: libswift_StringProcessing.dylib
dyld[47803]: move loaded to delayed: libswiftos.dylib
dyld[47803]: move loaded to delayed: CoreServicesInternal
dyld[47803]: move loaded to delayed: liboah.dylib
dyld[47803]: move loaded to delayed: Security
dyld[47803]: move loaded to delayed: GenerationalStorage
dyld[47803]: move loaded to delayed: CacheDelete
dyld[47803]: move loaded to delayed: QuickLookThumbnailing
dyld[47803]: move loaded to delayed: FileProvider
dyld[47803]: move loaded to delayed: DiskImages
dyld[47803]: move loaded to delayed: NetFS
dyld[47803]: move loaded to delayed: DesktopServicesPriv
dyld[47803]: move loaded to delayed: FSEvents
dyld[47803]: move loaded to delayed: CarbonCore
dyld[47803]: move loaded to delayed: Metadata
dyld[47803]: move loaded to delayed: OSServices
dyld[47803]: move loaded to delayed: SearchKit
dyld[47803]: move loaded to delayed: AE
dyld[47803]: move loaded to delayed: LaunchServices
dyld[47803]: move loaded to delayed: DictionaryServices
dyld[47803]: move loaded to delayed: SharedFileList
dyld[47803]: move loaded to delayed: libapple_nghttp2.dylib
dyld[47803]: move loaded to delayed: libsqlite3.dylib
dyld[47803]: move loaded to delayed: Accounts
dyld[47803]: move loaded to delayed: AOSKit
dyld[47803]: move loaded to delayed: AppSSOCore
dyld[47803]: move loaded to delayed: AppSupport
dyld[47803]: move loaded to delayed: AVFoundation
dyld[47803]: move loaded to delayed: BackgroundSystemTasks
dyld[47803]: move loaded to delayed: CoreAnalytics
dyld[47803]: move loaded to delayed: CoreGraphics
dyld[47803]: move loaded to delayed: DuetActivityScheduler
dyld[47803]: move loaded to delayed: FTServices
dyld[47803]: move loaded to delayed: GSS
dyld[47803]: move loaded to delayed: InternationalSupport
dyld[47803]: move loaded to delayed: libMemoryResourceException.dylib
dyld[47803]: move loaded to delayed: NetworkScore
dyld[47803]: move loaded to delayed: NetworkServiceProxy
dyld[47803]: move loaded to delayed: RunningBoardServices
dyld[47803]: move loaded to delayed: StreamingExtractor
dyld[47803]: move loaded to delayed: StreamingZip
dyld[47803]: move loaded to delayed: SymptomReporter
dyld[47803]: move loaded to delayed: libenergytrace.dylib
dyld[47803]: move loaded to delayed: libnetworkextension.dylib
dyld[47803]: move loaded to delayed: Network
dyld[47803]: move loaded to delayed: libbsm.0.dylib
dyld[47803]: move loaded to delayed: libkxld.dylib
dyld[47803]: move loaded to delayed: AppleKeyStore
dyld[47803]: move loaded to delayed: libCoreEntitlements.dylib
dyld[47803]: move loaded to delayed: MessageSecurity
dyld[47803]: move loaded to delayed: ProtocolBuffer
dyld[47803]: move loaded to delayed: CloudServices
dyld[47803]: move loaded to delayed: SymptomDiagnosticReporter
dyld[47803]: move loaded to delayed: CrashReporterSupport
dyld[47803]: move loaded to delayed: libMobileGestalt.dylib
dyld[47803]: move loaded to delayed: AppleFSCompression
dyld[47803]: move loaded to delayed: libcoretls.dylib
dyld[47803]: move loaded to delayed: libcoretls_cfhelpers.dylib
dyld[47803]: move loaded to delayed: libpam.2.dylib
dyld[47803]: move loaded to delayed: libxar.1.dylib
dyld[47803]: move loaded to delayed: APFS
dyld[47803]: move loaded to delayed: SwiftASN1Internal
dyld[47803]: move loaded to delayed: libutil.dylib
dyld[47803]: move loaded to delayed: AppleSystemInfo
dyld[47803]: move loaded to delayed: IOMobileFramebuffer
dyld[47803]: move loaded to delayed: IOSurface
dyld[47803]: move loaded to delayed: CoreWiFi
dyld[47803]: move loaded to delayed: LoggingSupport
dyld[47803]: move loaded to delayed: MobileAsset
dyld[47803]: move loaded to delayed: PowerLog
dyld[47803]: move loaded to delayed: Rapport
dyld[47803]: move loaded to delayed: SwiftData
dyld[47803]: move loaded to delayed: SymptomAnalytics
dyld[47803]: move loaded to delayed: UniformTypeIdentifiers
dyld[47803]: move loaded to delayed: UserManagement
dyld[47803]: move loaded to delayed: libboringssl.dylib
dyld[47803]: move loaded to delayed: libcupolicy.dylib
dyld[47803]: move loaded to delayed: libdns_services.dylib
dyld[47803]: move loaded to delayed: NetworkExtension
dyld[47803]: move loaded to delayed: libnwswifttls.dylib
dyld[47803]: move loaded to delayed: libpcap.A.dylib
dyld[47803]: move loaded to delayed: libquic.dylib
dyld[47803]: move loaded to delayed: libusrtcp.dylib
dyld[47803]: move loaded to delayed: AtomicsInternal
dyld[47803]: move loaded to delayed: InternalSwiftProtobuf
dyld[47803]: move loaded to delayed: libswiftDistributed.dylib
dyld[47803]: move loaded to delayed: libswiftObservation.dylib
dyld[47803]: move loaded to delayed: libswiftSynchronization.dylib
dyld[47803]: move loaded to delayed: AggregateDictionary
dyld[47803]: move loaded to delayed: CoreDuetContext
dyld[47803]: move loaded to delayed: BiomeLibrary
dyld[47803]: move loaded to delayed: CoreDuet
dyld[47803]: move loaded to delayed: BiomeStreams
dyld[47803]: move loaded to delayed: BiomeFoundation
dyld[47803]: move loaded to delayed: BiomePubSub
dyld[47803]: move loaded to delayed: CoreData
dyld[47803]: move loaded to delayed: ProactiveSupport
dyld[47803]: move loaded to delayed: CoreLocation
dyld[47803]: move loaded to delayed: Intents
dyld[47803]: move loaded to delayed: _LocationEssentials
dyld[47803]: move loaded to delayed: liblzma.5.dylib
dyld[47803]: move loaded to delayed: Accelerate
dyld[47803]: move loaded to delayed: MobileKeyBag
dyld[47803]: move loaded to delayed: InternationalTextSearch
dyld[47803]: move loaded to delayed: SoftwareUpdateCoreSupport
dyld[47803]: move loaded to delayed: SoftwareUpdateCoreConnect
dyld[47803]: move loaded to delayed: RemoteServiceDiscovery
dyld[47803]: move loaded to delayed: MSUDataAccessor
dyld[47803]: move loaded to delayed: libbootpolicy.dylib
dyld[47803]: move loaded to delayed: RemoteXPC
dyld[47803]: move loaded to delayed: libFDR.dylib
dyld[47803]: move loaded to delayed: libamsupport.dylib
dyld[47803]: move loaded to delayed: libReverseProxyDevice.dylib
dyld[47803]: move loaded to delayed: AppleDeviceQuerySupport
dyld[47803]: move loaded to delayed: libpartition2_dynamic.dylib
dyld[47803]: move loaded to delayed: AppleSauce
dyld[47803]: move loaded to delayed: libAppleArchive.dylib
dyld[47803]: move loaded to delayed: libbz2.1.0.dylib
dyld[47803]: move loaded to delayed: vImage
dyld[47803]: move loaded to delayed: vecLib
dyld[47803]: move loaded to delayed: libvMisc.dylib
dyld[47803]: move loaded to delayed: libCGInterfaces.dylib
dyld[47803]: move loaded to delayed: AccelerateGPU
dyld[47803]: move loaded to delayed: libBLAS.dylib
dyld[47803]: move loaded to delayed: ApplicationServices
dyld[47803]: move loaded to delayed: CoreVideo
dyld[47803]: move loaded to delayed: ColorSync
dyld[47803]: move loaded to delayed: CoreText
dyld[47803]: move loaded to delayed: ImageIO
dyld[47803]: move loaded to delayed: ATS
dyld[47803]: move loaded to delayed: HIServices
dyld[47803]: move loaded to delayed: PrintCore
dyld[47803]: move loaded to delayed: QD
dyld[47803]: move loaded to delayed: ColorSyncLegacy
dyld[47803]: move loaded to delayed: SpeechSynthesis
dyld[47803]: move loaded to delayed: SkyLight
dyld[47803]: move loaded to delayed: libFontParser.dylib
dyld[47803]: move loaded to delayed: BaseBoard
dyld[47803]: move loaded to delayed: BoardServices
dyld[47803]: move loaded to delayed: BackBoardServices
dyld[47803]: move loaded to delayed: BackBoardHIDEventFoundation
dyld[47803]: move loaded to delayed: CoreDisplay
dyld[47803]: move loaded to delayed: VideoToolbox
dyld[47803]: move loaded to delayed: MetalPerformanceShaders
dyld[47803]: move loaded to delayed: ProDisplayLibrary
dyld[47803]: move loaded to delayed: IOSurfaceAccelerator
dyld[47803]: move loaded to delayed: Metal
dyld[47803]: move loaded to delayed: IOAccelerator
dyld[47803]: move loaded to delayed: CoreMedia
dyld[47803]: move loaded to delayed: TCC
dyld[47803]: move loaded to delayed: WatchdogClient
dyld[47803]: move loaded to delayed: QuartzCore
dyld[47803]: move loaded to delayed: MultitouchSupport
dyld[47803]: move loaded to delayed: libswiftAccelerate.dylib
dyld[47803]: move loaded to delayed: libswiftCoreAudio.dylib
dyld[47803]: move loaded to delayed: libswiftCoreMedia.dylib
dyld[47803]: move loaded to delayed: libswiftMetal.dylib
dyld[47803]: move loaded to delayed: libswiftOSLog.dylib
dyld[47803]: move loaded to delayed: libswiftQuartzCore.dylib
dyld[47803]: move loaded to delayed: libswiftUniformTypeIdentifiers.dylib
dyld[47803]: move loaded to delayed: libswiftVideoToolbox.dylib
dyld[47803]: move loaded to delayed: libswiftsimd.dylib
dyld[47803]: move loaded to delayed: BiomeStorage
dyld[47803]: move loaded to delayed: IntelligencePlatformLibrary
dyld[47803]: move loaded to delayed: PoirotSchematizer
dyld[47803]: move loaded to delayed: BiomeSync
dyld[47803]: move loaded to delayed: BiomeDSL
dyld[47803]: move loaded to delayed: FeatureFlags
dyld[47803]: move loaded to delayed: PoirotUDFs
dyld[47803]: move loaded to delayed: libswift_DarwinFoundation2.dylib
dyld[47803]: move loaded to delayed: libswift_DarwinFoundation3.dylib
dyld[47803]: move loaded to delayed: CoreTime
dyld[47803]: move loaded to delayed: libiconv.2.dylib
dyld[47803]: move loaded to delayed: libcharset.1.dylib
dyld[47803]: move loaded to delayed: PoirotSQLite
dyld[47803]: move loaded to delayed: libswift_RegexParser.dylib
dyld[47803]: move loaded to delayed: CascadeSets
dyld[47803]: move loaded to delayed: CorePhoneNumbers
dyld[47803]: move loaded to delayed: AppleJPEG
dyld[47803]: move loaded to delayed: libexpat.1.dylib
dyld[47803]: move loaded to delayed: libPng.dylib
dyld[47803]: move loaded to delayed: libTIFF.dylib
dyld[47803]: move loaded to delayed: libGIF.dylib
dyld[47803]: move loaded to delayed: libJP2.dylib
dyld[47803]: move loaded to delayed: libate.dylib
dyld[47803]: move loaded to delayed: libJPEG.dylib
dyld[47803]: move loaded to delayed: libRadiance.dylib
dyld[47803]: move loaded to delayed: libllvm-flatbuffers.dylib
dyld[47803]: move loaded to delayed: FramePacing
dyld[47803]: move loaded to delayed: libCoreFSCache.dylib
dyld[47803]: move loaded to delayed: libGPUCompilerUtils.dylib
dyld[47803]: move loaded to delayed: GraphicsServices
dyld[47803]: move loaded to delayed: OpenGL
dyld[47803]: move loaded to delayed: libGLU.dylib
dyld[47803]: move loaded to delayed: libGFXShared.dylib
dyld[47803]: move loaded to delayed: libGL.dylib
dyld[47803]: move loaded to delayed: libGLImage.dylib
dyld[47803]: move loaded to delayed: libCVMSPluginSupport.dylib
dyld[47803]: move loaded to delayed: libCoreVMClient.dylib
dyld[47803]: move loaded to delayed: GPUWrangler
dyld[47803]: move loaded to delayed: IOPresentment
dyld[47803]: move loaded to delayed: DSExternalDisplay
dyld[47803]: move loaded to delayed: VideoToolboxParavirtualizationSupport
dyld[47803]: move loaded to delayed: AppleVA
dyld[47803]: move loaded to delayed: ExtensionFoundation
dyld[47803]: move loaded to delayed: CMCaptureCore
dyld[47803]: move loaded to delayed: libspindump.dylib
dyld[47803]: move loaded to delayed: CoreAudio
dyld[47803]: move loaded to delayed: AppServerSupport
dyld[47803]: move loaded to delayed: perfdata
dyld[47803]: move loaded to delayed: AudioDSPGraph
dyld[47803]: move loaded to delayed: AudioToolboxCore
dyld[47803]: move loaded to delayed: caulk
dyld[47803]: move loaded to delayed: libAudioStatistics.dylib
dyld[47803]: move loaded to delayed: SystemPolicy
dyld[47803]: move loaded to delayed: libSMC.dylib
dyld[47803]: move loaded to delayed: libswiftCoreMIDI.dylib
dyld[47803]: move loaded to delayed: CoreMIDI
dyld[47803]: move loaded to delayed: libAudioToolboxUtility.dylib
dyld[47803]: move loaded to delayed: libperfcheck.dylib
dyld[47803]: move loaded to delayed: AudioAnalytics
dyld[47803]: move loaded to delayed: OSLog
dyld[47803]: move loaded to delayed: OSEligibility
dyld[47803]: move loaded to delayed: IconServices
dyld[47803]: move loaded to delayed: LightweightCodeRequirements
dyld[47803]: move loaded to delayed: PlugInKit
dyld[47803]: move loaded to delayed: AssertionServices
dyld[47803]: move loaded to delayed: IconFoundation
dyld[47803]: move loaded to delayed: AssistantServices
dyld[47803]: move loaded to delayed: IconRendering
dyld[47803]: move loaded to delayed: CoreUI
dyld[47803]: move loaded to delayed: CoreImage
dyld[47803]: move loaded to delayed: SFSymbols
dyld[47803]: move loaded to delayed: DeveloperToolsSupport
dyld[47803]: move loaded to delayed: RenderBox
dyld[47803]: move loaded to delayed: CoreSVG
dyld[47803]: move loaded to delayed: TextureIO
dyld[47803]: move loaded to delayed: libswiftCoreImage.dylib
dyld[47803]: move loaded to delayed: GraphVisualizer
dyld[47803]: move loaded to delayed: FontServices
dyld[47803]: move loaded to delayed: OTSVG
dyld[47803]: move loaded to delayed: libFontRegistry.dylib
dyld[47803]: move loaded to delayed: libhvf.dylib
dyld[47803]: move loaded to delayed: ParsingInternal
dyld[47803]: move loaded to delayed: libXTFontStaticRegistryData.dylib
dyld[47803]: move loaded to delayed: MPSCore
dyld[47803]: move loaded to delayed: MPSImage
dyld[47803]: move loaded to delayed: MPSNeuralNetwork
dyld[47803]: move loaded to delayed: MPSMatrix
dyld[47803]: move loaded to delayed: MPSRayIntersector
dyld[47803]: move loaded to delayed: MPSNDArray
dyld[47803]: move loaded to delayed: MPSFunctions
dyld[47803]: move loaded to delayed: MPSBenchmarkLoop
dyld[47803]: move loaded to delayed: MPSHost
dyld[47803]: move loaded to delayed: MetalTools
dyld[47803]: move loaded to delayed: IOAccelMemoryInfo
dyld[47803]: move loaded to delayed: kperf
dyld[47803]: move loaded to delayed: GPURawCounter
dyld[47803]: move loaded to delayed: ASEProcessing
dyld[47803]: move loaded to delayed: Symbolication
dyld[47803]: move loaded to delayed: PhotosensitivityProcessing
dyld[47803]: move loaded to delayed: SILManager
dyld[47803]: move loaded to delayed: CoreSymbolication
dyld[47803]: move loaded to delayed: MallocStackLogging
dyld[47803]: move loaded to delayed: DebugSymbols
dyld[47803]: move loaded to delayed: OSAnalytics
dyld[47803]: move loaded to delayed: DeviceRecovery
dyld[47803]: move loaded to delayed: Tightbeam
dyld[47803]: move loaded to delayed: libswiftCompression.dylib
dyld[47803]: move loaded to delayed: AFKUser
dyld[47803]: move loaded to delayed: ATSUI
dyld[47803]: move loaded to delayed: SAObjects
dyld[47803]: move loaded to delayed: AudioToolbox
dyld[47803]: move loaded to delayed: MediaRemote
dyld[47803]: move loaded to delayed: UserNotifications
dyld[47803]: move loaded to delayed: SiriInstrumentation
dyld[47803]: move loaded to delayed: SiriAnalytics
dyld[47803]: move loaded to delayed: SiriTTSService
dyld[47803]: move loaded to delayed: SiriCrossDeviceArbitration
dyld[47803]: move loaded to delayed: FeedbackLogger
dyld[47803]: move loaded to delayed: FaceTimeNameUtility
dyld[47803]: move loaded to delayed: AuthKit
dyld[47803]: move loaded to delayed: SiriCrossDeviceArbitrationFeedback
dyld[47803]: move loaded to delayed: libswiftCoreLocation.dylib
dyld[47803]: move loaded to delayed: libswiftAVFoundation.dylib
dyld[47803]: move loaded to delayed: UIKitServices
dyld[47803]: move loaded to delayed: UnifiedAssetFramework
dyld[47803]: move loaded to delayed: AudioSession
dyld[47803]: move loaded to delayed: MediaExperience
dyld[47803]: move loaded to delayed: libSessionUtility.dylib
dyld[47803]: move loaded to delayed: AudioAccessoryServices
dyld[47803]: move loaded to delayed: CoreBluetooth
dyld[47803]: move loaded to delayed: CoreUtils
dyld[47803]: move loaded to delayed: HID
dyld[47803]: move loaded to delayed: Sharing
dyld[47803]: move loaded to delayed: CoreUtilsExtras
dyld[47803]: move loaded to delayed: IO80211
dyld[47803]: move loaded to delayed: IDSFoundation
dyld[47803]: move loaded to delayed: Apple80211
dyld[47803]: move loaded to delayed: CoreWLAN
dyld[47803]: move loaded to delayed: IOBluetooth
dyld[47803]: move loaded to delayed: libswiftRegexBuilder.dylib
dyld[47803]: move loaded to delayed: IMFoundation
dyld[47803]: move loaded to delayed: Marco
dyld[47803]: move loaded to delayed: CommonUtilities
dyld[47803]: move loaded to delayed: Engram
dyld[47803]: move loaded to delayed: XPCDistributed
dyld[47803]: move loaded to delayed: libtidy.A.dylib
dyld[47803]: move loaded to delayed: Bom
dyld[47803]: move loaded to delayed: libParallelCompression.dylib
dyld[47803]: move loaded to delayed: libIOReport.dylib
dyld[47803]: move loaded to delayed: WiFiPeerToPeer
dyld[47803]: move loaded to delayed: SecurityFoundation
dyld[47803]: move loaded to delayed: Centauri
dyld[47803]: move loaded to delayed: Lexicon
dyld[47803]: move loaded to delayed: libmrc.dylib
dyld[47803]: move loaded to delayed: IPConfiguration
dyld[47803]: move loaded to delayed: Netrb
dyld[47803]: move loaded to delayed: FrontBoardServices
dyld[47803]: move loaded to delayed: libgermantok.dylib
dyld[47803]: move loaded to delayed: LinguisticData
dyld[47803]: move loaded to delayed: MultiverseSupport
dyld[47803]: move loaded to delayed: DiskManagement
dyld[47803]: move loaded to delayed: AppleIDAuthSupport
dyld[47803]: move loaded to delayed: AAAFoundation
dyld[47803]: move loaded to delayed: KeychainCircle
dyld[47803]: move loaded to delayed: URLFormatting
dyld[47803]: move loaded to delayed: libcsfde.dylib
dyld[47803]: move loaded to delayed: libCoreStorage.dylib
dyld[47803]: move loaded to delayed: MediaKit
dyld[47803]: move loaded to delayed: DiscRecording
dyld[47803]: move loaded to delayed: ProtectedCloudStorage
dyld[47803]: move loaded to delayed: EFILogin
dyld[47803]: move loaded to delayed: libheimdal-asn1.dylib
dyld[47803]: move loaded to delayed: OctagonTrust
dyld[47803]: move loaded to delayed: AudioUnit
dyld[47803]: move loaded to delayed: OpenDirectory
dyld[47803]: move loaded to delayed: CFOpenDirectory
dyld[47803]: move loaded to delayed: GeoServices
dyld[47803]: move loaded to delayed: LocationSupport
dyld[47803]: move loaded to delayed: GeoServicesCore
dyld[47803]: move loaded to delayed: PhoneNumbers
dyld[47803]: move loaded to delayed: LocationLogEncryption
dyld[47803]: move loaded to delayed: AVFAudio
dyld[47803]: move loaded to delayed: AVRouting
dyld[47803]: move loaded to delayed: libAccessibility.dylib
dyld[47803]: move loaded to delayed: MediaServices
dyld[47803]: move loaded to delayed: IDS
dyld[47803]: move loaded to delayed: IsolatedCoreAudioClient
dyld[47803]: move loaded to delayed: CoreAudioOrchestration
dyld[47803]: move loaded to delayed: MediaToolbox
dyld[47803]: move loaded to delayed: CoreAVCHD
dyld[47803]: move loaded to delayed: MediaAccessibility
dyld[47803]: move loaded to delayed: Mangrove
dyld[47803]: move loaded to delayed: CMPhoto
dyld[47803]: move loaded to delayed: CoreTelephony
dyld[47803]: move loaded to delayed: CoreAUC
dyld[47803]: move loaded to delayed: AppleJPEGXL
dyld[47803]: move loaded to delayed: libTelephonyUtilDynamic.dylib
dyld[47803]: move loaded to delayed: CryptoKit
dyld[47803]: move loaded to delayed: CryptoKitCBridging
dyld[47803]: move loaded to delayed: CryptoTokenKit
dyld[47803]: move loaded to delayed: LocalAuthentication
dyld[47803]: move loaded to delayed: LocalAuthenticationCore
dyld[47803]: move loaded to delayed: LocalAuthenticationCredentialServices
dyld[47803]: move loaded to delayed: SharedUtils
dyld[47803]: move loaded to delayed: PersistentConnection
dyld[47803]: move loaded to delayed: SonicFoundation
dyld[47803]: move loaded to delayed: AsyncAlgorithmsInternal
dyld[47803]: move loaded to delayed: FTAWD
dyld[47803]: move loaded to delayed: Dendrite
dyld[47803]: move loaded to delayed: libtailspin.dylib
dyld[47803]: move loaded to delayed: Osprey
dyld[47803]: move loaded to delayed: SiriTTS
dyld[47803]: move loaded to delayed: NaturalLanguage
dyld[47803]: move loaded to delayed: GenerativeModels
dyld[47803]: move loaded to delayed: SiriPowerInstrumentation
dyld[47803]: move loaded to delayed: libswiftNaturalLanguage.dylib
dyld[47803]: move loaded to delayed: TailspinSymbolication
dyld[47803]: move loaded to delayed: Darwinup
dyld[47803]: move loaded to delayed: SignpostSupport
dyld[47803]: move loaded to delayed: FeatureFlagsSupport
dyld[47803]: move loaded to delayed: ktrace
dyld[47803]: move loaded to delayed: SampleAnalysis
dyld[47803]: move loaded to delayed: kperfdata
dyld[47803]: move loaded to delayed: libdscsym.dylib
dyld[47803]: move loaded to delayed: AppleMobileFileIntegrity
dyld[47803]: move loaded to delayed: BulkSymbolication
dyld[47803]: move loaded to delayed: libTLE.dylib
dyld[47803]: move loaded to delayed: libmis.dylib
dyld[47803]: move loaded to delayed: ConfigProfileHelper
dyld[47803]: move loaded to delayed: Espresso
dyld[47803]: move loaded to delayed: CoreML
dyld[47803]: move loaded to delayed: libedit.3.dylib
dyld[47803]: move loaded to delayed: ANECompiler
dyld[47803]: move loaded to delayed: AppleNeuralEngine
dyld[47803]: move loaded to delayed: MIL
dyld[47803]: move loaded to delayed: MetalPerformanceShadersGraph
dyld[47803]: move loaded to delayed: MLCompilerServices
dyld[47803]: move loaded to delayed: ANEServices
dyld[47803]: move loaded to delayed: libncurses.5.4.dylib
dyld[47803]: move loaded to delayed: libsandbox.1.dylib
dyld[47803]: move loaded to delayed: libMatch.1.dylib
dyld[47803]: move loaded to delayed: ODIE
dyld[47803]: move loaded to delayed: MLModelAsset
dyld[47803]: move loaded to delayed: MLCompilerRuntime
dyld[47803]: move loaded to delayed: MLCompute
dyld[47803]: move loaded to delayed: MLAssetIO
dyld[47803]: move loaded to delayed: libswiftMLCompute.dylib
dyld[47803]: move loaded to delayed: AVFCore
dyld[47803]: move loaded to delayed: AVFCapture
dyld[47803]: move loaded to delayed: CMImaging
dyld[47803]: move loaded to delayed: Quagga
dyld[47803]: move loaded to delayed: CMCapture
dyld[47803]: move loaded to delayed: CoreMediaIO
dyld[47803]: move loaded to delayed: CMCaptureDevice
dyld[47803]: move loaded to delayed: CoreBrightness
dyld[47803]: move loaded to delayed: CinematicFraming
dyld[47803]: move loaded to delayed: ModelManagerServices
dyld[47803]: move loaded to delayed: CPMS
dyld[47803]: move loaded to delayed: SystemStatus
dyld[47803]: move loaded to delayed: CoreMotion
dyld[47803]: move loaded to delayed: TimeSync
dyld[47803]: move loaded to delayed: DistributedSensing
dyld[47803]: move loaded to delayed: MobileBluetooth
dyld[47803]: move loaded to delayed: IOKitten
dyld[47803]: move loaded to delayed: AppleIntelligenceReporting
dyld[47803]: move loaded to delayed: CoreEmoji
dyld[47803]: move loaded to delayed: libCRFSuite.dylib
dyld[47803]: move loaded to delayed: LanguageModeling
dyld[47803]: move loaded to delayed: CoreNLP
dyld[47803]: move loaded to delayed: Montreal
dyld[47803]: move loaded to delayed: libcmph.dylib
dyld[47803]: move loaded to delayed: libmecab.dylib
dyld[47803]: move loaded to delayed: libThaiTokenizer.dylib
dyld[47803]: move loaded to delayed: GenerativeModelsFoundation
dyld[47803]: move loaded to delayed: TokenGeneration
dyld[47803]: move loaded to delayed: GenerativeFunctions
dyld[47803]: move loaded to delayed: GenerativeFunctionsFoundation
dyld[47803]: move loaded to delayed: ModelCatalog
dyld[47803]: move loaded to delayed: SensitiveContentAnalysisML
dyld[47803]: move loaded to delayed: GenerativeFunctionsInstrumentation
dyld[47803]: move loaded to delayed: PromptKit
dyld[47803]: move loaded to delayed: ProactiveDaemonSupport
dyld[47803]: move loaded to delayed: TokenGenerationCore
dyld[47803]: move loaded to delayed: Trial
dyld[47803]: move loaded to delayed: TrialProto
dyld[47803]: move loaded to delayed: AppleFlatBuffers
dyld[47803]: move loaded to delayed: SentencePieceInternal
dyld[47803]: move loaded to delayed: Vision
dyld[47803]: move loaded to delayed: CoreSceneUnderstanding
dyld[47803]: move loaded to delayed: VisionCore
dyld[47803]: move loaded to delayed: DataDetectorsCore
dyld[47803]: move loaded to delayed: libfaceCore.dylib
dyld[47803]: move loaded to delayed: Futhark
dyld[47803]: move loaded to delayed: InertiaCam
dyld[47803]: move loaded to delayed: TextRecognition
dyld[47803]: move loaded to delayed: DataDetection
dyld[47803]: move loaded to delayed: TextInput
dyld[47803]: move loaded to delayed: CVNLP
dyld[47803]: move loaded to delayed: IntentsFoundation
dyld[47803]: move loaded to delayed: HIDDisplay
dyld[47803]: move loaded to delayed: libcups.2.dylib
dyld[47803]: move loaded to delayed: Kerberos
dyld[47803]: move loaded to delayed: libresolv.9.dylib
dyld[47803]: move loaded to delayed: Heimdal
dyld[47803]: move loaded to delayed: libHeimdalProxy.dylib
dyld[47803]: move loaded to delayed: CommonAuth
dyld[47803]: move loaded to delayed: AXCoreUtilities
dyld[47803]: move loaded to delayed: AttributeGraph
dyld[47803]: move loaded to delayed: libAXSafeCategoryBundle.dylib
dyld[47803]: move loaded to delayed: TabularData
dyld[47803]: move loaded to delayed: ArgumentParserInternal
dyld[47803]: move loaded to delayed: libvDSP.dylib
dyld[47803]: move loaded to delayed: libLAPACK.dylib
dyld[47803]: move loaded to delayed: libLinearAlgebra.dylib
dyld[47803]: move loaded to delayed: libSparseBLAS.dylib
dyld[47803]: move loaded to delayed: libQuadrature.dylib
dyld[47803]: move loaded to delayed: libBNNS.dylib
dyld[47803]: move loaded to delayed: libSparse.dylib
dyld[47803]: move loaded to delayed: ApplePushService
dyld[47803]: move loaded to delayed: CloudKit
dyld[47803]: move loaded to delayed: CoreDuetDaemonProtocol
dyld[47803]: move loaded to delayed: DeviceIdentity
dyld[47803]: move loaded to delayed: SharedWithYouCore
dyld[47803]: move loaded to delayed: CloudTelemetry
dyld[47803]: move loaded to delayed: AppleAccount
dyld[47803]: move loaded to delayed: C2
dyld[47803]: move loaded to delayed: CloudCoreInternal
dyld[47803]: move loaded to delayed: CloudAsset
dyld[47803]: move loaded to delayed: PushKit
dyld[47803]: move loaded to delayed: CoreTransferable
dyld[47803]: move loaded to delayed: NetAuth
dyld[47803]: move loaded to delayed: loginsupport
dyld[47803]: move loaded to delayed: CloudTelemetryTools
dyld[47803]: move loaded to delayed: CloudTelemetryShared.dylib
dyld[47803]: move loaded to delayed: RTCReporting
dyld[47803]: move loaded to delayed: AAAFoundationSwift
dyld[47803]: move loaded to delayed: AppleIDSSOAuthentication
dyld[47803]: move loaded to delayed: UIFoundation
dyld[47803]: move loaded to delayed: CaptiveNetwork
dyld[47803]: move loaded to delayed: EAP8021X
dyld[47803]: move loaded to delayed: CryptoKitPrivate
dyld[47803]: move loaded to delayed: FindMyDevice
dyld[47803]: move loaded to delayed: FMCoreLite
dyld[47803]: move loaded to delayed: ServiceManagement
dyld[47803]: move loaded to delayed: libCheckFix.dylib
dyld[47803]: move loaded to delayed: MetadataUtilities
dyld[47803]: move loaded to delayed: InstalledContentLibrary
dyld[47803]: move loaded to delayed: CoreServicesStore
dyld[47803]: move loaded to delayed: libapp_launch_measurement.dylib
dyld[47803]: move loaded to delayed: MobileSystemServices
dyld[47803]: move loaded to delayed: libxslt.1.dylib
dyld[47803]: move loaded to delayed: BackgroundTaskManagement
dyld[47803]: move loaded to delayed: libcurl.4.dylib
dyld[47803]: move loaded to delayed: libcrypto.46.dylib
dyld[47803]: move loaded to delayed: libssl.48.dylib
dyld[47803]: move loaded to delayed: LDAP
dyld[47803]: move loaded to delayed: TrustEvaluationAgent
dyld[47803]: move loaded to delayed: libsasl2.2.dylib
dyld[47802]: <E40F1B0E-00E9-3861-9819-904465B212D5> /Users/catethos/.local/share/mise/installs/erlang/29.0.4/lib/crypto-5.9.2/priv/lib/crypto.so
dyld[47802]: <D4D92F75-9231-314D-B120-2264DAAFE44C> /Users/catethos/workspace/ladybugex/zig_library/_build/hardening-beam/lib/aphid/priv/lib/Elixir.Aphid.Native.so
dyld[47802]: <E9A8D394-704D-3542-83AC-41142D0FA8DB> /Users/catethos/workspace/ladybugex/zig_library/_build/hardening-asan/bridge/libaphid_bridge.dylib
dyld[47802]: <8945D4D0-62D5-33A5-8854-19AB8B975E0C> /Users/catethos/workspace/ladybugex/zig_library/_build/hardening-asan/ladybug/src/liblbug.0.20.2.dylib
dyld[47802]: <2DE09756-E00A-3853-9B94-321A32CA37DD> /Users/catethos/workspace/ladybugex/zig_library/_build/hardening-beam/lib/aphid/priv/lib/Elixir.Aphid.Proof.so

19:55:40.940 [debug] loaded module at Elixir.Aphid.Proof
Running ExUnit with seed: 0, max_cases: 2

...............Aphid basic example passed
.Aphid transaction example passed
.Aphid stream example passed
.Aphid FTS example passed
.Aphid vector example passed
.dyld[47872]: <F35724FD-0577-3387-A4D3-AC5B41B46F7E> /Users/catethos/workspace/ladybugex/zig_library/_build/native/tests/fixture
dyld[47872]: <C6DC2145-7B94-3E01-ADE5-96A6C2D078BC> /usr/lib/libc++.1.dylib
dyld[47872]: <DDE77B06-5E25-380B-85B7-BA1A27D09021> /usr/lib/libc++abi.dylib
dyld[47872]: <4CC4CAD6-45A6-361E-9343-DE636A0B5C02> /usr/lib/libSystem.B.dylib
dyld[47872]: <EA7C2E0B-52BF-3D45-9A33-38F54A535452> /usr/lib/system/libcache.dylib
dyld[47872]: <72D94140-1281-3886-971B-37C810403C03> /usr/lib/system/libcommonCrypto.dylib
dyld[47872]: <D60A9B54-A909-3FD5-93B9-3F38BE0A2BE8> /usr/lib/system/libcompiler_rt.dylib
dyld[47872]: <58F425CF-7D4F-34FD-9620-706A2A7F8BDC> /usr/lib/system/libcopyfile.dylib
dyld[47872]: <D54389FC-4078-370D-A863-9FEF16E00DFD> /usr/lib/system/libcorecrypto.dylib
dyld[47872]: <243E06A0-7BFF-3C3F-8A9B-D7732729B361> /usr/lib/system/libdispatch.dylib
dyld[47872]: <634959D0-592E-349C-B549-B91F2FF09858> /usr/lib/system/libdyld.dylib
dyld[47872]: <18EFA1CE-C535-3EAC-BC2C-7955593B7382> /usr/lib/system/libkeymgr.dylib
dyld[47872]: <3E43AF47-AD89-3BB4-82B9-A9533F4334DF> /usr/lib/system/libmacho.dylib
dyld[47872]: <78C5B827-8152-358D-90E9-B02F02A68B17> /usr/lib/system/libquarantine.dylib
dyld[47872]: <DA9C2B48-7A9C-32EA-888D-6C7AEB5250E6> /usr/lib/system/libremovefile.dylib
dyld[47872]: <FF57F6FA-F3A1-343D-815D-57B769D31445> /usr/lib/system/libsystem_asl.dylib
dyld[47872]: <A712B95E-BCEE-3F12-9F9B-58E6C2060E53> /usr/lib/system/libsystem_blocks.dylib
dyld[47872]: <FDC4E366-5C14-3A1E-BC35-D933D28CDCF3> /usr/lib/system/libsystem_c.dylib
dyld[47872]: <BDA28F78-F479-3C22-B9C7-4ABCB6801592> /usr/lib/system/libsystem_collections.dylib
dyld[47872]: <A14ED142-2F56-33A6-A23C-EEB8417DC90E> /usr/lib/system/libsystem_configuration.dylib
dyld[47872]: <2E14025A-52C2-361D-8A8F-5DD45825A2C9> /usr/lib/system/libsystem_containermanager.dylib
dyld[47872]: <F335DA14-69E8-336E-85A3-11EE239255F0> /usr/lib/system/libsystem_coreservices.dylib
dyld[47872]: <A095E4FE-0EE1-34DF-B00A-7D349FBC55E0> /usr/lib/system/libsystem_darwin.dylib
dyld[47872]: <6C03D78B-BFAB-3C7A-B713-50881791EE08> /usr/lib/system/libsystem_darwindirectory.dylib
dyld[47872]: <2C4C3043-008E-3BD8-BC29-AB9AD235DBA9> /usr/lib/system/libsystem_dnssd.dylib
dyld[47872]: <A279E124-8499-3FFC-A788-655070028F97> /usr/lib/system/libsystem_eligibility.dylib
dyld[47872]: <5E7CDBD5-44AB-34C0-A0F5-FC72F6116CDC> /usr/lib/system/libsystem_featureflags.dylib
dyld[47872]: <7402662E-F235-3F48-BB65-F64C8CF0F2BB> /usr/lib/system/libsystem_info.dylib
dyld[47872]: <3739A40F-2C17-3503-92D6-098141E56E89> /usr/lib/system/libsystem_m.dylib
dyld[47872]: <971CDCFE-4D20-300E-A1D6-EC8672FDD258> /usr/lib/system/libsystem_malloc.dylib
dyld[47872]: <01D14A9E-16DC-372C-8AA8-CC7AD39E797F> /usr/lib/system/libsystem_networkextension.dylib
dyld[47872]: <F9B1BAFF-4D09-3A1F-839B-189C21EB5FBB> /usr/lib/system/libsystem_notify.dylib
dyld[47872]: <6592D3CE-38C6-3C08-9EA5-75D64F37993F> /usr/lib/system/libsystem_sandbox.dylib
dyld[47872]: <C92FAEE5-DAED-3340-96B3-0C42B005ADF9> /usr/lib/system/libsystem_sanitizers.dylib
dyld[47872]: <C85AF062-AA9B-35BB-904C-C055B2C21602> /usr/lib/system/libsystem_secinit.dylib
dyld[47872]: <7CFB3A10-ADB2-32C4-99B5-922A111B3224> /usr/lib/system/libsystem_kernel.dylib
dyld[47872]: <4C6BD0FE-25F2-38D8-BE5C-24DAC1DEDCFB> /usr/lib/system/libsystem_platform.dylib
dyld[47872]: <12342372-0084-37A5-9EA6-2E4DC940C685> /usr/lib/system/libsystem_pthread.dylib
dyld[47872]: <CE07A0DF-31B6-3528-B7CE-91CAD89AA519> /usr/lib/system/libsystem_symptoms.dylib
dyld[47872]: <E043667E-AD01-3228-837F-A381F32F2B30> /usr/lib/system/libsystem_trace.dylib
dyld[47872]: <2FF186A6-F448-38CD-9A30-8B5B1AEFCA10> /usr/lib/system/libsystem_trial.dylib
dyld[47872]: <B21A1015-83D4-31D8-BA41-88688962D9A6> /usr/lib/system/libunwind.dylib
dyld[47872]: <40BBE226-77D4-332E-9DA8-F0B5BACFB86D> /usr/lib/system/libxpc.dylib
dyld[47872]: <40277974-D20C-3EC8-B25C-43AE30D8CC60> /usr/lib/libobjc.A.dylib
dyld[47872]: <5BCE8CB3-4EF5-3181-B96B-8E8130851510> /System/Library/PrivateFrameworks/XPCSupport.framework/Versions/A/XPCSupport
dyld[47872]: <FDBA2243-A7AB-3524-9B94-F3034AC36E41> /System/Library/Frameworks/CoreFoundation.framework/Versions/A/CoreFoundation
dyld[47872]: <81895735-AEE8-36CF-B7ED-370A80C4E78A> /usr/lib/swift/libswiftCore.dylib
dyld[47872]: <F41D814B-FE1F-311A-A778-5F0699628188> /usr/lib/libRosetta.dylib
dyld[47872]: <2E3EA3FE-B1EF-3EDA-B94E-C7FC54E30C13> /System/Library/Frameworks/Foundation.framework/Versions/C/Foundation
dyld[47872]: <4A2A8D5B-A79D-36B3-A688-1792E7A98EA6> /usr/lib/swift/libswiftObjectiveC.dylib
dyld[47872]: <CB44DEF4-FCFF-36ED-8E9D-BB26E0DFACAC> /usr/lib/libswiftPrespecialized.dylib
dyld[47872]: <7C419E70-AC1A-3BF9-913F-D2F87F60680B> /System/Library/Frameworks/SystemConfiguration.framework/Versions/A/SystemConfiguration
dyld[47872]: <03BEB01C-EE74-3952-80FC-D2B7CF9C798D> /usr/lib/libz.1.dylib
dyld[47872]: <1C295E81-112C-3641-8846-101E1BD9471D> /System/Library/PrivateFrameworks/CoreAutoLayout.framework/Versions/A/CoreAutoLayout
dyld[47872]: <B0B762DB-DEE4-368F-94E4-6BCFEC98E286> /usr/lib/libcmark-gfm.dylib
dyld[47872]: <4A5173C4-2F2F-3503-9FED-70C4E5BEFA0F> /usr/lib/libfakelink.dylib
dyld[47872]: <88B2498F-674F-34B8-AC5F-048E050518E5> /usr/lib/libcompression.dylib
dyld[47872]: <49C50CC0-E432-3C8D-84D5-F6AA825941A3> /System/Library/Frameworks/CFNetwork.framework/Versions/A/CFNetwork
dyld[47872]: <ECE02111-DA6A-386C-B109-699F01824273> /System/Library/Frameworks/DiskArbitration.framework/Versions/A/DiskArbitration
dyld[47872]: <CE6444C3-4DCC-3F04-B4EC-AE78233CD4C8> /usr/lib/libarchive.2.dylib
dyld[47872]: <E681BCDD-6DE1-3079-8AD8-DB80F389420D> /usr/lib/libDiagnosticMessagesClient.dylib
dyld[47872]: <700597A5-5992-3705-9F22-3E970E735653> /usr/lib/libicucore.A.dylib
dyld[47872]: <E706ECFF-E18C-3E27-B22D-B8307DE9C6D2> /usr/lib/libxml2.2.dylib
dyld[47872]: <B20E2809-8922-3D51-9CF9-1EF7DFDFBE1D> /System/Library/Frameworks/CoreServices.framework/Versions/A/CoreServices
dyld[47872]: <A316E5EC-C7E2-3D1C-A36A-7075E38735A8> /usr/lib/liblangid.dylib
dyld[47872]: <93FF2D40-D3DB-37A6-A827-8C8947B0BDCF> /System/Library/Frameworks/IOKit.framework/Versions/A/IOKit
dyld[47872]: <EBB4454A-765B-38CF-8B9D-71FF1B53D290> /System/Library/Frameworks/Combine.framework/Versions/A/Combine
dyld[47872]: <FD544864-C6FA-3FB3-B8EA-7ECAA412D97F> /System/Library/PrivateFrameworks/CollectionsInternal.framework/Versions/A/CollectionsInternal
dyld[47872]: <B66B4EC0-DF77-317E-B57C-9005FCA3B3E1> /System/Library/PrivateFrameworks/ReflectionInternal.framework/Versions/A/ReflectionInternal
dyld[47872]: <8D664FD8-9C6D-35F2-A0CB-C7E22ABEB804> /System/Library/PrivateFrameworks/RuntimeInternal.framework/Versions/A/RuntimeInternal
dyld[47872]: <105FF8F1-5BE6-387D-B850-ECE87B4BFE9C> /System/Library/PrivateFrameworks/SoftLinking.framework/Versions/A/SoftLinking
dyld[47872]: <EE71FC23-45F1-30AE-B49C-74D2DE7882BA> /usr/lib/swift/libswiftCoreFoundation.dylib
dyld[47872]: <70D613F2-BFE7-38FC-A7E8-80779478F554> /usr/lib/swift/libswiftDarwin.dylib
dyld[47872]: <F272890D-9996-3BD0-A5AA-67CE47819FE4> /usr/lib/swift/libswiftDispatch.dylib
dyld[47872]: <1A55E5A8-85E6-3067-AB87-4AC87B8C6530> /usr/lib/swift/libswiftIOKit.dylib
dyld[47872]: <92A7149B-3E19-38D2-BD36-3360D56F3096> /usr/lib/swift/libswiftSystem.dylib
dyld[47872]: <75A38F4A-06EE-3FD1-87A3-8F9FF972CE47> /usr/lib/swift/libswiftXPC.dylib
dyld[47872]: <4C680D47-D53D-3E82-9575-B04943349B45> /usr/lib/swift/libswift_Builtin_float.dylib
dyld[47872]: <E202745F-BFF6-3F29-A171-5C8DDE11779C> /usr/lib/swift/libswift_Concurrency.dylib
dyld[47872]: <4A0A069F-D0C0-3F0A-BE4F-4AFE0DF78D58> /usr/lib/swift/libswift_DarwinFoundation1.dylib
dyld[47872]: <2B54D7C1-96A9-350E-B680-2CEC48FE32AE> /usr/lib/swift/libswift_StringProcessing.dylib
dyld[47872]: <C191573D-AF50-3C8E-840C-F64782CC2BFC> /usr/lib/swift/libswiftos.dylib
dyld[47872]: <48EB2100-B5F6-3150-A424-5FD9EEC9B77B> /System/Library/PrivateFrameworks/CoreServicesInternal.framework/Versions/A/CoreServicesInternal
dyld[47872]: <F41D814B-FE1F-311A-A778-5F0699628188> /usr/lib/liboah.dylib
dyld[47872]: <A4C45770-BA54-3D2C-9DA3-077F5A497C32> /System/Library/Frameworks/Security.framework/Versions/A/Security
dyld[47872]: <D3D5DEE9-258B-33B9-A688-CF81D495E88D> /System/Library/PrivateFrameworks/GenerationalStorage.framework/Versions/A/GenerationalStorage
dyld[47872]: <02498F6E-F56A-35EC-BBFD-09E0739F330E> /System/Library/PrivateFrameworks/CacheDelete.framework/Versions/A/CacheDelete
dyld[47872]: <5879E066-73C2-3C08-9571-57A56D8FC106> /System/Library/Frameworks/QuickLookThumbnailing.framework/Versions/A/QuickLookThumbnailing
dyld[47872]: <56C602D6-EE17-31C4-BACC-962E392B7A14> /System/Library/Frameworks/FileProvider.framework/Versions/A/FileProvider
dyld[47872]: <1D861D5E-F6F8-3B0C-97F0-6F7DA8174A13> /System/Library/PrivateFrameworks/DiskImages.framework/Versions/A/DiskImages
dyld[47872]: <8B049FBF-B02F-3B65-B252-36DD33AE4DCB> /System/Library/Frameworks/NetFS.framework/Versions/A/NetFS
dyld[47872]: <8A8560B9-089E-3AB8-996F-C1E6F335D567> /System/Library/PrivateFrameworks/DesktopServicesPriv.framework/Versions/A/DesktopServicesPriv
dyld[47872]: <4DF5833E-170E-391E-8068-334A1619B6EC> /System/Library/Frameworks/CoreServices.framework/Versions/A/Frameworks/FSEvents.framework/Versions/A/FSEvents
dyld[47872]: <C3100FC0-CB90-375E-8228-7AD3095F70CC> /System/Library/Frameworks/CoreServices.framework/Versions/A/Frameworks/CarbonCore.framework/Versions/A/CarbonCore
dyld[47872]: <20352036-F9BF-311D-BF2B-4BE56DE35A4C> /System/Library/Frameworks/CoreServices.framework/Versions/A/Frameworks/Metadata.framework/Versions/A/Metadata
dyld[47872]: <C43D9113-B804-3617-AB4E-18B9746C3FD7> /System/Library/Frameworks/CoreServices.framework/Versions/A/Frameworks/OSServices.framework/Versions/A/OSServices
dyld[47872]: <DB2FEE7A-4E93-3C0A-A1BC-1A7915D7F824> /System/Library/Frameworks/CoreServices.framework/Versions/A/Frameworks/SearchKit.framework/Versions/A/SearchKit
dyld[47872]: <1FE41C73-319E-31D6-8AB9-5D9725C29840> /System/Library/Frameworks/CoreServices.framework/Versions/A/Frameworks/AE.framework/Versions/A/AE
dyld[47872]: <F672AF6B-712F-3E94-A30C-D962C961B1AE> /System/Library/Frameworks/CoreServices.framework/Versions/A/Frameworks/LaunchServices.framework/Versions/A/LaunchServices
dyld[47872]: <89B35D84-BCB4-32EA-B793-BB3563BA6C7E> /System/Library/Frameworks/CoreServices.framework/Versions/A/Frameworks/DictionaryServices.framework/Versions/A/DictionaryServices
dyld[47872]: <11D1A903-7E02-365D-B434-CF1F6928B9C8> /System/Library/Frameworks/CoreServices.framework/Versions/A/Frameworks/SharedFileList.framework/Versions/A/SharedFileList
dyld[47872]: <37EB8634-C367-3986-951F-FE6CE034F9B8> /usr/lib/libapple_nghttp2.dylib
dyld[47872]: <FFED8D03-933A-3E77-A298-899189CFDDEE> /usr/lib/libsqlite3.dylib
dyld[47872]: <480932A5-4C8C-3AEF-AFC3-31D7D5A6DFB7> /System/Library/Frameworks/Accounts.framework/Versions/A/Accounts
dyld[47872]: <277306E7-DBCE-3D31-8E19-1A959860E47C> /System/Library/PrivateFrameworks/AOSKit.framework/Versions/A/AOSKit
dyld[47872]: <F1614AEF-411C-3D85-B147-122B24A52BD2> /System/Library/PrivateFrameworks/AppSSOCore.framework/Versions/A/AppSSOCore
dyld[47872]: <E49883EF-0C5A-34B3-940E-6CDED347A361> /System/Library/PrivateFrameworks/AppSupport.framework/Versions/A/AppSupport
dyld[47872]: <2B4C89E8-6D61-382F-8596-400AFD5DFAED> /System/Library/Frameworks/AVFoundation.framework/Versions/A/AVFoundation
dyld[47872]: <D6494026-1CF4-365F-9D35-BD3C0FAE8463> /System/Library/PrivateFrameworks/BackgroundSystemTasks.framework/Versions/A/BackgroundSystemTasks
dyld[47872]: <5B6BC0A9-527D-3D06-B19A-59A55830D0C2> /System/Library/PrivateFrameworks/CoreAnalytics.framework/Versions/A/CoreAnalytics
dyld[47872]: <86707213-12B9-3943-AF6A-FBFDF1209FCA> /System/Library/Frameworks/CoreGraphics.framework/Versions/A/CoreGraphics
dyld[47872]: <43674C87-ADFF-3F60-9DDD-8CE9CAFA39D5> /System/Library/PrivateFrameworks/DuetActivityScheduler.framework/Versions/A/DuetActivityScheduler
dyld[47872]: <8220298F-96F2-3CED-82CF-C07E11DA38F9> /System/Library/PrivateFrameworks/FTServices.framework/Versions/A/FTServices
dyld[47872]: <6A676BE5-DAA2-3923-8B2D-9183A79D8FCF> /System/Library/Frameworks/GSS.framework/Versions/A/GSS
dyld[47872]: <B9C46934-ECEA-360F-BD4D-39025C7947C9> /System/Library/PrivateFrameworks/InternationalSupport.framework/Versions/A/InternationalSupport
dyld[47872]: <F64C374B-7C49-32B2-BD2E-8822A3F14163> /usr/lib/libMemoryResourceException.dylib
dyld[47872]: <A3C34F06-7BB2-3881-8DD1-775BB79E14B3> /System/Library/PrivateFrameworks/NetworkScore.framework/Versions/A/NetworkScore
dyld[47872]: <31C663CB-E303-3669-A2D3-17AB24A16940> /System/Library/PrivateFrameworks/NetworkServiceProxy.framework/Versions/A/NetworkServiceProxy
dyld[47872]: <949C594B-FE78-3E1A-B40C-4720CF994C75> /System/Library/PrivateFrameworks/RunningBoardServices.framework/Versions/A/RunningBoardServices
dyld[47872]: <291F2CDF-90AA-36D2-94BB-1318387C54C5> /System/Library/PrivateFrameworks/StreamingExtractor.framework/Versions/A/StreamingExtractor
dyld[47872]: <A266C210-8869-390E-93D0-5AC15408C80D> /System/Library/PrivateFrameworks/StreamingZip.framework/Versions/A/StreamingZip
dyld[47872]: <DB7270A8-9BB5-3EBE-B2FD-54F6641D56DE> /System/Library/PrivateFrameworks/SymptomReporter.framework/Versions/A/SymptomReporter
dyld[47872]: <87E902A1-34F8-3ED8-8A5B-00F346A553AE> /usr/lib/libenergytrace.dylib
dyld[47872]: <076C8183-DBAF-3FE4-8019-C95855620AD9> /usr/lib/libnetworkextension.dylib
dyld[47872]: <4A16436D-E026-380A-ADED-84C279C05285> /System/Library/Frameworks/Network.framework/Versions/A/Network
dyld[47872]: <7E84A4E7-383B-33B9-B604-D707E8E0C76A> /usr/lib/libbsm.0.dylib
dyld[47872]: <B20E8F67-6646-3050-AB29-44575B24BB6D> /usr/lib/system/libkxld.dylib
dyld[47872]: <2D2A4D15-9634-3D30-8D50-845C65536968> /System/Library/PrivateFrameworks/AppleKeyStore.framework/Versions/A/AppleKeyStore
dyld[47872]: <CFECAA0B-0E59-3E9B-BE28-7247E52F32BC> /usr/lib/libCoreEntitlements.dylib
dyld[47872]: <DDEA8F2A-0D8C-3136-A60F-159B3BF6BB14> /System/Library/PrivateFrameworks/MessageSecurity.framework/Versions/A/MessageSecurity
dyld[47872]: <4AB73CF2-A262-3297-A4ED-F98885686564> /System/Library/PrivateFrameworks/ProtocolBuffer.framework/Versions/A/ProtocolBuffer
dyld[47872]: <9E416667-BB78-36EB-9B5D-886652738B8E> /System/Library/PrivateFrameworks/CloudServices.framework/Versions/A/CloudServices
dyld[47872]: <88586001-D9A2-3BCE-A0B3-F66B962A5FCD> /System/Library/PrivateFrameworks/SymptomDiagnosticReporter.framework/Versions/A/SymptomDiagnosticReporter
dyld[47872]: <E76B3969-60BD-3EBD-8419-B6D16CB330C2> /System/Library/PrivateFrameworks/CrashReporterSupport.framework/Versions/A/CrashReporterSupport
dyld[47872]: <E0F8AF6B-104D-3F9D-A8FB-49EF7C45EAAE> /usr/lib/libMobileGestalt.dylib
dyld[47872]: <903E85C5-7923-3276-8CD3-439E896B7C6B> /System/Library/PrivateFrameworks/AppleFSCompression.framework/Versions/A/AppleFSCompression
dyld[47872]: <5CF64670-CDC0-3AF0-930A-38522A8573EC> /usr/lib/libcoretls.dylib
dyld[47872]: <88C8B8CF-FC4A-3278-9FD7-A2B90B2F600F> /usr/lib/libcoretls_cfhelpers.dylib
dyld[47872]: <4653F0C2-72CB-3C35-AEB9-AAFD63A5B721> /usr/lib/libpam.2.dylib
dyld[47872]: <47C6FF5C-2E46-3B5A-A3AF-157D64AA89B0> /usr/lib/libxar.1.dylib
dyld[47872]: <715B7DF2-B40D-3EBA-BFC9-13276492ED33> /System/Library/PrivateFrameworks/APFS.framework/Versions/A/APFS
dyld[47872]: <C01C6663-DD1C-3855-AB40-23B40F988E8E> /System/Library/PrivateFrameworks/SwiftASN1Internal.framework/Versions/A/SwiftASN1Internal
dyld[47872]: <AAB4E5F3-8EF1-39BE-A32B-8B4ABF8F390D> /usr/lib/libutil.dylib
dyld[47872]: <389F3921-719F-3A03-BD22-3A711B27FB35> /System/Library/PrivateFrameworks/AppleSystemInfo.framework/Versions/A/AppleSystemInfo
dyld[47872]: <2CFBD4DF-9E6B-34A5-9B6C-BCD05F40F139> /System/Library/PrivateFrameworks/IOMobileFramebuffer.framework/Versions/A/IOMobileFramebuffer
dyld[47872]: <C30F04DE-ADD7-3DBC-A1B2-C7D1EFA08CC6> /System/Library/Frameworks/IOSurface.framework/Versions/A/IOSurface
dyld[47872]: <B73AC390-0D5D-3EDA-A81F-709B68F0E37A> /System/Library/PrivateFrameworks/CoreWiFi.framework/Versions/A/CoreWiFi
dyld[47872]: <E39BD6CE-35C2-3F90-BBC1-F68EB3C71E52> /System/Library/PrivateFrameworks/LoggingSupport.framework/Versions/A/LoggingSupport
dyld[47872]: <B7154554-8A67-3354-B992-14441B39FF71> /System/Library/PrivateFrameworks/MobileAsset.framework/Versions/A/MobileAsset
dyld[47872]: <604DB01F-E423-31DC-A4A1-792F6701BA2D> /System/Library/PrivateFrameworks/PowerLog.framework/Versions/A/PowerLog
dyld[47872]: <BE98D10A-67D4-311C-B556-8D3838CF6F81> /System/Library/PrivateFrameworks/Rapport.framework/Versions/A/Rapport
dyld[47872]: <58E4A38D-47FB-3EAC-B7E0-6818F49D24EA> /System/Library/Frameworks/SwiftData.framework/Versions/A/SwiftData
dyld[47872]: <540009BA-D3E5-3F67-8DE8-ED0033FE9215> /System/Library/PrivateFrameworks/Symptoms.framework/Versions/A/Frameworks/SymptomAnalytics.framework/Versions/A/SymptomAnalytics
dyld[47872]: <743056F4-24EC-3A70-8282-C6F20407C193> /System/Library/Frameworks/UniformTypeIdentifiers.framework/Versions/A/UniformTypeIdentifiers
dyld[47872]: <4C89B3C9-F76E-3ED3-9515-E770E4E0E04A> /System/Library/PrivateFrameworks/UserManagement.framework/Versions/A/UserManagement
dyld[47872]: <0767E249-3DD3-375B-8E61-F5DB8309C5BA> /usr/lib/libboringssl.dylib
dyld[47872]: <819F23DB-90BE-3F09-8647-29C8F3CF929E> /usr/lib/libcupolicy.dylib
dyld[47872]: <B079C73B-474D-3A35-B9FC-C417A2FAAC2D> /usr/lib/libdns_services.dylib
dyld[47872]: <9BFCCC8E-40E3-33F3-8108-ED956930D9B0> /System/Library/Frameworks/NetworkExtension.framework/Versions/A/NetworkExtension
dyld[47872]: <2C368B24-1063-37A2-9815-6392CE0D28FA> /usr/lib/libnwswifttls.dylib
dyld[47872]: <0A92F1D9-34F1-35A9-A293-57BED013A7C7> /usr/lib/libpcap.A.dylib
dyld[47872]: <A88B0E2C-9449-37D5-AA62-8533346704D8> /usr/lib/libquic.dylib
dyld[47872]: <35A0D004-85A7-324D-A597-61F1AA1203B8> /usr/lib/libusrtcp.dylib
dyld[47872]: <AD7AC28E-DF43-3FE2-9F95-1A55421FE21B> /System/Library/PrivateFrameworks/AtomicsInternal.framework/Versions/A/AtomicsInternal
dyld[47872]: <4AFF9D01-B152-3754-917D-FEB9B6EDB074> /System/Library/PrivateFrameworks/InternalSwiftProtobuf.framework/Versions/A/InternalSwiftProtobuf
dyld[47872]: <939A84CD-B303-36D6-89D4-0CA6FE6C9335> /usr/lib/swift/libswiftDistributed.dylib
dyld[47872]: <69B34359-C025-3674-9127-6FE565701511> /usr/lib/swift/libswiftObservation.dylib
dyld[47872]: <7626547E-9425-3FAE-A895-04A4C0B5A24C> /usr/lib/swift/libswiftSynchronization.dylib
dyld[47872]: <61779A8C-8FAF-3B30-88EB-F8B1F7965DA6> /System/Library/PrivateFrameworks/AggregateDictionary.framework/Versions/A/AggregateDictionary
dyld[47872]: <ACB84D0D-0179-32B7-8F5C-53BD2AC740D5> /System/Library/PrivateFrameworks/CoreDuetContext.framework/Versions/A/CoreDuetContext
dyld[47872]: <ED2927D1-85F9-346D-9054-C9008EEFC205> /System/Library/PrivateFrameworks/BiomeLibrary.framework/Versions/A/BiomeLibrary
dyld[47872]: <0F02B28D-130E-3D48-A02E-D62C960731A0> /System/Library/PrivateFrameworks/CoreDuet.framework/Versions/A/CoreDuet
dyld[47872]: <0C2B5247-3909-390E-89D1-CD10B5986FDB> /System/Library/PrivateFrameworks/BiomeStreams.framework/Versions/A/BiomeStreams
dyld[47872]: <ECD6B305-5576-372C-A6C2-6FB8B3449B16> /System/Library/PrivateFrameworks/BiomeFoundation.framework/Versions/A/BiomeFoundation
dyld[47872]: <56BD2841-6328-3882-839C-512E9AEC3220> /System/Library/PrivateFrameworks/BiomePubSub.framework/Versions/A/BiomePubSub
dyld[47872]: <26BCA90F-FDB6-3162-8398-B204D85CFE5B> /System/Library/Frameworks/CoreData.framework/Versions/A/CoreData
dyld[47872]: <5C05FB7B-7E85-3E88-B482-B08EBADE6C7C> /System/Library/PrivateFrameworks/ProactiveSupport.framework/Versions/A/ProactiveSupport
dyld[47872]: <8984813E-20DC-39D0-8760-81CF047BEA77> /System/Library/Frameworks/CoreLocation.framework/Versions/A/CoreLocation
dyld[47872]: <71576C7F-398C-30F3-8B15-E71BBEFCBF40> /System/Library/Frameworks/Intents.framework/Versions/A/Intents
dyld[47872]: <9C3CA246-0044-37F0-9C69-6A72E1434912> /System/Library/Frameworks/_LocationEssentials.framework/Versions/A/_LocationEssentials
dyld[47872]: <6DB9D3C0-C6E8-34F1-BECE-E13E769A8FDB> /usr/lib/liblzma.5.dylib
dyld[47872]: <69865F9B-6DB8-3638-8A23-072E1E349C72> /System/Library/Frameworks/Accelerate.framework/Versions/A/Accelerate
dyld[47872]: <0542EA91-C289-3EEB-A7BD-E3FDC5F48622> /System/Library/PrivateFrameworks/MobileKeyBag.framework/Versions/A/MobileKeyBag
dyld[47872]: <504121FD-73F2-3024-93D0-E8A7C806E94B> /System/Library/PrivateFrameworks/InternationalTextSearch.framework/Versions/A/InternationalTextSearch
dyld[47872]: <6DD8264D-A08C-3E81-A4DC-DF6F92BDE42B> /System/Library/PrivateFrameworks/SoftwareUpdateCoreSupport.framework/Versions/A/SoftwareUpdateCoreSupport
dyld[47872]: <BE013477-FD5C-36B1-9127-66C2080DE35E> /System/Library/PrivateFrameworks/SoftwareUpdateCoreConnect.framework/Versions/A/SoftwareUpdateCoreConnect
dyld[47872]: <B9FE5420-1BC3-3001-ACAF-2E917BFFBDD0> /System/Library/PrivateFrameworks/RemoteServiceDiscovery.framework/Versions/A/RemoteServiceDiscovery
dyld[47872]: <135C2628-BD95-3432-8D97-32C8FDABD1E3> /System/Library/PrivateFrameworks/MSUDataAccessor.framework/Versions/A/MSUDataAccessor
dyld[47872]: <7817458F-E833-3825-A04B-03A79AD8739B> /usr/lib/libbootpolicy.dylib
dyld[47872]: <ED17CD59-DDEC-3BDE-9267-201A02407BAD> /System/Library/PrivateFrameworks/RemoteXPC.framework/Versions/A/RemoteXPC
dyld[47872]: <A1DBFEC9-D0A6-3B2E-99D2-EC6B5B9B960D> /usr/lib/libFDR.dylib
dyld[47872]: <A73B43E8-985F-3BB1-AD2B-DAF39BFF4E95> /usr/lib/libamsupport.dylib
dyld[47872]: <2C923B2B-EB1C-3FD1-8272-4AD141AEE322> /usr/lib/libReverseProxyDevice.dylib
dyld[47872]: <A1751466-FD99-3C13-9DAE-8EE39A575C75> /System/Library/PrivateFrameworks/AppleDeviceQuerySupport.framework/Versions/A/AppleDeviceQuerySupport
dyld[47872]: <6B2536A0-FB99-3B72-BF72-C8A230F76C2F> /usr/lib/libpartition2_dynamic.dylib
dyld[47872]: <50A785A8-C474-3A6D-A6CB-DFD2D0E93B43> /System/Library/PrivateFrameworks/AppleSauce.framework/Versions/A/AppleSauce
dyld[47872]: <4C0A66D2-B313-3A88-B438-3B2FBAFD7994> /usr/lib/libAppleArchive.dylib
dyld[47872]: <F8B99793-2A42-3B06-A92E-C84D8679459A> /usr/lib/libbz2.1.0.dylib
dyld[47872]: <87180846-15A0-3AE6-9375-8986922E7704> /System/Library/Frameworks/Accelerate.framework/Versions/A/Frameworks/vImage.framework/Versions/A/vImage
dyld[47872]: <F9DA17B8-BF0E-3D0E-8D51-8895A09E76CA> /System/Library/Frameworks/Accelerate.framework/Versions/A/Frameworks/vecLib.framework/Versions/A/vecLib
dyld[47872]: <E5B95953-1269-352C-B085-3BC6406E41D9> /System/Library/Frameworks/Accelerate.framework/Versions/A/Frameworks/vecLib.framework/Versions/A/libvMisc.dylib
dyld[47872]: <C127566F-507D-3087-8945-973441413016> /System/Library/Frameworks/Accelerate.framework/Versions/A/Frameworks/vImage.framework/Versions/A/Libraries/libCGInterfaces.dylib
dyld[47872]: <48BF39E9-074A-3BD8-80DD-DEB901859383> /System/Library/PrivateFrameworks/AccelerateGPU.framework/Versions/A/AccelerateGPU
dyld[47872]: <B8AEEB6D-A458-37C3-B22A-99C768B155EA> /System/Library/Frameworks/Accelerate.framework/Versions/A/Frameworks/vecLib.framework/Versions/A/libBLAS.dylib
dyld[47872]: <305A0A92-364D-3C8B-8BC4-DAE07A4E2918> /System/Library/Frameworks/ApplicationServices.framework/Versions/A/ApplicationServices
dyld[47872]: <9C44ABC3-19CD-32AB-A7AA-098813317900> /System/Library/Frameworks/CoreVideo.framework/Versions/A/CoreVideo
dyld[47872]: <96471F96-B3C6-3783-B8BB-17C1E48C46B7> /System/Library/Frameworks/ColorSync.framework/Versions/A/ColorSync
dyld[47872]: <22A4F922-8523-396D-AD9B-DA6FF15DA432> /System/Library/Frameworks/CoreText.framework/Versions/A/CoreText
dyld[47872]: <0CD49F9D-A8E2-303D-98A7-7E9602B00B90> /System/Library/Frameworks/ImageIO.framework/Versions/A/ImageIO
dyld[47872]: <63A93F8B-EBA5-37CF-A171-7B220B8C6A70> /System/Library/Frameworks/ApplicationServices.framework/Versions/A/Frameworks/ATS.framework/Versions/A/ATS
dyld[47872]: <0B0164B2-3069-3AF2-B2C5-8A5F1E81BFD6> /System/Library/Frameworks/ApplicationServices.framework/Versions/A/Frameworks/HIServices.framework/Versions/A/HIServices
dyld[47872]: <395625EB-39F6-392B-88CB-C8679C3A844C> /System/Library/Frameworks/ApplicationServices.framework/Versions/A/Frameworks/PrintCore.framework/Versions/A/PrintCore
dyld[47872]: <2CC38837-4DB6-3BBB-A3C9-75D083BD5C61> /System/Library/Frameworks/ApplicationServices.framework/Versions/A/Frameworks/QD.framework/Versions/A/QD
dyld[47872]: <7E09AC41-9944-3061-BC9A-23B6F977BE3A> /System/Library/Frameworks/ApplicationServices.framework/Versions/A/Frameworks/ColorSyncLegacy.framework/Versions/A/ColorSyncLegacy
dyld[47872]: <26B44C48-BC70-38A8-AAF1-7EC18393E11F> /System/Library/Frameworks/ApplicationServices.framework/Versions/A/Frameworks/SpeechSynthesis.framework/Versions/A/SpeechSynthesis
dyld[47872]: <898384F5-D43B-3BCA-8383-3039E80CFA6D> /System/Library/PrivateFrameworks/SkyLight.framework/Versions/A/SkyLight
dyld[47872]: <27A05596-EDE4-3576-B061-D68EB1B6CAD5> /System/Library/PrivateFrameworks/FontServices.framework/libFontParser.dylib
dyld[47872]: <0C76F3C5-CD3B-3837-BAEB-0226751512F6> /System/Library/PrivateFrameworks/BaseBoard.framework/Versions/A/BaseBoard
dyld[47872]: <35DD2B0B-E814-3C04-89AE-04EB53AB64B2> /System/Library/PrivateFrameworks/BoardServices.framework/Versions/A/BoardServices
dyld[47872]: <822C92A9-C200-3DF8-A48F-04F6FC444EA2> /System/Library/PrivateFrameworks/BackBoardServices.framework/Versions/A/BackBoardServices
dyld[47872]: <83EA7238-159B-3156-8F5D-D84E4D94FAD2> /System/Library/PrivateFrameworks/BackBoardHIDEventFoundation.framework/Versions/A/BackBoardHIDEventFoundation
dyld[47872]: <197CDF27-438E-3EB7-BC35-0C466CCF17CD> /System/Library/Frameworks/CoreDisplay.framework/Versions/A/CoreDisplay
dyld[47872]: <586DC60D-A727-38F7-9156-CC98E30F284D> /System/Library/Frameworks/VideoToolbox.framework/Versions/A/VideoToolbox
dyld[47872]: <7835C05F-D662-38A0-83A8-CA317D2C915B> /System/Library/Frameworks/MetalPerformanceShaders.framework/Versions/A/MetalPerformanceShaders
dyld[47872]: <3B0EC42B-483E-3B2E-9320-4CB6664A302B> /System/Library/PrivateFrameworks/ProDisplayLibrary.framework/Versions/A/ProDisplayLibrary
dyld[47872]: <A4FA1F92-D834-3716-89C5-F0B7C0609744> /System/Library/PrivateFrameworks/IOSurfaceAccelerator.framework/Versions/A/IOSurfaceAccelerator
dyld[47872]: <E62B6554-CA42-3D79-B048-C5F6DEFA20CC> /System/Library/Frameworks/Metal.framework/Versions/A/Metal
dyld[47872]: <61E0BB2C-2B28-3B5A-8548-B2C19521DCAD> /System/Library/PrivateFrameworks/IOAccelerator.framework/Versions/A/IOAccelerator
dyld[47872]: <8149A6D5-5D34-3DE8-9F49-0C13EBA54A00> /System/Library/Frameworks/CoreMedia.framework/Versions/A/CoreMedia
dyld[47872]: <312C79A8-E961-3646-8528-3FC190FAAEA3> /System/Library/PrivateFrameworks/TCC.framework/Versions/A/TCC
dyld[47872]: <C3A8BEDA-D443-3239-93BC-1F77D6307526> /System/Library/PrivateFrameworks/WatchdogClient.framework/Versions/A/WatchdogClient
dyld[47872]: <F1BA3189-E95A-3ECA-B59A-5A6872754484> /System/Library/Frameworks/QuartzCore.framework/Versions/A/QuartzCore
dyld[47872]: <9A09DE9B-0772-325A-BBA2-8164DAB189BE> /System/Library/PrivateFrameworks/MultitouchSupport.framework/Versions/A/MultitouchSupport
dyld[47872]: <DDA5A4B3-59E6-319C-8061-FEFD39ADC8C7> /usr/lib/swift/libswiftAccelerate.dylib
dyld[47872]: <EFBE5ADA-3929-35CF-988E-7AED8B7FDE51> /usr/lib/swift/libswiftCoreAudio.dylib
dyld[47872]: <D1491CD7-17C3-36DB-8775-211B2F22C80F> /usr/lib/swift/libswiftCoreMedia.dylib
dyld[47872]: <10BCDD43-C5E6-38BF-99CA-54B6AD7A3EEA> /usr/lib/swift/libswiftMetal.dylib
dyld[47872]: <57A2CE5E-DAC3-35D2-9BED-6188DF518B70> /usr/lib/swift/libswiftOSLog.dylib
dyld[47872]: <C348816E-C511-356C-830B-5F690FA3AA69> /usr/lib/swift/libswiftQuartzCore.dylib
dyld[47872]: <D02B3C6D-7F89-3910-B160-7339E13B7778> /usr/lib/swift/libswiftUniformTypeIdentifiers.dylib
dyld[47872]: <E0458D1A-E650-3E6B-99A1-1882CC4A159A> /usr/lib/swift/libswiftVideoToolbox.dylib
dyld[47872]: <F83F1836-73D8-3B30-A8C4-FED0DA5E8CEC> /usr/lib/swift/libswiftsimd.dylib
dyld[47872]: <9A1B7F95-CF13-3127-85D4-9AAF491AF821> /System/Library/PrivateFrameworks/BiomeStorage.framework/Versions/A/BiomeStorage
dyld[47872]: <5DA57389-B626-3B6E-89E3-C724B0468F10> /System/Library/PrivateFrameworks/IntelligencePlatformLibrary.framework/Versions/A/IntelligencePlatformLibrary
dyld[47872]: <2E3DEAB0-737E-3412-9437-32EDB3086EA3> /System/Library/PrivateFrameworks/PoirotSchematizer.framework/Versions/A/PoirotSchematizer
dyld[47872]: <6D9F3228-2B0C-36ED-B43E-BC4148212971> /System/Library/PrivateFrameworks/BiomeSync.framework/Versions/A/BiomeSync
dyld[47872]: <D25EE534-F145-3A91-B92E-2BBDE76BB0B1> /System/Library/PrivateFrameworks/BiomeDSL.framework/Versions/A/BiomeDSL
dyld[47872]: <BC98F8FE-E39A-31DC-B2BB-F129D1352E1E> /System/Library/PrivateFrameworks/FeatureFlags.framework/Versions/A/FeatureFlags
dyld[47872]: <4B0C858E-68AE-32CF-8F62-B44B1838BBB6> /System/Library/PrivateFrameworks/PoirotUDFs.framework/Versions/A/PoirotUDFs
dyld[47872]: <866DBB51-99DA-38A9-A712-4E26BB5A5CE0> /usr/lib/swift/libswift_DarwinFoundation2.dylib
dyld[47872]: <995CB65C-A58D-38B3-A271-917FDB9F8C57> /usr/lib/swift/libswift_DarwinFoundation3.dylib
dyld[47872]: <89179061-46AF-3E0C-8F03-FF9F5ACEE211> /System/Library/PrivateFrameworks/CoreTime.framework/Versions/A/CoreTime
dyld[47872]: <2D429111-B58B-365E-8D8D-68DA82D20589> /usr/lib/libiconv.2.dylib
dyld[47872]: <7704B548-DB2D-3468-B301-82E8F026DDCE> /usr/lib/libcharset.1.dylib
dyld[47872]: <07B78F81-0131-32DA-9961-316C1C248338> /System/Library/PrivateFrameworks/PoirotSQLite.framework/Versions/A/PoirotSQLite
dyld[47872]: <6BA1B88C-B16D-3296-9322-F98613487F18> /usr/lib/swift/libswift_RegexParser.dylib
dyld[47872]: <327752A7-9364-352C-B3FD-79457DC3145C> /System/Library/PrivateFrameworks/CascadeSets.framework/Versions/A/CascadeSets
dyld[47872]: <39D6BD21-AFD7-3068-B747-B94A5D9F1C27> /System/Library/PrivateFrameworks/CorePhoneNumbers.framework/Versions/A/CorePhoneNumbers
dyld[47872]: <72E56855-8FE6-3262-9A11-B2F475119A93> /System/Library/PrivateFrameworks/AppleJPEG.framework/Versions/A/AppleJPEG
dyld[47872]: <6D02979F-089C-3FF7-B3EA-939E8810EDE7> /usr/lib/libexpat.1.dylib
dyld[47872]: <5855ECAC-2298-3B0A-A859-9E643E12010D> /System/Library/Frameworks/ImageIO.framework/Versions/A/Resources/libPng.dylib
dyld[47872]: <2E5FD6A0-0646-3F84-84A8-09F2BD58C56D> /System/Library/Frameworks/ImageIO.framework/Versions/A/Resources/libTIFF.dylib
dyld[47872]: <A4D144D0-C3D8-3BB6-962F-FDBC6DACC105> /System/Library/Frameworks/ImageIO.framework/Versions/A/Resources/libGIF.dylib
dyld[47872]: <FCBA3CD1-64C8-3BE1-AB50-450070167FA3> /System/Library/Frameworks/ImageIO.framework/Versions/A/Resources/libJP2.dylib
dyld[47872]: <8331A311-1C3F-37E5-A6FB-74FEB6D31D57> /usr/lib/libate.dylib
dyld[47872]: <30EA44B1-2A44-3415-A1B6-DD0ED2B7B306> /System/Library/Frameworks/ImageIO.framework/Versions/A/Resources/libJPEG.dylib
dyld[47872]: <2C186C82-66E0-369C-B2D4-1815FAB8AFB3> /System/Library/Frameworks/ImageIO.framework/Versions/A/Resources/libRadiance.dylib
dyld[47872]: <0E239D6E-4F69-3A3C-8F10-207AB9E53626> /System/Library/PrivateFrameworks/GPUCompiler.framework/Versions/32023/Libraries/libllvm-flatbuffers.dylib
dyld[47872]: <E0E4527F-02A1-3B8E-BC59-50596B14C725> /System/Library/PrivateFrameworks/FramePacing.framework/Versions/A/FramePacing
dyld[47872]: <A7E06810-96A7-320B-90FF-41FEC8996481> /System/Library/Frameworks/OpenGL.framework/Versions/A/Libraries/libCoreFSCache.dylib
dyld[47872]: <54727168-9032-3AF7-B571-3A52A508B761> /System/Library/PrivateFrameworks/GPUCompiler.framework/Versions/32023/Libraries/libGPUCompilerUtils.dylib
dyld[47872]: <3877C6C1-2A1C-3971-A39B-BFBCBD2316E4> /System/Library/PrivateFrameworks/GraphicsServices.framework/Versions/A/GraphicsServices
dyld[47872]: <4441E600-26A0-3A7E-A20A-4A4F239AA0D0> /System/Library/Frameworks/OpenGL.framework/Versions/A/OpenGL
dyld[47872]: <D7A8D43B-01FB-363F-9E04-E3AE9712247B> /System/Library/Frameworks/OpenGL.framework/Versions/A/Libraries/libGLU.dylib
dyld[47872]: <82D99F0A-0AE0-3187-AED3-F8EA8602892E> /System/Library/Frameworks/OpenGL.framework/Versions/A/Libraries/libGFXShared.dylib
dyld[47872]: <0467762E-9A84-3C53-B0F4-CA179E29A8CE> /System/Library/Frameworks/OpenGL.framework/Versions/A/Libraries/libGL.dylib
dyld[47872]: <CF163ACB-2E12-3036-AFBE-AAEC42E32A95> /System/Library/Frameworks/OpenGL.framework/Versions/A/Libraries/libGLImage.dylib
dyld[47872]: <DCF9371C-4D04-3524-B0A0-0E0A93183BFB> /System/Library/Frameworks/OpenGL.framework/Versions/A/Libraries/libCVMSPluginSupport.dylib
dyld[47872]: <9879D439-C0AD-3A93-9050-4C0AE6C7DD07> /System/Library/Frameworks/OpenGL.framework/Versions/A/Libraries/libCoreVMClient.dylib
dyld[47872]: <FB88FA95-68C1-3573-B8A4-815488BDA4E6> /System/Library/PrivateFrameworks/GPUWrangler.framework/Versions/A/GPUWrangler
dyld[47872]: <60E38601-35DB-3D90-80C0-BB19848CFED7> /System/Library/PrivateFrameworks/IOPresentment.framework/Versions/A/IOPresentment
dyld[47872]: <F5D64A73-D6D9-380E-BF44-10544E2465B6> /System/Library/PrivateFrameworks/DSExternalDisplay.framework/Versions/A/DSExternalDisplay
dyld[47872]: <9FD68D8C-8D94-32D2-A41C-97A66C2E4BB6> /System/Library/PrivateFrameworks/VideoToolboxParavirtualizationSupport.framework/Versions/A/VideoToolboxParavirtualizationSupport
dyld[47872]: <7EB7686D-74B9-385B-A60F-25F9C97AD46B> /System/Library/PrivateFrameworks/AppleVA.framework/Versions/A/AppleVA
dyld[47872]: <1E88A46B-6D6B-3648-968B-01532612E28C> /System/Library/Frameworks/ExtensionFoundation.framework/Versions/A/ExtensionFoundation
dyld[47872]: <7AEF5F35-87FB-36B6-9347-BFB7DE09B133> /System/Library/PrivateFrameworks/CMCaptureCore.framework/Versions/A/CMCaptureCore
dyld[47872]: <866F4ACD-D94B-3BD7-8B90-573A51A8CEDF> /usr/lib/libspindump.dylib
dyld[47872]: <2E3313F7-C583-3D6C-A88B-37AF8B4C56F0> /System/Library/Frameworks/CoreAudio.framework/Versions/A/CoreAudio
dyld[47872]: <D54F06FB-C477-3A05-9C9F-A02CF013F926> /System/Library/PrivateFrameworks/AppServerSupport.framework/Versions/A/AppServerSupport
dyld[47872]: <8BDF1C32-455B-3FEF-A6E4-ECD49074CA07> /System/Library/PrivateFrameworks/perfdata.framework/Versions/A/perfdata
dyld[47872]: <71BD1CD7-CD33-3689-9EFF-12FAD75B97E5> /System/Library/PrivateFrameworks/AudioDSPGraph.framework/Versions/A/AudioDSPGraph
dyld[47872]: <668AAB07-F503-3EB4-A382-F01FB60269FB> /System/Library/PrivateFrameworks/AudioToolboxCore.framework/Versions/A/AudioToolboxCore
dyld[47872]: <725DE236-E4BB-34E0-A155-46A974629A81> /System/Library/PrivateFrameworks/caulk.framework/Versions/A/caulk
dyld[47872]: <573E42C2-BB6F-3E6C-BA4C-A7689728B174> /usr/lib/libAudioStatistics.dylib
dyld[47872]: <99C955D1-07A3-3FE9-922A-BC678E2EA454> /System/Library/PrivateFrameworks/SystemPolicy.framework/Versions/A/SystemPolicy
dyld[47872]: <08EEC0C2-F56C-3BB9-992A-160E5AAAEB56> /usr/lib/libSMC.dylib
dyld[47872]: <5491E4A8-56A3-3EBC-AC8E-B2D69CB34E32> /usr/lib/swift/libswiftCoreMIDI.dylib
dyld[47872]: <29F750A3-0A23-3C21-8C79-4A2D22F7BE8B> /System/Library/Frameworks/CoreMIDI.framework/Versions/A/CoreMIDI
dyld[47872]: <E83E83E4-F6D9-36B1-A7C8-1391F6E5D4E7> /usr/lib/libAudioToolboxUtility.dylib
dyld[47872]: <0D2BC538-CE70-3EFD-B277-6B12CEED8EC7> /usr/lib/libperfcheck.dylib
dyld[47872]: <AAD9FBE3-5777-3ED9-930F-1B5F492CDFA6> /System/Library/PrivateFrameworks/AudioAnalytics.framework/Versions/A/AudioAnalytics
dyld[47872]: <BFBCF2EC-4BC5-3941-AE6B-3F5BEF2C2296> /System/Library/Frameworks/OSLog.framework/Versions/A/OSLog
dyld[47872]: <C6FCA282-6ABB-38D2-9683-C6A229CCD92B> /System/Library/PrivateFrameworks/OSEligibility.framework/Versions/A/OSEligibility
dyld[47872]: <D170449C-D007-358E-A189-0CAA6CF8D01F> /System/Library/PrivateFrameworks/IconServices.framework/Versions/A/IconServices
dyld[47872]: <FAF6A95A-EDAC-3CEF-AE8A-44C9A4C12AA2> /System/Library/Frameworks/LightweightCodeRequirements.framework/Versions/A/LightweightCodeRequirements
dyld[47872]: <0F0E3B26-14CC-3248-B8FC-F55458E643C1> /System/Library/PrivateFrameworks/PlugInKit.framework/Versions/A/PlugInKit
dyld[47872]: <5F47F3F1-ADF5-35A7-8ADF-9C850F05C96E> /System/Library/PrivateFrameworks/AssertionServices.framework/Versions/A/AssertionServices
dyld[47872]: <4575E49F-BCA8-34CC-8027-BCE51ACDB678> /System/Library/PrivateFrameworks/IconFoundation.framework/Versions/A/IconFoundation
dyld[47872]: <55C4846B-FB15-31BB-81A1-FE1EE773650D> /System/Library/PrivateFrameworks/AssistantServices.framework/Versions/A/AssistantServices
dyld[47872]: <F4165CF9-0759-306E-8253-D5A316F8C87C> /System/Library/PrivateFrameworks/IconRendering.framework/Versions/A/IconRendering
dyld[47872]: <4866A12C-9F52-3ECE-A0C4-55F9E0FD065C> /System/Library/PrivateFrameworks/CoreUI.framework/Versions/A/CoreUI
dyld[47872]: <0B0C1F98-570E-38B6-A749-5A2239DCB0B7> /System/Library/Frameworks/CoreImage.framework/Versions/A/CoreImage
dyld[47872]: <262D0D2A-7A75-3343-AEB9-1294F6DC8118> /System/Library/PrivateFrameworks/SFSymbols.framework/Versions/A/SFSymbols
dyld[47872]: <CB99B5A9-3254-3174-A216-CCE7299B7E49> /System/Library/Frameworks/DeveloperToolsSupport.framework/Versions/A/DeveloperToolsSupport
dyld[47872]: <F7ECFEE8-BD23-380C-B96F-D1C588B8E735> /System/Library/PrivateFrameworks/RenderBox.framework/Versions/A/RenderBox
dyld[47872]: <3F803C87-C3A7-3DF6-B51B-8AADBFEC915C> /System/Library/PrivateFrameworks/CoreSVG.framework/Versions/A/CoreSVG
dyld[47872]: <2EA07A48-1ADC-3A77-9A3A-596142804F26> /System/Library/PrivateFrameworks/TextureIO.framework/Versions/A/TextureIO
dyld[47872]: <804A03E9-5942-312F-A1AA-8638FD385C1C> /usr/lib/swift/libswiftCoreImage.dylib
dyld[47872]: <BCE53558-0DC1-3670-8AD8-00315C2C7A8B> /System/Library/PrivateFrameworks/GraphVisualizer.framework/Versions/A/GraphVisualizer
dyld[47872]: <76B6A89A-771D-3946-8628-2DECF6188233> /System/Library/PrivateFrameworks/FontServices.framework/Versions/A/FontServices
dyld[47872]: <3CBB2906-8FEF-300A-8F84-1A61263AAB2C> /System/Library/PrivateFrameworks/OTSVG.framework/Versions/A/OTSVG
dyld[47872]: <2E43B513-D03C-3AE1-81C4-7B2ADBB6369E> /System/Library/Frameworks/ApplicationServices.framework/Versions/A/Frameworks/ATS.framework/Versions/A/Resources/libFontRegistry.dylib
dyld[47872]: <D0AD39A1-B981-345D-A8AE-F4DD33ACD224> /usr/lib/libhvf.dylib
dyld[47872]: <DC0A782B-37B2-3DB2-929B-C355C657DBA0> /System/Library/PrivateFrameworks/ParsingInternal.framework/Versions/A/ParsingInternal
dyld[47872]: <749892C3-5510-33F1-A268-8C2EBCAA0F35> /System/Library/PrivateFrameworks/FontServices.framework/libXTFontStaticRegistryData.dylib
dyld[47872]: <1C8768D1-ADC9-32F8-9B19-75F5B361342C> /System/Library/Frameworks/MetalPerformanceShaders.framework/Versions/A/Frameworks/MPSCore.framework/Versions/A/MPSCore
dyld[47872]: <C36504AE-AF4B-3BBB-B4C4-2AF4E3180B9C> /System/Library/Frameworks/MetalPerformanceShaders.framework/Versions/A/Frameworks/MPSImage.framework/Versions/A/MPSImage
dyld[47872]: <16ECC4C3-132A-3566-BA81-3A9857E6ECA3> /System/Library/Frameworks/MetalPerformanceShaders.framework/Versions/A/Frameworks/MPSNeuralNetwork.framework/Versions/A/MPSNeuralNetwork
dyld[47872]: <306ACCB4-2F1F-3292-87FD-0E65488119D9> /System/Library/Frameworks/MetalPerformanceShaders.framework/Versions/A/Frameworks/MPSMatrix.framework/Versions/A/MPSMatrix
dyld[47872]: <E53B1901-AED1-3258-9EBD-06F0A617F8CC> /System/Library/Frameworks/MetalPerformanceShaders.framework/Versions/A/Frameworks/MPSRayIntersector.framework/Versions/A/MPSRayIntersector
dyld[47872]: <EE7ACF8A-08BA-38FB-BAF9-A041B5C1647F> /System/Library/Frameworks/MetalPerformanceShaders.framework/Versions/A/Frameworks/MPSNDArray.framework/Versions/A/MPSNDArray
dyld[47872]: <BF31F15F-31CD-395D-AC73-4184B3B369BA> /System/Library/Frameworks/MetalPerformanceShaders.framework/Versions/A/Frameworks/MPSFunctions.framework/Versions/A/MPSFunctions
dyld[47872]: <64E0C8EB-73F2-3B9F-BA62-5011816127E5> /System/Library/Frameworks/MetalPerformanceShaders.framework/Versions/A/Frameworks/MPSBenchmarkLoop.framework/Versions/A/MPSBenchmarkLoop
dyld[47872]: <017CF55F-3554-395F-96CE-3162C11DF459> /System/Library/Frameworks/MetalPerformanceShaders.framework/Versions/A/Frameworks/MPSHost.framework/Versions/A/MPSHost
dyld[47872]: <828164D8-1D9C-3284-BEB6-94E4A14D789F> /System/Library/PrivateFrameworks/MetalTools.framework/Versions/A/MetalTools
dyld[47872]: <818ED21F-78B0-35A6-8759-A7ECABF2BFC8> /System/Library/PrivateFrameworks/IOAccelMemoryInfo.framework/Versions/A/IOAccelMemoryInfo
dyld[47872]: <983D9B3D-E395-3028-A6C5-53A3A18B6604> /System/Library/PrivateFrameworks/kperf.framework/Versions/A/kperf
dyld[47872]: <F8E5C533-6122-3B5D-B88A-A47C32109A9A> /System/Library/PrivateFrameworks/GPURawCounter.framework/Versions/A/GPURawCounter
dyld[47872]: <1DB46CCA-B13C-3959-BC00-924F576CB767> /System/Library/PrivateFrameworks/ASEProcessing.framework/Versions/A/ASEProcessing
dyld[47872]: <4102CB7D-49E9-345A-A779-3AE810B87268> /System/Library/PrivateFrameworks/Symbolication.framework/Versions/A/Symbolication
dyld[47872]: <1D4A69BF-58CF-3D49-A5FE-060A6882656F> /System/Library/PrivateFrameworks/PhotosensitivityProcessing.framework/Versions/A/PhotosensitivityProcessing
dyld[47872]: <AE03A46C-9FB6-374D-B37E-9718D375A651> /System/Library/PrivateFrameworks/SILManager.framework/Versions/A/SILManager
dyld[47872]: <330E7EFA-BC89-312E-BCB8-7B1DF5D9DE3A> /System/Library/PrivateFrameworks/CoreSymbolication.framework/Versions/A/CoreSymbolication
dyld[47872]: <8719F16D-7F55-3975-998C-06005D5DDC68> /System/Library/PrivateFrameworks/MallocStackLogging.framework/Versions/A/MallocStackLogging
dyld[47872]: <9B8E1A80-3FE3-39C1-A2FD-47BA6DFA959D> /System/Library/PrivateFrameworks/DebugSymbols.framework/Versions/A/DebugSymbols
dyld[47872]: <D89BF7AA-5A74-3F60-B20C-8250BD62F6B4> /System/Library/PrivateFrameworks/OSAnalytics.framework/Versions/A/OSAnalytics
dyld[47872]: <34A24CD5-073C-3E55-8D5F-83818DFCB057> /System/Library/PrivateFrameworks/DeviceRecovery.framework/Versions/A/DeviceRecovery
dyld[47872]: <5BD8491A-8C15-3964-9B0F-B1C9369DC3FC> /System/Library/PrivateFrameworks/Tightbeam.framework/Versions/A/Tightbeam
dyld[47872]: <B5EAFB22-7AE0-343B-95BB-7BB58955A702> /usr/lib/swift/libswiftCompression.dylib
dyld[47872]: <5F0A0B0B-7997-351F-99D8-0517689BBABD> /System/Library/PrivateFrameworks/AFKUser.framework/Versions/A/AFKUser
dyld[47872]: <CA3F2D29-2FCB-3DF4-ADA9-94072A8A6CBD> /System/Library/Frameworks/ApplicationServices.framework/Versions/A/Frameworks/ATSUI.framework/Versions/A/ATSUI
dyld[47872]: <85AB42E3-076F-3B68-ACCF-98625AA5E3D9> /System/Library/PrivateFrameworks/SAObjects.framework/Versions/A/SAObjects
dyld[47872]: <A329E39B-D87D-356B-AA05-3A30CC0DBEEF> /System/Library/Frameworks/AudioToolbox.framework/Versions/A/AudioToolbox
dyld[47872]: <459BA19D-9D3F-32BB-9BE4-176D95B85BCF> /System/Library/PrivateFrameworks/MediaRemote.framework/Versions/A/MediaRemote
dyld[47872]: <DCCDD83A-C276-3DD3-8F2E-6D3B899BB586> /System/Library/Frameworks/UserNotifications.framework/Versions/A/UserNotifications
dyld[47872]: <F12A1855-5F99-3D8A-AA13-23CA64268CD7> /System/Library/PrivateFrameworks/SiriInstrumentation.framework/Versions/A/SiriInstrumentation
dyld[47872]: <10891579-226D-3750-91A9-D98D111EA3BA> /System/Library/PrivateFrameworks/SiriAnalytics.framework/Versions/A/SiriAnalytics
dyld[47872]: <0C21B87C-6478-362B-AF45-D3A1D4A83FCF> /System/Library/PrivateFrameworks/SiriTTSService.framework/Versions/A/SiriTTSService
dyld[47872]: <5D8E0ADB-8A76-34C1-92D6-AF35C7EA73CF> /System/Library/PrivateFrameworks/SiriCrossDeviceArbitration.framework/Versions/A/SiriCrossDeviceArbitration
dyld[47872]: <784C4442-B822-3412-AF09-A1E753DDFFA3> /System/Library/PrivateFrameworks/FeedbackLogger.framework/Versions/A/FeedbackLogger
dyld[47872]: <760531A3-5E19-39C5-84B1-A445B2A50129> /System/Library/PrivateFrameworks/FaceTimeNameUtility.framework/Versions/A/FaceTimeNameUtility
dyld[47872]: <033D0C7B-216E-3D54-AD8C-B83BDE9B4F2D> /System/Library/PrivateFrameworks/AuthKit.framework/Versions/A/AuthKit
dyld[47872]: <D04C8621-DE39-35FD-9351-1627B71F02DC> /System/Library/PrivateFrameworks/SiriCrossDeviceArbitrationFeedback.framework/Versions/A/SiriCrossDeviceArbitrationFeedback
dyld[47872]: <E410F3F8-843C-3FCA-968C-3C864D829AF2> /usr/lib/swift/libswiftCoreLocation.dylib
dyld[47872]: <373189AA-6180-34D7-BA84-6BE401E4E1B9> /usr/lib/swift/libswiftAVFoundation.dylib
dyld[47872]: <3E7267BC-3D63-3785-8279-A8823C9C758F> /System/Library/PrivateFrameworks/UIKitServices.framework/Versions/A/UIKitServices
dyld[47872]: <83745C57-DE3B-394D-A83A-D71C79F3A8B9> /System/Library/PrivateFrameworks/UnifiedAssetFramework.framework/Versions/A/UnifiedAssetFramework
dyld[47872]: <5FEF75E9-F1DD-3FA9-A8B0-81277371B8FC> /System/Library/PrivateFrameworks/AudioSession.framework/Versions/A/AudioSession
dyld[47872]: <FA90EFCA-B936-357B-BF18-16A0FB34B9E9> /System/Library/PrivateFrameworks/MediaExperience.framework/Versions/A/MediaExperience
dyld[47872]: <BBC3CD71-264B-3C66-A2C0-5D4D266256EA> /System/Library/PrivateFrameworks/AudioSession.framework/libSessionUtility.dylib
dyld[47872]: <DD4B10E2-D4D6-3490-A745-33527E18CAAA> /System/Library/PrivateFrameworks/AudioAccessoryServices.framework/Versions/A/AudioAccessoryServices
dyld[47872]: <E3CE1636-EE20-35AF-B55A-F42B7B266EA4> /System/Library/Frameworks/CoreBluetooth.framework/Versions/A/CoreBluetooth
dyld[47872]: <51458515-C89E-317A-850D-182764F322EE> /System/Library/PrivateFrameworks/CoreUtils.framework/Versions/A/CoreUtils
dyld[47872]: <C9A86813-25EE-3439-8F66-A83F1A5015EC> /System/Library/PrivateFrameworks/HID.framework/Versions/A/HID
dyld[47872]: <F1FB23C7-7BB9-3B7C-87A2-7CA7F343ED61> /System/Library/PrivateFrameworks/Sharing.framework/Versions/A/Sharing
dyld[47872]: <D18AF20A-1BF0-383C-9E97-96CDCECE07A7> /System/Library/PrivateFrameworks/CoreUtilsExtras.framework/Versions/A/CoreUtilsExtras
dyld[47872]: <5A300AF2-96D7-3A85-ACA6-9084A7C40C6D> /System/Library/PrivateFrameworks/IO80211.framework/Versions/A/IO80211
dyld[47872]: <963A1CA0-DEBD-3341-81A2-DB5B34283C7B> /System/Library/PrivateFrameworks/IDSFoundation.framework/Versions/A/IDSFoundation
dyld[47872]: <8F99AE0B-A693-349F-8904-B70ECB1C86AA> /System/Library/PrivateFrameworks/Apple80211.framework/Versions/A/Apple80211
dyld[47872]: <9C05D8FD-3F10-3476-8A3C-501966EA13D2> /System/Library/Frameworks/CoreWLAN.framework/Versions/A/CoreWLAN
dyld[47872]: <604B1733-3682-3AF6-9F07-C85C999F3131> /System/Library/Frameworks/IOBluetooth.framework/Versions/A/IOBluetooth
dyld[47872]: <F11740D9-FE8D-38B3-99A9-666EE022F7A7> /usr/lib/swift/libswiftRegexBuilder.dylib
dyld[47872]: <1F2E4950-8060-35D0-B598-D2196F2728B3> /System/Library/PrivateFrameworks/IMFoundation.framework/Versions/A/IMFoundation
dyld[47872]: <462A888C-46C7-324A-8A18-4053C6CB2961> /System/Library/PrivateFrameworks/Marco.framework/Versions/A/Marco
dyld[47872]: <736A1792-0123-3722-822B-495B27044953> /System/Library/PrivateFrameworks/CommonUtilities.framework/Versions/A/CommonUtilities
dyld[47872]: <E78D4693-B886-3DE1-A029-497B47261DA3> /System/Library/PrivateFrameworks/Engram.framework/Versions/A/Engram
dyld[47872]: <1ACD9883-DEC9-3AF0-9E28-B11F4E1DC3F9> /System/Library/PrivateFrameworks/XPCDistributed.framework/Versions/A/XPCDistributed
dyld[47872]: <AFE528E7-451E-3EE9-8E02-7693A2C391B9> /usr/lib/libtidy.A.dylib
dyld[47872]: <C579F691-0120-3BEC-9993-E3CD5F7105A3> /System/Library/PrivateFrameworks/Bom.framework/Versions/A/Bom
dyld[47872]: <82153ECE-36A2-3514-87DE-3B8A53E96727> /usr/lib/libParallelCompression.dylib
dyld[47872]: <68CCF67B-1C66-30C0-9135-00BA5B75586F> /usr/lib/libIOReport.dylib
dyld[47872]: <0D7C76A0-047B-398E-B2A8-FD4705F72E5D> /System/Library/PrivateFrameworks/WiFiPeerToPeer.framework/Versions/A/WiFiPeerToPeer
dyld[47872]: <E5FF4EE4-5A8B-3CBA-BA37-3FE6C7012B0D> /System/Library/Frameworks/SecurityFoundation.framework/Versions/A/SecurityFoundation
dyld[47872]: <E2954A31-B31C-3C9B-A7F9-12CAEC0D1D4E> /System/Library/PrivateFrameworks/Centauri.framework/Versions/A/Centauri
dyld[47872]: <65CFA8A7-E7D2-383A-9C47-D2AF8A46AA22> /System/Library/PrivateFrameworks/Lexicon.framework/Versions/A/Lexicon
dyld[47872]: <188D929F-E81D-3922-BCB4-8D34B4E75EA7> /usr/lib/libmrc.dylib
dyld[47872]: <783A3989-84DE-3340-9292-052A10B7DAD7> /System/Library/PrivateFrameworks/IPConfiguration.framework/Versions/A/IPConfiguration
dyld[47872]: <ECFD5323-6A6A-3231-B90E-57E1332B0122> /System/Library/PrivateFrameworks/Netrb.framework/Versions/A/Netrb
dyld[47872]: <A34C688D-A13A-3625-934C-801A13990594> /System/Library/PrivateFrameworks/FrontBoardServices.framework/Versions/A/FrontBoardServices
dyld[47872]: <604E97FC-C938-306C-9DBB-36B10AFFBA39> /usr/lib/libgermantok.dylib
dyld[47872]: <B5E076A6-50D6-3B48-AACD-E1FC575BDCEE> /System/Library/PrivateFrameworks/LinguisticData.framework/Versions/A/LinguisticData
dyld[47872]: <7EDD9E23-5D91-344A-812B-CFD814180C55> /System/Library/PrivateFrameworks/MultiverseSupport.framework/Versions/A/MultiverseSupport
dyld[47872]: <1AFFCA76-E71A-385E-A3C8-968CDBE9E57D> /System/Library/PrivateFrameworks/DiskManagement.framework/Versions/A/DiskManagement
dyld[47872]: <4B693927-5B0A-364E-BC11-F560B1D707FE> /System/Library/PrivateFrameworks/AppleIDAuthSupport.framework/Versions/A/AppleIDAuthSupport
dyld[47872]: <0E5752E3-313E-3B50-9FB4-DB13FECB0BD7> /System/Library/PrivateFrameworks/AAAFoundation.framework/Versions/A/AAAFoundation
dyld[47872]: <B9966194-B1A6-3ED2-98C9-0D4B49D2617E> /System/Library/PrivateFrameworks/KeychainCircle.framework/Versions/A/KeychainCircle
dyld[47872]: <5ED2FD61-010A-3627-92E8-151E71B739D8> /System/Library/PrivateFrameworks/URLFormatting.framework/Versions/A/URLFormatting
dyld[47872]: <7EE79F42-1420-301B-A9FF-2A63A4023C91> /usr/lib/libcsfde.dylib
dyld[47872]: <AA8EDD1F-E406-3164-9FB9-BB0C61256AFF> /usr/lib/libCoreStorage.dylib
dyld[47872]: <80627B52-C5CE-3DC4-A12D-D15FE46A62BA> /System/Library/PrivateFrameworks/MediaKit.framework/Versions/A/MediaKit
dyld[47872]: <4C6BBB60-2884-3DC8-9FCB-472BCD087D84> /System/Library/Frameworks/DiscRecording.framework/Versions/A/DiscRecording
dyld[47872]: <96666EFB-8A3D-30BB-950A-9DDC1DB3F59D> /System/Library/PrivateFrameworks/ProtectedCloudStorage.framework/Versions/A/ProtectedCloudStorage
dyld[47872]: <1E0D7C92-7F70-34BE-9D61-9F7F4781EBE4> /System/Library/PrivateFrameworks/EFILogin.framework/Versions/A/EFILogin
dyld[47872]: <E1A205BF-B3FB-31BF-8685-6D46BA78891E> /usr/lib/libheimdal-asn1.dylib
dyld[47872]: <E2BDB12D-C844-3770-9411-0E35049ECB5E> /System/Library/PrivateFrameworks/OctagonTrust.framework/Versions/A/OctagonTrust
dyld[47872]: <2DF001A3-1D2B-3847-A2FC-79104BDC0783> /System/Library/Frameworks/AudioUnit.framework/Versions/A/AudioUnit
dyld[47872]: <EE42062E-8EDF-332C-98C1-03464732CA4A> /System/Library/Frameworks/OpenDirectory.framework/Versions/A/OpenDirectory
dyld[47872]: <90CA166B-D72F-3584-BF0B-8797CFFA959E> /System/Library/Frameworks/OpenDirectory.framework/Versions/A/Frameworks/CFOpenDirectory.framework/Versions/A/CFOpenDirectory
dyld[47872]: <40753222-0047-3DE4-954C-5879C584A975> /System/Library/PrivateFrameworks/GeoServices.framework/Versions/A/GeoServices
dyld[47872]: <FDD11407-B7F3-331B-B53D-32081A2D1AED> /System/Library/PrivateFrameworks/LocationSupport.framework/Versions/A/LocationSupport
dyld[47872]: <23D11648-1076-3BD7-BFD5-CA4A6B9AE066> /System/Library/PrivateFrameworks/GeoServicesCore.framework/Versions/A/GeoServicesCore
dyld[47872]: <524F80A2-1ACD-3FA7-9D74-1F47697294EB> /System/Library/PrivateFrameworks/PhoneNumbers.framework/Versions/A/PhoneNumbers
dyld[47872]: <2A2AE353-0BCE-3AF5-8C2B-1B5F1F0656E7> /System/Library/PrivateFrameworks/LocationLogEncryption.framework/Versions/A/LocationLogEncryption
dyld[47872]: <CF6E08AD-C2EC-3A40-8537-0D2BDA291D31> /System/Library/Frameworks/AVFAudio.framework/Versions/A/AVFAudio
dyld[47872]: <7924633C-6200-3B69-884D-A6E5527CA4B5> /System/Library/Frameworks/AVRouting.framework/Versions/A/AVRouting
dyld[47872]: <2FFD2C50-D8C7-3D4F-AB17-10C8DDD4ECC0> /usr/lib/libAccessibility.dylib
dyld[47872]: <E47B5590-4F10-352D-806F-E1FAACE16809> /System/Library/PrivateFrameworks/MediaServices.framework/Versions/A/MediaServices
dyld[47872]: <1F5A6198-4F24-3980-A96A-DA16430B882B> /System/Library/PrivateFrameworks/IDS.framework/Versions/A/IDS
dyld[47872]: <4228A6FB-1852-34DA-A9A6-9B22346DC839> /System/Library/PrivateFrameworks/IsolatedCoreAudioClient.framework/Versions/A/IsolatedCoreAudioClient
dyld[47872]: <9B662466-E585-34C6-9A2F-38F865966314> /System/Library/PrivateFrameworks/CoreAudioOrchestration.framework/Versions/A/CoreAudioOrchestration
dyld[47872]: <BE8AD136-C9D0-3589-A37D-4A93E7646FC5> /System/Library/Frameworks/MediaToolbox.framework/Versions/A/MediaToolbox
dyld[47872]: <C024D081-EF4D-347B-B00F-08CE310BC6E6> /System/Library/PrivateFrameworks/CoreAVCHD.framework/Versions/A/CoreAVCHD
dyld[47872]: <544DDE9D-EF38-3D98-B16A-00361208DABA> /System/Library/Frameworks/MediaAccessibility.framework/Versions/A/MediaAccessibility
dyld[47872]: <1845678B-2A2E-3D8F-B05E-3D5054E40973> /System/Library/PrivateFrameworks/Mangrove.framework/Versions/A/Mangrove
dyld[47872]: <83720246-3181-37EB-AE16-01967CC80DAF> /System/Library/PrivateFrameworks/CMPhoto.framework/Versions/A/CMPhoto
dyld[47872]: <C6CCE499-C57B-3499-8BBF-B1F036A037F3> /System/Library/Frameworks/CoreTelephony.framework/Versions/A/CoreTelephony
dyld[47872]: <7C1C3A7F-6247-33D2-B4B8-375AA417817E> /System/Library/PrivateFrameworks/CoreAUC.framework/Versions/A/CoreAUC
dyld[47872]: <BF6FC404-E3BB-3740-896C-B7BF4193B547> /System/Library/PrivateFrameworks/AppleJPEGXL.framework/Versions/A/AppleJPEGXL
dyld[47872]: <3AD5EDAE-8A75-3E29-AA40-63912718CEC9> /usr/lib/libTelephonyUtilDynamic.dylib
dyld[47872]: <8A415D0E-18E7-3C99-B89D-14805F500FB0> /System/Library/Frameworks/CryptoKit.framework/Versions/A/CryptoKit
dyld[47872]: <73EA0865-BCC3-3084-A011-93CD0A55C4EF> /System/Library/PrivateFrameworks/CryptoKitCBridging.framework/Versions/A/CryptoKitCBridging
dyld[47872]: <B214381B-F0CF-3F0E-B2B5-187CBF29616F> /System/Library/Frameworks/CryptoTokenKit.framework/Versions/A/CryptoTokenKit
dyld[47872]: <A68DE487-B65B-390A-A82B-6B62956B353F> /System/Library/Frameworks/LocalAuthentication.framework/Versions/A/LocalAuthentication
dyld[47872]: <53C1AF34-43D2-3DAA-9062-D295F72BFDF3> /System/Library/PrivateFrameworks/LocalAuthenticationCore.framework/Versions/A/LocalAuthenticationCore
dyld[47872]: <251AA620-1546-3DF5-8EFF-B9F9463112D0> /System/Library/PrivateFrameworks/LocalAuthenticationCredentialServices.framework/Versions/A/LocalAuthenticationCredentialServices
dyld[47872]: <957A2E58-89EE-36DE-9213-2E23DB420C7F> /System/Library/Frameworks/LocalAuthentication.framework/Support/SharedUtils.framework/Versions/A/SharedUtils
dyld[47872]: <8A83CAEF-70FC-39B2-A1C9-F312BD81B8D5> /System/Library/PrivateFrameworks/PersistentConnection.framework/Versions/A/PersistentConnection
dyld[47872]: <DA5DF9EF-9649-3931-B1CF-606D0B1A2BE5> /System/Library/PrivateFrameworks/SonicFoundation.framework/Versions/A/SonicFoundation
dyld[47872]: <9F9CDD5B-1D43-3CF4-8B88-4938A6637AF5> /System/Library/PrivateFrameworks/AsyncAlgorithmsInternal.framework/Versions/A/AsyncAlgorithmsInternal
dyld[47872]: <95BAC2EC-84F7-3448-A4C3-AA2F920867C6> /System/Library/PrivateFrameworks/FTAWD.framework/Versions/A/FTAWD
dyld[47872]: <EDAA9D64-779E-34FE-83D2-DF4EF35BAA59> /System/Library/PrivateFrameworks/Dendrite.framework/Versions/A/Dendrite
dyld[47872]: <924805FA-0938-34FA-B76A-4051A087CD65> /usr/lib/libtailspin.dylib
dyld[47872]: <4FB12471-97FF-306E-B552-B481203A8E1B> /System/Library/PrivateFrameworks/Osprey.framework/Versions/A/Osprey
dyld[47872]: <7EE764AE-8E9B-35DB-8839-EE01750F25AB> /System/Library/PrivateFrameworks/SiriTTS.framework/Versions/A/SiriTTS
dyld[47872]: <A896B215-2D9E-37D6-8803-9316AEBF6AF5> /System/Library/Frameworks/NaturalLanguage.framework/Versions/A/NaturalLanguage
dyld[47872]: <478FDFD4-2C36-32BB-9087-F466F0242B69> /System/Library/PrivateFrameworks/GenerativeModels.framework/Versions/A/GenerativeModels
dyld[47872]: <6B95CE76-E69D-3598-AADC-E738C94A43BD> /System/Library/PrivateFrameworks/SiriPowerInstrumentation.framework/Versions/A/SiriPowerInstrumentation
dyld[47872]: <7BC8461C-23ED-39CA-868E-17A68FAFC5AE> /usr/lib/swift/libswiftNaturalLanguage.dylib
dyld[47872]: <247E2F35-65F7-3834-AF0C-532F577FDF23> /System/Library/PrivateFrameworks/TailspinSymbolication.framework/Versions/A/TailspinSymbolication
dyld[47872]: <F0BAA541-E9E2-307A-89AE-42558D70DF45> /System/Library/PrivateFrameworks/Darwinup.framework/Versions/A/Darwinup
dyld[47872]: <ED143A95-22A5-38A0-AFC5-DA00945392EC> /System/Library/PrivateFrameworks/SignpostSupport.framework/Versions/A/SignpostSupport
dyld[47872]: <3DB3AF5E-12BD-3E05-92D8-6DDC488D5633> /System/Library/PrivateFrameworks/FeatureFlagsSupport.framework/Versions/A/FeatureFlagsSupport
dyld[47872]: <86614A25-EE71-3F84-9F47-99671A11803D> /System/Library/PrivateFrameworks/ktrace.framework/Versions/A/ktrace
dyld[47872]: <3C627164-84D9-35A4-AC4D-52A99B7652F0> /System/Library/PrivateFrameworks/SampleAnalysis.framework/Versions/A/SampleAnalysis
dyld[47872]: <4517DDDB-265A-3561-82F9-41E06C6A17A8> /System/Library/PrivateFrameworks/kperfdata.framework/Versions/A/kperfdata
dyld[47872]: <3F0E2B57-6317-3262-BA3D-8A069524F8A5> /usr/lib/libdscsym.dylib
dyld[47872]: <8DCD3201-0098-3106-8870-62A8504F26CE> /System/Library/PrivateFrameworks/AppleMobileFileIntegrity.framework/Versions/A/AppleMobileFileIntegrity
dyld[47872]: <FC95DB95-FCA7-3F42-B435-20575B99CF3A> /System/Library/PrivateFrameworks/BulkSymbolication.framework/Versions/A/BulkSymbolication
dyld[47872]: <142382DC-3D11-3191-84F4-6F39BD1C622C> /usr/lib/libTLE.dylib
dyld[47872]: <0E970B22-63D9-3794-9766-24A3FD8BD273> /usr/lib/libmis.dylib
dyld[47872]: <5FD96939-8D4B-3228-A1F8-100EF174A0D4> /System/Library/PrivateFrameworks/ConfigProfileHelper.framework/Versions/A/ConfigProfileHelper
dyld[47872]: <51BD41DD-616A-382D-B1B2-C11BE8C9953A> /System/Library/PrivateFrameworks/Espresso.framework/Versions/A/Espresso
dyld[47872]: <EDA0F204-8438-3398-91ED-C0E4212C8734> /System/Library/Frameworks/CoreML.framework/Versions/A/CoreML
dyld[47872]: <308A1DB0-C29C-33AF-9AE2-1F8E4E607152> /usr/lib/libedit.3.dylib
dyld[47872]: <BABCC719-40D5-3EAB-B20F-F0F1EB329A3E> /System/Library/PrivateFrameworks/ANECompiler.framework/Versions/A/ANECompiler
dyld[47872]: <1969F88C-4A7F-3B4B-BC08-D3EE33F4D27D> /System/Library/PrivateFrameworks/AppleNeuralEngine.framework/Versions/A/AppleNeuralEngine
dyld[47872]: <E72BAD3A-0E33-3FC5-8356-3B3176382CB1> /System/Library/PrivateFrameworks/MIL.framework/Versions/A/MIL
dyld[47872]: <BBB4C092-A3B1-354B-8C32-147F6EB0256D> /System/Library/Frameworks/MetalPerformanceShadersGraph.framework/Versions/A/MetalPerformanceShadersGraph
dyld[47872]: <54D280F0-3335-3487-AA0D-6A09FFEAEDF7> /System/Library/PrivateFrameworks/MLCompilerServices.framework/Versions/A/MLCompilerServices
dyld[47872]: <A80CE19E-EA8D-363D-A8F4-409455BECE9B> /System/Library/PrivateFrameworks/ANEServices.framework/Versions/A/ANEServices
dyld[47872]: <22F988EF-E518-3F7A-BC3D-E44B9D09627D> /usr/lib/libncurses.5.4.dylib
dyld[47872]: <0A381CB4-37D0-3B5C-ADE0-2C5B4F47D169> /usr/lib/libsandbox.1.dylib
dyld[47872]: <042A6E19-8B2A-3342-B4C1-AD44661B7E26> /usr/lib/libMatch.1.dylib
dyld[47872]: <AB03B991-E6D9-3BAF-AA7D-DBFC815699F3> /System/Library/PrivateFrameworks/ODIE.framework/Versions/A/ODIE
dyld[47872]: <5592BC99-D6A7-303C-8C4C-B839FA6B7508> /System/Library/PrivateFrameworks/MLModelAsset.framework/Versions/A/MLModelAsset
dyld[47872]: <59B92160-FE47-3CEA-B03A-0099F3901A34> /System/Library/PrivateFrameworks/MLCompilerRuntime.framework/Versions/A/MLCompilerRuntime
dyld[47872]: <D62682EC-5F79-397C-855C-569554A4AEF8> /System/Library/Frameworks/MLCompute.framework/Versions/A/MLCompute
dyld[47872]: <873E56C6-57E8-3AD2-A630-B88B0A9669E8> /System/Library/PrivateFrameworks/MLAssetIO.framework/Versions/A/MLAssetIO
dyld[47872]: <847E52FC-37C0-30DA-88CD-4561DD03C06F> /usr/lib/swift/libswiftMLCompute.dylib
dyld[47872]: <DC46545D-E02B-3F2D-BEEC-E1BF5735174F> /System/Library/PrivateFrameworks/AVFCore.framework/Versions/A/AVFCore
dyld[47872]: <3611A176-00BB-35D9-8C0A-9A9A68A8EE9D> /System/Library/PrivateFrameworks/AVFCapture.framework/Versions/A/AVFCapture
dyld[47872]: <2DEE9322-922F-3B85-82C1-5E3249E3E652> /System/Library/PrivateFrameworks/CMImaging.framework/Versions/A/CMImaging
dyld[47872]: <072F9166-25F8-3FBF-9002-23E98E8B7C05> /System/Library/PrivateFrameworks/Quagga.framework/Versions/A/Quagga
dyld[47872]: <FA34827D-C8E0-3BDF-9A4E-FBBF430AD095> /System/Library/PrivateFrameworks/CMCapture.framework/Versions/A/CMCapture
dyld[47872]: <DD237508-D432-30A0-A553-C4AF2D9F40B6> /System/Library/Frameworks/CoreMediaIO.framework/Versions/A/CoreMediaIO
dyld[47872]: <D6788223-2453-39F7-9F00-90EE866A3CDA> /System/Library/PrivateFrameworks/CMCaptureDevice.framework/Versions/A/CMCaptureDevice
dyld[47872]: <68A522A3-ACE1-3597-B6D7-E058D36536FB> /System/Library/PrivateFrameworks/CoreBrightness.framework/Versions/A/CoreBrightness
dyld[47872]: <02711E78-960E-329A-B5C0-5E38615F2698> /System/Library/PrivateFrameworks/CinematicFraming.framework/Versions/A/CinematicFraming
dyld[47872]: <735CE046-E62E-3FA5-B38D-1FD82AA32BA8> /System/Library/PrivateFrameworks/ModelManagerServices.framework/Versions/A/ModelManagerServices
dyld[47872]: <F0165C3A-8601-3789-A114-836489784A93> /System/Library/PrivateFrameworks/CPMS.framework/Versions/A/CPMS
dyld[47872]: <8B0AAC46-6F12-36F0-9A1C-90D56F41BA09> /System/Library/PrivateFrameworks/SystemStatus.framework/Versions/A/SystemStatus
dyld[47872]: <FCEB6F4E-E222-3F9B-8226-8E80A789B21B> /System/Library/Frameworks/CoreMotion.framework/Versions/A/CoreMotion
dyld[47872]: <54DEA4E5-FD31-3AE3-8FEE-3CD99ACFC45B> /System/Library/PrivateFrameworks/TimeSync.framework/Versions/A/TimeSync
dyld[47872]: <2602D902-9B35-32D2-8F22-8BF2B330B298> /System/Library/PrivateFrameworks/DistributedSensing.framework/Versions/A/DistributedSensing
dyld[47872]: <0EEAE872-ADDF-3FE0-9601-C56C453597BB> /System/Library/PrivateFrameworks/MobileBluetooth.framework/Versions/A/MobileBluetooth
dyld[47872]: <FF001948-E029-3473-B7B8-22A4ECFD6560> /System/Library/PrivateFrameworks/IOKitten.framework/Versions/A/IOKitten
dyld[47872]: <45E1CEA1-A60E-30F3-A90F-B7BFB5C5CC17> /System/Library/PrivateFrameworks/AppleIntelligenceReporting.framework/Versions/A/AppleIntelligenceReporting
dyld[47872]: <4BC01F57-2373-3DC9-8B71-308A282D7030> /System/Library/PrivateFrameworks/CoreEmoji.framework/Versions/A/CoreEmoji
dyld[47872]: <8AF3BAA3-66FA-3CEF-A44B-FD79CAC8263F> /usr/lib/libCRFSuite.dylib
dyld[47872]: <4CD4216A-7270-300F-A31D-70FFACD92E12> /System/Library/PrivateFrameworks/LanguageModeling.framework/Versions/A/LanguageModeling
dyld[47872]: <E89ACADA-C30F-3E26-9775-E8BAC21A83AA> /System/Library/PrivateFrameworks/CoreNLP.framework/Versions/A/CoreNLP
dyld[47872]: <3C34BB08-BC5C-397C-A9B5-18A342838CA1> /System/Library/PrivateFrameworks/Montreal.framework/Versions/A/Montreal
dyld[47872]: <2DED54B9-9B5C-3FB3-859E-AAC46074CC8B> /usr/lib/libcmph.dylib
dyld[47872]: <5B76CDD8-6E1F-35F6-AF5E-CE4CDA81957E> /usr/lib/libmecab.dylib
dyld[47872]: <56091C21-AEA9-36A2-A3E3-D50AEC8FFE32> /usr/lib/libThaiTokenizer.dylib
dyld[47872]: <74E54F2B-B7A6-35D9-8101-F30C7F0C1979> /System/Library/PrivateFrameworks/GenerativeModelsFoundation.framework/Versions/A/GenerativeModelsFoundation
dyld[47872]: <63409EB4-B247-3B62-835C-80DD1FCB91A2> /System/Library/PrivateFrameworks/TokenGeneration.framework/Versions/A/TokenGeneration
dyld[47872]: <54D335C7-5679-3ED5-A0E1-C3B9DBF16A9C> /System/Library/PrivateFrameworks/GenerativeFunctions.framework/Versions/A/GenerativeFunctions
dyld[47872]: <AB49FED6-D7FD-3A6B-B4CF-F73AC4165CE0> /System/Library/PrivateFrameworks/GenerativeFunctionsFoundation.framework/Versions/A/GenerativeFunctionsFoundation
dyld[47872]: <790009CA-CA2D-3245-B7B1-71C370D33BDB> /System/Library/PrivateFrameworks/ModelCatalog.framework/Versions/A/ModelCatalog
dyld[47872]: <24F7CF25-24F4-395E-B89D-5C17AE8CE281> /System/Library/PrivateFrameworks/SensitiveContentAnalysisML.framework/Versions/A/SensitiveContentAnalysisML
dyld[47872]: <A2E625ED-90FF-3BCA-BD28-16F062B82C02> /System/Library/PrivateFrameworks/GenerativeFunctionsInstrumentation.framework/Versions/A/GenerativeFunctionsInstrumentation
dyld[47872]: <4851991B-9681-37D8-8A62-005249AD29C7> /System/Library/PrivateFrameworks/PromptKit.framework/Versions/A/PromptKit
dyld[47872]: <A4C38BBC-95E3-38DD-B873-243C53B83A4F> /System/Library/PrivateFrameworks/ProactiveDaemonSupport.framework/Versions/A/ProactiveDaemonSupport
dyld[47872]: <832BF595-350A-3753-8721-D894475016CB> /System/Library/PrivateFrameworks/TokenGenerationCore.framework/Versions/A/TokenGenerationCore
dyld[47872]: <E65C3A22-B998-3185-9DE5-3169814179BF> /System/Library/PrivateFrameworks/Trial.framework/Versions/A/Trial
dyld[47872]: <F66F08E4-F915-3CAE-AF88-70F76AD35303> /System/Library/PrivateFrameworks/TrialProto.framework/Versions/A/TrialProto
dyld[47872]: <4BE321D2-8DF6-3D5E-A531-4E2F77BEE441> /System/Library/PrivateFrameworks/AppleFlatBuffers.framework/Versions/A/AppleFlatBuffers
dyld[47872]: <92A1FE17-1D6F-347B-B1C3-D2C03B6C0DCE> /System/Library/PrivateFrameworks/SentencePieceInternal.framework/Versions/A/SentencePieceInternal
dyld[47872]: <4FFA7ECB-BCA8-3B4D-86F9-9F2C9E084944> /System/Library/Frameworks/Vision.framework/Versions/A/Vision
dyld[47872]: <0A6304CC-6DC4-3079-9FAB-8B9F001C8545> /System/Library/PrivateFrameworks/CoreSceneUnderstanding.framework/Versions/A/CoreSceneUnderstanding
dyld[47872]: <5E086014-D330-3672-9776-E23E8325DD67> /System/Library/PrivateFrameworks/VisionCore.framework/Versions/A/VisionCore
dyld[47872]: <A20BF0E3-F8A9-36AA-B28B-2EF282FC9BF5> /System/Library/PrivateFrameworks/DataDetectorsCore.framework/Versions/A/DataDetectorsCore
dyld[47872]: <23068BF1-0F33-3129-9965-57B1621737DE> /System/Library/Frameworks/Vision.framework/libfaceCore.dylib
dyld[47872]: <5F8738D4-6C03-3DEA-953D-9E31C389E7E1> /System/Library/PrivateFrameworks/Futhark.framework/Versions/A/Futhark
dyld[47872]: <2849D0C3-42A0-3D94-A2B7-F686BD7F760D> /System/Library/PrivateFrameworks/InertiaCam.framework/Versions/A/InertiaCam
dyld[47872]: <393E9D23-8D8D-373B-A8D8-6CF2652D2DAF> /System/Library/PrivateFrameworks/TextRecognition.framework/Versions/A/TextRecognition
dyld[47872]: <0872179E-DB9E-39FF-B22A-05EA62FC0F88> /System/Library/Frameworks/DataDetection.framework/Versions/A/DataDetection
dyld[47872]: <5D3DDFC0-3341-3DAC-A80C-0DFBD0421669> /System/Library/PrivateFrameworks/TextInput.framework/Versions/A/TextInput
dyld[47872]: <A37EF3CE-63A5-3AB5-B3E2-E089F818FF35> /System/Library/PrivateFrameworks/CVNLP.framework/Versions/A/CVNLP
dyld[47872]: <256C79BC-8BEB-390C-95D4-BFEFB95E66A1> /System/Library/PrivateFrameworks/IntentsFoundation.framework/Versions/A/IntentsFoundation
dyld[47872]: <E12CB54A-E895-3D38-8D62-01C5DF8430AB> /System/Library/PrivateFrameworks/HIDDisplay.framework/Versions/A/HIDDisplay
dyld[47872]: <A9F79F7C-A5F8-3164-BEEC-60B19D90DCF2> /usr/lib/libcups.2.dylib
dyld[47872]: <74F49C08-DE60-3E55-A037-F0A34E81BF04> /System/Library/Frameworks/Kerberos.framework/Versions/A/Kerberos
dyld[47872]: <F71E234F-8D15-388D-8819-709BB2AE1ACC> /usr/lib/libresolv.9.dylib
dyld[47872]: <139B1DBE-2FDA-3AE7-9BDE-12D5BA3C8D22> /System/Library/PrivateFrameworks/Heimdal.framework/Versions/A/Heimdal
dyld[47872]: <9BBF5DE9-CCD9-3CF3-8C05-45FB5CCEFEC3> /System/Library/Frameworks/Kerberos.framework/Versions/A/Libraries/libHeimdalProxy.dylib
dyld[47872]: <FFE98159-EDC3-3520-ADAC-F9001408ADD5> /System/Library/PrivateFrameworks/CommonAuth.framework/Versions/A/CommonAuth
dyld[47872]: <17C4F6B8-0A9A-3BF8-8D40-35ABCF9F0D89> /System/Library/PrivateFrameworks/AXCoreUtilities.framework/Versions/A/AXCoreUtilities
dyld[47872]: <8EB0DEAA-CD94-3710-AF80-DBF6947A8250> /System/Library/PrivateFrameworks/AttributeGraph.framework/Versions/A/AttributeGraph
dyld[47872]: <D4766E61-EB81-3FA1-9C48-31BC986B0607> /usr/lib/libAXSafeCategoryBundle.dylib
dyld[47872]: <6E4CAEF6-667C-3A56-9BE2-892F689894E4> /System/Library/Frameworks/TabularData.framework/Versions/A/TabularData
dyld[47872]: <00E79E4B-C0FD-3DF8-A8C3-9C812A9DB049> /System/Library/PrivateFrameworks/ArgumentParserInternal.framework/Versions/A/ArgumentParserInternal
dyld[47872]: <CB222F12-FB2E-3310-88A1-A5AE7EFF8CAE> /System/Library/Frameworks/Accelerate.framework/Versions/A/Frameworks/vecLib.framework/Versions/A/libvDSP.dylib
dyld[47872]: <C2F81286-0ED4-319D-A96D-10591BD15F4E> /System/Library/Frameworks/Accelerate.framework/Versions/A/Frameworks/vecLib.framework/Versions/A/libLAPACK.dylib
dyld[47872]: <424CA6AD-D7AA-3297-B069-745682F71E84> /System/Library/Frameworks/Accelerate.framework/Versions/A/Frameworks/vecLib.framework/Versions/A/libLinearAlgebra.dylib
dyld[47872]: <BDF370A4-972F-34A4-AED7-89885C35D933> /System/Library/Frameworks/Accelerate.framework/Versions/A/Frameworks/vecLib.framework/Versions/A/libSparseBLAS.dylib
dyld[47872]: <F2B12F6B-6C47-3B39-BE8F-68EB37545F72> /System/Library/Frameworks/Accelerate.framework/Versions/A/Frameworks/vecLib.framework/Versions/A/libQuadrature.dylib
dyld[47872]: <811E61C5-2282-3FA8-939D-D1B9C75ECC62> /System/Library/Frameworks/Accelerate.framework/Versions/A/Frameworks/vecLib.framework/Versions/A/libBNNS.dylib
dyld[47872]: <C7FD2C22-55FC-3D31-8AF3-BF842A039AF9> /System/Library/Frameworks/Accelerate.framework/Versions/A/Frameworks/vecLib.framework/Versions/A/libSparse.dylib
dyld[47872]: <7A483FDA-AB8C-3E7C-92E6-07347F67B678> /System/Library/PrivateFrameworks/ApplePushService.framework/Versions/A/ApplePushService
dyld[47872]: <C5A18DFA-6B18-3455-830A-E372A495FB1D> /System/Library/Frameworks/CloudKit.framework/Versions/A/CloudKit
dyld[47872]: <0A7A4F54-298F-384E-86C0-0E9A5C69E9E5> /System/Library/PrivateFrameworks/CoreDuetDaemonProtocol.framework/Versions/A/CoreDuetDaemonProtocol
dyld[47872]: <17D0003A-F405-3CCF-832D-BCADB65BC83F> /System/Library/PrivateFrameworks/DeviceIdentity.framework/Versions/A/DeviceIdentity
dyld[47872]: <E26F180A-1868-3E33-9277-1C73F917DE55> /System/Library/Frameworks/SharedWithYouCore.framework/Versions/A/SharedWithYouCore
dyld[47872]: <7B5C93A3-1AF7-3273-9182-60B965FBB279> /System/Library/PrivateFrameworks/CloudTelemetry.framework/Versions/A/CloudTelemetry
dyld[47872]: <CD1BB171-94DA-350C-8276-04EA8B71C6E7> /System/Library/PrivateFrameworks/AppleAccount.framework/Versions/A/AppleAccount
dyld[47872]: <6D910C58-E7C6-34AB-907F-89C2EA3E8B5C> /System/Library/PrivateFrameworks/C2.framework/Versions/A/C2
dyld[47872]: <1BE4EC57-9B8A-34C4-BFC9-BC9A229BBB08> /System/Library/PrivateFrameworks/CloudCoreInternal.framework/Versions/A/CloudCoreInternal
dyld[47872]: <EDB20CBF-D173-3BD4-A483-3C509C15D24D> /System/Library/PrivateFrameworks/CloudAsset.framework/Versions/A/CloudAsset
dyld[47872]: <696E88E7-5CF6-3095-80C0-57B9A913887A> /System/Library/Frameworks/PushKit.framework/Versions/A/PushKit
dyld[47872]: <100BE8FB-6C47-33E3-9FC4-A45A5106721A> /System/Library/Frameworks/CoreTransferable.framework/Versions/A/CoreTransferable
dyld[47872]: <08675344-FA9F-3CC2-8ED8-C572C841B504> /System/Library/PrivateFrameworks/NetAuth.framework/Versions/A/NetAuth
dyld[47872]: <8E702F90-53C5-3A91-A0F8-94409A59BAF3> /System/Library/PrivateFrameworks/login.framework/Versions/A/Frameworks/loginsupport.framework/Versions/A/loginsupport
dyld[47872]: <78C04A6C-63CF-339A-90C8-F25BA9C4C1CE> /System/Library/PrivateFrameworks/CloudTelemetryTools.framework/Versions/A/CloudTelemetryTools
dyld[47872]: <A23C0860-6454-3F01-A064-C8982EBBFF48> /System/Library/PrivateFrameworks/CloudTelemetryShared.dylib
dyld[47872]: <907F9C53-06D9-3604-A13D-183642237619> /System/Library/PrivateFrameworks/RTCReporting.framework/Versions/A/RTCReporting
dyld[47872]: <90B0724C-CBDF-35B7-91AA-38F8E07E543D> /System/Library/PrivateFrameworks/AAAFoundationSwift.framework/Versions/A/AAAFoundationSwift
dyld[47872]: <95A65CAD-54BC-3CDD-B27A-90572D2A848F> /System/Library/PrivateFrameworks/AppleIDSSOAuthentication.framework/Versions/A/AppleIDSSOAuthentication
dyld[47872]: <B2BA9719-73C5-3061-9915-25FC68C198D6> /System/Library/PrivateFrameworks/UIFoundation.framework/Versions/A/UIFoundation
dyld[47872]: <6784252E-9BE1-332F-8D0C-CF7FB6C9FB56> /System/Library/PrivateFrameworks/CaptiveNetwork.framework/Versions/A/CaptiveNetwork
dyld[47872]: <2DFBEDC5-0C41-3FF8-B1AB-334EE3621FC9> /System/Library/PrivateFrameworks/EAP8021X.framework/Versions/A/EAP8021X
dyld[47872]: <D828B798-9303-3C0A-9F83-5B24A36E1670> /System/Library/PrivateFrameworks/CryptoKitPrivate.framework/Versions/A/CryptoKitPrivate
dyld[47872]: <7B08EA3F-6BA2-39B2-979D-D36A03961343> /System/Library/PrivateFrameworks/FindMyDevice.framework/Versions/A/FindMyDevice
dyld[47872]: <57FD92AE-E8D7-3D48-AF71-F74CD3D2AD56> /System/Library/PrivateFrameworks/FMCoreLite.framework/Versions/A/FMCoreLite
dyld[47872]: <0B4562F4-D2B8-362C-AC29-8E9B106F937C> /System/Library/Frameworks/ServiceManagement.framework/Versions/A/ServiceManagement
dyld[47872]: <4428FA9C-988B-3235-98EB-1FC596D283D1> /usr/lib/libCheckFix.dylib
dyld[47872]: <7CA1C787-8112-3F53-9419-1EA66ECF08B3> /System/Library/PrivateFrameworks/MetadataUtilities.framework/Versions/A/MetadataUtilities
dyld[47872]: <B820DEFE-59D8-3A6A-BB23-56E594F57F9C> /System/Library/PrivateFrameworks/InstalledContentLibrary.framework/Versions/A/InstalledContentLibrary
dyld[47872]: <9B52CDCA-8EFD-3512-A265-C5D8CE2B8998> /System/Library/PrivateFrameworks/CoreServicesStore.framework/Versions/A/CoreServicesStore
dyld[47872]: <3BD7BCA8-66D2-34D7-BA3F-A3B3197E1F44> /usr/lib/libapp_launch_measurement.dylib
dyld[47872]: <7783C2DD-5853-312A-8EF1-B5DDC441531D> /System/Library/PrivateFrameworks/MobileSystemServices.framework/Versions/A/MobileSystemServices
dyld[47872]: <C428B34A-AB0B-34ED-9C94-8DC908D4A12B> /usr/lib/libxslt.1.dylib
dyld[47872]: <F1725141-8B9B-363A-838E-17B20313568E> /System/Library/PrivateFrameworks/BackgroundTaskManagement.framework/Versions/A/BackgroundTaskManagement
dyld[47872]: <957F947F-00ED-3468-B07B-20900D64DB71> /usr/lib/libcurl.4.dylib
dyld[47872]: <FE236487-745A-39C9-A6A5-D937AD7BDC2E> /usr/lib/libcrypto.46.dylib
dyld[47872]: <6E6A6A29-3741-365F-A90D-785C2C86D71A> /usr/lib/libssl.48.dylib
dyld[47872]: <9AC45415-37D3-369E-846C-6C2F072899F9> /System/Library/Frameworks/LDAP.framework/Versions/A/LDAP
dyld[47872]: <48980122-ECA5-383C-A043-6F2BE6BAA017> /System/Library/PrivateFrameworks/TrustEvaluationAgent.framework/Versions/A/TrustEvaluationAgent
dyld[47872]: <65BCF638-CADE-3CB2-97FB-D33E91D93C8D> /usr/lib/libsasl2.2.dylib
dyld[47872]: move loaded to delayed: XPCSupport
dyld[47872]: move loaded to delayed: CoreFoundation
dyld[47872]: move loaded to delayed: libswiftCore.dylib
dyld[47872]: move loaded to delayed: Foundation
dyld[47872]: move loaded to delayed: libswiftObjectiveC.dylib
dyld[47872]: move loaded to delayed: libswiftPrespecialized.dylib
dyld[47872]: move loaded to delayed: SystemConfiguration
dyld[47872]: move loaded to delayed: libz.1.dylib
dyld[47872]: move loaded to delayed: CoreAutoLayout
dyld[47872]: move loaded to delayed: libcmark-gfm.dylib
dyld[47872]: move loaded to delayed: libfakelink.dylib
dyld[47872]: move loaded to delayed: libcompression.dylib
dyld[47872]: move loaded to delayed: CFNetwork
dyld[47872]: move loaded to delayed: DiskArbitration
dyld[47872]: move loaded to delayed: libarchive.2.dylib
dyld[47872]: move loaded to delayed: libDiagnosticMessagesClient.dylib
dyld[47872]: move loaded to delayed: libicucore.A.dylib
dyld[47872]: move loaded to delayed: libxml2.2.dylib
dyld[47872]: move loaded to delayed: CoreServices
dyld[47872]: move loaded to delayed: liblangid.dylib
dyld[47872]: move loaded to delayed: IOKit
dyld[47872]: move loaded to delayed: Combine
dyld[47872]: move loaded to delayed: CollectionsInternal
dyld[47872]: move loaded to delayed: ReflectionInternal
dyld[47872]: move loaded to delayed: RuntimeInternal
dyld[47872]: move loaded to delayed: SoftLinking
dyld[47872]: move loaded to delayed: libswiftCoreFoundation.dylib
dyld[47872]: move loaded to delayed: libswiftDarwin.dylib
dyld[47872]: move loaded to delayed: libswiftDispatch.dylib
dyld[47872]: move loaded to delayed: libswiftIOKit.dylib
dyld[47872]: move loaded to delayed: libswiftSystem.dylib
dyld[47872]: move loaded to delayed: libswiftXPC.dylib
dyld[47872]: move loaded to delayed: libswift_Builtin_float.dylib
dyld[47872]: move loaded to delayed: libswift_Concurrency.dylib
dyld[47872]: move loaded to delayed: libswift_DarwinFoundation1.dylib
dyld[47872]: move loaded to delayed: libswift_StringProcessing.dylib
dyld[47872]: move loaded to delayed: libswiftos.dylib
dyld[47872]: move loaded to delayed: CoreServicesInternal
dyld[47872]: move loaded to delayed: liboah.dylib
dyld[47872]: move loaded to delayed: Security
dyld[47872]: move loaded to delayed: GenerationalStorage
dyld[47872]: move loaded to delayed: CacheDelete
dyld[47872]: move loaded to delayed: QuickLookThumbnailing
dyld[47872]: move loaded to delayed: FileProvider
dyld[47872]: move loaded to delayed: DiskImages
dyld[47872]: move loaded to delayed: NetFS
dyld[47872]: move loaded to delayed: DesktopServicesPriv
dyld[47872]: move loaded to delayed: FSEvents
dyld[47872]: move loaded to delayed: CarbonCore
dyld[47872]: move loaded to delayed: Metadata
dyld[47872]: move loaded to delayed: OSServices
dyld[47872]: move loaded to delayed: SearchKit
dyld[47872]: move loaded to delayed: AE
dyld[47872]: move loaded to delayed: LaunchServices
dyld[47872]: move loaded to delayed: DictionaryServices
dyld[47872]: move loaded to delayed: SharedFileList
dyld[47872]: move loaded to delayed: libapple_nghttp2.dylib
dyld[47872]: move loaded to delayed: libsqlite3.dylib
dyld[47872]: move loaded to delayed: Accounts
dyld[47872]: move loaded to delayed: AOSKit
dyld[47872]: move loaded to delayed: AppSSOCore
dyld[47872]: move loaded to delayed: AppSupport
dyld[47872]: move loaded to delayed: AVFoundation
dyld[47872]: move loaded to delayed: BackgroundSystemTasks
dyld[47872]: move loaded to delayed: CoreAnalytics
dyld[47872]: move loaded to delayed: CoreGraphics
dyld[47872]: move loaded to delayed: DuetActivityScheduler
dyld[47872]: move loaded to delayed: FTServices
dyld[47872]: move loaded to delayed: GSS
dyld[47872]: move loaded to delayed: InternationalSupport
dyld[47872]: move loaded to delayed: libMemoryResourceException.dylib
dyld[47872]: move loaded to delayed: NetworkScore
dyld[47872]: move loaded to delayed: NetworkServiceProxy
dyld[47872]: move loaded to delayed: RunningBoardServices
dyld[47872]: move loaded to delayed: StreamingExtractor
dyld[47872]: move loaded to delayed: StreamingZip
dyld[47872]: move loaded to delayed: SymptomReporter
dyld[47872]: move loaded to delayed: libenergytrace.dylib
dyld[47872]: move loaded to delayed: libnetworkextension.dylib
dyld[47872]: move loaded to delayed: Network
dyld[47872]: move loaded to delayed: libbsm.0.dylib
dyld[47872]: move loaded to delayed: libkxld.dylib
dyld[47872]: move loaded to delayed: AppleKeyStore
dyld[47872]: move loaded to delayed: libCoreEntitlements.dylib
dyld[47872]: move loaded to delayed: MessageSecurity
dyld[47872]: move loaded to delayed: ProtocolBuffer
dyld[47872]: move loaded to delayed: CloudServices
dyld[47872]: move loaded to delayed: SymptomDiagnosticReporter
dyld[47872]: move loaded to delayed: CrashReporterSupport
dyld[47872]: move loaded to delayed: libMobileGestalt.dylib
dyld[47872]: move loaded to delayed: AppleFSCompression
dyld[47872]: move loaded to delayed: libcoretls.dylib
dyld[47872]: move loaded to delayed: libcoretls_cfhelpers.dylib
dyld[47872]: move loaded to delayed: libpam.2.dylib
dyld[47872]: move loaded to delayed: libxar.1.dylib
dyld[47872]: move loaded to delayed: APFS
dyld[47872]: move loaded to delayed: SwiftASN1Internal
dyld[47872]: move loaded to delayed: libutil.dylib
dyld[47872]: move loaded to delayed: AppleSystemInfo
dyld[47872]: move loaded to delayed: IOMobileFramebuffer
dyld[47872]: move loaded to delayed: IOSurface
dyld[47872]: move loaded to delayed: CoreWiFi
dyld[47872]: move loaded to delayed: LoggingSupport
dyld[47872]: move loaded to delayed: MobileAsset
dyld[47872]: move loaded to delayed: PowerLog
dyld[47872]: move loaded to delayed: Rapport
dyld[47872]: move loaded to delayed: SwiftData
dyld[47872]: move loaded to delayed: SymptomAnalytics
dyld[47872]: move loaded to delayed: UniformTypeIdentifiers
dyld[47872]: move loaded to delayed: UserManagement
dyld[47872]: move loaded to delayed: libboringssl.dylib
dyld[47872]: move loaded to delayed: libcupolicy.dylib
dyld[47872]: move loaded to delayed: libdns_services.dylib
dyld[47872]: move loaded to delayed: NetworkExtension
dyld[47872]: move loaded to delayed: libnwswifttls.dylib
dyld[47872]: move loaded to delayed: libpcap.A.dylib
dyld[47872]: move loaded to delayed: libquic.dylib
dyld[47872]: move loaded to delayed: libusrtcp.dylib
dyld[47872]: move loaded to delayed: AtomicsInternal
dyld[47872]: move loaded to delayed: InternalSwiftProtobuf
dyld[47872]: move loaded to delayed: libswiftDistributed.dylib
dyld[47872]: move loaded to delayed: libswiftObservation.dylib
dyld[47872]: move loaded to delayed: libswiftSynchronization.dylib
dyld[47872]: move loaded to delayed: AggregateDictionary
dyld[47872]: move loaded to delayed: CoreDuetContext
dyld[47872]: move loaded to delayed: BiomeLibrary
dyld[47872]: move loaded to delayed: CoreDuet
dyld[47872]: move loaded to delayed: BiomeStreams
dyld[47872]: move loaded to delayed: BiomeFoundation
dyld[47872]: move loaded to delayed: BiomePubSub
dyld[47872]: move loaded to delayed: CoreData
dyld[47872]: move loaded to delayed: ProactiveSupport
dyld[47872]: move loaded to delayed: CoreLocation
dyld[47872]: move loaded to delayed: Intents
dyld[47872]: move loaded to delayed: _LocationEssentials
dyld[47872]: move loaded to delayed: liblzma.5.dylib
dyld[47872]: move loaded to delayed: Accelerate
dyld[47872]: move loaded to delayed: MobileKeyBag
dyld[47872]: move loaded to delayed: InternationalTextSearch
dyld[47872]: move loaded to delayed: SoftwareUpdateCoreSupport
dyld[47872]: move loaded to delayed: SoftwareUpdateCoreConnect
dyld[47872]: move loaded to delayed: RemoteServiceDiscovery
dyld[47872]: move loaded to delayed: MSUDataAccessor
dyld[47872]: move loaded to delayed: libbootpolicy.dylib
dyld[47872]: move loaded to delayed: RemoteXPC
dyld[47872]: move loaded to delayed: libFDR.dylib
dyld[47872]: move loaded to delayed: libamsupport.dylib
dyld[47872]: move loaded to delayed: libReverseProxyDevice.dylib
dyld[47872]: move loaded to delayed: AppleDeviceQuerySupport
dyld[47872]: move loaded to delayed: libpartition2_dynamic.dylib
dyld[47872]: move loaded to delayed: AppleSauce
dyld[47872]: move loaded to delayed: libAppleArchive.dylib
dyld[47872]: move loaded to delayed: libbz2.1.0.dylib
dyld[47872]: move loaded to delayed: vImage
dyld[47872]: move loaded to delayed: vecLib
dyld[47872]: move loaded to delayed: libvMisc.dylib
dyld[47872]: move loaded to delayed: libCGInterfaces.dylib
dyld[47872]: move loaded to delayed: AccelerateGPU
dyld[47872]: move loaded to delayed: libBLAS.dylib
dyld[47872]: move loaded to delayed: ApplicationServices
dyld[47872]: move loaded to delayed: CoreVideo
dyld[47872]: move loaded to delayed: ColorSync
dyld[47872]: move loaded to delayed: CoreText
dyld[47872]: move loaded to delayed: ImageIO
dyld[47872]: move loaded to delayed: ATS
dyld[47872]: move loaded to delayed: HIServices
dyld[47872]: move loaded to delayed: PrintCore
dyld[47872]: move loaded to delayed: QD
dyld[47872]: move loaded to delayed: ColorSyncLegacy
dyld[47872]: move loaded to delayed: SpeechSynthesis
dyld[47872]: move loaded to delayed: SkyLight
dyld[47872]: move loaded to delayed: libFontParser.dylib
dyld[47872]: move loaded to delayed: BaseBoard
dyld[47872]: move loaded to delayed: BoardServices
dyld[47872]: move loaded to delayed: BackBoardServices
dyld[47872]: move loaded to delayed: BackBoardHIDEventFoundation
dyld[47872]: move loaded to delayed: CoreDisplay
dyld[47872]: move loaded to delayed: VideoToolbox
dyld[47872]: move loaded to delayed: MetalPerformanceShaders
dyld[47872]: move loaded to delayed: ProDisplayLibrary
dyld[47872]: move loaded to delayed: IOSurfaceAccelerator
dyld[47872]: move loaded to delayed: Metal
dyld[47872]: move loaded to delayed: IOAccelerator
dyld[47872]: move loaded to delayed: CoreMedia
dyld[47872]: move loaded to delayed: TCC
dyld[47872]: move loaded to delayed: WatchdogClient
dyld[47872]: move loaded to delayed: QuartzCore
dyld[47872]: move loaded to delayed: MultitouchSupport
dyld[47872]: move loaded to delayed: libswiftAccelerate.dylib
dyld[47872]: move loaded to delayed: libswiftCoreAudio.dylib
dyld[47872]: move loaded to delayed: libswiftCoreMedia.dylib
dyld[47872]: move loaded to delayed: libswiftMetal.dylib
dyld[47872]: move loaded to delayed: libswiftOSLog.dylib
dyld[47872]: move loaded to delayed: libswiftQuartzCore.dylib
dyld[47872]: move loaded to delayed: libswiftUniformTypeIdentifiers.dylib
dyld[47872]: move loaded to delayed: libswiftVideoToolbox.dylib
dyld[47872]: move loaded to delayed: libswiftsimd.dylib
dyld[47872]: move loaded to delayed: BiomeStorage
dyld[47872]: move loaded to delayed: IntelligencePlatformLibrary
dyld[47872]: move loaded to delayed: PoirotSchematizer
dyld[47872]: move loaded to delayed: BiomeSync
dyld[47872]: move loaded to delayed: BiomeDSL
dyld[47872]: move loaded to delayed: FeatureFlags
dyld[47872]: move loaded to delayed: PoirotUDFs
dyld[47872]: move loaded to delayed: libswift_DarwinFoundation2.dylib
dyld[47872]: move loaded to delayed: libswift_DarwinFoundation3.dylib
dyld[47872]: move loaded to delayed: CoreTime
dyld[47872]: move loaded to delayed: libiconv.2.dylib
dyld[47872]: move loaded to delayed: libcharset.1.dylib
dyld[47872]: move loaded to delayed: PoirotSQLite
dyld[47872]: move loaded to delayed: libswift_RegexParser.dylib
dyld[47872]: move loaded to delayed: CascadeSets
dyld[47872]: move loaded to delayed: CorePhoneNumbers
dyld[47872]: move loaded to delayed: AppleJPEG
dyld[47872]: move loaded to delayed: libexpat.1.dylib
dyld[47872]: move loaded to delayed: libPng.dylib
dyld[47872]: move loaded to delayed: libTIFF.dylib
dyld[47872]: move loaded to delayed: libGIF.dylib
dyld[47872]: move loaded to delayed: libJP2.dylib
dyld[47872]: move loaded to delayed: libate.dylib
dyld[47872]: move loaded to delayed: libJPEG.dylib
dyld[47872]: move loaded to delayed: libRadiance.dylib
dyld[47872]: move loaded to delayed: libllvm-flatbuffers.dylib
dyld[47872]: move loaded to delayed: FramePacing
dyld[47872]: move loaded to delayed: libCoreFSCache.dylib
dyld[47872]: move loaded to delayed: libGPUCompilerUtils.dylib
dyld[47872]: move loaded to delayed: GraphicsServices
dyld[47872]: move loaded to delayed: OpenGL
dyld[47872]: move loaded to delayed: libGLU.dylib
dyld[47872]: move loaded to delayed: libGFXShared.dylib
dyld[47872]: move loaded to delayed: libGL.dylib
dyld[47872]: move loaded to delayed: libGLImage.dylib
dyld[47872]: move loaded to delayed: libCVMSPluginSupport.dylib
dyld[47872]: move loaded to delayed: libCoreVMClient.dylib
dyld[47872]: move loaded to delayed: GPUWrangler
dyld[47872]: move loaded to delayed: IOPresentment
dyld[47872]: move loaded to delayed: DSExternalDisplay
dyld[47872]: move loaded to delayed: VideoToolboxParavirtualizationSupport
dyld[47872]: move loaded to delayed: AppleVA
dyld[47872]: move loaded to delayed: ExtensionFoundation
dyld[47872]: move loaded to delayed: CMCaptureCore
dyld[47872]: move loaded to delayed: libspindump.dylib
dyld[47872]: move loaded to delayed: CoreAudio
dyld[47872]: move loaded to delayed: AppServerSupport
dyld[47872]: move loaded to delayed: perfdata
dyld[47872]: move loaded to delayed: AudioDSPGraph
dyld[47872]: move loaded to delayed: AudioToolboxCore
dyld[47872]: move loaded to delayed: caulk
dyld[47872]: move loaded to delayed: libAudioStatistics.dylib
dyld[47872]: move loaded to delayed: SystemPolicy
dyld[47872]: move loaded to delayed: libSMC.dylib
dyld[47872]: move loaded to delayed: libswiftCoreMIDI.dylib
dyld[47872]: move loaded to delayed: CoreMIDI
dyld[47872]: move loaded to delayed: libAudioToolboxUtility.dylib
dyld[47872]: move loaded to delayed: libperfcheck.dylib
dyld[47872]: move loaded to delayed: AudioAnalytics
dyld[47872]: move loaded to delayed: OSLog
dyld[47872]: move loaded to delayed: OSEligibility
dyld[47872]: move loaded to delayed: IconServices
dyld[47872]: move loaded to delayed: LightweightCodeRequirements
dyld[47872]: move loaded to delayed: PlugInKit
dyld[47872]: move loaded to delayed: AssertionServices
dyld[47872]: move loaded to delayed: IconFoundation
dyld[47872]: move loaded to delayed: AssistantServices
dyld[47872]: move loaded to delayed: IconRendering
dyld[47872]: move loaded to delayed: CoreUI
dyld[47872]: move loaded to delayed: CoreImage
dyld[47872]: move loaded to delayed: SFSymbols
dyld[47872]: move loaded to delayed: DeveloperToolsSupport
dyld[47872]: move loaded to delayed: RenderBox
dyld[47872]: move loaded to delayed: CoreSVG
dyld[47872]: move loaded to delayed: TextureIO
dyld[47872]: move loaded to delayed: libswiftCoreImage.dylib
dyld[47872]: move loaded to delayed: GraphVisualizer
dyld[47872]: move loaded to delayed: FontServices
dyld[47872]: move loaded to delayed: OTSVG
dyld[47872]: move loaded to delayed: libFontRegistry.dylib
dyld[47872]: move loaded to delayed: libhvf.dylib
dyld[47872]: move loaded to delayed: ParsingInternal
dyld[47872]: move loaded to delayed: libXTFontStaticRegistryData.dylib
dyld[47872]: move loaded to delayed: MPSCore
dyld[47872]: move loaded to delayed: MPSImage
dyld[47872]: move loaded to delayed: MPSNeuralNetwork
dyld[47872]: move loaded to delayed: MPSMatrix
dyld[47872]: move loaded to delayed: MPSRayIntersector
dyld[47872]: move loaded to delayed: MPSNDArray
dyld[47872]: move loaded to delayed: MPSFunctions
dyld[47872]: move loaded to delayed: MPSBenchmarkLoop
dyld[47872]: move loaded to delayed: MPSHost
dyld[47872]: move loaded to delayed: MetalTools
dyld[47872]: move loaded to delayed: IOAccelMemoryInfo
dyld[47872]: move loaded to delayed: kperf
dyld[47872]: move loaded to delayed: GPURawCounter
dyld[47872]: move loaded to delayed: ASEProcessing
dyld[47872]: move loaded to delayed: Symbolication
dyld[47872]: move loaded to delayed: PhotosensitivityProcessing
dyld[47872]: move loaded to delayed: SILManager
dyld[47872]: move loaded to delayed: CoreSymbolication
dyld[47872]: move loaded to delayed: MallocStackLogging
dyld[47872]: move loaded to delayed: DebugSymbols
dyld[47872]: move loaded to delayed: OSAnalytics
dyld[47872]: move loaded to delayed: DeviceRecovery
dyld[47872]: move loaded to delayed: Tightbeam
dyld[47872]: move loaded to delayed: libswiftCompression.dylib
dyld[47872]: move loaded to delayed: AFKUser
dyld[47872]: move loaded to delayed: ATSUI
dyld[47872]: move loaded to delayed: SAObjects
dyld[47872]: move loaded to delayed: AudioToolbox
dyld[47872]: move loaded to delayed: MediaRemote
dyld[47872]: move loaded to delayed: UserNotifications
dyld[47872]: move loaded to delayed: SiriInstrumentation
dyld[47872]: move loaded to delayed: SiriAnalytics
dyld[47872]: move loaded to delayed: SiriTTSService
dyld[47872]: move loaded to delayed: SiriCrossDeviceArbitration
dyld[47872]: move loaded to delayed: FeedbackLogger
dyld[47872]: move loaded to delayed: FaceTimeNameUtility
dyld[47872]: move loaded to delayed: AuthKit
dyld[47872]: move loaded to delayed: SiriCrossDeviceArbitrationFeedback
dyld[47872]: move loaded to delayed: libswiftCoreLocation.dylib
dyld[47872]: move loaded to delayed: libswiftAVFoundation.dylib
dyld[47872]: move loaded to delayed: UIKitServices
dyld[47872]: move loaded to delayed: UnifiedAssetFramework
dyld[47872]: move loaded to delayed: AudioSession
dyld[47872]: move loaded to delayed: MediaExperience
dyld[47872]: move loaded to delayed: libSessionUtility.dylib
dyld[47872]: move loaded to delayed: AudioAccessoryServices
dyld[47872]: move loaded to delayed: CoreBluetooth
dyld[47872]: move loaded to delayed: CoreUtils
dyld[47872]: move loaded to delayed: HID
dyld[47872]: move loaded to delayed: Sharing
dyld[47872]: move loaded to delayed: CoreUtilsExtras
dyld[47872]: move loaded to delayed: IO80211
dyld[47872]: move loaded to delayed: IDSFoundation
dyld[47872]: move loaded to delayed: Apple80211
dyld[47872]: move loaded to delayed: CoreWLAN
dyld[47872]: move loaded to delayed: IOBluetooth
dyld[47872]: move loaded to delayed: libswiftRegexBuilder.dylib
dyld[47872]: move loaded to delayed: IMFoundation
dyld[47872]: move loaded to delayed: Marco
dyld[47872]: move loaded to delayed: CommonUtilities
dyld[47872]: move loaded to delayed: Engram
dyld[47872]: move loaded to delayed: XPCDistributed
dyld[47872]: move loaded to delayed: libtidy.A.dylib
dyld[47872]: move loaded to delayed: Bom
dyld[47872]: move loaded to delayed: libParallelCompression.dylib
dyld[47872]: move loaded to delayed: libIOReport.dylib
dyld[47872]: move loaded to delayed: WiFiPeerToPeer
dyld[47872]: move loaded to delayed: SecurityFoundation
dyld[47872]: move loaded to delayed: Centauri
dyld[47872]: move loaded to delayed: Lexicon
dyld[47872]: move loaded to delayed: libmrc.dylib
dyld[47872]: move loaded to delayed: IPConfiguration
dyld[47872]: move loaded to delayed: Netrb
dyld[47872]: move loaded to delayed: FrontBoardServices
dyld[47872]: move loaded to delayed: libgermantok.dylib
dyld[47872]: move loaded to delayed: LinguisticData
dyld[47872]: move loaded to delayed: MultiverseSupport
dyld[47872]: move loaded to delayed: DiskManagement
dyld[47872]: move loaded to delayed: AppleIDAuthSupport
dyld[47872]: move loaded to delayed: AAAFoundation
dyld[47872]: move loaded to delayed: KeychainCircle
dyld[47872]: move loaded to delayed: URLFormatting
dyld[47872]: move loaded to delayed: libcsfde.dylib
dyld[47872]: move loaded to delayed: libCoreStorage.dylib
dyld[47872]: move loaded to delayed: MediaKit
dyld[47872]: move loaded to delayed: DiscRecording
dyld[47872]: move loaded to delayed: ProtectedCloudStorage
dyld[47872]: move loaded to delayed: EFILogin
dyld[47872]: move loaded to delayed: libheimdal-asn1.dylib
dyld[47872]: move loaded to delayed: OctagonTrust
dyld[47872]: move loaded to delayed: AudioUnit
dyld[47872]: move loaded to delayed: OpenDirectory
dyld[47872]: move loaded to delayed: CFOpenDirectory
dyld[47872]: move loaded to delayed: GeoServices
dyld[47872]: move loaded to delayed: LocationSupport
dyld[47872]: move loaded to delayed: GeoServicesCore
dyld[47872]: move loaded to delayed: PhoneNumbers
dyld[47872]: move loaded to delayed: LocationLogEncryption
dyld[47872]: move loaded to delayed: AVFAudio
dyld[47872]: move loaded to delayed: AVRouting
dyld[47872]: move loaded to delayed: libAccessibility.dylib
dyld[47872]: move loaded to delayed: MediaServices
dyld[47872]: move loaded to delayed: IDS
dyld[47872]: move loaded to delayed: IsolatedCoreAudioClient
dyld[47872]: move loaded to delayed: CoreAudioOrchestration
dyld[47872]: move loaded to delayed: MediaToolbox
dyld[47872]: move loaded to delayed: CoreAVCHD
dyld[47872]: move loaded to delayed: MediaAccessibility
dyld[47872]: move loaded to delayed: Mangrove
dyld[47872]: move loaded to delayed: CMPhoto
dyld[47872]: move loaded to delayed: CoreTelephony
dyld[47872]: move loaded to delayed: CoreAUC
dyld[47872]: move loaded to delayed: AppleJPEGXL
dyld[47872]: move loaded to delayed: libTelephonyUtilDynamic.dylib
dyld[47872]: move loaded to delayed: CryptoKit
dyld[47872]: move loaded to delayed: CryptoKitCBridging
dyld[47872]: move loaded to delayed: CryptoTokenKit
dyld[47872]: move loaded to delayed: LocalAuthentication
dyld[47872]: move loaded to delayed: LocalAuthenticationCore
dyld[47872]: move loaded to delayed: LocalAuthenticationCredentialServices
dyld[47872]: move loaded to delayed: SharedUtils
dyld[47872]: move loaded to delayed: PersistentConnection
dyld[47872]: move loaded to delayed: SonicFoundation
dyld[47872]: move loaded to delayed: AsyncAlgorithmsInternal
dyld[47872]: move loaded to delayed: FTAWD
dyld[47872]: move loaded to delayed: Dendrite
dyld[47872]: move loaded to delayed: libtailspin.dylib
dyld[47872]: move loaded to delayed: Osprey
dyld[47872]: move loaded to delayed: SiriTTS
dyld[47872]: move loaded to delayed: NaturalLanguage
dyld[47872]: move loaded to delayed: GenerativeModels
dyld[47872]: move loaded to delayed: SiriPowerInstrumentation
dyld[47872]: move loaded to delayed: libswiftNaturalLanguage.dylib
dyld[47872]: move loaded to delayed: TailspinSymbolication
dyld[47872]: move loaded to delayed: Darwinup
dyld[47872]: move loaded to delayed: SignpostSupport
dyld[47872]: move loaded to delayed: FeatureFlagsSupport
dyld[47872]: move loaded to delayed: ktrace
dyld[47872]: move loaded to delayed: SampleAnalysis
dyld[47872]: move loaded to delayed: kperfdata
dyld[47872]: move loaded to delayed: libdscsym.dylib
dyld[47872]: move loaded to delayed: AppleMobileFileIntegrity
dyld[47872]: move loaded to delayed: BulkSymbolication
dyld[47872]: move loaded to delayed: libTLE.dylib
dyld[47872]: move loaded to delayed: libmis.dylib
dyld[47872]: move loaded to delayed: ConfigProfileHelper
dyld[47872]: move loaded to delayed: Espresso
dyld[47872]: move loaded to delayed: CoreML
dyld[47872]: move loaded to delayed: libedit.3.dylib
dyld[47872]: move loaded to delayed: ANECompiler
dyld[47872]: move loaded to delayed: AppleNeuralEngine
dyld[47872]: move loaded to delayed: MIL
dyld[47872]: move loaded to delayed: MetalPerformanceShadersGraph
dyld[47872]: move loaded to delayed: MLCompilerServices
dyld[47872]: move loaded to delayed: ANEServices
dyld[47872]: move loaded to delayed: libncurses.5.4.dylib
dyld[47872]: move loaded to delayed: libsandbox.1.dylib
dyld[47872]: move loaded to delayed: libMatch.1.dylib
dyld[47872]: move loaded to delayed: ODIE
dyld[47872]: move loaded to delayed: MLModelAsset
dyld[47872]: move loaded to delayed: MLCompilerRuntime
dyld[47872]: move loaded to delayed: MLCompute
dyld[47872]: move loaded to delayed: MLAssetIO
dyld[47872]: move loaded to delayed: libswiftMLCompute.dylib
dyld[47872]: move loaded to delayed: AVFCore
dyld[47872]: move loaded to delayed: AVFCapture
dyld[47872]: move loaded to delayed: CMImaging
dyld[47872]: move loaded to delayed: Quagga
dyld[47872]: move loaded to delayed: CMCapture
dyld[47872]: move loaded to delayed: CoreMediaIO
dyld[47872]: move loaded to delayed: CMCaptureDevice
dyld[47872]: move loaded to delayed: CoreBrightness
dyld[47872]: move loaded to delayed: CinematicFraming
dyld[47872]: move loaded to delayed: ModelManagerServices
dyld[47872]: move loaded to delayed: CPMS
dyld[47872]: move loaded to delayed: SystemStatus
dyld[47872]: move loaded to delayed: CoreMotion
dyld[47872]: move loaded to delayed: TimeSync
dyld[47872]: move loaded to delayed: DistributedSensing
dyld[47872]: move loaded to delayed: MobileBluetooth
dyld[47872]: move loaded to delayed: IOKitten
dyld[47872]: move loaded to delayed: AppleIntelligenceReporting
dyld[47872]: move loaded to delayed: CoreEmoji
dyld[47872]: move loaded to delayed: libCRFSuite.dylib
dyld[47872]: move loaded to delayed: LanguageModeling
dyld[47872]: move loaded to delayed: CoreNLP
dyld[47872]: move loaded to delayed: Montreal
dyld[47872]: move loaded to delayed: libcmph.dylib
dyld[47872]: move loaded to delayed: libmecab.dylib
dyld[47872]: move loaded to delayed: libThaiTokenizer.dylib
dyld[47872]: move loaded to delayed: GenerativeModelsFoundation
dyld[47872]: move loaded to delayed: TokenGeneration
dyld[47872]: move loaded to delayed: GenerativeFunctions
dyld[47872]: move loaded to delayed: GenerativeFunctionsFoundation
dyld[47872]: move loaded to delayed: ModelCatalog
dyld[47872]: move loaded to delayed: SensitiveContentAnalysisML
dyld[47872]: move loaded to delayed: GenerativeFunctionsInstrumentation
dyld[47872]: move loaded to delayed: PromptKit
dyld[47872]: move loaded to delayed: ProactiveDaemonSupport
dyld[47872]: move loaded to delayed: TokenGenerationCore
dyld[47872]: move loaded to delayed: Trial
dyld[47872]: move loaded to delayed: TrialProto
dyld[47872]: move loaded to delayed: AppleFlatBuffers
dyld[47872]: move loaded to delayed: SentencePieceInternal
dyld[47872]: move loaded to delayed: Vision
dyld[47872]: move loaded to delayed: CoreSceneUnderstanding
dyld[47872]: move loaded to delayed: VisionCore
dyld[47872]: move loaded to delayed: DataDetectorsCore
dyld[47872]: move loaded to delayed: libfaceCore.dylib
dyld[47872]: move loaded to delayed: Futhark
dyld[47872]: move loaded to delayed: InertiaCam
dyld[47872]: move loaded to delayed: TextRecognition
dyld[47872]: move loaded to delayed: DataDetection
dyld[47872]: move loaded to delayed: TextInput
dyld[47872]: move loaded to delayed: CVNLP
dyld[47872]: move loaded to delayed: IntentsFoundation
dyld[47872]: move loaded to delayed: HIDDisplay
dyld[47872]: move loaded to delayed: libcups.2.dylib
dyld[47872]: move loaded to delayed: Kerberos
dyld[47872]: move loaded to delayed: libresolv.9.dylib
dyld[47872]: move loaded to delayed: Heimdal
dyld[47872]: move loaded to delayed: libHeimdalProxy.dylib
dyld[47872]: move loaded to delayed: CommonAuth
dyld[47872]: move loaded to delayed: AXCoreUtilities
dyld[47872]: move loaded to delayed: AttributeGraph
dyld[47872]: move loaded to delayed: libAXSafeCategoryBundle.dylib
dyld[47872]: move loaded to delayed: TabularData
dyld[47872]: move loaded to delayed: ArgumentParserInternal
dyld[47872]: move loaded to delayed: libvDSP.dylib
dyld[47872]: move loaded to delayed: libLAPACK.dylib
dyld[47872]: move loaded to delayed: libLinearAlgebra.dylib
dyld[47872]: move loaded to delayed: libSparseBLAS.dylib
dyld[47872]: move loaded to delayed: libQuadrature.dylib
dyld[47872]: move loaded to delayed: libBNNS.dylib
dyld[47872]: move loaded to delayed: libSparse.dylib
dyld[47872]: move loaded to delayed: ApplePushService
dyld[47872]: move loaded to delayed: CloudKit
dyld[47872]: move loaded to delayed: CoreDuetDaemonProtocol
dyld[47872]: move loaded to delayed: DeviceIdentity
dyld[47872]: move loaded to delayed: SharedWithYouCore
dyld[47872]: move loaded to delayed: CloudTelemetry
dyld[47872]: move loaded to delayed: AppleAccount
dyld[47872]: move loaded to delayed: C2
dyld[47872]: move loaded to delayed: CloudCoreInternal
dyld[47872]: move loaded to delayed: CloudAsset
dyld[47872]: move loaded to delayed: PushKit
dyld[47872]: move loaded to delayed: CoreTransferable
dyld[47872]: move loaded to delayed: NetAuth
dyld[47872]: move loaded to delayed: loginsupport
dyld[47872]: move loaded to delayed: CloudTelemetryTools
dyld[47872]: move loaded to delayed: CloudTelemetryShared.dylib
dyld[47872]: move loaded to delayed: RTCReporting
dyld[47872]: move loaded to delayed: AAAFoundationSwift
dyld[47872]: move loaded to delayed: AppleIDSSOAuthentication
dyld[47872]: move loaded to delayed: UIFoundation
dyld[47872]: move loaded to delayed: CaptiveNetwork
dyld[47872]: move loaded to delayed: EAP8021X
dyld[47872]: move loaded to delayed: CryptoKitPrivate
dyld[47872]: move loaded to delayed: FindMyDevice
dyld[47872]: move loaded to delayed: FMCoreLite
dyld[47872]: move loaded to delayed: ServiceManagement
dyld[47872]: move loaded to delayed: libCheckFix.dylib
dyld[47872]: move loaded to delayed: MetadataUtilities
dyld[47872]: move loaded to delayed: InstalledContentLibrary
dyld[47872]: move loaded to delayed: CoreServicesStore
dyld[47872]: move loaded to delayed: libapp_launch_measurement.dylib
dyld[47872]: move loaded to delayed: MobileSystemServices
dyld[47872]: move loaded to delayed: libxslt.1.dylib
dyld[47872]: move loaded to delayed: BackgroundTaskManagement
dyld[47872]: move loaded to delayed: libcurl.4.dylib
dyld[47872]: move loaded to delayed: libcrypto.46.dylib
dyld[47872]: move loaded to delayed: libssl.48.dylib
dyld[47872]: move loaded to delayed: LDAP
dyld[47872]: move loaded to delayed: TrustEvaluationAgent
dyld[47872]: move loaded to delayed: libsasl2.2.dylib
Aphid DuckDB example passed
............................stale-cancel race: 30 iterations; maximum cancel-to-idle 758908 us
........heartbeat: 51 samples; maximum gap 6 ms
.
19:56:32.652 [error] Aphid artifact [unloadable]: /Users/catethos/workspace/ladybugex/zig_library/_build/hardening-beam/lib/aphid/priv/lib/Elixir.Aphid.Native: {:upgrade, ~c"Library upgrade-call unsuccessful (-1)."}; use the matching complete bundle and runtime. No source fallback.

19:56:32.657 [warning] The on_load function for module Elixir.Aphid.Native returned:
{:error, {:upgrade, ~c"Library upgrade-call unsuccessful (-1)."}}

..........................................
Finished in 55.7 seconds (1.4s async, 54.3s sync)

Result: 99 passed
{"command": ["/Users/catethos/.local/share/mise/installs/erlang/29.0.4/erts-17.0.4/bin/beam.smp", "-S", "1:1", "-SDcpu", "1:1", "--", "-root", "/Users/catethos/.local/share/mise/installs/erlang/29.0.4", "-bindir", "/Users/catethos/.local/share/mise/installs/erlang/29.0.4/erts-17.0.4/bin", "-progname", "erl", "--", "-home", "/Users/catethos", "--", "-kernel", "shell_history", "enabled", "--", "-noshell", "-elixir_root", "/Users/catethos/.local/share/mise/installs/elixir/1.20.0-otp-28/bin/../lib", "-pa", "/Users/catethos/.local/share/mise/installs/elixir/1.20.0-otp-28/bin/../lib/elixir/ebin", "-s", "elixir", "start_cli", "--", "--", "--", "-extra", "/Users/catethos/.local/share/mise/installs/elixir/1.20.0-otp-28/bin/mix", "test", "--no-compile", "--no-deps-check", "--seed", "0"], "cwd": "/Users/catethos/workspace/ladybugex/zig_library", "exit": 0, "seconds": 62.252}
