dyld[36742]: <551CEC32-543F-3A81-BB5F-149DF4DB417C> /Users/catethos/.local/share/mise/installs/erlang/29.0.4/erts-17.0.4/bin/erlexec
dyld[36742]: <4CC4CAD6-45A6-361E-9343-DE636A0B5C02> /usr/lib/libSystem.B.dylib
dyld[36742]: <EA7C2E0B-52BF-3D45-9A33-38F54A535452> /usr/lib/system/libcache.dylib
dyld[36742]: <72D94140-1281-3886-971B-37C810403C03> /usr/lib/system/libcommonCrypto.dylib
dyld[36742]: <D60A9B54-A909-3FD5-93B9-3F38BE0A2BE8> /usr/lib/system/libcompiler_rt.dylib
dyld[36742]: <58F425CF-7D4F-34FD-9620-706A2A7F8BDC> /usr/lib/system/libcopyfile.dylib
dyld[36742]: <D54389FC-4078-370D-A863-9FEF16E00DFD> /usr/lib/system/libcorecrypto.dylib
dyld[36742]: <243E06A0-7BFF-3C3F-8A9B-D7732729B361> /usr/lib/system/libdispatch.dylib
dyld[36742]: <634959D0-592E-349C-B549-B91F2FF09858> /usr/lib/system/libdyld.dylib
dyld[36742]: <18EFA1CE-C535-3EAC-BC2C-7955593B7382> /usr/lib/system/libkeymgr.dylib
dyld[36742]: <3E43AF47-AD89-3BB4-82B9-A9533F4334DF> /usr/lib/system/libmacho.dylib
dyld[36742]: <78C5B827-8152-358D-90E9-B02F02A68B17> /usr/lib/system/libquarantine.dylib
dyld[36742]: <DA9C2B48-7A9C-32EA-888D-6C7AEB5250E6> /usr/lib/system/libremovefile.dylib
dyld[36742]: <FF57F6FA-F3A1-343D-815D-57B769D31445> /usr/lib/system/libsystem_asl.dylib
dyld[36742]: <A712B95E-BCEE-3F12-9F9B-58E6C2060E53> /usr/lib/system/libsystem_blocks.dylib
dyld[36742]: <FDC4E366-5C14-3A1E-BC35-D933D28CDCF3> /usr/lib/system/libsystem_c.dylib
dyld[36742]: <BDA28F78-F479-3C22-B9C7-4ABCB6801592> /usr/lib/system/libsystem_collections.dylib
dyld[36742]: <A14ED142-2F56-33A6-A23C-EEB8417DC90E> /usr/lib/system/libsystem_configuration.dylib
dyld[36742]: <2E14025A-52C2-361D-8A8F-5DD45825A2C9> /usr/lib/system/libsystem_containermanager.dylib
dyld[36742]: <F335DA14-69E8-336E-85A3-11EE239255F0> /usr/lib/system/libsystem_coreservices.dylib
dyld[36742]: <A095E4FE-0EE1-34DF-B00A-7D349FBC55E0> /usr/lib/system/libsystem_darwin.dylib
dyld[36742]: <6C03D78B-BFAB-3C7A-B713-50881791EE08> /usr/lib/system/libsystem_darwindirectory.dylib
dyld[36742]: <2C4C3043-008E-3BD8-BC29-AB9AD235DBA9> /usr/lib/system/libsystem_dnssd.dylib
dyld[36742]: <A279E124-8499-3FFC-A788-655070028F97> /usr/lib/system/libsystem_eligibility.dylib
dyld[36742]: <5E7CDBD5-44AB-34C0-A0F5-FC72F6116CDC> /usr/lib/system/libsystem_featureflags.dylib
dyld[36742]: <7402662E-F235-3F48-BB65-F64C8CF0F2BB> /usr/lib/system/libsystem_info.dylib
dyld[36742]: <3739A40F-2C17-3503-92D6-098141E56E89> /usr/lib/system/libsystem_m.dylib
dyld[36742]: <971CDCFE-4D20-300E-A1D6-EC8672FDD258> /usr/lib/system/libsystem_malloc.dylib
dyld[36742]: <01D14A9E-16DC-372C-8AA8-CC7AD39E797F> /usr/lib/system/libsystem_networkextension.dylib
dyld[36742]: <F9B1BAFF-4D09-3A1F-839B-189C21EB5FBB> /usr/lib/system/libsystem_notify.dylib
dyld[36742]: <6592D3CE-38C6-3C08-9EA5-75D64F37993F> /usr/lib/system/libsystem_sandbox.dylib
dyld[36742]: <C92FAEE5-DAED-3340-96B3-0C42B005ADF9> /usr/lib/system/libsystem_sanitizers.dylib
dyld[36742]: <C85AF062-AA9B-35BB-904C-C055B2C21602> /usr/lib/system/libsystem_secinit.dylib
dyld[36742]: <7CFB3A10-ADB2-32C4-99B5-922A111B3224> /usr/lib/system/libsystem_kernel.dylib
dyld[36742]: <4C6BD0FE-25F2-38D8-BE5C-24DAC1DEDCFB> /usr/lib/system/libsystem_platform.dylib
dyld[36742]: <12342372-0084-37A5-9EA6-2E4DC940C685> /usr/lib/system/libsystem_pthread.dylib
dyld[36742]: <CE07A0DF-31B6-3528-B7CE-91CAD89AA519> /usr/lib/system/libsystem_symptoms.dylib
dyld[36742]: <E043667E-AD01-3228-837F-A381F32F2B30> /usr/lib/system/libsystem_trace.dylib
dyld[36742]: <2FF186A6-F448-38CD-9A30-8B5B1AEFCA10> /usr/lib/system/libsystem_trial.dylib
dyld[36742]: <B21A1015-83D4-31D8-BA41-88688962D9A6> /usr/lib/system/libunwind.dylib
dyld[36742]: <40BBE226-77D4-332E-9DA8-F0B5BACFB86D> /usr/lib/system/libxpc.dylib
dyld[36742]: <40277974-D20C-3EC8-B25C-43AE30D8CC60> /usr/lib/libobjc.A.dylib
dyld[36742]: <5BCE8CB3-4EF5-3181-B96B-8E8130851510> /System/Library/PrivateFrameworks/XPCSupport.framework/Versions/A/XPCSupport
dyld[36742]: <FDBA2243-A7AB-3524-9B94-F3034AC36E41> /System/Library/Frameworks/CoreFoundation.framework/Versions/A/CoreFoundation
dyld[36742]: <81895735-AEE8-36CF-B7ED-370A80C4E78A> /usr/lib/swift/libswiftCore.dylib
dyld[36742]: <DDE77B06-5E25-380B-85B7-BA1A27D09021> /usr/lib/libc++abi.dylib
dyld[36742]: <F41D814B-FE1F-311A-A778-5F0699628188> /usr/lib/libRosetta.dylib
dyld[36742]: <C6DC2145-7B94-3E01-ADE5-96A6C2D078BC> /usr/lib/libc++.1.dylib
dyld[36742]: <2E3EA3FE-B1EF-3EDA-B94E-C7FC54E30C13> /System/Library/Frameworks/Foundation.framework/Versions/C/Foundation
dyld[36742]: <4A2A8D5B-A79D-36B3-A688-1792E7A98EA6> /usr/lib/swift/libswiftObjectiveC.dylib
dyld[36742]: <CB44DEF4-FCFF-36ED-8E9D-BB26E0DFACAC> /usr/lib/libswiftPrespecialized.dylib
dyld[36742]: <7C419E70-AC1A-3BF9-913F-D2F87F60680B> /System/Library/Frameworks/SystemConfiguration.framework/Versions/A/SystemConfiguration
dyld[36742]: <03BEB01C-EE74-3952-80FC-D2B7CF9C798D> /usr/lib/libz.1.dylib
dyld[36742]: <1C295E81-112C-3641-8846-101E1BD9471D> /System/Library/PrivateFrameworks/CoreAutoLayout.framework/Versions/A/CoreAutoLayout
dyld[36742]: <B0B762DB-DEE4-368F-94E4-6BCFEC98E286> /usr/lib/libcmark-gfm.dylib
dyld[36742]: <4A5173C4-2F2F-3503-9FED-70C4E5BEFA0F> /usr/lib/libfakelink.dylib
dyld[36742]: <88B2498F-674F-34B8-AC5F-048E050518E5> /usr/lib/libcompression.dylib
dyld[36742]: <49C50CC0-E432-3C8D-84D5-F6AA825941A3> /System/Library/Frameworks/CFNetwork.framework/Versions/A/CFNetwork
dyld[36742]: <ECE02111-DA6A-386C-B109-699F01824273> /System/Library/Frameworks/DiskArbitration.framework/Versions/A/DiskArbitration
dyld[36742]: <CE6444C3-4DCC-3F04-B4EC-AE78233CD4C8> /usr/lib/libarchive.2.dylib
dyld[36742]: <E681BCDD-6DE1-3079-8AD8-DB80F389420D> /usr/lib/libDiagnosticMessagesClient.dylib
dyld[36742]: <700597A5-5992-3705-9F22-3E970E735653> /usr/lib/libicucore.A.dylib
dyld[36742]: <E706ECFF-E18C-3E27-B22D-B8307DE9C6D2> /usr/lib/libxml2.2.dylib
dyld[36742]: <B20E2809-8922-3D51-9CF9-1EF7DFDFBE1D> /System/Library/Frameworks/CoreServices.framework/Versions/A/CoreServices
dyld[36742]: <A316E5EC-C7E2-3D1C-A36A-7075E38735A8> /usr/lib/liblangid.dylib
dyld[36742]: <93FF2D40-D3DB-37A6-A827-8C8947B0BDCF> /System/Library/Frameworks/IOKit.framework/Versions/A/IOKit
dyld[36742]: <EBB4454A-765B-38CF-8B9D-71FF1B53D290> /System/Library/Frameworks/Combine.framework/Versions/A/Combine
dyld[36742]: <FD544864-C6FA-3FB3-B8EA-7ECAA412D97F> /System/Library/PrivateFrameworks/CollectionsInternal.framework/Versions/A/CollectionsInternal
dyld[36742]: <B66B4EC0-DF77-317E-B57C-9005FCA3B3E1> /System/Library/PrivateFrameworks/ReflectionInternal.framework/Versions/A/ReflectionInternal
dyld[36742]: <8D664FD8-9C6D-35F2-A0CB-C7E22ABEB804> /System/Library/PrivateFrameworks/RuntimeInternal.framework/Versions/A/RuntimeInternal
dyld[36742]: <105FF8F1-5BE6-387D-B850-ECE87B4BFE9C> /System/Library/PrivateFrameworks/SoftLinking.framework/Versions/A/SoftLinking
dyld[36742]: <EE71FC23-45F1-30AE-B49C-74D2DE7882BA> /usr/lib/swift/libswiftCoreFoundation.dylib
dyld[36742]: <70D613F2-BFE7-38FC-A7E8-80779478F554> /usr/lib/swift/libswiftDarwin.dylib
dyld[36742]: <F272890D-9996-3BD0-A5AA-67CE47819FE4> /usr/lib/swift/libswiftDispatch.dylib
dyld[36742]: <1A55E5A8-85E6-3067-AB87-4AC87B8C6530> /usr/lib/swift/libswiftIOKit.dylib
dyld[36742]: <92A7149B-3E19-38D2-BD36-3360D56F3096> /usr/lib/swift/libswiftSystem.dylib
dyld[36742]: <75A38F4A-06EE-3FD1-87A3-8F9FF972CE47> /usr/lib/swift/libswiftXPC.dylib
dyld[36742]: <4C680D47-D53D-3E82-9575-B04943349B45> /usr/lib/swift/libswift_Builtin_float.dylib
dyld[36742]: <E202745F-BFF6-3F29-A171-5C8DDE11779C> /usr/lib/swift/libswift_Concurrency.dylib
dyld[36742]: <4A0A069F-D0C0-3F0A-BE4F-4AFE0DF78D58> /usr/lib/swift/libswift_DarwinFoundation1.dylib
dyld[36742]: <2B54D7C1-96A9-350E-B680-2CEC48FE32AE> /usr/lib/swift/libswift_StringProcessing.dylib
dyld[36742]: <C191573D-AF50-3C8E-840C-F64782CC2BFC> /usr/lib/swift/libswiftos.dylib
dyld[36742]: <48EB2100-B5F6-3150-A424-5FD9EEC9B77B> /System/Library/PrivateFrameworks/CoreServicesInternal.framework/Versions/A/CoreServicesInternal
dyld[36742]: <F41D814B-FE1F-311A-A778-5F0699628188> /usr/lib/liboah.dylib
dyld[36742]: <A4C45770-BA54-3D2C-9DA3-077F5A497C32> /System/Library/Frameworks/Security.framework/Versions/A/Security
dyld[36742]: <D3D5DEE9-258B-33B9-A688-CF81D495E88D> /System/Library/PrivateFrameworks/GenerationalStorage.framework/Versions/A/GenerationalStorage
dyld[36742]: <02498F6E-F56A-35EC-BBFD-09E0739F330E> /System/Library/PrivateFrameworks/CacheDelete.framework/Versions/A/CacheDelete
dyld[36742]: <5879E066-73C2-3C08-9571-57A56D8FC106> /System/Library/Frameworks/QuickLookThumbnailing.framework/Versions/A/QuickLookThumbnailing
dyld[36742]: <56C602D6-EE17-31C4-BACC-962E392B7A14> /System/Library/Frameworks/FileProvider.framework/Versions/A/FileProvider
dyld[36742]: <1D861D5E-F6F8-3B0C-97F0-6F7DA8174A13> /System/Library/PrivateFrameworks/DiskImages.framework/Versions/A/DiskImages
dyld[36742]: <8B049FBF-B02F-3B65-B252-36DD33AE4DCB> /System/Library/Frameworks/NetFS.framework/Versions/A/NetFS
dyld[36742]: <8A8560B9-089E-3AB8-996F-C1E6F335D567> /System/Library/PrivateFrameworks/DesktopServicesPriv.framework/Versions/A/DesktopServicesPriv
dyld[36742]: <4DF5833E-170E-391E-8068-334A1619B6EC> /System/Library/Frameworks/CoreServices.framework/Versions/A/Frameworks/FSEvents.framework/Versions/A/FSEvents
dyld[36742]: <C3100FC0-CB90-375E-8228-7AD3095F70CC> /System/Library/Frameworks/CoreServices.framework/Versions/A/Frameworks/CarbonCore.framework/Versions/A/CarbonCore
dyld[36742]: <20352036-F9BF-311D-BF2B-4BE56DE35A4C> /System/Library/Frameworks/CoreServices.framework/Versions/A/Frameworks/Metadata.framework/Versions/A/Metadata
dyld[36742]: <C43D9113-B804-3617-AB4E-18B9746C3FD7> /System/Library/Frameworks/CoreServices.framework/Versions/A/Frameworks/OSServices.framework/Versions/A/OSServices
dyld[36742]: <DB2FEE7A-4E93-3C0A-A1BC-1A7915D7F824> /System/Library/Frameworks/CoreServices.framework/Versions/A/Frameworks/SearchKit.framework/Versions/A/SearchKit
dyld[36742]: <1FE41C73-319E-31D6-8AB9-5D9725C29840> /System/Library/Frameworks/CoreServices.framework/Versions/A/Frameworks/AE.framework/Versions/A/AE
dyld[36742]: <F672AF6B-712F-3E94-A30C-D962C961B1AE> /System/Library/Frameworks/CoreServices.framework/Versions/A/Frameworks/LaunchServices.framework/Versions/A/LaunchServices
dyld[36742]: <89B35D84-BCB4-32EA-B793-BB3563BA6C7E> /System/Library/Frameworks/CoreServices.framework/Versions/A/Frameworks/DictionaryServices.framework/Versions/A/DictionaryServices
dyld[36742]: <11D1A903-7E02-365D-B434-CF1F6928B9C8> /System/Library/Frameworks/CoreServices.framework/Versions/A/Frameworks/SharedFileList.framework/Versions/A/SharedFileList
dyld[36742]: <37EB8634-C367-3986-951F-FE6CE034F9B8> /usr/lib/libapple_nghttp2.dylib
dyld[36742]: <FFED8D03-933A-3E77-A298-899189CFDDEE> /usr/lib/libsqlite3.dylib
dyld[36742]: <480932A5-4C8C-3AEF-AFC3-31D7D5A6DFB7> /System/Library/Frameworks/Accounts.framework/Versions/A/Accounts
dyld[36742]: <277306E7-DBCE-3D31-8E19-1A959860E47C> /System/Library/PrivateFrameworks/AOSKit.framework/Versions/A/AOSKit
dyld[36742]: <F1614AEF-411C-3D85-B147-122B24A52BD2> /System/Library/PrivateFrameworks/AppSSOCore.framework/Versions/A/AppSSOCore
dyld[36742]: <E49883EF-0C5A-34B3-940E-6CDED347A361> /System/Library/PrivateFrameworks/AppSupport.framework/Versions/A/AppSupport
dyld[36742]: <2B4C89E8-6D61-382F-8596-400AFD5DFAED> /System/Library/Frameworks/AVFoundation.framework/Versions/A/AVFoundation
dyld[36742]: <D6494026-1CF4-365F-9D35-BD3C0FAE8463> /System/Library/PrivateFrameworks/BackgroundSystemTasks.framework/Versions/A/BackgroundSystemTasks
dyld[36742]: <5B6BC0A9-527D-3D06-B19A-59A55830D0C2> /System/Library/PrivateFrameworks/CoreAnalytics.framework/Versions/A/CoreAnalytics
dyld[36742]: <86707213-12B9-3943-AF6A-FBFDF1209FCA> /System/Library/Frameworks/CoreGraphics.framework/Versions/A/CoreGraphics
dyld[36742]: <43674C87-ADFF-3F60-9DDD-8CE9CAFA39D5> /System/Library/PrivateFrameworks/DuetActivityScheduler.framework/Versions/A/DuetActivityScheduler
dyld[36742]: <8220298F-96F2-3CED-82CF-C07E11DA38F9> /System/Library/PrivateFrameworks/FTServices.framework/Versions/A/FTServices
dyld[36742]: <6A676BE5-DAA2-3923-8B2D-9183A79D8FCF> /System/Library/Frameworks/GSS.framework/Versions/A/GSS
dyld[36742]: <B9C46934-ECEA-360F-BD4D-39025C7947C9> /System/Library/PrivateFrameworks/InternationalSupport.framework/Versions/A/InternationalSupport
dyld[36742]: <F64C374B-7C49-32B2-BD2E-8822A3F14163> /usr/lib/libMemoryResourceException.dylib
dyld[36742]: <A3C34F06-7BB2-3881-8DD1-775BB79E14B3> /System/Library/PrivateFrameworks/NetworkScore.framework/Versions/A/NetworkScore
dyld[36742]: <31C663CB-E303-3669-A2D3-17AB24A16940> /System/Library/PrivateFrameworks/NetworkServiceProxy.framework/Versions/A/NetworkServiceProxy
dyld[36742]: <949C594B-FE78-3E1A-B40C-4720CF994C75> /System/Library/PrivateFrameworks/RunningBoardServices.framework/Versions/A/RunningBoardServices
dyld[36742]: <291F2CDF-90AA-36D2-94BB-1318387C54C5> /System/Library/PrivateFrameworks/StreamingExtractor.framework/Versions/A/StreamingExtractor
dyld[36742]: <A266C210-8869-390E-93D0-5AC15408C80D> /System/Library/PrivateFrameworks/StreamingZip.framework/Versions/A/StreamingZip
dyld[36742]: <DB7270A8-9BB5-3EBE-B2FD-54F6641D56DE> /System/Library/PrivateFrameworks/SymptomReporter.framework/Versions/A/SymptomReporter
dyld[36742]: <87E902A1-34F8-3ED8-8A5B-00F346A553AE> /usr/lib/libenergytrace.dylib
dyld[36742]: <076C8183-DBAF-3FE4-8019-C95855620AD9> /usr/lib/libnetworkextension.dylib
dyld[36742]: <4A16436D-E026-380A-ADED-84C279C05285> /System/Library/Frameworks/Network.framework/Versions/A/Network
dyld[36742]: <7E84A4E7-383B-33B9-B604-D707E8E0C76A> /usr/lib/libbsm.0.dylib
dyld[36742]: <B20E8F67-6646-3050-AB29-44575B24BB6D> /usr/lib/system/libkxld.dylib
dyld[36742]: <2D2A4D15-9634-3D30-8D50-845C65536968> /System/Library/PrivateFrameworks/AppleKeyStore.framework/Versions/A/AppleKeyStore
dyld[36742]: <CFECAA0B-0E59-3E9B-BE28-7247E52F32BC> /usr/lib/libCoreEntitlements.dylib
dyld[36742]: <DDEA8F2A-0D8C-3136-A60F-159B3BF6BB14> /System/Library/PrivateFrameworks/MessageSecurity.framework/Versions/A/MessageSecurity
dyld[36742]: <4AB73CF2-A262-3297-A4ED-F98885686564> /System/Library/PrivateFrameworks/ProtocolBuffer.framework/Versions/A/ProtocolBuffer
dyld[36742]: <9E416667-BB78-36EB-9B5D-886652738B8E> /System/Library/PrivateFrameworks/CloudServices.framework/Versions/A/CloudServices
dyld[36742]: <88586001-D9A2-3BCE-A0B3-F66B962A5FCD> /System/Library/PrivateFrameworks/SymptomDiagnosticReporter.framework/Versions/A/SymptomDiagnosticReporter
dyld[36742]: <E76B3969-60BD-3EBD-8419-B6D16CB330C2> /System/Library/PrivateFrameworks/CrashReporterSupport.framework/Versions/A/CrashReporterSupport
dyld[36742]: <E0F8AF6B-104D-3F9D-A8FB-49EF7C45EAAE> /usr/lib/libMobileGestalt.dylib
dyld[36742]: <903E85C5-7923-3276-8CD3-439E896B7C6B> /System/Library/PrivateFrameworks/AppleFSCompression.framework/Versions/A/AppleFSCompression
dyld[36742]: <5CF64670-CDC0-3AF0-930A-38522A8573EC> /usr/lib/libcoretls.dylib
dyld[36742]: <88C8B8CF-FC4A-3278-9FD7-A2B90B2F600F> /usr/lib/libcoretls_cfhelpers.dylib
dyld[36742]: <4653F0C2-72CB-3C35-AEB9-AAFD63A5B721> /usr/lib/libpam.2.dylib
dyld[36742]: <47C6FF5C-2E46-3B5A-A3AF-157D64AA89B0> /usr/lib/libxar.1.dylib
dyld[36742]: <715B7DF2-B40D-3EBA-BFC9-13276492ED33> /System/Library/PrivateFrameworks/APFS.framework/Versions/A/APFS
dyld[36742]: <C01C6663-DD1C-3855-AB40-23B40F988E8E> /System/Library/PrivateFrameworks/SwiftASN1Internal.framework/Versions/A/SwiftASN1Internal
dyld[36742]: <AAB4E5F3-8EF1-39BE-A32B-8B4ABF8F390D> /usr/lib/libutil.dylib
dyld[36742]: <389F3921-719F-3A03-BD22-3A711B27FB35> /System/Library/PrivateFrameworks/AppleSystemInfo.framework/Versions/A/AppleSystemInfo
dyld[36742]: <2CFBD4DF-9E6B-34A5-9B6C-BCD05F40F139> /System/Library/PrivateFrameworks/IOMobileFramebuffer.framework/Versions/A/IOMobileFramebuffer
dyld[36742]: <C30F04DE-ADD7-3DBC-A1B2-C7D1EFA08CC6> /System/Library/Frameworks/IOSurface.framework/Versions/A/IOSurface
dyld[36742]: <B73AC390-0D5D-3EDA-A81F-709B68F0E37A> /System/Library/PrivateFrameworks/CoreWiFi.framework/Versions/A/CoreWiFi
dyld[36742]: <E39BD6CE-35C2-3F90-BBC1-F68EB3C71E52> /System/Library/PrivateFrameworks/LoggingSupport.framework/Versions/A/LoggingSupport
dyld[36742]: <B7154554-8A67-3354-B992-14441B39FF71> /System/Library/PrivateFrameworks/MobileAsset.framework/Versions/A/MobileAsset
dyld[36742]: <604DB01F-E423-31DC-A4A1-792F6701BA2D> /System/Library/PrivateFrameworks/PowerLog.framework/Versions/A/PowerLog
dyld[36742]: <BE98D10A-67D4-311C-B556-8D3838CF6F81> /System/Library/PrivateFrameworks/Rapport.framework/Versions/A/Rapport
dyld[36742]: <58E4A38D-47FB-3EAC-B7E0-6818F49D24EA> /System/Library/Frameworks/SwiftData.framework/Versions/A/SwiftData
dyld[36742]: <540009BA-D3E5-3F67-8DE8-ED0033FE9215> /System/Library/PrivateFrameworks/Symptoms.framework/Versions/A/Frameworks/SymptomAnalytics.framework/Versions/A/SymptomAnalytics
dyld[36742]: <743056F4-24EC-3A70-8282-C6F20407C193> /System/Library/Frameworks/UniformTypeIdentifiers.framework/Versions/A/UniformTypeIdentifiers
dyld[36742]: <4C89B3C9-F76E-3ED3-9515-E770E4E0E04A> /System/Library/PrivateFrameworks/UserManagement.framework/Versions/A/UserManagement
dyld[36742]: <0767E249-3DD3-375B-8E61-F5DB8309C5BA> /usr/lib/libboringssl.dylib
dyld[36742]: <819F23DB-90BE-3F09-8647-29C8F3CF929E> /usr/lib/libcupolicy.dylib
dyld[36742]: <B079C73B-474D-3A35-B9FC-C417A2FAAC2D> /usr/lib/libdns_services.dylib
dyld[36742]: <9BFCCC8E-40E3-33F3-8108-ED956930D9B0> /System/Library/Frameworks/NetworkExtension.framework/Versions/A/NetworkExtension
dyld[36742]: <2C368B24-1063-37A2-9815-6392CE0D28FA> /usr/lib/libnwswifttls.dylib
dyld[36742]: <0A92F1D9-34F1-35A9-A293-57BED013A7C7> /usr/lib/libpcap.A.dylib
dyld[36742]: <A88B0E2C-9449-37D5-AA62-8533346704D8> /usr/lib/libquic.dylib
dyld[36742]: <35A0D004-85A7-324D-A597-61F1AA1203B8> /usr/lib/libusrtcp.dylib
dyld[36742]: <AD7AC28E-DF43-3FE2-9F95-1A55421FE21B> /System/Library/PrivateFrameworks/AtomicsInternal.framework/Versions/A/AtomicsInternal
dyld[36742]: <4AFF9D01-B152-3754-917D-FEB9B6EDB074> /System/Library/PrivateFrameworks/InternalSwiftProtobuf.framework/Versions/A/InternalSwiftProtobuf
dyld[36742]: <939A84CD-B303-36D6-89D4-0CA6FE6C9335> /usr/lib/swift/libswiftDistributed.dylib
dyld[36742]: <69B34359-C025-3674-9127-6FE565701511> /usr/lib/swift/libswiftObservation.dylib
dyld[36742]: <7626547E-9425-3FAE-A895-04A4C0B5A24C> /usr/lib/swift/libswiftSynchronization.dylib
dyld[36742]: <61779A8C-8FAF-3B30-88EB-F8B1F7965DA6> /System/Library/PrivateFrameworks/AggregateDictionary.framework/Versions/A/AggregateDictionary
dyld[36742]: <ACB84D0D-0179-32B7-8F5C-53BD2AC740D5> /System/Library/PrivateFrameworks/CoreDuetContext.framework/Versions/A/CoreDuetContext
dyld[36742]: <ED2927D1-85F9-346D-9054-C9008EEFC205> /System/Library/PrivateFrameworks/BiomeLibrary.framework/Versions/A/BiomeLibrary
dyld[36742]: <0F02B28D-130E-3D48-A02E-D62C960731A0> /System/Library/PrivateFrameworks/CoreDuet.framework/Versions/A/CoreDuet
dyld[36742]: <0C2B5247-3909-390E-89D1-CD10B5986FDB> /System/Library/PrivateFrameworks/BiomeStreams.framework/Versions/A/BiomeStreams
dyld[36742]: <ECD6B305-5576-372C-A6C2-6FB8B3449B16> /System/Library/PrivateFrameworks/BiomeFoundation.framework/Versions/A/BiomeFoundation
dyld[36742]: <56BD2841-6328-3882-839C-512E9AEC3220> /System/Library/PrivateFrameworks/BiomePubSub.framework/Versions/A/BiomePubSub
dyld[36742]: <26BCA90F-FDB6-3162-8398-B204D85CFE5B> /System/Library/Frameworks/CoreData.framework/Versions/A/CoreData
dyld[36742]: <5C05FB7B-7E85-3E88-B482-B08EBADE6C7C> /System/Library/PrivateFrameworks/ProactiveSupport.framework/Versions/A/ProactiveSupport
dyld[36742]: <8984813E-20DC-39D0-8760-81CF047BEA77> /System/Library/Frameworks/CoreLocation.framework/Versions/A/CoreLocation
dyld[36742]: <71576C7F-398C-30F3-8B15-E71BBEFCBF40> /System/Library/Frameworks/Intents.framework/Versions/A/Intents
dyld[36742]: <9C3CA246-0044-37F0-9C69-6A72E1434912> /System/Library/Frameworks/_LocationEssentials.framework/Versions/A/_LocationEssentials
dyld[36742]: <6DB9D3C0-C6E8-34F1-BECE-E13E769A8FDB> /usr/lib/liblzma.5.dylib
dyld[36742]: <69865F9B-6DB8-3638-8A23-072E1E349C72> /System/Library/Frameworks/Accelerate.framework/Versions/A/Accelerate
dyld[36742]: <0542EA91-C289-3EEB-A7BD-E3FDC5F48622> /System/Library/PrivateFrameworks/MobileKeyBag.framework/Versions/A/MobileKeyBag
dyld[36742]: <504121FD-73F2-3024-93D0-E8A7C806E94B> /System/Library/PrivateFrameworks/InternationalTextSearch.framework/Versions/A/InternationalTextSearch
dyld[36742]: <6DD8264D-A08C-3E81-A4DC-DF6F92BDE42B> /System/Library/PrivateFrameworks/SoftwareUpdateCoreSupport.framework/Versions/A/SoftwareUpdateCoreSupport
dyld[36742]: <BE013477-FD5C-36B1-9127-66C2080DE35E> /System/Library/PrivateFrameworks/SoftwareUpdateCoreConnect.framework/Versions/A/SoftwareUpdateCoreConnect
dyld[36742]: <B9FE5420-1BC3-3001-ACAF-2E917BFFBDD0> /System/Library/PrivateFrameworks/RemoteServiceDiscovery.framework/Versions/A/RemoteServiceDiscovery
dyld[36742]: <135C2628-BD95-3432-8D97-32C8FDABD1E3> /System/Library/PrivateFrameworks/MSUDataAccessor.framework/Versions/A/MSUDataAccessor
dyld[36742]: <7817458F-E833-3825-A04B-03A79AD8739B> /usr/lib/libbootpolicy.dylib
dyld[36742]: <ED17CD59-DDEC-3BDE-9267-201A02407BAD> /System/Library/PrivateFrameworks/RemoteXPC.framework/Versions/A/RemoteXPC
dyld[36742]: <A1DBFEC9-D0A6-3B2E-99D2-EC6B5B9B960D> /usr/lib/libFDR.dylib
dyld[36742]: <A73B43E8-985F-3BB1-AD2B-DAF39BFF4E95> /usr/lib/libamsupport.dylib
dyld[36742]: <2C923B2B-EB1C-3FD1-8272-4AD141AEE322> /usr/lib/libReverseProxyDevice.dylib
dyld[36742]: <A1751466-FD99-3C13-9DAE-8EE39A575C75> /System/Library/PrivateFrameworks/AppleDeviceQuerySupport.framework/Versions/A/AppleDeviceQuerySupport
dyld[36742]: <6B2536A0-FB99-3B72-BF72-C8A230F76C2F> /usr/lib/libpartition2_dynamic.dylib
dyld[36742]: <50A785A8-C474-3A6D-A6CB-DFD2D0E93B43> /System/Library/PrivateFrameworks/AppleSauce.framework/Versions/A/AppleSauce
dyld[36742]: <4C0A66D2-B313-3A88-B438-3B2FBAFD7994> /usr/lib/libAppleArchive.dylib
dyld[36742]: <F8B99793-2A42-3B06-A92E-C84D8679459A> /usr/lib/libbz2.1.0.dylib
dyld[36742]: <87180846-15A0-3AE6-9375-8986922E7704> /System/Library/Frameworks/Accelerate.framework/Versions/A/Frameworks/vImage.framework/Versions/A/vImage
dyld[36742]: <F9DA17B8-BF0E-3D0E-8D51-8895A09E76CA> /System/Library/Frameworks/Accelerate.framework/Versions/A/Frameworks/vecLib.framework/Versions/A/vecLib
dyld[36742]: <E5B95953-1269-352C-B085-3BC6406E41D9> /System/Library/Frameworks/Accelerate.framework/Versions/A/Frameworks/vecLib.framework/Versions/A/libvMisc.dylib
dyld[36742]: <C127566F-507D-3087-8945-973441413016> /System/Library/Frameworks/Accelerate.framework/Versions/A/Frameworks/vImage.framework/Versions/A/Libraries/libCGInterfaces.dylib
dyld[36742]: <48BF39E9-074A-3BD8-80DD-DEB901859383> /System/Library/PrivateFrameworks/AccelerateGPU.framework/Versions/A/AccelerateGPU
dyld[36742]: <B8AEEB6D-A458-37C3-B22A-99C768B155EA> /System/Library/Frameworks/Accelerate.framework/Versions/A/Frameworks/vecLib.framework/Versions/A/libBLAS.dylib
dyld[36742]: <305A0A92-364D-3C8B-8BC4-DAE07A4E2918> /System/Library/Frameworks/ApplicationServices.framework/Versions/A/ApplicationServices
dyld[36742]: <9C44ABC3-19CD-32AB-A7AA-098813317900> /System/Library/Frameworks/CoreVideo.framework/Versions/A/CoreVideo
dyld[36742]: <96471F96-B3C6-3783-B8BB-17C1E48C46B7> /System/Library/Frameworks/ColorSync.framework/Versions/A/ColorSync
dyld[36742]: <22A4F922-8523-396D-AD9B-DA6FF15DA432> /System/Library/Frameworks/CoreText.framework/Versions/A/CoreText
dyld[36742]: <0CD49F9D-A8E2-303D-98A7-7E9602B00B90> /System/Library/Frameworks/ImageIO.framework/Versions/A/ImageIO
dyld[36742]: <63A93F8B-EBA5-37CF-A171-7B220B8C6A70> /System/Library/Frameworks/ApplicationServices.framework/Versions/A/Frameworks/ATS.framework/Versions/A/ATS
dyld[36742]: <0B0164B2-3069-3AF2-B2C5-8A5F1E81BFD6> /System/Library/Frameworks/ApplicationServices.framework/Versions/A/Frameworks/HIServices.framework/Versions/A/HIServices
dyld[36742]: <395625EB-39F6-392B-88CB-C8679C3A844C> /System/Library/Frameworks/ApplicationServices.framework/Versions/A/Frameworks/PrintCore.framework/Versions/A/PrintCore
dyld[36742]: <2CC38837-4DB6-3BBB-A3C9-75D083BD5C61> /System/Library/Frameworks/ApplicationServices.framework/Versions/A/Frameworks/QD.framework/Versions/A/QD
dyld[36742]: <7E09AC41-9944-3061-BC9A-23B6F977BE3A> /System/Library/Frameworks/ApplicationServices.framework/Versions/A/Frameworks/ColorSyncLegacy.framework/Versions/A/ColorSyncLegacy
dyld[36742]: <26B44C48-BC70-38A8-AAF1-7EC18393E11F> /System/Library/Frameworks/ApplicationServices.framework/Versions/A/Frameworks/SpeechSynthesis.framework/Versions/A/SpeechSynthesis
dyld[36742]: <898384F5-D43B-3BCA-8383-3039E80CFA6D> /System/Library/PrivateFrameworks/SkyLight.framework/Versions/A/SkyLight
dyld[36742]: <27A05596-EDE4-3576-B061-D68EB1B6CAD5> /System/Library/PrivateFrameworks/FontServices.framework/libFontParser.dylib
dyld[36742]: <0C76F3C5-CD3B-3837-BAEB-0226751512F6> /System/Library/PrivateFrameworks/BaseBoard.framework/Versions/A/BaseBoard
dyld[36742]: <35DD2B0B-E814-3C04-89AE-04EB53AB64B2> /System/Library/PrivateFrameworks/BoardServices.framework/Versions/A/BoardServices
dyld[36742]: <822C92A9-C200-3DF8-A48F-04F6FC444EA2> /System/Library/PrivateFrameworks/BackBoardServices.framework/Versions/A/BackBoardServices
dyld[36742]: <83EA7238-159B-3156-8F5D-D84E4D94FAD2> /System/Library/PrivateFrameworks/BackBoardHIDEventFoundation.framework/Versions/A/BackBoardHIDEventFoundation
dyld[36742]: <197CDF27-438E-3EB7-BC35-0C466CCF17CD> /System/Library/Frameworks/CoreDisplay.framework/Versions/A/CoreDisplay
dyld[36742]: <586DC60D-A727-38F7-9156-CC98E30F284D> /System/Library/Frameworks/VideoToolbox.framework/Versions/A/VideoToolbox
dyld[36742]: <7835C05F-D662-38A0-83A8-CA317D2C915B> /System/Library/Frameworks/MetalPerformanceShaders.framework/Versions/A/MetalPerformanceShaders
dyld[36742]: <3B0EC42B-483E-3B2E-9320-4CB6664A302B> /System/Library/PrivateFrameworks/ProDisplayLibrary.framework/Versions/A/ProDisplayLibrary
dyld[36742]: <A4FA1F92-D834-3716-89C5-F0B7C0609744> /System/Library/PrivateFrameworks/IOSurfaceAccelerator.framework/Versions/A/IOSurfaceAccelerator
dyld[36742]: <E62B6554-CA42-3D79-B048-C5F6DEFA20CC> /System/Library/Frameworks/Metal.framework/Versions/A/Metal
dyld[36742]: <61E0BB2C-2B28-3B5A-8548-B2C19521DCAD> /System/Library/PrivateFrameworks/IOAccelerator.framework/Versions/A/IOAccelerator
dyld[36742]: <8149A6D5-5D34-3DE8-9F49-0C13EBA54A00> /System/Library/Frameworks/CoreMedia.framework/Versions/A/CoreMedia
dyld[36742]: <312C79A8-E961-3646-8528-3FC190FAAEA3> /System/Library/PrivateFrameworks/TCC.framework/Versions/A/TCC
dyld[36742]: <C3A8BEDA-D443-3239-93BC-1F77D6307526> /System/Library/PrivateFrameworks/WatchdogClient.framework/Versions/A/WatchdogClient
dyld[36742]: <F1BA3189-E95A-3ECA-B59A-5A6872754484> /System/Library/Frameworks/QuartzCore.framework/Versions/A/QuartzCore
dyld[36742]: <9A09DE9B-0772-325A-BBA2-8164DAB189BE> /System/Library/PrivateFrameworks/MultitouchSupport.framework/Versions/A/MultitouchSupport
dyld[36742]: <DDA5A4B3-59E6-319C-8061-FEFD39ADC8C7> /usr/lib/swift/libswiftAccelerate.dylib
dyld[36742]: <EFBE5ADA-3929-35CF-988E-7AED8B7FDE51> /usr/lib/swift/libswiftCoreAudio.dylib
dyld[36742]: <D1491CD7-17C3-36DB-8775-211B2F22C80F> /usr/lib/swift/libswiftCoreMedia.dylib
dyld[36742]: <10BCDD43-C5E6-38BF-99CA-54B6AD7A3EEA> /usr/lib/swift/libswiftMetal.dylib
dyld[36742]: <57A2CE5E-DAC3-35D2-9BED-6188DF518B70> /usr/lib/swift/libswiftOSLog.dylib
dyld[36742]: <C348816E-C511-356C-830B-5F690FA3AA69> /usr/lib/swift/libswiftQuartzCore.dylib
dyld[36742]: <D02B3C6D-7F89-3910-B160-7339E13B7778> /usr/lib/swift/libswiftUniformTypeIdentifiers.dylib
dyld[36742]: <E0458D1A-E650-3E6B-99A1-1882CC4A159A> /usr/lib/swift/libswiftVideoToolbox.dylib
dyld[36742]: <F83F1836-73D8-3B30-A8C4-FED0DA5E8CEC> /usr/lib/swift/libswiftsimd.dylib
dyld[36742]: <9A1B7F95-CF13-3127-85D4-9AAF491AF821> /System/Library/PrivateFrameworks/BiomeStorage.framework/Versions/A/BiomeStorage
dyld[36742]: <5DA57389-B626-3B6E-89E3-C724B0468F10> /System/Library/PrivateFrameworks/IntelligencePlatformLibrary.framework/Versions/A/IntelligencePlatformLibrary
dyld[36742]: <2E3DEAB0-737E-3412-9437-32EDB3086EA3> /System/Library/PrivateFrameworks/PoirotSchematizer.framework/Versions/A/PoirotSchematizer
dyld[36742]: <6D9F3228-2B0C-36ED-B43E-BC4148212971> /System/Library/PrivateFrameworks/BiomeSync.framework/Versions/A/BiomeSync
dyld[36742]: <D25EE534-F145-3A91-B92E-2BBDE76BB0B1> /System/Library/PrivateFrameworks/BiomeDSL.framework/Versions/A/BiomeDSL
dyld[36742]: <BC98F8FE-E39A-31DC-B2BB-F129D1352E1E> /System/Library/PrivateFrameworks/FeatureFlags.framework/Versions/A/FeatureFlags
dyld[36742]: <4B0C858E-68AE-32CF-8F62-B44B1838BBB6> /System/Library/PrivateFrameworks/PoirotUDFs.framework/Versions/A/PoirotUDFs
dyld[36742]: <866DBB51-99DA-38A9-A712-4E26BB5A5CE0> /usr/lib/swift/libswift_DarwinFoundation2.dylib
dyld[36742]: <995CB65C-A58D-38B3-A271-917FDB9F8C57> /usr/lib/swift/libswift_DarwinFoundation3.dylib
dyld[36742]: <89179061-46AF-3E0C-8F03-FF9F5ACEE211> /System/Library/PrivateFrameworks/CoreTime.framework/Versions/A/CoreTime
dyld[36742]: <2D429111-B58B-365E-8D8D-68DA82D20589> /usr/lib/libiconv.2.dylib
dyld[36742]: <7704B548-DB2D-3468-B301-82E8F026DDCE> /usr/lib/libcharset.1.dylib
dyld[36742]: <07B78F81-0131-32DA-9961-316C1C248338> /System/Library/PrivateFrameworks/PoirotSQLite.framework/Versions/A/PoirotSQLite
dyld[36742]: <6BA1B88C-B16D-3296-9322-F98613487F18> /usr/lib/swift/libswift_RegexParser.dylib
dyld[36742]: <327752A7-9364-352C-B3FD-79457DC3145C> /System/Library/PrivateFrameworks/CascadeSets.framework/Versions/A/CascadeSets
dyld[36742]: <39D6BD21-AFD7-3068-B747-B94A5D9F1C27> /System/Library/PrivateFrameworks/CorePhoneNumbers.framework/Versions/A/CorePhoneNumbers
dyld[36742]: <72E56855-8FE6-3262-9A11-B2F475119A93> /System/Library/PrivateFrameworks/AppleJPEG.framework/Versions/A/AppleJPEG
dyld[36742]: <6D02979F-089C-3FF7-B3EA-939E8810EDE7> /usr/lib/libexpat.1.dylib
dyld[36742]: <5855ECAC-2298-3B0A-A859-9E643E12010D> /System/Library/Frameworks/ImageIO.framework/Versions/A/Resources/libPng.dylib
dyld[36742]: <2E5FD6A0-0646-3F84-84A8-09F2BD58C56D> /System/Library/Frameworks/ImageIO.framework/Versions/A/Resources/libTIFF.dylib
dyld[36742]: <A4D144D0-C3D8-3BB6-962F-FDBC6DACC105> /System/Library/Frameworks/ImageIO.framework/Versions/A/Resources/libGIF.dylib
dyld[36742]: <FCBA3CD1-64C8-3BE1-AB50-450070167FA3> /System/Library/Frameworks/ImageIO.framework/Versions/A/Resources/libJP2.dylib
dyld[36742]: <8331A311-1C3F-37E5-A6FB-74FEB6D31D57> /usr/lib/libate.dylib
dyld[36742]: <30EA44B1-2A44-3415-A1B6-DD0ED2B7B306> /System/Library/Frameworks/ImageIO.framework/Versions/A/Resources/libJPEG.dylib
dyld[36742]: <2C186C82-66E0-369C-B2D4-1815FAB8AFB3> /System/Library/Frameworks/ImageIO.framework/Versions/A/Resources/libRadiance.dylib
dyld[36742]: <0E239D6E-4F69-3A3C-8F10-207AB9E53626> /System/Library/PrivateFrameworks/GPUCompiler.framework/Versions/32023/Libraries/libllvm-flatbuffers.dylib
dyld[36742]: <E0E4527F-02A1-3B8E-BC59-50596B14C725> /System/Library/PrivateFrameworks/FramePacing.framework/Versions/A/FramePacing
dyld[36742]: <A7E06810-96A7-320B-90FF-41FEC8996481> /System/Library/Frameworks/OpenGL.framework/Versions/A/Libraries/libCoreFSCache.dylib
dyld[36742]: <54727168-9032-3AF7-B571-3A52A508B761> /System/Library/PrivateFrameworks/GPUCompiler.framework/Versions/32023/Libraries/libGPUCompilerUtils.dylib
dyld[36742]: <3877C6C1-2A1C-3971-A39B-BFBCBD2316E4> /System/Library/PrivateFrameworks/GraphicsServices.framework/Versions/A/GraphicsServices
dyld[36742]: <4441E600-26A0-3A7E-A20A-4A4F239AA0D0> /System/Library/Frameworks/OpenGL.framework/Versions/A/OpenGL
dyld[36742]: <D7A8D43B-01FB-363F-9E04-E3AE9712247B> /System/Library/Frameworks/OpenGL.framework/Versions/A/Libraries/libGLU.dylib
dyld[36742]: <82D99F0A-0AE0-3187-AED3-F8EA8602892E> /System/Library/Frameworks/OpenGL.framework/Versions/A/Libraries/libGFXShared.dylib
dyld[36742]: <0467762E-9A84-3C53-B0F4-CA179E29A8CE> /System/Library/Frameworks/OpenGL.framework/Versions/A/Libraries/libGL.dylib
dyld[36742]: <CF163ACB-2E12-3036-AFBE-AAEC42E32A95> /System/Library/Frameworks/OpenGL.framework/Versions/A/Libraries/libGLImage.dylib
dyld[36742]: <DCF9371C-4D04-3524-B0A0-0E0A93183BFB> /System/Library/Frameworks/OpenGL.framework/Versions/A/Libraries/libCVMSPluginSupport.dylib
dyld[36742]: <9879D439-C0AD-3A93-9050-4C0AE6C7DD07> /System/Library/Frameworks/OpenGL.framework/Versions/A/Libraries/libCoreVMClient.dylib
dyld[36742]: <FB88FA95-68C1-3573-B8A4-815488BDA4E6> /System/Library/PrivateFrameworks/GPUWrangler.framework/Versions/A/GPUWrangler
dyld[36742]: <60E38601-35DB-3D90-80C0-BB19848CFED7> /System/Library/PrivateFrameworks/IOPresentment.framework/Versions/A/IOPresentment
dyld[36742]: <F5D64A73-D6D9-380E-BF44-10544E2465B6> /System/Library/PrivateFrameworks/DSExternalDisplay.framework/Versions/A/DSExternalDisplay
dyld[36742]: <9FD68D8C-8D94-32D2-A41C-97A66C2E4BB6> /System/Library/PrivateFrameworks/VideoToolboxParavirtualizationSupport.framework/Versions/A/VideoToolboxParavirtualizationSupport
dyld[36742]: <7EB7686D-74B9-385B-A60F-25F9C97AD46B> /System/Library/PrivateFrameworks/AppleVA.framework/Versions/A/AppleVA
dyld[36742]: <1E88A46B-6D6B-3648-968B-01532612E28C> /System/Library/Frameworks/ExtensionFoundation.framework/Versions/A/ExtensionFoundation
dyld[36742]: <7AEF5F35-87FB-36B6-9347-BFB7DE09B133> /System/Library/PrivateFrameworks/CMCaptureCore.framework/Versions/A/CMCaptureCore
dyld[36742]: <866F4ACD-D94B-3BD7-8B90-573A51A8CEDF> /usr/lib/libspindump.dylib
dyld[36742]: <2E3313F7-C583-3D6C-A88B-37AF8B4C56F0> /System/Library/Frameworks/CoreAudio.framework/Versions/A/CoreAudio
dyld[36742]: <D54F06FB-C477-3A05-9C9F-A02CF013F926> /System/Library/PrivateFrameworks/AppServerSupport.framework/Versions/A/AppServerSupport
dyld[36742]: <8BDF1C32-455B-3FEF-A6E4-ECD49074CA07> /System/Library/PrivateFrameworks/perfdata.framework/Versions/A/perfdata
dyld[36742]: <71BD1CD7-CD33-3689-9EFF-12FAD75B97E5> /System/Library/PrivateFrameworks/AudioDSPGraph.framework/Versions/A/AudioDSPGraph
dyld[36742]: <668AAB07-F503-3EB4-A382-F01FB60269FB> /System/Library/PrivateFrameworks/AudioToolboxCore.framework/Versions/A/AudioToolboxCore
dyld[36742]: <725DE236-E4BB-34E0-A155-46A974629A81> /System/Library/PrivateFrameworks/caulk.framework/Versions/A/caulk
dyld[36742]: <573E42C2-BB6F-3E6C-BA4C-A7689728B174> /usr/lib/libAudioStatistics.dylib
dyld[36742]: <99C955D1-07A3-3FE9-922A-BC678E2EA454> /System/Library/PrivateFrameworks/SystemPolicy.framework/Versions/A/SystemPolicy
dyld[36742]: <08EEC0C2-F56C-3BB9-992A-160E5AAAEB56> /usr/lib/libSMC.dylib
dyld[36742]: <5491E4A8-56A3-3EBC-AC8E-B2D69CB34E32> /usr/lib/swift/libswiftCoreMIDI.dylib
dyld[36742]: <29F750A3-0A23-3C21-8C79-4A2D22F7BE8B> /System/Library/Frameworks/CoreMIDI.framework/Versions/A/CoreMIDI
dyld[36742]: <E83E83E4-F6D9-36B1-A7C8-1391F6E5D4E7> /usr/lib/libAudioToolboxUtility.dylib
dyld[36742]: <0D2BC538-CE70-3EFD-B277-6B12CEED8EC7> /usr/lib/libperfcheck.dylib
dyld[36742]: <AAD9FBE3-5777-3ED9-930F-1B5F492CDFA6> /System/Library/PrivateFrameworks/AudioAnalytics.framework/Versions/A/AudioAnalytics
dyld[36742]: <BFBCF2EC-4BC5-3941-AE6B-3F5BEF2C2296> /System/Library/Frameworks/OSLog.framework/Versions/A/OSLog
dyld[36742]: <C6FCA282-6ABB-38D2-9683-C6A229CCD92B> /System/Library/PrivateFrameworks/OSEligibility.framework/Versions/A/OSEligibility
dyld[36742]: <D170449C-D007-358E-A189-0CAA6CF8D01F> /System/Library/PrivateFrameworks/IconServices.framework/Versions/A/IconServices
dyld[36742]: <FAF6A95A-EDAC-3CEF-AE8A-44C9A4C12AA2> /System/Library/Frameworks/LightweightCodeRequirements.framework/Versions/A/LightweightCodeRequirements
dyld[36742]: <0F0E3B26-14CC-3248-B8FC-F55458E643C1> /System/Library/PrivateFrameworks/PlugInKit.framework/Versions/A/PlugInKit
dyld[36742]: <5F47F3F1-ADF5-35A7-8ADF-9C850F05C96E> /System/Library/PrivateFrameworks/AssertionServices.framework/Versions/A/AssertionServices
dyld[36742]: <4575E49F-BCA8-34CC-8027-BCE51ACDB678> /System/Library/PrivateFrameworks/IconFoundation.framework/Versions/A/IconFoundation
dyld[36742]: <55C4846B-FB15-31BB-81A1-FE1EE773650D> /System/Library/PrivateFrameworks/AssistantServices.framework/Versions/A/AssistantServices
dyld[36742]: <F4165CF9-0759-306E-8253-D5A316F8C87C> /System/Library/PrivateFrameworks/IconRendering.framework/Versions/A/IconRendering
dyld[36742]: <4866A12C-9F52-3ECE-A0C4-55F9E0FD065C> /System/Library/PrivateFrameworks/CoreUI.framework/Versions/A/CoreUI
dyld[36742]: <0B0C1F98-570E-38B6-A749-5A2239DCB0B7> /System/Library/Frameworks/CoreImage.framework/Versions/A/CoreImage
dyld[36742]: <262D0D2A-7A75-3343-AEB9-1294F6DC8118> /System/Library/PrivateFrameworks/SFSymbols.framework/Versions/A/SFSymbols
dyld[36742]: <CB99B5A9-3254-3174-A216-CCE7299B7E49> /System/Library/Frameworks/DeveloperToolsSupport.framework/Versions/A/DeveloperToolsSupport
dyld[36742]: <F7ECFEE8-BD23-380C-B96F-D1C588B8E735> /System/Library/PrivateFrameworks/RenderBox.framework/Versions/A/RenderBox
dyld[36742]: <3F803C87-C3A7-3DF6-B51B-8AADBFEC915C> /System/Library/PrivateFrameworks/CoreSVG.framework/Versions/A/CoreSVG
dyld[36742]: <2EA07A48-1ADC-3A77-9A3A-596142804F26> /System/Library/PrivateFrameworks/TextureIO.framework/Versions/A/TextureIO
dyld[36742]: <804A03E9-5942-312F-A1AA-8638FD385C1C> /usr/lib/swift/libswiftCoreImage.dylib
dyld[36742]: <BCE53558-0DC1-3670-8AD8-00315C2C7A8B> /System/Library/PrivateFrameworks/GraphVisualizer.framework/Versions/A/GraphVisualizer
dyld[36742]: <76B6A89A-771D-3946-8628-2DECF6188233> /System/Library/PrivateFrameworks/FontServices.framework/Versions/A/FontServices
dyld[36742]: <3CBB2906-8FEF-300A-8F84-1A61263AAB2C> /System/Library/PrivateFrameworks/OTSVG.framework/Versions/A/OTSVG
dyld[36742]: <2E43B513-D03C-3AE1-81C4-7B2ADBB6369E> /System/Library/Frameworks/ApplicationServices.framework/Versions/A/Frameworks/ATS.framework/Versions/A/Resources/libFontRegistry.dylib
dyld[36742]: <D0AD39A1-B981-345D-A8AE-F4DD33ACD224> /usr/lib/libhvf.dylib
dyld[36742]: <DC0A782B-37B2-3DB2-929B-C355C657DBA0> /System/Library/PrivateFrameworks/ParsingInternal.framework/Versions/A/ParsingInternal
dyld[36742]: <749892C3-5510-33F1-A268-8C2EBCAA0F35> /System/Library/PrivateFrameworks/FontServices.framework/libXTFontStaticRegistryData.dylib
dyld[36742]: <1C8768D1-ADC9-32F8-9B19-75F5B361342C> /System/Library/Frameworks/MetalPerformanceShaders.framework/Versions/A/Frameworks/MPSCore.framework/Versions/A/MPSCore
dyld[36742]: <C36504AE-AF4B-3BBB-B4C4-2AF4E3180B9C> /System/Library/Frameworks/MetalPerformanceShaders.framework/Versions/A/Frameworks/MPSImage.framework/Versions/A/MPSImage
dyld[36742]: <16ECC4C3-132A-3566-BA81-3A9857E6ECA3> /System/Library/Frameworks/MetalPerformanceShaders.framework/Versions/A/Frameworks/MPSNeuralNetwork.framework/Versions/A/MPSNeuralNetwork
dyld[36742]: <306ACCB4-2F1F-3292-87FD-0E65488119D9> /System/Library/Frameworks/MetalPerformanceShaders.framework/Versions/A/Frameworks/MPSMatrix.framework/Versions/A/MPSMatrix
dyld[36742]: <E53B1901-AED1-3258-9EBD-06F0A617F8CC> /System/Library/Frameworks/MetalPerformanceShaders.framework/Versions/A/Frameworks/MPSRayIntersector.framework/Versions/A/MPSRayIntersector
dyld[36742]: <EE7ACF8A-08BA-38FB-BAF9-A041B5C1647F> /System/Library/Frameworks/MetalPerformanceShaders.framework/Versions/A/Frameworks/MPSNDArray.framework/Versions/A/MPSNDArray
dyld[36742]: <BF31F15F-31CD-395D-AC73-4184B3B369BA> /System/Library/Frameworks/MetalPerformanceShaders.framework/Versions/A/Frameworks/MPSFunctions.framework/Versions/A/MPSFunctions
dyld[36742]: <64E0C8EB-73F2-3B9F-BA62-5011816127E5> /System/Library/Frameworks/MetalPerformanceShaders.framework/Versions/A/Frameworks/MPSBenchmarkLoop.framework/Versions/A/MPSBenchmarkLoop
dyld[36742]: <017CF55F-3554-395F-96CE-3162C11DF459> /System/Library/Frameworks/MetalPerformanceShaders.framework/Versions/A/Frameworks/MPSHost.framework/Versions/A/MPSHost
dyld[36742]: <828164D8-1D9C-3284-BEB6-94E4A14D789F> /System/Library/PrivateFrameworks/MetalTools.framework/Versions/A/MetalTools
dyld[36742]: <818ED21F-78B0-35A6-8759-A7ECABF2BFC8> /System/Library/PrivateFrameworks/IOAccelMemoryInfo.framework/Versions/A/IOAccelMemoryInfo
dyld[36742]: <983D9B3D-E395-3028-A6C5-53A3A18B6604> /System/Library/PrivateFrameworks/kperf.framework/Versions/A/kperf
dyld[36742]: <F8E5C533-6122-3B5D-B88A-A47C32109A9A> /System/Library/PrivateFrameworks/GPURawCounter.framework/Versions/A/GPURawCounter
dyld[36742]: <1DB46CCA-B13C-3959-BC00-924F576CB767> /System/Library/PrivateFrameworks/ASEProcessing.framework/Versions/A/ASEProcessing
dyld[36742]: <4102CB7D-49E9-345A-A779-3AE810B87268> /System/Library/PrivateFrameworks/Symbolication.framework/Versions/A/Symbolication
dyld[36742]: <1D4A69BF-58CF-3D49-A5FE-060A6882656F> /System/Library/PrivateFrameworks/PhotosensitivityProcessing.framework/Versions/A/PhotosensitivityProcessing
dyld[36742]: <AE03A46C-9FB6-374D-B37E-9718D375A651> /System/Library/PrivateFrameworks/SILManager.framework/Versions/A/SILManager
dyld[36742]: <330E7EFA-BC89-312E-BCB8-7B1DF5D9DE3A> /System/Library/PrivateFrameworks/CoreSymbolication.framework/Versions/A/CoreSymbolication
dyld[36742]: <8719F16D-7F55-3975-998C-06005D5DDC68> /System/Library/PrivateFrameworks/MallocStackLogging.framework/Versions/A/MallocStackLogging
dyld[36742]: <9B8E1A80-3FE3-39C1-A2FD-47BA6DFA959D> /System/Library/PrivateFrameworks/DebugSymbols.framework/Versions/A/DebugSymbols
dyld[36742]: <D89BF7AA-5A74-3F60-B20C-8250BD62F6B4> /System/Library/PrivateFrameworks/OSAnalytics.framework/Versions/A/OSAnalytics
dyld[36742]: <34A24CD5-073C-3E55-8D5F-83818DFCB057> /System/Library/PrivateFrameworks/DeviceRecovery.framework/Versions/A/DeviceRecovery
dyld[36742]: <5BD8491A-8C15-3964-9B0F-B1C9369DC3FC> /System/Library/PrivateFrameworks/Tightbeam.framework/Versions/A/Tightbeam
dyld[36742]: <B5EAFB22-7AE0-343B-95BB-7BB58955A702> /usr/lib/swift/libswiftCompression.dylib
dyld[36742]: <5F0A0B0B-7997-351F-99D8-0517689BBABD> /System/Library/PrivateFrameworks/AFKUser.framework/Versions/A/AFKUser
dyld[36742]: <CA3F2D29-2FCB-3DF4-ADA9-94072A8A6CBD> /System/Library/Frameworks/ApplicationServices.framework/Versions/A/Frameworks/ATSUI.framework/Versions/A/ATSUI
dyld[36742]: <85AB42E3-076F-3B68-ACCF-98625AA5E3D9> /System/Library/PrivateFrameworks/SAObjects.framework/Versions/A/SAObjects
dyld[36742]: <A329E39B-D87D-356B-AA05-3A30CC0DBEEF> /System/Library/Frameworks/AudioToolbox.framework/Versions/A/AudioToolbox
dyld[36742]: <459BA19D-9D3F-32BB-9BE4-176D95B85BCF> /System/Library/PrivateFrameworks/MediaRemote.framework/Versions/A/MediaRemote
dyld[36742]: <DCCDD83A-C276-3DD3-8F2E-6D3B899BB586> /System/Library/Frameworks/UserNotifications.framework/Versions/A/UserNotifications
dyld[36742]: <F12A1855-5F99-3D8A-AA13-23CA64268CD7> /System/Library/PrivateFrameworks/SiriInstrumentation.framework/Versions/A/SiriInstrumentation
dyld[36742]: <10891579-226D-3750-91A9-D98D111EA3BA> /System/Library/PrivateFrameworks/SiriAnalytics.framework/Versions/A/SiriAnalytics
dyld[36742]: <0C21B87C-6478-362B-AF45-D3A1D4A83FCF> /System/Library/PrivateFrameworks/SiriTTSService.framework/Versions/A/SiriTTSService
dyld[36742]: <5D8E0ADB-8A76-34C1-92D6-AF35C7EA73CF> /System/Library/PrivateFrameworks/SiriCrossDeviceArbitration.framework/Versions/A/SiriCrossDeviceArbitration
dyld[36742]: <784C4442-B822-3412-AF09-A1E753DDFFA3> /System/Library/PrivateFrameworks/FeedbackLogger.framework/Versions/A/FeedbackLogger
dyld[36742]: <760531A3-5E19-39C5-84B1-A445B2A50129> /System/Library/PrivateFrameworks/FaceTimeNameUtility.framework/Versions/A/FaceTimeNameUtility
dyld[36742]: <033D0C7B-216E-3D54-AD8C-B83BDE9B4F2D> /System/Library/PrivateFrameworks/AuthKit.framework/Versions/A/AuthKit
dyld[36742]: <D04C8621-DE39-35FD-9351-1627B71F02DC> /System/Library/PrivateFrameworks/SiriCrossDeviceArbitrationFeedback.framework/Versions/A/SiriCrossDeviceArbitrationFeedback
dyld[36742]: <E410F3F8-843C-3FCA-968C-3C864D829AF2> /usr/lib/swift/libswiftCoreLocation.dylib
dyld[36742]: <373189AA-6180-34D7-BA84-6BE401E4E1B9> /usr/lib/swift/libswiftAVFoundation.dylib
dyld[36742]: <3E7267BC-3D63-3785-8279-A8823C9C758F> /System/Library/PrivateFrameworks/UIKitServices.framework/Versions/A/UIKitServices
dyld[36742]: <83745C57-DE3B-394D-A83A-D71C79F3A8B9> /System/Library/PrivateFrameworks/UnifiedAssetFramework.framework/Versions/A/UnifiedAssetFramework
dyld[36742]: <5FEF75E9-F1DD-3FA9-A8B0-81277371B8FC> /System/Library/PrivateFrameworks/AudioSession.framework/Versions/A/AudioSession
dyld[36742]: <FA90EFCA-B936-357B-BF18-16A0FB34B9E9> /System/Library/PrivateFrameworks/MediaExperience.framework/Versions/A/MediaExperience
dyld[36742]: <BBC3CD71-264B-3C66-A2C0-5D4D266256EA> /System/Library/PrivateFrameworks/AudioSession.framework/libSessionUtility.dylib
dyld[36742]: <DD4B10E2-D4D6-3490-A745-33527E18CAAA> /System/Library/PrivateFrameworks/AudioAccessoryServices.framework/Versions/A/AudioAccessoryServices
dyld[36742]: <E3CE1636-EE20-35AF-B55A-F42B7B266EA4> /System/Library/Frameworks/CoreBluetooth.framework/Versions/A/CoreBluetooth
dyld[36742]: <51458515-C89E-317A-850D-182764F322EE> /System/Library/PrivateFrameworks/CoreUtils.framework/Versions/A/CoreUtils
dyld[36742]: <C9A86813-25EE-3439-8F66-A83F1A5015EC> /System/Library/PrivateFrameworks/HID.framework/Versions/A/HID
dyld[36742]: <F1FB23C7-7BB9-3B7C-87A2-7CA7F343ED61> /System/Library/PrivateFrameworks/Sharing.framework/Versions/A/Sharing
dyld[36742]: <D18AF20A-1BF0-383C-9E97-96CDCECE07A7> /System/Library/PrivateFrameworks/CoreUtilsExtras.framework/Versions/A/CoreUtilsExtras
dyld[36742]: <5A300AF2-96D7-3A85-ACA6-9084A7C40C6D> /System/Library/PrivateFrameworks/IO80211.framework/Versions/A/IO80211
dyld[36742]: <963A1CA0-DEBD-3341-81A2-DB5B34283C7B> /System/Library/PrivateFrameworks/IDSFoundation.framework/Versions/A/IDSFoundation
dyld[36742]: <8F99AE0B-A693-349F-8904-B70ECB1C86AA> /System/Library/PrivateFrameworks/Apple80211.framework/Versions/A/Apple80211
dyld[36742]: <9C05D8FD-3F10-3476-8A3C-501966EA13D2> /System/Library/Frameworks/CoreWLAN.framework/Versions/A/CoreWLAN
dyld[36742]: <604B1733-3682-3AF6-9F07-C85C999F3131> /System/Library/Frameworks/IOBluetooth.framework/Versions/A/IOBluetooth
dyld[36742]: <F11740D9-FE8D-38B3-99A9-666EE022F7A7> /usr/lib/swift/libswiftRegexBuilder.dylib
dyld[36742]: <1F2E4950-8060-35D0-B598-D2196F2728B3> /System/Library/PrivateFrameworks/IMFoundation.framework/Versions/A/IMFoundation
dyld[36742]: <462A888C-46C7-324A-8A18-4053C6CB2961> /System/Library/PrivateFrameworks/Marco.framework/Versions/A/Marco
dyld[36742]: <736A1792-0123-3722-822B-495B27044953> /System/Library/PrivateFrameworks/CommonUtilities.framework/Versions/A/CommonUtilities
dyld[36742]: <E78D4693-B886-3DE1-A029-497B47261DA3> /System/Library/PrivateFrameworks/Engram.framework/Versions/A/Engram
dyld[36742]: <1ACD9883-DEC9-3AF0-9E28-B11F4E1DC3F9> /System/Library/PrivateFrameworks/XPCDistributed.framework/Versions/A/XPCDistributed
dyld[36742]: <AFE528E7-451E-3EE9-8E02-7693A2C391B9> /usr/lib/libtidy.A.dylib
dyld[36742]: <C579F691-0120-3BEC-9993-E3CD5F7105A3> /System/Library/PrivateFrameworks/Bom.framework/Versions/A/Bom
dyld[36742]: <82153ECE-36A2-3514-87DE-3B8A53E96727> /usr/lib/libParallelCompression.dylib
dyld[36742]: <68CCF67B-1C66-30C0-9135-00BA5B75586F> /usr/lib/libIOReport.dylib
dyld[36742]: <0D7C76A0-047B-398E-B2A8-FD4705F72E5D> /System/Library/PrivateFrameworks/WiFiPeerToPeer.framework/Versions/A/WiFiPeerToPeer
dyld[36742]: <E5FF4EE4-5A8B-3CBA-BA37-3FE6C7012B0D> /System/Library/Frameworks/SecurityFoundation.framework/Versions/A/SecurityFoundation
dyld[36742]: <E2954A31-B31C-3C9B-A7F9-12CAEC0D1D4E> /System/Library/PrivateFrameworks/Centauri.framework/Versions/A/Centauri
dyld[36742]: <65CFA8A7-E7D2-383A-9C47-D2AF8A46AA22> /System/Library/PrivateFrameworks/Lexicon.framework/Versions/A/Lexicon
dyld[36742]: <188D929F-E81D-3922-BCB4-8D34B4E75EA7> /usr/lib/libmrc.dylib
dyld[36742]: <783A3989-84DE-3340-9292-052A10B7DAD7> /System/Library/PrivateFrameworks/IPConfiguration.framework/Versions/A/IPConfiguration
dyld[36742]: <ECFD5323-6A6A-3231-B90E-57E1332B0122> /System/Library/PrivateFrameworks/Netrb.framework/Versions/A/Netrb
dyld[36742]: <A34C688D-A13A-3625-934C-801A13990594> /System/Library/PrivateFrameworks/FrontBoardServices.framework/Versions/A/FrontBoardServices
dyld[36742]: <604E97FC-C938-306C-9DBB-36B10AFFBA39> /usr/lib/libgermantok.dylib
dyld[36742]: <B5E076A6-50D6-3B48-AACD-E1FC575BDCEE> /System/Library/PrivateFrameworks/LinguisticData.framework/Versions/A/LinguisticData
dyld[36742]: <7EDD9E23-5D91-344A-812B-CFD814180C55> /System/Library/PrivateFrameworks/MultiverseSupport.framework/Versions/A/MultiverseSupport
dyld[36742]: <1AFFCA76-E71A-385E-A3C8-968CDBE9E57D> /System/Library/PrivateFrameworks/DiskManagement.framework/Versions/A/DiskManagement
dyld[36742]: <4B693927-5B0A-364E-BC11-F560B1D707FE> /System/Library/PrivateFrameworks/AppleIDAuthSupport.framework/Versions/A/AppleIDAuthSupport
dyld[36742]: <0E5752E3-313E-3B50-9FB4-DB13FECB0BD7> /System/Library/PrivateFrameworks/AAAFoundation.framework/Versions/A/AAAFoundation
dyld[36742]: <B9966194-B1A6-3ED2-98C9-0D4B49D2617E> /System/Library/PrivateFrameworks/KeychainCircle.framework/Versions/A/KeychainCircle
dyld[36742]: <5ED2FD61-010A-3627-92E8-151E71B739D8> /System/Library/PrivateFrameworks/URLFormatting.framework/Versions/A/URLFormatting
dyld[36742]: <7EE79F42-1420-301B-A9FF-2A63A4023C91> /usr/lib/libcsfde.dylib
dyld[36742]: <AA8EDD1F-E406-3164-9FB9-BB0C61256AFF> /usr/lib/libCoreStorage.dylib
dyld[36742]: <80627B52-C5CE-3DC4-A12D-D15FE46A62BA> /System/Library/PrivateFrameworks/MediaKit.framework/Versions/A/MediaKit
dyld[36742]: <4C6BBB60-2884-3DC8-9FCB-472BCD087D84> /System/Library/Frameworks/DiscRecording.framework/Versions/A/DiscRecording
dyld[36742]: <96666EFB-8A3D-30BB-950A-9DDC1DB3F59D> /System/Library/PrivateFrameworks/ProtectedCloudStorage.framework/Versions/A/ProtectedCloudStorage
dyld[36742]: <1E0D7C92-7F70-34BE-9D61-9F7F4781EBE4> /System/Library/PrivateFrameworks/EFILogin.framework/Versions/A/EFILogin
dyld[36742]: <E1A205BF-B3FB-31BF-8685-6D46BA78891E> /usr/lib/libheimdal-asn1.dylib
dyld[36742]: <E2BDB12D-C844-3770-9411-0E35049ECB5E> /System/Library/PrivateFrameworks/OctagonTrust.framework/Versions/A/OctagonTrust
dyld[36742]: <2DF001A3-1D2B-3847-A2FC-79104BDC0783> /System/Library/Frameworks/AudioUnit.framework/Versions/A/AudioUnit
dyld[36742]: <EE42062E-8EDF-332C-98C1-03464732CA4A> /System/Library/Frameworks/OpenDirectory.framework/Versions/A/OpenDirectory
dyld[36742]: <90CA166B-D72F-3584-BF0B-8797CFFA959E> /System/Library/Frameworks/OpenDirectory.framework/Versions/A/Frameworks/CFOpenDirectory.framework/Versions/A/CFOpenDirectory
dyld[36742]: <40753222-0047-3DE4-954C-5879C584A975> /System/Library/PrivateFrameworks/GeoServices.framework/Versions/A/GeoServices
dyld[36742]: <FDD11407-B7F3-331B-B53D-32081A2D1AED> /System/Library/PrivateFrameworks/LocationSupport.framework/Versions/A/LocationSupport
dyld[36742]: <23D11648-1076-3BD7-BFD5-CA4A6B9AE066> /System/Library/PrivateFrameworks/GeoServicesCore.framework/Versions/A/GeoServicesCore
dyld[36742]: <524F80A2-1ACD-3FA7-9D74-1F47697294EB> /System/Library/PrivateFrameworks/PhoneNumbers.framework/Versions/A/PhoneNumbers
dyld[36742]: <2A2AE353-0BCE-3AF5-8C2B-1B5F1F0656E7> /System/Library/PrivateFrameworks/LocationLogEncryption.framework/Versions/A/LocationLogEncryption
dyld[36742]: <CF6E08AD-C2EC-3A40-8537-0D2BDA291D31> /System/Library/Frameworks/AVFAudio.framework/Versions/A/AVFAudio
dyld[36742]: <7924633C-6200-3B69-884D-A6E5527CA4B5> /System/Library/Frameworks/AVRouting.framework/Versions/A/AVRouting
dyld[36742]: <2FFD2C50-D8C7-3D4F-AB17-10C8DDD4ECC0> /usr/lib/libAccessibility.dylib
dyld[36742]: <E47B5590-4F10-352D-806F-E1FAACE16809> /System/Library/PrivateFrameworks/MediaServices.framework/Versions/A/MediaServices
dyld[36742]: <1F5A6198-4F24-3980-A96A-DA16430B882B> /System/Library/PrivateFrameworks/IDS.framework/Versions/A/IDS
dyld[36742]: <4228A6FB-1852-34DA-A9A6-9B22346DC839> /System/Library/PrivateFrameworks/IsolatedCoreAudioClient.framework/Versions/A/IsolatedCoreAudioClient
dyld[36742]: <9B662466-E585-34C6-9A2F-38F865966314> /System/Library/PrivateFrameworks/CoreAudioOrchestration.framework/Versions/A/CoreAudioOrchestration
dyld[36742]: <BE8AD136-C9D0-3589-A37D-4A93E7646FC5> /System/Library/Frameworks/MediaToolbox.framework/Versions/A/MediaToolbox
dyld[36742]: <C024D081-EF4D-347B-B00F-08CE310BC6E6> /System/Library/PrivateFrameworks/CoreAVCHD.framework/Versions/A/CoreAVCHD
dyld[36742]: <544DDE9D-EF38-3D98-B16A-00361208DABA> /System/Library/Frameworks/MediaAccessibility.framework/Versions/A/MediaAccessibility
dyld[36742]: <1845678B-2A2E-3D8F-B05E-3D5054E40973> /System/Library/PrivateFrameworks/Mangrove.framework/Versions/A/Mangrove
dyld[36742]: <83720246-3181-37EB-AE16-01967CC80DAF> /System/Library/PrivateFrameworks/CMPhoto.framework/Versions/A/CMPhoto
dyld[36742]: <C6CCE499-C57B-3499-8BBF-B1F036A037F3> /System/Library/Frameworks/CoreTelephony.framework/Versions/A/CoreTelephony
dyld[36742]: <7C1C3A7F-6247-33D2-B4B8-375AA417817E> /System/Library/PrivateFrameworks/CoreAUC.framework/Versions/A/CoreAUC
dyld[36742]: <BF6FC404-E3BB-3740-896C-B7BF4193B547> /System/Library/PrivateFrameworks/AppleJPEGXL.framework/Versions/A/AppleJPEGXL
dyld[36742]: <3AD5EDAE-8A75-3E29-AA40-63912718CEC9> /usr/lib/libTelephonyUtilDynamic.dylib
dyld[36742]: <8A415D0E-18E7-3C99-B89D-14805F500FB0> /System/Library/Frameworks/CryptoKit.framework/Versions/A/CryptoKit
dyld[36742]: <73EA0865-BCC3-3084-A011-93CD0A55C4EF> /System/Library/PrivateFrameworks/CryptoKitCBridging.framework/Versions/A/CryptoKitCBridging
dyld[36742]: <B214381B-F0CF-3F0E-B2B5-187CBF29616F> /System/Library/Frameworks/CryptoTokenKit.framework/Versions/A/CryptoTokenKit
dyld[36742]: <A68DE487-B65B-390A-A82B-6B62956B353F> /System/Library/Frameworks/LocalAuthentication.framework/Versions/A/LocalAuthentication
dyld[36742]: <53C1AF34-43D2-3DAA-9062-D295F72BFDF3> /System/Library/PrivateFrameworks/LocalAuthenticationCore.framework/Versions/A/LocalAuthenticationCore
dyld[36742]: <251AA620-1546-3DF5-8EFF-B9F9463112D0> /System/Library/PrivateFrameworks/LocalAuthenticationCredentialServices.framework/Versions/A/LocalAuthenticationCredentialServices
dyld[36742]: <957A2E58-89EE-36DE-9213-2E23DB420C7F> /System/Library/Frameworks/LocalAuthentication.framework/Support/SharedUtils.framework/Versions/A/SharedUtils
dyld[36742]: <8A83CAEF-70FC-39B2-A1C9-F312BD81B8D5> /System/Library/PrivateFrameworks/PersistentConnection.framework/Versions/A/PersistentConnection
dyld[36742]: <DA5DF9EF-9649-3931-B1CF-606D0B1A2BE5> /System/Library/PrivateFrameworks/SonicFoundation.framework/Versions/A/SonicFoundation
dyld[36742]: <9F9CDD5B-1D43-3CF4-8B88-4938A6637AF5> /System/Library/PrivateFrameworks/AsyncAlgorithmsInternal.framework/Versions/A/AsyncAlgorithmsInternal
dyld[36742]: <95BAC2EC-84F7-3448-A4C3-AA2F920867C6> /System/Library/PrivateFrameworks/FTAWD.framework/Versions/A/FTAWD
dyld[36742]: <EDAA9D64-779E-34FE-83D2-DF4EF35BAA59> /System/Library/PrivateFrameworks/Dendrite.framework/Versions/A/Dendrite
dyld[36742]: <924805FA-0938-34FA-B76A-4051A087CD65> /usr/lib/libtailspin.dylib
dyld[36742]: <4FB12471-97FF-306E-B552-B481203A8E1B> /System/Library/PrivateFrameworks/Osprey.framework/Versions/A/Osprey
dyld[36742]: <7EE764AE-8E9B-35DB-8839-EE01750F25AB> /System/Library/PrivateFrameworks/SiriTTS.framework/Versions/A/SiriTTS
dyld[36742]: <A896B215-2D9E-37D6-8803-9316AEBF6AF5> /System/Library/Frameworks/NaturalLanguage.framework/Versions/A/NaturalLanguage
dyld[36742]: <478FDFD4-2C36-32BB-9087-F466F0242B69> /System/Library/PrivateFrameworks/GenerativeModels.framework/Versions/A/GenerativeModels
dyld[36742]: <6B95CE76-E69D-3598-AADC-E738C94A43BD> /System/Library/PrivateFrameworks/SiriPowerInstrumentation.framework/Versions/A/SiriPowerInstrumentation
dyld[36742]: <7BC8461C-23ED-39CA-868E-17A68FAFC5AE> /usr/lib/swift/libswiftNaturalLanguage.dylib
dyld[36742]: <247E2F35-65F7-3834-AF0C-532F577FDF23> /System/Library/PrivateFrameworks/TailspinSymbolication.framework/Versions/A/TailspinSymbolication
dyld[36742]: <F0BAA541-E9E2-307A-89AE-42558D70DF45> /System/Library/PrivateFrameworks/Darwinup.framework/Versions/A/Darwinup
dyld[36742]: <ED143A95-22A5-38A0-AFC5-DA00945392EC> /System/Library/PrivateFrameworks/SignpostSupport.framework/Versions/A/SignpostSupport
dyld[36742]: <3DB3AF5E-12BD-3E05-92D8-6DDC488D5633> /System/Library/PrivateFrameworks/FeatureFlagsSupport.framework/Versions/A/FeatureFlagsSupport
dyld[36742]: <86614A25-EE71-3F84-9F47-99671A11803D> /System/Library/PrivateFrameworks/ktrace.framework/Versions/A/ktrace
dyld[36742]: <3C627164-84D9-35A4-AC4D-52A99B7652F0> /System/Library/PrivateFrameworks/SampleAnalysis.framework/Versions/A/SampleAnalysis
dyld[36742]: <4517DDDB-265A-3561-82F9-41E06C6A17A8> /System/Library/PrivateFrameworks/kperfdata.framework/Versions/A/kperfdata
dyld[36742]: <3F0E2B57-6317-3262-BA3D-8A069524F8A5> /usr/lib/libdscsym.dylib
dyld[36742]: <8DCD3201-0098-3106-8870-62A8504F26CE> /System/Library/PrivateFrameworks/AppleMobileFileIntegrity.framework/Versions/A/AppleMobileFileIntegrity
dyld[36742]: <FC95DB95-FCA7-3F42-B435-20575B99CF3A> /System/Library/PrivateFrameworks/BulkSymbolication.framework/Versions/A/BulkSymbolication
dyld[36742]: <142382DC-3D11-3191-84F4-6F39BD1C622C> /usr/lib/libTLE.dylib
dyld[36742]: <0E970B22-63D9-3794-9766-24A3FD8BD273> /usr/lib/libmis.dylib
dyld[36742]: <5FD96939-8D4B-3228-A1F8-100EF174A0D4> /System/Library/PrivateFrameworks/ConfigProfileHelper.framework/Versions/A/ConfigProfileHelper
dyld[36742]: <51BD41DD-616A-382D-B1B2-C11BE8C9953A> /System/Library/PrivateFrameworks/Espresso.framework/Versions/A/Espresso
dyld[36742]: <EDA0F204-8438-3398-91ED-C0E4212C8734> /System/Library/Frameworks/CoreML.framework/Versions/A/CoreML
dyld[36742]: <308A1DB0-C29C-33AF-9AE2-1F8E4E607152> /usr/lib/libedit.3.dylib
dyld[36742]: <BABCC719-40D5-3EAB-B20F-F0F1EB329A3E> /System/Library/PrivateFrameworks/ANECompiler.framework/Versions/A/ANECompiler
dyld[36742]: <1969F88C-4A7F-3B4B-BC08-D3EE33F4D27D> /System/Library/PrivateFrameworks/AppleNeuralEngine.framework/Versions/A/AppleNeuralEngine
dyld[36742]: <E72BAD3A-0E33-3FC5-8356-3B3176382CB1> /System/Library/PrivateFrameworks/MIL.framework/Versions/A/MIL
dyld[36742]: <BBB4C092-A3B1-354B-8C32-147F6EB0256D> /System/Library/Frameworks/MetalPerformanceShadersGraph.framework/Versions/A/MetalPerformanceShadersGraph
dyld[36742]: <54D280F0-3335-3487-AA0D-6A09FFEAEDF7> /System/Library/PrivateFrameworks/MLCompilerServices.framework/Versions/A/MLCompilerServices
dyld[36742]: <A80CE19E-EA8D-363D-A8F4-409455BECE9B> /System/Library/PrivateFrameworks/ANEServices.framework/Versions/A/ANEServices
dyld[36742]: <22F988EF-E518-3F7A-BC3D-E44B9D09627D> /usr/lib/libncurses.5.4.dylib
dyld[36742]: <0A381CB4-37D0-3B5C-ADE0-2C5B4F47D169> /usr/lib/libsandbox.1.dylib
dyld[36742]: <042A6E19-8B2A-3342-B4C1-AD44661B7E26> /usr/lib/libMatch.1.dylib
dyld[36742]: <AB03B991-E6D9-3BAF-AA7D-DBFC815699F3> /System/Library/PrivateFrameworks/ODIE.framework/Versions/A/ODIE
dyld[36742]: <5592BC99-D6A7-303C-8C4C-B839FA6B7508> /System/Library/PrivateFrameworks/MLModelAsset.framework/Versions/A/MLModelAsset
dyld[36742]: <59B92160-FE47-3CEA-B03A-0099F3901A34> /System/Library/PrivateFrameworks/MLCompilerRuntime.framework/Versions/A/MLCompilerRuntime
dyld[36742]: <D62682EC-5F79-397C-855C-569554A4AEF8> /System/Library/Frameworks/MLCompute.framework/Versions/A/MLCompute
dyld[36742]: <873E56C6-57E8-3AD2-A630-B88B0A9669E8> /System/Library/PrivateFrameworks/MLAssetIO.framework/Versions/A/MLAssetIO
dyld[36742]: <847E52FC-37C0-30DA-88CD-4561DD03C06F> /usr/lib/swift/libswiftMLCompute.dylib
dyld[36742]: <DC46545D-E02B-3F2D-BEEC-E1BF5735174F> /System/Library/PrivateFrameworks/AVFCore.framework/Versions/A/AVFCore
dyld[36742]: <3611A176-00BB-35D9-8C0A-9A9A68A8EE9D> /System/Library/PrivateFrameworks/AVFCapture.framework/Versions/A/AVFCapture
dyld[36742]: <2DEE9322-922F-3B85-82C1-5E3249E3E652> /System/Library/PrivateFrameworks/CMImaging.framework/Versions/A/CMImaging
dyld[36742]: <072F9166-25F8-3FBF-9002-23E98E8B7C05> /System/Library/PrivateFrameworks/Quagga.framework/Versions/A/Quagga
dyld[36742]: <FA34827D-C8E0-3BDF-9A4E-FBBF430AD095> /System/Library/PrivateFrameworks/CMCapture.framework/Versions/A/CMCapture
dyld[36742]: <DD237508-D432-30A0-A553-C4AF2D9F40B6> /System/Library/Frameworks/CoreMediaIO.framework/Versions/A/CoreMediaIO
dyld[36742]: <D6788223-2453-39F7-9F00-90EE866A3CDA> /System/Library/PrivateFrameworks/CMCaptureDevice.framework/Versions/A/CMCaptureDevice
dyld[36742]: <68A522A3-ACE1-3597-B6D7-E058D36536FB> /System/Library/PrivateFrameworks/CoreBrightness.framework/Versions/A/CoreBrightness
dyld[36742]: <02711E78-960E-329A-B5C0-5E38615F2698> /System/Library/PrivateFrameworks/CinematicFraming.framework/Versions/A/CinematicFraming
dyld[36742]: <735CE046-E62E-3FA5-B38D-1FD82AA32BA8> /System/Library/PrivateFrameworks/ModelManagerServices.framework/Versions/A/ModelManagerServices
dyld[36742]: <F0165C3A-8601-3789-A114-836489784A93> /System/Library/PrivateFrameworks/CPMS.framework/Versions/A/CPMS
dyld[36742]: <8B0AAC46-6F12-36F0-9A1C-90D56F41BA09> /System/Library/PrivateFrameworks/SystemStatus.framework/Versions/A/SystemStatus
dyld[36742]: <FCEB6F4E-E222-3F9B-8226-8E80A789B21B> /System/Library/Frameworks/CoreMotion.framework/Versions/A/CoreMotion
dyld[36742]: <54DEA4E5-FD31-3AE3-8FEE-3CD99ACFC45B> /System/Library/PrivateFrameworks/TimeSync.framework/Versions/A/TimeSync
dyld[36742]: <2602D902-9B35-32D2-8F22-8BF2B330B298> /System/Library/PrivateFrameworks/DistributedSensing.framework/Versions/A/DistributedSensing
dyld[36742]: <0EEAE872-ADDF-3FE0-9601-C56C453597BB> /System/Library/PrivateFrameworks/MobileBluetooth.framework/Versions/A/MobileBluetooth
dyld[36742]: <FF001948-E029-3473-B7B8-22A4ECFD6560> /System/Library/PrivateFrameworks/IOKitten.framework/Versions/A/IOKitten
dyld[36742]: <45E1CEA1-A60E-30F3-A90F-B7BFB5C5CC17> /System/Library/PrivateFrameworks/AppleIntelligenceReporting.framework/Versions/A/AppleIntelligenceReporting
dyld[36742]: <4BC01F57-2373-3DC9-8B71-308A282D7030> /System/Library/PrivateFrameworks/CoreEmoji.framework/Versions/A/CoreEmoji
dyld[36742]: <8AF3BAA3-66FA-3CEF-A44B-FD79CAC8263F> /usr/lib/libCRFSuite.dylib
dyld[36742]: <4CD4216A-7270-300F-A31D-70FFACD92E12> /System/Library/PrivateFrameworks/LanguageModeling.framework/Versions/A/LanguageModeling
dyld[36742]: <E89ACADA-C30F-3E26-9775-E8BAC21A83AA> /System/Library/PrivateFrameworks/CoreNLP.framework/Versions/A/CoreNLP
dyld[36742]: <3C34BB08-BC5C-397C-A9B5-18A342838CA1> /System/Library/PrivateFrameworks/Montreal.framework/Versions/A/Montreal
dyld[36742]: <2DED54B9-9B5C-3FB3-859E-AAC46074CC8B> /usr/lib/libcmph.dylib
dyld[36742]: <5B76CDD8-6E1F-35F6-AF5E-CE4CDA81957E> /usr/lib/libmecab.dylib
dyld[36742]: <56091C21-AEA9-36A2-A3E3-D50AEC8FFE32> /usr/lib/libThaiTokenizer.dylib
dyld[36742]: <74E54F2B-B7A6-35D9-8101-F30C7F0C1979> /System/Library/PrivateFrameworks/GenerativeModelsFoundation.framework/Versions/A/GenerativeModelsFoundation
dyld[36742]: <63409EB4-B247-3B62-835C-80DD1FCB91A2> /System/Library/PrivateFrameworks/TokenGeneration.framework/Versions/A/TokenGeneration
dyld[36742]: <54D335C7-5679-3ED5-A0E1-C3B9DBF16A9C> /System/Library/PrivateFrameworks/GenerativeFunctions.framework/Versions/A/GenerativeFunctions
dyld[36742]: <AB49FED6-D7FD-3A6B-B4CF-F73AC4165CE0> /System/Library/PrivateFrameworks/GenerativeFunctionsFoundation.framework/Versions/A/GenerativeFunctionsFoundation
dyld[36742]: <790009CA-CA2D-3245-B7B1-71C370D33BDB> /System/Library/PrivateFrameworks/ModelCatalog.framework/Versions/A/ModelCatalog
dyld[36742]: <24F7CF25-24F4-395E-B89D-5C17AE8CE281> /System/Library/PrivateFrameworks/SensitiveContentAnalysisML.framework/Versions/A/SensitiveContentAnalysisML
dyld[36742]: <A2E625ED-90FF-3BCA-BD28-16F062B82C02> /System/Library/PrivateFrameworks/GenerativeFunctionsInstrumentation.framework/Versions/A/GenerativeFunctionsInstrumentation
dyld[36742]: <4851991B-9681-37D8-8A62-005249AD29C7> /System/Library/PrivateFrameworks/PromptKit.framework/Versions/A/PromptKit
dyld[36742]: <A4C38BBC-95E3-38DD-B873-243C53B83A4F> /System/Library/PrivateFrameworks/ProactiveDaemonSupport.framework/Versions/A/ProactiveDaemonSupport
dyld[36742]: <832BF595-350A-3753-8721-D894475016CB> /System/Library/PrivateFrameworks/TokenGenerationCore.framework/Versions/A/TokenGenerationCore
dyld[36742]: <E65C3A22-B998-3185-9DE5-3169814179BF> /System/Library/PrivateFrameworks/Trial.framework/Versions/A/Trial
dyld[36742]: <F66F08E4-F915-3CAE-AF88-70F76AD35303> /System/Library/PrivateFrameworks/TrialProto.framework/Versions/A/TrialProto
dyld[36742]: <4BE321D2-8DF6-3D5E-A531-4E2F77BEE441> /System/Library/PrivateFrameworks/AppleFlatBuffers.framework/Versions/A/AppleFlatBuffers
dyld[36742]: <92A1FE17-1D6F-347B-B1C3-D2C03B6C0DCE> /System/Library/PrivateFrameworks/SentencePieceInternal.framework/Versions/A/SentencePieceInternal
dyld[36742]: <4FFA7ECB-BCA8-3B4D-86F9-9F2C9E084944> /System/Library/Frameworks/Vision.framework/Versions/A/Vision
dyld[36742]: <0A6304CC-6DC4-3079-9FAB-8B9F001C8545> /System/Library/PrivateFrameworks/CoreSceneUnderstanding.framework/Versions/A/CoreSceneUnderstanding
dyld[36742]: <5E086014-D330-3672-9776-E23E8325DD67> /System/Library/PrivateFrameworks/VisionCore.framework/Versions/A/VisionCore
dyld[36742]: <A20BF0E3-F8A9-36AA-B28B-2EF282FC9BF5> /System/Library/PrivateFrameworks/DataDetectorsCore.framework/Versions/A/DataDetectorsCore
dyld[36742]: <23068BF1-0F33-3129-9965-57B1621737DE> /System/Library/Frameworks/Vision.framework/libfaceCore.dylib
dyld[36742]: <5F8738D4-6C03-3DEA-953D-9E31C389E7E1> /System/Library/PrivateFrameworks/Futhark.framework/Versions/A/Futhark
dyld[36742]: <2849D0C3-42A0-3D94-A2B7-F686BD7F760D> /System/Library/PrivateFrameworks/InertiaCam.framework/Versions/A/InertiaCam
dyld[36742]: <393E9D23-8D8D-373B-A8D8-6CF2652D2DAF> /System/Library/PrivateFrameworks/TextRecognition.framework/Versions/A/TextRecognition
dyld[36742]: <0872179E-DB9E-39FF-B22A-05EA62FC0F88> /System/Library/Frameworks/DataDetection.framework/Versions/A/DataDetection
dyld[36742]: <5D3DDFC0-3341-3DAC-A80C-0DFBD0421669> /System/Library/PrivateFrameworks/TextInput.framework/Versions/A/TextInput
dyld[36742]: <A37EF3CE-63A5-3AB5-B3E2-E089F818FF35> /System/Library/PrivateFrameworks/CVNLP.framework/Versions/A/CVNLP
dyld[36742]: <256C79BC-8BEB-390C-95D4-BFEFB95E66A1> /System/Library/PrivateFrameworks/IntentsFoundation.framework/Versions/A/IntentsFoundation
dyld[36742]: <E12CB54A-E895-3D38-8D62-01C5DF8430AB> /System/Library/PrivateFrameworks/HIDDisplay.framework/Versions/A/HIDDisplay
dyld[36742]: <A9F79F7C-A5F8-3164-BEEC-60B19D90DCF2> /usr/lib/libcups.2.dylib
dyld[36742]: <74F49C08-DE60-3E55-A037-F0A34E81BF04> /System/Library/Frameworks/Kerberos.framework/Versions/A/Kerberos
dyld[36742]: <F71E234F-8D15-388D-8819-709BB2AE1ACC> /usr/lib/libresolv.9.dylib
dyld[36742]: <139B1DBE-2FDA-3AE7-9BDE-12D5BA3C8D22> /System/Library/PrivateFrameworks/Heimdal.framework/Versions/A/Heimdal
dyld[36742]: <9BBF5DE9-CCD9-3CF3-8C05-45FB5CCEFEC3> /System/Library/Frameworks/Kerberos.framework/Versions/A/Libraries/libHeimdalProxy.dylib
dyld[36742]: <FFE98159-EDC3-3520-ADAC-F9001408ADD5> /System/Library/PrivateFrameworks/CommonAuth.framework/Versions/A/CommonAuth
dyld[36742]: <17C4F6B8-0A9A-3BF8-8D40-35ABCF9F0D89> /System/Library/PrivateFrameworks/AXCoreUtilities.framework/Versions/A/AXCoreUtilities
dyld[36742]: <8EB0DEAA-CD94-3710-AF80-DBF6947A8250> /System/Library/PrivateFrameworks/AttributeGraph.framework/Versions/A/AttributeGraph
dyld[36742]: <D4766E61-EB81-3FA1-9C48-31BC986B0607> /usr/lib/libAXSafeCategoryBundle.dylib
dyld[36742]: <6E4CAEF6-667C-3A56-9BE2-892F689894E4> /System/Library/Frameworks/TabularData.framework/Versions/A/TabularData
dyld[36742]: <00E79E4B-C0FD-3DF8-A8C3-9C812A9DB049> /System/Library/PrivateFrameworks/ArgumentParserInternal.framework/Versions/A/ArgumentParserInternal
dyld[36742]: <CB222F12-FB2E-3310-88A1-A5AE7EFF8CAE> /System/Library/Frameworks/Accelerate.framework/Versions/A/Frameworks/vecLib.framework/Versions/A/libvDSP.dylib
dyld[36742]: <C2F81286-0ED4-319D-A96D-10591BD15F4E> /System/Library/Frameworks/Accelerate.framework/Versions/A/Frameworks/vecLib.framework/Versions/A/libLAPACK.dylib
dyld[36742]: <424CA6AD-D7AA-3297-B069-745682F71E84> /System/Library/Frameworks/Accelerate.framework/Versions/A/Frameworks/vecLib.framework/Versions/A/libLinearAlgebra.dylib
dyld[36742]: <BDF370A4-972F-34A4-AED7-89885C35D933> /System/Library/Frameworks/Accelerate.framework/Versions/A/Frameworks/vecLib.framework/Versions/A/libSparseBLAS.dylib
dyld[36742]: <F2B12F6B-6C47-3B39-BE8F-68EB37545F72> /System/Library/Frameworks/Accelerate.framework/Versions/A/Frameworks/vecLib.framework/Versions/A/libQuadrature.dylib
dyld[36742]: <811E61C5-2282-3FA8-939D-D1B9C75ECC62> /System/Library/Frameworks/Accelerate.framework/Versions/A/Frameworks/vecLib.framework/Versions/A/libBNNS.dylib
dyld[36742]: <C7FD2C22-55FC-3D31-8AF3-BF842A039AF9> /System/Library/Frameworks/Accelerate.framework/Versions/A/Frameworks/vecLib.framework/Versions/A/libSparse.dylib
dyld[36742]: <7A483FDA-AB8C-3E7C-92E6-07347F67B678> /System/Library/PrivateFrameworks/ApplePushService.framework/Versions/A/ApplePushService
dyld[36742]: <C5A18DFA-6B18-3455-830A-E372A495FB1D> /System/Library/Frameworks/CloudKit.framework/Versions/A/CloudKit
dyld[36742]: <0A7A4F54-298F-384E-86C0-0E9A5C69E9E5> /System/Library/PrivateFrameworks/CoreDuetDaemonProtocol.framework/Versions/A/CoreDuetDaemonProtocol
dyld[36742]: <17D0003A-F405-3CCF-832D-BCADB65BC83F> /System/Library/PrivateFrameworks/DeviceIdentity.framework/Versions/A/DeviceIdentity
dyld[36742]: <E26F180A-1868-3E33-9277-1C73F917DE55> /System/Library/Frameworks/SharedWithYouCore.framework/Versions/A/SharedWithYouCore
dyld[36742]: <7B5C93A3-1AF7-3273-9182-60B965FBB279> /System/Library/PrivateFrameworks/CloudTelemetry.framework/Versions/A/CloudTelemetry
dyld[36742]: <CD1BB171-94DA-350C-8276-04EA8B71C6E7> /System/Library/PrivateFrameworks/AppleAccount.framework/Versions/A/AppleAccount
dyld[36742]: <6D910C58-E7C6-34AB-907F-89C2EA3E8B5C> /System/Library/PrivateFrameworks/C2.framework/Versions/A/C2
dyld[36742]: <1BE4EC57-9B8A-34C4-BFC9-BC9A229BBB08> /System/Library/PrivateFrameworks/CloudCoreInternal.framework/Versions/A/CloudCoreInternal
dyld[36742]: <EDB20CBF-D173-3BD4-A483-3C509C15D24D> /System/Library/PrivateFrameworks/CloudAsset.framework/Versions/A/CloudAsset
dyld[36742]: <696E88E7-5CF6-3095-80C0-57B9A913887A> /System/Library/Frameworks/PushKit.framework/Versions/A/PushKit
dyld[36742]: <100BE8FB-6C47-33E3-9FC4-A45A5106721A> /System/Library/Frameworks/CoreTransferable.framework/Versions/A/CoreTransferable
dyld[36742]: <08675344-FA9F-3CC2-8ED8-C572C841B504> /System/Library/PrivateFrameworks/NetAuth.framework/Versions/A/NetAuth
dyld[36742]: <8E702F90-53C5-3A91-A0F8-94409A59BAF3> /System/Library/PrivateFrameworks/login.framework/Versions/A/Frameworks/loginsupport.framework/Versions/A/loginsupport
dyld[36742]: <78C04A6C-63CF-339A-90C8-F25BA9C4C1CE> /System/Library/PrivateFrameworks/CloudTelemetryTools.framework/Versions/A/CloudTelemetryTools
dyld[36742]: <A23C0860-6454-3F01-A064-C8982EBBFF48> /System/Library/PrivateFrameworks/CloudTelemetryShared.dylib
dyld[36742]: <907F9C53-06D9-3604-A13D-183642237619> /System/Library/PrivateFrameworks/RTCReporting.framework/Versions/A/RTCReporting
dyld[36742]: <90B0724C-CBDF-35B7-91AA-38F8E07E543D> /System/Library/PrivateFrameworks/AAAFoundationSwift.framework/Versions/A/AAAFoundationSwift
dyld[36742]: <95A65CAD-54BC-3CDD-B27A-90572D2A848F> /System/Library/PrivateFrameworks/AppleIDSSOAuthentication.framework/Versions/A/AppleIDSSOAuthentication
dyld[36742]: <B2BA9719-73C5-3061-9915-25FC68C198D6> /System/Library/PrivateFrameworks/UIFoundation.framework/Versions/A/UIFoundation
dyld[36742]: <6784252E-9BE1-332F-8D0C-CF7FB6C9FB56> /System/Library/PrivateFrameworks/CaptiveNetwork.framework/Versions/A/CaptiveNetwork
dyld[36742]: <2DFBEDC5-0C41-3FF8-B1AB-334EE3621FC9> /System/Library/PrivateFrameworks/EAP8021X.framework/Versions/A/EAP8021X
dyld[36742]: <D828B798-9303-3C0A-9F83-5B24A36E1670> /System/Library/PrivateFrameworks/CryptoKitPrivate.framework/Versions/A/CryptoKitPrivate
dyld[36742]: <7B08EA3F-6BA2-39B2-979D-D36A03961343> /System/Library/PrivateFrameworks/FindMyDevice.framework/Versions/A/FindMyDevice
dyld[36742]: <57FD92AE-E8D7-3D48-AF71-F74CD3D2AD56> /System/Library/PrivateFrameworks/FMCoreLite.framework/Versions/A/FMCoreLite
dyld[36742]: <0B4562F4-D2B8-362C-AC29-8E9B106F937C> /System/Library/Frameworks/ServiceManagement.framework/Versions/A/ServiceManagement
dyld[36742]: <4428FA9C-988B-3235-98EB-1FC596D283D1> /usr/lib/libCheckFix.dylib
dyld[36742]: <7CA1C787-8112-3F53-9419-1EA66ECF08B3> /System/Library/PrivateFrameworks/MetadataUtilities.framework/Versions/A/MetadataUtilities
dyld[36742]: <B820DEFE-59D8-3A6A-BB23-56E594F57F9C> /System/Library/PrivateFrameworks/InstalledContentLibrary.framework/Versions/A/InstalledContentLibrary
dyld[36742]: <9B52CDCA-8EFD-3512-A265-C5D8CE2B8998> /System/Library/PrivateFrameworks/CoreServicesStore.framework/Versions/A/CoreServicesStore
dyld[36742]: <3BD7BCA8-66D2-34D7-BA3F-A3B3197E1F44> /usr/lib/libapp_launch_measurement.dylib
dyld[36742]: <7783C2DD-5853-312A-8EF1-B5DDC441531D> /System/Library/PrivateFrameworks/MobileSystemServices.framework/Versions/A/MobileSystemServices
dyld[36742]: <C428B34A-AB0B-34ED-9C94-8DC908D4A12B> /usr/lib/libxslt.1.dylib
dyld[36742]: <F1725141-8B9B-363A-838E-17B20313568E> /System/Library/PrivateFrameworks/BackgroundTaskManagement.framework/Versions/A/BackgroundTaskManagement
dyld[36742]: <957F947F-00ED-3468-B07B-20900D64DB71> /usr/lib/libcurl.4.dylib
dyld[36742]: <FE236487-745A-39C9-A6A5-D937AD7BDC2E> /usr/lib/libcrypto.46.dylib
dyld[36742]: <6E6A6A29-3741-365F-A90D-785C2C86D71A> /usr/lib/libssl.48.dylib
dyld[36742]: <9AC45415-37D3-369E-846C-6C2F072899F9> /System/Library/Frameworks/LDAP.framework/Versions/A/LDAP
dyld[36742]: <48980122-ECA5-383C-A043-6F2BE6BAA017> /System/Library/PrivateFrameworks/TrustEvaluationAgent.framework/Versions/A/TrustEvaluationAgent
dyld[36742]: <65BCF638-CADE-3CB2-97FB-D33E91D93C8D> /usr/lib/libsasl2.2.dylib
dyld[36742]: move loaded to delayed: XPCSupport
dyld[36742]: move loaded to delayed: CoreFoundation
dyld[36742]: move loaded to delayed: libswiftCore.dylib
dyld[36742]: move loaded to delayed: Foundation
dyld[36742]: move loaded to delayed: libswiftObjectiveC.dylib
dyld[36742]: move loaded to delayed: libswiftPrespecialized.dylib
dyld[36742]: move loaded to delayed: SystemConfiguration
dyld[36742]: move loaded to delayed: libz.1.dylib
dyld[36742]: move loaded to delayed: CoreAutoLayout
dyld[36742]: move loaded to delayed: libcmark-gfm.dylib
dyld[36742]: move loaded to delayed: libfakelink.dylib
dyld[36742]: move loaded to delayed: libcompression.dylib
dyld[36742]: move loaded to delayed: CFNetwork
dyld[36742]: move loaded to delayed: DiskArbitration
dyld[36742]: move loaded to delayed: libarchive.2.dylib
dyld[36742]: move loaded to delayed: libDiagnosticMessagesClient.dylib
dyld[36742]: move loaded to delayed: libicucore.A.dylib
dyld[36742]: move loaded to delayed: libxml2.2.dylib
dyld[36742]: move loaded to delayed: CoreServices
dyld[36742]: move loaded to delayed: liblangid.dylib
dyld[36742]: move loaded to delayed: IOKit
dyld[36742]: move loaded to delayed: Combine
dyld[36742]: move loaded to delayed: CollectionsInternal
dyld[36742]: move loaded to delayed: ReflectionInternal
dyld[36742]: move loaded to delayed: RuntimeInternal
dyld[36742]: move loaded to delayed: SoftLinking
dyld[36742]: move loaded to delayed: libswiftCoreFoundation.dylib
dyld[36742]: move loaded to delayed: libswiftDarwin.dylib
dyld[36742]: move loaded to delayed: libswiftDispatch.dylib
dyld[36742]: move loaded to delayed: libswiftIOKit.dylib
dyld[36742]: move loaded to delayed: libswiftSystem.dylib
dyld[36742]: move loaded to delayed: libswiftXPC.dylib
dyld[36742]: move loaded to delayed: libswift_Builtin_float.dylib
dyld[36742]: move loaded to delayed: libswift_Concurrency.dylib
dyld[36742]: move loaded to delayed: libswift_DarwinFoundation1.dylib
dyld[36742]: move loaded to delayed: libswift_StringProcessing.dylib
dyld[36742]: move loaded to delayed: libswiftos.dylib
dyld[36742]: move loaded to delayed: CoreServicesInternal
dyld[36742]: move loaded to delayed: liboah.dylib
dyld[36742]: move loaded to delayed: Security
dyld[36742]: move loaded to delayed: GenerationalStorage
dyld[36742]: move loaded to delayed: CacheDelete
dyld[36742]: move loaded to delayed: QuickLookThumbnailing
dyld[36742]: move loaded to delayed: FileProvider
dyld[36742]: move loaded to delayed: DiskImages
dyld[36742]: move loaded to delayed: NetFS
dyld[36742]: move loaded to delayed: DesktopServicesPriv
dyld[36742]: move loaded to delayed: FSEvents
dyld[36742]: move loaded to delayed: CarbonCore
dyld[36742]: move loaded to delayed: Metadata
dyld[36742]: move loaded to delayed: OSServices
dyld[36742]: move loaded to delayed: SearchKit
dyld[36742]: move loaded to delayed: AE
dyld[36742]: move loaded to delayed: LaunchServices
dyld[36742]: move loaded to delayed: DictionaryServices
dyld[36742]: move loaded to delayed: SharedFileList
dyld[36742]: move loaded to delayed: libapple_nghttp2.dylib
dyld[36742]: move loaded to delayed: libsqlite3.dylib
dyld[36742]: move loaded to delayed: Accounts
dyld[36742]: move loaded to delayed: AOSKit
dyld[36742]: move loaded to delayed: AppSSOCore
dyld[36742]: move loaded to delayed: AppSupport
dyld[36742]: move loaded to delayed: AVFoundation
dyld[36742]: move loaded to delayed: BackgroundSystemTasks
dyld[36742]: move loaded to delayed: CoreAnalytics
dyld[36742]: move loaded to delayed: CoreGraphics
dyld[36742]: move loaded to delayed: DuetActivityScheduler
dyld[36742]: move loaded to delayed: FTServices
dyld[36742]: move loaded to delayed: GSS
dyld[36742]: move loaded to delayed: InternationalSupport
dyld[36742]: move loaded to delayed: libMemoryResourceException.dylib
dyld[36742]: move loaded to delayed: NetworkScore
dyld[36742]: move loaded to delayed: NetworkServiceProxy
dyld[36742]: move loaded to delayed: RunningBoardServices
dyld[36742]: move loaded to delayed: StreamingExtractor
dyld[36742]: move loaded to delayed: StreamingZip
dyld[36742]: move loaded to delayed: SymptomReporter
dyld[36742]: move loaded to delayed: libenergytrace.dylib
dyld[36742]: move loaded to delayed: libnetworkextension.dylib
dyld[36742]: move loaded to delayed: Network
dyld[36742]: move loaded to delayed: libbsm.0.dylib
dyld[36742]: move loaded to delayed: libkxld.dylib
dyld[36742]: move loaded to delayed: AppleKeyStore
dyld[36742]: move loaded to delayed: libCoreEntitlements.dylib
dyld[36742]: move loaded to delayed: MessageSecurity
dyld[36742]: move loaded to delayed: ProtocolBuffer
dyld[36742]: move loaded to delayed: CloudServices
dyld[36742]: move loaded to delayed: SymptomDiagnosticReporter
dyld[36742]: move loaded to delayed: CrashReporterSupport
dyld[36742]: move loaded to delayed: libMobileGestalt.dylib
dyld[36742]: move loaded to delayed: AppleFSCompression
dyld[36742]: move loaded to delayed: libcoretls.dylib
dyld[36742]: move loaded to delayed: libcoretls_cfhelpers.dylib
dyld[36742]: move loaded to delayed: libpam.2.dylib
dyld[36742]: move loaded to delayed: libxar.1.dylib
dyld[36742]: move loaded to delayed: APFS
dyld[36742]: move loaded to delayed: SwiftASN1Internal
dyld[36742]: move loaded to delayed: libutil.dylib
dyld[36742]: move loaded to delayed: AppleSystemInfo
dyld[36742]: move loaded to delayed: IOMobileFramebuffer
dyld[36742]: move loaded to delayed: IOSurface
dyld[36742]: move loaded to delayed: CoreWiFi
dyld[36742]: move loaded to delayed: LoggingSupport
dyld[36742]: move loaded to delayed: MobileAsset
dyld[36742]: move loaded to delayed: PowerLog
dyld[36742]: move loaded to delayed: Rapport
dyld[36742]: move loaded to delayed: SwiftData
dyld[36742]: move loaded to delayed: SymptomAnalytics
dyld[36742]: move loaded to delayed: UniformTypeIdentifiers
dyld[36742]: move loaded to delayed: UserManagement
dyld[36742]: move loaded to delayed: libboringssl.dylib
dyld[36742]: move loaded to delayed: libcupolicy.dylib
dyld[36742]: move loaded to delayed: libdns_services.dylib
dyld[36742]: move loaded to delayed: NetworkExtension
dyld[36742]: move loaded to delayed: libnwswifttls.dylib
dyld[36742]: move loaded to delayed: libpcap.A.dylib
dyld[36742]: move loaded to delayed: libquic.dylib
dyld[36742]: move loaded to delayed: libusrtcp.dylib
dyld[36742]: move loaded to delayed: AtomicsInternal
dyld[36742]: move loaded to delayed: InternalSwiftProtobuf
dyld[36742]: move loaded to delayed: libswiftDistributed.dylib
dyld[36742]: move loaded to delayed: libswiftObservation.dylib
dyld[36742]: move loaded to delayed: libswiftSynchronization.dylib
dyld[36742]: move loaded to delayed: AggregateDictionary
dyld[36742]: move loaded to delayed: CoreDuetContext
dyld[36742]: move loaded to delayed: BiomeLibrary
dyld[36742]: move loaded to delayed: CoreDuet
dyld[36742]: move loaded to delayed: BiomeStreams
dyld[36742]: move loaded to delayed: BiomeFoundation
dyld[36742]: move loaded to delayed: BiomePubSub
dyld[36742]: move loaded to delayed: CoreData
dyld[36742]: move loaded to delayed: ProactiveSupport
dyld[36742]: move loaded to delayed: CoreLocation
dyld[36742]: move loaded to delayed: Intents
dyld[36742]: move loaded to delayed: _LocationEssentials
dyld[36742]: move loaded to delayed: liblzma.5.dylib
dyld[36742]: move loaded to delayed: Accelerate
dyld[36742]: move loaded to delayed: MobileKeyBag
dyld[36742]: move loaded to delayed: InternationalTextSearch
dyld[36742]: move loaded to delayed: SoftwareUpdateCoreSupport
dyld[36742]: move loaded to delayed: SoftwareUpdateCoreConnect
dyld[36742]: move loaded to delayed: RemoteServiceDiscovery
dyld[36742]: move loaded to delayed: MSUDataAccessor
dyld[36742]: move loaded to delayed: libbootpolicy.dylib
dyld[36742]: move loaded to delayed: RemoteXPC
dyld[36742]: move loaded to delayed: libFDR.dylib
dyld[36742]: move loaded to delayed: libamsupport.dylib
dyld[36742]: move loaded to delayed: libReverseProxyDevice.dylib
dyld[36742]: move loaded to delayed: AppleDeviceQuerySupport
dyld[36742]: move loaded to delayed: libpartition2_dynamic.dylib
dyld[36742]: move loaded to delayed: AppleSauce
dyld[36742]: move loaded to delayed: libAppleArchive.dylib
dyld[36742]: move loaded to delayed: libbz2.1.0.dylib
dyld[36742]: move loaded to delayed: vImage
dyld[36742]: move loaded to delayed: vecLib
dyld[36742]: move loaded to delayed: libvMisc.dylib
dyld[36742]: move loaded to delayed: libCGInterfaces.dylib
dyld[36742]: move loaded to delayed: AccelerateGPU
dyld[36742]: move loaded to delayed: libBLAS.dylib
dyld[36742]: move loaded to delayed: ApplicationServices
dyld[36742]: move loaded to delayed: CoreVideo
dyld[36742]: move loaded to delayed: ColorSync
dyld[36742]: move loaded to delayed: CoreText
dyld[36742]: move loaded to delayed: ImageIO
dyld[36742]: move loaded to delayed: ATS
dyld[36742]: move loaded to delayed: HIServices
dyld[36742]: move loaded to delayed: PrintCore
dyld[36742]: move loaded to delayed: QD
dyld[36742]: move loaded to delayed: ColorSyncLegacy
dyld[36742]: move loaded to delayed: SpeechSynthesis
dyld[36742]: move loaded to delayed: SkyLight
dyld[36742]: move loaded to delayed: libFontParser.dylib
dyld[36742]: move loaded to delayed: BaseBoard
dyld[36742]: move loaded to delayed: BoardServices
dyld[36742]: move loaded to delayed: BackBoardServices
dyld[36742]: move loaded to delayed: BackBoardHIDEventFoundation
dyld[36742]: move loaded to delayed: CoreDisplay
dyld[36742]: move loaded to delayed: VideoToolbox
dyld[36742]: move loaded to delayed: MetalPerformanceShaders
dyld[36742]: move loaded to delayed: ProDisplayLibrary
dyld[36742]: move loaded to delayed: IOSurfaceAccelerator
dyld[36742]: move loaded to delayed: Metal
dyld[36742]: move loaded to delayed: IOAccelerator
dyld[36742]: move loaded to delayed: CoreMedia
dyld[36742]: move loaded to delayed: TCC
dyld[36742]: move loaded to delayed: WatchdogClient
dyld[36742]: move loaded to delayed: QuartzCore
dyld[36742]: move loaded to delayed: MultitouchSupport
dyld[36742]: move loaded to delayed: libswiftAccelerate.dylib
dyld[36742]: move loaded to delayed: libswiftCoreAudio.dylib
dyld[36742]: move loaded to delayed: libswiftCoreMedia.dylib
dyld[36742]: move loaded to delayed: libswiftMetal.dylib
dyld[36742]: move loaded to delayed: libswiftOSLog.dylib
dyld[36742]: move loaded to delayed: libswiftQuartzCore.dylib
dyld[36742]: move loaded to delayed: libswiftUniformTypeIdentifiers.dylib
dyld[36742]: move loaded to delayed: libswiftVideoToolbox.dylib
dyld[36742]: move loaded to delayed: libswiftsimd.dylib
dyld[36742]: move loaded to delayed: BiomeStorage
dyld[36742]: move loaded to delayed: IntelligencePlatformLibrary
dyld[36742]: move loaded to delayed: PoirotSchematizer
dyld[36742]: move loaded to delayed: BiomeSync
dyld[36742]: move loaded to delayed: BiomeDSL
dyld[36742]: move loaded to delayed: FeatureFlags
dyld[36742]: move loaded to delayed: PoirotUDFs
dyld[36742]: move loaded to delayed: libswift_DarwinFoundation2.dylib
dyld[36742]: move loaded to delayed: libswift_DarwinFoundation3.dylib
dyld[36742]: move loaded to delayed: CoreTime
dyld[36742]: move loaded to delayed: libiconv.2.dylib
dyld[36742]: move loaded to delayed: libcharset.1.dylib
dyld[36742]: move loaded to delayed: PoirotSQLite
dyld[36742]: move loaded to delayed: libswift_RegexParser.dylib
dyld[36742]: move loaded to delayed: CascadeSets
dyld[36742]: move loaded to delayed: CorePhoneNumbers
dyld[36742]: move loaded to delayed: AppleJPEG
dyld[36742]: move loaded to delayed: libexpat.1.dylib
dyld[36742]: move loaded to delayed: libPng.dylib
dyld[36742]: move loaded to delayed: libTIFF.dylib
dyld[36742]: move loaded to delayed: libGIF.dylib
dyld[36742]: move loaded to delayed: libJP2.dylib
dyld[36742]: move loaded to delayed: libate.dylib
dyld[36742]: move loaded to delayed: libJPEG.dylib
dyld[36742]: move loaded to delayed: libRadiance.dylib
dyld[36742]: move loaded to delayed: libllvm-flatbuffers.dylib
dyld[36742]: move loaded to delayed: FramePacing
dyld[36742]: move loaded to delayed: libCoreFSCache.dylib
dyld[36742]: move loaded to delayed: libGPUCompilerUtils.dylib
dyld[36742]: move loaded to delayed: GraphicsServices
dyld[36742]: move loaded to delayed: OpenGL
dyld[36742]: move loaded to delayed: libGLU.dylib
dyld[36742]: move loaded to delayed: libGFXShared.dylib
dyld[36742]: move loaded to delayed: libGL.dylib
dyld[36742]: move loaded to delayed: libGLImage.dylib
dyld[36742]: move loaded to delayed: libCVMSPluginSupport.dylib
dyld[36742]: move loaded to delayed: libCoreVMClient.dylib
dyld[36742]: move loaded to delayed: GPUWrangler
dyld[36742]: move loaded to delayed: IOPresentment
dyld[36742]: move loaded to delayed: DSExternalDisplay
dyld[36742]: move loaded to delayed: VideoToolboxParavirtualizationSupport
dyld[36742]: move loaded to delayed: AppleVA
dyld[36742]: move loaded to delayed: ExtensionFoundation
dyld[36742]: move loaded to delayed: CMCaptureCore
dyld[36742]: move loaded to delayed: libspindump.dylib
dyld[36742]: move loaded to delayed: CoreAudio
dyld[36742]: move loaded to delayed: AppServerSupport
dyld[36742]: move loaded to delayed: perfdata
dyld[36742]: move loaded to delayed: AudioDSPGraph
dyld[36742]: move loaded to delayed: AudioToolboxCore
dyld[36742]: move loaded to delayed: caulk
dyld[36742]: move loaded to delayed: libAudioStatistics.dylib
dyld[36742]: move loaded to delayed: SystemPolicy
dyld[36742]: move loaded to delayed: libSMC.dylib
dyld[36742]: move loaded to delayed: libswiftCoreMIDI.dylib
dyld[36742]: move loaded to delayed: CoreMIDI
dyld[36742]: move loaded to delayed: libAudioToolboxUtility.dylib
dyld[36742]: move loaded to delayed: libperfcheck.dylib
dyld[36742]: move loaded to delayed: AudioAnalytics
dyld[36742]: move loaded to delayed: OSLog
dyld[36742]: move loaded to delayed: OSEligibility
dyld[36742]: move loaded to delayed: IconServices
dyld[36742]: move loaded to delayed: LightweightCodeRequirements
dyld[36742]: move loaded to delayed: PlugInKit
dyld[36742]: move loaded to delayed: AssertionServices
dyld[36742]: move loaded to delayed: IconFoundation
dyld[36742]: move loaded to delayed: AssistantServices
dyld[36742]: move loaded to delayed: IconRendering
dyld[36742]: move loaded to delayed: CoreUI
dyld[36742]: move loaded to delayed: CoreImage
dyld[36742]: move loaded to delayed: SFSymbols
dyld[36742]: move loaded to delayed: DeveloperToolsSupport
dyld[36742]: move loaded to delayed: RenderBox
dyld[36742]: move loaded to delayed: CoreSVG
dyld[36742]: move loaded to delayed: TextureIO
dyld[36742]: move loaded to delayed: libswiftCoreImage.dylib
dyld[36742]: move loaded to delayed: GraphVisualizer
dyld[36742]: move loaded to delayed: FontServices
dyld[36742]: move loaded to delayed: OTSVG
dyld[36742]: move loaded to delayed: libFontRegistry.dylib
dyld[36742]: move loaded to delayed: libhvf.dylib
dyld[36742]: move loaded to delayed: ParsingInternal
dyld[36742]: move loaded to delayed: libXTFontStaticRegistryData.dylib
dyld[36742]: move loaded to delayed: MPSCore
dyld[36742]: move loaded to delayed: MPSImage
dyld[36742]: move loaded to delayed: MPSNeuralNetwork
dyld[36742]: move loaded to delayed: MPSMatrix
dyld[36742]: move loaded to delayed: MPSRayIntersector
dyld[36742]: move loaded to delayed: MPSNDArray
dyld[36742]: move loaded to delayed: MPSFunctions
dyld[36742]: move loaded to delayed: MPSBenchmarkLoop
dyld[36742]: move loaded to delayed: MPSHost
dyld[36742]: move loaded to delayed: MetalTools
dyld[36742]: move loaded to delayed: IOAccelMemoryInfo
dyld[36742]: move loaded to delayed: kperf
dyld[36742]: move loaded to delayed: GPURawCounter
dyld[36742]: move loaded to delayed: ASEProcessing
dyld[36742]: move loaded to delayed: Symbolication
dyld[36742]: move loaded to delayed: PhotosensitivityProcessing
dyld[36742]: move loaded to delayed: SILManager
dyld[36742]: move loaded to delayed: CoreSymbolication
dyld[36742]: move loaded to delayed: MallocStackLogging
dyld[36742]: move loaded to delayed: DebugSymbols
dyld[36742]: move loaded to delayed: OSAnalytics
dyld[36742]: move loaded to delayed: DeviceRecovery
dyld[36742]: move loaded to delayed: Tightbeam
dyld[36742]: move loaded to delayed: libswiftCompression.dylib
dyld[36742]: move loaded to delayed: AFKUser
dyld[36742]: move loaded to delayed: ATSUI
dyld[36742]: move loaded to delayed: SAObjects
dyld[36742]: move loaded to delayed: AudioToolbox
dyld[36742]: move loaded to delayed: MediaRemote
dyld[36742]: move loaded to delayed: UserNotifications
dyld[36742]: move loaded to delayed: SiriInstrumentation
dyld[36742]: move loaded to delayed: SiriAnalytics
dyld[36742]: move loaded to delayed: SiriTTSService
dyld[36742]: move loaded to delayed: SiriCrossDeviceArbitration
dyld[36742]: move loaded to delayed: FeedbackLogger
dyld[36742]: move loaded to delayed: FaceTimeNameUtility
dyld[36742]: move loaded to delayed: AuthKit
dyld[36742]: move loaded to delayed: SiriCrossDeviceArbitrationFeedback
dyld[36742]: move loaded to delayed: libswiftCoreLocation.dylib
dyld[36742]: move loaded to delayed: libswiftAVFoundation.dylib
dyld[36742]: move loaded to delayed: UIKitServices
dyld[36742]: move loaded to delayed: UnifiedAssetFramework
dyld[36742]: move loaded to delayed: AudioSession
dyld[36742]: move loaded to delayed: MediaExperience
dyld[36742]: move loaded to delayed: libSessionUtility.dylib
dyld[36742]: move loaded to delayed: AudioAccessoryServices
dyld[36742]: move loaded to delayed: CoreBluetooth
dyld[36742]: move loaded to delayed: CoreUtils
dyld[36742]: move loaded to delayed: HID
dyld[36742]: move loaded to delayed: Sharing
dyld[36742]: move loaded to delayed: CoreUtilsExtras
dyld[36742]: move loaded to delayed: IO80211
dyld[36742]: move loaded to delayed: IDSFoundation
dyld[36742]: move loaded to delayed: Apple80211
dyld[36742]: move loaded to delayed: CoreWLAN
dyld[36742]: move loaded to delayed: IOBluetooth
dyld[36742]: move loaded to delayed: libswiftRegexBuilder.dylib
dyld[36742]: move loaded to delayed: IMFoundation
dyld[36742]: move loaded to delayed: Marco
dyld[36742]: move loaded to delayed: CommonUtilities
dyld[36742]: move loaded to delayed: Engram
dyld[36742]: move loaded to delayed: XPCDistributed
dyld[36742]: move loaded to delayed: libtidy.A.dylib
dyld[36742]: move loaded to delayed: Bom
dyld[36742]: move loaded to delayed: libParallelCompression.dylib
dyld[36742]: move loaded to delayed: libIOReport.dylib
dyld[36742]: move loaded to delayed: WiFiPeerToPeer
dyld[36742]: move loaded to delayed: SecurityFoundation
dyld[36742]: move loaded to delayed: Centauri
dyld[36742]: move loaded to delayed: Lexicon
dyld[36742]: move loaded to delayed: libmrc.dylib
dyld[36742]: move loaded to delayed: IPConfiguration
dyld[36742]: move loaded to delayed: Netrb
dyld[36742]: move loaded to delayed: FrontBoardServices
dyld[36742]: move loaded to delayed: libgermantok.dylib
dyld[36742]: move loaded to delayed: LinguisticData
dyld[36742]: move loaded to delayed: MultiverseSupport
dyld[36742]: move loaded to delayed: DiskManagement
dyld[36742]: move loaded to delayed: AppleIDAuthSupport
dyld[36742]: move loaded to delayed: AAAFoundation
dyld[36742]: move loaded to delayed: KeychainCircle
dyld[36742]: move loaded to delayed: URLFormatting
dyld[36742]: move loaded to delayed: libcsfde.dylib
dyld[36742]: move loaded to delayed: libCoreStorage.dylib
dyld[36742]: move loaded to delayed: MediaKit
dyld[36742]: move loaded to delayed: DiscRecording
dyld[36742]: move loaded to delayed: ProtectedCloudStorage
dyld[36742]: move loaded to delayed: EFILogin
dyld[36742]: move loaded to delayed: libheimdal-asn1.dylib
dyld[36742]: move loaded to delayed: OctagonTrust
dyld[36742]: move loaded to delayed: AudioUnit
dyld[36742]: move loaded to delayed: OpenDirectory
dyld[36742]: move loaded to delayed: CFOpenDirectory
dyld[36742]: move loaded to delayed: GeoServices
dyld[36742]: move loaded to delayed: LocationSupport
dyld[36742]: move loaded to delayed: GeoServicesCore
dyld[36742]: move loaded to delayed: PhoneNumbers
dyld[36742]: move loaded to delayed: LocationLogEncryption
dyld[36742]: move loaded to delayed: AVFAudio
dyld[36742]: move loaded to delayed: AVRouting
dyld[36742]: move loaded to delayed: libAccessibility.dylib
dyld[36742]: move loaded to delayed: MediaServices
dyld[36742]: move loaded to delayed: IDS
dyld[36742]: move loaded to delayed: IsolatedCoreAudioClient
dyld[36742]: move loaded to delayed: CoreAudioOrchestration
dyld[36742]: move loaded to delayed: MediaToolbox
dyld[36742]: move loaded to delayed: CoreAVCHD
dyld[36742]: move loaded to delayed: MediaAccessibility
dyld[36742]: move loaded to delayed: Mangrove
dyld[36742]: move loaded to delayed: CMPhoto
dyld[36742]: move loaded to delayed: CoreTelephony
dyld[36742]: move loaded to delayed: CoreAUC
dyld[36742]: move loaded to delayed: AppleJPEGXL
dyld[36742]: move loaded to delayed: libTelephonyUtilDynamic.dylib
dyld[36742]: move loaded to delayed: CryptoKit
dyld[36742]: move loaded to delayed: CryptoKitCBridging
dyld[36742]: move loaded to delayed: CryptoTokenKit
dyld[36742]: move loaded to delayed: LocalAuthentication
dyld[36742]: move loaded to delayed: LocalAuthenticationCore
dyld[36742]: move loaded to delayed: LocalAuthenticationCredentialServices
dyld[36742]: move loaded to delayed: SharedUtils
dyld[36742]: move loaded to delayed: PersistentConnection
dyld[36742]: move loaded to delayed: SonicFoundation
dyld[36742]: move loaded to delayed: AsyncAlgorithmsInternal
dyld[36742]: move loaded to delayed: FTAWD
dyld[36742]: move loaded to delayed: Dendrite
dyld[36742]: move loaded to delayed: libtailspin.dylib
dyld[36742]: move loaded to delayed: Osprey
dyld[36742]: move loaded to delayed: SiriTTS
dyld[36742]: move loaded to delayed: NaturalLanguage
dyld[36742]: move loaded to delayed: GenerativeModels
dyld[36742]: move loaded to delayed: SiriPowerInstrumentation
dyld[36742]: move loaded to delayed: libswiftNaturalLanguage.dylib
dyld[36742]: move loaded to delayed: TailspinSymbolication
dyld[36742]: move loaded to delayed: Darwinup
dyld[36742]: move loaded to delayed: SignpostSupport
dyld[36742]: move loaded to delayed: FeatureFlagsSupport
dyld[36742]: move loaded to delayed: ktrace
dyld[36742]: move loaded to delayed: SampleAnalysis
dyld[36742]: move loaded to delayed: kperfdata
dyld[36742]: move loaded to delayed: libdscsym.dylib
dyld[36742]: move loaded to delayed: AppleMobileFileIntegrity
dyld[36742]: move loaded to delayed: BulkSymbolication
dyld[36742]: move loaded to delayed: libTLE.dylib
dyld[36742]: move loaded to delayed: libmis.dylib
dyld[36742]: move loaded to delayed: ConfigProfileHelper
dyld[36742]: move loaded to delayed: Espresso
dyld[36742]: move loaded to delayed: CoreML
dyld[36742]: move loaded to delayed: libedit.3.dylib
dyld[36742]: move loaded to delayed: ANECompiler
dyld[36742]: move loaded to delayed: AppleNeuralEngine
dyld[36742]: move loaded to delayed: MIL
dyld[36742]: move loaded to delayed: MetalPerformanceShadersGraph
dyld[36742]: move loaded to delayed: MLCompilerServices
dyld[36742]: move loaded to delayed: ANEServices
dyld[36742]: move loaded to delayed: libncurses.5.4.dylib
dyld[36742]: move loaded to delayed: libsandbox.1.dylib
dyld[36742]: move loaded to delayed: libMatch.1.dylib
dyld[36742]: move loaded to delayed: ODIE
dyld[36742]: move loaded to delayed: MLModelAsset
dyld[36742]: move loaded to delayed: MLCompilerRuntime
dyld[36742]: move loaded to delayed: MLCompute
dyld[36742]: move loaded to delayed: MLAssetIO
dyld[36742]: move loaded to delayed: libswiftMLCompute.dylib
dyld[36742]: move loaded to delayed: AVFCore
dyld[36742]: move loaded to delayed: AVFCapture
dyld[36742]: move loaded to delayed: CMImaging
dyld[36742]: move loaded to delayed: Quagga
dyld[36742]: move loaded to delayed: CMCapture
dyld[36742]: move loaded to delayed: CoreMediaIO
dyld[36742]: move loaded to delayed: CMCaptureDevice
dyld[36742]: move loaded to delayed: CoreBrightness
dyld[36742]: move loaded to delayed: CinematicFraming
dyld[36742]: move loaded to delayed: ModelManagerServices
dyld[36742]: move loaded to delayed: CPMS
dyld[36742]: move loaded to delayed: SystemStatus
dyld[36742]: move loaded to delayed: CoreMotion
dyld[36742]: move loaded to delayed: TimeSync
dyld[36742]: move loaded to delayed: DistributedSensing
dyld[36742]: move loaded to delayed: MobileBluetooth
dyld[36742]: move loaded to delayed: IOKitten
dyld[36742]: move loaded to delayed: AppleIntelligenceReporting
dyld[36742]: move loaded to delayed: CoreEmoji
dyld[36742]: move loaded to delayed: libCRFSuite.dylib
dyld[36742]: move loaded to delayed: LanguageModeling
dyld[36742]: move loaded to delayed: CoreNLP
dyld[36742]: move loaded to delayed: Montreal
dyld[36742]: move loaded to delayed: libcmph.dylib
dyld[36742]: move loaded to delayed: libmecab.dylib
dyld[36742]: move loaded to delayed: libThaiTokenizer.dylib
dyld[36742]: move loaded to delayed: GenerativeModelsFoundation
dyld[36742]: move loaded to delayed: TokenGeneration
dyld[36742]: move loaded to delayed: GenerativeFunctions
dyld[36742]: move loaded to delayed: GenerativeFunctionsFoundation
dyld[36742]: move loaded to delayed: ModelCatalog
dyld[36742]: move loaded to delayed: SensitiveContentAnalysisML
dyld[36742]: move loaded to delayed: GenerativeFunctionsInstrumentation
dyld[36742]: move loaded to delayed: PromptKit
dyld[36742]: move loaded to delayed: ProactiveDaemonSupport
dyld[36742]: move loaded to delayed: TokenGenerationCore
dyld[36742]: move loaded to delayed: Trial
dyld[36742]: move loaded to delayed: TrialProto
dyld[36742]: move loaded to delayed: AppleFlatBuffers
dyld[36742]: move loaded to delayed: SentencePieceInternal
dyld[36742]: move loaded to delayed: Vision
dyld[36742]: move loaded to delayed: CoreSceneUnderstanding
dyld[36742]: move loaded to delayed: VisionCore
dyld[36742]: move loaded to delayed: DataDetectorsCore
dyld[36742]: move loaded to delayed: libfaceCore.dylib
dyld[36742]: move loaded to delayed: Futhark
dyld[36742]: move loaded to delayed: InertiaCam
dyld[36742]: move loaded to delayed: TextRecognition
dyld[36742]: move loaded to delayed: DataDetection
dyld[36742]: move loaded to delayed: TextInput
dyld[36742]: move loaded to delayed: CVNLP
dyld[36742]: move loaded to delayed: IntentsFoundation
dyld[36742]: move loaded to delayed: HIDDisplay
dyld[36742]: move loaded to delayed: libcups.2.dylib
dyld[36742]: move loaded to delayed: Kerberos
dyld[36742]: move loaded to delayed: libresolv.9.dylib
dyld[36742]: move loaded to delayed: Heimdal
dyld[36742]: move loaded to delayed: libHeimdalProxy.dylib
dyld[36742]: move loaded to delayed: CommonAuth
dyld[36742]: move loaded to delayed: AXCoreUtilities
dyld[36742]: move loaded to delayed: AttributeGraph
dyld[36742]: move loaded to delayed: libAXSafeCategoryBundle.dylib
dyld[36742]: move loaded to delayed: TabularData
dyld[36742]: move loaded to delayed: ArgumentParserInternal
dyld[36742]: move loaded to delayed: libvDSP.dylib
dyld[36742]: move loaded to delayed: libLAPACK.dylib
dyld[36742]: move loaded to delayed: libLinearAlgebra.dylib
dyld[36742]: move loaded to delayed: libSparseBLAS.dylib
dyld[36742]: move loaded to delayed: libQuadrature.dylib
dyld[36742]: move loaded to delayed: libBNNS.dylib
dyld[36742]: move loaded to delayed: libSparse.dylib
dyld[36742]: move loaded to delayed: ApplePushService
dyld[36742]: move loaded to delayed: CloudKit
dyld[36742]: move loaded to delayed: CoreDuetDaemonProtocol
dyld[36742]: move loaded to delayed: DeviceIdentity
dyld[36742]: move loaded to delayed: SharedWithYouCore
dyld[36742]: move loaded to delayed: CloudTelemetry
dyld[36742]: move loaded to delayed: AppleAccount
dyld[36742]: move loaded to delayed: C2
dyld[36742]: move loaded to delayed: CloudCoreInternal
dyld[36742]: move loaded to delayed: CloudAsset
dyld[36742]: move loaded to delayed: PushKit
dyld[36742]: move loaded to delayed: CoreTransferable
dyld[36742]: move loaded to delayed: NetAuth
dyld[36742]: move loaded to delayed: loginsupport
dyld[36742]: move loaded to delayed: CloudTelemetryTools
dyld[36742]: move loaded to delayed: CloudTelemetryShared.dylib
dyld[36742]: move loaded to delayed: RTCReporting
dyld[36742]: move loaded to delayed: AAAFoundationSwift
dyld[36742]: move loaded to delayed: AppleIDSSOAuthentication
dyld[36742]: move loaded to delayed: UIFoundation
dyld[36742]: move loaded to delayed: CaptiveNetwork
dyld[36742]: move loaded to delayed: EAP8021X
dyld[36742]: move loaded to delayed: CryptoKitPrivate
dyld[36742]: move loaded to delayed: FindMyDevice
dyld[36742]: move loaded to delayed: FMCoreLite
dyld[36742]: move loaded to delayed: ServiceManagement
dyld[36742]: move loaded to delayed: libCheckFix.dylib
dyld[36742]: move loaded to delayed: MetadataUtilities
dyld[36742]: move loaded to delayed: InstalledContentLibrary
dyld[36742]: move loaded to delayed: CoreServicesStore
dyld[36742]: move loaded to delayed: libapp_launch_measurement.dylib
dyld[36742]: move loaded to delayed: MobileSystemServices
dyld[36742]: move loaded to delayed: libxslt.1.dylib
dyld[36742]: move loaded to delayed: BackgroundTaskManagement
dyld[36742]: move loaded to delayed: libcurl.4.dylib
dyld[36742]: move loaded to delayed: libcrypto.46.dylib
dyld[36742]: move loaded to delayed: libssl.48.dylib
dyld[36742]: move loaded to delayed: LDAP
dyld[36742]: move loaded to delayed: TrustEvaluationAgent
dyld[36742]: move loaded to delayed: libsasl2.2.dylib
dyld[36743]: <4D3EE7DE-7AD0-3606-B88B-D045779F3263> /Users/catethos/.local/share/mise/installs/erlang/29.0.4/erts-17.0.4/bin/beam.smp
dyld[36743]: <13FCB0EB-FF74-39B5-92ED-980AB6E76C5C> /Library/Developer/CommandLineTools/usr/lib/clang/21/lib/darwin/libclang_rt.asan_osx_dynamic.dylib
dyld[36743]: <AAB4E5F3-8EF1-39BE-A32B-8B4ABF8F390D> /usr/lib/libutil.dylib
dyld[36743]: <C6DC2145-7B94-3E01-ADE5-96A6C2D078BC> /usr/lib/libc++.1.dylib
dyld[36743]: <4CC4CAD6-45A6-361E-9343-DE636A0B5C02> /usr/lib/libSystem.B.dylib
dyld[36743]: <DDE77B06-5E25-380B-85B7-BA1A27D09021> /usr/lib/libc++abi.dylib
dyld[36743]: <EA7C2E0B-52BF-3D45-9A33-38F54A535452> /usr/lib/system/libcache.dylib
dyld[36743]: <72D94140-1281-3886-971B-37C810403C03> /usr/lib/system/libcommonCrypto.dylib
dyld[36743]: <D60A9B54-A909-3FD5-93B9-3F38BE0A2BE8> /usr/lib/system/libcompiler_rt.dylib
dyld[36743]: <58F425CF-7D4F-34FD-9620-706A2A7F8BDC> /usr/lib/system/libcopyfile.dylib
dyld[36743]: <D54389FC-4078-370D-A863-9FEF16E00DFD> /usr/lib/system/libcorecrypto.dylib
dyld[36743]: <243E06A0-7BFF-3C3F-8A9B-D7732729B361> /usr/lib/system/libdispatch.dylib
dyld[36743]: <634959D0-592E-349C-B549-B91F2FF09858> /usr/lib/system/libdyld.dylib
dyld[36743]: <18EFA1CE-C535-3EAC-BC2C-7955593B7382> /usr/lib/system/libkeymgr.dylib
dyld[36743]: <3E43AF47-AD89-3BB4-82B9-A9533F4334DF> /usr/lib/system/libmacho.dylib
dyld[36743]: <78C5B827-8152-358D-90E9-B02F02A68B17> /usr/lib/system/libquarantine.dylib
dyld[36743]: <DA9C2B48-7A9C-32EA-888D-6C7AEB5250E6> /usr/lib/system/libremovefile.dylib
dyld[36743]: <FF57F6FA-F3A1-343D-815D-57B769D31445> /usr/lib/system/libsystem_asl.dylib
dyld[36743]: <A712B95E-BCEE-3F12-9F9B-58E6C2060E53> /usr/lib/system/libsystem_blocks.dylib
dyld[36743]: <FDC4E366-5C14-3A1E-BC35-D933D28CDCF3> /usr/lib/system/libsystem_c.dylib
dyld[36743]: <BDA28F78-F479-3C22-B9C7-4ABCB6801592> /usr/lib/system/libsystem_collections.dylib
dyld[36743]: <A14ED142-2F56-33A6-A23C-EEB8417DC90E> /usr/lib/system/libsystem_configuration.dylib
dyld[36743]: <2E14025A-52C2-361D-8A8F-5DD45825A2C9> /usr/lib/system/libsystem_containermanager.dylib
dyld[36743]: <F335DA14-69E8-336E-85A3-11EE239255F0> /usr/lib/system/libsystem_coreservices.dylib
dyld[36743]: <A095E4FE-0EE1-34DF-B00A-7D349FBC55E0> /usr/lib/system/libsystem_darwin.dylib
dyld[36743]: <6C03D78B-BFAB-3C7A-B713-50881791EE08> /usr/lib/system/libsystem_darwindirectory.dylib
dyld[36743]: <2C4C3043-008E-3BD8-BC29-AB9AD235DBA9> /usr/lib/system/libsystem_dnssd.dylib
dyld[36743]: <A279E124-8499-3FFC-A788-655070028F97> /usr/lib/system/libsystem_eligibility.dylib
dyld[36743]: <5E7CDBD5-44AB-34C0-A0F5-FC72F6116CDC> /usr/lib/system/libsystem_featureflags.dylib
dyld[36743]: <7402662E-F235-3F48-BB65-F64C8CF0F2BB> /usr/lib/system/libsystem_info.dylib
dyld[36743]: <3739A40F-2C17-3503-92D6-098141E56E89> /usr/lib/system/libsystem_m.dylib
dyld[36743]: <971CDCFE-4D20-300E-A1D6-EC8672FDD258> /usr/lib/system/libsystem_malloc.dylib
dyld[36743]: <01D14A9E-16DC-372C-8AA8-CC7AD39E797F> /usr/lib/system/libsystem_networkextension.dylib
dyld[36743]: <F9B1BAFF-4D09-3A1F-839B-189C21EB5FBB> /usr/lib/system/libsystem_notify.dylib
dyld[36743]: <6592D3CE-38C6-3C08-9EA5-75D64F37993F> /usr/lib/system/libsystem_sandbox.dylib
dyld[36743]: <C92FAEE5-DAED-3340-96B3-0C42B005ADF9> /usr/lib/system/libsystem_sanitizers.dylib
dyld[36743]: <C85AF062-AA9B-35BB-904C-C055B2C21602> /usr/lib/system/libsystem_secinit.dylib
dyld[36743]: <7CFB3A10-ADB2-32C4-99B5-922A111B3224> /usr/lib/system/libsystem_kernel.dylib
dyld[36743]: <4C6BD0FE-25F2-38D8-BE5C-24DAC1DEDCFB> /usr/lib/system/libsystem_platform.dylib
dyld[36743]: <12342372-0084-37A5-9EA6-2E4DC940C685> /usr/lib/system/libsystem_pthread.dylib
dyld[36743]: <CE07A0DF-31B6-3528-B7CE-91CAD89AA519> /usr/lib/system/libsystem_symptoms.dylib
dyld[36743]: <E043667E-AD01-3228-837F-A381F32F2B30> /usr/lib/system/libsystem_trace.dylib
dyld[36743]: <2FF186A6-F448-38CD-9A30-8B5B1AEFCA10> /usr/lib/system/libsystem_trial.dylib
dyld[36743]: <B21A1015-83D4-31D8-BA41-88688962D9A6> /usr/lib/system/libunwind.dylib
dyld[36743]: <40BBE226-77D4-332E-9DA8-F0B5BACFB86D> /usr/lib/system/libxpc.dylib
dyld[36743]: <40277974-D20C-3EC8-B25C-43AE30D8CC60> /usr/lib/libobjc.A.dylib
dyld[36743]: <5BCE8CB3-4EF5-3181-B96B-8E8130851510> /System/Library/PrivateFrameworks/XPCSupport.framework/Versions/A/XPCSupport
dyld[36743]: <FDBA2243-A7AB-3524-9B94-F3034AC36E41> /System/Library/Frameworks/CoreFoundation.framework/Versions/A/CoreFoundation
dyld[36743]: <81895735-AEE8-36CF-B7ED-370A80C4E78A> /usr/lib/swift/libswiftCore.dylib
dyld[36743]: <F41D814B-FE1F-311A-A778-5F0699628188> /usr/lib/libRosetta.dylib
dyld[36743]: <2E3EA3FE-B1EF-3EDA-B94E-C7FC54E30C13> /System/Library/Frameworks/Foundation.framework/Versions/C/Foundation
dyld[36743]: <4A2A8D5B-A79D-36B3-A688-1792E7A98EA6> /usr/lib/swift/libswiftObjectiveC.dylib
dyld[36743]: <CB44DEF4-FCFF-36ED-8E9D-BB26E0DFACAC> /usr/lib/libswiftPrespecialized.dylib
dyld[36743]: <7C419E70-AC1A-3BF9-913F-D2F87F60680B> /System/Library/Frameworks/SystemConfiguration.framework/Versions/A/SystemConfiguration
dyld[36743]: <03BEB01C-EE74-3952-80FC-D2B7CF9C798D> /usr/lib/libz.1.dylib
dyld[36743]: <1C295E81-112C-3641-8846-101E1BD9471D> /System/Library/PrivateFrameworks/CoreAutoLayout.framework/Versions/A/CoreAutoLayout
dyld[36743]: <B0B762DB-DEE4-368F-94E4-6BCFEC98E286> /usr/lib/libcmark-gfm.dylib
dyld[36743]: <4A5173C4-2F2F-3503-9FED-70C4E5BEFA0F> /usr/lib/libfakelink.dylib
dyld[36743]: <88B2498F-674F-34B8-AC5F-048E050518E5> /usr/lib/libcompression.dylib
dyld[36743]: <49C50CC0-E432-3C8D-84D5-F6AA825941A3> /System/Library/Frameworks/CFNetwork.framework/Versions/A/CFNetwork
dyld[36743]: <ECE02111-DA6A-386C-B109-699F01824273> /System/Library/Frameworks/DiskArbitration.framework/Versions/A/DiskArbitration
dyld[36743]: <CE6444C3-4DCC-3F04-B4EC-AE78233CD4C8> /usr/lib/libarchive.2.dylib
dyld[36743]: <E681BCDD-6DE1-3079-8AD8-DB80F389420D> /usr/lib/libDiagnosticMessagesClient.dylib
dyld[36743]: <700597A5-5992-3705-9F22-3E970E735653> /usr/lib/libicucore.A.dylib
dyld[36743]: <E706ECFF-E18C-3E27-B22D-B8307DE9C6D2> /usr/lib/libxml2.2.dylib
dyld[36743]: <B20E2809-8922-3D51-9CF9-1EF7DFDFBE1D> /System/Library/Frameworks/CoreServices.framework/Versions/A/CoreServices
dyld[36743]: <A316E5EC-C7E2-3D1C-A36A-7075E38735A8> /usr/lib/liblangid.dylib
dyld[36743]: <93FF2D40-D3DB-37A6-A827-8C8947B0BDCF> /System/Library/Frameworks/IOKit.framework/Versions/A/IOKit
dyld[36743]: <EBB4454A-765B-38CF-8B9D-71FF1B53D290> /System/Library/Frameworks/Combine.framework/Versions/A/Combine
dyld[36743]: <FD544864-C6FA-3FB3-B8EA-7ECAA412D97F> /System/Library/PrivateFrameworks/CollectionsInternal.framework/Versions/A/CollectionsInternal
dyld[36743]: <B66B4EC0-DF77-317E-B57C-9005FCA3B3E1> /System/Library/PrivateFrameworks/ReflectionInternal.framework/Versions/A/ReflectionInternal
dyld[36743]: <8D664FD8-9C6D-35F2-A0CB-C7E22ABEB804> /System/Library/PrivateFrameworks/RuntimeInternal.framework/Versions/A/RuntimeInternal
dyld[36743]: <105FF8F1-5BE6-387D-B850-ECE87B4BFE9C> /System/Library/PrivateFrameworks/SoftLinking.framework/Versions/A/SoftLinking
dyld[36743]: <EE71FC23-45F1-30AE-B49C-74D2DE7882BA> /usr/lib/swift/libswiftCoreFoundation.dylib
dyld[36743]: <70D613F2-BFE7-38FC-A7E8-80779478F554> /usr/lib/swift/libswiftDarwin.dylib
dyld[36743]: <F272890D-9996-3BD0-A5AA-67CE47819FE4> /usr/lib/swift/libswiftDispatch.dylib
dyld[36743]: <1A55E5A8-85E6-3067-AB87-4AC87B8C6530> /usr/lib/swift/libswiftIOKit.dylib
dyld[36743]: <92A7149B-3E19-38D2-BD36-3360D56F3096> /usr/lib/swift/libswiftSystem.dylib
dyld[36743]: <75A38F4A-06EE-3FD1-87A3-8F9FF972CE47> /usr/lib/swift/libswiftXPC.dylib
dyld[36743]: <4C680D47-D53D-3E82-9575-B04943349B45> /usr/lib/swift/libswift_Builtin_float.dylib
dyld[36743]: <E202745F-BFF6-3F29-A171-5C8DDE11779C> /usr/lib/swift/libswift_Concurrency.dylib
dyld[36743]: <4A0A069F-D0C0-3F0A-BE4F-4AFE0DF78D58> /usr/lib/swift/libswift_DarwinFoundation1.dylib
dyld[36743]: <2B54D7C1-96A9-350E-B680-2CEC48FE32AE> /usr/lib/swift/libswift_StringProcessing.dylib
dyld[36743]: <C191573D-AF50-3C8E-840C-F64782CC2BFC> /usr/lib/swift/libswiftos.dylib
dyld[36743]: <48EB2100-B5F6-3150-A424-5FD9EEC9B77B> /System/Library/PrivateFrameworks/CoreServicesInternal.framework/Versions/A/CoreServicesInternal
dyld[36743]: <F41D814B-FE1F-311A-A778-5F0699628188> /usr/lib/liboah.dylib
dyld[36743]: <A4C45770-BA54-3D2C-9DA3-077F5A497C32> /System/Library/Frameworks/Security.framework/Versions/A/Security
dyld[36743]: <D3D5DEE9-258B-33B9-A688-CF81D495E88D> /System/Library/PrivateFrameworks/GenerationalStorage.framework/Versions/A/GenerationalStorage
dyld[36743]: <02498F6E-F56A-35EC-BBFD-09E0739F330E> /System/Library/PrivateFrameworks/CacheDelete.framework/Versions/A/CacheDelete
dyld[36743]: <5879E066-73C2-3C08-9571-57A56D8FC106> /System/Library/Frameworks/QuickLookThumbnailing.framework/Versions/A/QuickLookThumbnailing
dyld[36743]: <56C602D6-EE17-31C4-BACC-962E392B7A14> /System/Library/Frameworks/FileProvider.framework/Versions/A/FileProvider
dyld[36743]: <1D861D5E-F6F8-3B0C-97F0-6F7DA8174A13> /System/Library/PrivateFrameworks/DiskImages.framework/Versions/A/DiskImages
dyld[36743]: <8B049FBF-B02F-3B65-B252-36DD33AE4DCB> /System/Library/Frameworks/NetFS.framework/Versions/A/NetFS
dyld[36743]: <8A8560B9-089E-3AB8-996F-C1E6F335D567> /System/Library/PrivateFrameworks/DesktopServicesPriv.framework/Versions/A/DesktopServicesPriv
dyld[36743]: <4DF5833E-170E-391E-8068-334A1619B6EC> /System/Library/Frameworks/CoreServices.framework/Versions/A/Frameworks/FSEvents.framework/Versions/A/FSEvents
dyld[36743]: <C3100FC0-CB90-375E-8228-7AD3095F70CC> /System/Library/Frameworks/CoreServices.framework/Versions/A/Frameworks/CarbonCore.framework/Versions/A/CarbonCore
dyld[36743]: <20352036-F9BF-311D-BF2B-4BE56DE35A4C> /System/Library/Frameworks/CoreServices.framework/Versions/A/Frameworks/Metadata.framework/Versions/A/Metadata
dyld[36743]: <C43D9113-B804-3617-AB4E-18B9746C3FD7> /System/Library/Frameworks/CoreServices.framework/Versions/A/Frameworks/OSServices.framework/Versions/A/OSServices
dyld[36743]: <DB2FEE7A-4E93-3C0A-A1BC-1A7915D7F824> /System/Library/Frameworks/CoreServices.framework/Versions/A/Frameworks/SearchKit.framework/Versions/A/SearchKit
dyld[36743]: <1FE41C73-319E-31D6-8AB9-5D9725C29840> /System/Library/Frameworks/CoreServices.framework/Versions/A/Frameworks/AE.framework/Versions/A/AE
dyld[36743]: <F672AF6B-712F-3E94-A30C-D962C961B1AE> /System/Library/Frameworks/CoreServices.framework/Versions/A/Frameworks/LaunchServices.framework/Versions/A/LaunchServices
dyld[36743]: <89B35D84-BCB4-32EA-B793-BB3563BA6C7E> /System/Library/Frameworks/CoreServices.framework/Versions/A/Frameworks/DictionaryServices.framework/Versions/A/DictionaryServices
dyld[36743]: <11D1A903-7E02-365D-B434-CF1F6928B9C8> /System/Library/Frameworks/CoreServices.framework/Versions/A/Frameworks/SharedFileList.framework/Versions/A/SharedFileList
dyld[36743]: <37EB8634-C367-3986-951F-FE6CE034F9B8> /usr/lib/libapple_nghttp2.dylib
dyld[36743]: <FFED8D03-933A-3E77-A298-899189CFDDEE> /usr/lib/libsqlite3.dylib
dyld[36743]: <480932A5-4C8C-3AEF-AFC3-31D7D5A6DFB7> /System/Library/Frameworks/Accounts.framework/Versions/A/Accounts
dyld[36743]: <277306E7-DBCE-3D31-8E19-1A959860E47C> /System/Library/PrivateFrameworks/AOSKit.framework/Versions/A/AOSKit
dyld[36743]: <F1614AEF-411C-3D85-B147-122B24A52BD2> /System/Library/PrivateFrameworks/AppSSOCore.framework/Versions/A/AppSSOCore
dyld[36743]: <E49883EF-0C5A-34B3-940E-6CDED347A361> /System/Library/PrivateFrameworks/AppSupport.framework/Versions/A/AppSupport
dyld[36743]: <2B4C89E8-6D61-382F-8596-400AFD5DFAED> /System/Library/Frameworks/AVFoundation.framework/Versions/A/AVFoundation
dyld[36743]: <D6494026-1CF4-365F-9D35-BD3C0FAE8463> /System/Library/PrivateFrameworks/BackgroundSystemTasks.framework/Versions/A/BackgroundSystemTasks
dyld[36743]: <5B6BC0A9-527D-3D06-B19A-59A55830D0C2> /System/Library/PrivateFrameworks/CoreAnalytics.framework/Versions/A/CoreAnalytics
dyld[36743]: <86707213-12B9-3943-AF6A-FBFDF1209FCA> /System/Library/Frameworks/CoreGraphics.framework/Versions/A/CoreGraphics
dyld[36743]: <43674C87-ADFF-3F60-9DDD-8CE9CAFA39D5> /System/Library/PrivateFrameworks/DuetActivityScheduler.framework/Versions/A/DuetActivityScheduler
dyld[36743]: <8220298F-96F2-3CED-82CF-C07E11DA38F9> /System/Library/PrivateFrameworks/FTServices.framework/Versions/A/FTServices
dyld[36743]: <6A676BE5-DAA2-3923-8B2D-9183A79D8FCF> /System/Library/Frameworks/GSS.framework/Versions/A/GSS
dyld[36743]: <B9C46934-ECEA-360F-BD4D-39025C7947C9> /System/Library/PrivateFrameworks/InternationalSupport.framework/Versions/A/InternationalSupport
dyld[36743]: <F64C374B-7C49-32B2-BD2E-8822A3F14163> /usr/lib/libMemoryResourceException.dylib
dyld[36743]: <A3C34F06-7BB2-3881-8DD1-775BB79E14B3> /System/Library/PrivateFrameworks/NetworkScore.framework/Versions/A/NetworkScore
dyld[36743]: <31C663CB-E303-3669-A2D3-17AB24A16940> /System/Library/PrivateFrameworks/NetworkServiceProxy.framework/Versions/A/NetworkServiceProxy
dyld[36743]: <949C594B-FE78-3E1A-B40C-4720CF994C75> /System/Library/PrivateFrameworks/RunningBoardServices.framework/Versions/A/RunningBoardServices
dyld[36743]: <291F2CDF-90AA-36D2-94BB-1318387C54C5> /System/Library/PrivateFrameworks/StreamingExtractor.framework/Versions/A/StreamingExtractor
dyld[36743]: <A266C210-8869-390E-93D0-5AC15408C80D> /System/Library/PrivateFrameworks/StreamingZip.framework/Versions/A/StreamingZip
dyld[36743]: <DB7270A8-9BB5-3EBE-B2FD-54F6641D56DE> /System/Library/PrivateFrameworks/SymptomReporter.framework/Versions/A/SymptomReporter
dyld[36743]: <87E902A1-34F8-3ED8-8A5B-00F346A553AE> /usr/lib/libenergytrace.dylib
dyld[36743]: <076C8183-DBAF-3FE4-8019-C95855620AD9> /usr/lib/libnetworkextension.dylib
dyld[36743]: <4A16436D-E026-380A-ADED-84C279C05285> /System/Library/Frameworks/Network.framework/Versions/A/Network
dyld[36743]: <7E84A4E7-383B-33B9-B604-D707E8E0C76A> /usr/lib/libbsm.0.dylib
dyld[36743]: <B20E8F67-6646-3050-AB29-44575B24BB6D> /usr/lib/system/libkxld.dylib
dyld[36743]: <2D2A4D15-9634-3D30-8D50-845C65536968> /System/Library/PrivateFrameworks/AppleKeyStore.framework/Versions/A/AppleKeyStore
dyld[36743]: <CFECAA0B-0E59-3E9B-BE28-7247E52F32BC> /usr/lib/libCoreEntitlements.dylib
dyld[36743]: <DDEA8F2A-0D8C-3136-A60F-159B3BF6BB14> /System/Library/PrivateFrameworks/MessageSecurity.framework/Versions/A/MessageSecurity
dyld[36743]: <4AB73CF2-A262-3297-A4ED-F98885686564> /System/Library/PrivateFrameworks/ProtocolBuffer.framework/Versions/A/ProtocolBuffer
dyld[36743]: <9E416667-BB78-36EB-9B5D-886652738B8E> /System/Library/PrivateFrameworks/CloudServices.framework/Versions/A/CloudServices
dyld[36743]: <88586001-D9A2-3BCE-A0B3-F66B962A5FCD> /System/Library/PrivateFrameworks/SymptomDiagnosticReporter.framework/Versions/A/SymptomDiagnosticReporter
dyld[36743]: <E76B3969-60BD-3EBD-8419-B6D16CB330C2> /System/Library/PrivateFrameworks/CrashReporterSupport.framework/Versions/A/CrashReporterSupport
dyld[36743]: <E0F8AF6B-104D-3F9D-A8FB-49EF7C45EAAE> /usr/lib/libMobileGestalt.dylib
dyld[36743]: <903E85C5-7923-3276-8CD3-439E896B7C6B> /System/Library/PrivateFrameworks/AppleFSCompression.framework/Versions/A/AppleFSCompression
dyld[36743]: <5CF64670-CDC0-3AF0-930A-38522A8573EC> /usr/lib/libcoretls.dylib
dyld[36743]: <88C8B8CF-FC4A-3278-9FD7-A2B90B2F600F> /usr/lib/libcoretls_cfhelpers.dylib
dyld[36743]: <4653F0C2-72CB-3C35-AEB9-AAFD63A5B721> /usr/lib/libpam.2.dylib
dyld[36743]: <47C6FF5C-2E46-3B5A-A3AF-157D64AA89B0> /usr/lib/libxar.1.dylib
dyld[36743]: <715B7DF2-B40D-3EBA-BFC9-13276492ED33> /System/Library/PrivateFrameworks/APFS.framework/Versions/A/APFS
dyld[36743]: <C01C6663-DD1C-3855-AB40-23B40F988E8E> /System/Library/PrivateFrameworks/SwiftASN1Internal.framework/Versions/A/SwiftASN1Internal
dyld[36743]: <389F3921-719F-3A03-BD22-3A711B27FB35> /System/Library/PrivateFrameworks/AppleSystemInfo.framework/Versions/A/AppleSystemInfo
dyld[36743]: <2CFBD4DF-9E6B-34A5-9B6C-BCD05F40F139> /System/Library/PrivateFrameworks/IOMobileFramebuffer.framework/Versions/A/IOMobileFramebuffer
dyld[36743]: <C30F04DE-ADD7-3DBC-A1B2-C7D1EFA08CC6> /System/Library/Frameworks/IOSurface.framework/Versions/A/IOSurface
dyld[36743]: <B73AC390-0D5D-3EDA-A81F-709B68F0E37A> /System/Library/PrivateFrameworks/CoreWiFi.framework/Versions/A/CoreWiFi
dyld[36743]: <E39BD6CE-35C2-3F90-BBC1-F68EB3C71E52> /System/Library/PrivateFrameworks/LoggingSupport.framework/Versions/A/LoggingSupport
dyld[36743]: <B7154554-8A67-3354-B992-14441B39FF71> /System/Library/PrivateFrameworks/MobileAsset.framework/Versions/A/MobileAsset
dyld[36743]: <604DB01F-E423-31DC-A4A1-792F6701BA2D> /System/Library/PrivateFrameworks/PowerLog.framework/Versions/A/PowerLog
dyld[36743]: <BE98D10A-67D4-311C-B556-8D3838CF6F81> /System/Library/PrivateFrameworks/Rapport.framework/Versions/A/Rapport
dyld[36743]: <58E4A38D-47FB-3EAC-B7E0-6818F49D24EA> /System/Library/Frameworks/SwiftData.framework/Versions/A/SwiftData
dyld[36743]: <540009BA-D3E5-3F67-8DE8-ED0033FE9215> /System/Library/PrivateFrameworks/Symptoms.framework/Versions/A/Frameworks/SymptomAnalytics.framework/Versions/A/SymptomAnalytics
dyld[36743]: <743056F4-24EC-3A70-8282-C6F20407C193> /System/Library/Frameworks/UniformTypeIdentifiers.framework/Versions/A/UniformTypeIdentifiers
dyld[36743]: <4C89B3C9-F76E-3ED3-9515-E770E4E0E04A> /System/Library/PrivateFrameworks/UserManagement.framework/Versions/A/UserManagement
dyld[36743]: <0767E249-3DD3-375B-8E61-F5DB8309C5BA> /usr/lib/libboringssl.dylib
dyld[36743]: <819F23DB-90BE-3F09-8647-29C8F3CF929E> /usr/lib/libcupolicy.dylib
dyld[36743]: <B079C73B-474D-3A35-B9FC-C417A2FAAC2D> /usr/lib/libdns_services.dylib
dyld[36743]: <9BFCCC8E-40E3-33F3-8108-ED956930D9B0> /System/Library/Frameworks/NetworkExtension.framework/Versions/A/NetworkExtension
dyld[36743]: <2C368B24-1063-37A2-9815-6392CE0D28FA> /usr/lib/libnwswifttls.dylib
dyld[36743]: <0A92F1D9-34F1-35A9-A293-57BED013A7C7> /usr/lib/libpcap.A.dylib
dyld[36743]: <A88B0E2C-9449-37D5-AA62-8533346704D8> /usr/lib/libquic.dylib
dyld[36743]: <35A0D004-85A7-324D-A597-61F1AA1203B8> /usr/lib/libusrtcp.dylib
dyld[36743]: <AD7AC28E-DF43-3FE2-9F95-1A55421FE21B> /System/Library/PrivateFrameworks/AtomicsInternal.framework/Versions/A/AtomicsInternal
dyld[36743]: <4AFF9D01-B152-3754-917D-FEB9B6EDB074> /System/Library/PrivateFrameworks/InternalSwiftProtobuf.framework/Versions/A/InternalSwiftProtobuf
dyld[36743]: <939A84CD-B303-36D6-89D4-0CA6FE6C9335> /usr/lib/swift/libswiftDistributed.dylib
dyld[36743]: <69B34359-C025-3674-9127-6FE565701511> /usr/lib/swift/libswiftObservation.dylib
dyld[36743]: <7626547E-9425-3FAE-A895-04A4C0B5A24C> /usr/lib/swift/libswiftSynchronization.dylib
dyld[36743]: <61779A8C-8FAF-3B30-88EB-F8B1F7965DA6> /System/Library/PrivateFrameworks/AggregateDictionary.framework/Versions/A/AggregateDictionary
dyld[36743]: <ACB84D0D-0179-32B7-8F5C-53BD2AC740D5> /System/Library/PrivateFrameworks/CoreDuetContext.framework/Versions/A/CoreDuetContext
dyld[36743]: <ED2927D1-85F9-346D-9054-C9008EEFC205> /System/Library/PrivateFrameworks/BiomeLibrary.framework/Versions/A/BiomeLibrary
dyld[36743]: <0F02B28D-130E-3D48-A02E-D62C960731A0> /System/Library/PrivateFrameworks/CoreDuet.framework/Versions/A/CoreDuet
dyld[36743]: <0C2B5247-3909-390E-89D1-CD10B5986FDB> /System/Library/PrivateFrameworks/BiomeStreams.framework/Versions/A/BiomeStreams
dyld[36743]: <ECD6B305-5576-372C-A6C2-6FB8B3449B16> /System/Library/PrivateFrameworks/BiomeFoundation.framework/Versions/A/BiomeFoundation
dyld[36743]: <56BD2841-6328-3882-839C-512E9AEC3220> /System/Library/PrivateFrameworks/BiomePubSub.framework/Versions/A/BiomePubSub
dyld[36743]: <26BCA90F-FDB6-3162-8398-B204D85CFE5B> /System/Library/Frameworks/CoreData.framework/Versions/A/CoreData
dyld[36743]: <5C05FB7B-7E85-3E88-B482-B08EBADE6C7C> /System/Library/PrivateFrameworks/ProactiveSupport.framework/Versions/A/ProactiveSupport
dyld[36743]: <8984813E-20DC-39D0-8760-81CF047BEA77> /System/Library/Frameworks/CoreLocation.framework/Versions/A/CoreLocation
dyld[36743]: <71576C7F-398C-30F3-8B15-E71BBEFCBF40> /System/Library/Frameworks/Intents.framework/Versions/A/Intents
dyld[36743]: <9C3CA246-0044-37F0-9C69-6A72E1434912> /System/Library/Frameworks/_LocationEssentials.framework/Versions/A/_LocationEssentials
dyld[36743]: <6DB9D3C0-C6E8-34F1-BECE-E13E769A8FDB> /usr/lib/liblzma.5.dylib
dyld[36743]: <69865F9B-6DB8-3638-8A23-072E1E349C72> /System/Library/Frameworks/Accelerate.framework/Versions/A/Accelerate
dyld[36743]: <0542EA91-C289-3EEB-A7BD-E3FDC5F48622> /System/Library/PrivateFrameworks/MobileKeyBag.framework/Versions/A/MobileKeyBag
dyld[36743]: <504121FD-73F2-3024-93D0-E8A7C806E94B> /System/Library/PrivateFrameworks/InternationalTextSearch.framework/Versions/A/InternationalTextSearch
dyld[36743]: <6DD8264D-A08C-3E81-A4DC-DF6F92BDE42B> /System/Library/PrivateFrameworks/SoftwareUpdateCoreSupport.framework/Versions/A/SoftwareUpdateCoreSupport
dyld[36743]: <BE013477-FD5C-36B1-9127-66C2080DE35E> /System/Library/PrivateFrameworks/SoftwareUpdateCoreConnect.framework/Versions/A/SoftwareUpdateCoreConnect
dyld[36743]: <B9FE5420-1BC3-3001-ACAF-2E917BFFBDD0> /System/Library/PrivateFrameworks/RemoteServiceDiscovery.framework/Versions/A/RemoteServiceDiscovery
dyld[36743]: <135C2628-BD95-3432-8D97-32C8FDABD1E3> /System/Library/PrivateFrameworks/MSUDataAccessor.framework/Versions/A/MSUDataAccessor
dyld[36743]: <7817458F-E833-3825-A04B-03A79AD8739B> /usr/lib/libbootpolicy.dylib
dyld[36743]: <ED17CD59-DDEC-3BDE-9267-201A02407BAD> /System/Library/PrivateFrameworks/RemoteXPC.framework/Versions/A/RemoteXPC
dyld[36743]: <A1DBFEC9-D0A6-3B2E-99D2-EC6B5B9B960D> /usr/lib/libFDR.dylib
dyld[36743]: <A73B43E8-985F-3BB1-AD2B-DAF39BFF4E95> /usr/lib/libamsupport.dylib
dyld[36743]: <2C923B2B-EB1C-3FD1-8272-4AD141AEE322> /usr/lib/libReverseProxyDevice.dylib
dyld[36743]: <A1751466-FD99-3C13-9DAE-8EE39A575C75> /System/Library/PrivateFrameworks/AppleDeviceQuerySupport.framework/Versions/A/AppleDeviceQuerySupport
dyld[36743]: <6B2536A0-FB99-3B72-BF72-C8A230F76C2F> /usr/lib/libpartition2_dynamic.dylib
dyld[36743]: <50A785A8-C474-3A6D-A6CB-DFD2D0E93B43> /System/Library/PrivateFrameworks/AppleSauce.framework/Versions/A/AppleSauce
dyld[36743]: <4C0A66D2-B313-3A88-B438-3B2FBAFD7994> /usr/lib/libAppleArchive.dylib
dyld[36743]: <F8B99793-2A42-3B06-A92E-C84D8679459A> /usr/lib/libbz2.1.0.dylib
dyld[36743]: <87180846-15A0-3AE6-9375-8986922E7704> /System/Library/Frameworks/Accelerate.framework/Versions/A/Frameworks/vImage.framework/Versions/A/vImage
dyld[36743]: <F9DA17B8-BF0E-3D0E-8D51-8895A09E76CA> /System/Library/Frameworks/Accelerate.framework/Versions/A/Frameworks/vecLib.framework/Versions/A/vecLib
dyld[36743]: <E5B95953-1269-352C-B085-3BC6406E41D9> /System/Library/Frameworks/Accelerate.framework/Versions/A/Frameworks/vecLib.framework/Versions/A/libvMisc.dylib
dyld[36743]: <C127566F-507D-3087-8945-973441413016> /System/Library/Frameworks/Accelerate.framework/Versions/A/Frameworks/vImage.framework/Versions/A/Libraries/libCGInterfaces.dylib
dyld[36743]: <48BF39E9-074A-3BD8-80DD-DEB901859383> /System/Library/PrivateFrameworks/AccelerateGPU.framework/Versions/A/AccelerateGPU
dyld[36743]: <B8AEEB6D-A458-37C3-B22A-99C768B155EA> /System/Library/Frameworks/Accelerate.framework/Versions/A/Frameworks/vecLib.framework/Versions/A/libBLAS.dylib
dyld[36743]: <305A0A92-364D-3C8B-8BC4-DAE07A4E2918> /System/Library/Frameworks/ApplicationServices.framework/Versions/A/ApplicationServices
dyld[36743]: <9C44ABC3-19CD-32AB-A7AA-098813317900> /System/Library/Frameworks/CoreVideo.framework/Versions/A/CoreVideo
dyld[36743]: <96471F96-B3C6-3783-B8BB-17C1E48C46B7> /System/Library/Frameworks/ColorSync.framework/Versions/A/ColorSync
dyld[36743]: <22A4F922-8523-396D-AD9B-DA6FF15DA432> /System/Library/Frameworks/CoreText.framework/Versions/A/CoreText
dyld[36743]: <0CD49F9D-A8E2-303D-98A7-7E9602B00B90> /System/Library/Frameworks/ImageIO.framework/Versions/A/ImageIO
dyld[36743]: <63A93F8B-EBA5-37CF-A171-7B220B8C6A70> /System/Library/Frameworks/ApplicationServices.framework/Versions/A/Frameworks/ATS.framework/Versions/A/ATS
dyld[36743]: <0B0164B2-3069-3AF2-B2C5-8A5F1E81BFD6> /System/Library/Frameworks/ApplicationServices.framework/Versions/A/Frameworks/HIServices.framework/Versions/A/HIServices
dyld[36743]: <395625EB-39F6-392B-88CB-C8679C3A844C> /System/Library/Frameworks/ApplicationServices.framework/Versions/A/Frameworks/PrintCore.framework/Versions/A/PrintCore
dyld[36743]: <2CC38837-4DB6-3BBB-A3C9-75D083BD5C61> /System/Library/Frameworks/ApplicationServices.framework/Versions/A/Frameworks/QD.framework/Versions/A/QD
dyld[36743]: <7E09AC41-9944-3061-BC9A-23B6F977BE3A> /System/Library/Frameworks/ApplicationServices.framework/Versions/A/Frameworks/ColorSyncLegacy.framework/Versions/A/ColorSyncLegacy
dyld[36743]: <26B44C48-BC70-38A8-AAF1-7EC18393E11F> /System/Library/Frameworks/ApplicationServices.framework/Versions/A/Frameworks/SpeechSynthesis.framework/Versions/A/SpeechSynthesis
dyld[36743]: <898384F5-D43B-3BCA-8383-3039E80CFA6D> /System/Library/PrivateFrameworks/SkyLight.framework/Versions/A/SkyLight
dyld[36743]: <27A05596-EDE4-3576-B061-D68EB1B6CAD5> /System/Library/PrivateFrameworks/FontServices.framework/libFontParser.dylib
dyld[36743]: <0C76F3C5-CD3B-3837-BAEB-0226751512F6> /System/Library/PrivateFrameworks/BaseBoard.framework/Versions/A/BaseBoard
dyld[36743]: <35DD2B0B-E814-3C04-89AE-04EB53AB64B2> /System/Library/PrivateFrameworks/BoardServices.framework/Versions/A/BoardServices
dyld[36743]: <822C92A9-C200-3DF8-A48F-04F6FC444EA2> /System/Library/PrivateFrameworks/BackBoardServices.framework/Versions/A/BackBoardServices
dyld[36743]: <83EA7238-159B-3156-8F5D-D84E4D94FAD2> /System/Library/PrivateFrameworks/BackBoardHIDEventFoundation.framework/Versions/A/BackBoardHIDEventFoundation
dyld[36743]: <197CDF27-438E-3EB7-BC35-0C466CCF17CD> /System/Library/Frameworks/CoreDisplay.framework/Versions/A/CoreDisplay
dyld[36743]: <586DC60D-A727-38F7-9156-CC98E30F284D> /System/Library/Frameworks/VideoToolbox.framework/Versions/A/VideoToolbox
dyld[36743]: <7835C05F-D662-38A0-83A8-CA317D2C915B> /System/Library/Frameworks/MetalPerformanceShaders.framework/Versions/A/MetalPerformanceShaders
dyld[36743]: <3B0EC42B-483E-3B2E-9320-4CB6664A302B> /System/Library/PrivateFrameworks/ProDisplayLibrary.framework/Versions/A/ProDisplayLibrary
dyld[36743]: <A4FA1F92-D834-3716-89C5-F0B7C0609744> /System/Library/PrivateFrameworks/IOSurfaceAccelerator.framework/Versions/A/IOSurfaceAccelerator
dyld[36743]: <E62B6554-CA42-3D79-B048-C5F6DEFA20CC> /System/Library/Frameworks/Metal.framework/Versions/A/Metal
dyld[36743]: <61E0BB2C-2B28-3B5A-8548-B2C19521DCAD> /System/Library/PrivateFrameworks/IOAccelerator.framework/Versions/A/IOAccelerator
dyld[36743]: <8149A6D5-5D34-3DE8-9F49-0C13EBA54A00> /System/Library/Frameworks/CoreMedia.framework/Versions/A/CoreMedia
dyld[36743]: <312C79A8-E961-3646-8528-3FC190FAAEA3> /System/Library/PrivateFrameworks/TCC.framework/Versions/A/TCC
dyld[36743]: <C3A8BEDA-D443-3239-93BC-1F77D6307526> /System/Library/PrivateFrameworks/WatchdogClient.framework/Versions/A/WatchdogClient
dyld[36743]: <F1BA3189-E95A-3ECA-B59A-5A6872754484> /System/Library/Frameworks/QuartzCore.framework/Versions/A/QuartzCore
dyld[36743]: <9A09DE9B-0772-325A-BBA2-8164DAB189BE> /System/Library/PrivateFrameworks/MultitouchSupport.framework/Versions/A/MultitouchSupport
dyld[36743]: <DDA5A4B3-59E6-319C-8061-FEFD39ADC8C7> /usr/lib/swift/libswiftAccelerate.dylib
dyld[36743]: <EFBE5ADA-3929-35CF-988E-7AED8B7FDE51> /usr/lib/swift/libswiftCoreAudio.dylib
dyld[36743]: <D1491CD7-17C3-36DB-8775-211B2F22C80F> /usr/lib/swift/libswiftCoreMedia.dylib
dyld[36743]: <10BCDD43-C5E6-38BF-99CA-54B6AD7A3EEA> /usr/lib/swift/libswiftMetal.dylib
dyld[36743]: <57A2CE5E-DAC3-35D2-9BED-6188DF518B70> /usr/lib/swift/libswiftOSLog.dylib
dyld[36743]: <C348816E-C511-356C-830B-5F690FA3AA69> /usr/lib/swift/libswiftQuartzCore.dylib
dyld[36743]: <D02B3C6D-7F89-3910-B160-7339E13B7778> /usr/lib/swift/libswiftUniformTypeIdentifiers.dylib
dyld[36743]: <E0458D1A-E650-3E6B-99A1-1882CC4A159A> /usr/lib/swift/libswiftVideoToolbox.dylib
dyld[36743]: <F83F1836-73D8-3B30-A8C4-FED0DA5E8CEC> /usr/lib/swift/libswiftsimd.dylib
dyld[36743]: <9A1B7F95-CF13-3127-85D4-9AAF491AF821> /System/Library/PrivateFrameworks/BiomeStorage.framework/Versions/A/BiomeStorage
dyld[36743]: <5DA57389-B626-3B6E-89E3-C724B0468F10> /System/Library/PrivateFrameworks/IntelligencePlatformLibrary.framework/Versions/A/IntelligencePlatformLibrary
dyld[36743]: <2E3DEAB0-737E-3412-9437-32EDB3086EA3> /System/Library/PrivateFrameworks/PoirotSchematizer.framework/Versions/A/PoirotSchematizer
dyld[36743]: <6D9F3228-2B0C-36ED-B43E-BC4148212971> /System/Library/PrivateFrameworks/BiomeSync.framework/Versions/A/BiomeSync
dyld[36743]: <D25EE534-F145-3A91-B92E-2BBDE76BB0B1> /System/Library/PrivateFrameworks/BiomeDSL.framework/Versions/A/BiomeDSL
dyld[36743]: <BC98F8FE-E39A-31DC-B2BB-F129D1352E1E> /System/Library/PrivateFrameworks/FeatureFlags.framework/Versions/A/FeatureFlags
dyld[36743]: <4B0C858E-68AE-32CF-8F62-B44B1838BBB6> /System/Library/PrivateFrameworks/PoirotUDFs.framework/Versions/A/PoirotUDFs
dyld[36743]: <866DBB51-99DA-38A9-A712-4E26BB5A5CE0> /usr/lib/swift/libswift_DarwinFoundation2.dylib
dyld[36743]: <995CB65C-A58D-38B3-A271-917FDB9F8C57> /usr/lib/swift/libswift_DarwinFoundation3.dylib
dyld[36743]: <89179061-46AF-3E0C-8F03-FF9F5ACEE211> /System/Library/PrivateFrameworks/CoreTime.framework/Versions/A/CoreTime
dyld[36743]: <2D429111-B58B-365E-8D8D-68DA82D20589> /usr/lib/libiconv.2.dylib
dyld[36743]: <7704B548-DB2D-3468-B301-82E8F026DDCE> /usr/lib/libcharset.1.dylib
dyld[36743]: <07B78F81-0131-32DA-9961-316C1C248338> /System/Library/PrivateFrameworks/PoirotSQLite.framework/Versions/A/PoirotSQLite
dyld[36743]: <6BA1B88C-B16D-3296-9322-F98613487F18> /usr/lib/swift/libswift_RegexParser.dylib
dyld[36743]: <327752A7-9364-352C-B3FD-79457DC3145C> /System/Library/PrivateFrameworks/CascadeSets.framework/Versions/A/CascadeSets
dyld[36743]: <39D6BD21-AFD7-3068-B747-B94A5D9F1C27> /System/Library/PrivateFrameworks/CorePhoneNumbers.framework/Versions/A/CorePhoneNumbers
dyld[36743]: <72E56855-8FE6-3262-9A11-B2F475119A93> /System/Library/PrivateFrameworks/AppleJPEG.framework/Versions/A/AppleJPEG
dyld[36743]: <6D02979F-089C-3FF7-B3EA-939E8810EDE7> /usr/lib/libexpat.1.dylib
dyld[36743]: <5855ECAC-2298-3B0A-A859-9E643E12010D> /System/Library/Frameworks/ImageIO.framework/Versions/A/Resources/libPng.dylib
dyld[36743]: <2E5FD6A0-0646-3F84-84A8-09F2BD58C56D> /System/Library/Frameworks/ImageIO.framework/Versions/A/Resources/libTIFF.dylib
dyld[36743]: <A4D144D0-C3D8-3BB6-962F-FDBC6DACC105> /System/Library/Frameworks/ImageIO.framework/Versions/A/Resources/libGIF.dylib
dyld[36743]: <FCBA3CD1-64C8-3BE1-AB50-450070167FA3> /System/Library/Frameworks/ImageIO.framework/Versions/A/Resources/libJP2.dylib
dyld[36743]: <8331A311-1C3F-37E5-A6FB-74FEB6D31D57> /usr/lib/libate.dylib
dyld[36743]: <30EA44B1-2A44-3415-A1B6-DD0ED2B7B306> /System/Library/Frameworks/ImageIO.framework/Versions/A/Resources/libJPEG.dylib
dyld[36743]: <2C186C82-66E0-369C-B2D4-1815FAB8AFB3> /System/Library/Frameworks/ImageIO.framework/Versions/A/Resources/libRadiance.dylib
dyld[36743]: <0E239D6E-4F69-3A3C-8F10-207AB9E53626> /System/Library/PrivateFrameworks/GPUCompiler.framework/Versions/32023/Libraries/libllvm-flatbuffers.dylib
dyld[36743]: <E0E4527F-02A1-3B8E-BC59-50596B14C725> /System/Library/PrivateFrameworks/FramePacing.framework/Versions/A/FramePacing
dyld[36743]: <A7E06810-96A7-320B-90FF-41FEC8996481> /System/Library/Frameworks/OpenGL.framework/Versions/A/Libraries/libCoreFSCache.dylib
dyld[36743]: <54727168-9032-3AF7-B571-3A52A508B761> /System/Library/PrivateFrameworks/GPUCompiler.framework/Versions/32023/Libraries/libGPUCompilerUtils.dylib
dyld[36743]: <3877C6C1-2A1C-3971-A39B-BFBCBD2316E4> /System/Library/PrivateFrameworks/GraphicsServices.framework/Versions/A/GraphicsServices
dyld[36743]: <4441E600-26A0-3A7E-A20A-4A4F239AA0D0> /System/Library/Frameworks/OpenGL.framework/Versions/A/OpenGL
dyld[36743]: <D7A8D43B-01FB-363F-9E04-E3AE9712247B> /System/Library/Frameworks/OpenGL.framework/Versions/A/Libraries/libGLU.dylib
dyld[36743]: <82D99F0A-0AE0-3187-AED3-F8EA8602892E> /System/Library/Frameworks/OpenGL.framework/Versions/A/Libraries/libGFXShared.dylib
dyld[36743]: <0467762E-9A84-3C53-B0F4-CA179E29A8CE> /System/Library/Frameworks/OpenGL.framework/Versions/A/Libraries/libGL.dylib
dyld[36743]: <CF163ACB-2E12-3036-AFBE-AAEC42E32A95> /System/Library/Frameworks/OpenGL.framework/Versions/A/Libraries/libGLImage.dylib
dyld[36743]: <DCF9371C-4D04-3524-B0A0-0E0A93183BFB> /System/Library/Frameworks/OpenGL.framework/Versions/A/Libraries/libCVMSPluginSupport.dylib
dyld[36743]: <9879D439-C0AD-3A93-9050-4C0AE6C7DD07> /System/Library/Frameworks/OpenGL.framework/Versions/A/Libraries/libCoreVMClient.dylib
dyld[36743]: <FB88FA95-68C1-3573-B8A4-815488BDA4E6> /System/Library/PrivateFrameworks/GPUWrangler.framework/Versions/A/GPUWrangler
dyld[36743]: <60E38601-35DB-3D90-80C0-BB19848CFED7> /System/Library/PrivateFrameworks/IOPresentment.framework/Versions/A/IOPresentment
dyld[36743]: <F5D64A73-D6D9-380E-BF44-10544E2465B6> /System/Library/PrivateFrameworks/DSExternalDisplay.framework/Versions/A/DSExternalDisplay
dyld[36743]: <9FD68D8C-8D94-32D2-A41C-97A66C2E4BB6> /System/Library/PrivateFrameworks/VideoToolboxParavirtualizationSupport.framework/Versions/A/VideoToolboxParavirtualizationSupport
dyld[36743]: <7EB7686D-74B9-385B-A60F-25F9C97AD46B> /System/Library/PrivateFrameworks/AppleVA.framework/Versions/A/AppleVA
dyld[36743]: <1E88A46B-6D6B-3648-968B-01532612E28C> /System/Library/Frameworks/ExtensionFoundation.framework/Versions/A/ExtensionFoundation
dyld[36743]: <7AEF5F35-87FB-36B6-9347-BFB7DE09B133> /System/Library/PrivateFrameworks/CMCaptureCore.framework/Versions/A/CMCaptureCore
dyld[36743]: <866F4ACD-D94B-3BD7-8B90-573A51A8CEDF> /usr/lib/libspindump.dylib
dyld[36743]: <2E3313F7-C583-3D6C-A88B-37AF8B4C56F0> /System/Library/Frameworks/CoreAudio.framework/Versions/A/CoreAudio
dyld[36743]: <D54F06FB-C477-3A05-9C9F-A02CF013F926> /System/Library/PrivateFrameworks/AppServerSupport.framework/Versions/A/AppServerSupport
dyld[36743]: <8BDF1C32-455B-3FEF-A6E4-ECD49074CA07> /System/Library/PrivateFrameworks/perfdata.framework/Versions/A/perfdata
dyld[36743]: <71BD1CD7-CD33-3689-9EFF-12FAD75B97E5> /System/Library/PrivateFrameworks/AudioDSPGraph.framework/Versions/A/AudioDSPGraph
dyld[36743]: <668AAB07-F503-3EB4-A382-F01FB60269FB> /System/Library/PrivateFrameworks/AudioToolboxCore.framework/Versions/A/AudioToolboxCore
dyld[36743]: <725DE236-E4BB-34E0-A155-46A974629A81> /System/Library/PrivateFrameworks/caulk.framework/Versions/A/caulk
dyld[36743]: <573E42C2-BB6F-3E6C-BA4C-A7689728B174> /usr/lib/libAudioStatistics.dylib
dyld[36743]: <99C955D1-07A3-3FE9-922A-BC678E2EA454> /System/Library/PrivateFrameworks/SystemPolicy.framework/Versions/A/SystemPolicy
dyld[36743]: <08EEC0C2-F56C-3BB9-992A-160E5AAAEB56> /usr/lib/libSMC.dylib
dyld[36743]: <5491E4A8-56A3-3EBC-AC8E-B2D69CB34E32> /usr/lib/swift/libswiftCoreMIDI.dylib
dyld[36743]: <29F750A3-0A23-3C21-8C79-4A2D22F7BE8B> /System/Library/Frameworks/CoreMIDI.framework/Versions/A/CoreMIDI
dyld[36743]: <E83E83E4-F6D9-36B1-A7C8-1391F6E5D4E7> /usr/lib/libAudioToolboxUtility.dylib
dyld[36743]: <0D2BC538-CE70-3EFD-B277-6B12CEED8EC7> /usr/lib/libperfcheck.dylib
dyld[36743]: <AAD9FBE3-5777-3ED9-930F-1B5F492CDFA6> /System/Library/PrivateFrameworks/AudioAnalytics.framework/Versions/A/AudioAnalytics
dyld[36743]: <BFBCF2EC-4BC5-3941-AE6B-3F5BEF2C2296> /System/Library/Frameworks/OSLog.framework/Versions/A/OSLog
dyld[36743]: <C6FCA282-6ABB-38D2-9683-C6A229CCD92B> /System/Library/PrivateFrameworks/OSEligibility.framework/Versions/A/OSEligibility
dyld[36743]: <D170449C-D007-358E-A189-0CAA6CF8D01F> /System/Library/PrivateFrameworks/IconServices.framework/Versions/A/IconServices
dyld[36743]: <FAF6A95A-EDAC-3CEF-AE8A-44C9A4C12AA2> /System/Library/Frameworks/LightweightCodeRequirements.framework/Versions/A/LightweightCodeRequirements
dyld[36743]: <0F0E3B26-14CC-3248-B8FC-F55458E643C1> /System/Library/PrivateFrameworks/PlugInKit.framework/Versions/A/PlugInKit
dyld[36743]: <5F47F3F1-ADF5-35A7-8ADF-9C850F05C96E> /System/Library/PrivateFrameworks/AssertionServices.framework/Versions/A/AssertionServices
dyld[36743]: <4575E49F-BCA8-34CC-8027-BCE51ACDB678> /System/Library/PrivateFrameworks/IconFoundation.framework/Versions/A/IconFoundation
dyld[36743]: <55C4846B-FB15-31BB-81A1-FE1EE773650D> /System/Library/PrivateFrameworks/AssistantServices.framework/Versions/A/AssistantServices
dyld[36743]: <F4165CF9-0759-306E-8253-D5A316F8C87C> /System/Library/PrivateFrameworks/IconRendering.framework/Versions/A/IconRendering
dyld[36743]: <4866A12C-9F52-3ECE-A0C4-55F9E0FD065C> /System/Library/PrivateFrameworks/CoreUI.framework/Versions/A/CoreUI
dyld[36743]: <0B0C1F98-570E-38B6-A749-5A2239DCB0B7> /System/Library/Frameworks/CoreImage.framework/Versions/A/CoreImage
dyld[36743]: <262D0D2A-7A75-3343-AEB9-1294F6DC8118> /System/Library/PrivateFrameworks/SFSymbols.framework/Versions/A/SFSymbols
dyld[36743]: <CB99B5A9-3254-3174-A216-CCE7299B7E49> /System/Library/Frameworks/DeveloperToolsSupport.framework/Versions/A/DeveloperToolsSupport
dyld[36743]: <F7ECFEE8-BD23-380C-B96F-D1C588B8E735> /System/Library/PrivateFrameworks/RenderBox.framework/Versions/A/RenderBox
dyld[36743]: <3F803C87-C3A7-3DF6-B51B-8AADBFEC915C> /System/Library/PrivateFrameworks/CoreSVG.framework/Versions/A/CoreSVG
dyld[36743]: <2EA07A48-1ADC-3A77-9A3A-596142804F26> /System/Library/PrivateFrameworks/TextureIO.framework/Versions/A/TextureIO
dyld[36743]: <804A03E9-5942-312F-A1AA-8638FD385C1C> /usr/lib/swift/libswiftCoreImage.dylib
dyld[36743]: <BCE53558-0DC1-3670-8AD8-00315C2C7A8B> /System/Library/PrivateFrameworks/GraphVisualizer.framework/Versions/A/GraphVisualizer
dyld[36743]: <76B6A89A-771D-3946-8628-2DECF6188233> /System/Library/PrivateFrameworks/FontServices.framework/Versions/A/FontServices
dyld[36743]: <3CBB2906-8FEF-300A-8F84-1A61263AAB2C> /System/Library/PrivateFrameworks/OTSVG.framework/Versions/A/OTSVG
dyld[36743]: <2E43B513-D03C-3AE1-81C4-7B2ADBB6369E> /System/Library/Frameworks/ApplicationServices.framework/Versions/A/Frameworks/ATS.framework/Versions/A/Resources/libFontRegistry.dylib
dyld[36743]: <D0AD39A1-B981-345D-A8AE-F4DD33ACD224> /usr/lib/libhvf.dylib
dyld[36743]: <DC0A782B-37B2-3DB2-929B-C355C657DBA0> /System/Library/PrivateFrameworks/ParsingInternal.framework/Versions/A/ParsingInternal
dyld[36743]: <749892C3-5510-33F1-A268-8C2EBCAA0F35> /System/Library/PrivateFrameworks/FontServices.framework/libXTFontStaticRegistryData.dylib
dyld[36743]: <1C8768D1-ADC9-32F8-9B19-75F5B361342C> /System/Library/Frameworks/MetalPerformanceShaders.framework/Versions/A/Frameworks/MPSCore.framework/Versions/A/MPSCore
dyld[36743]: <C36504AE-AF4B-3BBB-B4C4-2AF4E3180B9C> /System/Library/Frameworks/MetalPerformanceShaders.framework/Versions/A/Frameworks/MPSImage.framework/Versions/A/MPSImage
dyld[36743]: <16ECC4C3-132A-3566-BA81-3A9857E6ECA3> /System/Library/Frameworks/MetalPerformanceShaders.framework/Versions/A/Frameworks/MPSNeuralNetwork.framework/Versions/A/MPSNeuralNetwork
dyld[36743]: <306ACCB4-2F1F-3292-87FD-0E65488119D9> /System/Library/Frameworks/MetalPerformanceShaders.framework/Versions/A/Frameworks/MPSMatrix.framework/Versions/A/MPSMatrix
dyld[36743]: <E53B1901-AED1-3258-9EBD-06F0A617F8CC> /System/Library/Frameworks/MetalPerformanceShaders.framework/Versions/A/Frameworks/MPSRayIntersector.framework/Versions/A/MPSRayIntersector
dyld[36743]: <EE7ACF8A-08BA-38FB-BAF9-A041B5C1647F> /System/Library/Frameworks/MetalPerformanceShaders.framework/Versions/A/Frameworks/MPSNDArray.framework/Versions/A/MPSNDArray
dyld[36743]: <BF31F15F-31CD-395D-AC73-4184B3B369BA> /System/Library/Frameworks/MetalPerformanceShaders.framework/Versions/A/Frameworks/MPSFunctions.framework/Versions/A/MPSFunctions
dyld[36743]: <64E0C8EB-73F2-3B9F-BA62-5011816127E5> /System/Library/Frameworks/MetalPerformanceShaders.framework/Versions/A/Frameworks/MPSBenchmarkLoop.framework/Versions/A/MPSBenchmarkLoop
dyld[36743]: <017CF55F-3554-395F-96CE-3162C11DF459> /System/Library/Frameworks/MetalPerformanceShaders.framework/Versions/A/Frameworks/MPSHost.framework/Versions/A/MPSHost
dyld[36743]: <828164D8-1D9C-3284-BEB6-94E4A14D789F> /System/Library/PrivateFrameworks/MetalTools.framework/Versions/A/MetalTools
dyld[36743]: <818ED21F-78B0-35A6-8759-A7ECABF2BFC8> /System/Library/PrivateFrameworks/IOAccelMemoryInfo.framework/Versions/A/IOAccelMemoryInfo
dyld[36743]: <983D9B3D-E395-3028-A6C5-53A3A18B6604> /System/Library/PrivateFrameworks/kperf.framework/Versions/A/kperf
dyld[36743]: <F8E5C533-6122-3B5D-B88A-A47C32109A9A> /System/Library/PrivateFrameworks/GPURawCounter.framework/Versions/A/GPURawCounter
dyld[36743]: <1DB46CCA-B13C-3959-BC00-924F576CB767> /System/Library/PrivateFrameworks/ASEProcessing.framework/Versions/A/ASEProcessing
dyld[36743]: <4102CB7D-49E9-345A-A779-3AE810B87268> /System/Library/PrivateFrameworks/Symbolication.framework/Versions/A/Symbolication
dyld[36743]: <1D4A69BF-58CF-3D49-A5FE-060A6882656F> /System/Library/PrivateFrameworks/PhotosensitivityProcessing.framework/Versions/A/PhotosensitivityProcessing
dyld[36743]: <AE03A46C-9FB6-374D-B37E-9718D375A651> /System/Library/PrivateFrameworks/SILManager.framework/Versions/A/SILManager
dyld[36743]: <330E7EFA-BC89-312E-BCB8-7B1DF5D9DE3A> /System/Library/PrivateFrameworks/CoreSymbolication.framework/Versions/A/CoreSymbolication
dyld[36743]: <8719F16D-7F55-3975-998C-06005D5DDC68> /System/Library/PrivateFrameworks/MallocStackLogging.framework/Versions/A/MallocStackLogging
dyld[36743]: <9B8E1A80-3FE3-39C1-A2FD-47BA6DFA959D> /System/Library/PrivateFrameworks/DebugSymbols.framework/Versions/A/DebugSymbols
dyld[36743]: <D89BF7AA-5A74-3F60-B20C-8250BD62F6B4> /System/Library/PrivateFrameworks/OSAnalytics.framework/Versions/A/OSAnalytics
dyld[36743]: <34A24CD5-073C-3E55-8D5F-83818DFCB057> /System/Library/PrivateFrameworks/DeviceRecovery.framework/Versions/A/DeviceRecovery
dyld[36743]: <5BD8491A-8C15-3964-9B0F-B1C9369DC3FC> /System/Library/PrivateFrameworks/Tightbeam.framework/Versions/A/Tightbeam
dyld[36743]: <B5EAFB22-7AE0-343B-95BB-7BB58955A702> /usr/lib/swift/libswiftCompression.dylib
dyld[36743]: <5F0A0B0B-7997-351F-99D8-0517689BBABD> /System/Library/PrivateFrameworks/AFKUser.framework/Versions/A/AFKUser
dyld[36743]: <CA3F2D29-2FCB-3DF4-ADA9-94072A8A6CBD> /System/Library/Frameworks/ApplicationServices.framework/Versions/A/Frameworks/ATSUI.framework/Versions/A/ATSUI
dyld[36743]: <85AB42E3-076F-3B68-ACCF-98625AA5E3D9> /System/Library/PrivateFrameworks/SAObjects.framework/Versions/A/SAObjects
dyld[36743]: <A329E39B-D87D-356B-AA05-3A30CC0DBEEF> /System/Library/Frameworks/AudioToolbox.framework/Versions/A/AudioToolbox
dyld[36743]: <459BA19D-9D3F-32BB-9BE4-176D95B85BCF> /System/Library/PrivateFrameworks/MediaRemote.framework/Versions/A/MediaRemote
dyld[36743]: <DCCDD83A-C276-3DD3-8F2E-6D3B899BB586> /System/Library/Frameworks/UserNotifications.framework/Versions/A/UserNotifications
dyld[36743]: <F12A1855-5F99-3D8A-AA13-23CA64268CD7> /System/Library/PrivateFrameworks/SiriInstrumentation.framework/Versions/A/SiriInstrumentation
dyld[36743]: <10891579-226D-3750-91A9-D98D111EA3BA> /System/Library/PrivateFrameworks/SiriAnalytics.framework/Versions/A/SiriAnalytics
dyld[36743]: <0C21B87C-6478-362B-AF45-D3A1D4A83FCF> /System/Library/PrivateFrameworks/SiriTTSService.framework/Versions/A/SiriTTSService
dyld[36743]: <5D8E0ADB-8A76-34C1-92D6-AF35C7EA73CF> /System/Library/PrivateFrameworks/SiriCrossDeviceArbitration.framework/Versions/A/SiriCrossDeviceArbitration
dyld[36743]: <784C4442-B822-3412-AF09-A1E753DDFFA3> /System/Library/PrivateFrameworks/FeedbackLogger.framework/Versions/A/FeedbackLogger
dyld[36743]: <760531A3-5E19-39C5-84B1-A445B2A50129> /System/Library/PrivateFrameworks/FaceTimeNameUtility.framework/Versions/A/FaceTimeNameUtility
dyld[36743]: <033D0C7B-216E-3D54-AD8C-B83BDE9B4F2D> /System/Library/PrivateFrameworks/AuthKit.framework/Versions/A/AuthKit
dyld[36743]: <D04C8621-DE39-35FD-9351-1627B71F02DC> /System/Library/PrivateFrameworks/SiriCrossDeviceArbitrationFeedback.framework/Versions/A/SiriCrossDeviceArbitrationFeedback
dyld[36743]: <E410F3F8-843C-3FCA-968C-3C864D829AF2> /usr/lib/swift/libswiftCoreLocation.dylib
dyld[36743]: <373189AA-6180-34D7-BA84-6BE401E4E1B9> /usr/lib/swift/libswiftAVFoundation.dylib
dyld[36743]: <3E7267BC-3D63-3785-8279-A8823C9C758F> /System/Library/PrivateFrameworks/UIKitServices.framework/Versions/A/UIKitServices
dyld[36743]: <83745C57-DE3B-394D-A83A-D71C79F3A8B9> /System/Library/PrivateFrameworks/UnifiedAssetFramework.framework/Versions/A/UnifiedAssetFramework
dyld[36743]: <5FEF75E9-F1DD-3FA9-A8B0-81277371B8FC> /System/Library/PrivateFrameworks/AudioSession.framework/Versions/A/AudioSession
dyld[36743]: <FA90EFCA-B936-357B-BF18-16A0FB34B9E9> /System/Library/PrivateFrameworks/MediaExperience.framework/Versions/A/MediaExperience
dyld[36743]: <BBC3CD71-264B-3C66-A2C0-5D4D266256EA> /System/Library/PrivateFrameworks/AudioSession.framework/libSessionUtility.dylib
dyld[36743]: <DD4B10E2-D4D6-3490-A745-33527E18CAAA> /System/Library/PrivateFrameworks/AudioAccessoryServices.framework/Versions/A/AudioAccessoryServices
dyld[36743]: <E3CE1636-EE20-35AF-B55A-F42B7B266EA4> /System/Library/Frameworks/CoreBluetooth.framework/Versions/A/CoreBluetooth
dyld[36743]: <51458515-C89E-317A-850D-182764F322EE> /System/Library/PrivateFrameworks/CoreUtils.framework/Versions/A/CoreUtils
dyld[36743]: <C9A86813-25EE-3439-8F66-A83F1A5015EC> /System/Library/PrivateFrameworks/HID.framework/Versions/A/HID
dyld[36743]: <F1FB23C7-7BB9-3B7C-87A2-7CA7F343ED61> /System/Library/PrivateFrameworks/Sharing.framework/Versions/A/Sharing
dyld[36743]: <D18AF20A-1BF0-383C-9E97-96CDCECE07A7> /System/Library/PrivateFrameworks/CoreUtilsExtras.framework/Versions/A/CoreUtilsExtras
dyld[36743]: <5A300AF2-96D7-3A85-ACA6-9084A7C40C6D> /System/Library/PrivateFrameworks/IO80211.framework/Versions/A/IO80211
dyld[36743]: <963A1CA0-DEBD-3341-81A2-DB5B34283C7B> /System/Library/PrivateFrameworks/IDSFoundation.framework/Versions/A/IDSFoundation
dyld[36743]: <8F99AE0B-A693-349F-8904-B70ECB1C86AA> /System/Library/PrivateFrameworks/Apple80211.framework/Versions/A/Apple80211
dyld[36743]: <9C05D8FD-3F10-3476-8A3C-501966EA13D2> /System/Library/Frameworks/CoreWLAN.framework/Versions/A/CoreWLAN
dyld[36743]: <604B1733-3682-3AF6-9F07-C85C999F3131> /System/Library/Frameworks/IOBluetooth.framework/Versions/A/IOBluetooth
dyld[36743]: <F11740D9-FE8D-38B3-99A9-666EE022F7A7> /usr/lib/swift/libswiftRegexBuilder.dylib
dyld[36743]: <1F2E4950-8060-35D0-B598-D2196F2728B3> /System/Library/PrivateFrameworks/IMFoundation.framework/Versions/A/IMFoundation
dyld[36743]: <462A888C-46C7-324A-8A18-4053C6CB2961> /System/Library/PrivateFrameworks/Marco.framework/Versions/A/Marco
dyld[36743]: <736A1792-0123-3722-822B-495B27044953> /System/Library/PrivateFrameworks/CommonUtilities.framework/Versions/A/CommonUtilities
dyld[36743]: <E78D4693-B886-3DE1-A029-497B47261DA3> /System/Library/PrivateFrameworks/Engram.framework/Versions/A/Engram
dyld[36743]: <1ACD9883-DEC9-3AF0-9E28-B11F4E1DC3F9> /System/Library/PrivateFrameworks/XPCDistributed.framework/Versions/A/XPCDistributed
dyld[36743]: <AFE528E7-451E-3EE9-8E02-7693A2C391B9> /usr/lib/libtidy.A.dylib
dyld[36743]: <C579F691-0120-3BEC-9993-E3CD5F7105A3> /System/Library/PrivateFrameworks/Bom.framework/Versions/A/Bom
dyld[36743]: <82153ECE-36A2-3514-87DE-3B8A53E96727> /usr/lib/libParallelCompression.dylib
dyld[36743]: <68CCF67B-1C66-30C0-9135-00BA5B75586F> /usr/lib/libIOReport.dylib
dyld[36743]: <0D7C76A0-047B-398E-B2A8-FD4705F72E5D> /System/Library/PrivateFrameworks/WiFiPeerToPeer.framework/Versions/A/WiFiPeerToPeer
dyld[36743]: <E5FF4EE4-5A8B-3CBA-BA37-3FE6C7012B0D> /System/Library/Frameworks/SecurityFoundation.framework/Versions/A/SecurityFoundation
dyld[36743]: <E2954A31-B31C-3C9B-A7F9-12CAEC0D1D4E> /System/Library/PrivateFrameworks/Centauri.framework/Versions/A/Centauri
dyld[36743]: <65CFA8A7-E7D2-383A-9C47-D2AF8A46AA22> /System/Library/PrivateFrameworks/Lexicon.framework/Versions/A/Lexicon
dyld[36743]: <188D929F-E81D-3922-BCB4-8D34B4E75EA7> /usr/lib/libmrc.dylib
dyld[36743]: <783A3989-84DE-3340-9292-052A10B7DAD7> /System/Library/PrivateFrameworks/IPConfiguration.framework/Versions/A/IPConfiguration
dyld[36743]: <ECFD5323-6A6A-3231-B90E-57E1332B0122> /System/Library/PrivateFrameworks/Netrb.framework/Versions/A/Netrb
dyld[36743]: <A34C688D-A13A-3625-934C-801A13990594> /System/Library/PrivateFrameworks/FrontBoardServices.framework/Versions/A/FrontBoardServices
dyld[36743]: <604E97FC-C938-306C-9DBB-36B10AFFBA39> /usr/lib/libgermantok.dylib
dyld[36743]: <B5E076A6-50D6-3B48-AACD-E1FC575BDCEE> /System/Library/PrivateFrameworks/LinguisticData.framework/Versions/A/LinguisticData
dyld[36743]: <7EDD9E23-5D91-344A-812B-CFD814180C55> /System/Library/PrivateFrameworks/MultiverseSupport.framework/Versions/A/MultiverseSupport
dyld[36743]: <1AFFCA76-E71A-385E-A3C8-968CDBE9E57D> /System/Library/PrivateFrameworks/DiskManagement.framework/Versions/A/DiskManagement
dyld[36743]: <4B693927-5B0A-364E-BC11-F560B1D707FE> /System/Library/PrivateFrameworks/AppleIDAuthSupport.framework/Versions/A/AppleIDAuthSupport
dyld[36743]: <0E5752E3-313E-3B50-9FB4-DB13FECB0BD7> /System/Library/PrivateFrameworks/AAAFoundation.framework/Versions/A/AAAFoundation
dyld[36743]: <B9966194-B1A6-3ED2-98C9-0D4B49D2617E> /System/Library/PrivateFrameworks/KeychainCircle.framework/Versions/A/KeychainCircle
dyld[36743]: <5ED2FD61-010A-3627-92E8-151E71B739D8> /System/Library/PrivateFrameworks/URLFormatting.framework/Versions/A/URLFormatting
dyld[36743]: <7EE79F42-1420-301B-A9FF-2A63A4023C91> /usr/lib/libcsfde.dylib
dyld[36743]: <AA8EDD1F-E406-3164-9FB9-BB0C61256AFF> /usr/lib/libCoreStorage.dylib
dyld[36743]: <80627B52-C5CE-3DC4-A12D-D15FE46A62BA> /System/Library/PrivateFrameworks/MediaKit.framework/Versions/A/MediaKit
dyld[36743]: <4C6BBB60-2884-3DC8-9FCB-472BCD087D84> /System/Library/Frameworks/DiscRecording.framework/Versions/A/DiscRecording
dyld[36743]: <96666EFB-8A3D-30BB-950A-9DDC1DB3F59D> /System/Library/PrivateFrameworks/ProtectedCloudStorage.framework/Versions/A/ProtectedCloudStorage
dyld[36743]: <1E0D7C92-7F70-34BE-9D61-9F7F4781EBE4> /System/Library/PrivateFrameworks/EFILogin.framework/Versions/A/EFILogin
dyld[36743]: <E1A205BF-B3FB-31BF-8685-6D46BA78891E> /usr/lib/libheimdal-asn1.dylib
dyld[36743]: <E2BDB12D-C844-3770-9411-0E35049ECB5E> /System/Library/PrivateFrameworks/OctagonTrust.framework/Versions/A/OctagonTrust
dyld[36743]: <2DF001A3-1D2B-3847-A2FC-79104BDC0783> /System/Library/Frameworks/AudioUnit.framework/Versions/A/AudioUnit
dyld[36743]: <EE42062E-8EDF-332C-98C1-03464732CA4A> /System/Library/Frameworks/OpenDirectory.framework/Versions/A/OpenDirectory
dyld[36743]: <90CA166B-D72F-3584-BF0B-8797CFFA959E> /System/Library/Frameworks/OpenDirectory.framework/Versions/A/Frameworks/CFOpenDirectory.framework/Versions/A/CFOpenDirectory
dyld[36743]: <40753222-0047-3DE4-954C-5879C584A975> /System/Library/PrivateFrameworks/GeoServices.framework/Versions/A/GeoServices
dyld[36743]: <FDD11407-B7F3-331B-B53D-32081A2D1AED> /System/Library/PrivateFrameworks/LocationSupport.framework/Versions/A/LocationSupport
dyld[36743]: <23D11648-1076-3BD7-BFD5-CA4A6B9AE066> /System/Library/PrivateFrameworks/GeoServicesCore.framework/Versions/A/GeoServicesCore
dyld[36743]: <524F80A2-1ACD-3FA7-9D74-1F47697294EB> /System/Library/PrivateFrameworks/PhoneNumbers.framework/Versions/A/PhoneNumbers
dyld[36743]: <2A2AE353-0BCE-3AF5-8C2B-1B5F1F0656E7> /System/Library/PrivateFrameworks/LocationLogEncryption.framework/Versions/A/LocationLogEncryption
dyld[36743]: <CF6E08AD-C2EC-3A40-8537-0D2BDA291D31> /System/Library/Frameworks/AVFAudio.framework/Versions/A/AVFAudio
dyld[36743]: <7924633C-6200-3B69-884D-A6E5527CA4B5> /System/Library/Frameworks/AVRouting.framework/Versions/A/AVRouting
dyld[36743]: <2FFD2C50-D8C7-3D4F-AB17-10C8DDD4ECC0> /usr/lib/libAccessibility.dylib
dyld[36743]: <E47B5590-4F10-352D-806F-E1FAACE16809> /System/Library/PrivateFrameworks/MediaServices.framework/Versions/A/MediaServices
dyld[36743]: <1F5A6198-4F24-3980-A96A-DA16430B882B> /System/Library/PrivateFrameworks/IDS.framework/Versions/A/IDS
dyld[36743]: <4228A6FB-1852-34DA-A9A6-9B22346DC839> /System/Library/PrivateFrameworks/IsolatedCoreAudioClient.framework/Versions/A/IsolatedCoreAudioClient
dyld[36743]: <9B662466-E585-34C6-9A2F-38F865966314> /System/Library/PrivateFrameworks/CoreAudioOrchestration.framework/Versions/A/CoreAudioOrchestration
dyld[36743]: <BE8AD136-C9D0-3589-A37D-4A93E7646FC5> /System/Library/Frameworks/MediaToolbox.framework/Versions/A/MediaToolbox
dyld[36743]: <C024D081-EF4D-347B-B00F-08CE310BC6E6> /System/Library/PrivateFrameworks/CoreAVCHD.framework/Versions/A/CoreAVCHD
dyld[36743]: <544DDE9D-EF38-3D98-B16A-00361208DABA> /System/Library/Frameworks/MediaAccessibility.framework/Versions/A/MediaAccessibility
dyld[36743]: <1845678B-2A2E-3D8F-B05E-3D5054E40973> /System/Library/PrivateFrameworks/Mangrove.framework/Versions/A/Mangrove
dyld[36743]: <83720246-3181-37EB-AE16-01967CC80DAF> /System/Library/PrivateFrameworks/CMPhoto.framework/Versions/A/CMPhoto
dyld[36743]: <C6CCE499-C57B-3499-8BBF-B1F036A037F3> /System/Library/Frameworks/CoreTelephony.framework/Versions/A/CoreTelephony
dyld[36743]: <7C1C3A7F-6247-33D2-B4B8-375AA417817E> /System/Library/PrivateFrameworks/CoreAUC.framework/Versions/A/CoreAUC
dyld[36743]: <BF6FC404-E3BB-3740-896C-B7BF4193B547> /System/Library/PrivateFrameworks/AppleJPEGXL.framework/Versions/A/AppleJPEGXL
dyld[36743]: <3AD5EDAE-8A75-3E29-AA40-63912718CEC9> /usr/lib/libTelephonyUtilDynamic.dylib
dyld[36743]: <8A415D0E-18E7-3C99-B89D-14805F500FB0> /System/Library/Frameworks/CryptoKit.framework/Versions/A/CryptoKit
dyld[36743]: <73EA0865-BCC3-3084-A011-93CD0A55C4EF> /System/Library/PrivateFrameworks/CryptoKitCBridging.framework/Versions/A/CryptoKitCBridging
dyld[36743]: <B214381B-F0CF-3F0E-B2B5-187CBF29616F> /System/Library/Frameworks/CryptoTokenKit.framework/Versions/A/CryptoTokenKit
dyld[36743]: <A68DE487-B65B-390A-A82B-6B62956B353F> /System/Library/Frameworks/LocalAuthentication.framework/Versions/A/LocalAuthentication
dyld[36743]: <53C1AF34-43D2-3DAA-9062-D295F72BFDF3> /System/Library/PrivateFrameworks/LocalAuthenticationCore.framework/Versions/A/LocalAuthenticationCore
dyld[36743]: <251AA620-1546-3DF5-8EFF-B9F9463112D0> /System/Library/PrivateFrameworks/LocalAuthenticationCredentialServices.framework/Versions/A/LocalAuthenticationCredentialServices
dyld[36743]: <957A2E58-89EE-36DE-9213-2E23DB420C7F> /System/Library/Frameworks/LocalAuthentication.framework/Support/SharedUtils.framework/Versions/A/SharedUtils
dyld[36743]: <8A83CAEF-70FC-39B2-A1C9-F312BD81B8D5> /System/Library/PrivateFrameworks/PersistentConnection.framework/Versions/A/PersistentConnection
dyld[36743]: <DA5DF9EF-9649-3931-B1CF-606D0B1A2BE5> /System/Library/PrivateFrameworks/SonicFoundation.framework/Versions/A/SonicFoundation
dyld[36743]: <9F9CDD5B-1D43-3CF4-8B88-4938A6637AF5> /System/Library/PrivateFrameworks/AsyncAlgorithmsInternal.framework/Versions/A/AsyncAlgorithmsInternal
dyld[36743]: <95BAC2EC-84F7-3448-A4C3-AA2F920867C6> /System/Library/PrivateFrameworks/FTAWD.framework/Versions/A/FTAWD
dyld[36743]: <EDAA9D64-779E-34FE-83D2-DF4EF35BAA59> /System/Library/PrivateFrameworks/Dendrite.framework/Versions/A/Dendrite
dyld[36743]: <924805FA-0938-34FA-B76A-4051A087CD65> /usr/lib/libtailspin.dylib
dyld[36743]: <4FB12471-97FF-306E-B552-B481203A8E1B> /System/Library/PrivateFrameworks/Osprey.framework/Versions/A/Osprey
dyld[36743]: <7EE764AE-8E9B-35DB-8839-EE01750F25AB> /System/Library/PrivateFrameworks/SiriTTS.framework/Versions/A/SiriTTS
dyld[36743]: <A896B215-2D9E-37D6-8803-9316AEBF6AF5> /System/Library/Frameworks/NaturalLanguage.framework/Versions/A/NaturalLanguage
dyld[36743]: <478FDFD4-2C36-32BB-9087-F466F0242B69> /System/Library/PrivateFrameworks/GenerativeModels.framework/Versions/A/GenerativeModels
dyld[36743]: <6B95CE76-E69D-3598-AADC-E738C94A43BD> /System/Library/PrivateFrameworks/SiriPowerInstrumentation.framework/Versions/A/SiriPowerInstrumentation
dyld[36743]: <7BC8461C-23ED-39CA-868E-17A68FAFC5AE> /usr/lib/swift/libswiftNaturalLanguage.dylib
dyld[36743]: <247E2F35-65F7-3834-AF0C-532F577FDF23> /System/Library/PrivateFrameworks/TailspinSymbolication.framework/Versions/A/TailspinSymbolication
dyld[36743]: <F0BAA541-E9E2-307A-89AE-42558D70DF45> /System/Library/PrivateFrameworks/Darwinup.framework/Versions/A/Darwinup
dyld[36743]: <ED143A95-22A5-38A0-AFC5-DA00945392EC> /System/Library/PrivateFrameworks/SignpostSupport.framework/Versions/A/SignpostSupport
dyld[36743]: <3DB3AF5E-12BD-3E05-92D8-6DDC488D5633> /System/Library/PrivateFrameworks/FeatureFlagsSupport.framework/Versions/A/FeatureFlagsSupport
dyld[36743]: <86614A25-EE71-3F84-9F47-99671A11803D> /System/Library/PrivateFrameworks/ktrace.framework/Versions/A/ktrace
dyld[36743]: <3C627164-84D9-35A4-AC4D-52A99B7652F0> /System/Library/PrivateFrameworks/SampleAnalysis.framework/Versions/A/SampleAnalysis
dyld[36743]: <4517DDDB-265A-3561-82F9-41E06C6A17A8> /System/Library/PrivateFrameworks/kperfdata.framework/Versions/A/kperfdata
dyld[36743]: <3F0E2B57-6317-3262-BA3D-8A069524F8A5> /usr/lib/libdscsym.dylib
dyld[36743]: <8DCD3201-0098-3106-8870-62A8504F26CE> /System/Library/PrivateFrameworks/AppleMobileFileIntegrity.framework/Versions/A/AppleMobileFileIntegrity
dyld[36743]: <FC95DB95-FCA7-3F42-B435-20575B99CF3A> /System/Library/PrivateFrameworks/BulkSymbolication.framework/Versions/A/BulkSymbolication
dyld[36743]: <142382DC-3D11-3191-84F4-6F39BD1C622C> /usr/lib/libTLE.dylib
dyld[36743]: <0E970B22-63D9-3794-9766-24A3FD8BD273> /usr/lib/libmis.dylib
dyld[36743]: <5FD96939-8D4B-3228-A1F8-100EF174A0D4> /System/Library/PrivateFrameworks/ConfigProfileHelper.framework/Versions/A/ConfigProfileHelper
dyld[36743]: <51BD41DD-616A-382D-B1B2-C11BE8C9953A> /System/Library/PrivateFrameworks/Espresso.framework/Versions/A/Espresso
dyld[36743]: <EDA0F204-8438-3398-91ED-C0E4212C8734> /System/Library/Frameworks/CoreML.framework/Versions/A/CoreML
dyld[36743]: <308A1DB0-C29C-33AF-9AE2-1F8E4E607152> /usr/lib/libedit.3.dylib
dyld[36743]: <BABCC719-40D5-3EAB-B20F-F0F1EB329A3E> /System/Library/PrivateFrameworks/ANECompiler.framework/Versions/A/ANECompiler
dyld[36743]: <1969F88C-4A7F-3B4B-BC08-D3EE33F4D27D> /System/Library/PrivateFrameworks/AppleNeuralEngine.framework/Versions/A/AppleNeuralEngine
dyld[36743]: <E72BAD3A-0E33-3FC5-8356-3B3176382CB1> /System/Library/PrivateFrameworks/MIL.framework/Versions/A/MIL
dyld[36743]: <BBB4C092-A3B1-354B-8C32-147F6EB0256D> /System/Library/Frameworks/MetalPerformanceShadersGraph.framework/Versions/A/MetalPerformanceShadersGraph
dyld[36743]: <54D280F0-3335-3487-AA0D-6A09FFEAEDF7> /System/Library/PrivateFrameworks/MLCompilerServices.framework/Versions/A/MLCompilerServices
dyld[36743]: <A80CE19E-EA8D-363D-A8F4-409455BECE9B> /System/Library/PrivateFrameworks/ANEServices.framework/Versions/A/ANEServices
dyld[36743]: <22F988EF-E518-3F7A-BC3D-E44B9D09627D> /usr/lib/libncurses.5.4.dylib
dyld[36743]: <0A381CB4-37D0-3B5C-ADE0-2C5B4F47D169> /usr/lib/libsandbox.1.dylib
dyld[36743]: <042A6E19-8B2A-3342-B4C1-AD44661B7E26> /usr/lib/libMatch.1.dylib
dyld[36743]: <AB03B991-E6D9-3BAF-AA7D-DBFC815699F3> /System/Library/PrivateFrameworks/ODIE.framework/Versions/A/ODIE
dyld[36743]: <5592BC99-D6A7-303C-8C4C-B839FA6B7508> /System/Library/PrivateFrameworks/MLModelAsset.framework/Versions/A/MLModelAsset
dyld[36743]: <59B92160-FE47-3CEA-B03A-0099F3901A34> /System/Library/PrivateFrameworks/MLCompilerRuntime.framework/Versions/A/MLCompilerRuntime
dyld[36743]: <D62682EC-5F79-397C-855C-569554A4AEF8> /System/Library/Frameworks/MLCompute.framework/Versions/A/MLCompute
dyld[36743]: <873E56C6-57E8-3AD2-A630-B88B0A9669E8> /System/Library/PrivateFrameworks/MLAssetIO.framework/Versions/A/MLAssetIO
dyld[36743]: <847E52FC-37C0-30DA-88CD-4561DD03C06F> /usr/lib/swift/libswiftMLCompute.dylib
dyld[36743]: <DC46545D-E02B-3F2D-BEEC-E1BF5735174F> /System/Library/PrivateFrameworks/AVFCore.framework/Versions/A/AVFCore
dyld[36743]: <3611A176-00BB-35D9-8C0A-9A9A68A8EE9D> /System/Library/PrivateFrameworks/AVFCapture.framework/Versions/A/AVFCapture
dyld[36743]: <2DEE9322-922F-3B85-82C1-5E3249E3E652> /System/Library/PrivateFrameworks/CMImaging.framework/Versions/A/CMImaging
dyld[36743]: <072F9166-25F8-3FBF-9002-23E98E8B7C05> /System/Library/PrivateFrameworks/Quagga.framework/Versions/A/Quagga
dyld[36743]: <FA34827D-C8E0-3BDF-9A4E-FBBF430AD095> /System/Library/PrivateFrameworks/CMCapture.framework/Versions/A/CMCapture
dyld[36743]: <DD237508-D432-30A0-A553-C4AF2D9F40B6> /System/Library/Frameworks/CoreMediaIO.framework/Versions/A/CoreMediaIO
dyld[36743]: <D6788223-2453-39F7-9F00-90EE866A3CDA> /System/Library/PrivateFrameworks/CMCaptureDevice.framework/Versions/A/CMCaptureDevice
dyld[36743]: <68A522A3-ACE1-3597-B6D7-E058D36536FB> /System/Library/PrivateFrameworks/CoreBrightness.framework/Versions/A/CoreBrightness
dyld[36743]: <02711E78-960E-329A-B5C0-5E38615F2698> /System/Library/PrivateFrameworks/CinematicFraming.framework/Versions/A/CinematicFraming
dyld[36743]: <735CE046-E62E-3FA5-B38D-1FD82AA32BA8> /System/Library/PrivateFrameworks/ModelManagerServices.framework/Versions/A/ModelManagerServices
dyld[36743]: <F0165C3A-8601-3789-A114-836489784A93> /System/Library/PrivateFrameworks/CPMS.framework/Versions/A/CPMS
dyld[36743]: <8B0AAC46-6F12-36F0-9A1C-90D56F41BA09> /System/Library/PrivateFrameworks/SystemStatus.framework/Versions/A/SystemStatus
dyld[36743]: <FCEB6F4E-E222-3F9B-8226-8E80A789B21B> /System/Library/Frameworks/CoreMotion.framework/Versions/A/CoreMotion
dyld[36743]: <54DEA4E5-FD31-3AE3-8FEE-3CD99ACFC45B> /System/Library/PrivateFrameworks/TimeSync.framework/Versions/A/TimeSync
dyld[36743]: <2602D902-9B35-32D2-8F22-8BF2B330B298> /System/Library/PrivateFrameworks/DistributedSensing.framework/Versions/A/DistributedSensing
dyld[36743]: <0EEAE872-ADDF-3FE0-9601-C56C453597BB> /System/Library/PrivateFrameworks/MobileBluetooth.framework/Versions/A/MobileBluetooth
dyld[36743]: <FF001948-E029-3473-B7B8-22A4ECFD6560> /System/Library/PrivateFrameworks/IOKitten.framework/Versions/A/IOKitten
dyld[36743]: <45E1CEA1-A60E-30F3-A90F-B7BFB5C5CC17> /System/Library/PrivateFrameworks/AppleIntelligenceReporting.framework/Versions/A/AppleIntelligenceReporting
dyld[36743]: <4BC01F57-2373-3DC9-8B71-308A282D7030> /System/Library/PrivateFrameworks/CoreEmoji.framework/Versions/A/CoreEmoji
dyld[36743]: <8AF3BAA3-66FA-3CEF-A44B-FD79CAC8263F> /usr/lib/libCRFSuite.dylib
dyld[36743]: <4CD4216A-7270-300F-A31D-70FFACD92E12> /System/Library/PrivateFrameworks/LanguageModeling.framework/Versions/A/LanguageModeling
dyld[36743]: <E89ACADA-C30F-3E26-9775-E8BAC21A83AA> /System/Library/PrivateFrameworks/CoreNLP.framework/Versions/A/CoreNLP
dyld[36743]: <3C34BB08-BC5C-397C-A9B5-18A342838CA1> /System/Library/PrivateFrameworks/Montreal.framework/Versions/A/Montreal
dyld[36743]: <2DED54B9-9B5C-3FB3-859E-AAC46074CC8B> /usr/lib/libcmph.dylib
dyld[36743]: <5B76CDD8-6E1F-35F6-AF5E-CE4CDA81957E> /usr/lib/libmecab.dylib
dyld[36743]: <56091C21-AEA9-36A2-A3E3-D50AEC8FFE32> /usr/lib/libThaiTokenizer.dylib
dyld[36743]: <74E54F2B-B7A6-35D9-8101-F30C7F0C1979> /System/Library/PrivateFrameworks/GenerativeModelsFoundation.framework/Versions/A/GenerativeModelsFoundation
dyld[36743]: <63409EB4-B247-3B62-835C-80DD1FCB91A2> /System/Library/PrivateFrameworks/TokenGeneration.framework/Versions/A/TokenGeneration
dyld[36743]: <54D335C7-5679-3ED5-A0E1-C3B9DBF16A9C> /System/Library/PrivateFrameworks/GenerativeFunctions.framework/Versions/A/GenerativeFunctions
dyld[36743]: <AB49FED6-D7FD-3A6B-B4CF-F73AC4165CE0> /System/Library/PrivateFrameworks/GenerativeFunctionsFoundation.framework/Versions/A/GenerativeFunctionsFoundation
dyld[36743]: <790009CA-CA2D-3245-B7B1-71C370D33BDB> /System/Library/PrivateFrameworks/ModelCatalog.framework/Versions/A/ModelCatalog
dyld[36743]: <24F7CF25-24F4-395E-B89D-5C17AE8CE281> /System/Library/PrivateFrameworks/SensitiveContentAnalysisML.framework/Versions/A/SensitiveContentAnalysisML
dyld[36743]: <A2E625ED-90FF-3BCA-BD28-16F062B82C02> /System/Library/PrivateFrameworks/GenerativeFunctionsInstrumentation.framework/Versions/A/GenerativeFunctionsInstrumentation
dyld[36743]: <4851991B-9681-37D8-8A62-005249AD29C7> /System/Library/PrivateFrameworks/PromptKit.framework/Versions/A/PromptKit
dyld[36743]: <A4C38BBC-95E3-38DD-B873-243C53B83A4F> /System/Library/PrivateFrameworks/ProactiveDaemonSupport.framework/Versions/A/ProactiveDaemonSupport
dyld[36743]: <832BF595-350A-3753-8721-D894475016CB> /System/Library/PrivateFrameworks/TokenGenerationCore.framework/Versions/A/TokenGenerationCore
dyld[36743]: <E65C3A22-B998-3185-9DE5-3169814179BF> /System/Library/PrivateFrameworks/Trial.framework/Versions/A/Trial
dyld[36743]: <F66F08E4-F915-3CAE-AF88-70F76AD35303> /System/Library/PrivateFrameworks/TrialProto.framework/Versions/A/TrialProto
dyld[36743]: <4BE321D2-8DF6-3D5E-A531-4E2F77BEE441> /System/Library/PrivateFrameworks/AppleFlatBuffers.framework/Versions/A/AppleFlatBuffers
dyld[36743]: <92A1FE17-1D6F-347B-B1C3-D2C03B6C0DCE> /System/Library/PrivateFrameworks/SentencePieceInternal.framework/Versions/A/SentencePieceInternal
dyld[36743]: <4FFA7ECB-BCA8-3B4D-86F9-9F2C9E084944> /System/Library/Frameworks/Vision.framework/Versions/A/Vision
dyld[36743]: <0A6304CC-6DC4-3079-9FAB-8B9F001C8545> /System/Library/PrivateFrameworks/CoreSceneUnderstanding.framework/Versions/A/CoreSceneUnderstanding
dyld[36743]: <5E086014-D330-3672-9776-E23E8325DD67> /System/Library/PrivateFrameworks/VisionCore.framework/Versions/A/VisionCore
dyld[36743]: <A20BF0E3-F8A9-36AA-B28B-2EF282FC9BF5> /System/Library/PrivateFrameworks/DataDetectorsCore.framework/Versions/A/DataDetectorsCore
dyld[36743]: <23068BF1-0F33-3129-9965-57B1621737DE> /System/Library/Frameworks/Vision.framework/libfaceCore.dylib
dyld[36743]: <5F8738D4-6C03-3DEA-953D-9E31C389E7E1> /System/Library/PrivateFrameworks/Futhark.framework/Versions/A/Futhark
dyld[36743]: <2849D0C3-42A0-3D94-A2B7-F686BD7F760D> /System/Library/PrivateFrameworks/InertiaCam.framework/Versions/A/InertiaCam
dyld[36743]: <393E9D23-8D8D-373B-A8D8-6CF2652D2DAF> /System/Library/PrivateFrameworks/TextRecognition.framework/Versions/A/TextRecognition
dyld[36743]: <0872179E-DB9E-39FF-B22A-05EA62FC0F88> /System/Library/Frameworks/DataDetection.framework/Versions/A/DataDetection
dyld[36743]: <5D3DDFC0-3341-3DAC-A80C-0DFBD0421669> /System/Library/PrivateFrameworks/TextInput.framework/Versions/A/TextInput
dyld[36743]: <A37EF3CE-63A5-3AB5-B3E2-E089F818FF35> /System/Library/PrivateFrameworks/CVNLP.framework/Versions/A/CVNLP
dyld[36743]: <256C79BC-8BEB-390C-95D4-BFEFB95E66A1> /System/Library/PrivateFrameworks/IntentsFoundation.framework/Versions/A/IntentsFoundation
dyld[36743]: <E12CB54A-E895-3D38-8D62-01C5DF8430AB> /System/Library/PrivateFrameworks/HIDDisplay.framework/Versions/A/HIDDisplay
dyld[36743]: <A9F79F7C-A5F8-3164-BEEC-60B19D90DCF2> /usr/lib/libcups.2.dylib
dyld[36743]: <74F49C08-DE60-3E55-A037-F0A34E81BF04> /System/Library/Frameworks/Kerberos.framework/Versions/A/Kerberos
dyld[36743]: <F71E234F-8D15-388D-8819-709BB2AE1ACC> /usr/lib/libresolv.9.dylib
dyld[36743]: <139B1DBE-2FDA-3AE7-9BDE-12D5BA3C8D22> /System/Library/PrivateFrameworks/Heimdal.framework/Versions/A/Heimdal
dyld[36743]: <9BBF5DE9-CCD9-3CF3-8C05-45FB5CCEFEC3> /System/Library/Frameworks/Kerberos.framework/Versions/A/Libraries/libHeimdalProxy.dylib
dyld[36743]: <FFE98159-EDC3-3520-ADAC-F9001408ADD5> /System/Library/PrivateFrameworks/CommonAuth.framework/Versions/A/CommonAuth
dyld[36743]: <17C4F6B8-0A9A-3BF8-8D40-35ABCF9F0D89> /System/Library/PrivateFrameworks/AXCoreUtilities.framework/Versions/A/AXCoreUtilities
dyld[36743]: <8EB0DEAA-CD94-3710-AF80-DBF6947A8250> /System/Library/PrivateFrameworks/AttributeGraph.framework/Versions/A/AttributeGraph
dyld[36743]: <D4766E61-EB81-3FA1-9C48-31BC986B0607> /usr/lib/libAXSafeCategoryBundle.dylib
dyld[36743]: <6E4CAEF6-667C-3A56-9BE2-892F689894E4> /System/Library/Frameworks/TabularData.framework/Versions/A/TabularData
dyld[36743]: <00E79E4B-C0FD-3DF8-A8C3-9C812A9DB049> /System/Library/PrivateFrameworks/ArgumentParserInternal.framework/Versions/A/ArgumentParserInternal
dyld[36743]: <CB222F12-FB2E-3310-88A1-A5AE7EFF8CAE> /System/Library/Frameworks/Accelerate.framework/Versions/A/Frameworks/vecLib.framework/Versions/A/libvDSP.dylib
dyld[36743]: <C2F81286-0ED4-319D-A96D-10591BD15F4E> /System/Library/Frameworks/Accelerate.framework/Versions/A/Frameworks/vecLib.framework/Versions/A/libLAPACK.dylib
dyld[36743]: <424CA6AD-D7AA-3297-B069-745682F71E84> /System/Library/Frameworks/Accelerate.framework/Versions/A/Frameworks/vecLib.framework/Versions/A/libLinearAlgebra.dylib
dyld[36743]: <BDF370A4-972F-34A4-AED7-89885C35D933> /System/Library/Frameworks/Accelerate.framework/Versions/A/Frameworks/vecLib.framework/Versions/A/libSparseBLAS.dylib
dyld[36743]: <F2B12F6B-6C47-3B39-BE8F-68EB37545F72> /System/Library/Frameworks/Accelerate.framework/Versions/A/Frameworks/vecLib.framework/Versions/A/libQuadrature.dylib
dyld[36743]: <811E61C5-2282-3FA8-939D-D1B9C75ECC62> /System/Library/Frameworks/Accelerate.framework/Versions/A/Frameworks/vecLib.framework/Versions/A/libBNNS.dylib
dyld[36743]: <C7FD2C22-55FC-3D31-8AF3-BF842A039AF9> /System/Library/Frameworks/Accelerate.framework/Versions/A/Frameworks/vecLib.framework/Versions/A/libSparse.dylib
dyld[36743]: <7A483FDA-AB8C-3E7C-92E6-07347F67B678> /System/Library/PrivateFrameworks/ApplePushService.framework/Versions/A/ApplePushService
dyld[36743]: <C5A18DFA-6B18-3455-830A-E372A495FB1D> /System/Library/Frameworks/CloudKit.framework/Versions/A/CloudKit
dyld[36743]: <0A7A4F54-298F-384E-86C0-0E9A5C69E9E5> /System/Library/PrivateFrameworks/CoreDuetDaemonProtocol.framework/Versions/A/CoreDuetDaemonProtocol
dyld[36743]: <17D0003A-F405-3CCF-832D-BCADB65BC83F> /System/Library/PrivateFrameworks/DeviceIdentity.framework/Versions/A/DeviceIdentity
dyld[36743]: <E26F180A-1868-3E33-9277-1C73F917DE55> /System/Library/Frameworks/SharedWithYouCore.framework/Versions/A/SharedWithYouCore
dyld[36743]: <7B5C93A3-1AF7-3273-9182-60B965FBB279> /System/Library/PrivateFrameworks/CloudTelemetry.framework/Versions/A/CloudTelemetry
dyld[36743]: <CD1BB171-94DA-350C-8276-04EA8B71C6E7> /System/Library/PrivateFrameworks/AppleAccount.framework/Versions/A/AppleAccount
dyld[36743]: <6D910C58-E7C6-34AB-907F-89C2EA3E8B5C> /System/Library/PrivateFrameworks/C2.framework/Versions/A/C2
dyld[36743]: <1BE4EC57-9B8A-34C4-BFC9-BC9A229BBB08> /System/Library/PrivateFrameworks/CloudCoreInternal.framework/Versions/A/CloudCoreInternal
dyld[36743]: <EDB20CBF-D173-3BD4-A483-3C509C15D24D> /System/Library/PrivateFrameworks/CloudAsset.framework/Versions/A/CloudAsset
dyld[36743]: <696E88E7-5CF6-3095-80C0-57B9A913887A> /System/Library/Frameworks/PushKit.framework/Versions/A/PushKit
dyld[36743]: <100BE8FB-6C47-33E3-9FC4-A45A5106721A> /System/Library/Frameworks/CoreTransferable.framework/Versions/A/CoreTransferable
dyld[36743]: <08675344-FA9F-3CC2-8ED8-C572C841B504> /System/Library/PrivateFrameworks/NetAuth.framework/Versions/A/NetAuth
dyld[36743]: <8E702F90-53C5-3A91-A0F8-94409A59BAF3> /System/Library/PrivateFrameworks/login.framework/Versions/A/Frameworks/loginsupport.framework/Versions/A/loginsupport
dyld[36743]: <78C04A6C-63CF-339A-90C8-F25BA9C4C1CE> /System/Library/PrivateFrameworks/CloudTelemetryTools.framework/Versions/A/CloudTelemetryTools
dyld[36743]: <A23C0860-6454-3F01-A064-C8982EBBFF48> /System/Library/PrivateFrameworks/CloudTelemetryShared.dylib
dyld[36743]: <907F9C53-06D9-3604-A13D-183642237619> /System/Library/PrivateFrameworks/RTCReporting.framework/Versions/A/RTCReporting
dyld[36743]: <90B0724C-CBDF-35B7-91AA-38F8E07E543D> /System/Library/PrivateFrameworks/AAAFoundationSwift.framework/Versions/A/AAAFoundationSwift
dyld[36743]: <95A65CAD-54BC-3CDD-B27A-90572D2A848F> /System/Library/PrivateFrameworks/AppleIDSSOAuthentication.framework/Versions/A/AppleIDSSOAuthentication
dyld[36743]: <B2BA9719-73C5-3061-9915-25FC68C198D6> /System/Library/PrivateFrameworks/UIFoundation.framework/Versions/A/UIFoundation
dyld[36743]: <6784252E-9BE1-332F-8D0C-CF7FB6C9FB56> /System/Library/PrivateFrameworks/CaptiveNetwork.framework/Versions/A/CaptiveNetwork
dyld[36743]: <2DFBEDC5-0C41-3FF8-B1AB-334EE3621FC9> /System/Library/PrivateFrameworks/EAP8021X.framework/Versions/A/EAP8021X
dyld[36743]: <D828B798-9303-3C0A-9F83-5B24A36E1670> /System/Library/PrivateFrameworks/CryptoKitPrivate.framework/Versions/A/CryptoKitPrivate
dyld[36743]: <7B08EA3F-6BA2-39B2-979D-D36A03961343> /System/Library/PrivateFrameworks/FindMyDevice.framework/Versions/A/FindMyDevice
dyld[36743]: <57FD92AE-E8D7-3D48-AF71-F74CD3D2AD56> /System/Library/PrivateFrameworks/FMCoreLite.framework/Versions/A/FMCoreLite
dyld[36743]: <0B4562F4-D2B8-362C-AC29-8E9B106F937C> /System/Library/Frameworks/ServiceManagement.framework/Versions/A/ServiceManagement
dyld[36743]: <4428FA9C-988B-3235-98EB-1FC596D283D1> /usr/lib/libCheckFix.dylib
dyld[36743]: <7CA1C787-8112-3F53-9419-1EA66ECF08B3> /System/Library/PrivateFrameworks/MetadataUtilities.framework/Versions/A/MetadataUtilities
dyld[36743]: <B820DEFE-59D8-3A6A-BB23-56E594F57F9C> /System/Library/PrivateFrameworks/InstalledContentLibrary.framework/Versions/A/InstalledContentLibrary
dyld[36743]: <9B52CDCA-8EFD-3512-A265-C5D8CE2B8998> /System/Library/PrivateFrameworks/CoreServicesStore.framework/Versions/A/CoreServicesStore
dyld[36743]: <3BD7BCA8-66D2-34D7-BA3F-A3B3197E1F44> /usr/lib/libapp_launch_measurement.dylib
dyld[36743]: <7783C2DD-5853-312A-8EF1-B5DDC441531D> /System/Library/PrivateFrameworks/MobileSystemServices.framework/Versions/A/MobileSystemServices
dyld[36743]: <C428B34A-AB0B-34ED-9C94-8DC908D4A12B> /usr/lib/libxslt.1.dylib
dyld[36743]: <F1725141-8B9B-363A-838E-17B20313568E> /System/Library/PrivateFrameworks/BackgroundTaskManagement.framework/Versions/A/BackgroundTaskManagement
dyld[36743]: <957F947F-00ED-3468-B07B-20900D64DB71> /usr/lib/libcurl.4.dylib
dyld[36743]: <FE236487-745A-39C9-A6A5-D937AD7BDC2E> /usr/lib/libcrypto.46.dylib
dyld[36743]: <6E6A6A29-3741-365F-A90D-785C2C86D71A> /usr/lib/libssl.48.dylib
dyld[36743]: <9AC45415-37D3-369E-846C-6C2F072899F9> /System/Library/Frameworks/LDAP.framework/Versions/A/LDAP
dyld[36743]: <48980122-ECA5-383C-A043-6F2BE6BAA017> /System/Library/PrivateFrameworks/TrustEvaluationAgent.framework/Versions/A/TrustEvaluationAgent
dyld[36743]: <65BCF638-CADE-3CB2-97FB-D33E91D93C8D> /usr/lib/libsasl2.2.dylib
dyld[36743]: <6392D284-E632-31D4-BFF3-F9D8DA76BB20> /System/Library/Frameworks/Carbon.framework/Versions/A/Carbon
dyld[36743]: <8A66FF1A-BD9B-3755-9687-5917D60A47B1> /System/Library/Frameworks/Carbon.framework/Versions/A/Frameworks/CommonPanels.framework/Versions/A/CommonPanels
dyld[36743]: <01502D39-922D-3B6A-852D-638977DDD1B9> /System/Library/Frameworks/Carbon.framework/Versions/A/Frameworks/Help.framework/Versions/A/Help
dyld[36743]: <7527CB07-B7AF-3200-A5CD-93FA88A1F940> /System/Library/Frameworks/Carbon.framework/Versions/A/Frameworks/HIToolbox.framework/Versions/A/HIToolbox
dyld[36743]: <676A6EA9-0CEB-37BB-A42D-5FE102D4CBB4> /System/Library/Frameworks/Carbon.framework/Versions/A/Frameworks/ImageCapture.framework/Versions/A/ImageCapture
dyld[36743]: <02EE974E-1B73-3B30-84C3-8B6C04B441A4> /System/Library/Frameworks/Carbon.framework/Versions/A/Frameworks/OpenScripting.framework/Versions/A/OpenScripting
dyld[36743]: <DB068096-FEC5-38CD-BA09-21161EED9ADF> /System/Library/Frameworks/Carbon.framework/Versions/A/Frameworks/Ink.framework/Versions/A/Ink
dyld[36743]: <AF57D136-1BF0-35F7-83C8-E68BFF2C0BD5> /System/Library/Frameworks/Carbon.framework/Versions/A/Frameworks/SecurityHI.framework/Versions/A/SecurityHI
dyld[36743]: <0369127E-C46A-3C87-AEF8-D484CE6C7D2B> /System/Library/Frameworks/Carbon.framework/Versions/A/Frameworks/SpeechRecognition.framework/Versions/A/SpeechRecognition
dyld[36743]: <C8CDD2A9-F2CE-3EB3-A366-A6E75BEBF8A5> /System/Library/PrivateFrameworks/PerformanceAnalysis.framework/Versions/A/PerformanceAnalysis
dyld[36743]: <1B2DD929-509C-3FC3-9F95-2BA03C77D104> /usr/lib/libInterpreterSecurity.dylib
dyld[36743]: <8BA60E9B-E345-3540-B420-CA99AAB893BE> /System/Library/PrivateFrameworks/XprotectFramework.framework/Versions/A/XprotectFramework
dyld[36743]: <3AB0F361-A2F2-3AEC-82A9-4A2753CBE56B> /System/Library/PrivateFrameworks/yara.framework/Versions/A/yara
dyld[36743]: <8E91D560-CE65-3277-A9FE-4F833E10E46A> /usr/lib/libEndpointSecuritySystem.dylib
dyld[36743]: <6019D075-9CC1-3AB8-93EE-99671761CC40> /System/Library/Frameworks/Cocoa.framework/Versions/A/Cocoa
dyld[36743]: <030D9FA0-9FEA-3195-8D03-70642261297A> /System/Library/Frameworks/AppKit.framework/Versions/C/AppKit
dyld[36743]: <397F15DD-8005-3913-8F58-214D758C9CBF> /System/Library/PrivateFrameworks/CollectionViewCore.framework/Versions/A/CollectionViewCore
dyld[36743]: <7C7A3A58-D2D7-3D44-ABED-8159B048CA92> /System/Library/PrivateFrameworks/XCTTargetBootstrap.framework/Versions/A/XCTTargetBootstrap
dyld[36743]: <A165002C-6976-360F-AA5E-10DFDD3C936F> /System/Library/PrivateFrameworks/UserActivity.framework/Versions/A/UserActivity
dyld[36743]: <CF1E7E83-AA4A-3BAC-919D-46D673E03614> /System/Library/PrivateFrameworks/FrontBoard.framework/Versions/A/FrontBoard
dyld[36743]: <C30F8C8F-690E-3FB3-8E29-35808EE4BCAB> /System/Library/PrivateFrameworks/UIIntelligenceSupport.framework/Versions/A/UIIntelligenceSupport
dyld[36743]: <99606D45-C40A-3C69-AE51-5F0C4E32E531> /System/Library/Frameworks/SwiftUICore.framework/Versions/A/SwiftUICore
dyld[36743]: <977C5419-FB49-349A-900E-476ACA5B144C> /System/Library/PrivateFrameworks/WritingTools.framework/Versions/A/WritingTools
dyld[36743]: <E46A82F8-1CD2-3562-A61B-3EEEA1FB4D0D> /System/Library/PrivateFrameworks/WindowManagement.framework/Versions/A/WindowManagement
dyld[36743]: <4DAC0F07-728C-367A-B3CA-761DE3A92809> /System/Library/PrivateFrameworks/FocusEngine.framework/Versions/A/FocusEngine
dyld[36743]: <1E980802-69F5-3E69-89EF-50088297FCF5> /System/Library/PrivateFrameworks/DesignLibrary.framework/Versions/A/DesignLibrary
dyld[36743]: <DAE965D5-7CF9-3210-81C5-E4EBB4CBD473> /System/Library/PrivateFrameworks/DFRFoundation.framework/Versions/A/DFRFoundation
dyld[36743]: <18AC071F-1412-33C8-BF43-65ECF078431A> /System/Library/PrivateFrameworks/UpdateCycle.framework/Versions/A/UpdateCycle
dyld[36743]: <E9D71A84-6EDA-3F51-95B9-587E085652B0> /System/Library/Frameworks/Accessibility.framework/Versions/A/Accessibility
dyld[36743]: <8B163A4E-A19F-3CD3-ACD0-74C01F60CA5A> /System/Library/Frameworks/Symbols.framework/Versions/A/Symbols
dyld[36743]: <989B371D-0089-3323-AD2E-4163A147629C> /System/Library/PrivateFrameworks/Gestures.framework/Versions/A/Gestures
dyld[36743]: <F88010E8-3B8E-3327-8CEA-8345DA01079C> /usr/lib/swift/libswiftSpatial.dylib
dyld[36743]: <71480F23-35DF-3E6C-B2B4-A7C92C295E90> /usr/lib/swift/libswiftCoreGraphics.dylib
dyld[36743]: <26AF105B-A8F4-3EDD-BE1F-4FEBAA26A965> /usr/lib/swift/libswiftFoundation.dylib
dyld[36743]: <ECA99E3D-594B-337B-90B3-8A9BA96B9131> /usr/lib/swift/libswiftSwiftOnoneSupport.dylib
dyld[36743]: <8FE163C5-529B-30E6-BB4A-2B9C774B7821> /usr/lib/swift/libswiftsys_time.dylib
dyld[36743]: <A4A7F905-D5B6-31F7-BA95-4D158F0ACFEE> /System/Library/PrivateFrameworks/CoreMaterial.framework/Versions/A/CoreMaterial
dyld[36743]: <1B314DC9-D961-390A-B6B0-945D635BDB4C> /usr/lib/libSpatial.dylib
dyld[36743]: <9EA8819B-CD23-3D82-9B6C-C98B72D666DA> /System/Library/SubFrameworks/UIUtilities.framework/Versions/A/UIUtilities
dyld[36743]: has interposing tuples so cannot be delayed: libclang_rt.asan_osx_dynamic.dylib
dyld[36743]: move loaded to delayed: XPCSupport
dyld[36743]: move loaded to delayed: libcmark-gfm.dylib
dyld[36743]: move loaded to delayed: GenerationalStorage
dyld[36743]: move loaded to delayed: CacheDelete
dyld[36743]: move loaded to delayed: QuickLookThumbnailing
dyld[36743]: move loaded to delayed: FileProvider
dyld[36743]: move loaded to delayed: DesktopServicesPriv
dyld[36743]: move loaded to delayed: AOSKit
dyld[36743]: move loaded to delayed: AppSSOCore
dyld[36743]: move loaded to delayed: BackgroundSystemTasks
dyld[36743]: move loaded to delayed: DuetActivityScheduler
dyld[36743]: move loaded to delayed: FTServices
dyld[36743]: move loaded to delayed: libMemoryResourceException.dylib
dyld[36743]: move loaded to delayed: NetworkScore
dyld[36743]: move loaded to delayed: NetworkServiceProxy
dyld[36743]: move loaded to delayed: StreamingExtractor
dyld[36743]: move loaded to delayed: SymptomReporter
dyld[36743]: move loaded to delayed: libnetworkextension.dylib
dyld[36743]: move loaded to delayed: CloudServices
dyld[36743]: move loaded to delayed: SymptomAnalytics
dyld[36743]: move loaded to delayed: libcupolicy.dylib
dyld[36743]: move loaded to delayed: NetworkExtension
dyld[36743]: move loaded to delayed: libnwswifttls.dylib
dyld[36743]: move loaded to delayed: libpcap.A.dylib
dyld[36743]: move loaded to delayed: CoreDuetContext
dyld[36743]: move loaded to delayed: CoreDuet
dyld[36743]: move loaded to delayed: CoreLocation
dyld[36743]: move loaded to delayed: Intents
dyld[36743]: move loaded to delayed: libCGInterfaces.dylib
dyld[36743]: move loaded to delayed: AccelerateGPU
dyld[36743]: move loaded to delayed: AudioDSPGraph
dyld[36743]: move loaded to delayed: AssistantServices
dyld[36743]: move loaded to delayed: SAObjects
dyld[36743]: move loaded to delayed: MediaRemote
dyld[36743]: move loaded to delayed: SiriTTSService
dyld[36743]: move loaded to delayed: SiriCrossDeviceArbitration
dyld[36743]: move loaded to delayed: FaceTimeNameUtility
dyld[36743]: move loaded to delayed: AuthKit
dyld[36743]: move loaded to delayed: SiriCrossDeviceArbitrationFeedback
dyld[36743]: move loaded to delayed: libswiftCoreLocation.dylib
dyld[36743]: move loaded to delayed: UIKitServices
dyld[36743]: move loaded to delayed: AudioAccessoryServices
dyld[36743]: move loaded to delayed: Sharing
dyld[36743]: move loaded to delayed: IDSFoundation
dyld[36743]: move loaded to delayed: Apple80211
dyld[36743]: move loaded to delayed: CoreWLAN
dyld[36743]: move loaded to delayed: IMFoundation
dyld[36743]: move loaded to delayed: Marco
dyld[36743]: move loaded to delayed: CommonUtilities
dyld[36743]: move loaded to delayed: Engram
dyld[36743]: move loaded to delayed: XPCDistributed
dyld[36743]: move loaded to delayed: libtidy.A.dylib
dyld[36743]: move loaded to delayed: Bom
dyld[36743]: move loaded to delayed: libParallelCompression.dylib
dyld[36743]: move loaded to delayed: MultiverseSupport
dyld[36743]: move loaded to delayed: DiskManagement
dyld[36743]: move loaded to delayed: AppleIDAuthSupport
dyld[36743]: move loaded to delayed: AAAFoundation
dyld[36743]: move loaded to delayed: KeychainCircle
dyld[36743]: move loaded to delayed: URLFormatting
dyld[36743]: move loaded to delayed: libcsfde.dylib
dyld[36743]: move loaded to delayed: libCoreStorage.dylib
dyld[36743]: move loaded to delayed: ProtectedCloudStorage
dyld[36743]: move loaded to delayed: EFILogin
dyld[36743]: move loaded to delayed: OctagonTrust
dyld[36743]: move loaded to delayed: MediaServices
dyld[36743]: move loaded to delayed: IDS
dyld[36743]: move loaded to delayed: LocalAuthentication
dyld[36743]: move loaded to delayed: LocalAuthenticationCore
dyld[36743]: move loaded to delayed: LocalAuthenticationCredentialServices
dyld[36743]: move loaded to delayed: SharedUtils
dyld[36743]: move loaded to delayed: PersistentConnection
dyld[36743]: move loaded to delayed: SonicFoundation
dyld[36743]: move loaded to delayed: AsyncAlgorithmsInternal
dyld[36743]: move loaded to delayed: FTAWD
dyld[36743]: move loaded to delayed: libtailspin.dylib
dyld[36743]: move loaded to delayed: Osprey
dyld[36743]: move loaded to delayed: SiriTTS
dyld[36743]: move loaded to delayed: SiriPowerInstrumentation
dyld[36743]: move loaded to delayed: TailspinSymbolication
dyld[36743]: move loaded to delayed: Darwinup
dyld[36743]: move loaded to delayed: SignpostSupport
dyld[36743]: move loaded to delayed: FeatureFlagsSupport
dyld[36743]: move loaded to delayed: ktrace
dyld[36743]: move loaded to delayed: SampleAnalysis
dyld[36743]: move loaded to delayed: kperfdata
dyld[36743]: move loaded to delayed: libdscsym.dylib
dyld[36743]: move loaded to delayed: BulkSymbolication
dyld[36743]: move loaded to delayed: IntentsFoundation
dyld[36743]: move loaded to delayed: ApplePushService
dyld[36743]: move loaded to delayed: CloudKit
dyld[36743]: move loaded to delayed: CoreDuetDaemonProtocol
dyld[36743]: move loaded to delayed: DeviceIdentity
dyld[36743]: move loaded to delayed: SharedWithYouCore
dyld[36743]: move loaded to delayed: CloudTelemetry
dyld[36743]: move loaded to delayed: AppleAccount
dyld[36743]: move loaded to delayed: C2
dyld[36743]: move loaded to delayed: CloudCoreInternal
dyld[36743]: move loaded to delayed: CloudAsset
dyld[36743]: move loaded to delayed: PushKit
dyld[36743]: move loaded to delayed: CloudTelemetryTools
dyld[36743]: move loaded to delayed: CloudTelemetryShared.dylib
dyld[36743]: move loaded to delayed: RTCReporting
dyld[36743]: move loaded to delayed: AAAFoundationSwift
dyld[36743]: move loaded to delayed: AppleIDSSOAuthentication
dyld[36743]: move loaded to delayed: CaptiveNetwork
dyld[36743]: move loaded to delayed: EAP8021X
dyld[36743]: move loaded to delayed: CryptoKitPrivate
dyld[36743]: move loaded to delayed: FindMyDevice
dyld[36743]: move loaded to delayed: FMCoreLite
dyld[36743]: move loaded to delayed: ServiceManagement
dyld[36744]: <BBC4B3CD-4B3C-3196-8809-F5D76270ABB3> /Users/catethos/.local/share/mise/installs/erlang/29.0.4/erts-17.0.4/bin/erl_child_setup
dyld[36744]: <4CC4CAD6-45A6-361E-9343-DE636A0B5C02> /usr/lib/libSystem.B.dylib
dyld[36744]: <EA7C2E0B-52BF-3D45-9A33-38F54A535452> /usr/lib/system/libcache.dylib
dyld[36744]: <72D94140-1281-3886-971B-37C810403C03> /usr/lib/system/libcommonCrypto.dylib
dyld[36744]: <D60A9B54-A909-3FD5-93B9-3F38BE0A2BE8> /usr/lib/system/libcompiler_rt.dylib
dyld[36744]: <58F425CF-7D4F-34FD-9620-706A2A7F8BDC> /usr/lib/system/libcopyfile.dylib
dyld[36744]: <D54389FC-4078-370D-A863-9FEF16E00DFD> /usr/lib/system/libcorecrypto.dylib
dyld[36744]: <243E06A0-7BFF-3C3F-8A9B-D7732729B361> /usr/lib/system/libdispatch.dylib
dyld[36744]: <634959D0-592E-349C-B549-B91F2FF09858> /usr/lib/system/libdyld.dylib
dyld[36744]: <18EFA1CE-C535-3EAC-BC2C-7955593B7382> /usr/lib/system/libkeymgr.dylib
dyld[36744]: <3E43AF47-AD89-3BB4-82B9-A9533F4334DF> /usr/lib/system/libmacho.dylib
dyld[36744]: <78C5B827-8152-358D-90E9-B02F02A68B17> /usr/lib/system/libquarantine.dylib
dyld[36744]: <DA9C2B48-7A9C-32EA-888D-6C7AEB5250E6> /usr/lib/system/libremovefile.dylib
dyld[36744]: <FF57F6FA-F3A1-343D-815D-57B769D31445> /usr/lib/system/libsystem_asl.dylib
dyld[36744]: <A712B95E-BCEE-3F12-9F9B-58E6C2060E53> /usr/lib/system/libsystem_blocks.dylib
dyld[36744]: <FDC4E366-5C14-3A1E-BC35-D933D28CDCF3> /usr/lib/system/libsystem_c.dylib
dyld[36744]: <BDA28F78-F479-3C22-B9C7-4ABCB6801592> /usr/lib/system/libsystem_collections.dylib
dyld[36744]: <A14ED142-2F56-33A6-A23C-EEB8417DC90E> /usr/lib/system/libsystem_configuration.dylib
dyld[36744]: <2E14025A-52C2-361D-8A8F-5DD45825A2C9> /usr/lib/system/libsystem_containermanager.dylib
dyld[36744]: <F335DA14-69E8-336E-85A3-11EE239255F0> /usr/lib/system/libsystem_coreservices.dylib
dyld[36744]: <A095E4FE-0EE1-34DF-B00A-7D349FBC55E0> /usr/lib/system/libsystem_darwin.dylib
dyld[36744]: <6C03D78B-BFAB-3C7A-B713-50881791EE08> /usr/lib/system/libsystem_darwindirectory.dylib
dyld[36744]: <2C4C3043-008E-3BD8-BC29-AB9AD235DBA9> /usr/lib/system/libsystem_dnssd.dylib
dyld[36744]: <A279E124-8499-3FFC-A788-655070028F97> /usr/lib/system/libsystem_eligibility.dylib
dyld[36744]: <5E7CDBD5-44AB-34C0-A0F5-FC72F6116CDC> /usr/lib/system/libsystem_featureflags.dylib
dyld[36744]: <7402662E-F235-3F48-BB65-F64C8CF0F2BB> /usr/lib/system/libsystem_info.dylib
dyld[36744]: <3739A40F-2C17-3503-92D6-098141E56E89> /usr/lib/system/libsystem_m.dylib
dyld[36744]: <971CDCFE-4D20-300E-A1D6-EC8672FDD258> /usr/lib/system/libsystem_malloc.dylib
dyld[36744]: <01D14A9E-16DC-372C-8AA8-CC7AD39E797F> /usr/lib/system/libsystem_networkextension.dylib
dyld[36744]: <F9B1BAFF-4D09-3A1F-839B-189C21EB5FBB> /usr/lib/system/libsystem_notify.dylib
dyld[36744]: <6592D3CE-38C6-3C08-9EA5-75D64F37993F> /usr/lib/system/libsystem_sandbox.dylib
dyld[36744]: <C92FAEE5-DAED-3340-96B3-0C42B005ADF9> /usr/lib/system/libsystem_sanitizers.dylib
dyld[36744]: <C85AF062-AA9B-35BB-904C-C055B2C21602> /usr/lib/system/libsystem_secinit.dylib
dyld[36744]: <7CFB3A10-ADB2-32C4-99B5-922A111B3224> /usr/lib/system/libsystem_kernel.dylib
dyld[36744]: <4C6BD0FE-25F2-38D8-BE5C-24DAC1DEDCFB> /usr/lib/system/libsystem_platform.dylib
dyld[36744]: <12342372-0084-37A5-9EA6-2E4DC940C685> /usr/lib/system/libsystem_pthread.dylib
dyld[36744]: <CE07A0DF-31B6-3528-B7CE-91CAD89AA519> /usr/lib/system/libsystem_symptoms.dylib
dyld[36744]: <E043667E-AD01-3228-837F-A381F32F2B30> /usr/lib/system/libsystem_trace.dylib
dyld[36744]: <2FF186A6-F448-38CD-9A30-8B5B1AEFCA10> /usr/lib/system/libsystem_trial.dylib
dyld[36744]: <B21A1015-83D4-31D8-BA41-88688962D9A6> /usr/lib/system/libunwind.dylib
dyld[36744]: <40BBE226-77D4-332E-9DA8-F0B5BACFB86D> /usr/lib/system/libxpc.dylib
dyld[36744]: <40277974-D20C-3EC8-B25C-43AE30D8CC60> /usr/lib/libobjc.A.dylib
dyld[36744]: <5BCE8CB3-4EF5-3181-B96B-8E8130851510> /System/Library/PrivateFrameworks/XPCSupport.framework/Versions/A/XPCSupport
dyld[36744]: <FDBA2243-A7AB-3524-9B94-F3034AC36E41> /System/Library/Frameworks/CoreFoundation.framework/Versions/A/CoreFoundation
dyld[36744]: <81895735-AEE8-36CF-B7ED-370A80C4E78A> /usr/lib/swift/libswiftCore.dylib
dyld[36744]: <DDE77B06-5E25-380B-85B7-BA1A27D09021> /usr/lib/libc++abi.dylib
dyld[36744]: <F41D814B-FE1F-311A-A778-5F0699628188> /usr/lib/libRosetta.dylib
dyld[36744]: <C6DC2145-7B94-3E01-ADE5-96A6C2D078BC> /usr/lib/libc++.1.dylib
dyld[36744]: <2E3EA3FE-B1EF-3EDA-B94E-C7FC54E30C13> /System/Library/Frameworks/Foundation.framework/Versions/C/Foundation
dyld[36744]: <4A2A8D5B-A79D-36B3-A688-1792E7A98EA6> /usr/lib/swift/libswiftObjectiveC.dylib
dyld[36744]: <CB44DEF4-FCFF-36ED-8E9D-BB26E0DFACAC> /usr/lib/libswiftPrespecialized.dylib
dyld[36744]: <7C419E70-AC1A-3BF9-913F-D2F87F60680B> /System/Library/Frameworks/SystemConfiguration.framework/Versions/A/SystemConfiguration
dyld[36744]: <03BEB01C-EE74-3952-80FC-D2B7CF9C798D> /usr/lib/libz.1.dylib
dyld[36744]: <1C295E81-112C-3641-8846-101E1BD9471D> /System/Library/PrivateFrameworks/CoreAutoLayout.framework/Versions/A/CoreAutoLayout
dyld[36744]: <B0B762DB-DEE4-368F-94E4-6BCFEC98E286> /usr/lib/libcmark-gfm.dylib
dyld[36744]: <4A5173C4-2F2F-3503-9FED-70C4E5BEFA0F> /usr/lib/libfakelink.dylib
dyld[36744]: <88B2498F-674F-34B8-AC5F-048E050518E5> /usr/lib/libcompression.dylib
dyld[36744]: <49C50CC0-E432-3C8D-84D5-F6AA825941A3> /System/Library/Frameworks/CFNetwork.framework/Versions/A/CFNetwork
dyld[36744]: <ECE02111-DA6A-386C-B109-699F01824273> /System/Library/Frameworks/DiskArbitration.framework/Versions/A/DiskArbitration
dyld[36744]: <CE6444C3-4DCC-3F04-B4EC-AE78233CD4C8> /usr/lib/libarchive.2.dylib
dyld[36744]: <E681BCDD-6DE1-3079-8AD8-DB80F389420D> /usr/lib/libDiagnosticMessagesClient.dylib
dyld[36744]: <700597A5-5992-3705-9F22-3E970E735653> /usr/lib/libicucore.A.dylib
dyld[36744]: <E706ECFF-E18C-3E27-B22D-B8307DE9C6D2> /usr/lib/libxml2.2.dylib
dyld[36744]: <B20E2809-8922-3D51-9CF9-1EF7DFDFBE1D> /System/Library/Frameworks/CoreServices.framework/Versions/A/CoreServices
dyld[36744]: <A316E5EC-C7E2-3D1C-A36A-7075E38735A8> /usr/lib/liblangid.dylib
dyld[36744]: <93FF2D40-D3DB-37A6-A827-8C8947B0BDCF> /System/Library/Frameworks/IOKit.framework/Versions/A/IOKit
dyld[36744]: <EBB4454A-765B-38CF-8B9D-71FF1B53D290> /System/Library/Frameworks/Combine.framework/Versions/A/Combine
dyld[36744]: <FD544864-C6FA-3FB3-B8EA-7ECAA412D97F> /System/Library/PrivateFrameworks/CollectionsInternal.framework/Versions/A/CollectionsInternal
dyld[36744]: <B66B4EC0-DF77-317E-B57C-9005FCA3B3E1> /System/Library/PrivateFrameworks/ReflectionInternal.framework/Versions/A/ReflectionInternal
dyld[36744]: <8D664FD8-9C6D-35F2-A0CB-C7E22ABEB804> /System/Library/PrivateFrameworks/RuntimeInternal.framework/Versions/A/RuntimeInternal
dyld[36744]: <105FF8F1-5BE6-387D-B850-ECE87B4BFE9C> /System/Library/PrivateFrameworks/SoftLinking.framework/Versions/A/SoftLinking
dyld[36744]: <EE71FC23-45F1-30AE-B49C-74D2DE7882BA> /usr/lib/swift/libswiftCoreFoundation.dylib
dyld[36744]: <70D613F2-BFE7-38FC-A7E8-80779478F554> /usr/lib/swift/libswiftDarwin.dylib
dyld[36744]: <F272890D-9996-3BD0-A5AA-67CE47819FE4> /usr/lib/swift/libswiftDispatch.dylib
dyld[36744]: <1A55E5A8-85E6-3067-AB87-4AC87B8C6530> /usr/lib/swift/libswiftIOKit.dylib
dyld[36744]: <92A7149B-3E19-38D2-BD36-3360D56F3096> /usr/lib/swift/libswiftSystem.dylib
dyld[36744]: <75A38F4A-06EE-3FD1-87A3-8F9FF972CE47> /usr/lib/swift/libswiftXPC.dylib
dyld[36744]: <4C680D47-D53D-3E82-9575-B04943349B45> /usr/lib/swift/libswift_Builtin_float.dylib
dyld[36744]: <E202745F-BFF6-3F29-A171-5C8DDE11779C> /usr/lib/swift/libswift_Concurrency.dylib
dyld[36744]: <4A0A069F-D0C0-3F0A-BE4F-4AFE0DF78D58> /usr/lib/swift/libswift_DarwinFoundation1.dylib
dyld[36744]: <2B54D7C1-96A9-350E-B680-2CEC48FE32AE> /usr/lib/swift/libswift_StringProcessing.dylib
dyld[36744]: <C191573D-AF50-3C8E-840C-F64782CC2BFC> /usr/lib/swift/libswiftos.dylib
dyld[36744]: <48EB2100-B5F6-3150-A424-5FD9EEC9B77B> /System/Library/PrivateFrameworks/CoreServicesInternal.framework/Versions/A/CoreServicesInternal
dyld[36744]: <F41D814B-FE1F-311A-A778-5F0699628188> /usr/lib/liboah.dylib
dyld[36744]: <A4C45770-BA54-3D2C-9DA3-077F5A497C32> /System/Library/Frameworks/Security.framework/Versions/A/Security
dyld[36744]: <D3D5DEE9-258B-33B9-A688-CF81D495E88D> /System/Library/PrivateFrameworks/GenerationalStorage.framework/Versions/A/GenerationalStorage
dyld[36744]: <02498F6E-F56A-35EC-BBFD-09E0739F330E> /System/Library/PrivateFrameworks/CacheDelete.framework/Versions/A/CacheDelete
dyld[36744]: <5879E066-73C2-3C08-9571-57A56D8FC106> /System/Library/Frameworks/QuickLookThumbnailing.framework/Versions/A/QuickLookThumbnailing
dyld[36744]: <56C602D6-EE17-31C4-BACC-962E392B7A14> /System/Library/Frameworks/FileProvider.framework/Versions/A/FileProvider
dyld[36744]: <1D861D5E-F6F8-3B0C-97F0-6F7DA8174A13> /System/Library/PrivateFrameworks/DiskImages.framework/Versions/A/DiskImages
dyld[36744]: <8B049FBF-B02F-3B65-B252-36DD33AE4DCB> /System/Library/Frameworks/NetFS.framework/Versions/A/NetFS
dyld[36744]: <8A8560B9-089E-3AB8-996F-C1E6F335D567> /System/Library/PrivateFrameworks/DesktopServicesPriv.framework/Versions/A/DesktopServicesPriv
dyld[36744]: <4DF5833E-170E-391E-8068-334A1619B6EC> /System/Library/Frameworks/CoreServices.framework/Versions/A/Frameworks/FSEvents.framework/Versions/A/FSEvents
dyld[36744]: <C3100FC0-CB90-375E-8228-7AD3095F70CC> /System/Library/Frameworks/CoreServices.framework/Versions/A/Frameworks/CarbonCore.framework/Versions/A/CarbonCore
dyld[36744]: <20352036-F9BF-311D-BF2B-4BE56DE35A4C> /System/Library/Frameworks/CoreServices.framework/Versions/A/Frameworks/Metadata.framework/Versions/A/Metadata
dyld[36744]: <C43D9113-B804-3617-AB4E-18B9746C3FD7> /System/Library/Frameworks/CoreServices.framework/Versions/A/Frameworks/OSServices.framework/Versions/A/OSServices
dyld[36744]: <DB2FEE7A-4E93-3C0A-A1BC-1A7915D7F824> /System/Library/Frameworks/CoreServices.framework/Versions/A/Frameworks/SearchKit.framework/Versions/A/SearchKit
dyld[36744]: <1FE41C73-319E-31D6-8AB9-5D9725C29840> /System/Library/Frameworks/CoreServices.framework/Versions/A/Frameworks/AE.framework/Versions/A/AE
dyld[36744]: <F672AF6B-712F-3E94-A30C-D962C961B1AE> /System/Library/Frameworks/CoreServices.framework/Versions/A/Frameworks/LaunchServices.framework/Versions/A/LaunchServices
dyld[36744]: <89B35D84-BCB4-32EA-B793-BB3563BA6C7E> /System/Library/Frameworks/CoreServices.framework/Versions/A/Frameworks/DictionaryServices.framework/Versions/A/DictionaryServices
dyld[36744]: <11D1A903-7E02-365D-B434-CF1F6928B9C8> /System/Library/Frameworks/CoreServices.framework/Versions/A/Frameworks/SharedFileList.framework/Versions/A/SharedFileList
dyld[36744]: <37EB8634-C367-3986-951F-FE6CE034F9B8> /usr/lib/libapple_nghttp2.dylib
dyld[36744]: <FFED8D03-933A-3E77-A298-899189CFDDEE> /usr/lib/libsqlite3.dylib
dyld[36744]: <480932A5-4C8C-3AEF-AFC3-31D7D5A6DFB7> /System/Library/Frameworks/Accounts.framework/Versions/A/Accounts
dyld[36744]: <277306E7-DBCE-3D31-8E19-1A959860E47C> /System/Library/PrivateFrameworks/AOSKit.framework/Versions/A/AOSKit
dyld[36744]: <F1614AEF-411C-3D85-B147-122B24A52BD2> /System/Library/PrivateFrameworks/AppSSOCore.framework/Versions/A/AppSSOCore
dyld[36744]: <E49883EF-0C5A-34B3-940E-6CDED347A361> /System/Library/PrivateFrameworks/AppSupport.framework/Versions/A/AppSupport
dyld[36744]: <2B4C89E8-6D61-382F-8596-400AFD5DFAED> /System/Library/Frameworks/AVFoundation.framework/Versions/A/AVFoundation
dyld[36744]: <D6494026-1CF4-365F-9D35-BD3C0FAE8463> /System/Library/PrivateFrameworks/BackgroundSystemTasks.framework/Versions/A/BackgroundSystemTasks
dyld[36744]: <5B6BC0A9-527D-3D06-B19A-59A55830D0C2> /System/Library/PrivateFrameworks/CoreAnalytics.framework/Versions/A/CoreAnalytics
dyld[36744]: <86707213-12B9-3943-AF6A-FBFDF1209FCA> /System/Library/Frameworks/CoreGraphics.framework/Versions/A/CoreGraphics
dyld[36744]: <43674C87-ADFF-3F60-9DDD-8CE9CAFA39D5> /System/Library/PrivateFrameworks/DuetActivityScheduler.framework/Versions/A/DuetActivityScheduler
dyld[36744]: <8220298F-96F2-3CED-82CF-C07E11DA38F9> /System/Library/PrivateFrameworks/FTServices.framework/Versions/A/FTServices
dyld[36744]: <6A676BE5-DAA2-3923-8B2D-9183A79D8FCF> /System/Library/Frameworks/GSS.framework/Versions/A/GSS
dyld[36744]: <B9C46934-ECEA-360F-BD4D-39025C7947C9> /System/Library/PrivateFrameworks/InternationalSupport.framework/Versions/A/InternationalSupport
dyld[36744]: <F64C374B-7C49-32B2-BD2E-8822A3F14163> /usr/lib/libMemoryResourceException.dylib
dyld[36744]: <A3C34F06-7BB2-3881-8DD1-775BB79E14B3> /System/Library/PrivateFrameworks/NetworkScore.framework/Versions/A/NetworkScore
dyld[36744]: <31C663CB-E303-3669-A2D3-17AB24A16940> /System/Library/PrivateFrameworks/NetworkServiceProxy.framework/Versions/A/NetworkServiceProxy
dyld[36744]: <949C594B-FE78-3E1A-B40C-4720CF994C75> /System/Library/PrivateFrameworks/RunningBoardServices.framework/Versions/A/RunningBoardServices
dyld[36744]: <291F2CDF-90AA-36D2-94BB-1318387C54C5> /System/Library/PrivateFrameworks/StreamingExtractor.framework/Versions/A/StreamingExtractor
dyld[36744]: <A266C210-8869-390E-93D0-5AC15408C80D> /System/Library/PrivateFrameworks/StreamingZip.framework/Versions/A/StreamingZip
dyld[36744]: <DB7270A8-9BB5-3EBE-B2FD-54F6641D56DE> /System/Library/PrivateFrameworks/SymptomReporter.framework/Versions/A/SymptomReporter
dyld[36744]: <87E902A1-34F8-3ED8-8A5B-00F346A553AE> /usr/lib/libenergytrace.dylib
dyld[36744]: <076C8183-DBAF-3FE4-8019-C95855620AD9> /usr/lib/libnetworkextension.dylib
dyld[36744]: <4A16436D-E026-380A-ADED-84C279C05285> /System/Library/Frameworks/Network.framework/Versions/A/Network
dyld[36744]: <7E84A4E7-383B-33B9-B604-D707E8E0C76A> /usr/lib/libbsm.0.dylib
dyld[36744]: <B20E8F67-6646-3050-AB29-44575B24BB6D> /usr/lib/system/libkxld.dylib
dyld[36744]: <2D2A4D15-9634-3D30-8D50-845C65536968> /System/Library/PrivateFrameworks/AppleKeyStore.framework/Versions/A/AppleKeyStore
dyld[36744]: <CFECAA0B-0E59-3E9B-BE28-7247E52F32BC> /usr/lib/libCoreEntitlements.dylib
dyld[36744]: <DDEA8F2A-0D8C-3136-A60F-159B3BF6BB14> /System/Library/PrivateFrameworks/MessageSecurity.framework/Versions/A/MessageSecurity
dyld[36744]: <4AB73CF2-A262-3297-A4ED-F98885686564> /System/Library/PrivateFrameworks/ProtocolBuffer.framework/Versions/A/ProtocolBuffer
dyld[36744]: <9E416667-BB78-36EB-9B5D-886652738B8E> /System/Library/PrivateFrameworks/CloudServices.framework/Versions/A/CloudServices
dyld[36744]: <88586001-D9A2-3BCE-A0B3-F66B962A5FCD> /System/Library/PrivateFrameworks/SymptomDiagnosticReporter.framework/Versions/A/SymptomDiagnosticReporter
dyld[36744]: <E76B3969-60BD-3EBD-8419-B6D16CB330C2> /System/Library/PrivateFrameworks/CrashReporterSupport.framework/Versions/A/CrashReporterSupport
dyld[36744]: <E0F8AF6B-104D-3F9D-A8FB-49EF7C45EAAE> /usr/lib/libMobileGestalt.dylib
dyld[36744]: <903E85C5-7923-3276-8CD3-439E896B7C6B> /System/Library/PrivateFrameworks/AppleFSCompression.framework/Versions/A/AppleFSCompression
dyld[36744]: <5CF64670-CDC0-3AF0-930A-38522A8573EC> /usr/lib/libcoretls.dylib
dyld[36744]: <88C8B8CF-FC4A-3278-9FD7-A2B90B2F600F> /usr/lib/libcoretls_cfhelpers.dylib
dyld[36744]: <4653F0C2-72CB-3C35-AEB9-AAFD63A5B721> /usr/lib/libpam.2.dylib
dyld[36744]: <47C6FF5C-2E46-3B5A-A3AF-157D64AA89B0> /usr/lib/libxar.1.dylib
dyld[36744]: <715B7DF2-B40D-3EBA-BFC9-13276492ED33> /System/Library/PrivateFrameworks/APFS.framework/Versions/A/APFS
dyld[36744]: <C01C6663-DD1C-3855-AB40-23B40F988E8E> /System/Library/PrivateFrameworks/SwiftASN1Internal.framework/Versions/A/SwiftASN1Internal
dyld[36744]: <AAB4E5F3-8EF1-39BE-A32B-8B4ABF8F390D> /usr/lib/libutil.dylib
dyld[36744]: <389F3921-719F-3A03-BD22-3A711B27FB35> /System/Library/PrivateFrameworks/AppleSystemInfo.framework/Versions/A/AppleSystemInfo
dyld[36744]: <2CFBD4DF-9E6B-34A5-9B6C-BCD05F40F139> /System/Library/PrivateFrameworks/IOMobileFramebuffer.framework/Versions/A/IOMobileFramebuffer
dyld[36744]: <C30F04DE-ADD7-3DBC-A1B2-C7D1EFA08CC6> /System/Library/Frameworks/IOSurface.framework/Versions/A/IOSurface
dyld[36744]: <B73AC390-0D5D-3EDA-A81F-709B68F0E37A> /System/Library/PrivateFrameworks/CoreWiFi.framework/Versions/A/CoreWiFi
dyld[36744]: <E39BD6CE-35C2-3F90-BBC1-F68EB3C71E52> /System/Library/PrivateFrameworks/LoggingSupport.framework/Versions/A/LoggingSupport
dyld[36744]: <B7154554-8A67-3354-B992-14441B39FF71> /System/Library/PrivateFrameworks/MobileAsset.framework/Versions/A/MobileAsset
dyld[36744]: <604DB01F-E423-31DC-A4A1-792F6701BA2D> /System/Library/PrivateFrameworks/PowerLog.framework/Versions/A/PowerLog
dyld[36744]: <BE98D10A-67D4-311C-B556-8D3838CF6F81> /System/Library/PrivateFrameworks/Rapport.framework/Versions/A/Rapport
dyld[36744]: <58E4A38D-47FB-3EAC-B7E0-6818F49D24EA> /System/Library/Frameworks/SwiftData.framework/Versions/A/SwiftData
dyld[36744]: <540009BA-D3E5-3F67-8DE8-ED0033FE9215> /System/Library/PrivateFrameworks/Symptoms.framework/Versions/A/Frameworks/SymptomAnalytics.framework/Versions/A/SymptomAnalytics
dyld[36744]: <743056F4-24EC-3A70-8282-C6F20407C193> /System/Library/Frameworks/UniformTypeIdentifiers.framework/Versions/A/UniformTypeIdentifiers
dyld[36744]: <4C89B3C9-F76E-3ED3-9515-E770E4E0E04A> /System/Library/PrivateFrameworks/UserManagement.framework/Versions/A/UserManagement
dyld[36744]: <0767E249-3DD3-375B-8E61-F5DB8309C5BA> /usr/lib/libboringssl.dylib
dyld[36744]: <819F23DB-90BE-3F09-8647-29C8F3CF929E> /usr/lib/libcupolicy.dylib
dyld[36744]: <B079C73B-474D-3A35-B9FC-C417A2FAAC2D> /usr/lib/libdns_services.dylib
dyld[36744]: <9BFCCC8E-40E3-33F3-8108-ED956930D9B0> /System/Library/Frameworks/NetworkExtension.framework/Versions/A/NetworkExtension
dyld[36744]: <2C368B24-1063-37A2-9815-6392CE0D28FA> /usr/lib/libnwswifttls.dylib
dyld[36744]: <0A92F1D9-34F1-35A9-A293-57BED013A7C7> /usr/lib/libpcap.A.dylib
dyld[36744]: <A88B0E2C-9449-37D5-AA62-8533346704D8> /usr/lib/libquic.dylib
dyld[36744]: <35A0D004-85A7-324D-A597-61F1AA1203B8> /usr/lib/libusrtcp.dylib
dyld[36744]: <AD7AC28E-DF43-3FE2-9F95-1A55421FE21B> /System/Library/PrivateFrameworks/AtomicsInternal.framework/Versions/A/AtomicsInternal
dyld[36744]: <4AFF9D01-B152-3754-917D-FEB9B6EDB074> /System/Library/PrivateFrameworks/InternalSwiftProtobuf.framework/Versions/A/InternalSwiftProtobuf
dyld[36744]: <939A84CD-B303-36D6-89D4-0CA6FE6C9335> /usr/lib/swift/libswiftDistributed.dylib
dyld[36744]: <69B34359-C025-3674-9127-6FE565701511> /usr/lib/swift/libswiftObservation.dylib
dyld[36744]: <7626547E-9425-3FAE-A895-04A4C0B5A24C> /usr/lib/swift/libswiftSynchronization.dylib
dyld[36744]: <61779A8C-8FAF-3B30-88EB-F8B1F7965DA6> /System/Library/PrivateFrameworks/AggregateDictionary.framework/Versions/A/AggregateDictionary
dyld[36744]: <ACB84D0D-0179-32B7-8F5C-53BD2AC740D5> /System/Library/PrivateFrameworks/CoreDuetContext.framework/Versions/A/CoreDuetContext
dyld[36744]: <ED2927D1-85F9-346D-9054-C9008EEFC205> /System/Library/PrivateFrameworks/BiomeLibrary.framework/Versions/A/BiomeLibrary
dyld[36744]: <0F02B28D-130E-3D48-A02E-D62C960731A0> /System/Library/PrivateFrameworks/CoreDuet.framework/Versions/A/CoreDuet
dyld[36744]: <0C2B5247-3909-390E-89D1-CD10B5986FDB> /System/Library/PrivateFrameworks/BiomeStreams.framework/Versions/A/BiomeStreams
dyld[36744]: <ECD6B305-5576-372C-A6C2-6FB8B3449B16> /System/Library/PrivateFrameworks/BiomeFoundation.framework/Versions/A/BiomeFoundation
dyld[36744]: <56BD2841-6328-3882-839C-512E9AEC3220> /System/Library/PrivateFrameworks/BiomePubSub.framework/Versions/A/BiomePubSub
dyld[36744]: <26BCA90F-FDB6-3162-8398-B204D85CFE5B> /System/Library/Frameworks/CoreData.framework/Versions/A/CoreData
dyld[36744]: <5C05FB7B-7E85-3E88-B482-B08EBADE6C7C> /System/Library/PrivateFrameworks/ProactiveSupport.framework/Versions/A/ProactiveSupport
dyld[36744]: <8984813E-20DC-39D0-8760-81CF047BEA77> /System/Library/Frameworks/CoreLocation.framework/Versions/A/CoreLocation
dyld[36744]: <71576C7F-398C-30F3-8B15-E71BBEFCBF40> /System/Library/Frameworks/Intents.framework/Versions/A/Intents
dyld[36744]: <9C3CA246-0044-37F0-9C69-6A72E1434912> /System/Library/Frameworks/_LocationEssentials.framework/Versions/A/_LocationEssentials
dyld[36744]: <6DB9D3C0-C6E8-34F1-BECE-E13E769A8FDB> /usr/lib/liblzma.5.dylib
dyld[36744]: <69865F9B-6DB8-3638-8A23-072E1E349C72> /System/Library/Frameworks/Accelerate.framework/Versions/A/Accelerate
dyld[36744]: <0542EA91-C289-3EEB-A7BD-E3FDC5F48622> /System/Library/PrivateFrameworks/MobileKeyBag.framework/Versions/A/MobileKeyBag
dyld[36744]: <504121FD-73F2-3024-93D0-E8A7C806E94B> /System/Library/PrivateFrameworks/InternationalTextSearch.framework/Versions/A/InternationalTextSearch
dyld[36744]: <6DD8264D-A08C-3E81-A4DC-DF6F92BDE42B> /System/Library/PrivateFrameworks/SoftwareUpdateCoreSupport.framework/Versions/A/SoftwareUpdateCoreSupport
dyld[36744]: <BE013477-FD5C-36B1-9127-66C2080DE35E> /System/Library/PrivateFrameworks/SoftwareUpdateCoreConnect.framework/Versions/A/SoftwareUpdateCoreConnect
dyld[36744]: <B9FE5420-1BC3-3001-ACAF-2E917BFFBDD0> /System/Library/PrivateFrameworks/RemoteServiceDiscovery.framework/Versions/A/RemoteServiceDiscovery
dyld[36744]: <135C2628-BD95-3432-8D97-32C8FDABD1E3> /System/Library/PrivateFrameworks/MSUDataAccessor.framework/Versions/A/MSUDataAccessor
dyld[36744]: <7817458F-E833-3825-A04B-03A79AD8739B> /usr/lib/libbootpolicy.dylib
dyld[36744]: <ED17CD59-DDEC-3BDE-9267-201A02407BAD> /System/Library/PrivateFrameworks/RemoteXPC.framework/Versions/A/RemoteXPC
dyld[36744]: <A1DBFEC9-D0A6-3B2E-99D2-EC6B5B9B960D> /usr/lib/libFDR.dylib
dyld[36744]: <A73B43E8-985F-3BB1-AD2B-DAF39BFF4E95> /usr/lib/libamsupport.dylib
dyld[36744]: <2C923B2B-EB1C-3FD1-8272-4AD141AEE322> /usr/lib/libReverseProxyDevice.dylib
dyld[36744]: <A1751466-FD99-3C13-9DAE-8EE39A575C75> /System/Library/PrivateFrameworks/AppleDeviceQuerySupport.framework/Versions/A/AppleDeviceQuerySupport
dyld[36744]: <6B2536A0-FB99-3B72-BF72-C8A230F76C2F> /usr/lib/libpartition2_dynamic.dylib
dyld[36744]: <50A785A8-C474-3A6D-A6CB-DFD2D0E93B43> /System/Library/PrivateFrameworks/AppleSauce.framework/Versions/A/AppleSauce
dyld[36744]: <4C0A66D2-B313-3A88-B438-3B2FBAFD7994> /usr/lib/libAppleArchive.dylib
dyld[36744]: <F8B99793-2A42-3B06-A92E-C84D8679459A> /usr/lib/libbz2.1.0.dylib
dyld[36744]: <87180846-15A0-3AE6-9375-8986922E7704> /System/Library/Frameworks/Accelerate.framework/Versions/A/Frameworks/vImage.framework/Versions/A/vImage
dyld[36744]: <F9DA17B8-BF0E-3D0E-8D51-8895A09E76CA> /System/Library/Frameworks/Accelerate.framework/Versions/A/Frameworks/vecLib.framework/Versions/A/vecLib
dyld[36744]: <E5B95953-1269-352C-B085-3BC6406E41D9> /System/Library/Frameworks/Accelerate.framework/Versions/A/Frameworks/vecLib.framework/Versions/A/libvMisc.dylib
dyld[36744]: <C127566F-507D-3087-8945-973441413016> /System/Library/Frameworks/Accelerate.framework/Versions/A/Frameworks/vImage.framework/Versions/A/Libraries/libCGInterfaces.dylib
dyld[36744]: <48BF39E9-074A-3BD8-80DD-DEB901859383> /System/Library/PrivateFrameworks/AccelerateGPU.framework/Versions/A/AccelerateGPU
dyld[36744]: <B8AEEB6D-A458-37C3-B22A-99C768B155EA> /System/Library/Frameworks/Accelerate.framework/Versions/A/Frameworks/vecLib.framework/Versions/A/libBLAS.dylib
dyld[36744]: <305A0A92-364D-3C8B-8BC4-DAE07A4E2918> /System/Library/Frameworks/ApplicationServices.framework/Versions/A/ApplicationServices
dyld[36744]: <9C44ABC3-19CD-32AB-A7AA-098813317900> /System/Library/Frameworks/CoreVideo.framework/Versions/A/CoreVideo
dyld[36744]: <96471F96-B3C6-3783-B8BB-17C1E48C46B7> /System/Library/Frameworks/ColorSync.framework/Versions/A/ColorSync
dyld[36744]: <22A4F922-8523-396D-AD9B-DA6FF15DA432> /System/Library/Frameworks/CoreText.framework/Versions/A/CoreText
dyld[36744]: <0CD49F9D-A8E2-303D-98A7-7E9602B00B90> /System/Library/Frameworks/ImageIO.framework/Versions/A/ImageIO
dyld[36744]: <63A93F8B-EBA5-37CF-A171-7B220B8C6A70> /System/Library/Frameworks/ApplicationServices.framework/Versions/A/Frameworks/ATS.framework/Versions/A/ATS
dyld[36744]: <0B0164B2-3069-3AF2-B2C5-8A5F1E81BFD6> /System/Library/Frameworks/ApplicationServices.framework/Versions/A/Frameworks/HIServices.framework/Versions/A/HIServices
dyld[36744]: <395625EB-39F6-392B-88CB-C8679C3A844C> /System/Library/Frameworks/ApplicationServices.framework/Versions/A/Frameworks/PrintCore.framework/Versions/A/PrintCore
dyld[36744]: <2CC38837-4DB6-3BBB-A3C9-75D083BD5C61> /System/Library/Frameworks/ApplicationServices.framework/Versions/A/Frameworks/QD.framework/Versions/A/QD
dyld[36744]: <7E09AC41-9944-3061-BC9A-23B6F977BE3A> /System/Library/Frameworks/ApplicationServices.framework/Versions/A/Frameworks/ColorSyncLegacy.framework/Versions/A/ColorSyncLegacy
dyld[36744]: <26B44C48-BC70-38A8-AAF1-7EC18393E11F> /System/Library/Frameworks/ApplicationServices.framework/Versions/A/Frameworks/SpeechSynthesis.framework/Versions/A/SpeechSynthesis
dyld[36744]: <898384F5-D43B-3BCA-8383-3039E80CFA6D> /System/Library/PrivateFrameworks/SkyLight.framework/Versions/A/SkyLight
dyld[36744]: <27A05596-EDE4-3576-B061-D68EB1B6CAD5> /System/Library/PrivateFrameworks/FontServices.framework/libFontParser.dylib
dyld[36744]: <0C76F3C5-CD3B-3837-BAEB-0226751512F6> /System/Library/PrivateFrameworks/BaseBoard.framework/Versions/A/BaseBoard
dyld[36744]: <35DD2B0B-E814-3C04-89AE-04EB53AB64B2> /System/Library/PrivateFrameworks/BoardServices.framework/Versions/A/BoardServices
dyld[36744]: <822C92A9-C200-3DF8-A48F-04F6FC444EA2> /System/Library/PrivateFrameworks/BackBoardServices.framework/Versions/A/BackBoardServices
dyld[36744]: <83EA7238-159B-3156-8F5D-D84E4D94FAD2> /System/Library/PrivateFrameworks/BackBoardHIDEventFoundation.framework/Versions/A/BackBoardHIDEventFoundation
dyld[36744]: <197CDF27-438E-3EB7-BC35-0C466CCF17CD> /System/Library/Frameworks/CoreDisplay.framework/Versions/A/CoreDisplay
dyld[36744]: <586DC60D-A727-38F7-9156-CC98E30F284D> /System/Library/Frameworks/VideoToolbox.framework/Versions/A/VideoToolbox
dyld[36744]: <7835C05F-D662-38A0-83A8-CA317D2C915B> /System/Library/Frameworks/MetalPerformanceShaders.framework/Versions/A/MetalPerformanceShaders
dyld[36744]: <3B0EC42B-483E-3B2E-9320-4CB6664A302B> /System/Library/PrivateFrameworks/ProDisplayLibrary.framework/Versions/A/ProDisplayLibrary
dyld[36744]: <A4FA1F92-D834-3716-89C5-F0B7C0609744> /System/Library/PrivateFrameworks/IOSurfaceAccelerator.framework/Versions/A/IOSurfaceAccelerator
dyld[36744]: <E62B6554-CA42-3D79-B048-C5F6DEFA20CC> /System/Library/Frameworks/Metal.framework/Versions/A/Metal
dyld[36744]: <61E0BB2C-2B28-3B5A-8548-B2C19521DCAD> /System/Library/PrivateFrameworks/IOAccelerator.framework/Versions/A/IOAccelerator
dyld[36744]: <8149A6D5-5D34-3DE8-9F49-0C13EBA54A00> /System/Library/Frameworks/CoreMedia.framework/Versions/A/CoreMedia
dyld[36744]: <312C79A8-E961-3646-8528-3FC190FAAEA3> /System/Library/PrivateFrameworks/TCC.framework/Versions/A/TCC
dyld[36744]: <C3A8BEDA-D443-3239-93BC-1F77D6307526> /System/Library/PrivateFrameworks/WatchdogClient.framework/Versions/A/WatchdogClient
dyld[36744]: <F1BA3189-E95A-3ECA-B59A-5A6872754484> /System/Library/Frameworks/QuartzCore.framework/Versions/A/QuartzCore
dyld[36744]: <9A09DE9B-0772-325A-BBA2-8164DAB189BE> /System/Library/PrivateFrameworks/MultitouchSupport.framework/Versions/A/MultitouchSupport
dyld[36744]: <DDA5A4B3-59E6-319C-8061-FEFD39ADC8C7> /usr/lib/swift/libswiftAccelerate.dylib
dyld[36744]: <EFBE5ADA-3929-35CF-988E-7AED8B7FDE51> /usr/lib/swift/libswiftCoreAudio.dylib
dyld[36744]: <D1491CD7-17C3-36DB-8775-211B2F22C80F> /usr/lib/swift/libswiftCoreMedia.dylib
dyld[36744]: <10BCDD43-C5E6-38BF-99CA-54B6AD7A3EEA> /usr/lib/swift/libswiftMetal.dylib
dyld[36744]: <57A2CE5E-DAC3-35D2-9BED-6188DF518B70> /usr/lib/swift/libswiftOSLog.dylib
dyld[36744]: <C348816E-C511-356C-830B-5F690FA3AA69> /usr/lib/swift/libswiftQuartzCore.dylib
dyld[36744]: <D02B3C6D-7F89-3910-B160-7339E13B7778> /usr/lib/swift/libswiftUniformTypeIdentifiers.dylib
dyld[36744]: <E0458D1A-E650-3E6B-99A1-1882CC4A159A> /usr/lib/swift/libswiftVideoToolbox.dylib
dyld[36744]: <F83F1836-73D8-3B30-A8C4-FED0DA5E8CEC> /usr/lib/swift/libswiftsimd.dylib
dyld[36744]: <9A1B7F95-CF13-3127-85D4-9AAF491AF821> /System/Library/PrivateFrameworks/BiomeStorage.framework/Versions/A/BiomeStorage
dyld[36744]: <5DA57389-B626-3B6E-89E3-C724B0468F10> /System/Library/PrivateFrameworks/IntelligencePlatformLibrary.framework/Versions/A/IntelligencePlatformLibrary
dyld[36744]: <2E3DEAB0-737E-3412-9437-32EDB3086EA3> /System/Library/PrivateFrameworks/PoirotSchematizer.framework/Versions/A/PoirotSchematizer
dyld[36744]: <6D9F3228-2B0C-36ED-B43E-BC4148212971> /System/Library/PrivateFrameworks/BiomeSync.framework/Versions/A/BiomeSync
dyld[36744]: <D25EE534-F145-3A91-B92E-2BBDE76BB0B1> /System/Library/PrivateFrameworks/BiomeDSL.framework/Versions/A/BiomeDSL
dyld[36744]: <BC98F8FE-E39A-31DC-B2BB-F129D1352E1E> /System/Library/PrivateFrameworks/FeatureFlags.framework/Versions/A/FeatureFlags
dyld[36744]: <4B0C858E-68AE-32CF-8F62-B44B1838BBB6> /System/Library/PrivateFrameworks/PoirotUDFs.framework/Versions/A/PoirotUDFs
dyld[36744]: <866DBB51-99DA-38A9-A712-4E26BB5A5CE0> /usr/lib/swift/libswift_DarwinFoundation2.dylib
dyld[36744]: <995CB65C-A58D-38B3-A271-917FDB9F8C57> /usr/lib/swift/libswift_DarwinFoundation3.dylib
dyld[36744]: <89179061-46AF-3E0C-8F03-FF9F5ACEE211> /System/Library/PrivateFrameworks/CoreTime.framework/Versions/A/CoreTime
dyld[36744]: <2D429111-B58B-365E-8D8D-68DA82D20589> /usr/lib/libiconv.2.dylib
dyld[36744]: <7704B548-DB2D-3468-B301-82E8F026DDCE> /usr/lib/libcharset.1.dylib
dyld[36744]: <07B78F81-0131-32DA-9961-316C1C248338> /System/Library/PrivateFrameworks/PoirotSQLite.framework/Versions/A/PoirotSQLite
dyld[36744]: <6BA1B88C-B16D-3296-9322-F98613487F18> /usr/lib/swift/libswift_RegexParser.dylib
dyld[36744]: <327752A7-9364-352C-B3FD-79457DC3145C> /System/Library/PrivateFrameworks/CascadeSets.framework/Versions/A/CascadeSets
dyld[36744]: <39D6BD21-AFD7-3068-B747-B94A5D9F1C27> /System/Library/PrivateFrameworks/CorePhoneNumbers.framework/Versions/A/CorePhoneNumbers
dyld[36744]: <72E56855-8FE6-3262-9A11-B2F475119A93> /System/Library/PrivateFrameworks/AppleJPEG.framework/Versions/A/AppleJPEG
dyld[36744]: <6D02979F-089C-3FF7-B3EA-939E8810EDE7> /usr/lib/libexpat.1.dylib
dyld[36744]: <5855ECAC-2298-3B0A-A859-9E643E12010D> /System/Library/Frameworks/ImageIO.framework/Versions/A/Resources/libPng.dylib
dyld[36744]: <2E5FD6A0-0646-3F84-84A8-09F2BD58C56D> /System/Library/Frameworks/ImageIO.framework/Versions/A/Resources/libTIFF.dylib
dyld[36744]: <A4D144D0-C3D8-3BB6-962F-FDBC6DACC105> /System/Library/Frameworks/ImageIO.framework/Versions/A/Resources/libGIF.dylib
dyld[36744]: <FCBA3CD1-64C8-3BE1-AB50-450070167FA3> /System/Library/Frameworks/ImageIO.framework/Versions/A/Resources/libJP2.dylib
dyld[36744]: <8331A311-1C3F-37E5-A6FB-74FEB6D31D57> /usr/lib/libate.dylib
dyld[36744]: <30EA44B1-2A44-3415-A1B6-DD0ED2B7B306> /System/Library/Frameworks/ImageIO.framework/Versions/A/Resources/libJPEG.dylib
dyld[36744]: <2C186C82-66E0-369C-B2D4-1815FAB8AFB3> /System/Library/Frameworks/ImageIO.framework/Versions/A/Resources/libRadiance.dylib
dyld[36744]: <0E239D6E-4F69-3A3C-8F10-207AB9E53626> /System/Library/PrivateFrameworks/GPUCompiler.framework/Versions/32023/Libraries/libllvm-flatbuffers.dylib
dyld[36744]: <E0E4527F-02A1-3B8E-BC59-50596B14C725> /System/Library/PrivateFrameworks/FramePacing.framework/Versions/A/FramePacing
dyld[36744]: <A7E06810-96A7-320B-90FF-41FEC8996481> /System/Library/Frameworks/OpenGL.framework/Versions/A/Libraries/libCoreFSCache.dylib
dyld[36744]: <54727168-9032-3AF7-B571-3A52A508B761> /System/Library/PrivateFrameworks/GPUCompiler.framework/Versions/32023/Libraries/libGPUCompilerUtils.dylib
dyld[36744]: <3877C6C1-2A1C-3971-A39B-BFBCBD2316E4> /System/Library/PrivateFrameworks/GraphicsServices.framework/Versions/A/GraphicsServices
dyld[36744]: <4441E600-26A0-3A7E-A20A-4A4F239AA0D0> /System/Library/Frameworks/OpenGL.framework/Versions/A/OpenGL
dyld[36744]: <D7A8D43B-01FB-363F-9E04-E3AE9712247B> /System/Library/Frameworks/OpenGL.framework/Versions/A/Libraries/libGLU.dylib
dyld[36744]: <82D99F0A-0AE0-3187-AED3-F8EA8602892E> /System/Library/Frameworks/OpenGL.framework/Versions/A/Libraries/libGFXShared.dylib
dyld[36744]: <0467762E-9A84-3C53-B0F4-CA179E29A8CE> /System/Library/Frameworks/OpenGL.framework/Versions/A/Libraries/libGL.dylib
dyld[36744]: <CF163ACB-2E12-3036-AFBE-AAEC42E32A95> /System/Library/Frameworks/OpenGL.framework/Versions/A/Libraries/libGLImage.dylib
dyld[36744]: <DCF9371C-4D04-3524-B0A0-0E0A93183BFB> /System/Library/Frameworks/OpenGL.framework/Versions/A/Libraries/libCVMSPluginSupport.dylib
dyld[36744]: <9879D439-C0AD-3A93-9050-4C0AE6C7DD07> /System/Library/Frameworks/OpenGL.framework/Versions/A/Libraries/libCoreVMClient.dylib
dyld[36744]: <FB88FA95-68C1-3573-B8A4-815488BDA4E6> /System/Library/PrivateFrameworks/GPUWrangler.framework/Versions/A/GPUWrangler
dyld[36744]: <60E38601-35DB-3D90-80C0-BB19848CFED7> /System/Library/PrivateFrameworks/IOPresentment.framework/Versions/A/IOPresentment
dyld[36744]: <F5D64A73-D6D9-380E-BF44-10544E2465B6> /System/Library/PrivateFrameworks/DSExternalDisplay.framework/Versions/A/DSExternalDisplay
dyld[36744]: <9FD68D8C-8D94-32D2-A41C-97A66C2E4BB6> /System/Library/PrivateFrameworks/VideoToolboxParavirtualizationSupport.framework/Versions/A/VideoToolboxParavirtualizationSupport
dyld[36744]: <7EB7686D-74B9-385B-A60F-25F9C97AD46B> /System/Library/PrivateFrameworks/AppleVA.framework/Versions/A/AppleVA
dyld[36744]: <1E88A46B-6D6B-3648-968B-01532612E28C> /System/Library/Frameworks/ExtensionFoundation.framework/Versions/A/ExtensionFoundation
dyld[36744]: <7AEF5F35-87FB-36B6-9347-BFB7DE09B133> /System/Library/PrivateFrameworks/CMCaptureCore.framework/Versions/A/CMCaptureCore
dyld[36744]: <866F4ACD-D94B-3BD7-8B90-573A51A8CEDF> /usr/lib/libspindump.dylib
dyld[36744]: <2E3313F7-C583-3D6C-A88B-37AF8B4C56F0> /System/Library/Frameworks/CoreAudio.framework/Versions/A/CoreAudio
dyld[36744]: <D54F06FB-C477-3A05-9C9F-A02CF013F926> /System/Library/PrivateFrameworks/AppServerSupport.framework/Versions/A/AppServerSupport
dyld[36744]: <8BDF1C32-455B-3FEF-A6E4-ECD49074CA07> /System/Library/PrivateFrameworks/perfdata.framework/Versions/A/perfdata
dyld[36744]: <71BD1CD7-CD33-3689-9EFF-12FAD75B97E5> /System/Library/PrivateFrameworks/AudioDSPGraph.framework/Versions/A/AudioDSPGraph
dyld[36744]: <668AAB07-F503-3EB4-A382-F01FB60269FB> /System/Library/PrivateFrameworks/AudioToolboxCore.framework/Versions/A/AudioToolboxCore
dyld[36744]: <725DE236-E4BB-34E0-A155-46A974629A81> /System/Library/PrivateFrameworks/caulk.framework/Versions/A/caulk
dyld[36744]: <573E42C2-BB6F-3E6C-BA4C-A7689728B174> /usr/lib/libAudioStatistics.dylib
dyld[36744]: <99C955D1-07A3-3FE9-922A-BC678E2EA454> /System/Library/PrivateFrameworks/SystemPolicy.framework/Versions/A/SystemPolicy
dyld[36744]: <08EEC0C2-F56C-3BB9-992A-160E5AAAEB56> /usr/lib/libSMC.dylib
dyld[36744]: <5491E4A8-56A3-3EBC-AC8E-B2D69CB34E32> /usr/lib/swift/libswiftCoreMIDI.dylib
dyld[36744]: <29F750A3-0A23-3C21-8C79-4A2D22F7BE8B> /System/Library/Frameworks/CoreMIDI.framework/Versions/A/CoreMIDI
dyld[36744]: <E83E83E4-F6D9-36B1-A7C8-1391F6E5D4E7> /usr/lib/libAudioToolboxUtility.dylib
dyld[36744]: <0D2BC538-CE70-3EFD-B277-6B12CEED8EC7> /usr/lib/libperfcheck.dylib
dyld[36744]: <AAD9FBE3-5777-3ED9-930F-1B5F492CDFA6> /System/Library/PrivateFrameworks/AudioAnalytics.framework/Versions/A/AudioAnalytics
dyld[36744]: <BFBCF2EC-4BC5-3941-AE6B-3F5BEF2C2296> /System/Library/Frameworks/OSLog.framework/Versions/A/OSLog
dyld[36744]: <C6FCA282-6ABB-38D2-9683-C6A229CCD92B> /System/Library/PrivateFrameworks/OSEligibility.framework/Versions/A/OSEligibility
dyld[36744]: <D170449C-D007-358E-A189-0CAA6CF8D01F> /System/Library/PrivateFrameworks/IconServices.framework/Versions/A/IconServices
dyld[36744]: <FAF6A95A-EDAC-3CEF-AE8A-44C9A4C12AA2> /System/Library/Frameworks/LightweightCodeRequirements.framework/Versions/A/LightweightCodeRequirements
dyld[36744]: <0F0E3B26-14CC-3248-B8FC-F55458E643C1> /System/Library/PrivateFrameworks/PlugInKit.framework/Versions/A/PlugInKit
dyld[36744]: <5F47F3F1-ADF5-35A7-8ADF-9C850F05C96E> /System/Library/PrivateFrameworks/AssertionServices.framework/Versions/A/AssertionServices
dyld[36744]: <4575E49F-BCA8-34CC-8027-BCE51ACDB678> /System/Library/PrivateFrameworks/IconFoundation.framework/Versions/A/IconFoundation
dyld[36744]: <55C4846B-FB15-31BB-81A1-FE1EE773650D> /System/Library/PrivateFrameworks/AssistantServices.framework/Versions/A/AssistantServices
dyld[36744]: <F4165CF9-0759-306E-8253-D5A316F8C87C> /System/Library/PrivateFrameworks/IconRendering.framework/Versions/A/IconRendering
dyld[36744]: <4866A12C-9F52-3ECE-A0C4-55F9E0FD065C> /System/Library/PrivateFrameworks/CoreUI.framework/Versions/A/CoreUI
dyld[36744]: <0B0C1F98-570E-38B6-A749-5A2239DCB0B7> /System/Library/Frameworks/CoreImage.framework/Versions/A/CoreImage
dyld[36744]: <262D0D2A-7A75-3343-AEB9-1294F6DC8118> /System/Library/PrivateFrameworks/SFSymbols.framework/Versions/A/SFSymbols
dyld[36744]: <CB99B5A9-3254-3174-A216-CCE7299B7E49> /System/Library/Frameworks/DeveloperToolsSupport.framework/Versions/A/DeveloperToolsSupport
dyld[36744]: <F7ECFEE8-BD23-380C-B96F-D1C588B8E735> /System/Library/PrivateFrameworks/RenderBox.framework/Versions/A/RenderBox
dyld[36744]: <3F803C87-C3A7-3DF6-B51B-8AADBFEC915C> /System/Library/PrivateFrameworks/CoreSVG.framework/Versions/A/CoreSVG
dyld[36744]: <2EA07A48-1ADC-3A77-9A3A-596142804F26> /System/Library/PrivateFrameworks/TextureIO.framework/Versions/A/TextureIO
dyld[36744]: <804A03E9-5942-312F-A1AA-8638FD385C1C> /usr/lib/swift/libswiftCoreImage.dylib
dyld[36744]: <BCE53558-0DC1-3670-8AD8-00315C2C7A8B> /System/Library/PrivateFrameworks/GraphVisualizer.framework/Versions/A/GraphVisualizer
dyld[36744]: <76B6A89A-771D-3946-8628-2DECF6188233> /System/Library/PrivateFrameworks/FontServices.framework/Versions/A/FontServices
dyld[36744]: <3CBB2906-8FEF-300A-8F84-1A61263AAB2C> /System/Library/PrivateFrameworks/OTSVG.framework/Versions/A/OTSVG
dyld[36744]: <2E43B513-D03C-3AE1-81C4-7B2ADBB6369E> /System/Library/Frameworks/ApplicationServices.framework/Versions/A/Frameworks/ATS.framework/Versions/A/Resources/libFontRegistry.dylib
dyld[36744]: <D0AD39A1-B981-345D-A8AE-F4DD33ACD224> /usr/lib/libhvf.dylib
dyld[36744]: <DC0A782B-37B2-3DB2-929B-C355C657DBA0> /System/Library/PrivateFrameworks/ParsingInternal.framework/Versions/A/ParsingInternal
dyld[36744]: <749892C3-5510-33F1-A268-8C2EBCAA0F35> /System/Library/PrivateFrameworks/FontServices.framework/libXTFontStaticRegistryData.dylib
dyld[36744]: <1C8768D1-ADC9-32F8-9B19-75F5B361342C> /System/Library/Frameworks/MetalPerformanceShaders.framework/Versions/A/Frameworks/MPSCore.framework/Versions/A/MPSCore
dyld[36744]: <C36504AE-AF4B-3BBB-B4C4-2AF4E3180B9C> /System/Library/Frameworks/MetalPerformanceShaders.framework/Versions/A/Frameworks/MPSImage.framework/Versions/A/MPSImage
dyld[36744]: <16ECC4C3-132A-3566-BA81-3A9857E6ECA3> /System/Library/Frameworks/MetalPerformanceShaders.framework/Versions/A/Frameworks/MPSNeuralNetwork.framework/Versions/A/MPSNeuralNetwork
dyld[36744]: <306ACCB4-2F1F-3292-87FD-0E65488119D9> /System/Library/Frameworks/MetalPerformanceShaders.framework/Versions/A/Frameworks/MPSMatrix.framework/Versions/A/MPSMatrix
dyld[36744]: <E53B1901-AED1-3258-9EBD-06F0A617F8CC> /System/Library/Frameworks/MetalPerformanceShaders.framework/Versions/A/Frameworks/MPSRayIntersector.framework/Versions/A/MPSRayIntersector
dyld[36744]: <EE7ACF8A-08BA-38FB-BAF9-A041B5C1647F> /System/Library/Frameworks/MetalPerformanceShaders.framework/Versions/A/Frameworks/MPSNDArray.framework/Versions/A/MPSNDArray
dyld[36744]: <BF31F15F-31CD-395D-AC73-4184B3B369BA> /System/Library/Frameworks/MetalPerformanceShaders.framework/Versions/A/Frameworks/MPSFunctions.framework/Versions/A/MPSFunctions
dyld[36744]: <64E0C8EB-73F2-3B9F-BA62-5011816127E5> /System/Library/Frameworks/MetalPerformanceShaders.framework/Versions/A/Frameworks/MPSBenchmarkLoop.framework/Versions/A/MPSBenchmarkLoop
dyld[36744]: <017CF55F-3554-395F-96CE-3162C11DF459> /System/Library/Frameworks/MetalPerformanceShaders.framework/Versions/A/Frameworks/MPSHost.framework/Versions/A/MPSHost
dyld[36744]: <828164D8-1D9C-3284-BEB6-94E4A14D789F> /System/Library/PrivateFrameworks/MetalTools.framework/Versions/A/MetalTools
dyld[36744]: <818ED21F-78B0-35A6-8759-A7ECABF2BFC8> /System/Library/PrivateFrameworks/IOAccelMemoryInfo.framework/Versions/A/IOAccelMemoryInfo
dyld[36744]: <983D9B3D-E395-3028-A6C5-53A3A18B6604> /System/Library/PrivateFrameworks/kperf.framework/Versions/A/kperf
dyld[36744]: <F8E5C533-6122-3B5D-B88A-A47C32109A9A> /System/Library/PrivateFrameworks/GPURawCounter.framework/Versions/A/GPURawCounter
dyld[36744]: <1DB46CCA-B13C-3959-BC00-924F576CB767> /System/Library/PrivateFrameworks/ASEProcessing.framework/Versions/A/ASEProcessing
dyld[36744]: <4102CB7D-49E9-345A-A779-3AE810B87268> /System/Library/PrivateFrameworks/Symbolication.framework/Versions/A/Symbolication
dyld[36744]: <1D4A69BF-58CF-3D49-A5FE-060A6882656F> /System/Library/PrivateFrameworks/PhotosensitivityProcessing.framework/Versions/A/PhotosensitivityProcessing
dyld[36744]: <AE03A46C-9FB6-374D-B37E-9718D375A651> /System/Library/PrivateFrameworks/SILManager.framework/Versions/A/SILManager
dyld[36744]: <330E7EFA-BC89-312E-BCB8-7B1DF5D9DE3A> /System/Library/PrivateFrameworks/CoreSymbolication.framework/Versions/A/CoreSymbolication
dyld[36744]: <8719F16D-7F55-3975-998C-06005D5DDC68> /System/Library/PrivateFrameworks/MallocStackLogging.framework/Versions/A/MallocStackLogging
dyld[36744]: <9B8E1A80-3FE3-39C1-A2FD-47BA6DFA959D> /System/Library/PrivateFrameworks/DebugSymbols.framework/Versions/A/DebugSymbols
dyld[36744]: <D89BF7AA-5A74-3F60-B20C-8250BD62F6B4> /System/Library/PrivateFrameworks/OSAnalytics.framework/Versions/A/OSAnalytics
dyld[36744]: <34A24CD5-073C-3E55-8D5F-83818DFCB057> /System/Library/PrivateFrameworks/DeviceRecovery.framework/Versions/A/DeviceRecovery
dyld[36744]: <5BD8491A-8C15-3964-9B0F-B1C9369DC3FC> /System/Library/PrivateFrameworks/Tightbeam.framework/Versions/A/Tightbeam
dyld[36744]: <B5EAFB22-7AE0-343B-95BB-7BB58955A702> /usr/lib/swift/libswiftCompression.dylib
dyld[36744]: <5F0A0B0B-7997-351F-99D8-0517689BBABD> /System/Library/PrivateFrameworks/AFKUser.framework/Versions/A/AFKUser
dyld[36744]: <CA3F2D29-2FCB-3DF4-ADA9-94072A8A6CBD> /System/Library/Frameworks/ApplicationServices.framework/Versions/A/Frameworks/ATSUI.framework/Versions/A/ATSUI
dyld[36744]: <85AB42E3-076F-3B68-ACCF-98625AA5E3D9> /System/Library/PrivateFrameworks/SAObjects.framework/Versions/A/SAObjects
dyld[36744]: <A329E39B-D87D-356B-AA05-3A30CC0DBEEF> /System/Library/Frameworks/AudioToolbox.framework/Versions/A/AudioToolbox
dyld[36744]: <459BA19D-9D3F-32BB-9BE4-176D95B85BCF> /System/Library/PrivateFrameworks/MediaRemote.framework/Versions/A/MediaRemote
dyld[36744]: <DCCDD83A-C276-3DD3-8F2E-6D3B899BB586> /System/Library/Frameworks/UserNotifications.framework/Versions/A/UserNotifications
dyld[36744]: <F12A1855-5F99-3D8A-AA13-23CA64268CD7> /System/Library/PrivateFrameworks/SiriInstrumentation.framework/Versions/A/SiriInstrumentation
dyld[36744]: <10891579-226D-3750-91A9-D98D111EA3BA> /System/Library/PrivateFrameworks/SiriAnalytics.framework/Versions/A/SiriAnalytics
dyld[36744]: <0C21B87C-6478-362B-AF45-D3A1D4A83FCF> /System/Library/PrivateFrameworks/SiriTTSService.framework/Versions/A/SiriTTSService
dyld[36744]: <5D8E0ADB-8A76-34C1-92D6-AF35C7EA73CF> /System/Library/PrivateFrameworks/SiriCrossDeviceArbitration.framework/Versions/A/SiriCrossDeviceArbitration
dyld[36744]: <784C4442-B822-3412-AF09-A1E753DDFFA3> /System/Library/PrivateFrameworks/FeedbackLogger.framework/Versions/A/FeedbackLogger
dyld[36744]: <760531A3-5E19-39C5-84B1-A445B2A50129> /System/Library/PrivateFrameworks/FaceTimeNameUtility.framework/Versions/A/FaceTimeNameUtility
dyld[36744]: <033D0C7B-216E-3D54-AD8C-B83BDE9B4F2D> /System/Library/PrivateFrameworks/AuthKit.framework/Versions/A/AuthKit
dyld[36744]: <D04C8621-DE39-35FD-9351-1627B71F02DC> /System/Library/PrivateFrameworks/SiriCrossDeviceArbitrationFeedback.framework/Versions/A/SiriCrossDeviceArbitrationFeedback
dyld[36744]: <E410F3F8-843C-3FCA-968C-3C864D829AF2> /usr/lib/swift/libswiftCoreLocation.dylib
dyld[36744]: <373189AA-6180-34D7-BA84-6BE401E4E1B9> /usr/lib/swift/libswiftAVFoundation.dylib
dyld[36744]: <3E7267BC-3D63-3785-8279-A8823C9C758F> /System/Library/PrivateFrameworks/UIKitServices.framework/Versions/A/UIKitServices
dyld[36744]: <83745C57-DE3B-394D-A83A-D71C79F3A8B9> /System/Library/PrivateFrameworks/UnifiedAssetFramework.framework/Versions/A/UnifiedAssetFramework
dyld[36744]: <5FEF75E9-F1DD-3FA9-A8B0-81277371B8FC> /System/Library/PrivateFrameworks/AudioSession.framework/Versions/A/AudioSession
dyld[36744]: <FA90EFCA-B936-357B-BF18-16A0FB34B9E9> /System/Library/PrivateFrameworks/MediaExperience.framework/Versions/A/MediaExperience
dyld[36744]: <BBC3CD71-264B-3C66-A2C0-5D4D266256EA> /System/Library/PrivateFrameworks/AudioSession.framework/libSessionUtility.dylib
dyld[36744]: <DD4B10E2-D4D6-3490-A745-33527E18CAAA> /System/Library/PrivateFrameworks/AudioAccessoryServices.framework/Versions/A/AudioAccessoryServices
dyld[36744]: <E3CE1636-EE20-35AF-B55A-F42B7B266EA4> /System/Library/Frameworks/CoreBluetooth.framework/Versions/A/CoreBluetooth
dyld[36744]: <51458515-C89E-317A-850D-182764F322EE> /System/Library/PrivateFrameworks/CoreUtils.framework/Versions/A/CoreUtils
dyld[36744]: <C9A86813-25EE-3439-8F66-A83F1A5015EC> /System/Library/PrivateFrameworks/HID.framework/Versions/A/HID
dyld[36744]: <F1FB23C7-7BB9-3B7C-87A2-7CA7F343ED61> /System/Library/PrivateFrameworks/Sharing.framework/Versions/A/Sharing
dyld[36744]: <D18AF20A-1BF0-383C-9E97-96CDCECE07A7> /System/Library/PrivateFrameworks/CoreUtilsExtras.framework/Versions/A/CoreUtilsExtras
dyld[36744]: <5A300AF2-96D7-3A85-ACA6-9084A7C40C6D> /System/Library/PrivateFrameworks/IO80211.framework/Versions/A/IO80211
dyld[36744]: <963A1CA0-DEBD-3341-81A2-DB5B34283C7B> /System/Library/PrivateFrameworks/IDSFoundation.framework/Versions/A/IDSFoundation
dyld[36744]: <8F99AE0B-A693-349F-8904-B70ECB1C86AA> /System/Library/PrivateFrameworks/Apple80211.framework/Versions/A/Apple80211
dyld[36744]: <9C05D8FD-3F10-3476-8A3C-501966EA13D2> /System/Library/Frameworks/CoreWLAN.framework/Versions/A/CoreWLAN
dyld[36744]: <604B1733-3682-3AF6-9F07-C85C999F3131> /System/Library/Frameworks/IOBluetooth.framework/Versions/A/IOBluetooth
dyld[36744]: <F11740D9-FE8D-38B3-99A9-666EE022F7A7> /usr/lib/swift/libswiftRegexBuilder.dylib
dyld[36744]: <1F2E4950-8060-35D0-B598-D2196F2728B3> /System/Library/PrivateFrameworks/IMFoundation.framework/Versions/A/IMFoundation
dyld[36744]: <462A888C-46C7-324A-8A18-4053C6CB2961> /System/Library/PrivateFrameworks/Marco.framework/Versions/A/Marco
dyld[36744]: <736A1792-0123-3722-822B-495B27044953> /System/Library/PrivateFrameworks/CommonUtilities.framework/Versions/A/CommonUtilities
dyld[36744]: <E78D4693-B886-3DE1-A029-497B47261DA3> /System/Library/PrivateFrameworks/Engram.framework/Versions/A/Engram
dyld[36744]: <1ACD9883-DEC9-3AF0-9E28-B11F4E1DC3F9> /System/Library/PrivateFrameworks/XPCDistributed.framework/Versions/A/XPCDistributed
dyld[36744]: <AFE528E7-451E-3EE9-8E02-7693A2C391B9> /usr/lib/libtidy.A.dylib
dyld[36744]: <C579F691-0120-3BEC-9993-E3CD5F7105A3> /System/Library/PrivateFrameworks/Bom.framework/Versions/A/Bom
dyld[36744]: <82153ECE-36A2-3514-87DE-3B8A53E96727> /usr/lib/libParallelCompression.dylib
dyld[36744]: <68CCF67B-1C66-30C0-9135-00BA5B75586F> /usr/lib/libIOReport.dylib
dyld[36744]: <0D7C76A0-047B-398E-B2A8-FD4705F72E5D> /System/Library/PrivateFrameworks/WiFiPeerToPeer.framework/Versions/A/WiFiPeerToPeer
dyld[36744]: <E5FF4EE4-5A8B-3CBA-BA37-3FE6C7012B0D> /System/Library/Frameworks/SecurityFoundation.framework/Versions/A/SecurityFoundation
dyld[36744]: <E2954A31-B31C-3C9B-A7F9-12CAEC0D1D4E> /System/Library/PrivateFrameworks/Centauri.framework/Versions/A/Centauri
dyld[36744]: <65CFA8A7-E7D2-383A-9C47-D2AF8A46AA22> /System/Library/PrivateFrameworks/Lexicon.framework/Versions/A/Lexicon
dyld[36744]: <188D929F-E81D-3922-BCB4-8D34B4E75EA7> /usr/lib/libmrc.dylib
dyld[36744]: <783A3989-84DE-3340-9292-052A10B7DAD7> /System/Library/PrivateFrameworks/IPConfiguration.framework/Versions/A/IPConfiguration
dyld[36744]: <ECFD5323-6A6A-3231-B90E-57E1332B0122> /System/Library/PrivateFrameworks/Netrb.framework/Versions/A/Netrb
dyld[36744]: <A34C688D-A13A-3625-934C-801A13990594> /System/Library/PrivateFrameworks/FrontBoardServices.framework/Versions/A/FrontBoardServices
dyld[36744]: <604E97FC-C938-306C-9DBB-36B10AFFBA39> /usr/lib/libgermantok.dylib
dyld[36744]: <B5E076A6-50D6-3B48-AACD-E1FC575BDCEE> /System/Library/PrivateFrameworks/LinguisticData.framework/Versions/A/LinguisticData
dyld[36744]: <7EDD9E23-5D91-344A-812B-CFD814180C55> /System/Library/PrivateFrameworks/MultiverseSupport.framework/Versions/A/MultiverseSupport
dyld[36744]: <1AFFCA76-E71A-385E-A3C8-968CDBE9E57D> /System/Library/PrivateFrameworks/DiskManagement.framework/Versions/A/DiskManagement
dyld[36744]: <4B693927-5B0A-364E-BC11-F560B1D707FE> /System/Library/PrivateFrameworks/AppleIDAuthSupport.framework/Versions/A/AppleIDAuthSupport
dyld[36744]: <0E5752E3-313E-3B50-9FB4-DB13FECB0BD7> /System/Library/PrivateFrameworks/AAAFoundation.framework/Versions/A/AAAFoundation
dyld[36744]: <B9966194-B1A6-3ED2-98C9-0D4B49D2617E> /System/Library/PrivateFrameworks/KeychainCircle.framework/Versions/A/KeychainCircle
dyld[36744]: <5ED2FD61-010A-3627-92E8-151E71B739D8> /System/Library/PrivateFrameworks/URLFormatting.framework/Versions/A/URLFormatting
dyld[36744]: <7EE79F42-1420-301B-A9FF-2A63A4023C91> /usr/lib/libcsfde.dylib
dyld[36744]: <AA8EDD1F-E406-3164-9FB9-BB0C61256AFF> /usr/lib/libCoreStorage.dylib
dyld[36744]: <80627B52-C5CE-3DC4-A12D-D15FE46A62BA> /System/Library/PrivateFrameworks/MediaKit.framework/Versions/A/MediaKit
dyld[36744]: <4C6BBB60-2884-3DC8-9FCB-472BCD087D84> /System/Library/Frameworks/DiscRecording.framework/Versions/A/DiscRecording
dyld[36744]: <96666EFB-8A3D-30BB-950A-9DDC1DB3F59D> /System/Library/PrivateFrameworks/ProtectedCloudStorage.framework/Versions/A/ProtectedCloudStorage
dyld[36744]: <1E0D7C92-7F70-34BE-9D61-9F7F4781EBE4> /System/Library/PrivateFrameworks/EFILogin.framework/Versions/A/EFILogin
dyld[36744]: <E1A205BF-B3FB-31BF-8685-6D46BA78891E> /usr/lib/libheimdal-asn1.dylib
dyld[36744]: <E2BDB12D-C844-3770-9411-0E35049ECB5E> /System/Library/PrivateFrameworks/OctagonTrust.framework/Versions/A/OctagonTrust
dyld[36744]: <2DF001A3-1D2B-3847-A2FC-79104BDC0783> /System/Library/Frameworks/AudioUnit.framework/Versions/A/AudioUnit
dyld[36744]: <EE42062E-8EDF-332C-98C1-03464732CA4A> /System/Library/Frameworks/OpenDirectory.framework/Versions/A/OpenDirectory
dyld[36744]: <90CA166B-D72F-3584-BF0B-8797CFFA959E> /System/Library/Frameworks/OpenDirectory.framework/Versions/A/Frameworks/CFOpenDirectory.framework/Versions/A/CFOpenDirectory
dyld[36744]: <40753222-0047-3DE4-954C-5879C584A975> /System/Library/PrivateFrameworks/GeoServices.framework/Versions/A/GeoServices
dyld[36744]: <FDD11407-B7F3-331B-B53D-32081A2D1AED> /System/Library/PrivateFrameworks/LocationSupport.framework/Versions/A/LocationSupport
dyld[36744]: <23D11648-1076-3BD7-BFD5-CA4A6B9AE066> /System/Library/PrivateFrameworks/GeoServicesCore.framework/Versions/A/GeoServicesCore
dyld[36744]: <524F80A2-1ACD-3FA7-9D74-1F47697294EB> /System/Library/PrivateFrameworks/PhoneNumbers.framework/Versions/A/PhoneNumbers
dyld[36744]: <2A2AE353-0BCE-3AF5-8C2B-1B5F1F0656E7> /System/Library/PrivateFrameworks/LocationLogEncryption.framework/Versions/A/LocationLogEncryption
dyld[36744]: <CF6E08AD-C2EC-3A40-8537-0D2BDA291D31> /System/Library/Frameworks/AVFAudio.framework/Versions/A/AVFAudio
dyld[36744]: <7924633C-6200-3B69-884D-A6E5527CA4B5> /System/Library/Frameworks/AVRouting.framework/Versions/A/AVRouting
dyld[36744]: <2FFD2C50-D8C7-3D4F-AB17-10C8DDD4ECC0> /usr/lib/libAccessibility.dylib
dyld[36744]: <E47B5590-4F10-352D-806F-E1FAACE16809> /System/Library/PrivateFrameworks/MediaServices.framework/Versions/A/MediaServices
dyld[36744]: <1F5A6198-4F24-3980-A96A-DA16430B882B> /System/Library/PrivateFrameworks/IDS.framework/Versions/A/IDS
dyld[36744]: <4228A6FB-1852-34DA-A9A6-9B22346DC839> /System/Library/PrivateFrameworks/IsolatedCoreAudioClient.framework/Versions/A/IsolatedCoreAudioClient
dyld[36744]: <9B662466-E585-34C6-9A2F-38F865966314> /System/Library/PrivateFrameworks/CoreAudioOrchestration.framework/Versions/A/CoreAudioOrchestration
dyld[36744]: <BE8AD136-C9D0-3589-A37D-4A93E7646FC5> /System/Library/Frameworks/MediaToolbox.framework/Versions/A/MediaToolbox
dyld[36744]: <C024D081-EF4D-347B-B00F-08CE310BC6E6> /System/Library/PrivateFrameworks/CoreAVCHD.framework/Versions/A/CoreAVCHD
dyld[36744]: <544DDE9D-EF38-3D98-B16A-00361208DABA> /System/Library/Frameworks/MediaAccessibility.framework/Versions/A/MediaAccessibility
dyld[36744]: <1845678B-2A2E-3D8F-B05E-3D5054E40973> /System/Library/PrivateFrameworks/Mangrove.framework/Versions/A/Mangrove
dyld[36744]: <83720246-3181-37EB-AE16-01967CC80DAF> /System/Library/PrivateFrameworks/CMPhoto.framework/Versions/A/CMPhoto
dyld[36744]: <C6CCE499-C57B-3499-8BBF-B1F036A037F3> /System/Library/Frameworks/CoreTelephony.framework/Versions/A/CoreTelephony
dyld[36744]: <7C1C3A7F-6247-33D2-B4B8-375AA417817E> /System/Library/PrivateFrameworks/CoreAUC.framework/Versions/A/CoreAUC
dyld[36744]: <BF6FC404-E3BB-3740-896C-B7BF4193B547> /System/Library/PrivateFrameworks/AppleJPEGXL.framework/Versions/A/AppleJPEGXL
dyld[36744]: <3AD5EDAE-8A75-3E29-AA40-63912718CEC9> /usr/lib/libTelephonyUtilDynamic.dylib
dyld[36744]: <8A415D0E-18E7-3C99-B89D-14805F500FB0> /System/Library/Frameworks/CryptoKit.framework/Versions/A/CryptoKit
dyld[36744]: <73EA0865-BCC3-3084-A011-93CD0A55C4EF> /System/Library/PrivateFrameworks/CryptoKitCBridging.framework/Versions/A/CryptoKitCBridging
dyld[36744]: <B214381B-F0CF-3F0E-B2B5-187CBF29616F> /System/Library/Frameworks/CryptoTokenKit.framework/Versions/A/CryptoTokenKit
dyld[36744]: <A68DE487-B65B-390A-A82B-6B62956B353F> /System/Library/Frameworks/LocalAuthentication.framework/Versions/A/LocalAuthentication
dyld[36744]: <53C1AF34-43D2-3DAA-9062-D295F72BFDF3> /System/Library/PrivateFrameworks/LocalAuthenticationCore.framework/Versions/A/LocalAuthenticationCore
dyld[36744]: <251AA620-1546-3DF5-8EFF-B9F9463112D0> /System/Library/PrivateFrameworks/LocalAuthenticationCredentialServices.framework/Versions/A/LocalAuthenticationCredentialServices
dyld[36744]: <957A2E58-89EE-36DE-9213-2E23DB420C7F> /System/Library/Frameworks/LocalAuthentication.framework/Support/SharedUtils.framework/Versions/A/SharedUtils
dyld[36744]: <8A83CAEF-70FC-39B2-A1C9-F312BD81B8D5> /System/Library/PrivateFrameworks/PersistentConnection.framework/Versions/A/PersistentConnection
dyld[36744]: <DA5DF9EF-9649-3931-B1CF-606D0B1A2BE5> /System/Library/PrivateFrameworks/SonicFoundation.framework/Versions/A/SonicFoundation
dyld[36744]: <9F9CDD5B-1D43-3CF4-8B88-4938A6637AF5> /System/Library/PrivateFrameworks/AsyncAlgorithmsInternal.framework/Versions/A/AsyncAlgorithmsInternal
dyld[36744]: <95BAC2EC-84F7-3448-A4C3-AA2F920867C6> /System/Library/PrivateFrameworks/FTAWD.framework/Versions/A/FTAWD
dyld[36744]: <EDAA9D64-779E-34FE-83D2-DF4EF35BAA59> /System/Library/PrivateFrameworks/Dendrite.framework/Versions/A/Dendrite
dyld[36744]: <924805FA-0938-34FA-B76A-4051A087CD65> /usr/lib/libtailspin.dylib
dyld[36744]: <4FB12471-97FF-306E-B552-B481203A8E1B> /System/Library/PrivateFrameworks/Osprey.framework/Versions/A/Osprey
dyld[36744]: <7EE764AE-8E9B-35DB-8839-EE01750F25AB> /System/Library/PrivateFrameworks/SiriTTS.framework/Versions/A/SiriTTS
dyld[36744]: <A896B215-2D9E-37D6-8803-9316AEBF6AF5> /System/Library/Frameworks/NaturalLanguage.framework/Versions/A/NaturalLanguage
dyld[36744]: <478FDFD4-2C36-32BB-9087-F466F0242B69> /System/Library/PrivateFrameworks/GenerativeModels.framework/Versions/A/GenerativeModels
dyld[36744]: <6B95CE76-E69D-3598-AADC-E738C94A43BD> /System/Library/PrivateFrameworks/SiriPowerInstrumentation.framework/Versions/A/SiriPowerInstrumentation
dyld[36744]: <7BC8461C-23ED-39CA-868E-17A68FAFC5AE> /usr/lib/swift/libswiftNaturalLanguage.dylib
dyld[36744]: <247E2F35-65F7-3834-AF0C-532F577FDF23> /System/Library/PrivateFrameworks/TailspinSymbolication.framework/Versions/A/TailspinSymbolication
dyld[36744]: <F0BAA541-E9E2-307A-89AE-42558D70DF45> /System/Library/PrivateFrameworks/Darwinup.framework/Versions/A/Darwinup
dyld[36744]: <ED143A95-22A5-38A0-AFC5-DA00945392EC> /System/Library/PrivateFrameworks/SignpostSupport.framework/Versions/A/SignpostSupport
dyld[36744]: <3DB3AF5E-12BD-3E05-92D8-6DDC488D5633> /System/Library/PrivateFrameworks/FeatureFlagsSupport.framework/Versions/A/FeatureFlagsSupport
dyld[36744]: <86614A25-EE71-3F84-9F47-99671A11803D> /System/Library/PrivateFrameworks/ktrace.framework/Versions/A/ktrace
dyld[36744]: <3C627164-84D9-35A4-AC4D-52A99B7652F0> /System/Library/PrivateFrameworks/SampleAnalysis.framework/Versions/A/SampleAnalysis
dyld[36744]: <4517DDDB-265A-3561-82F9-41E06C6A17A8> /System/Library/PrivateFrameworks/kperfdata.framework/Versions/A/kperfdata
dyld[36744]: <3F0E2B57-6317-3262-BA3D-8A069524F8A5> /usr/lib/libdscsym.dylib
dyld[36744]: <8DCD3201-0098-3106-8870-62A8504F26CE> /System/Library/PrivateFrameworks/AppleMobileFileIntegrity.framework/Versions/A/AppleMobileFileIntegrity
dyld[36744]: <FC95DB95-FCA7-3F42-B435-20575B99CF3A> /System/Library/PrivateFrameworks/BulkSymbolication.framework/Versions/A/BulkSymbolication
dyld[36744]: <142382DC-3D11-3191-84F4-6F39BD1C622C> /usr/lib/libTLE.dylib
dyld[36744]: <0E970B22-63D9-3794-9766-24A3FD8BD273> /usr/lib/libmis.dylib
dyld[36744]: <5FD96939-8D4B-3228-A1F8-100EF174A0D4> /System/Library/PrivateFrameworks/ConfigProfileHelper.framework/Versions/A/ConfigProfileHelper
dyld[36744]: <51BD41DD-616A-382D-B1B2-C11BE8C9953A> /System/Library/PrivateFrameworks/Espresso.framework/Versions/A/Espresso
dyld[36744]: <EDA0F204-8438-3398-91ED-C0E4212C8734> /System/Library/Frameworks/CoreML.framework/Versions/A/CoreML
dyld[36744]: <308A1DB0-C29C-33AF-9AE2-1F8E4E607152> /usr/lib/libedit.3.dylib
dyld[36744]: <BABCC719-40D5-3EAB-B20F-F0F1EB329A3E> /System/Library/PrivateFrameworks/ANECompiler.framework/Versions/A/ANECompiler
dyld[36744]: <1969F88C-4A7F-3B4B-BC08-D3EE33F4D27D> /System/Library/PrivateFrameworks/AppleNeuralEngine.framework/Versions/A/AppleNeuralEngine
dyld[36744]: <E72BAD3A-0E33-3FC5-8356-3B3176382CB1> /System/Library/PrivateFrameworks/MIL.framework/Versions/A/MIL
dyld[36744]: <BBB4C092-A3B1-354B-8C32-147F6EB0256D> /System/Library/Frameworks/MetalPerformanceShadersGraph.framework/Versions/A/MetalPerformanceShadersGraph
dyld[36744]: <54D280F0-3335-3487-AA0D-6A09FFEAEDF7> /System/Library/PrivateFrameworks/MLCompilerServices.framework/Versions/A/MLCompilerServices
dyld[36744]: <A80CE19E-EA8D-363D-A8F4-409455BECE9B> /System/Library/PrivateFrameworks/ANEServices.framework/Versions/A/ANEServices
dyld[36744]: <22F988EF-E518-3F7A-BC3D-E44B9D09627D> /usr/lib/libncurses.5.4.dylib
dyld[36744]: <0A381CB4-37D0-3B5C-ADE0-2C5B4F47D169> /usr/lib/libsandbox.1.dylib
dyld[36744]: <042A6E19-8B2A-3342-B4C1-AD44661B7E26> /usr/lib/libMatch.1.dylib
dyld[36744]: <AB03B991-E6D9-3BAF-AA7D-DBFC815699F3> /System/Library/PrivateFrameworks/ODIE.framework/Versions/A/ODIE
dyld[36744]: <5592BC99-D6A7-303C-8C4C-B839FA6B7508> /System/Library/PrivateFrameworks/MLModelAsset.framework/Versions/A/MLModelAsset
dyld[36744]: <59B92160-FE47-3CEA-B03A-0099F3901A34> /System/Library/PrivateFrameworks/MLCompilerRuntime.framework/Versions/A/MLCompilerRuntime
dyld[36744]: <D62682EC-5F79-397C-855C-569554A4AEF8> /System/Library/Frameworks/MLCompute.framework/Versions/A/MLCompute
dyld[36744]: <873E56C6-57E8-3AD2-A630-B88B0A9669E8> /System/Library/PrivateFrameworks/MLAssetIO.framework/Versions/A/MLAssetIO
dyld[36744]: <847E52FC-37C0-30DA-88CD-4561DD03C06F> /usr/lib/swift/libswiftMLCompute.dylib
dyld[36744]: <DC46545D-E02B-3F2D-BEEC-E1BF5735174F> /System/Library/PrivateFrameworks/AVFCore.framework/Versions/A/AVFCore
dyld[36744]: <3611A176-00BB-35D9-8C0A-9A9A68A8EE9D> /System/Library/PrivateFrameworks/AVFCapture.framework/Versions/A/AVFCapture
dyld[36744]: <2DEE9322-922F-3B85-82C1-5E3249E3E652> /System/Library/PrivateFrameworks/CMImaging.framework/Versions/A/CMImaging
dyld[36744]: <072F9166-25F8-3FBF-9002-23E98E8B7C05> /System/Library/PrivateFrameworks/Quagga.framework/Versions/A/Quagga
dyld[36744]: <FA34827D-C8E0-3BDF-9A4E-FBBF430AD095> /System/Library/PrivateFrameworks/CMCapture.framework/Versions/A/CMCapture
dyld[36744]: <DD237508-D432-30A0-A553-C4AF2D9F40B6> /System/Library/Frameworks/CoreMediaIO.framework/Versions/A/CoreMediaIO
dyld[36744]: <D6788223-2453-39F7-9F00-90EE866A3CDA> /System/Library/PrivateFrameworks/CMCaptureDevice.framework/Versions/A/CMCaptureDevice
dyld[36744]: <68A522A3-ACE1-3597-B6D7-E058D36536FB> /System/Library/PrivateFrameworks/CoreBrightness.framework/Versions/A/CoreBrightness
dyld[36744]: <02711E78-960E-329A-B5C0-5E38615F2698> /System/Library/PrivateFrameworks/CinematicFraming.framework/Versions/A/CinematicFraming
dyld[36744]: <735CE046-E62E-3FA5-B38D-1FD82AA32BA8> /System/Library/PrivateFrameworks/ModelManagerServices.framework/Versions/A/ModelManagerServices
dyld[36744]: <F0165C3A-8601-3789-A114-836489784A93> /System/Library/PrivateFrameworks/CPMS.framework/Versions/A/CPMS
dyld[36744]: <8B0AAC46-6F12-36F0-9A1C-90D56F41BA09> /System/Library/PrivateFrameworks/SystemStatus.framework/Versions/A/SystemStatus
dyld[36744]: <FCEB6F4E-E222-3F9B-8226-8E80A789B21B> /System/Library/Frameworks/CoreMotion.framework/Versions/A/CoreMotion
dyld[36744]: <54DEA4E5-FD31-3AE3-8FEE-3CD99ACFC45B> /System/Library/PrivateFrameworks/TimeSync.framework/Versions/A/TimeSync
dyld[36744]: <2602D902-9B35-32D2-8F22-8BF2B330B298> /System/Library/PrivateFrameworks/DistributedSensing.framework/Versions/A/DistributedSensing
dyld[36744]: <0EEAE872-ADDF-3FE0-9601-C56C453597BB> /System/Library/PrivateFrameworks/MobileBluetooth.framework/Versions/A/MobileBluetooth
dyld[36744]: <FF001948-E029-3473-B7B8-22A4ECFD6560> /System/Library/PrivateFrameworks/IOKitten.framework/Versions/A/IOKitten
dyld[36744]: <45E1CEA1-A60E-30F3-A90F-B7BFB5C5CC17> /System/Library/PrivateFrameworks/AppleIntelligenceReporting.framework/Versions/A/AppleIntelligenceReporting
dyld[36744]: <4BC01F57-2373-3DC9-8B71-308A282D7030> /System/Library/PrivateFrameworks/CoreEmoji.framework/Versions/A/CoreEmoji
dyld[36744]: <8AF3BAA3-66FA-3CEF-A44B-FD79CAC8263F> /usr/lib/libCRFSuite.dylib
dyld[36744]: <4CD4216A-7270-300F-A31D-70FFACD92E12> /System/Library/PrivateFrameworks/LanguageModeling.framework/Versions/A/LanguageModeling
dyld[36744]: <E89ACADA-C30F-3E26-9775-E8BAC21A83AA> /System/Library/PrivateFrameworks/CoreNLP.framework/Versions/A/CoreNLP
dyld[36744]: <3C34BB08-BC5C-397C-A9B5-18A342838CA1> /System/Library/PrivateFrameworks/Montreal.framework/Versions/A/Montreal
dyld[36744]: <2DED54B9-9B5C-3FB3-859E-AAC46074CC8B> /usr/lib/libcmph.dylib
dyld[36744]: <5B76CDD8-6E1F-35F6-AF5E-CE4CDA81957E> /usr/lib/libmecab.dylib
dyld[36744]: <56091C21-AEA9-36A2-A3E3-D50AEC8FFE32> /usr/lib/libThaiTokenizer.dylib
dyld[36744]: <74E54F2B-B7A6-35D9-8101-F30C7F0C1979> /System/Library/PrivateFrameworks/GenerativeModelsFoundation.framework/Versions/A/GenerativeModelsFoundation
dyld[36744]: <63409EB4-B247-3B62-835C-80DD1FCB91A2> /System/Library/PrivateFrameworks/TokenGeneration.framework/Versions/A/TokenGeneration
dyld[36744]: <54D335C7-5679-3ED5-A0E1-C3B9DBF16A9C> /System/Library/PrivateFrameworks/GenerativeFunctions.framework/Versions/A/GenerativeFunctions
dyld[36744]: <AB49FED6-D7FD-3A6B-B4CF-F73AC4165CE0> /System/Library/PrivateFrameworks/GenerativeFunctionsFoundation.framework/Versions/A/GenerativeFunctionsFoundation
dyld[36744]: <790009CA-CA2D-3245-B7B1-71C370D33BDB> /System/Library/PrivateFrameworks/ModelCatalog.framework/Versions/A/ModelCatalog
dyld[36744]: <24F7CF25-24F4-395E-B89D-5C17AE8CE281> /System/Library/PrivateFrameworks/SensitiveContentAnalysisML.framework/Versions/A/SensitiveContentAnalysisML
dyld[36744]: <A2E625ED-90FF-3BCA-BD28-16F062B82C02> /System/Library/PrivateFrameworks/GenerativeFunctionsInstrumentation.framework/Versions/A/GenerativeFunctionsInstrumentation
dyld[36744]: <4851991B-9681-37D8-8A62-005249AD29C7> /System/Library/PrivateFrameworks/PromptKit.framework/Versions/A/PromptKit
dyld[36744]: <A4C38BBC-95E3-38DD-B873-243C53B83A4F> /System/Library/PrivateFrameworks/ProactiveDaemonSupport.framework/Versions/A/ProactiveDaemonSupport
dyld[36744]: <832BF595-350A-3753-8721-D894475016CB> /System/Library/PrivateFrameworks/TokenGenerationCore.framework/Versions/A/TokenGenerationCore
dyld[36744]: <E65C3A22-B998-3185-9DE5-3169814179BF> /System/Library/PrivateFrameworks/Trial.framework/Versions/A/Trial
dyld[36744]: <F66F08E4-F915-3CAE-AF88-70F76AD35303> /System/Library/PrivateFrameworks/TrialProto.framework/Versions/A/TrialProto
dyld[36744]: <4BE321D2-8DF6-3D5E-A531-4E2F77BEE441> /System/Library/PrivateFrameworks/AppleFlatBuffers.framework/Versions/A/AppleFlatBuffers
dyld[36744]: <92A1FE17-1D6F-347B-B1C3-D2C03B6C0DCE> /System/Library/PrivateFrameworks/SentencePieceInternal.framework/Versions/A/SentencePieceInternal
dyld[36744]: <4FFA7ECB-BCA8-3B4D-86F9-9F2C9E084944> /System/Library/Frameworks/Vision.framework/Versions/A/Vision
dyld[36744]: <0A6304CC-6DC4-3079-9FAB-8B9F001C8545> /System/Library/PrivateFrameworks/CoreSceneUnderstanding.framework/Versions/A/CoreSceneUnderstanding
dyld[36744]: <5E086014-D330-3672-9776-E23E8325DD67> /System/Library/PrivateFrameworks/VisionCore.framework/Versions/A/VisionCore
dyld[36744]: <A20BF0E3-F8A9-36AA-B28B-2EF282FC9BF5> /System/Library/PrivateFrameworks/DataDetectorsCore.framework/Versions/A/DataDetectorsCore
dyld[36744]: <23068BF1-0F33-3129-9965-57B1621737DE> /System/Library/Frameworks/Vision.framework/libfaceCore.dylib
dyld[36744]: <5F8738D4-6C03-3DEA-953D-9E31C389E7E1> /System/Library/PrivateFrameworks/Futhark.framework/Versions/A/Futhark
dyld[36744]: <2849D0C3-42A0-3D94-A2B7-F686BD7F760D> /System/Library/PrivateFrameworks/InertiaCam.framework/Versions/A/InertiaCam
dyld[36744]: <393E9D23-8D8D-373B-A8D8-6CF2652D2DAF> /System/Library/PrivateFrameworks/TextRecognition.framework/Versions/A/TextRecognition
dyld[36744]: <0872179E-DB9E-39FF-B22A-05EA62FC0F88> /System/Library/Frameworks/DataDetection.framework/Versions/A/DataDetection
dyld[36744]: <5D3DDFC0-3341-3DAC-A80C-0DFBD0421669> /System/Library/PrivateFrameworks/TextInput.framework/Versions/A/TextInput
dyld[36744]: <A37EF3CE-63A5-3AB5-B3E2-E089F818FF35> /System/Library/PrivateFrameworks/CVNLP.framework/Versions/A/CVNLP
dyld[36744]: <256C79BC-8BEB-390C-95D4-BFEFB95E66A1> /System/Library/PrivateFrameworks/IntentsFoundation.framework/Versions/A/IntentsFoundation
dyld[36744]: <E12CB54A-E895-3D38-8D62-01C5DF8430AB> /System/Library/PrivateFrameworks/HIDDisplay.framework/Versions/A/HIDDisplay
dyld[36744]: <A9F79F7C-A5F8-3164-BEEC-60B19D90DCF2> /usr/lib/libcups.2.dylib
dyld[36744]: <74F49C08-DE60-3E55-A037-F0A34E81BF04> /System/Library/Frameworks/Kerberos.framework/Versions/A/Kerberos
dyld[36744]: <F71E234F-8D15-388D-8819-709BB2AE1ACC> /usr/lib/libresolv.9.dylib
dyld[36744]: <139B1DBE-2FDA-3AE7-9BDE-12D5BA3C8D22> /System/Library/PrivateFrameworks/Heimdal.framework/Versions/A/Heimdal
dyld[36744]: <9BBF5DE9-CCD9-3CF3-8C05-45FB5CCEFEC3> /System/Library/Frameworks/Kerberos.framework/Versions/A/Libraries/libHeimdalProxy.dylib
dyld[36744]: <FFE98159-EDC3-3520-ADAC-F9001408ADD5> /System/Library/PrivateFrameworks/CommonAuth.framework/Versions/A/CommonAuth
dyld[36744]: <17C4F6B8-0A9A-3BF8-8D40-35ABCF9F0D89> /System/Library/PrivateFrameworks/AXCoreUtilities.framework/Versions/A/AXCoreUtilities
dyld[36744]: <8EB0DEAA-CD94-3710-AF80-DBF6947A8250> /System/Library/PrivateFrameworks/AttributeGraph.framework/Versions/A/AttributeGraph
dyld[36744]: <D4766E61-EB81-3FA1-9C48-31BC986B0607> /usr/lib/libAXSafeCategoryBundle.dylib
dyld[36744]: <6E4CAEF6-667C-3A56-9BE2-892F689894E4> /System/Library/Frameworks/TabularData.framework/Versions/A/TabularData
dyld[36744]: <00E79E4B-C0FD-3DF8-A8C3-9C812A9DB049> /System/Library/PrivateFrameworks/ArgumentParserInternal.framework/Versions/A/ArgumentParserInternal
dyld[36744]: <CB222F12-FB2E-3310-88A1-A5AE7EFF8CAE> /System/Library/Frameworks/Accelerate.framework/Versions/A/Frameworks/vecLib.framework/Versions/A/libvDSP.dylib
dyld[36744]: <C2F81286-0ED4-319D-A96D-10591BD15F4E> /System/Library/Frameworks/Accelerate.framework/Versions/A/Frameworks/vecLib.framework/Versions/A/libLAPACK.dylib
dyld[36744]: <424CA6AD-D7AA-3297-B069-745682F71E84> /System/Library/Frameworks/Accelerate.framework/Versions/A/Frameworks/vecLib.framework/Versions/A/libLinearAlgebra.dylib
dyld[36744]: <BDF370A4-972F-34A4-AED7-89885C35D933> /System/Library/Frameworks/Accelerate.framework/Versions/A/Frameworks/vecLib.framework/Versions/A/libSparseBLAS.dylib
dyld[36744]: <F2B12F6B-6C47-3B39-BE8F-68EB37545F72> /System/Library/Frameworks/Accelerate.framework/Versions/A/Frameworks/vecLib.framework/Versions/A/libQuadrature.dylib
dyld[36744]: <811E61C5-2282-3FA8-939D-D1B9C75ECC62> /System/Library/Frameworks/Accelerate.framework/Versions/A/Frameworks/vecLib.framework/Versions/A/libBNNS.dylib
dyld[36744]: <C7FD2C22-55FC-3D31-8AF3-BF842A039AF9> /System/Library/Frameworks/Accelerate.framework/Versions/A/Frameworks/vecLib.framework/Versions/A/libSparse.dylib
dyld[36744]: <7A483FDA-AB8C-3E7C-92E6-07347F67B678> /System/Library/PrivateFrameworks/ApplePushService.framework/Versions/A/ApplePushService
dyld[36744]: <C5A18DFA-6B18-3455-830A-E372A495FB1D> /System/Library/Frameworks/CloudKit.framework/Versions/A/CloudKit
dyld[36744]: <0A7A4F54-298F-384E-86C0-0E9A5C69E9E5> /System/Library/PrivateFrameworks/CoreDuetDaemonProtocol.framework/Versions/A/CoreDuetDaemonProtocol
dyld[36744]: <17D0003A-F405-3CCF-832D-BCADB65BC83F> /System/Library/PrivateFrameworks/DeviceIdentity.framework/Versions/A/DeviceIdentity
dyld[36744]: <E26F180A-1868-3E33-9277-1C73F917DE55> /System/Library/Frameworks/SharedWithYouCore.framework/Versions/A/SharedWithYouCore
dyld[36744]: <7B5C93A3-1AF7-3273-9182-60B965FBB279> /System/Library/PrivateFrameworks/CloudTelemetry.framework/Versions/A/CloudTelemetry
dyld[36744]: <CD1BB171-94DA-350C-8276-04EA8B71C6E7> /System/Library/PrivateFrameworks/AppleAccount.framework/Versions/A/AppleAccount
dyld[36744]: <6D910C58-E7C6-34AB-907F-89C2EA3E8B5C> /System/Library/PrivateFrameworks/C2.framework/Versions/A/C2
dyld[36744]: <1BE4EC57-9B8A-34C4-BFC9-BC9A229BBB08> /System/Library/PrivateFrameworks/CloudCoreInternal.framework/Versions/A/CloudCoreInternal
dyld[36744]: <EDB20CBF-D173-3BD4-A483-3C509C15D24D> /System/Library/PrivateFrameworks/CloudAsset.framework/Versions/A/CloudAsset
dyld[36744]: <696E88E7-5CF6-3095-80C0-57B9A913887A> /System/Library/Frameworks/PushKit.framework/Versions/A/PushKit
dyld[36744]: <100BE8FB-6C47-33E3-9FC4-A45A5106721A> /System/Library/Frameworks/CoreTransferable.framework/Versions/A/CoreTransferable
dyld[36744]: <08675344-FA9F-3CC2-8ED8-C572C841B504> /System/Library/PrivateFrameworks/NetAuth.framework/Versions/A/NetAuth
dyld[36744]: <8E702F90-53C5-3A91-A0F8-94409A59BAF3> /System/Library/PrivateFrameworks/login.framework/Versions/A/Frameworks/loginsupport.framework/Versions/A/loginsupport
dyld[36744]: <78C04A6C-63CF-339A-90C8-F25BA9C4C1CE> /System/Library/PrivateFrameworks/CloudTelemetryTools.framework/Versions/A/CloudTelemetryTools
dyld[36744]: <A23C0860-6454-3F01-A064-C8982EBBFF48> /System/Library/PrivateFrameworks/CloudTelemetryShared.dylib
dyld[36744]: <907F9C53-06D9-3604-A13D-183642237619> /System/Library/PrivateFrameworks/RTCReporting.framework/Versions/A/RTCReporting
dyld[36744]: <90B0724C-CBDF-35B7-91AA-38F8E07E543D> /System/Library/PrivateFrameworks/AAAFoundationSwift.framework/Versions/A/AAAFoundationSwift
dyld[36744]: <95A65CAD-54BC-3CDD-B27A-90572D2A848F> /System/Library/PrivateFrameworks/AppleIDSSOAuthentication.framework/Versions/A/AppleIDSSOAuthentication
dyld[36744]: <B2BA9719-73C5-3061-9915-25FC68C198D6> /System/Library/PrivateFrameworks/UIFoundation.framework/Versions/A/UIFoundation
dyld[36744]: <6784252E-9BE1-332F-8D0C-CF7FB6C9FB56> /System/Library/PrivateFrameworks/CaptiveNetwork.framework/Versions/A/CaptiveNetwork
dyld[36744]: <2DFBEDC5-0C41-3FF8-B1AB-334EE3621FC9> /System/Library/PrivateFrameworks/EAP8021X.framework/Versions/A/EAP8021X
dyld[36744]: <D828B798-9303-3C0A-9F83-5B24A36E1670> /System/Library/PrivateFrameworks/CryptoKitPrivate.framework/Versions/A/CryptoKitPrivate
dyld[36744]: <7B08EA3F-6BA2-39B2-979D-D36A03961343> /System/Library/PrivateFrameworks/FindMyDevice.framework/Versions/A/FindMyDevice
dyld[36744]: <57FD92AE-E8D7-3D48-AF71-F74CD3D2AD56> /System/Library/PrivateFrameworks/FMCoreLite.framework/Versions/A/FMCoreLite
dyld[36744]: <0B4562F4-D2B8-362C-AC29-8E9B106F937C> /System/Library/Frameworks/ServiceManagement.framework/Versions/A/ServiceManagement
dyld[36744]: <4428FA9C-988B-3235-98EB-1FC596D283D1> /usr/lib/libCheckFix.dylib
dyld[36744]: <7CA1C787-8112-3F53-9419-1EA66ECF08B3> /System/Library/PrivateFrameworks/MetadataUtilities.framework/Versions/A/MetadataUtilities
dyld[36744]: <B820DEFE-59D8-3A6A-BB23-56E594F57F9C> /System/Library/PrivateFrameworks/InstalledContentLibrary.framework/Versions/A/InstalledContentLibrary
dyld[36744]: <9B52CDCA-8EFD-3512-A265-C5D8CE2B8998> /System/Library/PrivateFrameworks/CoreServicesStore.framework/Versions/A/CoreServicesStore
dyld[36744]: <3BD7BCA8-66D2-34D7-BA3F-A3B3197E1F44> /usr/lib/libapp_launch_measurement.dylib
dyld[36744]: <7783C2DD-5853-312A-8EF1-B5DDC441531D> /System/Library/PrivateFrameworks/MobileSystemServices.framework/Versions/A/MobileSystemServices
dyld[36744]: <C428B34A-AB0B-34ED-9C94-8DC908D4A12B> /usr/lib/libxslt.1.dylib
dyld[36744]: <F1725141-8B9B-363A-838E-17B20313568E> /System/Library/PrivateFrameworks/BackgroundTaskManagement.framework/Versions/A/BackgroundTaskManagement
dyld[36744]: <957F947F-00ED-3468-B07B-20900D64DB71> /usr/lib/libcurl.4.dylib
dyld[36744]: <FE236487-745A-39C9-A6A5-D937AD7BDC2E> /usr/lib/libcrypto.46.dylib
dyld[36744]: <6E6A6A29-3741-365F-A90D-785C2C86D71A> /usr/lib/libssl.48.dylib
dyld[36744]: <9AC45415-37D3-369E-846C-6C2F072899F9> /System/Library/Frameworks/LDAP.framework/Versions/A/LDAP
dyld[36744]: <48980122-ECA5-383C-A043-6F2BE6BAA017> /System/Library/PrivateFrameworks/TrustEvaluationAgent.framework/Versions/A/TrustEvaluationAgent
dyld[36744]: <65BCF638-CADE-3CB2-97FB-D33E91D93C8D> /usr/lib/libsasl2.2.dylib
dyld[36744]: move loaded to delayed: XPCSupport
dyld[36744]: move loaded to delayed: CoreFoundation
dyld[36744]: move loaded to delayed: libswiftCore.dylib
dyld[36744]: move loaded to delayed: Foundation
dyld[36744]: move loaded to delayed: libswiftObjectiveC.dylib
dyld[36744]: move loaded to delayed: libswiftPrespecialized.dylib
dyld[36744]: move loaded to delayed: SystemConfiguration
dyld[36744]: move loaded to delayed: libz.1.dylib
dyld[36744]: move loaded to delayed: CoreAutoLayout
dyld[36744]: move loaded to delayed: libcmark-gfm.dylib
dyld[36744]: move loaded to delayed: libfakelink.dylib
dyld[36744]: move loaded to delayed: libcompression.dylib
dyld[36744]: move loaded to delayed: CFNetwork
dyld[36744]: move loaded to delayed: DiskArbitration
dyld[36744]: move loaded to delayed: libarchive.2.dylib
dyld[36744]: move loaded to delayed: libDiagnosticMessagesClient.dylib
dyld[36744]: move loaded to delayed: libicucore.A.dylib
dyld[36744]: move loaded to delayed: libxml2.2.dylib
dyld[36744]: move loaded to delayed: CoreServices
dyld[36744]: move loaded to delayed: liblangid.dylib
dyld[36744]: move loaded to delayed: IOKit
dyld[36744]: move loaded to delayed: Combine
dyld[36744]: move loaded to delayed: CollectionsInternal
dyld[36744]: move loaded to delayed: ReflectionInternal
dyld[36744]: move loaded to delayed: RuntimeInternal
dyld[36744]: move loaded to delayed: SoftLinking
dyld[36744]: move loaded to delayed: libswiftCoreFoundation.dylib
dyld[36744]: move loaded to delayed: libswiftDarwin.dylib
dyld[36744]: move loaded to delayed: libswiftDispatch.dylib
dyld[36744]: move loaded to delayed: libswiftIOKit.dylib
dyld[36744]: move loaded to delayed: libswiftSystem.dylib
dyld[36744]: move loaded to delayed: libswiftXPC.dylib
dyld[36744]: move loaded to delayed: libswift_Builtin_float.dylib
dyld[36744]: move loaded to delayed: libswift_Concurrency.dylib
dyld[36744]: move loaded to delayed: libswift_DarwinFoundation1.dylib
dyld[36744]: move loaded to delayed: libswift_StringProcessing.dylib
dyld[36744]: move loaded to delayed: libswiftos.dylib
dyld[36744]: move loaded to delayed: CoreServicesInternal
dyld[36744]: move loaded to delayed: liboah.dylib
dyld[36744]: move loaded to delayed: Security
dyld[36744]: move loaded to delayed: GenerationalStorage
dyld[36744]: move loaded to delayed: CacheDelete
dyld[36744]: move loaded to delayed: QuickLookThumbnailing
dyld[36744]: move loaded to delayed: FileProvider
dyld[36744]: move loaded to delayed: DiskImages
dyld[36744]: move loaded to delayed: NetFS
dyld[36744]: move loaded to delayed: DesktopServicesPriv
dyld[36744]: move loaded to delayed: FSEvents
dyld[36744]: move loaded to delayed: CarbonCore
dyld[36744]: move loaded to delayed: Metadata
dyld[36744]: move loaded to delayed: OSServices
dyld[36744]: move loaded to delayed: SearchKit
dyld[36744]: move loaded to delayed: AE
dyld[36744]: move loaded to delayed: LaunchServices
dyld[36744]: move loaded to delayed: DictionaryServices
dyld[36744]: move loaded to delayed: SharedFileList
dyld[36744]: move loaded to delayed: libapple_nghttp2.dylib
dyld[36744]: move loaded to delayed: libsqlite3.dylib
dyld[36744]: move loaded to delayed: Accounts
dyld[36744]: move loaded to delayed: AOSKit
dyld[36744]: move loaded to delayed: AppSSOCore
dyld[36744]: move loaded to delayed: AppSupport
dyld[36744]: move loaded to delayed: AVFoundation
dyld[36744]: move loaded to delayed: BackgroundSystemTasks
dyld[36744]: move loaded to delayed: CoreAnalytics
dyld[36744]: move loaded to delayed: CoreGraphics
dyld[36744]: move loaded to delayed: DuetActivityScheduler
dyld[36744]: move loaded to delayed: FTServices
dyld[36744]: move loaded to delayed: GSS
dyld[36744]: move loaded to delayed: InternationalSupport
dyld[36744]: move loaded to delayed: libMemoryResourceException.dylib
dyld[36744]: move loaded to delayed: NetworkScore
dyld[36744]: move loaded to delayed: NetworkServiceProxy
dyld[36744]: move loaded to delayed: RunningBoardServices
dyld[36744]: move loaded to delayed: StreamingExtractor
dyld[36744]: move loaded to delayed: StreamingZip
dyld[36744]: move loaded to delayed: SymptomReporter
dyld[36744]: move loaded to delayed: libenergytrace.dylib
dyld[36744]: move loaded to delayed: libnetworkextension.dylib
dyld[36744]: move loaded to delayed: Network
dyld[36744]: move loaded to delayed: libbsm.0.dylib
dyld[36744]: move loaded to delayed: libkxld.dylib
dyld[36744]: move loaded to delayed: AppleKeyStore
dyld[36744]: move loaded to delayed: libCoreEntitlements.dylib
dyld[36744]: move loaded to delayed: MessageSecurity
dyld[36744]: move loaded to delayed: ProtocolBuffer
dyld[36744]: move loaded to delayed: CloudServices
dyld[36744]: move loaded to delayed: SymptomDiagnosticReporter
dyld[36744]: move loaded to delayed: CrashReporterSupport
dyld[36744]: move loaded to delayed: libMobileGestalt.dylib
dyld[36744]: move loaded to delayed: AppleFSCompression
dyld[36744]: move loaded to delayed: libcoretls.dylib
dyld[36744]: move loaded to delayed: libcoretls_cfhelpers.dylib
dyld[36744]: move loaded to delayed: libpam.2.dylib
dyld[36744]: move loaded to delayed: libxar.1.dylib
dyld[36744]: move loaded to delayed: APFS
dyld[36744]: move loaded to delayed: SwiftASN1Internal
dyld[36744]: move loaded to delayed: libutil.dylib
dyld[36744]: move loaded to delayed: AppleSystemInfo
dyld[36744]: move loaded to delayed: IOMobileFramebuffer
dyld[36744]: move loaded to delayed: IOSurface
dyld[36744]: move loaded to delayed: CoreWiFi
dyld[36744]: move loaded to delayed: LoggingSupport
dyld[36744]: move loaded to delayed: MobileAsset
dyld[36744]: move loaded to delayed: PowerLog
dyld[36744]: move loaded to delayed: Rapport
dyld[36744]: move loaded to delayed: SwiftData
dyld[36744]: move loaded to delayed: SymptomAnalytics
dyld[36744]: move loaded to delayed: UniformTypeIdentifiers
dyld[36744]: move loaded to delayed: UserManagement
dyld[36744]: move loaded to delayed: libboringssl.dylib
dyld[36744]: move loaded to delayed: libcupolicy.dylib
dyld[36744]: move loaded to delayed: libdns_services.dylib
dyld[36744]: move loaded to delayed: NetworkExtension
dyld[36744]: move loaded to delayed: libnwswifttls.dylib
dyld[36744]: move loaded to delayed: libpcap.A.dylib
dyld[36744]: move loaded to delayed: libquic.dylib
dyld[36744]: move loaded to delayed: libusrtcp.dylib
dyld[36744]: move loaded to delayed: AtomicsInternal
dyld[36744]: move loaded to delayed: InternalSwiftProtobuf
dyld[36744]: move loaded to delayed: libswiftDistributed.dylib
dyld[36744]: move loaded to delayed: libswiftObservation.dylib
dyld[36744]: move loaded to delayed: libswiftSynchronization.dylib
dyld[36744]: move loaded to delayed: AggregateDictionary
dyld[36744]: move loaded to delayed: CoreDuetContext
dyld[36744]: move loaded to delayed: BiomeLibrary
dyld[36744]: move loaded to delayed: CoreDuet
dyld[36744]: move loaded to delayed: BiomeStreams
dyld[36744]: move loaded to delayed: BiomeFoundation
dyld[36744]: move loaded to delayed: BiomePubSub
dyld[36744]: move loaded to delayed: CoreData
dyld[36744]: move loaded to delayed: ProactiveSupport
dyld[36744]: move loaded to delayed: CoreLocation
dyld[36744]: move loaded to delayed: Intents
dyld[36744]: move loaded to delayed: _LocationEssentials
dyld[36744]: move loaded to delayed: liblzma.5.dylib
dyld[36744]: move loaded to delayed: Accelerate
dyld[36744]: move loaded to delayed: MobileKeyBag
dyld[36744]: move loaded to delayed: InternationalTextSearch
dyld[36744]: move loaded to delayed: SoftwareUpdateCoreSupport
dyld[36744]: move loaded to delayed: SoftwareUpdateCoreConnect
dyld[36744]: move loaded to delayed: RemoteServiceDiscovery
dyld[36744]: move loaded to delayed: MSUDataAccessor
dyld[36744]: move loaded to delayed: libbootpolicy.dylib
dyld[36744]: move loaded to delayed: RemoteXPC
dyld[36744]: move loaded to delayed: libFDR.dylib
dyld[36744]: move loaded to delayed: libamsupport.dylib
dyld[36744]: move loaded to delayed: libReverseProxyDevice.dylib
dyld[36744]: move loaded to delayed: AppleDeviceQuerySupport
dyld[36744]: move loaded to delayed: libpartition2_dynamic.dylib
dyld[36744]: move loaded to delayed: AppleSauce
dyld[36744]: move loaded to delayed: libAppleArchive.dylib
dyld[36744]: move loaded to delayed: libbz2.1.0.dylib
dyld[36744]: move loaded to delayed: vImage
dyld[36744]: move loaded to delayed: vecLib
dyld[36744]: move loaded to delayed: libvMisc.dylib
dyld[36744]: move loaded to delayed: libCGInterfaces.dylib
dyld[36744]: move loaded to delayed: AccelerateGPU
dyld[36744]: move loaded to delayed: libBLAS.dylib
dyld[36744]: move loaded to delayed: ApplicationServices
dyld[36744]: move loaded to delayed: CoreVideo
dyld[36744]: move loaded to delayed: ColorSync
dyld[36744]: move loaded to delayed: CoreText
dyld[36744]: move loaded to delayed: ImageIO
dyld[36744]: move loaded to delayed: ATS
dyld[36744]: move loaded to delayed: HIServices
dyld[36744]: move loaded to delayed: PrintCore
dyld[36744]: move loaded to delayed: QD
dyld[36744]: move loaded to delayed: ColorSyncLegacy
dyld[36744]: move loaded to delayed: SpeechSynthesis
dyld[36744]: move loaded to delayed: SkyLight
dyld[36744]: move loaded to delayed: libFontParser.dylib
dyld[36744]: move loaded to delayed: BaseBoard
dyld[36744]: move loaded to delayed: BoardServices
dyld[36744]: move loaded to delayed: BackBoardServices
dyld[36744]: move loaded to delayed: BackBoardHIDEventFoundation
dyld[36744]: move loaded to delayed: CoreDisplay
dyld[36744]: move loaded to delayed: VideoToolbox
dyld[36744]: move loaded to delayed: MetalPerformanceShaders
dyld[36744]: move loaded to delayed: ProDisplayLibrary
dyld[36744]: move loaded to delayed: IOSurfaceAccelerator
dyld[36744]: move loaded to delayed: Metal
dyld[36744]: move loaded to delayed: IOAccelerator
dyld[36744]: move loaded to delayed: CoreMedia
dyld[36744]: move loaded to delayed: TCC
dyld[36744]: move loaded to delayed: WatchdogClient
dyld[36744]: move loaded to delayed: QuartzCore
dyld[36744]: move loaded to delayed: MultitouchSupport
dyld[36744]: move loaded to delayed: libswiftAccelerate.dylib
dyld[36744]: move loaded to delayed: libswiftCoreAudio.dylib
dyld[36744]: move loaded to delayed: libswiftCoreMedia.dylib
dyld[36744]: move loaded to delayed: libswiftMetal.dylib
dyld[36744]: move loaded to delayed: libswiftOSLog.dylib
dyld[36744]: move loaded to delayed: libswiftQuartzCore.dylib
dyld[36744]: move loaded to delayed: libswiftUniformTypeIdentifiers.dylib
dyld[36744]: move loaded to delayed: libswiftVideoToolbox.dylib
dyld[36744]: move loaded to delayed: libswiftsimd.dylib
dyld[36744]: move loaded to delayed: BiomeStorage
dyld[36744]: move loaded to delayed: IntelligencePlatformLibrary
dyld[36744]: move loaded to delayed: PoirotSchematizer
dyld[36744]: move loaded to delayed: BiomeSync
dyld[36744]: move loaded to delayed: BiomeDSL
dyld[36744]: move loaded to delayed: FeatureFlags
dyld[36744]: move loaded to delayed: PoirotUDFs
dyld[36744]: move loaded to delayed: libswift_DarwinFoundation2.dylib
dyld[36744]: move loaded to delayed: libswift_DarwinFoundation3.dylib
dyld[36744]: move loaded to delayed: CoreTime
dyld[36744]: move loaded to delayed: libiconv.2.dylib
dyld[36744]: move loaded to delayed: libcharset.1.dylib
dyld[36744]: move loaded to delayed: PoirotSQLite
dyld[36744]: move loaded to delayed: libswift_RegexParser.dylib
dyld[36744]: move loaded to delayed: CascadeSets
dyld[36744]: move loaded to delayed: CorePhoneNumbers
dyld[36744]: move loaded to delayed: AppleJPEG
dyld[36744]: move loaded to delayed: libexpat.1.dylib
dyld[36744]: move loaded to delayed: libPng.dylib
dyld[36744]: move loaded to delayed: libTIFF.dylib
dyld[36744]: move loaded to delayed: libGIF.dylib
dyld[36744]: move loaded to delayed: libJP2.dylib
dyld[36744]: move loaded to delayed: libate.dylib
dyld[36744]: move loaded to delayed: libJPEG.dylib
dyld[36744]: move loaded to delayed: libRadiance.dylib
dyld[36744]: move loaded to delayed: libllvm-flatbuffers.dylib
dyld[36744]: move loaded to delayed: FramePacing
dyld[36744]: move loaded to delayed: libCoreFSCache.dylib
dyld[36744]: move loaded to delayed: libGPUCompilerUtils.dylib
dyld[36744]: move loaded to delayed: GraphicsServices
dyld[36744]: move loaded to delayed: OpenGL
dyld[36744]: move loaded to delayed: libGLU.dylib
dyld[36744]: move loaded to delayed: libGFXShared.dylib
dyld[36744]: move loaded to delayed: libGL.dylib
dyld[36744]: move loaded to delayed: libGLImage.dylib
dyld[36744]: move loaded to delayed: libCVMSPluginSupport.dylib
dyld[36744]: move loaded to delayed: libCoreVMClient.dylib
dyld[36744]: move loaded to delayed: GPUWrangler
dyld[36744]: move loaded to delayed: IOPresentment
dyld[36744]: move loaded to delayed: DSExternalDisplay
dyld[36744]: move loaded to delayed: VideoToolboxParavirtualizationSupport
dyld[36744]: move loaded to delayed: AppleVA
dyld[36744]: move loaded to delayed: ExtensionFoundation
dyld[36744]: move loaded to delayed: CMCaptureCore
dyld[36744]: move loaded to delayed: libspindump.dylib
dyld[36744]: move loaded to delayed: CoreAudio
dyld[36744]: move loaded to delayed: AppServerSupport
dyld[36744]: move loaded to delayed: perfdata
dyld[36744]: move loaded to delayed: AudioDSPGraph
dyld[36744]: move loaded to delayed: AudioToolboxCore
dyld[36744]: move loaded to delayed: caulk
dyld[36744]: move loaded to delayed: libAudioStatistics.dylib
dyld[36744]: move loaded to delayed: SystemPolicy
dyld[36744]: move loaded to delayed: libSMC.dylib
dyld[36744]: move loaded to delayed: libswiftCoreMIDI.dylib
dyld[36744]: move loaded to delayed: CoreMIDI
dyld[36744]: move loaded to delayed: libAudioToolboxUtility.dylib
dyld[36744]: move loaded to delayed: libperfcheck.dylib
dyld[36744]: move loaded to delayed: AudioAnalytics
dyld[36744]: move loaded to delayed: OSLog
dyld[36744]: move loaded to delayed: OSEligibility
dyld[36744]: move loaded to delayed: IconServices
dyld[36744]: move loaded to delayed: LightweightCodeRequirements
dyld[36744]: move loaded to delayed: PlugInKit
dyld[36744]: move loaded to delayed: AssertionServices
dyld[36744]: move loaded to delayed: IconFoundation
dyld[36744]: move loaded to delayed: AssistantServices
dyld[36744]: move loaded to delayed: IconRendering
dyld[36744]: move loaded to delayed: CoreUI
dyld[36744]: move loaded to delayed: CoreImage
dyld[36744]: move loaded to delayed: SFSymbols
dyld[36744]: move loaded to delayed: DeveloperToolsSupport
dyld[36744]: move loaded to delayed: RenderBox
dyld[36744]: move loaded to delayed: CoreSVG
dyld[36744]: move loaded to delayed: TextureIO
dyld[36744]: move loaded to delayed: libswiftCoreImage.dylib
dyld[36744]: move loaded to delayed: GraphVisualizer
dyld[36744]: move loaded to delayed: FontServices
dyld[36744]: move loaded to delayed: OTSVG
dyld[36744]: move loaded to delayed: libFontRegistry.dylib
dyld[36744]: move loaded to delayed: libhvf.dylib
dyld[36744]: move loaded to delayed: ParsingInternal
dyld[36744]: move loaded to delayed: libXTFontStaticRegistryData.dylib
dyld[36744]: move loaded to delayed: MPSCore
dyld[36744]: move loaded to delayed: MPSImage
dyld[36744]: move loaded to delayed: MPSNeuralNetwork
dyld[36744]: move loaded to delayed: MPSMatrix
dyld[36744]: move loaded to delayed: MPSRayIntersector
dyld[36744]: move loaded to delayed: MPSNDArray
dyld[36744]: move loaded to delayed: MPSFunctions
dyld[36744]: move loaded to delayed: MPSBenchmarkLoop
dyld[36744]: move loaded to delayed: MPSHost
dyld[36744]: move loaded to delayed: MetalTools
dyld[36744]: move loaded to delayed: IOAccelMemoryInfo
dyld[36744]: move loaded to delayed: kperf
dyld[36744]: move loaded to delayed: GPURawCounter
dyld[36744]: move loaded to delayed: ASEProcessing
dyld[36744]: move loaded to delayed: Symbolication
dyld[36744]: move loaded to delayed: PhotosensitivityProcessing
dyld[36744]: move loaded to delayed: SILManager
dyld[36744]: move loaded to delayed: CoreSymbolication
dyld[36744]: move loaded to delayed: MallocStackLogging
dyld[36744]: move loaded to delayed: DebugSymbols
dyld[36744]: move loaded to delayed: OSAnalytics
dyld[36744]: move loaded to delayed: DeviceRecovery
dyld[36744]: move loaded to delayed: Tightbeam
dyld[36744]: move loaded to delayed: libswiftCompression.dylib
dyld[36744]: move loaded to delayed: AFKUser
dyld[36744]: move loaded to delayed: ATSUI
dyld[36744]: move loaded to delayed: SAObjects
dyld[36744]: move loaded to delayed: AudioToolbox
dyld[36744]: move loaded to delayed: MediaRemote
dyld[36744]: move loaded to delayed: UserNotifications
dyld[36744]: move loaded to delayed: SiriInstrumentation
dyld[36744]: move loaded to delayed: SiriAnalytics
dyld[36744]: move loaded to delayed: SiriTTSService
dyld[36744]: move loaded to delayed: SiriCrossDeviceArbitration
dyld[36744]: move loaded to delayed: FeedbackLogger
dyld[36744]: move loaded to delayed: FaceTimeNameUtility
dyld[36744]: move loaded to delayed: AuthKit
dyld[36744]: move loaded to delayed: SiriCrossDeviceArbitrationFeedback
dyld[36744]: move loaded to delayed: libswiftCoreLocation.dylib
dyld[36744]: move loaded to delayed: libswiftAVFoundation.dylib
dyld[36744]: move loaded to delayed: UIKitServices
dyld[36744]: move loaded to delayed: UnifiedAssetFramework
dyld[36744]: move loaded to delayed: AudioSession
dyld[36744]: move loaded to delayed: MediaExperience
dyld[36744]: move loaded to delayed: libSessionUtility.dylib
dyld[36744]: move loaded to delayed: AudioAccessoryServices
dyld[36744]: move loaded to delayed: CoreBluetooth
dyld[36744]: move loaded to delayed: CoreUtils
dyld[36744]: move loaded to delayed: HID
dyld[36744]: move loaded to delayed: Sharing
dyld[36744]: move loaded to delayed: CoreUtilsExtras
dyld[36744]: move loaded to delayed: IO80211
dyld[36744]: move loaded to delayed: IDSFoundation
dyld[36744]: move loaded to delayed: Apple80211
dyld[36744]: move loaded to delayed: CoreWLAN
dyld[36744]: move loaded to delayed: IOBluetooth
dyld[36744]: move loaded to delayed: libswiftRegexBuilder.dylib
dyld[36744]: move loaded to delayed: IMFoundation
dyld[36744]: move loaded to delayed: Marco
dyld[36744]: move loaded to delayed: CommonUtilities
dyld[36744]: move loaded to delayed: Engram
dyld[36744]: move loaded to delayed: XPCDistributed
dyld[36744]: move loaded to delayed: libtidy.A.dylib
dyld[36744]: move loaded to delayed: Bom
dyld[36744]: move loaded to delayed: libParallelCompression.dylib
dyld[36744]: move loaded to delayed: libIOReport.dylib
dyld[36744]: move loaded to delayed: WiFiPeerToPeer
dyld[36744]: move loaded to delayed: SecurityFoundation
dyld[36744]: move loaded to delayed: Centauri
dyld[36744]: move loaded to delayed: Lexicon
dyld[36744]: move loaded to delayed: libmrc.dylib
dyld[36744]: move loaded to delayed: IPConfiguration
dyld[36744]: move loaded to delayed: Netrb
dyld[36744]: move loaded to delayed: FrontBoardServices
dyld[36744]: move loaded to delayed: libgermantok.dylib
dyld[36744]: move loaded to delayed: LinguisticData
dyld[36744]: move loaded to delayed: MultiverseSupport
dyld[36744]: move loaded to delayed: DiskManagement
dyld[36744]: move loaded to delayed: AppleIDAuthSupport
dyld[36744]: move loaded to delayed: AAAFoundation
dyld[36744]: move loaded to delayed: KeychainCircle
dyld[36744]: move loaded to delayed: URLFormatting
dyld[36744]: move loaded to delayed: libcsfde.dylib
dyld[36744]: move loaded to delayed: libCoreStorage.dylib
dyld[36744]: move loaded to delayed: MediaKit
dyld[36744]: move loaded to delayed: DiscRecording
dyld[36744]: move loaded to delayed: ProtectedCloudStorage
dyld[36744]: move loaded to delayed: EFILogin
dyld[36744]: move loaded to delayed: libheimdal-asn1.dylib
dyld[36744]: move loaded to delayed: OctagonTrust
dyld[36744]: move loaded to delayed: AudioUnit
dyld[36744]: move loaded to delayed: OpenDirectory
dyld[36744]: move loaded to delayed: CFOpenDirectory
dyld[36744]: move loaded to delayed: GeoServices
dyld[36744]: move loaded to delayed: LocationSupport
dyld[36744]: move loaded to delayed: GeoServicesCore
dyld[36744]: move loaded to delayed: PhoneNumbers
dyld[36744]: move loaded to delayed: LocationLogEncryption
dyld[36744]: move loaded to delayed: AVFAudio
dyld[36744]: move loaded to delayed: AVRouting
dyld[36744]: move loaded to delayed: libAccessibility.dylib
dyld[36744]: move loaded to delayed: MediaServices
dyld[36744]: move loaded to delayed: IDS
dyld[36744]: move loaded to delayed: IsolatedCoreAudioClient
dyld[36744]: move loaded to delayed: CoreAudioOrchestration
dyld[36744]: move loaded to delayed: MediaToolbox
dyld[36744]: move loaded to delayed: CoreAVCHD
dyld[36744]: move loaded to delayed: MediaAccessibility
dyld[36744]: move loaded to delayed: Mangrove
dyld[36744]: move loaded to delayed: CMPhoto
dyld[36744]: move loaded to delayed: CoreTelephony
dyld[36744]: move loaded to delayed: CoreAUC
dyld[36744]: move loaded to delayed: AppleJPEGXL
dyld[36744]: move loaded to delayed: libTelephonyUtilDynamic.dylib
dyld[36744]: move loaded to delayed: CryptoKit
dyld[36744]: move loaded to delayed: CryptoKitCBridging
dyld[36744]: move loaded to delayed: CryptoTokenKit
dyld[36744]: move loaded to delayed: LocalAuthentication
dyld[36744]: move loaded to delayed: LocalAuthenticationCore
dyld[36744]: move loaded to delayed: LocalAuthenticationCredentialServices
dyld[36744]: move loaded to delayed: SharedUtils
dyld[36744]: move loaded to delayed: PersistentConnection
dyld[36744]: move loaded to delayed: SonicFoundation
dyld[36744]: move loaded to delayed: AsyncAlgorithmsInternal
dyld[36744]: move loaded to delayed: FTAWD
dyld[36744]: move loaded to delayed: Dendrite
dyld[36744]: move loaded to delayed: libtailspin.dylib
dyld[36744]: move loaded to delayed: Osprey
dyld[36744]: move loaded to delayed: SiriTTS
dyld[36744]: move loaded to delayed: NaturalLanguage
dyld[36744]: move loaded to delayed: GenerativeModels
dyld[36744]: move loaded to delayed: SiriPowerInstrumentation
dyld[36744]: move loaded to delayed: libswiftNaturalLanguage.dylib
dyld[36744]: move loaded to delayed: TailspinSymbolication
dyld[36744]: move loaded to delayed: Darwinup
dyld[36744]: move loaded to delayed: SignpostSupport
dyld[36744]: move loaded to delayed: FeatureFlagsSupport
dyld[36744]: move loaded to delayed: ktrace
dyld[36744]: move loaded to delayed: SampleAnalysis
dyld[36744]: move loaded to delayed: kperfdata
dyld[36744]: move loaded to delayed: libdscsym.dylib
dyld[36744]: move loaded to delayed: AppleMobileFileIntegrity
dyld[36744]: move loaded to delayed: BulkSymbolication
dyld[36744]: move loaded to delayed: libTLE.dylib
dyld[36744]: move loaded to delayed: libmis.dylib
dyld[36744]: move loaded to delayed: ConfigProfileHelper
dyld[36744]: move loaded to delayed: Espresso
dyld[36744]: move loaded to delayed: CoreML
dyld[36744]: move loaded to delayed: libedit.3.dylib
dyld[36744]: move loaded to delayed: ANECompiler
dyld[36744]: move loaded to delayed: AppleNeuralEngine
dyld[36744]: move loaded to delayed: MIL
dyld[36744]: move loaded to delayed: MetalPerformanceShadersGraph
dyld[36744]: move loaded to delayed: MLCompilerServices
dyld[36744]: move loaded to delayed: ANEServices
dyld[36744]: move loaded to delayed: libncurses.5.4.dylib
dyld[36744]: move loaded to delayed: libsandbox.1.dylib
dyld[36744]: move loaded to delayed: libMatch.1.dylib
dyld[36744]: move loaded to delayed: ODIE
dyld[36744]: move loaded to delayed: MLModelAsset
dyld[36744]: move loaded to delayed: MLCompilerRuntime
dyld[36744]: move loaded to delayed: MLCompute
dyld[36744]: move loaded to delayed: MLAssetIO
dyld[36744]: move loaded to delayed: libswiftMLCompute.dylib
dyld[36744]: move loaded to delayed: AVFCore
dyld[36744]: move loaded to delayed: AVFCapture
dyld[36744]: move loaded to delayed: CMImaging
dyld[36744]: move loaded to delayed: Quagga
dyld[36744]: move loaded to delayed: CMCapture
dyld[36744]: move loaded to delayed: CoreMediaIO
dyld[36744]: move loaded to delayed: CMCaptureDevice
dyld[36744]: move loaded to delayed: CoreBrightness
dyld[36744]: move loaded to delayed: CinematicFraming
dyld[36744]: move loaded to delayed: ModelManagerServices
dyld[36744]: move loaded to delayed: CPMS
dyld[36744]: move loaded to delayed: SystemStatus
dyld[36744]: move loaded to delayed: CoreMotion
dyld[36744]: move loaded to delayed: TimeSync
dyld[36744]: move loaded to delayed: DistributedSensing
dyld[36744]: move loaded to delayed: MobileBluetooth
dyld[36744]: move loaded to delayed: IOKitten
dyld[36744]: move loaded to delayed: AppleIntelligenceReporting
dyld[36744]: move loaded to delayed: CoreEmoji
dyld[36744]: move loaded to delayed: libCRFSuite.dylib
dyld[36744]: move loaded to delayed: LanguageModeling
dyld[36744]: move loaded to delayed: CoreNLP
dyld[36744]: move loaded to delayed: Montreal
dyld[36744]: move loaded to delayed: libcmph.dylib
dyld[36744]: move loaded to delayed: libmecab.dylib
dyld[36744]: move loaded to delayed: libThaiTokenizer.dylib
dyld[36744]: move loaded to delayed: GenerativeModelsFoundation
dyld[36744]: move loaded to delayed: TokenGeneration
dyld[36744]: move loaded to delayed: GenerativeFunctions
dyld[36744]: move loaded to delayed: GenerativeFunctionsFoundation
dyld[36744]: move loaded to delayed: ModelCatalog
dyld[36744]: move loaded to delayed: SensitiveContentAnalysisML
dyld[36744]: move loaded to delayed: GenerativeFunctionsInstrumentation
dyld[36744]: move loaded to delayed: PromptKit
dyld[36744]: move loaded to delayed: ProactiveDaemonSupport
dyld[36744]: move loaded to delayed: TokenGenerationCore
dyld[36744]: move loaded to delayed: Trial
dyld[36744]: move loaded to delayed: TrialProto
dyld[36744]: move loaded to delayed: AppleFlatBuffers
dyld[36744]: move loaded to delayed: SentencePieceInternal
dyld[36744]: move loaded to delayed: Vision
dyld[36744]: move loaded to delayed: CoreSceneUnderstanding
dyld[36744]: move loaded to delayed: VisionCore
dyld[36744]: move loaded to delayed: DataDetectorsCore
dyld[36744]: move loaded to delayed: libfaceCore.dylib
dyld[36744]: move loaded to delayed: Futhark
dyld[36744]: move loaded to delayed: InertiaCam
dyld[36744]: move loaded to delayed: TextRecognition
dyld[36744]: move loaded to delayed: DataDetection
dyld[36744]: move loaded to delayed: TextInput
dyld[36744]: move loaded to delayed: CVNLP
dyld[36744]: move loaded to delayed: IntentsFoundation
dyld[36744]: move loaded to delayed: HIDDisplay
dyld[36744]: move loaded to delayed: libcups.2.dylib
dyld[36744]: move loaded to delayed: Kerberos
dyld[36744]: move loaded to delayed: libresolv.9.dylib
dyld[36744]: move loaded to delayed: Heimdal
dyld[36744]: move loaded to delayed: libHeimdalProxy.dylib
dyld[36744]: move loaded to delayed: CommonAuth
dyld[36744]: move loaded to delayed: AXCoreUtilities
dyld[36744]: move loaded to delayed: AttributeGraph
dyld[36744]: move loaded to delayed: libAXSafeCategoryBundle.dylib
dyld[36744]: move loaded to delayed: TabularData
dyld[36744]: move loaded to delayed: ArgumentParserInternal
dyld[36744]: move loaded to delayed: libvDSP.dylib
dyld[36744]: move loaded to delayed: libLAPACK.dylib
dyld[36744]: move loaded to delayed: libLinearAlgebra.dylib
dyld[36744]: move loaded to delayed: libSparseBLAS.dylib
dyld[36744]: move loaded to delayed: libQuadrature.dylib
dyld[36744]: move loaded to delayed: libBNNS.dylib
dyld[36744]: move loaded to delayed: libSparse.dylib
dyld[36744]: move loaded to delayed: ApplePushService
dyld[36744]: move loaded to delayed: CloudKit
dyld[36744]: move loaded to delayed: CoreDuetDaemonProtocol
dyld[36744]: move loaded to delayed: DeviceIdentity
dyld[36744]: move loaded to delayed: SharedWithYouCore
dyld[36744]: move loaded to delayed: CloudTelemetry
dyld[36744]: move loaded to delayed: AppleAccount
dyld[36744]: move loaded to delayed: C2
dyld[36744]: move loaded to delayed: CloudCoreInternal
dyld[36744]: move loaded to delayed: CloudAsset
dyld[36744]: move loaded to delayed: PushKit
dyld[36744]: move loaded to delayed: CoreTransferable
dyld[36744]: move loaded to delayed: NetAuth
dyld[36744]: move loaded to delayed: loginsupport
dyld[36744]: move loaded to delayed: CloudTelemetryTools
dyld[36744]: move loaded to delayed: CloudTelemetryShared.dylib
dyld[36744]: move loaded to delayed: RTCReporting
dyld[36744]: move loaded to delayed: AAAFoundationSwift
dyld[36744]: move loaded to delayed: AppleIDSSOAuthentication
dyld[36744]: move loaded to delayed: UIFoundation
dyld[36744]: move loaded to delayed: CaptiveNetwork
dyld[36744]: move loaded to delayed: EAP8021X
dyld[36744]: move loaded to delayed: CryptoKitPrivate
dyld[36744]: move loaded to delayed: FindMyDevice
dyld[36744]: move loaded to delayed: FMCoreLite
dyld[36744]: move loaded to delayed: ServiceManagement
dyld[36744]: move loaded to delayed: libCheckFix.dylib
dyld[36744]: move loaded to delayed: MetadataUtilities
dyld[36744]: move loaded to delayed: InstalledContentLibrary
dyld[36744]: move loaded to delayed: CoreServicesStore
dyld[36744]: move loaded to delayed: libapp_launch_measurement.dylib
dyld[36744]: move loaded to delayed: MobileSystemServices
dyld[36744]: move loaded to delayed: libxslt.1.dylib
dyld[36744]: move loaded to delayed: BackgroundTaskManagement
dyld[36744]: move loaded to delayed: libcurl.4.dylib
dyld[36744]: move loaded to delayed: libcrypto.46.dylib
dyld[36744]: move loaded to delayed: libssl.48.dylib
dyld[36744]: move loaded to delayed: LDAP
dyld[36744]: move loaded to delayed: TrustEvaluationAgent
dyld[36744]: move loaded to delayed: libsasl2.2.dylib
dyld[36743]: <E40F1B0E-00E9-3861-9819-904465B212D5> /Users/catethos/.local/share/mise/installs/erlang/29.0.4/lib/crypto-5.9.2/priv/lib/crypto.so
dyld[36743]: <D4D92F75-9231-314D-B120-2264DAAFE44C> /Users/catethos/workspace/ladybugex/zig_library/_build/hardening-beam/lib/aphid/priv/lib/Elixir.Aphid.Native.so
dyld[36743]: <423AD107-4024-3B0A-AE9E-473EA0426E7B> /Users/catethos/workspace/ladybugex/zig_library/_build/asan-public-bridge/libaphid_bridge.dylib
dyld[36743]: <45005865-297D-3067-92F0-7B51A69509C3> /Users/catethos/workspace/ladybugex/zig_library/_build/fts-candidate-sanitizers-clt21/liblbug.0.dylib
dyld[36743]: <2DE09756-E00A-3853-9B94-321A32CA37DD> /Users/catethos/workspace/ladybugex/zig_library/_build/hardening-beam/lib/aphid/priv/lib/Elixir.Aphid.Proof.so

19:13:20.400 [debug] loaded module at Elixir.Aphid.Proof
Running ExUnit with seed: 0, max_cases: 2

/Users/catethos/workspace/ladybugex/zig_library/native/upstream/ladybug/src/processor/operator/order_by/order_by_key_encoder.cpp:358:22: runtime error: load of misaligned address 0x00016bddc001 for type 'uint64_t' (aka 'unsigned long long'), which requires 8 byte alignment
0x00016bddc001: note: pointer points here
 00 00 00  00 00 00 00 00 00 00 00  00 00 00 00 00 00 00 00  00 00 00 00 00 00 00 00  00 00 00 00 00
              ^ 
    #0 0x000301353118 in void lbug::processor::OrderByKeyEncoder::encodeTemplate<double>(unsigned char const*, unsigned char*, bool)+0xfc (liblbug.0.dylib:arm64+0x1353118)
    #1 0x000301351274 in lbug::processor::OrderByKeyEncoder::encodeFlatVector(lbug::common::ValueVector*, unsigned char*, unsigned int)+0x354 (liblbug.0.dylib:arm64+0x1351274)
    #2 0x00030134fe08 in lbug::processor::OrderByKeyEncoder::encodeKeys(std::__1::vector<lbug::common::ValueVector*, std::__1::allocator<lbug::common::ValueVector*>> const&)+0x378 (liblbug.0.dylib:arm64+0x134fe08)
    #3 0x00030136787c in lbug::processor::SortLocalState::append(std::__1::vector<lbug::common::ValueVector*, std::__1::allocator<lbug::common::ValueVector*>> const&, std::__1::vector<lbug::common::ValueVector*, std::__1::allocator<lbug::common::ValueVector*>> const&)+0x4c (liblbug.0.dylib:arm64+0x136787c)
    #4 0x00030134ce34 in lbug::processor::OrderBy::executeInternal(lbug::processor::ExecutionContext*)+0xd4 (liblbug.0.dylib:arm64+0x134ce34)
    #5 0x0003016c9cb4 in lbug::processor::Sink::execute(lbug::processor::ResultSet*, lbug::processor::ExecutionContext*)+0x9c (liblbug.0.dylib:arm64+0x16c9cb4)
    #6 0x0003016c96f0 in lbug::processor::ProcessorTask::run()+0x524 (liblbug.0.dylib:arm64+0x16c96f0)
    #7 0x000300328578 in lbug::common::TaskScheduler::runWorkerThread()+0x47c (liblbug.0.dylib:arm64+0x328578)
    #8 0x00030032a43c in void* std::__1::__thread_proxy[abi:nqe210106]<std::__1::tuple<std::__1::unique_ptr<std::__1::__thread_struct, std::__1::default_delete<std::__1::__thread_struct>>, lbug::common::TaskScheduler::TaskScheduler(unsigned long long, unsigned int)::$_0>>(void*)+0x11c (liblbug.0.dylib:arm64+0x32a43c)
    #9 0x00010533dd64 in asan_thread_start(void*)+0x4c (libclang_rt.asan_osx_dynamic.dylib:arm64e+0x3dd64)
    #10 0x000181d97c54 in _pthread_start+0x84 (libsystem_pthread.dylib:arm64e+0x6c54)
    #11 0x000181d92c18 in thread_start+0x4 (libsystem_pthread.dylib:arm64e+0x1c18)

SUMMARY: UndefinedBehaviorSanitizer: undefined-behavior /Users/catethos/workspace/ladybugex/zig_library/native/upstream/ladybug/src/processor/operator/order_by/order_by_key_encoder.cpp:358:22 
{"command": ["/Users/catethos/.local/share/mise/installs/erlang/29.0.4/erts-17.0.4/bin/beam.smp", "-S", "1:1", "-SDcpu", "1:1", "--", "-root", "/Users/catethos/.local/share/mise/installs/erlang/29.0.4", "-bindir", "/Users/catethos/.local/share/mise/installs/erlang/29.0.4/erts-17.0.4/bin", "-progname", "erl", "--", "-home", "/Users/catethos", "--", "-kernel", "shell_history", "enabled", "--", "-noshell", "-elixir_root", "/Users/catethos/.local/share/mise/installs/elixir/1.20.0-otp-28/bin/../lib", "-pa", "/Users/catethos/.local/share/mise/installs/elixir/1.20.0-otp-28/bin/../lib/elixir/ebin", "-s", "elixir", "start_cli", "--", "--", "--", "-extra", "/Users/catethos/.local/share/mise/installs/elixir/1.20.0-otp-28/bin/mix", "test", "--no-compile", "--no-deps-check", "test/combined_hardening_test.exs", "--seed", "0"], "cwd": "/Users/catethos/workspace/ladybugex/zig_library", "exit": -6, "seconds": 3.29}
Traceback (most recent call last):
  File "/Users/catethos/workspace/ladybugex/zig_library/scripts/candidate_beam.py", line 36, in <module>
    run(args, env=env, timeout=120)
    ~~~^^^^^^^^^^^^^^^^^^^^^^^^^^^^
  File "/Users/catethos/workspace/ladybugex/zig_library/scripts/proof.py", line 29, in run
    raise RuntimeError(f"command failed: {args}")
RuntimeError: command failed: ['/Users/catethos/.local/share/mise/installs/erlang/29.0.4/erts-17.0.4/bin/beam.smp', '-S', '1:1', '-SDcpu', '1:1', '--', '-root', '/Users/catethos/.local/share/mise/installs/erlang/29.0.4', '-bindir', '/Users/catethos/.local/share/mise/installs/erlang/29.0.4/erts-17.0.4/bin', '-progname', 'erl', '--', '-home', '/Users/catethos', '--', '-kernel', 'shell_history', 'enabled', '--', '-noshell', '-elixir_root', '/Users/catethos/.local/share/mise/installs/elixir/1.20.0-otp-28/bin/../lib', '-pa', '/Users/catethos/.local/share/mise/installs/elixir/1.20.0-otp-28/bin/../lib/elixir/ebin', '-s', 'elixir', 'start_cli', '--', '--', '--', '-extra', '/Users/catethos/.local/share/mise/installs/elixir/1.20.0-otp-28/bin/mix', 'test', '--no-compile', '--no-deps-check', 'test/combined_hardening_test.exs', '--seed', '0']
