dyld[46911]: <551CEC32-543F-3A81-BB5F-149DF4DB417C> /Users/catethos/.local/share/mise/installs/erlang/29.0.4/erts-17.0.4/bin/erlexec
dyld[46911]: <4CC4CAD6-45A6-361E-9343-DE636A0B5C02> /usr/lib/libSystem.B.dylib
dyld[46911]: <EA7C2E0B-52BF-3D45-9A33-38F54A535452> /usr/lib/system/libcache.dylib
dyld[46911]: <72D94140-1281-3886-971B-37C810403C03> /usr/lib/system/libcommonCrypto.dylib
dyld[46911]: <D60A9B54-A909-3FD5-93B9-3F38BE0A2BE8> /usr/lib/system/libcompiler_rt.dylib
dyld[46911]: <58F425CF-7D4F-34FD-9620-706A2A7F8BDC> /usr/lib/system/libcopyfile.dylib
dyld[46911]: <D54389FC-4078-370D-A863-9FEF16E00DFD> /usr/lib/system/libcorecrypto.dylib
dyld[46911]: <243E06A0-7BFF-3C3F-8A9B-D7732729B361> /usr/lib/system/libdispatch.dylib
dyld[46911]: <634959D0-592E-349C-B549-B91F2FF09858> /usr/lib/system/libdyld.dylib
dyld[46911]: <18EFA1CE-C535-3EAC-BC2C-7955593B7382> /usr/lib/system/libkeymgr.dylib
dyld[46911]: <3E43AF47-AD89-3BB4-82B9-A9533F4334DF> /usr/lib/system/libmacho.dylib
dyld[46911]: <78C5B827-8152-358D-90E9-B02F02A68B17> /usr/lib/system/libquarantine.dylib
dyld[46911]: <DA9C2B48-7A9C-32EA-888D-6C7AEB5250E6> /usr/lib/system/libremovefile.dylib
dyld[46911]: <FF57F6FA-F3A1-343D-815D-57B769D31445> /usr/lib/system/libsystem_asl.dylib
dyld[46911]: <A712B95E-BCEE-3F12-9F9B-58E6C2060E53> /usr/lib/system/libsystem_blocks.dylib
dyld[46911]: <FDC4E366-5C14-3A1E-BC35-D933D28CDCF3> /usr/lib/system/libsystem_c.dylib
dyld[46911]: <BDA28F78-F479-3C22-B9C7-4ABCB6801592> /usr/lib/system/libsystem_collections.dylib
dyld[46911]: <A14ED142-2F56-33A6-A23C-EEB8417DC90E> /usr/lib/system/libsystem_configuration.dylib
dyld[46911]: <2E14025A-52C2-361D-8A8F-5DD45825A2C9> /usr/lib/system/libsystem_containermanager.dylib
dyld[46911]: <F335DA14-69E8-336E-85A3-11EE239255F0> /usr/lib/system/libsystem_coreservices.dylib
dyld[46911]: <A095E4FE-0EE1-34DF-B00A-7D349FBC55E0> /usr/lib/system/libsystem_darwin.dylib
dyld[46911]: <6C03D78B-BFAB-3C7A-B713-50881791EE08> /usr/lib/system/libsystem_darwindirectory.dylib
dyld[46911]: <2C4C3043-008E-3BD8-BC29-AB9AD235DBA9> /usr/lib/system/libsystem_dnssd.dylib
dyld[46911]: <A279E124-8499-3FFC-A788-655070028F97> /usr/lib/system/libsystem_eligibility.dylib
dyld[46911]: <5E7CDBD5-44AB-34C0-A0F5-FC72F6116CDC> /usr/lib/system/libsystem_featureflags.dylib
dyld[46911]: <7402662E-F235-3F48-BB65-F64C8CF0F2BB> /usr/lib/system/libsystem_info.dylib
dyld[46911]: <3739A40F-2C17-3503-92D6-098141E56E89> /usr/lib/system/libsystem_m.dylib
dyld[46911]: <971CDCFE-4D20-300E-A1D6-EC8672FDD258> /usr/lib/system/libsystem_malloc.dylib
dyld[46911]: <01D14A9E-16DC-372C-8AA8-CC7AD39E797F> /usr/lib/system/libsystem_networkextension.dylib
dyld[46911]: <F9B1BAFF-4D09-3A1F-839B-189C21EB5FBB> /usr/lib/system/libsystem_notify.dylib
dyld[46911]: <6592D3CE-38C6-3C08-9EA5-75D64F37993F> /usr/lib/system/libsystem_sandbox.dylib
dyld[46911]: <C92FAEE5-DAED-3340-96B3-0C42B005ADF9> /usr/lib/system/libsystem_sanitizers.dylib
dyld[46911]: <C85AF062-AA9B-35BB-904C-C055B2C21602> /usr/lib/system/libsystem_secinit.dylib
dyld[46911]: <7CFB3A10-ADB2-32C4-99B5-922A111B3224> /usr/lib/system/libsystem_kernel.dylib
dyld[46911]: <4C6BD0FE-25F2-38D8-BE5C-24DAC1DEDCFB> /usr/lib/system/libsystem_platform.dylib
dyld[46911]: <12342372-0084-37A5-9EA6-2E4DC940C685> /usr/lib/system/libsystem_pthread.dylib
dyld[46911]: <CE07A0DF-31B6-3528-B7CE-91CAD89AA519> /usr/lib/system/libsystem_symptoms.dylib
dyld[46911]: <E043667E-AD01-3228-837F-A381F32F2B30> /usr/lib/system/libsystem_trace.dylib
dyld[46911]: <2FF186A6-F448-38CD-9A30-8B5B1AEFCA10> /usr/lib/system/libsystem_trial.dylib
dyld[46911]: <B21A1015-83D4-31D8-BA41-88688962D9A6> /usr/lib/system/libunwind.dylib
dyld[46911]: <40BBE226-77D4-332E-9DA8-F0B5BACFB86D> /usr/lib/system/libxpc.dylib
dyld[46911]: <40277974-D20C-3EC8-B25C-43AE30D8CC60> /usr/lib/libobjc.A.dylib
dyld[46911]: <5BCE8CB3-4EF5-3181-B96B-8E8130851510> /System/Library/PrivateFrameworks/XPCSupport.framework/Versions/A/XPCSupport
dyld[46911]: <FDBA2243-A7AB-3524-9B94-F3034AC36E41> /System/Library/Frameworks/CoreFoundation.framework/Versions/A/CoreFoundation
dyld[46911]: <81895735-AEE8-36CF-B7ED-370A80C4E78A> /usr/lib/swift/libswiftCore.dylib
dyld[46911]: <DDE77B06-5E25-380B-85B7-BA1A27D09021> /usr/lib/libc++abi.dylib
dyld[46911]: <F41D814B-FE1F-311A-A778-5F0699628188> /usr/lib/libRosetta.dylib
dyld[46911]: <C6DC2145-7B94-3E01-ADE5-96A6C2D078BC> /usr/lib/libc++.1.dylib
dyld[46911]: <2E3EA3FE-B1EF-3EDA-B94E-C7FC54E30C13> /System/Library/Frameworks/Foundation.framework/Versions/C/Foundation
dyld[46911]: <4A2A8D5B-A79D-36B3-A688-1792E7A98EA6> /usr/lib/swift/libswiftObjectiveC.dylib
dyld[46911]: <CB44DEF4-FCFF-36ED-8E9D-BB26E0DFACAC> /usr/lib/libswiftPrespecialized.dylib
dyld[46911]: <7C419E70-AC1A-3BF9-913F-D2F87F60680B> /System/Library/Frameworks/SystemConfiguration.framework/Versions/A/SystemConfiguration
dyld[46911]: <03BEB01C-EE74-3952-80FC-D2B7CF9C798D> /usr/lib/libz.1.dylib
dyld[46911]: <1C295E81-112C-3641-8846-101E1BD9471D> /System/Library/PrivateFrameworks/CoreAutoLayout.framework/Versions/A/CoreAutoLayout
dyld[46911]: <B0B762DB-DEE4-368F-94E4-6BCFEC98E286> /usr/lib/libcmark-gfm.dylib
dyld[46911]: <4A5173C4-2F2F-3503-9FED-70C4E5BEFA0F> /usr/lib/libfakelink.dylib
dyld[46911]: <88B2498F-674F-34B8-AC5F-048E050518E5> /usr/lib/libcompression.dylib
dyld[46911]: <49C50CC0-E432-3C8D-84D5-F6AA825941A3> /System/Library/Frameworks/CFNetwork.framework/Versions/A/CFNetwork
dyld[46911]: <ECE02111-DA6A-386C-B109-699F01824273> /System/Library/Frameworks/DiskArbitration.framework/Versions/A/DiskArbitration
dyld[46911]: <CE6444C3-4DCC-3F04-B4EC-AE78233CD4C8> /usr/lib/libarchive.2.dylib
dyld[46911]: <E681BCDD-6DE1-3079-8AD8-DB80F389420D> /usr/lib/libDiagnosticMessagesClient.dylib
dyld[46911]: <700597A5-5992-3705-9F22-3E970E735653> /usr/lib/libicucore.A.dylib
dyld[46911]: <E706ECFF-E18C-3E27-B22D-B8307DE9C6D2> /usr/lib/libxml2.2.dylib
dyld[46911]: <B20E2809-8922-3D51-9CF9-1EF7DFDFBE1D> /System/Library/Frameworks/CoreServices.framework/Versions/A/CoreServices
dyld[46911]: <A316E5EC-C7E2-3D1C-A36A-7075E38735A8> /usr/lib/liblangid.dylib
dyld[46911]: <93FF2D40-D3DB-37A6-A827-8C8947B0BDCF> /System/Library/Frameworks/IOKit.framework/Versions/A/IOKit
dyld[46911]: <EBB4454A-765B-38CF-8B9D-71FF1B53D290> /System/Library/Frameworks/Combine.framework/Versions/A/Combine
dyld[46911]: <FD544864-C6FA-3FB3-B8EA-7ECAA412D97F> /System/Library/PrivateFrameworks/CollectionsInternal.framework/Versions/A/CollectionsInternal
dyld[46911]: <B66B4EC0-DF77-317E-B57C-9005FCA3B3E1> /System/Library/PrivateFrameworks/ReflectionInternal.framework/Versions/A/ReflectionInternal
dyld[46911]: <8D664FD8-9C6D-35F2-A0CB-C7E22ABEB804> /System/Library/PrivateFrameworks/RuntimeInternal.framework/Versions/A/RuntimeInternal
dyld[46911]: <105FF8F1-5BE6-387D-B850-ECE87B4BFE9C> /System/Library/PrivateFrameworks/SoftLinking.framework/Versions/A/SoftLinking
dyld[46911]: <EE71FC23-45F1-30AE-B49C-74D2DE7882BA> /usr/lib/swift/libswiftCoreFoundation.dylib
dyld[46911]: <70D613F2-BFE7-38FC-A7E8-80779478F554> /usr/lib/swift/libswiftDarwin.dylib
dyld[46911]: <F272890D-9996-3BD0-A5AA-67CE47819FE4> /usr/lib/swift/libswiftDispatch.dylib
dyld[46911]: <1A55E5A8-85E6-3067-AB87-4AC87B8C6530> /usr/lib/swift/libswiftIOKit.dylib
dyld[46911]: <92A7149B-3E19-38D2-BD36-3360D56F3096> /usr/lib/swift/libswiftSystem.dylib
dyld[46911]: <75A38F4A-06EE-3FD1-87A3-8F9FF972CE47> /usr/lib/swift/libswiftXPC.dylib
dyld[46911]: <4C680D47-D53D-3E82-9575-B04943349B45> /usr/lib/swift/libswift_Builtin_float.dylib
dyld[46911]: <E202745F-BFF6-3F29-A171-5C8DDE11779C> /usr/lib/swift/libswift_Concurrency.dylib
dyld[46911]: <4A0A069F-D0C0-3F0A-BE4F-4AFE0DF78D58> /usr/lib/swift/libswift_DarwinFoundation1.dylib
dyld[46911]: <2B54D7C1-96A9-350E-B680-2CEC48FE32AE> /usr/lib/swift/libswift_StringProcessing.dylib
dyld[46911]: <C191573D-AF50-3C8E-840C-F64782CC2BFC> /usr/lib/swift/libswiftos.dylib
dyld[46911]: <48EB2100-B5F6-3150-A424-5FD9EEC9B77B> /System/Library/PrivateFrameworks/CoreServicesInternal.framework/Versions/A/CoreServicesInternal
dyld[46911]: <F41D814B-FE1F-311A-A778-5F0699628188> /usr/lib/liboah.dylib
dyld[46911]: <A4C45770-BA54-3D2C-9DA3-077F5A497C32> /System/Library/Frameworks/Security.framework/Versions/A/Security
dyld[46911]: <D3D5DEE9-258B-33B9-A688-CF81D495E88D> /System/Library/PrivateFrameworks/GenerationalStorage.framework/Versions/A/GenerationalStorage
dyld[46911]: <02498F6E-F56A-35EC-BBFD-09E0739F330E> /System/Library/PrivateFrameworks/CacheDelete.framework/Versions/A/CacheDelete
dyld[46911]: <5879E066-73C2-3C08-9571-57A56D8FC106> /System/Library/Frameworks/QuickLookThumbnailing.framework/Versions/A/QuickLookThumbnailing
dyld[46911]: <56C602D6-EE17-31C4-BACC-962E392B7A14> /System/Library/Frameworks/FileProvider.framework/Versions/A/FileProvider
dyld[46911]: <1D861D5E-F6F8-3B0C-97F0-6F7DA8174A13> /System/Library/PrivateFrameworks/DiskImages.framework/Versions/A/DiskImages
dyld[46911]: <8B049FBF-B02F-3B65-B252-36DD33AE4DCB> /System/Library/Frameworks/NetFS.framework/Versions/A/NetFS
dyld[46911]: <8A8560B9-089E-3AB8-996F-C1E6F335D567> /System/Library/PrivateFrameworks/DesktopServicesPriv.framework/Versions/A/DesktopServicesPriv
dyld[46911]: <4DF5833E-170E-391E-8068-334A1619B6EC> /System/Library/Frameworks/CoreServices.framework/Versions/A/Frameworks/FSEvents.framework/Versions/A/FSEvents
dyld[46911]: <C3100FC0-CB90-375E-8228-7AD3095F70CC> /System/Library/Frameworks/CoreServices.framework/Versions/A/Frameworks/CarbonCore.framework/Versions/A/CarbonCore
dyld[46911]: <20352036-F9BF-311D-BF2B-4BE56DE35A4C> /System/Library/Frameworks/CoreServices.framework/Versions/A/Frameworks/Metadata.framework/Versions/A/Metadata
dyld[46911]: <C43D9113-B804-3617-AB4E-18B9746C3FD7> /System/Library/Frameworks/CoreServices.framework/Versions/A/Frameworks/OSServices.framework/Versions/A/OSServices
dyld[46911]: <DB2FEE7A-4E93-3C0A-A1BC-1A7915D7F824> /System/Library/Frameworks/CoreServices.framework/Versions/A/Frameworks/SearchKit.framework/Versions/A/SearchKit
dyld[46911]: <1FE41C73-319E-31D6-8AB9-5D9725C29840> /System/Library/Frameworks/CoreServices.framework/Versions/A/Frameworks/AE.framework/Versions/A/AE
dyld[46911]: <F672AF6B-712F-3E94-A30C-D962C961B1AE> /System/Library/Frameworks/CoreServices.framework/Versions/A/Frameworks/LaunchServices.framework/Versions/A/LaunchServices
dyld[46911]: <89B35D84-BCB4-32EA-B793-BB3563BA6C7E> /System/Library/Frameworks/CoreServices.framework/Versions/A/Frameworks/DictionaryServices.framework/Versions/A/DictionaryServices
dyld[46911]: <11D1A903-7E02-365D-B434-CF1F6928B9C8> /System/Library/Frameworks/CoreServices.framework/Versions/A/Frameworks/SharedFileList.framework/Versions/A/SharedFileList
dyld[46911]: <37EB8634-C367-3986-951F-FE6CE034F9B8> /usr/lib/libapple_nghttp2.dylib
dyld[46911]: <FFED8D03-933A-3E77-A298-899189CFDDEE> /usr/lib/libsqlite3.dylib
dyld[46911]: <480932A5-4C8C-3AEF-AFC3-31D7D5A6DFB7> /System/Library/Frameworks/Accounts.framework/Versions/A/Accounts
dyld[46911]: <277306E7-DBCE-3D31-8E19-1A959860E47C> /System/Library/PrivateFrameworks/AOSKit.framework/Versions/A/AOSKit
dyld[46911]: <F1614AEF-411C-3D85-B147-122B24A52BD2> /System/Library/PrivateFrameworks/AppSSOCore.framework/Versions/A/AppSSOCore
dyld[46911]: <E49883EF-0C5A-34B3-940E-6CDED347A361> /System/Library/PrivateFrameworks/AppSupport.framework/Versions/A/AppSupport
dyld[46911]: <2B4C89E8-6D61-382F-8596-400AFD5DFAED> /System/Library/Frameworks/AVFoundation.framework/Versions/A/AVFoundation
dyld[46911]: <D6494026-1CF4-365F-9D35-BD3C0FAE8463> /System/Library/PrivateFrameworks/BackgroundSystemTasks.framework/Versions/A/BackgroundSystemTasks
dyld[46911]: <5B6BC0A9-527D-3D06-B19A-59A55830D0C2> /System/Library/PrivateFrameworks/CoreAnalytics.framework/Versions/A/CoreAnalytics
dyld[46911]: <86707213-12B9-3943-AF6A-FBFDF1209FCA> /System/Library/Frameworks/CoreGraphics.framework/Versions/A/CoreGraphics
dyld[46911]: <43674C87-ADFF-3F60-9DDD-8CE9CAFA39D5> /System/Library/PrivateFrameworks/DuetActivityScheduler.framework/Versions/A/DuetActivityScheduler
dyld[46911]: <8220298F-96F2-3CED-82CF-C07E11DA38F9> /System/Library/PrivateFrameworks/FTServices.framework/Versions/A/FTServices
dyld[46911]: <6A676BE5-DAA2-3923-8B2D-9183A79D8FCF> /System/Library/Frameworks/GSS.framework/Versions/A/GSS
dyld[46911]: <B9C46934-ECEA-360F-BD4D-39025C7947C9> /System/Library/PrivateFrameworks/InternationalSupport.framework/Versions/A/InternationalSupport
dyld[46911]: <F64C374B-7C49-32B2-BD2E-8822A3F14163> /usr/lib/libMemoryResourceException.dylib
dyld[46911]: <A3C34F06-7BB2-3881-8DD1-775BB79E14B3> /System/Library/PrivateFrameworks/NetworkScore.framework/Versions/A/NetworkScore
dyld[46911]: <31C663CB-E303-3669-A2D3-17AB24A16940> /System/Library/PrivateFrameworks/NetworkServiceProxy.framework/Versions/A/NetworkServiceProxy
dyld[46911]: <949C594B-FE78-3E1A-B40C-4720CF994C75> /System/Library/PrivateFrameworks/RunningBoardServices.framework/Versions/A/RunningBoardServices
dyld[46911]: <291F2CDF-90AA-36D2-94BB-1318387C54C5> /System/Library/PrivateFrameworks/StreamingExtractor.framework/Versions/A/StreamingExtractor
dyld[46911]: <A266C210-8869-390E-93D0-5AC15408C80D> /System/Library/PrivateFrameworks/StreamingZip.framework/Versions/A/StreamingZip
dyld[46911]: <DB7270A8-9BB5-3EBE-B2FD-54F6641D56DE> /System/Library/PrivateFrameworks/SymptomReporter.framework/Versions/A/SymptomReporter
dyld[46911]: <87E902A1-34F8-3ED8-8A5B-00F346A553AE> /usr/lib/libenergytrace.dylib
dyld[46911]: <076C8183-DBAF-3FE4-8019-C95855620AD9> /usr/lib/libnetworkextension.dylib
dyld[46911]: <4A16436D-E026-380A-ADED-84C279C05285> /System/Library/Frameworks/Network.framework/Versions/A/Network
dyld[46911]: <7E84A4E7-383B-33B9-B604-D707E8E0C76A> /usr/lib/libbsm.0.dylib
dyld[46911]: <B20E8F67-6646-3050-AB29-44575B24BB6D> /usr/lib/system/libkxld.dylib
dyld[46911]: <2D2A4D15-9634-3D30-8D50-845C65536968> /System/Library/PrivateFrameworks/AppleKeyStore.framework/Versions/A/AppleKeyStore
dyld[46911]: <CFECAA0B-0E59-3E9B-BE28-7247E52F32BC> /usr/lib/libCoreEntitlements.dylib
dyld[46911]: <DDEA8F2A-0D8C-3136-A60F-159B3BF6BB14> /System/Library/PrivateFrameworks/MessageSecurity.framework/Versions/A/MessageSecurity
dyld[46911]: <4AB73CF2-A262-3297-A4ED-F98885686564> /System/Library/PrivateFrameworks/ProtocolBuffer.framework/Versions/A/ProtocolBuffer
dyld[46911]: <9E416667-BB78-36EB-9B5D-886652738B8E> /System/Library/PrivateFrameworks/CloudServices.framework/Versions/A/CloudServices
dyld[46911]: <88586001-D9A2-3BCE-A0B3-F66B962A5FCD> /System/Library/PrivateFrameworks/SymptomDiagnosticReporter.framework/Versions/A/SymptomDiagnosticReporter
dyld[46911]: <E76B3969-60BD-3EBD-8419-B6D16CB330C2> /System/Library/PrivateFrameworks/CrashReporterSupport.framework/Versions/A/CrashReporterSupport
dyld[46911]: <E0F8AF6B-104D-3F9D-A8FB-49EF7C45EAAE> /usr/lib/libMobileGestalt.dylib
dyld[46911]: <903E85C5-7923-3276-8CD3-439E896B7C6B> /System/Library/PrivateFrameworks/AppleFSCompression.framework/Versions/A/AppleFSCompression
dyld[46911]: <5CF64670-CDC0-3AF0-930A-38522A8573EC> /usr/lib/libcoretls.dylib
dyld[46911]: <88C8B8CF-FC4A-3278-9FD7-A2B90B2F600F> /usr/lib/libcoretls_cfhelpers.dylib
dyld[46911]: <4653F0C2-72CB-3C35-AEB9-AAFD63A5B721> /usr/lib/libpam.2.dylib
dyld[46911]: <47C6FF5C-2E46-3B5A-A3AF-157D64AA89B0> /usr/lib/libxar.1.dylib
dyld[46911]: <715B7DF2-B40D-3EBA-BFC9-13276492ED33> /System/Library/PrivateFrameworks/APFS.framework/Versions/A/APFS
dyld[46911]: <C01C6663-DD1C-3855-AB40-23B40F988E8E> /System/Library/PrivateFrameworks/SwiftASN1Internal.framework/Versions/A/SwiftASN1Internal
dyld[46911]: <AAB4E5F3-8EF1-39BE-A32B-8B4ABF8F390D> /usr/lib/libutil.dylib
dyld[46911]: <389F3921-719F-3A03-BD22-3A711B27FB35> /System/Library/PrivateFrameworks/AppleSystemInfo.framework/Versions/A/AppleSystemInfo
dyld[46911]: <2CFBD4DF-9E6B-34A5-9B6C-BCD05F40F139> /System/Library/PrivateFrameworks/IOMobileFramebuffer.framework/Versions/A/IOMobileFramebuffer
dyld[46911]: <C30F04DE-ADD7-3DBC-A1B2-C7D1EFA08CC6> /System/Library/Frameworks/IOSurface.framework/Versions/A/IOSurface
dyld[46911]: <B73AC390-0D5D-3EDA-A81F-709B68F0E37A> /System/Library/PrivateFrameworks/CoreWiFi.framework/Versions/A/CoreWiFi
dyld[46911]: <E39BD6CE-35C2-3F90-BBC1-F68EB3C71E52> /System/Library/PrivateFrameworks/LoggingSupport.framework/Versions/A/LoggingSupport
dyld[46911]: <B7154554-8A67-3354-B992-14441B39FF71> /System/Library/PrivateFrameworks/MobileAsset.framework/Versions/A/MobileAsset
dyld[46911]: <604DB01F-E423-31DC-A4A1-792F6701BA2D> /System/Library/PrivateFrameworks/PowerLog.framework/Versions/A/PowerLog
dyld[46911]: <BE98D10A-67D4-311C-B556-8D3838CF6F81> /System/Library/PrivateFrameworks/Rapport.framework/Versions/A/Rapport
dyld[46911]: <58E4A38D-47FB-3EAC-B7E0-6818F49D24EA> /System/Library/Frameworks/SwiftData.framework/Versions/A/SwiftData
dyld[46911]: <540009BA-D3E5-3F67-8DE8-ED0033FE9215> /System/Library/PrivateFrameworks/Symptoms.framework/Versions/A/Frameworks/SymptomAnalytics.framework/Versions/A/SymptomAnalytics
dyld[46911]: <743056F4-24EC-3A70-8282-C6F20407C193> /System/Library/Frameworks/UniformTypeIdentifiers.framework/Versions/A/UniformTypeIdentifiers
dyld[46911]: <4C89B3C9-F76E-3ED3-9515-E770E4E0E04A> /System/Library/PrivateFrameworks/UserManagement.framework/Versions/A/UserManagement
dyld[46911]: <0767E249-3DD3-375B-8E61-F5DB8309C5BA> /usr/lib/libboringssl.dylib
dyld[46911]: <819F23DB-90BE-3F09-8647-29C8F3CF929E> /usr/lib/libcupolicy.dylib
dyld[46911]: <B079C73B-474D-3A35-B9FC-C417A2FAAC2D> /usr/lib/libdns_services.dylib
dyld[46911]: <9BFCCC8E-40E3-33F3-8108-ED956930D9B0> /System/Library/Frameworks/NetworkExtension.framework/Versions/A/NetworkExtension
dyld[46911]: <2C368B24-1063-37A2-9815-6392CE0D28FA> /usr/lib/libnwswifttls.dylib
dyld[46911]: <0A92F1D9-34F1-35A9-A293-57BED013A7C7> /usr/lib/libpcap.A.dylib
dyld[46911]: <A88B0E2C-9449-37D5-AA62-8533346704D8> /usr/lib/libquic.dylib
dyld[46911]: <35A0D004-85A7-324D-A597-61F1AA1203B8> /usr/lib/libusrtcp.dylib
dyld[46911]: <AD7AC28E-DF43-3FE2-9F95-1A55421FE21B> /System/Library/PrivateFrameworks/AtomicsInternal.framework/Versions/A/AtomicsInternal
dyld[46911]: <4AFF9D01-B152-3754-917D-FEB9B6EDB074> /System/Library/PrivateFrameworks/InternalSwiftProtobuf.framework/Versions/A/InternalSwiftProtobuf
dyld[46911]: <939A84CD-B303-36D6-89D4-0CA6FE6C9335> /usr/lib/swift/libswiftDistributed.dylib
dyld[46911]: <69B34359-C025-3674-9127-6FE565701511> /usr/lib/swift/libswiftObservation.dylib
dyld[46911]: <7626547E-9425-3FAE-A895-04A4C0B5A24C> /usr/lib/swift/libswiftSynchronization.dylib
dyld[46911]: <61779A8C-8FAF-3B30-88EB-F8B1F7965DA6> /System/Library/PrivateFrameworks/AggregateDictionary.framework/Versions/A/AggregateDictionary
dyld[46911]: <ACB84D0D-0179-32B7-8F5C-53BD2AC740D5> /System/Library/PrivateFrameworks/CoreDuetContext.framework/Versions/A/CoreDuetContext
dyld[46911]: <ED2927D1-85F9-346D-9054-C9008EEFC205> /System/Library/PrivateFrameworks/BiomeLibrary.framework/Versions/A/BiomeLibrary
dyld[46911]: <0F02B28D-130E-3D48-A02E-D62C960731A0> /System/Library/PrivateFrameworks/CoreDuet.framework/Versions/A/CoreDuet
dyld[46911]: <0C2B5247-3909-390E-89D1-CD10B5986FDB> /System/Library/PrivateFrameworks/BiomeStreams.framework/Versions/A/BiomeStreams
dyld[46911]: <ECD6B305-5576-372C-A6C2-6FB8B3449B16> /System/Library/PrivateFrameworks/BiomeFoundation.framework/Versions/A/BiomeFoundation
dyld[46911]: <56BD2841-6328-3882-839C-512E9AEC3220> /System/Library/PrivateFrameworks/BiomePubSub.framework/Versions/A/BiomePubSub
dyld[46911]: <26BCA90F-FDB6-3162-8398-B204D85CFE5B> /System/Library/Frameworks/CoreData.framework/Versions/A/CoreData
dyld[46911]: <5C05FB7B-7E85-3E88-B482-B08EBADE6C7C> /System/Library/PrivateFrameworks/ProactiveSupport.framework/Versions/A/ProactiveSupport
dyld[46911]: <8984813E-20DC-39D0-8760-81CF047BEA77> /System/Library/Frameworks/CoreLocation.framework/Versions/A/CoreLocation
dyld[46911]: <71576C7F-398C-30F3-8B15-E71BBEFCBF40> /System/Library/Frameworks/Intents.framework/Versions/A/Intents
dyld[46911]: <9C3CA246-0044-37F0-9C69-6A72E1434912> /System/Library/Frameworks/_LocationEssentials.framework/Versions/A/_LocationEssentials
dyld[46911]: <6DB9D3C0-C6E8-34F1-BECE-E13E769A8FDB> /usr/lib/liblzma.5.dylib
dyld[46911]: <69865F9B-6DB8-3638-8A23-072E1E349C72> /System/Library/Frameworks/Accelerate.framework/Versions/A/Accelerate
dyld[46911]: <0542EA91-C289-3EEB-A7BD-E3FDC5F48622> /System/Library/PrivateFrameworks/MobileKeyBag.framework/Versions/A/MobileKeyBag
dyld[46911]: <504121FD-73F2-3024-93D0-E8A7C806E94B> /System/Library/PrivateFrameworks/InternationalTextSearch.framework/Versions/A/InternationalTextSearch
dyld[46911]: <6DD8264D-A08C-3E81-A4DC-DF6F92BDE42B> /System/Library/PrivateFrameworks/SoftwareUpdateCoreSupport.framework/Versions/A/SoftwareUpdateCoreSupport
dyld[46911]: <BE013477-FD5C-36B1-9127-66C2080DE35E> /System/Library/PrivateFrameworks/SoftwareUpdateCoreConnect.framework/Versions/A/SoftwareUpdateCoreConnect
dyld[46911]: <B9FE5420-1BC3-3001-ACAF-2E917BFFBDD0> /System/Library/PrivateFrameworks/RemoteServiceDiscovery.framework/Versions/A/RemoteServiceDiscovery
dyld[46911]: <135C2628-BD95-3432-8D97-32C8FDABD1E3> /System/Library/PrivateFrameworks/MSUDataAccessor.framework/Versions/A/MSUDataAccessor
dyld[46911]: <7817458F-E833-3825-A04B-03A79AD8739B> /usr/lib/libbootpolicy.dylib
dyld[46911]: <ED17CD59-DDEC-3BDE-9267-201A02407BAD> /System/Library/PrivateFrameworks/RemoteXPC.framework/Versions/A/RemoteXPC
dyld[46911]: <A1DBFEC9-D0A6-3B2E-99D2-EC6B5B9B960D> /usr/lib/libFDR.dylib
dyld[46911]: <A73B43E8-985F-3BB1-AD2B-DAF39BFF4E95> /usr/lib/libamsupport.dylib
dyld[46911]: <2C923B2B-EB1C-3FD1-8272-4AD141AEE322> /usr/lib/libReverseProxyDevice.dylib
dyld[46911]: <A1751466-FD99-3C13-9DAE-8EE39A575C75> /System/Library/PrivateFrameworks/AppleDeviceQuerySupport.framework/Versions/A/AppleDeviceQuerySupport
dyld[46911]: <6B2536A0-FB99-3B72-BF72-C8A230F76C2F> /usr/lib/libpartition2_dynamic.dylib
dyld[46911]: <50A785A8-C474-3A6D-A6CB-DFD2D0E93B43> /System/Library/PrivateFrameworks/AppleSauce.framework/Versions/A/AppleSauce
dyld[46911]: <4C0A66D2-B313-3A88-B438-3B2FBAFD7994> /usr/lib/libAppleArchive.dylib
dyld[46911]: <F8B99793-2A42-3B06-A92E-C84D8679459A> /usr/lib/libbz2.1.0.dylib
dyld[46911]: <87180846-15A0-3AE6-9375-8986922E7704> /System/Library/Frameworks/Accelerate.framework/Versions/A/Frameworks/vImage.framework/Versions/A/vImage
dyld[46911]: <F9DA17B8-BF0E-3D0E-8D51-8895A09E76CA> /System/Library/Frameworks/Accelerate.framework/Versions/A/Frameworks/vecLib.framework/Versions/A/vecLib
dyld[46911]: <E5B95953-1269-352C-B085-3BC6406E41D9> /System/Library/Frameworks/Accelerate.framework/Versions/A/Frameworks/vecLib.framework/Versions/A/libvMisc.dylib
dyld[46911]: <C127566F-507D-3087-8945-973441413016> /System/Library/Frameworks/Accelerate.framework/Versions/A/Frameworks/vImage.framework/Versions/A/Libraries/libCGInterfaces.dylib
dyld[46911]: <48BF39E9-074A-3BD8-80DD-DEB901859383> /System/Library/PrivateFrameworks/AccelerateGPU.framework/Versions/A/AccelerateGPU
dyld[46911]: <B8AEEB6D-A458-37C3-B22A-99C768B155EA> /System/Library/Frameworks/Accelerate.framework/Versions/A/Frameworks/vecLib.framework/Versions/A/libBLAS.dylib
dyld[46911]: <305A0A92-364D-3C8B-8BC4-DAE07A4E2918> /System/Library/Frameworks/ApplicationServices.framework/Versions/A/ApplicationServices
dyld[46911]: <9C44ABC3-19CD-32AB-A7AA-098813317900> /System/Library/Frameworks/CoreVideo.framework/Versions/A/CoreVideo
dyld[46911]: <96471F96-B3C6-3783-B8BB-17C1E48C46B7> /System/Library/Frameworks/ColorSync.framework/Versions/A/ColorSync
dyld[46911]: <22A4F922-8523-396D-AD9B-DA6FF15DA432> /System/Library/Frameworks/CoreText.framework/Versions/A/CoreText
dyld[46911]: <0CD49F9D-A8E2-303D-98A7-7E9602B00B90> /System/Library/Frameworks/ImageIO.framework/Versions/A/ImageIO
dyld[46911]: <63A93F8B-EBA5-37CF-A171-7B220B8C6A70> /System/Library/Frameworks/ApplicationServices.framework/Versions/A/Frameworks/ATS.framework/Versions/A/ATS
dyld[46911]: <0B0164B2-3069-3AF2-B2C5-8A5F1E81BFD6> /System/Library/Frameworks/ApplicationServices.framework/Versions/A/Frameworks/HIServices.framework/Versions/A/HIServices
dyld[46911]: <395625EB-39F6-392B-88CB-C8679C3A844C> /System/Library/Frameworks/ApplicationServices.framework/Versions/A/Frameworks/PrintCore.framework/Versions/A/PrintCore
dyld[46911]: <2CC38837-4DB6-3BBB-A3C9-75D083BD5C61> /System/Library/Frameworks/ApplicationServices.framework/Versions/A/Frameworks/QD.framework/Versions/A/QD
dyld[46911]: <7E09AC41-9944-3061-BC9A-23B6F977BE3A> /System/Library/Frameworks/ApplicationServices.framework/Versions/A/Frameworks/ColorSyncLegacy.framework/Versions/A/ColorSyncLegacy
dyld[46911]: <26B44C48-BC70-38A8-AAF1-7EC18393E11F> /System/Library/Frameworks/ApplicationServices.framework/Versions/A/Frameworks/SpeechSynthesis.framework/Versions/A/SpeechSynthesis
dyld[46911]: <898384F5-D43B-3BCA-8383-3039E80CFA6D> /System/Library/PrivateFrameworks/SkyLight.framework/Versions/A/SkyLight
dyld[46911]: <27A05596-EDE4-3576-B061-D68EB1B6CAD5> /System/Library/PrivateFrameworks/FontServices.framework/libFontParser.dylib
dyld[46911]: <0C76F3C5-CD3B-3837-BAEB-0226751512F6> /System/Library/PrivateFrameworks/BaseBoard.framework/Versions/A/BaseBoard
dyld[46911]: <35DD2B0B-E814-3C04-89AE-04EB53AB64B2> /System/Library/PrivateFrameworks/BoardServices.framework/Versions/A/BoardServices
dyld[46911]: <822C92A9-C200-3DF8-A48F-04F6FC444EA2> /System/Library/PrivateFrameworks/BackBoardServices.framework/Versions/A/BackBoardServices
dyld[46911]: <83EA7238-159B-3156-8F5D-D84E4D94FAD2> /System/Library/PrivateFrameworks/BackBoardHIDEventFoundation.framework/Versions/A/BackBoardHIDEventFoundation
dyld[46911]: <197CDF27-438E-3EB7-BC35-0C466CCF17CD> /System/Library/Frameworks/CoreDisplay.framework/Versions/A/CoreDisplay
dyld[46911]: <586DC60D-A727-38F7-9156-CC98E30F284D> /System/Library/Frameworks/VideoToolbox.framework/Versions/A/VideoToolbox
dyld[46911]: <7835C05F-D662-38A0-83A8-CA317D2C915B> /System/Library/Frameworks/MetalPerformanceShaders.framework/Versions/A/MetalPerformanceShaders
dyld[46911]: <3B0EC42B-483E-3B2E-9320-4CB6664A302B> /System/Library/PrivateFrameworks/ProDisplayLibrary.framework/Versions/A/ProDisplayLibrary
dyld[46911]: <A4FA1F92-D834-3716-89C5-F0B7C0609744> /System/Library/PrivateFrameworks/IOSurfaceAccelerator.framework/Versions/A/IOSurfaceAccelerator
dyld[46911]: <E62B6554-CA42-3D79-B048-C5F6DEFA20CC> /System/Library/Frameworks/Metal.framework/Versions/A/Metal
dyld[46911]: <61E0BB2C-2B28-3B5A-8548-B2C19521DCAD> /System/Library/PrivateFrameworks/IOAccelerator.framework/Versions/A/IOAccelerator
dyld[46911]: <8149A6D5-5D34-3DE8-9F49-0C13EBA54A00> /System/Library/Frameworks/CoreMedia.framework/Versions/A/CoreMedia
dyld[46911]: <312C79A8-E961-3646-8528-3FC190FAAEA3> /System/Library/PrivateFrameworks/TCC.framework/Versions/A/TCC
dyld[46911]: <C3A8BEDA-D443-3239-93BC-1F77D6307526> /System/Library/PrivateFrameworks/WatchdogClient.framework/Versions/A/WatchdogClient
dyld[46911]: <F1BA3189-E95A-3ECA-B59A-5A6872754484> /System/Library/Frameworks/QuartzCore.framework/Versions/A/QuartzCore
dyld[46911]: <9A09DE9B-0772-325A-BBA2-8164DAB189BE> /System/Library/PrivateFrameworks/MultitouchSupport.framework/Versions/A/MultitouchSupport
dyld[46911]: <DDA5A4B3-59E6-319C-8061-FEFD39ADC8C7> /usr/lib/swift/libswiftAccelerate.dylib
dyld[46911]: <EFBE5ADA-3929-35CF-988E-7AED8B7FDE51> /usr/lib/swift/libswiftCoreAudio.dylib
dyld[46911]: <D1491CD7-17C3-36DB-8775-211B2F22C80F> /usr/lib/swift/libswiftCoreMedia.dylib
dyld[46911]: <10BCDD43-C5E6-38BF-99CA-54B6AD7A3EEA> /usr/lib/swift/libswiftMetal.dylib
dyld[46911]: <57A2CE5E-DAC3-35D2-9BED-6188DF518B70> /usr/lib/swift/libswiftOSLog.dylib
dyld[46911]: <C348816E-C511-356C-830B-5F690FA3AA69> /usr/lib/swift/libswiftQuartzCore.dylib
dyld[46911]: <D02B3C6D-7F89-3910-B160-7339E13B7778> /usr/lib/swift/libswiftUniformTypeIdentifiers.dylib
dyld[46911]: <E0458D1A-E650-3E6B-99A1-1882CC4A159A> /usr/lib/swift/libswiftVideoToolbox.dylib
dyld[46911]: <F83F1836-73D8-3B30-A8C4-FED0DA5E8CEC> /usr/lib/swift/libswiftsimd.dylib
dyld[46911]: <9A1B7F95-CF13-3127-85D4-9AAF491AF821> /System/Library/PrivateFrameworks/BiomeStorage.framework/Versions/A/BiomeStorage
dyld[46911]: <5DA57389-B626-3B6E-89E3-C724B0468F10> /System/Library/PrivateFrameworks/IntelligencePlatformLibrary.framework/Versions/A/IntelligencePlatformLibrary
dyld[46911]: <2E3DEAB0-737E-3412-9437-32EDB3086EA3> /System/Library/PrivateFrameworks/PoirotSchematizer.framework/Versions/A/PoirotSchematizer
dyld[46911]: <6D9F3228-2B0C-36ED-B43E-BC4148212971> /System/Library/PrivateFrameworks/BiomeSync.framework/Versions/A/BiomeSync
dyld[46911]: <D25EE534-F145-3A91-B92E-2BBDE76BB0B1> /System/Library/PrivateFrameworks/BiomeDSL.framework/Versions/A/BiomeDSL
dyld[46911]: <BC98F8FE-E39A-31DC-B2BB-F129D1352E1E> /System/Library/PrivateFrameworks/FeatureFlags.framework/Versions/A/FeatureFlags
dyld[46911]: <4B0C858E-68AE-32CF-8F62-B44B1838BBB6> /System/Library/PrivateFrameworks/PoirotUDFs.framework/Versions/A/PoirotUDFs
dyld[46911]: <866DBB51-99DA-38A9-A712-4E26BB5A5CE0> /usr/lib/swift/libswift_DarwinFoundation2.dylib
dyld[46911]: <995CB65C-A58D-38B3-A271-917FDB9F8C57> /usr/lib/swift/libswift_DarwinFoundation3.dylib
dyld[46911]: <89179061-46AF-3E0C-8F03-FF9F5ACEE211> /System/Library/PrivateFrameworks/CoreTime.framework/Versions/A/CoreTime
dyld[46911]: <2D429111-B58B-365E-8D8D-68DA82D20589> /usr/lib/libiconv.2.dylib
dyld[46911]: <7704B548-DB2D-3468-B301-82E8F026DDCE> /usr/lib/libcharset.1.dylib
dyld[46911]: <07B78F81-0131-32DA-9961-316C1C248338> /System/Library/PrivateFrameworks/PoirotSQLite.framework/Versions/A/PoirotSQLite
dyld[46911]: <6BA1B88C-B16D-3296-9322-F98613487F18> /usr/lib/swift/libswift_RegexParser.dylib
dyld[46911]: <327752A7-9364-352C-B3FD-79457DC3145C> /System/Library/PrivateFrameworks/CascadeSets.framework/Versions/A/CascadeSets
dyld[46911]: <39D6BD21-AFD7-3068-B747-B94A5D9F1C27> /System/Library/PrivateFrameworks/CorePhoneNumbers.framework/Versions/A/CorePhoneNumbers
dyld[46911]: <72E56855-8FE6-3262-9A11-B2F475119A93> /System/Library/PrivateFrameworks/AppleJPEG.framework/Versions/A/AppleJPEG
dyld[46911]: <6D02979F-089C-3FF7-B3EA-939E8810EDE7> /usr/lib/libexpat.1.dylib
dyld[46911]: <5855ECAC-2298-3B0A-A859-9E643E12010D> /System/Library/Frameworks/ImageIO.framework/Versions/A/Resources/libPng.dylib
dyld[46911]: <2E5FD6A0-0646-3F84-84A8-09F2BD58C56D> /System/Library/Frameworks/ImageIO.framework/Versions/A/Resources/libTIFF.dylib
dyld[46911]: <A4D144D0-C3D8-3BB6-962F-FDBC6DACC105> /System/Library/Frameworks/ImageIO.framework/Versions/A/Resources/libGIF.dylib
dyld[46911]: <FCBA3CD1-64C8-3BE1-AB50-450070167FA3> /System/Library/Frameworks/ImageIO.framework/Versions/A/Resources/libJP2.dylib
dyld[46911]: <8331A311-1C3F-37E5-A6FB-74FEB6D31D57> /usr/lib/libate.dylib
dyld[46911]: <30EA44B1-2A44-3415-A1B6-DD0ED2B7B306> /System/Library/Frameworks/ImageIO.framework/Versions/A/Resources/libJPEG.dylib
dyld[46911]: <2C186C82-66E0-369C-B2D4-1815FAB8AFB3> /System/Library/Frameworks/ImageIO.framework/Versions/A/Resources/libRadiance.dylib
dyld[46911]: <0E239D6E-4F69-3A3C-8F10-207AB9E53626> /System/Library/PrivateFrameworks/GPUCompiler.framework/Versions/32023/Libraries/libllvm-flatbuffers.dylib
dyld[46911]: <E0E4527F-02A1-3B8E-BC59-50596B14C725> /System/Library/PrivateFrameworks/FramePacing.framework/Versions/A/FramePacing
dyld[46911]: <A7E06810-96A7-320B-90FF-41FEC8996481> /System/Library/Frameworks/OpenGL.framework/Versions/A/Libraries/libCoreFSCache.dylib
dyld[46911]: <54727168-9032-3AF7-B571-3A52A508B761> /System/Library/PrivateFrameworks/GPUCompiler.framework/Versions/32023/Libraries/libGPUCompilerUtils.dylib
dyld[46911]: <3877C6C1-2A1C-3971-A39B-BFBCBD2316E4> /System/Library/PrivateFrameworks/GraphicsServices.framework/Versions/A/GraphicsServices
dyld[46911]: <4441E600-26A0-3A7E-A20A-4A4F239AA0D0> /System/Library/Frameworks/OpenGL.framework/Versions/A/OpenGL
dyld[46911]: <D7A8D43B-01FB-363F-9E04-E3AE9712247B> /System/Library/Frameworks/OpenGL.framework/Versions/A/Libraries/libGLU.dylib
dyld[46911]: <82D99F0A-0AE0-3187-AED3-F8EA8602892E> /System/Library/Frameworks/OpenGL.framework/Versions/A/Libraries/libGFXShared.dylib
dyld[46911]: <0467762E-9A84-3C53-B0F4-CA179E29A8CE> /System/Library/Frameworks/OpenGL.framework/Versions/A/Libraries/libGL.dylib
dyld[46911]: <CF163ACB-2E12-3036-AFBE-AAEC42E32A95> /System/Library/Frameworks/OpenGL.framework/Versions/A/Libraries/libGLImage.dylib
dyld[46911]: <DCF9371C-4D04-3524-B0A0-0E0A93183BFB> /System/Library/Frameworks/OpenGL.framework/Versions/A/Libraries/libCVMSPluginSupport.dylib
dyld[46911]: <9879D439-C0AD-3A93-9050-4C0AE6C7DD07> /System/Library/Frameworks/OpenGL.framework/Versions/A/Libraries/libCoreVMClient.dylib
dyld[46911]: <FB88FA95-68C1-3573-B8A4-815488BDA4E6> /System/Library/PrivateFrameworks/GPUWrangler.framework/Versions/A/GPUWrangler
dyld[46911]: <60E38601-35DB-3D90-80C0-BB19848CFED7> /System/Library/PrivateFrameworks/IOPresentment.framework/Versions/A/IOPresentment
dyld[46911]: <F5D64A73-D6D9-380E-BF44-10544E2465B6> /System/Library/PrivateFrameworks/DSExternalDisplay.framework/Versions/A/DSExternalDisplay
dyld[46911]: <9FD68D8C-8D94-32D2-A41C-97A66C2E4BB6> /System/Library/PrivateFrameworks/VideoToolboxParavirtualizationSupport.framework/Versions/A/VideoToolboxParavirtualizationSupport
dyld[46911]: <7EB7686D-74B9-385B-A60F-25F9C97AD46B> /System/Library/PrivateFrameworks/AppleVA.framework/Versions/A/AppleVA
dyld[46911]: <1E88A46B-6D6B-3648-968B-01532612E28C> /System/Library/Frameworks/ExtensionFoundation.framework/Versions/A/ExtensionFoundation
dyld[46911]: <7AEF5F35-87FB-36B6-9347-BFB7DE09B133> /System/Library/PrivateFrameworks/CMCaptureCore.framework/Versions/A/CMCaptureCore
dyld[46911]: <866F4ACD-D94B-3BD7-8B90-573A51A8CEDF> /usr/lib/libspindump.dylib
dyld[46911]: <2E3313F7-C583-3D6C-A88B-37AF8B4C56F0> /System/Library/Frameworks/CoreAudio.framework/Versions/A/CoreAudio
dyld[46911]: <D54F06FB-C477-3A05-9C9F-A02CF013F926> /System/Library/PrivateFrameworks/AppServerSupport.framework/Versions/A/AppServerSupport
dyld[46911]: <8BDF1C32-455B-3FEF-A6E4-ECD49074CA07> /System/Library/PrivateFrameworks/perfdata.framework/Versions/A/perfdata
dyld[46911]: <71BD1CD7-CD33-3689-9EFF-12FAD75B97E5> /System/Library/PrivateFrameworks/AudioDSPGraph.framework/Versions/A/AudioDSPGraph
dyld[46911]: <668AAB07-F503-3EB4-A382-F01FB60269FB> /System/Library/PrivateFrameworks/AudioToolboxCore.framework/Versions/A/AudioToolboxCore
dyld[46911]: <725DE236-E4BB-34E0-A155-46A974629A81> /System/Library/PrivateFrameworks/caulk.framework/Versions/A/caulk
dyld[46911]: <573E42C2-BB6F-3E6C-BA4C-A7689728B174> /usr/lib/libAudioStatistics.dylib
dyld[46911]: <99C955D1-07A3-3FE9-922A-BC678E2EA454> /System/Library/PrivateFrameworks/SystemPolicy.framework/Versions/A/SystemPolicy
dyld[46911]: <08EEC0C2-F56C-3BB9-992A-160E5AAAEB56> /usr/lib/libSMC.dylib
dyld[46911]: <5491E4A8-56A3-3EBC-AC8E-B2D69CB34E32> /usr/lib/swift/libswiftCoreMIDI.dylib
dyld[46911]: <29F750A3-0A23-3C21-8C79-4A2D22F7BE8B> /System/Library/Frameworks/CoreMIDI.framework/Versions/A/CoreMIDI
dyld[46911]: <E83E83E4-F6D9-36B1-A7C8-1391F6E5D4E7> /usr/lib/libAudioToolboxUtility.dylib
dyld[46911]: <0D2BC538-CE70-3EFD-B277-6B12CEED8EC7> /usr/lib/libperfcheck.dylib
dyld[46911]: <AAD9FBE3-5777-3ED9-930F-1B5F492CDFA6> /System/Library/PrivateFrameworks/AudioAnalytics.framework/Versions/A/AudioAnalytics
dyld[46911]: <BFBCF2EC-4BC5-3941-AE6B-3F5BEF2C2296> /System/Library/Frameworks/OSLog.framework/Versions/A/OSLog
dyld[46911]: <C6FCA282-6ABB-38D2-9683-C6A229CCD92B> /System/Library/PrivateFrameworks/OSEligibility.framework/Versions/A/OSEligibility
dyld[46911]: <D170449C-D007-358E-A189-0CAA6CF8D01F> /System/Library/PrivateFrameworks/IconServices.framework/Versions/A/IconServices
dyld[46911]: <FAF6A95A-EDAC-3CEF-AE8A-44C9A4C12AA2> /System/Library/Frameworks/LightweightCodeRequirements.framework/Versions/A/LightweightCodeRequirements
dyld[46911]: <0F0E3B26-14CC-3248-B8FC-F55458E643C1> /System/Library/PrivateFrameworks/PlugInKit.framework/Versions/A/PlugInKit
dyld[46911]: <5F47F3F1-ADF5-35A7-8ADF-9C850F05C96E> /System/Library/PrivateFrameworks/AssertionServices.framework/Versions/A/AssertionServices
dyld[46911]: <4575E49F-BCA8-34CC-8027-BCE51ACDB678> /System/Library/PrivateFrameworks/IconFoundation.framework/Versions/A/IconFoundation
dyld[46911]: <55C4846B-FB15-31BB-81A1-FE1EE773650D> /System/Library/PrivateFrameworks/AssistantServices.framework/Versions/A/AssistantServices
dyld[46911]: <F4165CF9-0759-306E-8253-D5A316F8C87C> /System/Library/PrivateFrameworks/IconRendering.framework/Versions/A/IconRendering
dyld[46911]: <4866A12C-9F52-3ECE-A0C4-55F9E0FD065C> /System/Library/PrivateFrameworks/CoreUI.framework/Versions/A/CoreUI
dyld[46911]: <0B0C1F98-570E-38B6-A749-5A2239DCB0B7> /System/Library/Frameworks/CoreImage.framework/Versions/A/CoreImage
dyld[46911]: <262D0D2A-7A75-3343-AEB9-1294F6DC8118> /System/Library/PrivateFrameworks/SFSymbols.framework/Versions/A/SFSymbols
dyld[46911]: <CB99B5A9-3254-3174-A216-CCE7299B7E49> /System/Library/Frameworks/DeveloperToolsSupport.framework/Versions/A/DeveloperToolsSupport
dyld[46911]: <F7ECFEE8-BD23-380C-B96F-D1C588B8E735> /System/Library/PrivateFrameworks/RenderBox.framework/Versions/A/RenderBox
dyld[46911]: <3F803C87-C3A7-3DF6-B51B-8AADBFEC915C> /System/Library/PrivateFrameworks/CoreSVG.framework/Versions/A/CoreSVG
dyld[46911]: <2EA07A48-1ADC-3A77-9A3A-596142804F26> /System/Library/PrivateFrameworks/TextureIO.framework/Versions/A/TextureIO
dyld[46911]: <804A03E9-5942-312F-A1AA-8638FD385C1C> /usr/lib/swift/libswiftCoreImage.dylib
dyld[46911]: <BCE53558-0DC1-3670-8AD8-00315C2C7A8B> /System/Library/PrivateFrameworks/GraphVisualizer.framework/Versions/A/GraphVisualizer
dyld[46911]: <76B6A89A-771D-3946-8628-2DECF6188233> /System/Library/PrivateFrameworks/FontServices.framework/Versions/A/FontServices
dyld[46911]: <3CBB2906-8FEF-300A-8F84-1A61263AAB2C> /System/Library/PrivateFrameworks/OTSVG.framework/Versions/A/OTSVG
dyld[46911]: <2E43B513-D03C-3AE1-81C4-7B2ADBB6369E> /System/Library/Frameworks/ApplicationServices.framework/Versions/A/Frameworks/ATS.framework/Versions/A/Resources/libFontRegistry.dylib
dyld[46911]: <D0AD39A1-B981-345D-A8AE-F4DD33ACD224> /usr/lib/libhvf.dylib
dyld[46911]: <DC0A782B-37B2-3DB2-929B-C355C657DBA0> /System/Library/PrivateFrameworks/ParsingInternal.framework/Versions/A/ParsingInternal
dyld[46911]: <749892C3-5510-33F1-A268-8C2EBCAA0F35> /System/Library/PrivateFrameworks/FontServices.framework/libXTFontStaticRegistryData.dylib
dyld[46911]: <1C8768D1-ADC9-32F8-9B19-75F5B361342C> /System/Library/Frameworks/MetalPerformanceShaders.framework/Versions/A/Frameworks/MPSCore.framework/Versions/A/MPSCore
dyld[46911]: <C36504AE-AF4B-3BBB-B4C4-2AF4E3180B9C> /System/Library/Frameworks/MetalPerformanceShaders.framework/Versions/A/Frameworks/MPSImage.framework/Versions/A/MPSImage
dyld[46911]: <16ECC4C3-132A-3566-BA81-3A9857E6ECA3> /System/Library/Frameworks/MetalPerformanceShaders.framework/Versions/A/Frameworks/MPSNeuralNetwork.framework/Versions/A/MPSNeuralNetwork
dyld[46911]: <306ACCB4-2F1F-3292-87FD-0E65488119D9> /System/Library/Frameworks/MetalPerformanceShaders.framework/Versions/A/Frameworks/MPSMatrix.framework/Versions/A/MPSMatrix
dyld[46911]: <E53B1901-AED1-3258-9EBD-06F0A617F8CC> /System/Library/Frameworks/MetalPerformanceShaders.framework/Versions/A/Frameworks/MPSRayIntersector.framework/Versions/A/MPSRayIntersector
dyld[46911]: <EE7ACF8A-08BA-38FB-BAF9-A041B5C1647F> /System/Library/Frameworks/MetalPerformanceShaders.framework/Versions/A/Frameworks/MPSNDArray.framework/Versions/A/MPSNDArray
dyld[46911]: <BF31F15F-31CD-395D-AC73-4184B3B369BA> /System/Library/Frameworks/MetalPerformanceShaders.framework/Versions/A/Frameworks/MPSFunctions.framework/Versions/A/MPSFunctions
dyld[46911]: <64E0C8EB-73F2-3B9F-BA62-5011816127E5> /System/Library/Frameworks/MetalPerformanceShaders.framework/Versions/A/Frameworks/MPSBenchmarkLoop.framework/Versions/A/MPSBenchmarkLoop
dyld[46911]: <017CF55F-3554-395F-96CE-3162C11DF459> /System/Library/Frameworks/MetalPerformanceShaders.framework/Versions/A/Frameworks/MPSHost.framework/Versions/A/MPSHost
dyld[46911]: <828164D8-1D9C-3284-BEB6-94E4A14D789F> /System/Library/PrivateFrameworks/MetalTools.framework/Versions/A/MetalTools
dyld[46911]: <818ED21F-78B0-35A6-8759-A7ECABF2BFC8> /System/Library/PrivateFrameworks/IOAccelMemoryInfo.framework/Versions/A/IOAccelMemoryInfo
dyld[46911]: <983D9B3D-E395-3028-A6C5-53A3A18B6604> /System/Library/PrivateFrameworks/kperf.framework/Versions/A/kperf
dyld[46911]: <F8E5C533-6122-3B5D-B88A-A47C32109A9A> /System/Library/PrivateFrameworks/GPURawCounter.framework/Versions/A/GPURawCounter
dyld[46911]: <1DB46CCA-B13C-3959-BC00-924F576CB767> /System/Library/PrivateFrameworks/ASEProcessing.framework/Versions/A/ASEProcessing
dyld[46911]: <4102CB7D-49E9-345A-A779-3AE810B87268> /System/Library/PrivateFrameworks/Symbolication.framework/Versions/A/Symbolication
dyld[46911]: <1D4A69BF-58CF-3D49-A5FE-060A6882656F> /System/Library/PrivateFrameworks/PhotosensitivityProcessing.framework/Versions/A/PhotosensitivityProcessing
dyld[46911]: <AE03A46C-9FB6-374D-B37E-9718D375A651> /System/Library/PrivateFrameworks/SILManager.framework/Versions/A/SILManager
dyld[46911]: <330E7EFA-BC89-312E-BCB8-7B1DF5D9DE3A> /System/Library/PrivateFrameworks/CoreSymbolication.framework/Versions/A/CoreSymbolication
dyld[46911]: <8719F16D-7F55-3975-998C-06005D5DDC68> /System/Library/PrivateFrameworks/MallocStackLogging.framework/Versions/A/MallocStackLogging
dyld[46911]: <9B8E1A80-3FE3-39C1-A2FD-47BA6DFA959D> /System/Library/PrivateFrameworks/DebugSymbols.framework/Versions/A/DebugSymbols
dyld[46911]: <D89BF7AA-5A74-3F60-B20C-8250BD62F6B4> /System/Library/PrivateFrameworks/OSAnalytics.framework/Versions/A/OSAnalytics
dyld[46911]: <34A24CD5-073C-3E55-8D5F-83818DFCB057> /System/Library/PrivateFrameworks/DeviceRecovery.framework/Versions/A/DeviceRecovery
dyld[46911]: <5BD8491A-8C15-3964-9B0F-B1C9369DC3FC> /System/Library/PrivateFrameworks/Tightbeam.framework/Versions/A/Tightbeam
dyld[46911]: <B5EAFB22-7AE0-343B-95BB-7BB58955A702> /usr/lib/swift/libswiftCompression.dylib
dyld[46911]: <5F0A0B0B-7997-351F-99D8-0517689BBABD> /System/Library/PrivateFrameworks/AFKUser.framework/Versions/A/AFKUser
dyld[46911]: <CA3F2D29-2FCB-3DF4-ADA9-94072A8A6CBD> /System/Library/Frameworks/ApplicationServices.framework/Versions/A/Frameworks/ATSUI.framework/Versions/A/ATSUI
dyld[46911]: <85AB42E3-076F-3B68-ACCF-98625AA5E3D9> /System/Library/PrivateFrameworks/SAObjects.framework/Versions/A/SAObjects
dyld[46911]: <A329E39B-D87D-356B-AA05-3A30CC0DBEEF> /System/Library/Frameworks/AudioToolbox.framework/Versions/A/AudioToolbox
dyld[46911]: <459BA19D-9D3F-32BB-9BE4-176D95B85BCF> /System/Library/PrivateFrameworks/MediaRemote.framework/Versions/A/MediaRemote
dyld[46911]: <DCCDD83A-C276-3DD3-8F2E-6D3B899BB586> /System/Library/Frameworks/UserNotifications.framework/Versions/A/UserNotifications
dyld[46911]: <F12A1855-5F99-3D8A-AA13-23CA64268CD7> /System/Library/PrivateFrameworks/SiriInstrumentation.framework/Versions/A/SiriInstrumentation
dyld[46911]: <10891579-226D-3750-91A9-D98D111EA3BA> /System/Library/PrivateFrameworks/SiriAnalytics.framework/Versions/A/SiriAnalytics
dyld[46911]: <0C21B87C-6478-362B-AF45-D3A1D4A83FCF> /System/Library/PrivateFrameworks/SiriTTSService.framework/Versions/A/SiriTTSService
dyld[46911]: <5D8E0ADB-8A76-34C1-92D6-AF35C7EA73CF> /System/Library/PrivateFrameworks/SiriCrossDeviceArbitration.framework/Versions/A/SiriCrossDeviceArbitration
dyld[46911]: <784C4442-B822-3412-AF09-A1E753DDFFA3> /System/Library/PrivateFrameworks/FeedbackLogger.framework/Versions/A/FeedbackLogger
dyld[46911]: <760531A3-5E19-39C5-84B1-A445B2A50129> /System/Library/PrivateFrameworks/FaceTimeNameUtility.framework/Versions/A/FaceTimeNameUtility
dyld[46911]: <033D0C7B-216E-3D54-AD8C-B83BDE9B4F2D> /System/Library/PrivateFrameworks/AuthKit.framework/Versions/A/AuthKit
dyld[46911]: <D04C8621-DE39-35FD-9351-1627B71F02DC> /System/Library/PrivateFrameworks/SiriCrossDeviceArbitrationFeedback.framework/Versions/A/SiriCrossDeviceArbitrationFeedback
dyld[46911]: <E410F3F8-843C-3FCA-968C-3C864D829AF2> /usr/lib/swift/libswiftCoreLocation.dylib
dyld[46911]: <373189AA-6180-34D7-BA84-6BE401E4E1B9> /usr/lib/swift/libswiftAVFoundation.dylib
dyld[46911]: <3E7267BC-3D63-3785-8279-A8823C9C758F> /System/Library/PrivateFrameworks/UIKitServices.framework/Versions/A/UIKitServices
dyld[46911]: <83745C57-DE3B-394D-A83A-D71C79F3A8B9> /System/Library/PrivateFrameworks/UnifiedAssetFramework.framework/Versions/A/UnifiedAssetFramework
dyld[46911]: <5FEF75E9-F1DD-3FA9-A8B0-81277371B8FC> /System/Library/PrivateFrameworks/AudioSession.framework/Versions/A/AudioSession
dyld[46911]: <FA90EFCA-B936-357B-BF18-16A0FB34B9E9> /System/Library/PrivateFrameworks/MediaExperience.framework/Versions/A/MediaExperience
dyld[46911]: <BBC3CD71-264B-3C66-A2C0-5D4D266256EA> /System/Library/PrivateFrameworks/AudioSession.framework/libSessionUtility.dylib
dyld[46911]: <DD4B10E2-D4D6-3490-A745-33527E18CAAA> /System/Library/PrivateFrameworks/AudioAccessoryServices.framework/Versions/A/AudioAccessoryServices
dyld[46911]: <E3CE1636-EE20-35AF-B55A-F42B7B266EA4> /System/Library/Frameworks/CoreBluetooth.framework/Versions/A/CoreBluetooth
dyld[46911]: <51458515-C89E-317A-850D-182764F322EE> /System/Library/PrivateFrameworks/CoreUtils.framework/Versions/A/CoreUtils
dyld[46911]: <C9A86813-25EE-3439-8F66-A83F1A5015EC> /System/Library/PrivateFrameworks/HID.framework/Versions/A/HID
dyld[46911]: <F1FB23C7-7BB9-3B7C-87A2-7CA7F343ED61> /System/Library/PrivateFrameworks/Sharing.framework/Versions/A/Sharing
dyld[46911]: <D18AF20A-1BF0-383C-9E97-96CDCECE07A7> /System/Library/PrivateFrameworks/CoreUtilsExtras.framework/Versions/A/CoreUtilsExtras
dyld[46911]: <5A300AF2-96D7-3A85-ACA6-9084A7C40C6D> /System/Library/PrivateFrameworks/IO80211.framework/Versions/A/IO80211
dyld[46911]: <963A1CA0-DEBD-3341-81A2-DB5B34283C7B> /System/Library/PrivateFrameworks/IDSFoundation.framework/Versions/A/IDSFoundation
dyld[46911]: <8F99AE0B-A693-349F-8904-B70ECB1C86AA> /System/Library/PrivateFrameworks/Apple80211.framework/Versions/A/Apple80211
dyld[46911]: <9C05D8FD-3F10-3476-8A3C-501966EA13D2> /System/Library/Frameworks/CoreWLAN.framework/Versions/A/CoreWLAN
dyld[46911]: <604B1733-3682-3AF6-9F07-C85C999F3131> /System/Library/Frameworks/IOBluetooth.framework/Versions/A/IOBluetooth
dyld[46911]: <F11740D9-FE8D-38B3-99A9-666EE022F7A7> /usr/lib/swift/libswiftRegexBuilder.dylib
dyld[46911]: <1F2E4950-8060-35D0-B598-D2196F2728B3> /System/Library/PrivateFrameworks/IMFoundation.framework/Versions/A/IMFoundation
dyld[46911]: <462A888C-46C7-324A-8A18-4053C6CB2961> /System/Library/PrivateFrameworks/Marco.framework/Versions/A/Marco
dyld[46911]: <736A1792-0123-3722-822B-495B27044953> /System/Library/PrivateFrameworks/CommonUtilities.framework/Versions/A/CommonUtilities
dyld[46911]: <E78D4693-B886-3DE1-A029-497B47261DA3> /System/Library/PrivateFrameworks/Engram.framework/Versions/A/Engram
dyld[46911]: <1ACD9883-DEC9-3AF0-9E28-B11F4E1DC3F9> /System/Library/PrivateFrameworks/XPCDistributed.framework/Versions/A/XPCDistributed
dyld[46911]: <AFE528E7-451E-3EE9-8E02-7693A2C391B9> /usr/lib/libtidy.A.dylib
dyld[46911]: <C579F691-0120-3BEC-9993-E3CD5F7105A3> /System/Library/PrivateFrameworks/Bom.framework/Versions/A/Bom
dyld[46911]: <82153ECE-36A2-3514-87DE-3B8A53E96727> /usr/lib/libParallelCompression.dylib
dyld[46911]: <68CCF67B-1C66-30C0-9135-00BA5B75586F> /usr/lib/libIOReport.dylib
dyld[46911]: <0D7C76A0-047B-398E-B2A8-FD4705F72E5D> /System/Library/PrivateFrameworks/WiFiPeerToPeer.framework/Versions/A/WiFiPeerToPeer
dyld[46911]: <E5FF4EE4-5A8B-3CBA-BA37-3FE6C7012B0D> /System/Library/Frameworks/SecurityFoundation.framework/Versions/A/SecurityFoundation
dyld[46911]: <E2954A31-B31C-3C9B-A7F9-12CAEC0D1D4E> /System/Library/PrivateFrameworks/Centauri.framework/Versions/A/Centauri
dyld[46911]: <65CFA8A7-E7D2-383A-9C47-D2AF8A46AA22> /System/Library/PrivateFrameworks/Lexicon.framework/Versions/A/Lexicon
dyld[46911]: <188D929F-E81D-3922-BCB4-8D34B4E75EA7> /usr/lib/libmrc.dylib
dyld[46911]: <783A3989-84DE-3340-9292-052A10B7DAD7> /System/Library/PrivateFrameworks/IPConfiguration.framework/Versions/A/IPConfiguration
dyld[46911]: <ECFD5323-6A6A-3231-B90E-57E1332B0122> /System/Library/PrivateFrameworks/Netrb.framework/Versions/A/Netrb
dyld[46911]: <A34C688D-A13A-3625-934C-801A13990594> /System/Library/PrivateFrameworks/FrontBoardServices.framework/Versions/A/FrontBoardServices
dyld[46911]: <604E97FC-C938-306C-9DBB-36B10AFFBA39> /usr/lib/libgermantok.dylib
dyld[46911]: <B5E076A6-50D6-3B48-AACD-E1FC575BDCEE> /System/Library/PrivateFrameworks/LinguisticData.framework/Versions/A/LinguisticData
dyld[46911]: <7EDD9E23-5D91-344A-812B-CFD814180C55> /System/Library/PrivateFrameworks/MultiverseSupport.framework/Versions/A/MultiverseSupport
dyld[46911]: <1AFFCA76-E71A-385E-A3C8-968CDBE9E57D> /System/Library/PrivateFrameworks/DiskManagement.framework/Versions/A/DiskManagement
dyld[46911]: <4B693927-5B0A-364E-BC11-F560B1D707FE> /System/Library/PrivateFrameworks/AppleIDAuthSupport.framework/Versions/A/AppleIDAuthSupport
dyld[46911]: <0E5752E3-313E-3B50-9FB4-DB13FECB0BD7> /System/Library/PrivateFrameworks/AAAFoundation.framework/Versions/A/AAAFoundation
dyld[46911]: <B9966194-B1A6-3ED2-98C9-0D4B49D2617E> /System/Library/PrivateFrameworks/KeychainCircle.framework/Versions/A/KeychainCircle
dyld[46911]: <5ED2FD61-010A-3627-92E8-151E71B739D8> /System/Library/PrivateFrameworks/URLFormatting.framework/Versions/A/URLFormatting
dyld[46911]: <7EE79F42-1420-301B-A9FF-2A63A4023C91> /usr/lib/libcsfde.dylib
dyld[46911]: <AA8EDD1F-E406-3164-9FB9-BB0C61256AFF> /usr/lib/libCoreStorage.dylib
dyld[46911]: <80627B52-C5CE-3DC4-A12D-D15FE46A62BA> /System/Library/PrivateFrameworks/MediaKit.framework/Versions/A/MediaKit
dyld[46911]: <4C6BBB60-2884-3DC8-9FCB-472BCD087D84> /System/Library/Frameworks/DiscRecording.framework/Versions/A/DiscRecording
dyld[46911]: <96666EFB-8A3D-30BB-950A-9DDC1DB3F59D> /System/Library/PrivateFrameworks/ProtectedCloudStorage.framework/Versions/A/ProtectedCloudStorage
dyld[46911]: <1E0D7C92-7F70-34BE-9D61-9F7F4781EBE4> /System/Library/PrivateFrameworks/EFILogin.framework/Versions/A/EFILogin
dyld[46911]: <E1A205BF-B3FB-31BF-8685-6D46BA78891E> /usr/lib/libheimdal-asn1.dylib
dyld[46911]: <E2BDB12D-C844-3770-9411-0E35049ECB5E> /System/Library/PrivateFrameworks/OctagonTrust.framework/Versions/A/OctagonTrust
dyld[46911]: <2DF001A3-1D2B-3847-A2FC-79104BDC0783> /System/Library/Frameworks/AudioUnit.framework/Versions/A/AudioUnit
dyld[46911]: <EE42062E-8EDF-332C-98C1-03464732CA4A> /System/Library/Frameworks/OpenDirectory.framework/Versions/A/OpenDirectory
dyld[46911]: <90CA166B-D72F-3584-BF0B-8797CFFA959E> /System/Library/Frameworks/OpenDirectory.framework/Versions/A/Frameworks/CFOpenDirectory.framework/Versions/A/CFOpenDirectory
dyld[46911]: <40753222-0047-3DE4-954C-5879C584A975> /System/Library/PrivateFrameworks/GeoServices.framework/Versions/A/GeoServices
dyld[46911]: <FDD11407-B7F3-331B-B53D-32081A2D1AED> /System/Library/PrivateFrameworks/LocationSupport.framework/Versions/A/LocationSupport
dyld[46911]: <23D11648-1076-3BD7-BFD5-CA4A6B9AE066> /System/Library/PrivateFrameworks/GeoServicesCore.framework/Versions/A/GeoServicesCore
dyld[46911]: <524F80A2-1ACD-3FA7-9D74-1F47697294EB> /System/Library/PrivateFrameworks/PhoneNumbers.framework/Versions/A/PhoneNumbers
dyld[46911]: <2A2AE353-0BCE-3AF5-8C2B-1B5F1F0656E7> /System/Library/PrivateFrameworks/LocationLogEncryption.framework/Versions/A/LocationLogEncryption
dyld[46911]: <CF6E08AD-C2EC-3A40-8537-0D2BDA291D31> /System/Library/Frameworks/AVFAudio.framework/Versions/A/AVFAudio
dyld[46911]: <7924633C-6200-3B69-884D-A6E5527CA4B5> /System/Library/Frameworks/AVRouting.framework/Versions/A/AVRouting
dyld[46911]: <2FFD2C50-D8C7-3D4F-AB17-10C8DDD4ECC0> /usr/lib/libAccessibility.dylib
dyld[46911]: <E47B5590-4F10-352D-806F-E1FAACE16809> /System/Library/PrivateFrameworks/MediaServices.framework/Versions/A/MediaServices
dyld[46911]: <1F5A6198-4F24-3980-A96A-DA16430B882B> /System/Library/PrivateFrameworks/IDS.framework/Versions/A/IDS
dyld[46911]: <4228A6FB-1852-34DA-A9A6-9B22346DC839> /System/Library/PrivateFrameworks/IsolatedCoreAudioClient.framework/Versions/A/IsolatedCoreAudioClient
dyld[46911]: <9B662466-E585-34C6-9A2F-38F865966314> /System/Library/PrivateFrameworks/CoreAudioOrchestration.framework/Versions/A/CoreAudioOrchestration
dyld[46911]: <BE8AD136-C9D0-3589-A37D-4A93E7646FC5> /System/Library/Frameworks/MediaToolbox.framework/Versions/A/MediaToolbox
dyld[46911]: <C024D081-EF4D-347B-B00F-08CE310BC6E6> /System/Library/PrivateFrameworks/CoreAVCHD.framework/Versions/A/CoreAVCHD
dyld[46911]: <544DDE9D-EF38-3D98-B16A-00361208DABA> /System/Library/Frameworks/MediaAccessibility.framework/Versions/A/MediaAccessibility
dyld[46911]: <1845678B-2A2E-3D8F-B05E-3D5054E40973> /System/Library/PrivateFrameworks/Mangrove.framework/Versions/A/Mangrove
dyld[46911]: <83720246-3181-37EB-AE16-01967CC80DAF> /System/Library/PrivateFrameworks/CMPhoto.framework/Versions/A/CMPhoto
dyld[46911]: <C6CCE499-C57B-3499-8BBF-B1F036A037F3> /System/Library/Frameworks/CoreTelephony.framework/Versions/A/CoreTelephony
dyld[46911]: <7C1C3A7F-6247-33D2-B4B8-375AA417817E> /System/Library/PrivateFrameworks/CoreAUC.framework/Versions/A/CoreAUC
dyld[46911]: <BF6FC404-E3BB-3740-896C-B7BF4193B547> /System/Library/PrivateFrameworks/AppleJPEGXL.framework/Versions/A/AppleJPEGXL
dyld[46911]: <3AD5EDAE-8A75-3E29-AA40-63912718CEC9> /usr/lib/libTelephonyUtilDynamic.dylib
dyld[46911]: <8A415D0E-18E7-3C99-B89D-14805F500FB0> /System/Library/Frameworks/CryptoKit.framework/Versions/A/CryptoKit
dyld[46911]: <73EA0865-BCC3-3084-A011-93CD0A55C4EF> /System/Library/PrivateFrameworks/CryptoKitCBridging.framework/Versions/A/CryptoKitCBridging
dyld[46911]: <B214381B-F0CF-3F0E-B2B5-187CBF29616F> /System/Library/Frameworks/CryptoTokenKit.framework/Versions/A/CryptoTokenKit
dyld[46911]: <A68DE487-B65B-390A-A82B-6B62956B353F> /System/Library/Frameworks/LocalAuthentication.framework/Versions/A/LocalAuthentication
dyld[46911]: <53C1AF34-43D2-3DAA-9062-D295F72BFDF3> /System/Library/PrivateFrameworks/LocalAuthenticationCore.framework/Versions/A/LocalAuthenticationCore
dyld[46911]: <251AA620-1546-3DF5-8EFF-B9F9463112D0> /System/Library/PrivateFrameworks/LocalAuthenticationCredentialServices.framework/Versions/A/LocalAuthenticationCredentialServices
dyld[46911]: <957A2E58-89EE-36DE-9213-2E23DB420C7F> /System/Library/Frameworks/LocalAuthentication.framework/Support/SharedUtils.framework/Versions/A/SharedUtils
dyld[46911]: <8A83CAEF-70FC-39B2-A1C9-F312BD81B8D5> /System/Library/PrivateFrameworks/PersistentConnection.framework/Versions/A/PersistentConnection
dyld[46911]: <DA5DF9EF-9649-3931-B1CF-606D0B1A2BE5> /System/Library/PrivateFrameworks/SonicFoundation.framework/Versions/A/SonicFoundation
dyld[46911]: <9F9CDD5B-1D43-3CF4-8B88-4938A6637AF5> /System/Library/PrivateFrameworks/AsyncAlgorithmsInternal.framework/Versions/A/AsyncAlgorithmsInternal
dyld[46911]: <95BAC2EC-84F7-3448-A4C3-AA2F920867C6> /System/Library/PrivateFrameworks/FTAWD.framework/Versions/A/FTAWD
dyld[46911]: <EDAA9D64-779E-34FE-83D2-DF4EF35BAA59> /System/Library/PrivateFrameworks/Dendrite.framework/Versions/A/Dendrite
dyld[46911]: <924805FA-0938-34FA-B76A-4051A087CD65> /usr/lib/libtailspin.dylib
dyld[46911]: <4FB12471-97FF-306E-B552-B481203A8E1B> /System/Library/PrivateFrameworks/Osprey.framework/Versions/A/Osprey
dyld[46911]: <7EE764AE-8E9B-35DB-8839-EE01750F25AB> /System/Library/PrivateFrameworks/SiriTTS.framework/Versions/A/SiriTTS
dyld[46911]: <A896B215-2D9E-37D6-8803-9316AEBF6AF5> /System/Library/Frameworks/NaturalLanguage.framework/Versions/A/NaturalLanguage
dyld[46911]: <478FDFD4-2C36-32BB-9087-F466F0242B69> /System/Library/PrivateFrameworks/GenerativeModels.framework/Versions/A/GenerativeModels
dyld[46911]: <6B95CE76-E69D-3598-AADC-E738C94A43BD> /System/Library/PrivateFrameworks/SiriPowerInstrumentation.framework/Versions/A/SiriPowerInstrumentation
dyld[46911]: <7BC8461C-23ED-39CA-868E-17A68FAFC5AE> /usr/lib/swift/libswiftNaturalLanguage.dylib
dyld[46911]: <247E2F35-65F7-3834-AF0C-532F577FDF23> /System/Library/PrivateFrameworks/TailspinSymbolication.framework/Versions/A/TailspinSymbolication
dyld[46911]: <F0BAA541-E9E2-307A-89AE-42558D70DF45> /System/Library/PrivateFrameworks/Darwinup.framework/Versions/A/Darwinup
dyld[46911]: <ED143A95-22A5-38A0-AFC5-DA00945392EC> /System/Library/PrivateFrameworks/SignpostSupport.framework/Versions/A/SignpostSupport
dyld[46911]: <3DB3AF5E-12BD-3E05-92D8-6DDC488D5633> /System/Library/PrivateFrameworks/FeatureFlagsSupport.framework/Versions/A/FeatureFlagsSupport
dyld[46911]: <86614A25-EE71-3F84-9F47-99671A11803D> /System/Library/PrivateFrameworks/ktrace.framework/Versions/A/ktrace
dyld[46911]: <3C627164-84D9-35A4-AC4D-52A99B7652F0> /System/Library/PrivateFrameworks/SampleAnalysis.framework/Versions/A/SampleAnalysis
dyld[46911]: <4517DDDB-265A-3561-82F9-41E06C6A17A8> /System/Library/PrivateFrameworks/kperfdata.framework/Versions/A/kperfdata
dyld[46911]: <3F0E2B57-6317-3262-BA3D-8A069524F8A5> /usr/lib/libdscsym.dylib
dyld[46911]: <8DCD3201-0098-3106-8870-62A8504F26CE> /System/Library/PrivateFrameworks/AppleMobileFileIntegrity.framework/Versions/A/AppleMobileFileIntegrity
dyld[46911]: <FC95DB95-FCA7-3F42-B435-20575B99CF3A> /System/Library/PrivateFrameworks/BulkSymbolication.framework/Versions/A/BulkSymbolication
dyld[46911]: <142382DC-3D11-3191-84F4-6F39BD1C622C> /usr/lib/libTLE.dylib
dyld[46911]: <0E970B22-63D9-3794-9766-24A3FD8BD273> /usr/lib/libmis.dylib
dyld[46911]: <5FD96939-8D4B-3228-A1F8-100EF174A0D4> /System/Library/PrivateFrameworks/ConfigProfileHelper.framework/Versions/A/ConfigProfileHelper
dyld[46911]: <51BD41DD-616A-382D-B1B2-C11BE8C9953A> /System/Library/PrivateFrameworks/Espresso.framework/Versions/A/Espresso
dyld[46911]: <EDA0F204-8438-3398-91ED-C0E4212C8734> /System/Library/Frameworks/CoreML.framework/Versions/A/CoreML
dyld[46911]: <308A1DB0-C29C-33AF-9AE2-1F8E4E607152> /usr/lib/libedit.3.dylib
dyld[46911]: <BABCC719-40D5-3EAB-B20F-F0F1EB329A3E> /System/Library/PrivateFrameworks/ANECompiler.framework/Versions/A/ANECompiler
dyld[46911]: <1969F88C-4A7F-3B4B-BC08-D3EE33F4D27D> /System/Library/PrivateFrameworks/AppleNeuralEngine.framework/Versions/A/AppleNeuralEngine
dyld[46911]: <E72BAD3A-0E33-3FC5-8356-3B3176382CB1> /System/Library/PrivateFrameworks/MIL.framework/Versions/A/MIL
dyld[46911]: <BBB4C092-A3B1-354B-8C32-147F6EB0256D> /System/Library/Frameworks/MetalPerformanceShadersGraph.framework/Versions/A/MetalPerformanceShadersGraph
dyld[46911]: <54D280F0-3335-3487-AA0D-6A09FFEAEDF7> /System/Library/PrivateFrameworks/MLCompilerServices.framework/Versions/A/MLCompilerServices
dyld[46911]: <A80CE19E-EA8D-363D-A8F4-409455BECE9B> /System/Library/PrivateFrameworks/ANEServices.framework/Versions/A/ANEServices
dyld[46911]: <22F988EF-E518-3F7A-BC3D-E44B9D09627D> /usr/lib/libncurses.5.4.dylib
dyld[46911]: <0A381CB4-37D0-3B5C-ADE0-2C5B4F47D169> /usr/lib/libsandbox.1.dylib
dyld[46911]: <042A6E19-8B2A-3342-B4C1-AD44661B7E26> /usr/lib/libMatch.1.dylib
dyld[46911]: <AB03B991-E6D9-3BAF-AA7D-DBFC815699F3> /System/Library/PrivateFrameworks/ODIE.framework/Versions/A/ODIE
dyld[46911]: <5592BC99-D6A7-303C-8C4C-B839FA6B7508> /System/Library/PrivateFrameworks/MLModelAsset.framework/Versions/A/MLModelAsset
dyld[46911]: <59B92160-FE47-3CEA-B03A-0099F3901A34> /System/Library/PrivateFrameworks/MLCompilerRuntime.framework/Versions/A/MLCompilerRuntime
dyld[46911]: <D62682EC-5F79-397C-855C-569554A4AEF8> /System/Library/Frameworks/MLCompute.framework/Versions/A/MLCompute
dyld[46911]: <873E56C6-57E8-3AD2-A630-B88B0A9669E8> /System/Library/PrivateFrameworks/MLAssetIO.framework/Versions/A/MLAssetIO
dyld[46911]: <847E52FC-37C0-30DA-88CD-4561DD03C06F> /usr/lib/swift/libswiftMLCompute.dylib
dyld[46911]: <DC46545D-E02B-3F2D-BEEC-E1BF5735174F> /System/Library/PrivateFrameworks/AVFCore.framework/Versions/A/AVFCore
dyld[46911]: <3611A176-00BB-35D9-8C0A-9A9A68A8EE9D> /System/Library/PrivateFrameworks/AVFCapture.framework/Versions/A/AVFCapture
dyld[46911]: <2DEE9322-922F-3B85-82C1-5E3249E3E652> /System/Library/PrivateFrameworks/CMImaging.framework/Versions/A/CMImaging
dyld[46911]: <072F9166-25F8-3FBF-9002-23E98E8B7C05> /System/Library/PrivateFrameworks/Quagga.framework/Versions/A/Quagga
dyld[46911]: <FA34827D-C8E0-3BDF-9A4E-FBBF430AD095> /System/Library/PrivateFrameworks/CMCapture.framework/Versions/A/CMCapture
dyld[46911]: <DD237508-D432-30A0-A553-C4AF2D9F40B6> /System/Library/Frameworks/CoreMediaIO.framework/Versions/A/CoreMediaIO
dyld[46911]: <D6788223-2453-39F7-9F00-90EE866A3CDA> /System/Library/PrivateFrameworks/CMCaptureDevice.framework/Versions/A/CMCaptureDevice
dyld[46911]: <68A522A3-ACE1-3597-B6D7-E058D36536FB> /System/Library/PrivateFrameworks/CoreBrightness.framework/Versions/A/CoreBrightness
dyld[46911]: <02711E78-960E-329A-B5C0-5E38615F2698> /System/Library/PrivateFrameworks/CinematicFraming.framework/Versions/A/CinematicFraming
dyld[46911]: <735CE046-E62E-3FA5-B38D-1FD82AA32BA8> /System/Library/PrivateFrameworks/ModelManagerServices.framework/Versions/A/ModelManagerServices
dyld[46911]: <F0165C3A-8601-3789-A114-836489784A93> /System/Library/PrivateFrameworks/CPMS.framework/Versions/A/CPMS
dyld[46911]: <8B0AAC46-6F12-36F0-9A1C-90D56F41BA09> /System/Library/PrivateFrameworks/SystemStatus.framework/Versions/A/SystemStatus
dyld[46911]: <FCEB6F4E-E222-3F9B-8226-8E80A789B21B> /System/Library/Frameworks/CoreMotion.framework/Versions/A/CoreMotion
dyld[46911]: <54DEA4E5-FD31-3AE3-8FEE-3CD99ACFC45B> /System/Library/PrivateFrameworks/TimeSync.framework/Versions/A/TimeSync
dyld[46911]: <2602D902-9B35-32D2-8F22-8BF2B330B298> /System/Library/PrivateFrameworks/DistributedSensing.framework/Versions/A/DistributedSensing
dyld[46911]: <0EEAE872-ADDF-3FE0-9601-C56C453597BB> /System/Library/PrivateFrameworks/MobileBluetooth.framework/Versions/A/MobileBluetooth
dyld[46911]: <FF001948-E029-3473-B7B8-22A4ECFD6560> /System/Library/PrivateFrameworks/IOKitten.framework/Versions/A/IOKitten
dyld[46911]: <45E1CEA1-A60E-30F3-A90F-B7BFB5C5CC17> /System/Library/PrivateFrameworks/AppleIntelligenceReporting.framework/Versions/A/AppleIntelligenceReporting
dyld[46911]: <4BC01F57-2373-3DC9-8B71-308A282D7030> /System/Library/PrivateFrameworks/CoreEmoji.framework/Versions/A/CoreEmoji
dyld[46911]: <8AF3BAA3-66FA-3CEF-A44B-FD79CAC8263F> /usr/lib/libCRFSuite.dylib
dyld[46911]: <4CD4216A-7270-300F-A31D-70FFACD92E12> /System/Library/PrivateFrameworks/LanguageModeling.framework/Versions/A/LanguageModeling
dyld[46911]: <E89ACADA-C30F-3E26-9775-E8BAC21A83AA> /System/Library/PrivateFrameworks/CoreNLP.framework/Versions/A/CoreNLP
dyld[46911]: <3C34BB08-BC5C-397C-A9B5-18A342838CA1> /System/Library/PrivateFrameworks/Montreal.framework/Versions/A/Montreal
dyld[46911]: <2DED54B9-9B5C-3FB3-859E-AAC46074CC8B> /usr/lib/libcmph.dylib
dyld[46911]: <5B76CDD8-6E1F-35F6-AF5E-CE4CDA81957E> /usr/lib/libmecab.dylib
dyld[46911]: <56091C21-AEA9-36A2-A3E3-D50AEC8FFE32> /usr/lib/libThaiTokenizer.dylib
dyld[46911]: <74E54F2B-B7A6-35D9-8101-F30C7F0C1979> /System/Library/PrivateFrameworks/GenerativeModelsFoundation.framework/Versions/A/GenerativeModelsFoundation
dyld[46911]: <63409EB4-B247-3B62-835C-80DD1FCB91A2> /System/Library/PrivateFrameworks/TokenGeneration.framework/Versions/A/TokenGeneration
dyld[46911]: <54D335C7-5679-3ED5-A0E1-C3B9DBF16A9C> /System/Library/PrivateFrameworks/GenerativeFunctions.framework/Versions/A/GenerativeFunctions
dyld[46911]: <AB49FED6-D7FD-3A6B-B4CF-F73AC4165CE0> /System/Library/PrivateFrameworks/GenerativeFunctionsFoundation.framework/Versions/A/GenerativeFunctionsFoundation
dyld[46911]: <790009CA-CA2D-3245-B7B1-71C370D33BDB> /System/Library/PrivateFrameworks/ModelCatalog.framework/Versions/A/ModelCatalog
dyld[46911]: <24F7CF25-24F4-395E-B89D-5C17AE8CE281> /System/Library/PrivateFrameworks/SensitiveContentAnalysisML.framework/Versions/A/SensitiveContentAnalysisML
dyld[46911]: <A2E625ED-90FF-3BCA-BD28-16F062B82C02> /System/Library/PrivateFrameworks/GenerativeFunctionsInstrumentation.framework/Versions/A/GenerativeFunctionsInstrumentation
dyld[46911]: <4851991B-9681-37D8-8A62-005249AD29C7> /System/Library/PrivateFrameworks/PromptKit.framework/Versions/A/PromptKit
dyld[46911]: <A4C38BBC-95E3-38DD-B873-243C53B83A4F> /System/Library/PrivateFrameworks/ProactiveDaemonSupport.framework/Versions/A/ProactiveDaemonSupport
dyld[46911]: <832BF595-350A-3753-8721-D894475016CB> /System/Library/PrivateFrameworks/TokenGenerationCore.framework/Versions/A/TokenGenerationCore
dyld[46911]: <E65C3A22-B998-3185-9DE5-3169814179BF> /System/Library/PrivateFrameworks/Trial.framework/Versions/A/Trial
dyld[46911]: <F66F08E4-F915-3CAE-AF88-70F76AD35303> /System/Library/PrivateFrameworks/TrialProto.framework/Versions/A/TrialProto
dyld[46911]: <4BE321D2-8DF6-3D5E-A531-4E2F77BEE441> /System/Library/PrivateFrameworks/AppleFlatBuffers.framework/Versions/A/AppleFlatBuffers
dyld[46911]: <92A1FE17-1D6F-347B-B1C3-D2C03B6C0DCE> /System/Library/PrivateFrameworks/SentencePieceInternal.framework/Versions/A/SentencePieceInternal
dyld[46911]: <4FFA7ECB-BCA8-3B4D-86F9-9F2C9E084944> /System/Library/Frameworks/Vision.framework/Versions/A/Vision
dyld[46911]: <0A6304CC-6DC4-3079-9FAB-8B9F001C8545> /System/Library/PrivateFrameworks/CoreSceneUnderstanding.framework/Versions/A/CoreSceneUnderstanding
dyld[46911]: <5E086014-D330-3672-9776-E23E8325DD67> /System/Library/PrivateFrameworks/VisionCore.framework/Versions/A/VisionCore
dyld[46911]: <A20BF0E3-F8A9-36AA-B28B-2EF282FC9BF5> /System/Library/PrivateFrameworks/DataDetectorsCore.framework/Versions/A/DataDetectorsCore
dyld[46911]: <23068BF1-0F33-3129-9965-57B1621737DE> /System/Library/Frameworks/Vision.framework/libfaceCore.dylib
dyld[46911]: <5F8738D4-6C03-3DEA-953D-9E31C389E7E1> /System/Library/PrivateFrameworks/Futhark.framework/Versions/A/Futhark
dyld[46911]: <2849D0C3-42A0-3D94-A2B7-F686BD7F760D> /System/Library/PrivateFrameworks/InertiaCam.framework/Versions/A/InertiaCam
dyld[46911]: <393E9D23-8D8D-373B-A8D8-6CF2652D2DAF> /System/Library/PrivateFrameworks/TextRecognition.framework/Versions/A/TextRecognition
dyld[46911]: <0872179E-DB9E-39FF-B22A-05EA62FC0F88> /System/Library/Frameworks/DataDetection.framework/Versions/A/DataDetection
dyld[46911]: <5D3DDFC0-3341-3DAC-A80C-0DFBD0421669> /System/Library/PrivateFrameworks/TextInput.framework/Versions/A/TextInput
dyld[46911]: <A37EF3CE-63A5-3AB5-B3E2-E089F818FF35> /System/Library/PrivateFrameworks/CVNLP.framework/Versions/A/CVNLP
dyld[46911]: <256C79BC-8BEB-390C-95D4-BFEFB95E66A1> /System/Library/PrivateFrameworks/IntentsFoundation.framework/Versions/A/IntentsFoundation
dyld[46911]: <E12CB54A-E895-3D38-8D62-01C5DF8430AB> /System/Library/PrivateFrameworks/HIDDisplay.framework/Versions/A/HIDDisplay
dyld[46911]: <A9F79F7C-A5F8-3164-BEEC-60B19D90DCF2> /usr/lib/libcups.2.dylib
dyld[46911]: <74F49C08-DE60-3E55-A037-F0A34E81BF04> /System/Library/Frameworks/Kerberos.framework/Versions/A/Kerberos
dyld[46911]: <F71E234F-8D15-388D-8819-709BB2AE1ACC> /usr/lib/libresolv.9.dylib
dyld[46911]: <139B1DBE-2FDA-3AE7-9BDE-12D5BA3C8D22> /System/Library/PrivateFrameworks/Heimdal.framework/Versions/A/Heimdal
dyld[46911]: <9BBF5DE9-CCD9-3CF3-8C05-45FB5CCEFEC3> /System/Library/Frameworks/Kerberos.framework/Versions/A/Libraries/libHeimdalProxy.dylib
dyld[46911]: <FFE98159-EDC3-3520-ADAC-F9001408ADD5> /System/Library/PrivateFrameworks/CommonAuth.framework/Versions/A/CommonAuth
dyld[46911]: <17C4F6B8-0A9A-3BF8-8D40-35ABCF9F0D89> /System/Library/PrivateFrameworks/AXCoreUtilities.framework/Versions/A/AXCoreUtilities
dyld[46911]: <8EB0DEAA-CD94-3710-AF80-DBF6947A8250> /System/Library/PrivateFrameworks/AttributeGraph.framework/Versions/A/AttributeGraph
dyld[46911]: <D4766E61-EB81-3FA1-9C48-31BC986B0607> /usr/lib/libAXSafeCategoryBundle.dylib
dyld[46911]: <6E4CAEF6-667C-3A56-9BE2-892F689894E4> /System/Library/Frameworks/TabularData.framework/Versions/A/TabularData
dyld[46911]: <00E79E4B-C0FD-3DF8-A8C3-9C812A9DB049> /System/Library/PrivateFrameworks/ArgumentParserInternal.framework/Versions/A/ArgumentParserInternal
dyld[46911]: <CB222F12-FB2E-3310-88A1-A5AE7EFF8CAE> /System/Library/Frameworks/Accelerate.framework/Versions/A/Frameworks/vecLib.framework/Versions/A/libvDSP.dylib
dyld[46911]: <C2F81286-0ED4-319D-A96D-10591BD15F4E> /System/Library/Frameworks/Accelerate.framework/Versions/A/Frameworks/vecLib.framework/Versions/A/libLAPACK.dylib
dyld[46911]: <424CA6AD-D7AA-3297-B069-745682F71E84> /System/Library/Frameworks/Accelerate.framework/Versions/A/Frameworks/vecLib.framework/Versions/A/libLinearAlgebra.dylib
dyld[46911]: <BDF370A4-972F-34A4-AED7-89885C35D933> /System/Library/Frameworks/Accelerate.framework/Versions/A/Frameworks/vecLib.framework/Versions/A/libSparseBLAS.dylib
dyld[46911]: <F2B12F6B-6C47-3B39-BE8F-68EB37545F72> /System/Library/Frameworks/Accelerate.framework/Versions/A/Frameworks/vecLib.framework/Versions/A/libQuadrature.dylib
dyld[46911]: <811E61C5-2282-3FA8-939D-D1B9C75ECC62> /System/Library/Frameworks/Accelerate.framework/Versions/A/Frameworks/vecLib.framework/Versions/A/libBNNS.dylib
dyld[46911]: <C7FD2C22-55FC-3D31-8AF3-BF842A039AF9> /System/Library/Frameworks/Accelerate.framework/Versions/A/Frameworks/vecLib.framework/Versions/A/libSparse.dylib
dyld[46911]: <7A483FDA-AB8C-3E7C-92E6-07347F67B678> /System/Library/PrivateFrameworks/ApplePushService.framework/Versions/A/ApplePushService
dyld[46911]: <C5A18DFA-6B18-3455-830A-E372A495FB1D> /System/Library/Frameworks/CloudKit.framework/Versions/A/CloudKit
dyld[46911]: <0A7A4F54-298F-384E-86C0-0E9A5C69E9E5> /System/Library/PrivateFrameworks/CoreDuetDaemonProtocol.framework/Versions/A/CoreDuetDaemonProtocol
dyld[46911]: <17D0003A-F405-3CCF-832D-BCADB65BC83F> /System/Library/PrivateFrameworks/DeviceIdentity.framework/Versions/A/DeviceIdentity
dyld[46911]: <E26F180A-1868-3E33-9277-1C73F917DE55> /System/Library/Frameworks/SharedWithYouCore.framework/Versions/A/SharedWithYouCore
dyld[46911]: <7B5C93A3-1AF7-3273-9182-60B965FBB279> /System/Library/PrivateFrameworks/CloudTelemetry.framework/Versions/A/CloudTelemetry
dyld[46911]: <CD1BB171-94DA-350C-8276-04EA8B71C6E7> /System/Library/PrivateFrameworks/AppleAccount.framework/Versions/A/AppleAccount
dyld[46911]: <6D910C58-E7C6-34AB-907F-89C2EA3E8B5C> /System/Library/PrivateFrameworks/C2.framework/Versions/A/C2
dyld[46911]: <1BE4EC57-9B8A-34C4-BFC9-BC9A229BBB08> /System/Library/PrivateFrameworks/CloudCoreInternal.framework/Versions/A/CloudCoreInternal
dyld[46911]: <EDB20CBF-D173-3BD4-A483-3C509C15D24D> /System/Library/PrivateFrameworks/CloudAsset.framework/Versions/A/CloudAsset
dyld[46911]: <696E88E7-5CF6-3095-80C0-57B9A913887A> /System/Library/Frameworks/PushKit.framework/Versions/A/PushKit
dyld[46911]: <100BE8FB-6C47-33E3-9FC4-A45A5106721A> /System/Library/Frameworks/CoreTransferable.framework/Versions/A/CoreTransferable
dyld[46911]: <08675344-FA9F-3CC2-8ED8-C572C841B504> /System/Library/PrivateFrameworks/NetAuth.framework/Versions/A/NetAuth
dyld[46911]: <8E702F90-53C5-3A91-A0F8-94409A59BAF3> /System/Library/PrivateFrameworks/login.framework/Versions/A/Frameworks/loginsupport.framework/Versions/A/loginsupport
dyld[46911]: <78C04A6C-63CF-339A-90C8-F25BA9C4C1CE> /System/Library/PrivateFrameworks/CloudTelemetryTools.framework/Versions/A/CloudTelemetryTools
dyld[46911]: <A23C0860-6454-3F01-A064-C8982EBBFF48> /System/Library/PrivateFrameworks/CloudTelemetryShared.dylib
dyld[46911]: <907F9C53-06D9-3604-A13D-183642237619> /System/Library/PrivateFrameworks/RTCReporting.framework/Versions/A/RTCReporting
dyld[46911]: <90B0724C-CBDF-35B7-91AA-38F8E07E543D> /System/Library/PrivateFrameworks/AAAFoundationSwift.framework/Versions/A/AAAFoundationSwift
dyld[46911]: <95A65CAD-54BC-3CDD-B27A-90572D2A848F> /System/Library/PrivateFrameworks/AppleIDSSOAuthentication.framework/Versions/A/AppleIDSSOAuthentication
dyld[46911]: <B2BA9719-73C5-3061-9915-25FC68C198D6> /System/Library/PrivateFrameworks/UIFoundation.framework/Versions/A/UIFoundation
dyld[46911]: <6784252E-9BE1-332F-8D0C-CF7FB6C9FB56> /System/Library/PrivateFrameworks/CaptiveNetwork.framework/Versions/A/CaptiveNetwork
dyld[46911]: <2DFBEDC5-0C41-3FF8-B1AB-334EE3621FC9> /System/Library/PrivateFrameworks/EAP8021X.framework/Versions/A/EAP8021X
dyld[46911]: <D828B798-9303-3C0A-9F83-5B24A36E1670> /System/Library/PrivateFrameworks/CryptoKitPrivate.framework/Versions/A/CryptoKitPrivate
dyld[46911]: <7B08EA3F-6BA2-39B2-979D-D36A03961343> /System/Library/PrivateFrameworks/FindMyDevice.framework/Versions/A/FindMyDevice
dyld[46911]: <57FD92AE-E8D7-3D48-AF71-F74CD3D2AD56> /System/Library/PrivateFrameworks/FMCoreLite.framework/Versions/A/FMCoreLite
dyld[46911]: <0B4562F4-D2B8-362C-AC29-8E9B106F937C> /System/Library/Frameworks/ServiceManagement.framework/Versions/A/ServiceManagement
dyld[46911]: <4428FA9C-988B-3235-98EB-1FC596D283D1> /usr/lib/libCheckFix.dylib
dyld[46911]: <7CA1C787-8112-3F53-9419-1EA66ECF08B3> /System/Library/PrivateFrameworks/MetadataUtilities.framework/Versions/A/MetadataUtilities
dyld[46911]: <B820DEFE-59D8-3A6A-BB23-56E594F57F9C> /System/Library/PrivateFrameworks/InstalledContentLibrary.framework/Versions/A/InstalledContentLibrary
dyld[46911]: <9B52CDCA-8EFD-3512-A265-C5D8CE2B8998> /System/Library/PrivateFrameworks/CoreServicesStore.framework/Versions/A/CoreServicesStore
dyld[46911]: <3BD7BCA8-66D2-34D7-BA3F-A3B3197E1F44> /usr/lib/libapp_launch_measurement.dylib
dyld[46911]: <7783C2DD-5853-312A-8EF1-B5DDC441531D> /System/Library/PrivateFrameworks/MobileSystemServices.framework/Versions/A/MobileSystemServices
dyld[46911]: <C428B34A-AB0B-34ED-9C94-8DC908D4A12B> /usr/lib/libxslt.1.dylib
dyld[46911]: <F1725141-8B9B-363A-838E-17B20313568E> /System/Library/PrivateFrameworks/BackgroundTaskManagement.framework/Versions/A/BackgroundTaskManagement
dyld[46911]: <957F947F-00ED-3468-B07B-20900D64DB71> /usr/lib/libcurl.4.dylib
dyld[46911]: <FE236487-745A-39C9-A6A5-D937AD7BDC2E> /usr/lib/libcrypto.46.dylib
dyld[46911]: <6E6A6A29-3741-365F-A90D-785C2C86D71A> /usr/lib/libssl.48.dylib
dyld[46911]: <9AC45415-37D3-369E-846C-6C2F072899F9> /System/Library/Frameworks/LDAP.framework/Versions/A/LDAP
dyld[46911]: <48980122-ECA5-383C-A043-6F2BE6BAA017> /System/Library/PrivateFrameworks/TrustEvaluationAgent.framework/Versions/A/TrustEvaluationAgent
dyld[46911]: <65BCF638-CADE-3CB2-97FB-D33E91D93C8D> /usr/lib/libsasl2.2.dylib
dyld[46911]: move loaded to delayed: XPCSupport
dyld[46911]: move loaded to delayed: CoreFoundation
dyld[46911]: move loaded to delayed: libswiftCore.dylib
dyld[46911]: move loaded to delayed: Foundation
dyld[46911]: move loaded to delayed: libswiftObjectiveC.dylib
dyld[46911]: move loaded to delayed: libswiftPrespecialized.dylib
dyld[46911]: move loaded to delayed: SystemConfiguration
dyld[46911]: move loaded to delayed: libz.1.dylib
dyld[46911]: move loaded to delayed: CoreAutoLayout
dyld[46911]: move loaded to delayed: libcmark-gfm.dylib
dyld[46911]: move loaded to delayed: libfakelink.dylib
dyld[46911]: move loaded to delayed: libcompression.dylib
dyld[46911]: move loaded to delayed: CFNetwork
dyld[46911]: move loaded to delayed: DiskArbitration
dyld[46911]: move loaded to delayed: libarchive.2.dylib
dyld[46911]: move loaded to delayed: libDiagnosticMessagesClient.dylib
dyld[46911]: move loaded to delayed: libicucore.A.dylib
dyld[46911]: move loaded to delayed: libxml2.2.dylib
dyld[46911]: move loaded to delayed: CoreServices
dyld[46911]: move loaded to delayed: liblangid.dylib
dyld[46911]: move loaded to delayed: IOKit
dyld[46911]: move loaded to delayed: Combine
dyld[46911]: move loaded to delayed: CollectionsInternal
dyld[46911]: move loaded to delayed: ReflectionInternal
dyld[46911]: move loaded to delayed: RuntimeInternal
dyld[46911]: move loaded to delayed: SoftLinking
dyld[46911]: move loaded to delayed: libswiftCoreFoundation.dylib
dyld[46911]: move loaded to delayed: libswiftDarwin.dylib
dyld[46911]: move loaded to delayed: libswiftDispatch.dylib
dyld[46911]: move loaded to delayed: libswiftIOKit.dylib
dyld[46911]: move loaded to delayed: libswiftSystem.dylib
dyld[46911]: move loaded to delayed: libswiftXPC.dylib
dyld[46911]: move loaded to delayed: libswift_Builtin_float.dylib
dyld[46911]: move loaded to delayed: libswift_Concurrency.dylib
dyld[46911]: move loaded to delayed: libswift_DarwinFoundation1.dylib
dyld[46911]: move loaded to delayed: libswift_StringProcessing.dylib
dyld[46911]: move loaded to delayed: libswiftos.dylib
dyld[46911]: move loaded to delayed: CoreServicesInternal
dyld[46911]: move loaded to delayed: liboah.dylib
dyld[46911]: move loaded to delayed: Security
dyld[46911]: move loaded to delayed: GenerationalStorage
dyld[46911]: move loaded to delayed: CacheDelete
dyld[46911]: move loaded to delayed: QuickLookThumbnailing
dyld[46911]: move loaded to delayed: FileProvider
dyld[46911]: move loaded to delayed: DiskImages
dyld[46911]: move loaded to delayed: NetFS
dyld[46911]: move loaded to delayed: DesktopServicesPriv
dyld[46911]: move loaded to delayed: FSEvents
dyld[46911]: move loaded to delayed: CarbonCore
dyld[46911]: move loaded to delayed: Metadata
dyld[46911]: move loaded to delayed: OSServices
dyld[46911]: move loaded to delayed: SearchKit
dyld[46911]: move loaded to delayed: AE
dyld[46911]: move loaded to delayed: LaunchServices
dyld[46911]: move loaded to delayed: DictionaryServices
dyld[46911]: move loaded to delayed: SharedFileList
dyld[46911]: move loaded to delayed: libapple_nghttp2.dylib
dyld[46911]: move loaded to delayed: libsqlite3.dylib
dyld[46911]: move loaded to delayed: Accounts
dyld[46911]: move loaded to delayed: AOSKit
dyld[46911]: move loaded to delayed: AppSSOCore
dyld[46911]: move loaded to delayed: AppSupport
dyld[46911]: move loaded to delayed: AVFoundation
dyld[46911]: move loaded to delayed: BackgroundSystemTasks
dyld[46911]: move loaded to delayed: CoreAnalytics
dyld[46911]: move loaded to delayed: CoreGraphics
dyld[46911]: move loaded to delayed: DuetActivityScheduler
dyld[46911]: move loaded to delayed: FTServices
dyld[46911]: move loaded to delayed: GSS
dyld[46911]: move loaded to delayed: InternationalSupport
dyld[46911]: move loaded to delayed: libMemoryResourceException.dylib
dyld[46911]: move loaded to delayed: NetworkScore
dyld[46911]: move loaded to delayed: NetworkServiceProxy
dyld[46911]: move loaded to delayed: RunningBoardServices
dyld[46911]: move loaded to delayed: StreamingExtractor
dyld[46911]: move loaded to delayed: StreamingZip
dyld[46911]: move loaded to delayed: SymptomReporter
dyld[46911]: move loaded to delayed: libenergytrace.dylib
dyld[46911]: move loaded to delayed: libnetworkextension.dylib
dyld[46911]: move loaded to delayed: Network
dyld[46911]: move loaded to delayed: libbsm.0.dylib
dyld[46911]: move loaded to delayed: libkxld.dylib
dyld[46911]: move loaded to delayed: AppleKeyStore
dyld[46911]: move loaded to delayed: libCoreEntitlements.dylib
dyld[46911]: move loaded to delayed: MessageSecurity
dyld[46911]: move loaded to delayed: ProtocolBuffer
dyld[46911]: move loaded to delayed: CloudServices
dyld[46911]: move loaded to delayed: SymptomDiagnosticReporter
dyld[46911]: move loaded to delayed: CrashReporterSupport
dyld[46911]: move loaded to delayed: libMobileGestalt.dylib
dyld[46911]: move loaded to delayed: AppleFSCompression
dyld[46911]: move loaded to delayed: libcoretls.dylib
dyld[46911]: move loaded to delayed: libcoretls_cfhelpers.dylib
dyld[46911]: move loaded to delayed: libpam.2.dylib
dyld[46911]: move loaded to delayed: libxar.1.dylib
dyld[46911]: move loaded to delayed: APFS
dyld[46911]: move loaded to delayed: SwiftASN1Internal
dyld[46911]: move loaded to delayed: libutil.dylib
dyld[46911]: move loaded to delayed: AppleSystemInfo
dyld[46911]: move loaded to delayed: IOMobileFramebuffer
dyld[46911]: move loaded to delayed: IOSurface
dyld[46911]: move loaded to delayed: CoreWiFi
dyld[46911]: move loaded to delayed: LoggingSupport
dyld[46911]: move loaded to delayed: MobileAsset
dyld[46911]: move loaded to delayed: PowerLog
dyld[46911]: move loaded to delayed: Rapport
dyld[46911]: move loaded to delayed: SwiftData
dyld[46911]: move loaded to delayed: SymptomAnalytics
dyld[46911]: move loaded to delayed: UniformTypeIdentifiers
dyld[46911]: move loaded to delayed: UserManagement
dyld[46911]: move loaded to delayed: libboringssl.dylib
dyld[46911]: move loaded to delayed: libcupolicy.dylib
dyld[46911]: move loaded to delayed: libdns_services.dylib
dyld[46911]: move loaded to delayed: NetworkExtension
dyld[46911]: move loaded to delayed: libnwswifttls.dylib
dyld[46911]: move loaded to delayed: libpcap.A.dylib
dyld[46911]: move loaded to delayed: libquic.dylib
dyld[46911]: move loaded to delayed: libusrtcp.dylib
dyld[46911]: move loaded to delayed: AtomicsInternal
dyld[46911]: move loaded to delayed: InternalSwiftProtobuf
dyld[46911]: move loaded to delayed: libswiftDistributed.dylib
dyld[46911]: move loaded to delayed: libswiftObservation.dylib
dyld[46911]: move loaded to delayed: libswiftSynchronization.dylib
dyld[46911]: move loaded to delayed: AggregateDictionary
dyld[46911]: move loaded to delayed: CoreDuetContext
dyld[46911]: move loaded to delayed: BiomeLibrary
dyld[46911]: move loaded to delayed: CoreDuet
dyld[46911]: move loaded to delayed: BiomeStreams
dyld[46911]: move loaded to delayed: BiomeFoundation
dyld[46911]: move loaded to delayed: BiomePubSub
dyld[46911]: move loaded to delayed: CoreData
dyld[46911]: move loaded to delayed: ProactiveSupport
dyld[46911]: move loaded to delayed: CoreLocation
dyld[46911]: move loaded to delayed: Intents
dyld[46911]: move loaded to delayed: _LocationEssentials
dyld[46911]: move loaded to delayed: liblzma.5.dylib
dyld[46911]: move loaded to delayed: Accelerate
dyld[46911]: move loaded to delayed: MobileKeyBag
dyld[46911]: move loaded to delayed: InternationalTextSearch
dyld[46911]: move loaded to delayed: SoftwareUpdateCoreSupport
dyld[46911]: move loaded to delayed: SoftwareUpdateCoreConnect
dyld[46911]: move loaded to delayed: RemoteServiceDiscovery
dyld[46911]: move loaded to delayed: MSUDataAccessor
dyld[46911]: move loaded to delayed: libbootpolicy.dylib
dyld[46911]: move loaded to delayed: RemoteXPC
dyld[46911]: move loaded to delayed: libFDR.dylib
dyld[46911]: move loaded to delayed: libamsupport.dylib
dyld[46911]: move loaded to delayed: libReverseProxyDevice.dylib
dyld[46911]: move loaded to delayed: AppleDeviceQuerySupport
dyld[46911]: move loaded to delayed: libpartition2_dynamic.dylib
dyld[46911]: move loaded to delayed: AppleSauce
dyld[46911]: move loaded to delayed: libAppleArchive.dylib
dyld[46911]: move loaded to delayed: libbz2.1.0.dylib
dyld[46911]: move loaded to delayed: vImage
dyld[46911]: move loaded to delayed: vecLib
dyld[46911]: move loaded to delayed: libvMisc.dylib
dyld[46911]: move loaded to delayed: libCGInterfaces.dylib
dyld[46911]: move loaded to delayed: AccelerateGPU
dyld[46911]: move loaded to delayed: libBLAS.dylib
dyld[46911]: move loaded to delayed: ApplicationServices
dyld[46911]: move loaded to delayed: CoreVideo
dyld[46911]: move loaded to delayed: ColorSync
dyld[46911]: move loaded to delayed: CoreText
dyld[46911]: move loaded to delayed: ImageIO
dyld[46911]: move loaded to delayed: ATS
dyld[46911]: move loaded to delayed: HIServices
dyld[46911]: move loaded to delayed: PrintCore
dyld[46911]: move loaded to delayed: QD
dyld[46911]: move loaded to delayed: ColorSyncLegacy
dyld[46911]: move loaded to delayed: SpeechSynthesis
dyld[46911]: move loaded to delayed: SkyLight
dyld[46911]: move loaded to delayed: libFontParser.dylib
dyld[46911]: move loaded to delayed: BaseBoard
dyld[46911]: move loaded to delayed: BoardServices
dyld[46911]: move loaded to delayed: BackBoardServices
dyld[46911]: move loaded to delayed: BackBoardHIDEventFoundation
dyld[46911]: move loaded to delayed: CoreDisplay
dyld[46911]: move loaded to delayed: VideoToolbox
dyld[46911]: move loaded to delayed: MetalPerformanceShaders
dyld[46911]: move loaded to delayed: ProDisplayLibrary
dyld[46911]: move loaded to delayed: IOSurfaceAccelerator
dyld[46911]: move loaded to delayed: Metal
dyld[46911]: move loaded to delayed: IOAccelerator
dyld[46911]: move loaded to delayed: CoreMedia
dyld[46911]: move loaded to delayed: TCC
dyld[46911]: move loaded to delayed: WatchdogClient
dyld[46911]: move loaded to delayed: QuartzCore
dyld[46911]: move loaded to delayed: MultitouchSupport
dyld[46911]: move loaded to delayed: libswiftAccelerate.dylib
dyld[46911]: move loaded to delayed: libswiftCoreAudio.dylib
dyld[46911]: move loaded to delayed: libswiftCoreMedia.dylib
dyld[46911]: move loaded to delayed: libswiftMetal.dylib
dyld[46911]: move loaded to delayed: libswiftOSLog.dylib
dyld[46911]: move loaded to delayed: libswiftQuartzCore.dylib
dyld[46911]: move loaded to delayed: libswiftUniformTypeIdentifiers.dylib
dyld[46911]: move loaded to delayed: libswiftVideoToolbox.dylib
dyld[46911]: move loaded to delayed: libswiftsimd.dylib
dyld[46911]: move loaded to delayed: BiomeStorage
dyld[46911]: move loaded to delayed: IntelligencePlatformLibrary
dyld[46911]: move loaded to delayed: PoirotSchematizer
dyld[46911]: move loaded to delayed: BiomeSync
dyld[46911]: move loaded to delayed: BiomeDSL
dyld[46911]: move loaded to delayed: FeatureFlags
dyld[46911]: move loaded to delayed: PoirotUDFs
dyld[46911]: move loaded to delayed: libswift_DarwinFoundation2.dylib
dyld[46911]: move loaded to delayed: libswift_DarwinFoundation3.dylib
dyld[46911]: move loaded to delayed: CoreTime
dyld[46911]: move loaded to delayed: libiconv.2.dylib
dyld[46911]: move loaded to delayed: libcharset.1.dylib
dyld[46911]: move loaded to delayed: PoirotSQLite
dyld[46911]: move loaded to delayed: libswift_RegexParser.dylib
dyld[46911]: move loaded to delayed: CascadeSets
dyld[46911]: move loaded to delayed: CorePhoneNumbers
dyld[46911]: move loaded to delayed: AppleJPEG
dyld[46911]: move loaded to delayed: libexpat.1.dylib
dyld[46911]: move loaded to delayed: libPng.dylib
dyld[46911]: move loaded to delayed: libTIFF.dylib
dyld[46911]: move loaded to delayed: libGIF.dylib
dyld[46911]: move loaded to delayed: libJP2.dylib
dyld[46911]: move loaded to delayed: libate.dylib
dyld[46911]: move loaded to delayed: libJPEG.dylib
dyld[46911]: move loaded to delayed: libRadiance.dylib
dyld[46911]: move loaded to delayed: libllvm-flatbuffers.dylib
dyld[46911]: move loaded to delayed: FramePacing
dyld[46911]: move loaded to delayed: libCoreFSCache.dylib
dyld[46911]: move loaded to delayed: libGPUCompilerUtils.dylib
dyld[46911]: move loaded to delayed: GraphicsServices
dyld[46911]: move loaded to delayed: OpenGL
dyld[46911]: move loaded to delayed: libGLU.dylib
dyld[46911]: move loaded to delayed: libGFXShared.dylib
dyld[46911]: move loaded to delayed: libGL.dylib
dyld[46911]: move loaded to delayed: libGLImage.dylib
dyld[46911]: move loaded to delayed: libCVMSPluginSupport.dylib
dyld[46911]: move loaded to delayed: libCoreVMClient.dylib
dyld[46911]: move loaded to delayed: GPUWrangler
dyld[46911]: move loaded to delayed: IOPresentment
dyld[46911]: move loaded to delayed: DSExternalDisplay
dyld[46911]: move loaded to delayed: VideoToolboxParavirtualizationSupport
dyld[46911]: move loaded to delayed: AppleVA
dyld[46911]: move loaded to delayed: ExtensionFoundation
dyld[46911]: move loaded to delayed: CMCaptureCore
dyld[46911]: move loaded to delayed: libspindump.dylib
dyld[46911]: move loaded to delayed: CoreAudio
dyld[46911]: move loaded to delayed: AppServerSupport
dyld[46911]: move loaded to delayed: perfdata
dyld[46911]: move loaded to delayed: AudioDSPGraph
dyld[46911]: move loaded to delayed: AudioToolboxCore
dyld[46911]: move loaded to delayed: caulk
dyld[46911]: move loaded to delayed: libAudioStatistics.dylib
dyld[46911]: move loaded to delayed: SystemPolicy
dyld[46911]: move loaded to delayed: libSMC.dylib
dyld[46911]: move loaded to delayed: libswiftCoreMIDI.dylib
dyld[46911]: move loaded to delayed: CoreMIDI
dyld[46911]: move loaded to delayed: libAudioToolboxUtility.dylib
dyld[46911]: move loaded to delayed: libperfcheck.dylib
dyld[46911]: move loaded to delayed: AudioAnalytics
dyld[46911]: move loaded to delayed: OSLog
dyld[46911]: move loaded to delayed: OSEligibility
dyld[46911]: move loaded to delayed: IconServices
dyld[46911]: move loaded to delayed: LightweightCodeRequirements
dyld[46911]: move loaded to delayed: PlugInKit
dyld[46911]: move loaded to delayed: AssertionServices
dyld[46911]: move loaded to delayed: IconFoundation
dyld[46911]: move loaded to delayed: AssistantServices
dyld[46911]: move loaded to delayed: IconRendering
dyld[46911]: move loaded to delayed: CoreUI
dyld[46911]: move loaded to delayed: CoreImage
dyld[46911]: move loaded to delayed: SFSymbols
dyld[46911]: move loaded to delayed: DeveloperToolsSupport
dyld[46911]: move loaded to delayed: RenderBox
dyld[46911]: move loaded to delayed: CoreSVG
dyld[46911]: move loaded to delayed: TextureIO
dyld[46911]: move loaded to delayed: libswiftCoreImage.dylib
dyld[46911]: move loaded to delayed: GraphVisualizer
dyld[46911]: move loaded to delayed: FontServices
dyld[46911]: move loaded to delayed: OTSVG
dyld[46911]: move loaded to delayed: libFontRegistry.dylib
dyld[46911]: move loaded to delayed: libhvf.dylib
dyld[46911]: move loaded to delayed: ParsingInternal
dyld[46911]: move loaded to delayed: libXTFontStaticRegistryData.dylib
dyld[46911]: move loaded to delayed: MPSCore
dyld[46911]: move loaded to delayed: MPSImage
dyld[46911]: move loaded to delayed: MPSNeuralNetwork
dyld[46911]: move loaded to delayed: MPSMatrix
dyld[46911]: move loaded to delayed: MPSRayIntersector
dyld[46911]: move loaded to delayed: MPSNDArray
dyld[46911]: move loaded to delayed: MPSFunctions
dyld[46911]: move loaded to delayed: MPSBenchmarkLoop
dyld[46911]: move loaded to delayed: MPSHost
dyld[46911]: move loaded to delayed: MetalTools
dyld[46911]: move loaded to delayed: IOAccelMemoryInfo
dyld[46911]: move loaded to delayed: kperf
dyld[46911]: move loaded to delayed: GPURawCounter
dyld[46911]: move loaded to delayed: ASEProcessing
dyld[46911]: move loaded to delayed: Symbolication
dyld[46911]: move loaded to delayed: PhotosensitivityProcessing
dyld[46911]: move loaded to delayed: SILManager
dyld[46911]: move loaded to delayed: CoreSymbolication
dyld[46911]: move loaded to delayed: MallocStackLogging
dyld[46911]: move loaded to delayed: DebugSymbols
dyld[46911]: move loaded to delayed: OSAnalytics
dyld[46911]: move loaded to delayed: DeviceRecovery
dyld[46911]: move loaded to delayed: Tightbeam
dyld[46911]: move loaded to delayed: libswiftCompression.dylib
dyld[46911]: move loaded to delayed: AFKUser
dyld[46911]: move loaded to delayed: ATSUI
dyld[46911]: move loaded to delayed: SAObjects
dyld[46911]: move loaded to delayed: AudioToolbox
dyld[46911]: move loaded to delayed: MediaRemote
dyld[46911]: move loaded to delayed: UserNotifications
dyld[46911]: move loaded to delayed: SiriInstrumentation
dyld[46911]: move loaded to delayed: SiriAnalytics
dyld[46911]: move loaded to delayed: SiriTTSService
dyld[46911]: move loaded to delayed: SiriCrossDeviceArbitration
dyld[46911]: move loaded to delayed: FeedbackLogger
dyld[46911]: move loaded to delayed: FaceTimeNameUtility
dyld[46911]: move loaded to delayed: AuthKit
dyld[46911]: move loaded to delayed: SiriCrossDeviceArbitrationFeedback
dyld[46911]: move loaded to delayed: libswiftCoreLocation.dylib
dyld[46911]: move loaded to delayed: libswiftAVFoundation.dylib
dyld[46911]: move loaded to delayed: UIKitServices
dyld[46911]: move loaded to delayed: UnifiedAssetFramework
dyld[46911]: move loaded to delayed: AudioSession
dyld[46911]: move loaded to delayed: MediaExperience
dyld[46911]: move loaded to delayed: libSessionUtility.dylib
dyld[46911]: move loaded to delayed: AudioAccessoryServices
dyld[46911]: move loaded to delayed: CoreBluetooth
dyld[46911]: move loaded to delayed: CoreUtils
dyld[46911]: move loaded to delayed: HID
dyld[46911]: move loaded to delayed: Sharing
dyld[46911]: move loaded to delayed: CoreUtilsExtras
dyld[46911]: move loaded to delayed: IO80211
dyld[46911]: move loaded to delayed: IDSFoundation
dyld[46911]: move loaded to delayed: Apple80211
dyld[46911]: move loaded to delayed: CoreWLAN
dyld[46911]: move loaded to delayed: IOBluetooth
dyld[46911]: move loaded to delayed: libswiftRegexBuilder.dylib
dyld[46911]: move loaded to delayed: IMFoundation
dyld[46911]: move loaded to delayed: Marco
dyld[46911]: move loaded to delayed: CommonUtilities
dyld[46911]: move loaded to delayed: Engram
dyld[46911]: move loaded to delayed: XPCDistributed
dyld[46911]: move loaded to delayed: libtidy.A.dylib
dyld[46911]: move loaded to delayed: Bom
dyld[46911]: move loaded to delayed: libParallelCompression.dylib
dyld[46911]: move loaded to delayed: libIOReport.dylib
dyld[46911]: move loaded to delayed: WiFiPeerToPeer
dyld[46911]: move loaded to delayed: SecurityFoundation
dyld[46911]: move loaded to delayed: Centauri
dyld[46911]: move loaded to delayed: Lexicon
dyld[46911]: move loaded to delayed: libmrc.dylib
dyld[46911]: move loaded to delayed: IPConfiguration
dyld[46911]: move loaded to delayed: Netrb
dyld[46911]: move loaded to delayed: FrontBoardServices
dyld[46911]: move loaded to delayed: libgermantok.dylib
dyld[46911]: move loaded to delayed: LinguisticData
dyld[46911]: move loaded to delayed: MultiverseSupport
dyld[46911]: move loaded to delayed: DiskManagement
dyld[46911]: move loaded to delayed: AppleIDAuthSupport
dyld[46911]: move loaded to delayed: AAAFoundation
dyld[46911]: move loaded to delayed: KeychainCircle
dyld[46911]: move loaded to delayed: URLFormatting
dyld[46911]: move loaded to delayed: libcsfde.dylib
dyld[46911]: move loaded to delayed: libCoreStorage.dylib
dyld[46911]: move loaded to delayed: MediaKit
dyld[46911]: move loaded to delayed: DiscRecording
dyld[46911]: move loaded to delayed: ProtectedCloudStorage
dyld[46911]: move loaded to delayed: EFILogin
dyld[46911]: move loaded to delayed: libheimdal-asn1.dylib
dyld[46911]: move loaded to delayed: OctagonTrust
dyld[46911]: move loaded to delayed: AudioUnit
dyld[46911]: move loaded to delayed: OpenDirectory
dyld[46911]: move loaded to delayed: CFOpenDirectory
dyld[46911]: move loaded to delayed: GeoServices
dyld[46911]: move loaded to delayed: LocationSupport
dyld[46911]: move loaded to delayed: GeoServicesCore
dyld[46911]: move loaded to delayed: PhoneNumbers
dyld[46911]: move loaded to delayed: LocationLogEncryption
dyld[46911]: move loaded to delayed: AVFAudio
dyld[46911]: move loaded to delayed: AVRouting
dyld[46911]: move loaded to delayed: libAccessibility.dylib
dyld[46911]: move loaded to delayed: MediaServices
dyld[46911]: move loaded to delayed: IDS
dyld[46911]: move loaded to delayed: IsolatedCoreAudioClient
dyld[46911]: move loaded to delayed: CoreAudioOrchestration
dyld[46911]: move loaded to delayed: MediaToolbox
dyld[46911]: move loaded to delayed: CoreAVCHD
dyld[46911]: move loaded to delayed: MediaAccessibility
dyld[46911]: move loaded to delayed: Mangrove
dyld[46911]: move loaded to delayed: CMPhoto
dyld[46911]: move loaded to delayed: CoreTelephony
dyld[46911]: move loaded to delayed: CoreAUC
dyld[46911]: move loaded to delayed: AppleJPEGXL
dyld[46911]: move loaded to delayed: libTelephonyUtilDynamic.dylib
dyld[46911]: move loaded to delayed: CryptoKit
dyld[46911]: move loaded to delayed: CryptoKitCBridging
dyld[46911]: move loaded to delayed: CryptoTokenKit
dyld[46911]: move loaded to delayed: LocalAuthentication
dyld[46911]: move loaded to delayed: LocalAuthenticationCore
dyld[46911]: move loaded to delayed: LocalAuthenticationCredentialServices
dyld[46911]: move loaded to delayed: SharedUtils
dyld[46911]: move loaded to delayed: PersistentConnection
dyld[46911]: move loaded to delayed: SonicFoundation
dyld[46911]: move loaded to delayed: AsyncAlgorithmsInternal
dyld[46911]: move loaded to delayed: FTAWD
dyld[46911]: move loaded to delayed: Dendrite
dyld[46911]: move loaded to delayed: libtailspin.dylib
dyld[46911]: move loaded to delayed: Osprey
dyld[46911]: move loaded to delayed: SiriTTS
dyld[46911]: move loaded to delayed: NaturalLanguage
dyld[46911]: move loaded to delayed: GenerativeModels
dyld[46911]: move loaded to delayed: SiriPowerInstrumentation
dyld[46911]: move loaded to delayed: libswiftNaturalLanguage.dylib
dyld[46911]: move loaded to delayed: TailspinSymbolication
dyld[46911]: move loaded to delayed: Darwinup
dyld[46911]: move loaded to delayed: SignpostSupport
dyld[46911]: move loaded to delayed: FeatureFlagsSupport
dyld[46911]: move loaded to delayed: ktrace
dyld[46911]: move loaded to delayed: SampleAnalysis
dyld[46911]: move loaded to delayed: kperfdata
dyld[46911]: move loaded to delayed: libdscsym.dylib
dyld[46911]: move loaded to delayed: AppleMobileFileIntegrity
dyld[46911]: move loaded to delayed: BulkSymbolication
dyld[46911]: move loaded to delayed: libTLE.dylib
dyld[46911]: move loaded to delayed: libmis.dylib
dyld[46911]: move loaded to delayed: ConfigProfileHelper
dyld[46911]: move loaded to delayed: Espresso
dyld[46911]: move loaded to delayed: CoreML
dyld[46911]: move loaded to delayed: libedit.3.dylib
dyld[46911]: move loaded to delayed: ANECompiler
dyld[46911]: move loaded to delayed: AppleNeuralEngine
dyld[46911]: move loaded to delayed: MIL
dyld[46911]: move loaded to delayed: MetalPerformanceShadersGraph
dyld[46911]: move loaded to delayed: MLCompilerServices
dyld[46911]: move loaded to delayed: ANEServices
dyld[46911]: move loaded to delayed: libncurses.5.4.dylib
dyld[46911]: move loaded to delayed: libsandbox.1.dylib
dyld[46911]: move loaded to delayed: libMatch.1.dylib
dyld[46911]: move loaded to delayed: ODIE
dyld[46911]: move loaded to delayed: MLModelAsset
dyld[46911]: move loaded to delayed: MLCompilerRuntime
dyld[46911]: move loaded to delayed: MLCompute
dyld[46911]: move loaded to delayed: MLAssetIO
dyld[46911]: move loaded to delayed: libswiftMLCompute.dylib
dyld[46911]: move loaded to delayed: AVFCore
dyld[46911]: move loaded to delayed: AVFCapture
dyld[46911]: move loaded to delayed: CMImaging
dyld[46911]: move loaded to delayed: Quagga
dyld[46911]: move loaded to delayed: CMCapture
dyld[46911]: move loaded to delayed: CoreMediaIO
dyld[46911]: move loaded to delayed: CMCaptureDevice
dyld[46911]: move loaded to delayed: CoreBrightness
dyld[46911]: move loaded to delayed: CinematicFraming
dyld[46911]: move loaded to delayed: ModelManagerServices
dyld[46911]: move loaded to delayed: CPMS
dyld[46911]: move loaded to delayed: SystemStatus
dyld[46911]: move loaded to delayed: CoreMotion
dyld[46911]: move loaded to delayed: TimeSync
dyld[46911]: move loaded to delayed: DistributedSensing
dyld[46911]: move loaded to delayed: MobileBluetooth
dyld[46911]: move loaded to delayed: IOKitten
dyld[46911]: move loaded to delayed: AppleIntelligenceReporting
dyld[46911]: move loaded to delayed: CoreEmoji
dyld[46911]: move loaded to delayed: libCRFSuite.dylib
dyld[46911]: move loaded to delayed: LanguageModeling
dyld[46911]: move loaded to delayed: CoreNLP
dyld[46911]: move loaded to delayed: Montreal
dyld[46911]: move loaded to delayed: libcmph.dylib
dyld[46911]: move loaded to delayed: libmecab.dylib
dyld[46911]: move loaded to delayed: libThaiTokenizer.dylib
dyld[46911]: move loaded to delayed: GenerativeModelsFoundation
dyld[46911]: move loaded to delayed: TokenGeneration
dyld[46911]: move loaded to delayed: GenerativeFunctions
dyld[46911]: move loaded to delayed: GenerativeFunctionsFoundation
dyld[46911]: move loaded to delayed: ModelCatalog
dyld[46911]: move loaded to delayed: SensitiveContentAnalysisML
dyld[46911]: move loaded to delayed: GenerativeFunctionsInstrumentation
dyld[46911]: move loaded to delayed: PromptKit
dyld[46911]: move loaded to delayed: ProactiveDaemonSupport
dyld[46911]: move loaded to delayed: TokenGenerationCore
dyld[46911]: move loaded to delayed: Trial
dyld[46911]: move loaded to delayed: TrialProto
dyld[46911]: move loaded to delayed: AppleFlatBuffers
dyld[46911]: move loaded to delayed: SentencePieceInternal
dyld[46911]: move loaded to delayed: Vision
dyld[46911]: move loaded to delayed: CoreSceneUnderstanding
dyld[46911]: move loaded to delayed: VisionCore
dyld[46911]: move loaded to delayed: DataDetectorsCore
dyld[46911]: move loaded to delayed: libfaceCore.dylib
dyld[46911]: move loaded to delayed: Futhark
dyld[46911]: move loaded to delayed: InertiaCam
dyld[46911]: move loaded to delayed: TextRecognition
dyld[46911]: move loaded to delayed: DataDetection
dyld[46911]: move loaded to delayed: TextInput
dyld[46911]: move loaded to delayed: CVNLP
dyld[46911]: move loaded to delayed: IntentsFoundation
dyld[46911]: move loaded to delayed: HIDDisplay
dyld[46911]: move loaded to delayed: libcups.2.dylib
dyld[46911]: move loaded to delayed: Kerberos
dyld[46911]: move loaded to delayed: libresolv.9.dylib
dyld[46911]: move loaded to delayed: Heimdal
dyld[46911]: move loaded to delayed: libHeimdalProxy.dylib
dyld[46911]: move loaded to delayed: CommonAuth
dyld[46911]: move loaded to delayed: AXCoreUtilities
dyld[46911]: move loaded to delayed: AttributeGraph
dyld[46911]: move loaded to delayed: libAXSafeCategoryBundle.dylib
dyld[46911]: move loaded to delayed: TabularData
dyld[46911]: move loaded to delayed: ArgumentParserInternal
dyld[46911]: move loaded to delayed: libvDSP.dylib
dyld[46911]: move loaded to delayed: libLAPACK.dylib
dyld[46911]: move loaded to delayed: libLinearAlgebra.dylib
dyld[46911]: move loaded to delayed: libSparseBLAS.dylib
dyld[46911]: move loaded to delayed: libQuadrature.dylib
dyld[46911]: move loaded to delayed: libBNNS.dylib
dyld[46911]: move loaded to delayed: libSparse.dylib
dyld[46911]: move loaded to delayed: ApplePushService
dyld[46911]: move loaded to delayed: CloudKit
dyld[46911]: move loaded to delayed: CoreDuetDaemonProtocol
dyld[46911]: move loaded to delayed: DeviceIdentity
dyld[46911]: move loaded to delayed: SharedWithYouCore
dyld[46911]: move loaded to delayed: CloudTelemetry
dyld[46911]: move loaded to delayed: AppleAccount
dyld[46911]: move loaded to delayed: C2
dyld[46911]: move loaded to delayed: CloudCoreInternal
dyld[46911]: move loaded to delayed: CloudAsset
dyld[46911]: move loaded to delayed: PushKit
dyld[46911]: move loaded to delayed: CoreTransferable
dyld[46911]: move loaded to delayed: NetAuth
dyld[46911]: move loaded to delayed: loginsupport
dyld[46911]: move loaded to delayed: CloudTelemetryTools
dyld[46911]: move loaded to delayed: CloudTelemetryShared.dylib
dyld[46911]: move loaded to delayed: RTCReporting
dyld[46911]: move loaded to delayed: AAAFoundationSwift
dyld[46911]: move loaded to delayed: AppleIDSSOAuthentication
dyld[46911]: move loaded to delayed: UIFoundation
dyld[46911]: move loaded to delayed: CaptiveNetwork
dyld[46911]: move loaded to delayed: EAP8021X
dyld[46911]: move loaded to delayed: CryptoKitPrivate
dyld[46911]: move loaded to delayed: FindMyDevice
dyld[46911]: move loaded to delayed: FMCoreLite
dyld[46911]: move loaded to delayed: ServiceManagement
dyld[46911]: move loaded to delayed: libCheckFix.dylib
dyld[46911]: move loaded to delayed: MetadataUtilities
dyld[46911]: move loaded to delayed: InstalledContentLibrary
dyld[46911]: move loaded to delayed: CoreServicesStore
dyld[46911]: move loaded to delayed: libapp_launch_measurement.dylib
dyld[46911]: move loaded to delayed: MobileSystemServices
dyld[46911]: move loaded to delayed: libxslt.1.dylib
dyld[46911]: move loaded to delayed: BackgroundTaskManagement
dyld[46911]: move loaded to delayed: libcurl.4.dylib
dyld[46911]: move loaded to delayed: libcrypto.46.dylib
dyld[46911]: move loaded to delayed: libssl.48.dylib
dyld[46911]: move loaded to delayed: LDAP
dyld[46911]: move loaded to delayed: TrustEvaluationAgent
dyld[46911]: move loaded to delayed: libsasl2.2.dylib
dyld[46912]: <4D3EE7DE-7AD0-3606-B88B-D045779F3263> /Users/catethos/.local/share/mise/installs/erlang/29.0.4/erts-17.0.4/bin/beam.smp
dyld[46912]: <13FCB0EB-FF74-39B5-92ED-980AB6E76C5C> /Library/Developer/CommandLineTools/usr/lib/clang/21/lib/darwin/libclang_rt.asan_osx_dynamic.dylib
dyld[46912]: <AAB4E5F3-8EF1-39BE-A32B-8B4ABF8F390D> /usr/lib/libutil.dylib
dyld[46912]: <C6DC2145-7B94-3E01-ADE5-96A6C2D078BC> /usr/lib/libc++.1.dylib
dyld[46912]: <4CC4CAD6-45A6-361E-9343-DE636A0B5C02> /usr/lib/libSystem.B.dylib
dyld[46912]: <DDE77B06-5E25-380B-85B7-BA1A27D09021> /usr/lib/libc++abi.dylib
dyld[46912]: <EA7C2E0B-52BF-3D45-9A33-38F54A535452> /usr/lib/system/libcache.dylib
dyld[46912]: <72D94140-1281-3886-971B-37C810403C03> /usr/lib/system/libcommonCrypto.dylib
dyld[46912]: <D60A9B54-A909-3FD5-93B9-3F38BE0A2BE8> /usr/lib/system/libcompiler_rt.dylib
dyld[46912]: <58F425CF-7D4F-34FD-9620-706A2A7F8BDC> /usr/lib/system/libcopyfile.dylib
dyld[46912]: <D54389FC-4078-370D-A863-9FEF16E00DFD> /usr/lib/system/libcorecrypto.dylib
dyld[46912]: <243E06A0-7BFF-3C3F-8A9B-D7732729B361> /usr/lib/system/libdispatch.dylib
dyld[46912]: <634959D0-592E-349C-B549-B91F2FF09858> /usr/lib/system/libdyld.dylib
dyld[46912]: <18EFA1CE-C535-3EAC-BC2C-7955593B7382> /usr/lib/system/libkeymgr.dylib
dyld[46912]: <3E43AF47-AD89-3BB4-82B9-A9533F4334DF> /usr/lib/system/libmacho.dylib
dyld[46912]: <78C5B827-8152-358D-90E9-B02F02A68B17> /usr/lib/system/libquarantine.dylib
dyld[46912]: <DA9C2B48-7A9C-32EA-888D-6C7AEB5250E6> /usr/lib/system/libremovefile.dylib
dyld[46912]: <FF57F6FA-F3A1-343D-815D-57B769D31445> /usr/lib/system/libsystem_asl.dylib
dyld[46912]: <A712B95E-BCEE-3F12-9F9B-58E6C2060E53> /usr/lib/system/libsystem_blocks.dylib
dyld[46912]: <FDC4E366-5C14-3A1E-BC35-D933D28CDCF3> /usr/lib/system/libsystem_c.dylib
dyld[46912]: <BDA28F78-F479-3C22-B9C7-4ABCB6801592> /usr/lib/system/libsystem_collections.dylib
dyld[46912]: <A14ED142-2F56-33A6-A23C-EEB8417DC90E> /usr/lib/system/libsystem_configuration.dylib
dyld[46912]: <2E14025A-52C2-361D-8A8F-5DD45825A2C9> /usr/lib/system/libsystem_containermanager.dylib
dyld[46912]: <F335DA14-69E8-336E-85A3-11EE239255F0> /usr/lib/system/libsystem_coreservices.dylib
dyld[46912]: <A095E4FE-0EE1-34DF-B00A-7D349FBC55E0> /usr/lib/system/libsystem_darwin.dylib
dyld[46912]: <6C03D78B-BFAB-3C7A-B713-50881791EE08> /usr/lib/system/libsystem_darwindirectory.dylib
dyld[46912]: <2C4C3043-008E-3BD8-BC29-AB9AD235DBA9> /usr/lib/system/libsystem_dnssd.dylib
dyld[46912]: <A279E124-8499-3FFC-A788-655070028F97> /usr/lib/system/libsystem_eligibility.dylib
dyld[46912]: <5E7CDBD5-44AB-34C0-A0F5-FC72F6116CDC> /usr/lib/system/libsystem_featureflags.dylib
dyld[46912]: <7402662E-F235-3F48-BB65-F64C8CF0F2BB> /usr/lib/system/libsystem_info.dylib
dyld[46912]: <3739A40F-2C17-3503-92D6-098141E56E89> /usr/lib/system/libsystem_m.dylib
dyld[46912]: <971CDCFE-4D20-300E-A1D6-EC8672FDD258> /usr/lib/system/libsystem_malloc.dylib
dyld[46912]: <01D14A9E-16DC-372C-8AA8-CC7AD39E797F> /usr/lib/system/libsystem_networkextension.dylib
dyld[46912]: <F9B1BAFF-4D09-3A1F-839B-189C21EB5FBB> /usr/lib/system/libsystem_notify.dylib
dyld[46912]: <6592D3CE-38C6-3C08-9EA5-75D64F37993F> /usr/lib/system/libsystem_sandbox.dylib
dyld[46912]: <C92FAEE5-DAED-3340-96B3-0C42B005ADF9> /usr/lib/system/libsystem_sanitizers.dylib
dyld[46912]: <C85AF062-AA9B-35BB-904C-C055B2C21602> /usr/lib/system/libsystem_secinit.dylib
dyld[46912]: <7CFB3A10-ADB2-32C4-99B5-922A111B3224> /usr/lib/system/libsystem_kernel.dylib
dyld[46912]: <4C6BD0FE-25F2-38D8-BE5C-24DAC1DEDCFB> /usr/lib/system/libsystem_platform.dylib
dyld[46912]: <12342372-0084-37A5-9EA6-2E4DC940C685> /usr/lib/system/libsystem_pthread.dylib
dyld[46912]: <CE07A0DF-31B6-3528-B7CE-91CAD89AA519> /usr/lib/system/libsystem_symptoms.dylib
dyld[46912]: <E043667E-AD01-3228-837F-A381F32F2B30> /usr/lib/system/libsystem_trace.dylib
dyld[46912]: <2FF186A6-F448-38CD-9A30-8B5B1AEFCA10> /usr/lib/system/libsystem_trial.dylib
dyld[46912]: <B21A1015-83D4-31D8-BA41-88688962D9A6> /usr/lib/system/libunwind.dylib
dyld[46912]: <40BBE226-77D4-332E-9DA8-F0B5BACFB86D> /usr/lib/system/libxpc.dylib
dyld[46912]: <40277974-D20C-3EC8-B25C-43AE30D8CC60> /usr/lib/libobjc.A.dylib
dyld[46912]: <5BCE8CB3-4EF5-3181-B96B-8E8130851510> /System/Library/PrivateFrameworks/XPCSupport.framework/Versions/A/XPCSupport
dyld[46912]: <FDBA2243-A7AB-3524-9B94-F3034AC36E41> /System/Library/Frameworks/CoreFoundation.framework/Versions/A/CoreFoundation
dyld[46912]: <81895735-AEE8-36CF-B7ED-370A80C4E78A> /usr/lib/swift/libswiftCore.dylib
dyld[46912]: <F41D814B-FE1F-311A-A778-5F0699628188> /usr/lib/libRosetta.dylib
dyld[46912]: <2E3EA3FE-B1EF-3EDA-B94E-C7FC54E30C13> /System/Library/Frameworks/Foundation.framework/Versions/C/Foundation
dyld[46912]: <4A2A8D5B-A79D-36B3-A688-1792E7A98EA6> /usr/lib/swift/libswiftObjectiveC.dylib
dyld[46912]: <CB44DEF4-FCFF-36ED-8E9D-BB26E0DFACAC> /usr/lib/libswiftPrespecialized.dylib
dyld[46912]: <7C419E70-AC1A-3BF9-913F-D2F87F60680B> /System/Library/Frameworks/SystemConfiguration.framework/Versions/A/SystemConfiguration
dyld[46912]: <03BEB01C-EE74-3952-80FC-D2B7CF9C798D> /usr/lib/libz.1.dylib
dyld[46912]: <1C295E81-112C-3641-8846-101E1BD9471D> /System/Library/PrivateFrameworks/CoreAutoLayout.framework/Versions/A/CoreAutoLayout
dyld[46912]: <B0B762DB-DEE4-368F-94E4-6BCFEC98E286> /usr/lib/libcmark-gfm.dylib
dyld[46912]: <4A5173C4-2F2F-3503-9FED-70C4E5BEFA0F> /usr/lib/libfakelink.dylib
dyld[46912]: <88B2498F-674F-34B8-AC5F-048E050518E5> /usr/lib/libcompression.dylib
dyld[46912]: <49C50CC0-E432-3C8D-84D5-F6AA825941A3> /System/Library/Frameworks/CFNetwork.framework/Versions/A/CFNetwork
dyld[46912]: <ECE02111-DA6A-386C-B109-699F01824273> /System/Library/Frameworks/DiskArbitration.framework/Versions/A/DiskArbitration
dyld[46912]: <CE6444C3-4DCC-3F04-B4EC-AE78233CD4C8> /usr/lib/libarchive.2.dylib
dyld[46912]: <E681BCDD-6DE1-3079-8AD8-DB80F389420D> /usr/lib/libDiagnosticMessagesClient.dylib
dyld[46912]: <700597A5-5992-3705-9F22-3E970E735653> /usr/lib/libicucore.A.dylib
dyld[46912]: <E706ECFF-E18C-3E27-B22D-B8307DE9C6D2> /usr/lib/libxml2.2.dylib
dyld[46912]: <B20E2809-8922-3D51-9CF9-1EF7DFDFBE1D> /System/Library/Frameworks/CoreServices.framework/Versions/A/CoreServices
dyld[46912]: <A316E5EC-C7E2-3D1C-A36A-7075E38735A8> /usr/lib/liblangid.dylib
dyld[46912]: <93FF2D40-D3DB-37A6-A827-8C8947B0BDCF> /System/Library/Frameworks/IOKit.framework/Versions/A/IOKit
dyld[46912]: <EBB4454A-765B-38CF-8B9D-71FF1B53D290> /System/Library/Frameworks/Combine.framework/Versions/A/Combine
dyld[46912]: <FD544864-C6FA-3FB3-B8EA-7ECAA412D97F> /System/Library/PrivateFrameworks/CollectionsInternal.framework/Versions/A/CollectionsInternal
dyld[46912]: <B66B4EC0-DF77-317E-B57C-9005FCA3B3E1> /System/Library/PrivateFrameworks/ReflectionInternal.framework/Versions/A/ReflectionInternal
dyld[46912]: <8D664FD8-9C6D-35F2-A0CB-C7E22ABEB804> /System/Library/PrivateFrameworks/RuntimeInternal.framework/Versions/A/RuntimeInternal
dyld[46912]: <105FF8F1-5BE6-387D-B850-ECE87B4BFE9C> /System/Library/PrivateFrameworks/SoftLinking.framework/Versions/A/SoftLinking
dyld[46912]: <EE71FC23-45F1-30AE-B49C-74D2DE7882BA> /usr/lib/swift/libswiftCoreFoundation.dylib
dyld[46912]: <70D613F2-BFE7-38FC-A7E8-80779478F554> /usr/lib/swift/libswiftDarwin.dylib
dyld[46912]: <F272890D-9996-3BD0-A5AA-67CE47819FE4> /usr/lib/swift/libswiftDispatch.dylib
dyld[46912]: <1A55E5A8-85E6-3067-AB87-4AC87B8C6530> /usr/lib/swift/libswiftIOKit.dylib
dyld[46912]: <92A7149B-3E19-38D2-BD36-3360D56F3096> /usr/lib/swift/libswiftSystem.dylib
dyld[46912]: <75A38F4A-06EE-3FD1-87A3-8F9FF972CE47> /usr/lib/swift/libswiftXPC.dylib
dyld[46912]: <4C680D47-D53D-3E82-9575-B04943349B45> /usr/lib/swift/libswift_Builtin_float.dylib
dyld[46912]: <E202745F-BFF6-3F29-A171-5C8DDE11779C> /usr/lib/swift/libswift_Concurrency.dylib
dyld[46912]: <4A0A069F-D0C0-3F0A-BE4F-4AFE0DF78D58> /usr/lib/swift/libswift_DarwinFoundation1.dylib
dyld[46912]: <2B54D7C1-96A9-350E-B680-2CEC48FE32AE> /usr/lib/swift/libswift_StringProcessing.dylib
dyld[46912]: <C191573D-AF50-3C8E-840C-F64782CC2BFC> /usr/lib/swift/libswiftos.dylib
dyld[46912]: <48EB2100-B5F6-3150-A424-5FD9EEC9B77B> /System/Library/PrivateFrameworks/CoreServicesInternal.framework/Versions/A/CoreServicesInternal
dyld[46912]: <F41D814B-FE1F-311A-A778-5F0699628188> /usr/lib/liboah.dylib
dyld[46912]: <A4C45770-BA54-3D2C-9DA3-077F5A497C32> /System/Library/Frameworks/Security.framework/Versions/A/Security
dyld[46912]: <D3D5DEE9-258B-33B9-A688-CF81D495E88D> /System/Library/PrivateFrameworks/GenerationalStorage.framework/Versions/A/GenerationalStorage
dyld[46912]: <02498F6E-F56A-35EC-BBFD-09E0739F330E> /System/Library/PrivateFrameworks/CacheDelete.framework/Versions/A/CacheDelete
dyld[46912]: <5879E066-73C2-3C08-9571-57A56D8FC106> /System/Library/Frameworks/QuickLookThumbnailing.framework/Versions/A/QuickLookThumbnailing
dyld[46912]: <56C602D6-EE17-31C4-BACC-962E392B7A14> /System/Library/Frameworks/FileProvider.framework/Versions/A/FileProvider
dyld[46912]: <1D861D5E-F6F8-3B0C-97F0-6F7DA8174A13> /System/Library/PrivateFrameworks/DiskImages.framework/Versions/A/DiskImages
dyld[46912]: <8B049FBF-B02F-3B65-B252-36DD33AE4DCB> /System/Library/Frameworks/NetFS.framework/Versions/A/NetFS
dyld[46912]: <8A8560B9-089E-3AB8-996F-C1E6F335D567> /System/Library/PrivateFrameworks/DesktopServicesPriv.framework/Versions/A/DesktopServicesPriv
dyld[46912]: <4DF5833E-170E-391E-8068-334A1619B6EC> /System/Library/Frameworks/CoreServices.framework/Versions/A/Frameworks/FSEvents.framework/Versions/A/FSEvents
dyld[46912]: <C3100FC0-CB90-375E-8228-7AD3095F70CC> /System/Library/Frameworks/CoreServices.framework/Versions/A/Frameworks/CarbonCore.framework/Versions/A/CarbonCore
dyld[46912]: <20352036-F9BF-311D-BF2B-4BE56DE35A4C> /System/Library/Frameworks/CoreServices.framework/Versions/A/Frameworks/Metadata.framework/Versions/A/Metadata
dyld[46912]: <C43D9113-B804-3617-AB4E-18B9746C3FD7> /System/Library/Frameworks/CoreServices.framework/Versions/A/Frameworks/OSServices.framework/Versions/A/OSServices
dyld[46912]: <DB2FEE7A-4E93-3C0A-A1BC-1A7915D7F824> /System/Library/Frameworks/CoreServices.framework/Versions/A/Frameworks/SearchKit.framework/Versions/A/SearchKit
dyld[46912]: <1FE41C73-319E-31D6-8AB9-5D9725C29840> /System/Library/Frameworks/CoreServices.framework/Versions/A/Frameworks/AE.framework/Versions/A/AE
dyld[46912]: <F672AF6B-712F-3E94-A30C-D962C961B1AE> /System/Library/Frameworks/CoreServices.framework/Versions/A/Frameworks/LaunchServices.framework/Versions/A/LaunchServices
dyld[46912]: <89B35D84-BCB4-32EA-B793-BB3563BA6C7E> /System/Library/Frameworks/CoreServices.framework/Versions/A/Frameworks/DictionaryServices.framework/Versions/A/DictionaryServices
dyld[46912]: <11D1A903-7E02-365D-B434-CF1F6928B9C8> /System/Library/Frameworks/CoreServices.framework/Versions/A/Frameworks/SharedFileList.framework/Versions/A/SharedFileList
dyld[46912]: <37EB8634-C367-3986-951F-FE6CE034F9B8> /usr/lib/libapple_nghttp2.dylib
dyld[46912]: <FFED8D03-933A-3E77-A298-899189CFDDEE> /usr/lib/libsqlite3.dylib
dyld[46912]: <480932A5-4C8C-3AEF-AFC3-31D7D5A6DFB7> /System/Library/Frameworks/Accounts.framework/Versions/A/Accounts
dyld[46912]: <277306E7-DBCE-3D31-8E19-1A959860E47C> /System/Library/PrivateFrameworks/AOSKit.framework/Versions/A/AOSKit
dyld[46912]: <F1614AEF-411C-3D85-B147-122B24A52BD2> /System/Library/PrivateFrameworks/AppSSOCore.framework/Versions/A/AppSSOCore
dyld[46912]: <E49883EF-0C5A-34B3-940E-6CDED347A361> /System/Library/PrivateFrameworks/AppSupport.framework/Versions/A/AppSupport
dyld[46912]: <2B4C89E8-6D61-382F-8596-400AFD5DFAED> /System/Library/Frameworks/AVFoundation.framework/Versions/A/AVFoundation
dyld[46912]: <D6494026-1CF4-365F-9D35-BD3C0FAE8463> /System/Library/PrivateFrameworks/BackgroundSystemTasks.framework/Versions/A/BackgroundSystemTasks
dyld[46912]: <5B6BC0A9-527D-3D06-B19A-59A55830D0C2> /System/Library/PrivateFrameworks/CoreAnalytics.framework/Versions/A/CoreAnalytics
dyld[46912]: <86707213-12B9-3943-AF6A-FBFDF1209FCA> /System/Library/Frameworks/CoreGraphics.framework/Versions/A/CoreGraphics
dyld[46912]: <43674C87-ADFF-3F60-9DDD-8CE9CAFA39D5> /System/Library/PrivateFrameworks/DuetActivityScheduler.framework/Versions/A/DuetActivityScheduler
dyld[46912]: <8220298F-96F2-3CED-82CF-C07E11DA38F9> /System/Library/PrivateFrameworks/FTServices.framework/Versions/A/FTServices
dyld[46912]: <6A676BE5-DAA2-3923-8B2D-9183A79D8FCF> /System/Library/Frameworks/GSS.framework/Versions/A/GSS
dyld[46912]: <B9C46934-ECEA-360F-BD4D-39025C7947C9> /System/Library/PrivateFrameworks/InternationalSupport.framework/Versions/A/InternationalSupport
dyld[46912]: <F64C374B-7C49-32B2-BD2E-8822A3F14163> /usr/lib/libMemoryResourceException.dylib
dyld[46912]: <A3C34F06-7BB2-3881-8DD1-775BB79E14B3> /System/Library/PrivateFrameworks/NetworkScore.framework/Versions/A/NetworkScore
dyld[46912]: <31C663CB-E303-3669-A2D3-17AB24A16940> /System/Library/PrivateFrameworks/NetworkServiceProxy.framework/Versions/A/NetworkServiceProxy
dyld[46912]: <949C594B-FE78-3E1A-B40C-4720CF994C75> /System/Library/PrivateFrameworks/RunningBoardServices.framework/Versions/A/RunningBoardServices
dyld[46912]: <291F2CDF-90AA-36D2-94BB-1318387C54C5> /System/Library/PrivateFrameworks/StreamingExtractor.framework/Versions/A/StreamingExtractor
dyld[46912]: <A266C210-8869-390E-93D0-5AC15408C80D> /System/Library/PrivateFrameworks/StreamingZip.framework/Versions/A/StreamingZip
dyld[46912]: <DB7270A8-9BB5-3EBE-B2FD-54F6641D56DE> /System/Library/PrivateFrameworks/SymptomReporter.framework/Versions/A/SymptomReporter
dyld[46912]: <87E902A1-34F8-3ED8-8A5B-00F346A553AE> /usr/lib/libenergytrace.dylib
dyld[46912]: <076C8183-DBAF-3FE4-8019-C95855620AD9> /usr/lib/libnetworkextension.dylib
dyld[46912]: <4A16436D-E026-380A-ADED-84C279C05285> /System/Library/Frameworks/Network.framework/Versions/A/Network
dyld[46912]: <7E84A4E7-383B-33B9-B604-D707E8E0C76A> /usr/lib/libbsm.0.dylib
dyld[46912]: <B20E8F67-6646-3050-AB29-44575B24BB6D> /usr/lib/system/libkxld.dylib
dyld[46912]: <2D2A4D15-9634-3D30-8D50-845C65536968> /System/Library/PrivateFrameworks/AppleKeyStore.framework/Versions/A/AppleKeyStore
dyld[46912]: <CFECAA0B-0E59-3E9B-BE28-7247E52F32BC> /usr/lib/libCoreEntitlements.dylib
dyld[46912]: <DDEA8F2A-0D8C-3136-A60F-159B3BF6BB14> /System/Library/PrivateFrameworks/MessageSecurity.framework/Versions/A/MessageSecurity
dyld[46912]: <4AB73CF2-A262-3297-A4ED-F98885686564> /System/Library/PrivateFrameworks/ProtocolBuffer.framework/Versions/A/ProtocolBuffer
dyld[46912]: <9E416667-BB78-36EB-9B5D-886652738B8E> /System/Library/PrivateFrameworks/CloudServices.framework/Versions/A/CloudServices
dyld[46912]: <88586001-D9A2-3BCE-A0B3-F66B962A5FCD> /System/Library/PrivateFrameworks/SymptomDiagnosticReporter.framework/Versions/A/SymptomDiagnosticReporter
dyld[46912]: <E76B3969-60BD-3EBD-8419-B6D16CB330C2> /System/Library/PrivateFrameworks/CrashReporterSupport.framework/Versions/A/CrashReporterSupport
dyld[46912]: <E0F8AF6B-104D-3F9D-A8FB-49EF7C45EAAE> /usr/lib/libMobileGestalt.dylib
dyld[46912]: <903E85C5-7923-3276-8CD3-439E896B7C6B> /System/Library/PrivateFrameworks/AppleFSCompression.framework/Versions/A/AppleFSCompression
dyld[46912]: <5CF64670-CDC0-3AF0-930A-38522A8573EC> /usr/lib/libcoretls.dylib
dyld[46912]: <88C8B8CF-FC4A-3278-9FD7-A2B90B2F600F> /usr/lib/libcoretls_cfhelpers.dylib
dyld[46912]: <4653F0C2-72CB-3C35-AEB9-AAFD63A5B721> /usr/lib/libpam.2.dylib
dyld[46912]: <47C6FF5C-2E46-3B5A-A3AF-157D64AA89B0> /usr/lib/libxar.1.dylib
dyld[46912]: <715B7DF2-B40D-3EBA-BFC9-13276492ED33> /System/Library/PrivateFrameworks/APFS.framework/Versions/A/APFS
dyld[46912]: <C01C6663-DD1C-3855-AB40-23B40F988E8E> /System/Library/PrivateFrameworks/SwiftASN1Internal.framework/Versions/A/SwiftASN1Internal
dyld[46912]: <389F3921-719F-3A03-BD22-3A711B27FB35> /System/Library/PrivateFrameworks/AppleSystemInfo.framework/Versions/A/AppleSystemInfo
dyld[46912]: <2CFBD4DF-9E6B-34A5-9B6C-BCD05F40F139> /System/Library/PrivateFrameworks/IOMobileFramebuffer.framework/Versions/A/IOMobileFramebuffer
dyld[46912]: <C30F04DE-ADD7-3DBC-A1B2-C7D1EFA08CC6> /System/Library/Frameworks/IOSurface.framework/Versions/A/IOSurface
dyld[46912]: <B73AC390-0D5D-3EDA-A81F-709B68F0E37A> /System/Library/PrivateFrameworks/CoreWiFi.framework/Versions/A/CoreWiFi
dyld[46912]: <E39BD6CE-35C2-3F90-BBC1-F68EB3C71E52> /System/Library/PrivateFrameworks/LoggingSupport.framework/Versions/A/LoggingSupport
dyld[46912]: <B7154554-8A67-3354-B992-14441B39FF71> /System/Library/PrivateFrameworks/MobileAsset.framework/Versions/A/MobileAsset
dyld[46912]: <604DB01F-E423-31DC-A4A1-792F6701BA2D> /System/Library/PrivateFrameworks/PowerLog.framework/Versions/A/PowerLog
dyld[46912]: <BE98D10A-67D4-311C-B556-8D3838CF6F81> /System/Library/PrivateFrameworks/Rapport.framework/Versions/A/Rapport
dyld[46912]: <58E4A38D-47FB-3EAC-B7E0-6818F49D24EA> /System/Library/Frameworks/SwiftData.framework/Versions/A/SwiftData
dyld[46912]: <540009BA-D3E5-3F67-8DE8-ED0033FE9215> /System/Library/PrivateFrameworks/Symptoms.framework/Versions/A/Frameworks/SymptomAnalytics.framework/Versions/A/SymptomAnalytics
dyld[46912]: <743056F4-24EC-3A70-8282-C6F20407C193> /System/Library/Frameworks/UniformTypeIdentifiers.framework/Versions/A/UniformTypeIdentifiers
dyld[46912]: <4C89B3C9-F76E-3ED3-9515-E770E4E0E04A> /System/Library/PrivateFrameworks/UserManagement.framework/Versions/A/UserManagement
dyld[46912]: <0767E249-3DD3-375B-8E61-F5DB8309C5BA> /usr/lib/libboringssl.dylib
dyld[46912]: <819F23DB-90BE-3F09-8647-29C8F3CF929E> /usr/lib/libcupolicy.dylib
dyld[46912]: <B079C73B-474D-3A35-B9FC-C417A2FAAC2D> /usr/lib/libdns_services.dylib
dyld[46912]: <9BFCCC8E-40E3-33F3-8108-ED956930D9B0> /System/Library/Frameworks/NetworkExtension.framework/Versions/A/NetworkExtension
dyld[46912]: <2C368B24-1063-37A2-9815-6392CE0D28FA> /usr/lib/libnwswifttls.dylib
dyld[46912]: <0A92F1D9-34F1-35A9-A293-57BED013A7C7> /usr/lib/libpcap.A.dylib
dyld[46912]: <A88B0E2C-9449-37D5-AA62-8533346704D8> /usr/lib/libquic.dylib
dyld[46912]: <35A0D004-85A7-324D-A597-61F1AA1203B8> /usr/lib/libusrtcp.dylib
dyld[46912]: <AD7AC28E-DF43-3FE2-9F95-1A55421FE21B> /System/Library/PrivateFrameworks/AtomicsInternal.framework/Versions/A/AtomicsInternal
dyld[46912]: <4AFF9D01-B152-3754-917D-FEB9B6EDB074> /System/Library/PrivateFrameworks/InternalSwiftProtobuf.framework/Versions/A/InternalSwiftProtobuf
dyld[46912]: <939A84CD-B303-36D6-89D4-0CA6FE6C9335> /usr/lib/swift/libswiftDistributed.dylib
dyld[46912]: <69B34359-C025-3674-9127-6FE565701511> /usr/lib/swift/libswiftObservation.dylib
dyld[46912]: <7626547E-9425-3FAE-A895-04A4C0B5A24C> /usr/lib/swift/libswiftSynchronization.dylib
dyld[46912]: <61779A8C-8FAF-3B30-88EB-F8B1F7965DA6> /System/Library/PrivateFrameworks/AggregateDictionary.framework/Versions/A/AggregateDictionary
dyld[46912]: <ACB84D0D-0179-32B7-8F5C-53BD2AC740D5> /System/Library/PrivateFrameworks/CoreDuetContext.framework/Versions/A/CoreDuetContext
dyld[46912]: <ED2927D1-85F9-346D-9054-C9008EEFC205> /System/Library/PrivateFrameworks/BiomeLibrary.framework/Versions/A/BiomeLibrary
dyld[46912]: <0F02B28D-130E-3D48-A02E-D62C960731A0> /System/Library/PrivateFrameworks/CoreDuet.framework/Versions/A/CoreDuet
dyld[46912]: <0C2B5247-3909-390E-89D1-CD10B5986FDB> /System/Library/PrivateFrameworks/BiomeStreams.framework/Versions/A/BiomeStreams
dyld[46912]: <ECD6B305-5576-372C-A6C2-6FB8B3449B16> /System/Library/PrivateFrameworks/BiomeFoundation.framework/Versions/A/BiomeFoundation
dyld[46912]: <56BD2841-6328-3882-839C-512E9AEC3220> /System/Library/PrivateFrameworks/BiomePubSub.framework/Versions/A/BiomePubSub
dyld[46912]: <26BCA90F-FDB6-3162-8398-B204D85CFE5B> /System/Library/Frameworks/CoreData.framework/Versions/A/CoreData
dyld[46912]: <5C05FB7B-7E85-3E88-B482-B08EBADE6C7C> /System/Library/PrivateFrameworks/ProactiveSupport.framework/Versions/A/ProactiveSupport
dyld[46912]: <8984813E-20DC-39D0-8760-81CF047BEA77> /System/Library/Frameworks/CoreLocation.framework/Versions/A/CoreLocation
dyld[46912]: <71576C7F-398C-30F3-8B15-E71BBEFCBF40> /System/Library/Frameworks/Intents.framework/Versions/A/Intents
dyld[46912]: <9C3CA246-0044-37F0-9C69-6A72E1434912> /System/Library/Frameworks/_LocationEssentials.framework/Versions/A/_LocationEssentials
dyld[46912]: <6DB9D3C0-C6E8-34F1-BECE-E13E769A8FDB> /usr/lib/liblzma.5.dylib
dyld[46912]: <69865F9B-6DB8-3638-8A23-072E1E349C72> /System/Library/Frameworks/Accelerate.framework/Versions/A/Accelerate
dyld[46912]: <0542EA91-C289-3EEB-A7BD-E3FDC5F48622> /System/Library/PrivateFrameworks/MobileKeyBag.framework/Versions/A/MobileKeyBag
dyld[46912]: <504121FD-73F2-3024-93D0-E8A7C806E94B> /System/Library/PrivateFrameworks/InternationalTextSearch.framework/Versions/A/InternationalTextSearch
dyld[46912]: <6DD8264D-A08C-3E81-A4DC-DF6F92BDE42B> /System/Library/PrivateFrameworks/SoftwareUpdateCoreSupport.framework/Versions/A/SoftwareUpdateCoreSupport
dyld[46912]: <BE013477-FD5C-36B1-9127-66C2080DE35E> /System/Library/PrivateFrameworks/SoftwareUpdateCoreConnect.framework/Versions/A/SoftwareUpdateCoreConnect
dyld[46912]: <B9FE5420-1BC3-3001-ACAF-2E917BFFBDD0> /System/Library/PrivateFrameworks/RemoteServiceDiscovery.framework/Versions/A/RemoteServiceDiscovery
dyld[46912]: <135C2628-BD95-3432-8D97-32C8FDABD1E3> /System/Library/PrivateFrameworks/MSUDataAccessor.framework/Versions/A/MSUDataAccessor
dyld[46912]: <7817458F-E833-3825-A04B-03A79AD8739B> /usr/lib/libbootpolicy.dylib
dyld[46912]: <ED17CD59-DDEC-3BDE-9267-201A02407BAD> /System/Library/PrivateFrameworks/RemoteXPC.framework/Versions/A/RemoteXPC
dyld[46912]: <A1DBFEC9-D0A6-3B2E-99D2-EC6B5B9B960D> /usr/lib/libFDR.dylib
dyld[46912]: <A73B43E8-985F-3BB1-AD2B-DAF39BFF4E95> /usr/lib/libamsupport.dylib
dyld[46912]: <2C923B2B-EB1C-3FD1-8272-4AD141AEE322> /usr/lib/libReverseProxyDevice.dylib
dyld[46912]: <A1751466-FD99-3C13-9DAE-8EE39A575C75> /System/Library/PrivateFrameworks/AppleDeviceQuerySupport.framework/Versions/A/AppleDeviceQuerySupport
dyld[46912]: <6B2536A0-FB99-3B72-BF72-C8A230F76C2F> /usr/lib/libpartition2_dynamic.dylib
dyld[46912]: <50A785A8-C474-3A6D-A6CB-DFD2D0E93B43> /System/Library/PrivateFrameworks/AppleSauce.framework/Versions/A/AppleSauce
dyld[46912]: <4C0A66D2-B313-3A88-B438-3B2FBAFD7994> /usr/lib/libAppleArchive.dylib
dyld[46912]: <F8B99793-2A42-3B06-A92E-C84D8679459A> /usr/lib/libbz2.1.0.dylib
dyld[46912]: <87180846-15A0-3AE6-9375-8986922E7704> /System/Library/Frameworks/Accelerate.framework/Versions/A/Frameworks/vImage.framework/Versions/A/vImage
dyld[46912]: <F9DA17B8-BF0E-3D0E-8D51-8895A09E76CA> /System/Library/Frameworks/Accelerate.framework/Versions/A/Frameworks/vecLib.framework/Versions/A/vecLib
dyld[46912]: <E5B95953-1269-352C-B085-3BC6406E41D9> /System/Library/Frameworks/Accelerate.framework/Versions/A/Frameworks/vecLib.framework/Versions/A/libvMisc.dylib
dyld[46912]: <C127566F-507D-3087-8945-973441413016> /System/Library/Frameworks/Accelerate.framework/Versions/A/Frameworks/vImage.framework/Versions/A/Libraries/libCGInterfaces.dylib
dyld[46912]: <48BF39E9-074A-3BD8-80DD-DEB901859383> /System/Library/PrivateFrameworks/AccelerateGPU.framework/Versions/A/AccelerateGPU
dyld[46912]: <B8AEEB6D-A458-37C3-B22A-99C768B155EA> /System/Library/Frameworks/Accelerate.framework/Versions/A/Frameworks/vecLib.framework/Versions/A/libBLAS.dylib
dyld[46912]: <305A0A92-364D-3C8B-8BC4-DAE07A4E2918> /System/Library/Frameworks/ApplicationServices.framework/Versions/A/ApplicationServices
dyld[46912]: <9C44ABC3-19CD-32AB-A7AA-098813317900> /System/Library/Frameworks/CoreVideo.framework/Versions/A/CoreVideo
dyld[46912]: <96471F96-B3C6-3783-B8BB-17C1E48C46B7> /System/Library/Frameworks/ColorSync.framework/Versions/A/ColorSync
dyld[46912]: <22A4F922-8523-396D-AD9B-DA6FF15DA432> /System/Library/Frameworks/CoreText.framework/Versions/A/CoreText
dyld[46912]: <0CD49F9D-A8E2-303D-98A7-7E9602B00B90> /System/Library/Frameworks/ImageIO.framework/Versions/A/ImageIO
dyld[46912]: <63A93F8B-EBA5-37CF-A171-7B220B8C6A70> /System/Library/Frameworks/ApplicationServices.framework/Versions/A/Frameworks/ATS.framework/Versions/A/ATS
dyld[46912]: <0B0164B2-3069-3AF2-B2C5-8A5F1E81BFD6> /System/Library/Frameworks/ApplicationServices.framework/Versions/A/Frameworks/HIServices.framework/Versions/A/HIServices
dyld[46912]: <395625EB-39F6-392B-88CB-C8679C3A844C> /System/Library/Frameworks/ApplicationServices.framework/Versions/A/Frameworks/PrintCore.framework/Versions/A/PrintCore
dyld[46912]: <2CC38837-4DB6-3BBB-A3C9-75D083BD5C61> /System/Library/Frameworks/ApplicationServices.framework/Versions/A/Frameworks/QD.framework/Versions/A/QD
dyld[46912]: <7E09AC41-9944-3061-BC9A-23B6F977BE3A> /System/Library/Frameworks/ApplicationServices.framework/Versions/A/Frameworks/ColorSyncLegacy.framework/Versions/A/ColorSyncLegacy
dyld[46912]: <26B44C48-BC70-38A8-AAF1-7EC18393E11F> /System/Library/Frameworks/ApplicationServices.framework/Versions/A/Frameworks/SpeechSynthesis.framework/Versions/A/SpeechSynthesis
dyld[46912]: <898384F5-D43B-3BCA-8383-3039E80CFA6D> /System/Library/PrivateFrameworks/SkyLight.framework/Versions/A/SkyLight
dyld[46912]: <27A05596-EDE4-3576-B061-D68EB1B6CAD5> /System/Library/PrivateFrameworks/FontServices.framework/libFontParser.dylib
dyld[46912]: <0C76F3C5-CD3B-3837-BAEB-0226751512F6> /System/Library/PrivateFrameworks/BaseBoard.framework/Versions/A/BaseBoard
dyld[46912]: <35DD2B0B-E814-3C04-89AE-04EB53AB64B2> /System/Library/PrivateFrameworks/BoardServices.framework/Versions/A/BoardServices
dyld[46912]: <822C92A9-C200-3DF8-A48F-04F6FC444EA2> /System/Library/PrivateFrameworks/BackBoardServices.framework/Versions/A/BackBoardServices
dyld[46912]: <83EA7238-159B-3156-8F5D-D84E4D94FAD2> /System/Library/PrivateFrameworks/BackBoardHIDEventFoundation.framework/Versions/A/BackBoardHIDEventFoundation
dyld[46912]: <197CDF27-438E-3EB7-BC35-0C466CCF17CD> /System/Library/Frameworks/CoreDisplay.framework/Versions/A/CoreDisplay
dyld[46912]: <586DC60D-A727-38F7-9156-CC98E30F284D> /System/Library/Frameworks/VideoToolbox.framework/Versions/A/VideoToolbox
dyld[46912]: <7835C05F-D662-38A0-83A8-CA317D2C915B> /System/Library/Frameworks/MetalPerformanceShaders.framework/Versions/A/MetalPerformanceShaders
dyld[46912]: <3B0EC42B-483E-3B2E-9320-4CB6664A302B> /System/Library/PrivateFrameworks/ProDisplayLibrary.framework/Versions/A/ProDisplayLibrary
dyld[46912]: <A4FA1F92-D834-3716-89C5-F0B7C0609744> /System/Library/PrivateFrameworks/IOSurfaceAccelerator.framework/Versions/A/IOSurfaceAccelerator
dyld[46912]: <E62B6554-CA42-3D79-B048-C5F6DEFA20CC> /System/Library/Frameworks/Metal.framework/Versions/A/Metal
dyld[46912]: <61E0BB2C-2B28-3B5A-8548-B2C19521DCAD> /System/Library/PrivateFrameworks/IOAccelerator.framework/Versions/A/IOAccelerator
dyld[46912]: <8149A6D5-5D34-3DE8-9F49-0C13EBA54A00> /System/Library/Frameworks/CoreMedia.framework/Versions/A/CoreMedia
dyld[46912]: <312C79A8-E961-3646-8528-3FC190FAAEA3> /System/Library/PrivateFrameworks/TCC.framework/Versions/A/TCC
dyld[46912]: <C3A8BEDA-D443-3239-93BC-1F77D6307526> /System/Library/PrivateFrameworks/WatchdogClient.framework/Versions/A/WatchdogClient
dyld[46912]: <F1BA3189-E95A-3ECA-B59A-5A6872754484> /System/Library/Frameworks/QuartzCore.framework/Versions/A/QuartzCore
dyld[46912]: <9A09DE9B-0772-325A-BBA2-8164DAB189BE> /System/Library/PrivateFrameworks/MultitouchSupport.framework/Versions/A/MultitouchSupport
dyld[46912]: <DDA5A4B3-59E6-319C-8061-FEFD39ADC8C7> /usr/lib/swift/libswiftAccelerate.dylib
dyld[46912]: <EFBE5ADA-3929-35CF-988E-7AED8B7FDE51> /usr/lib/swift/libswiftCoreAudio.dylib
dyld[46912]: <D1491CD7-17C3-36DB-8775-211B2F22C80F> /usr/lib/swift/libswiftCoreMedia.dylib
dyld[46912]: <10BCDD43-C5E6-38BF-99CA-54B6AD7A3EEA> /usr/lib/swift/libswiftMetal.dylib
dyld[46912]: <57A2CE5E-DAC3-35D2-9BED-6188DF518B70> /usr/lib/swift/libswiftOSLog.dylib
dyld[46912]: <C348816E-C511-356C-830B-5F690FA3AA69> /usr/lib/swift/libswiftQuartzCore.dylib
dyld[46912]: <D02B3C6D-7F89-3910-B160-7339E13B7778> /usr/lib/swift/libswiftUniformTypeIdentifiers.dylib
dyld[46912]: <E0458D1A-E650-3E6B-99A1-1882CC4A159A> /usr/lib/swift/libswiftVideoToolbox.dylib
dyld[46912]: <F83F1836-73D8-3B30-A8C4-FED0DA5E8CEC> /usr/lib/swift/libswiftsimd.dylib
dyld[46912]: <9A1B7F95-CF13-3127-85D4-9AAF491AF821> /System/Library/PrivateFrameworks/BiomeStorage.framework/Versions/A/BiomeStorage
dyld[46912]: <5DA57389-B626-3B6E-89E3-C724B0468F10> /System/Library/PrivateFrameworks/IntelligencePlatformLibrary.framework/Versions/A/IntelligencePlatformLibrary
dyld[46912]: <2E3DEAB0-737E-3412-9437-32EDB3086EA3> /System/Library/PrivateFrameworks/PoirotSchematizer.framework/Versions/A/PoirotSchematizer
dyld[46912]: <6D9F3228-2B0C-36ED-B43E-BC4148212971> /System/Library/PrivateFrameworks/BiomeSync.framework/Versions/A/BiomeSync
dyld[46912]: <D25EE534-F145-3A91-B92E-2BBDE76BB0B1> /System/Library/PrivateFrameworks/BiomeDSL.framework/Versions/A/BiomeDSL
dyld[46912]: <BC98F8FE-E39A-31DC-B2BB-F129D1352E1E> /System/Library/PrivateFrameworks/FeatureFlags.framework/Versions/A/FeatureFlags
dyld[46912]: <4B0C858E-68AE-32CF-8F62-B44B1838BBB6> /System/Library/PrivateFrameworks/PoirotUDFs.framework/Versions/A/PoirotUDFs
dyld[46912]: <866DBB51-99DA-38A9-A712-4E26BB5A5CE0> /usr/lib/swift/libswift_DarwinFoundation2.dylib
dyld[46912]: <995CB65C-A58D-38B3-A271-917FDB9F8C57> /usr/lib/swift/libswift_DarwinFoundation3.dylib
dyld[46912]: <89179061-46AF-3E0C-8F03-FF9F5ACEE211> /System/Library/PrivateFrameworks/CoreTime.framework/Versions/A/CoreTime
dyld[46912]: <2D429111-B58B-365E-8D8D-68DA82D20589> /usr/lib/libiconv.2.dylib
dyld[46912]: <7704B548-DB2D-3468-B301-82E8F026DDCE> /usr/lib/libcharset.1.dylib
dyld[46912]: <07B78F81-0131-32DA-9961-316C1C248338> /System/Library/PrivateFrameworks/PoirotSQLite.framework/Versions/A/PoirotSQLite
dyld[46912]: <6BA1B88C-B16D-3296-9322-F98613487F18> /usr/lib/swift/libswift_RegexParser.dylib
dyld[46912]: <327752A7-9364-352C-B3FD-79457DC3145C> /System/Library/PrivateFrameworks/CascadeSets.framework/Versions/A/CascadeSets
dyld[46912]: <39D6BD21-AFD7-3068-B747-B94A5D9F1C27> /System/Library/PrivateFrameworks/CorePhoneNumbers.framework/Versions/A/CorePhoneNumbers
dyld[46912]: <72E56855-8FE6-3262-9A11-B2F475119A93> /System/Library/PrivateFrameworks/AppleJPEG.framework/Versions/A/AppleJPEG
dyld[46912]: <6D02979F-089C-3FF7-B3EA-939E8810EDE7> /usr/lib/libexpat.1.dylib
dyld[46912]: <5855ECAC-2298-3B0A-A859-9E643E12010D> /System/Library/Frameworks/ImageIO.framework/Versions/A/Resources/libPng.dylib
dyld[46912]: <2E5FD6A0-0646-3F84-84A8-09F2BD58C56D> /System/Library/Frameworks/ImageIO.framework/Versions/A/Resources/libTIFF.dylib
dyld[46912]: <A4D144D0-C3D8-3BB6-962F-FDBC6DACC105> /System/Library/Frameworks/ImageIO.framework/Versions/A/Resources/libGIF.dylib
dyld[46912]: <FCBA3CD1-64C8-3BE1-AB50-450070167FA3> /System/Library/Frameworks/ImageIO.framework/Versions/A/Resources/libJP2.dylib
dyld[46912]: <8331A311-1C3F-37E5-A6FB-74FEB6D31D57> /usr/lib/libate.dylib
dyld[46912]: <30EA44B1-2A44-3415-A1B6-DD0ED2B7B306> /System/Library/Frameworks/ImageIO.framework/Versions/A/Resources/libJPEG.dylib
dyld[46912]: <2C186C82-66E0-369C-B2D4-1815FAB8AFB3> /System/Library/Frameworks/ImageIO.framework/Versions/A/Resources/libRadiance.dylib
dyld[46912]: <0E239D6E-4F69-3A3C-8F10-207AB9E53626> /System/Library/PrivateFrameworks/GPUCompiler.framework/Versions/32023/Libraries/libllvm-flatbuffers.dylib
dyld[46912]: <E0E4527F-02A1-3B8E-BC59-50596B14C725> /System/Library/PrivateFrameworks/FramePacing.framework/Versions/A/FramePacing
dyld[46912]: <A7E06810-96A7-320B-90FF-41FEC8996481> /System/Library/Frameworks/OpenGL.framework/Versions/A/Libraries/libCoreFSCache.dylib
dyld[46912]: <54727168-9032-3AF7-B571-3A52A508B761> /System/Library/PrivateFrameworks/GPUCompiler.framework/Versions/32023/Libraries/libGPUCompilerUtils.dylib
dyld[46912]: <3877C6C1-2A1C-3971-A39B-BFBCBD2316E4> /System/Library/PrivateFrameworks/GraphicsServices.framework/Versions/A/GraphicsServices
dyld[46912]: <4441E600-26A0-3A7E-A20A-4A4F239AA0D0> /System/Library/Frameworks/OpenGL.framework/Versions/A/OpenGL
dyld[46912]: <D7A8D43B-01FB-363F-9E04-E3AE9712247B> /System/Library/Frameworks/OpenGL.framework/Versions/A/Libraries/libGLU.dylib
dyld[46912]: <82D99F0A-0AE0-3187-AED3-F8EA8602892E> /System/Library/Frameworks/OpenGL.framework/Versions/A/Libraries/libGFXShared.dylib
dyld[46912]: <0467762E-9A84-3C53-B0F4-CA179E29A8CE> /System/Library/Frameworks/OpenGL.framework/Versions/A/Libraries/libGL.dylib
dyld[46912]: <CF163ACB-2E12-3036-AFBE-AAEC42E32A95> /System/Library/Frameworks/OpenGL.framework/Versions/A/Libraries/libGLImage.dylib
dyld[46912]: <DCF9371C-4D04-3524-B0A0-0E0A93183BFB> /System/Library/Frameworks/OpenGL.framework/Versions/A/Libraries/libCVMSPluginSupport.dylib
dyld[46912]: <9879D439-C0AD-3A93-9050-4C0AE6C7DD07> /System/Library/Frameworks/OpenGL.framework/Versions/A/Libraries/libCoreVMClient.dylib
dyld[46912]: <FB88FA95-68C1-3573-B8A4-815488BDA4E6> /System/Library/PrivateFrameworks/GPUWrangler.framework/Versions/A/GPUWrangler
dyld[46912]: <60E38601-35DB-3D90-80C0-BB19848CFED7> /System/Library/PrivateFrameworks/IOPresentment.framework/Versions/A/IOPresentment
dyld[46912]: <F5D64A73-D6D9-380E-BF44-10544E2465B6> /System/Library/PrivateFrameworks/DSExternalDisplay.framework/Versions/A/DSExternalDisplay
dyld[46912]: <9FD68D8C-8D94-32D2-A41C-97A66C2E4BB6> /System/Library/PrivateFrameworks/VideoToolboxParavirtualizationSupport.framework/Versions/A/VideoToolboxParavirtualizationSupport
dyld[46912]: <7EB7686D-74B9-385B-A60F-25F9C97AD46B> /System/Library/PrivateFrameworks/AppleVA.framework/Versions/A/AppleVA
dyld[46912]: <1E88A46B-6D6B-3648-968B-01532612E28C> /System/Library/Frameworks/ExtensionFoundation.framework/Versions/A/ExtensionFoundation
dyld[46912]: <7AEF5F35-87FB-36B6-9347-BFB7DE09B133> /System/Library/PrivateFrameworks/CMCaptureCore.framework/Versions/A/CMCaptureCore
dyld[46912]: <866F4ACD-D94B-3BD7-8B90-573A51A8CEDF> /usr/lib/libspindump.dylib
dyld[46912]: <2E3313F7-C583-3D6C-A88B-37AF8B4C56F0> /System/Library/Frameworks/CoreAudio.framework/Versions/A/CoreAudio
dyld[46912]: <D54F06FB-C477-3A05-9C9F-A02CF013F926> /System/Library/PrivateFrameworks/AppServerSupport.framework/Versions/A/AppServerSupport
dyld[46912]: <8BDF1C32-455B-3FEF-A6E4-ECD49074CA07> /System/Library/PrivateFrameworks/perfdata.framework/Versions/A/perfdata
dyld[46912]: <71BD1CD7-CD33-3689-9EFF-12FAD75B97E5> /System/Library/PrivateFrameworks/AudioDSPGraph.framework/Versions/A/AudioDSPGraph
dyld[46912]: <668AAB07-F503-3EB4-A382-F01FB60269FB> /System/Library/PrivateFrameworks/AudioToolboxCore.framework/Versions/A/AudioToolboxCore
dyld[46912]: <725DE236-E4BB-34E0-A155-46A974629A81> /System/Library/PrivateFrameworks/caulk.framework/Versions/A/caulk
dyld[46912]: <573E42C2-BB6F-3E6C-BA4C-A7689728B174> /usr/lib/libAudioStatistics.dylib
dyld[46912]: <99C955D1-07A3-3FE9-922A-BC678E2EA454> /System/Library/PrivateFrameworks/SystemPolicy.framework/Versions/A/SystemPolicy
dyld[46912]: <08EEC0C2-F56C-3BB9-992A-160E5AAAEB56> /usr/lib/libSMC.dylib
dyld[46912]: <5491E4A8-56A3-3EBC-AC8E-B2D69CB34E32> /usr/lib/swift/libswiftCoreMIDI.dylib
dyld[46912]: <29F750A3-0A23-3C21-8C79-4A2D22F7BE8B> /System/Library/Frameworks/CoreMIDI.framework/Versions/A/CoreMIDI
dyld[46912]: <E83E83E4-F6D9-36B1-A7C8-1391F6E5D4E7> /usr/lib/libAudioToolboxUtility.dylib
dyld[46912]: <0D2BC538-CE70-3EFD-B277-6B12CEED8EC7> /usr/lib/libperfcheck.dylib
dyld[46912]: <AAD9FBE3-5777-3ED9-930F-1B5F492CDFA6> /System/Library/PrivateFrameworks/AudioAnalytics.framework/Versions/A/AudioAnalytics
dyld[46912]: <BFBCF2EC-4BC5-3941-AE6B-3F5BEF2C2296> /System/Library/Frameworks/OSLog.framework/Versions/A/OSLog
dyld[46912]: <C6FCA282-6ABB-38D2-9683-C6A229CCD92B> /System/Library/PrivateFrameworks/OSEligibility.framework/Versions/A/OSEligibility
dyld[46912]: <D170449C-D007-358E-A189-0CAA6CF8D01F> /System/Library/PrivateFrameworks/IconServices.framework/Versions/A/IconServices
dyld[46912]: <FAF6A95A-EDAC-3CEF-AE8A-44C9A4C12AA2> /System/Library/Frameworks/LightweightCodeRequirements.framework/Versions/A/LightweightCodeRequirements
dyld[46912]: <0F0E3B26-14CC-3248-B8FC-F55458E643C1> /System/Library/PrivateFrameworks/PlugInKit.framework/Versions/A/PlugInKit
dyld[46912]: <5F47F3F1-ADF5-35A7-8ADF-9C850F05C96E> /System/Library/PrivateFrameworks/AssertionServices.framework/Versions/A/AssertionServices
dyld[46912]: <4575E49F-BCA8-34CC-8027-BCE51ACDB678> /System/Library/PrivateFrameworks/IconFoundation.framework/Versions/A/IconFoundation
dyld[46912]: <55C4846B-FB15-31BB-81A1-FE1EE773650D> /System/Library/PrivateFrameworks/AssistantServices.framework/Versions/A/AssistantServices
dyld[46912]: <F4165CF9-0759-306E-8253-D5A316F8C87C> /System/Library/PrivateFrameworks/IconRendering.framework/Versions/A/IconRendering
dyld[46912]: <4866A12C-9F52-3ECE-A0C4-55F9E0FD065C> /System/Library/PrivateFrameworks/CoreUI.framework/Versions/A/CoreUI
dyld[46912]: <0B0C1F98-570E-38B6-A749-5A2239DCB0B7> /System/Library/Frameworks/CoreImage.framework/Versions/A/CoreImage
dyld[46912]: <262D0D2A-7A75-3343-AEB9-1294F6DC8118> /System/Library/PrivateFrameworks/SFSymbols.framework/Versions/A/SFSymbols
dyld[46912]: <CB99B5A9-3254-3174-A216-CCE7299B7E49> /System/Library/Frameworks/DeveloperToolsSupport.framework/Versions/A/DeveloperToolsSupport
dyld[46912]: <F7ECFEE8-BD23-380C-B96F-D1C588B8E735> /System/Library/PrivateFrameworks/RenderBox.framework/Versions/A/RenderBox
dyld[46912]: <3F803C87-C3A7-3DF6-B51B-8AADBFEC915C> /System/Library/PrivateFrameworks/CoreSVG.framework/Versions/A/CoreSVG
dyld[46912]: <2EA07A48-1ADC-3A77-9A3A-596142804F26> /System/Library/PrivateFrameworks/TextureIO.framework/Versions/A/TextureIO
dyld[46912]: <804A03E9-5942-312F-A1AA-8638FD385C1C> /usr/lib/swift/libswiftCoreImage.dylib
dyld[46912]: <BCE53558-0DC1-3670-8AD8-00315C2C7A8B> /System/Library/PrivateFrameworks/GraphVisualizer.framework/Versions/A/GraphVisualizer
dyld[46912]: <76B6A89A-771D-3946-8628-2DECF6188233> /System/Library/PrivateFrameworks/FontServices.framework/Versions/A/FontServices
dyld[46912]: <3CBB2906-8FEF-300A-8F84-1A61263AAB2C> /System/Library/PrivateFrameworks/OTSVG.framework/Versions/A/OTSVG
dyld[46912]: <2E43B513-D03C-3AE1-81C4-7B2ADBB6369E> /System/Library/Frameworks/ApplicationServices.framework/Versions/A/Frameworks/ATS.framework/Versions/A/Resources/libFontRegistry.dylib
dyld[46912]: <D0AD39A1-B981-345D-A8AE-F4DD33ACD224> /usr/lib/libhvf.dylib
dyld[46912]: <DC0A782B-37B2-3DB2-929B-C355C657DBA0> /System/Library/PrivateFrameworks/ParsingInternal.framework/Versions/A/ParsingInternal
dyld[46912]: <749892C3-5510-33F1-A268-8C2EBCAA0F35> /System/Library/PrivateFrameworks/FontServices.framework/libXTFontStaticRegistryData.dylib
dyld[46912]: <1C8768D1-ADC9-32F8-9B19-75F5B361342C> /System/Library/Frameworks/MetalPerformanceShaders.framework/Versions/A/Frameworks/MPSCore.framework/Versions/A/MPSCore
dyld[46912]: <C36504AE-AF4B-3BBB-B4C4-2AF4E3180B9C> /System/Library/Frameworks/MetalPerformanceShaders.framework/Versions/A/Frameworks/MPSImage.framework/Versions/A/MPSImage
dyld[46912]: <16ECC4C3-132A-3566-BA81-3A9857E6ECA3> /System/Library/Frameworks/MetalPerformanceShaders.framework/Versions/A/Frameworks/MPSNeuralNetwork.framework/Versions/A/MPSNeuralNetwork
dyld[46912]: <306ACCB4-2F1F-3292-87FD-0E65488119D9> /System/Library/Frameworks/MetalPerformanceShaders.framework/Versions/A/Frameworks/MPSMatrix.framework/Versions/A/MPSMatrix
dyld[46912]: <E53B1901-AED1-3258-9EBD-06F0A617F8CC> /System/Library/Frameworks/MetalPerformanceShaders.framework/Versions/A/Frameworks/MPSRayIntersector.framework/Versions/A/MPSRayIntersector
dyld[46912]: <EE7ACF8A-08BA-38FB-BAF9-A041B5C1647F> /System/Library/Frameworks/MetalPerformanceShaders.framework/Versions/A/Frameworks/MPSNDArray.framework/Versions/A/MPSNDArray
dyld[46912]: <BF31F15F-31CD-395D-AC73-4184B3B369BA> /System/Library/Frameworks/MetalPerformanceShaders.framework/Versions/A/Frameworks/MPSFunctions.framework/Versions/A/MPSFunctions
dyld[46912]: <64E0C8EB-73F2-3B9F-BA62-5011816127E5> /System/Library/Frameworks/MetalPerformanceShaders.framework/Versions/A/Frameworks/MPSBenchmarkLoop.framework/Versions/A/MPSBenchmarkLoop
dyld[46912]: <017CF55F-3554-395F-96CE-3162C11DF459> /System/Library/Frameworks/MetalPerformanceShaders.framework/Versions/A/Frameworks/MPSHost.framework/Versions/A/MPSHost
dyld[46912]: <828164D8-1D9C-3284-BEB6-94E4A14D789F> /System/Library/PrivateFrameworks/MetalTools.framework/Versions/A/MetalTools
dyld[46912]: <818ED21F-78B0-35A6-8759-A7ECABF2BFC8> /System/Library/PrivateFrameworks/IOAccelMemoryInfo.framework/Versions/A/IOAccelMemoryInfo
dyld[46912]: <983D9B3D-E395-3028-A6C5-53A3A18B6604> /System/Library/PrivateFrameworks/kperf.framework/Versions/A/kperf
dyld[46912]: <F8E5C533-6122-3B5D-B88A-A47C32109A9A> /System/Library/PrivateFrameworks/GPURawCounter.framework/Versions/A/GPURawCounter
dyld[46912]: <1DB46CCA-B13C-3959-BC00-924F576CB767> /System/Library/PrivateFrameworks/ASEProcessing.framework/Versions/A/ASEProcessing
dyld[46912]: <4102CB7D-49E9-345A-A779-3AE810B87268> /System/Library/PrivateFrameworks/Symbolication.framework/Versions/A/Symbolication
dyld[46912]: <1D4A69BF-58CF-3D49-A5FE-060A6882656F> /System/Library/PrivateFrameworks/PhotosensitivityProcessing.framework/Versions/A/PhotosensitivityProcessing
dyld[46912]: <AE03A46C-9FB6-374D-B37E-9718D375A651> /System/Library/PrivateFrameworks/SILManager.framework/Versions/A/SILManager
dyld[46912]: <330E7EFA-BC89-312E-BCB8-7B1DF5D9DE3A> /System/Library/PrivateFrameworks/CoreSymbolication.framework/Versions/A/CoreSymbolication
dyld[46912]: <8719F16D-7F55-3975-998C-06005D5DDC68> /System/Library/PrivateFrameworks/MallocStackLogging.framework/Versions/A/MallocStackLogging
dyld[46912]: <9B8E1A80-3FE3-39C1-A2FD-47BA6DFA959D> /System/Library/PrivateFrameworks/DebugSymbols.framework/Versions/A/DebugSymbols
dyld[46912]: <D89BF7AA-5A74-3F60-B20C-8250BD62F6B4> /System/Library/PrivateFrameworks/OSAnalytics.framework/Versions/A/OSAnalytics
dyld[46912]: <34A24CD5-073C-3E55-8D5F-83818DFCB057> /System/Library/PrivateFrameworks/DeviceRecovery.framework/Versions/A/DeviceRecovery
dyld[46912]: <5BD8491A-8C15-3964-9B0F-B1C9369DC3FC> /System/Library/PrivateFrameworks/Tightbeam.framework/Versions/A/Tightbeam
dyld[46912]: <B5EAFB22-7AE0-343B-95BB-7BB58955A702> /usr/lib/swift/libswiftCompression.dylib
dyld[46912]: <5F0A0B0B-7997-351F-99D8-0517689BBABD> /System/Library/PrivateFrameworks/AFKUser.framework/Versions/A/AFKUser
dyld[46912]: <CA3F2D29-2FCB-3DF4-ADA9-94072A8A6CBD> /System/Library/Frameworks/ApplicationServices.framework/Versions/A/Frameworks/ATSUI.framework/Versions/A/ATSUI
dyld[46912]: <85AB42E3-076F-3B68-ACCF-98625AA5E3D9> /System/Library/PrivateFrameworks/SAObjects.framework/Versions/A/SAObjects
dyld[46912]: <A329E39B-D87D-356B-AA05-3A30CC0DBEEF> /System/Library/Frameworks/AudioToolbox.framework/Versions/A/AudioToolbox
dyld[46912]: <459BA19D-9D3F-32BB-9BE4-176D95B85BCF> /System/Library/PrivateFrameworks/MediaRemote.framework/Versions/A/MediaRemote
dyld[46912]: <DCCDD83A-C276-3DD3-8F2E-6D3B899BB586> /System/Library/Frameworks/UserNotifications.framework/Versions/A/UserNotifications
dyld[46912]: <F12A1855-5F99-3D8A-AA13-23CA64268CD7> /System/Library/PrivateFrameworks/SiriInstrumentation.framework/Versions/A/SiriInstrumentation
dyld[46912]: <10891579-226D-3750-91A9-D98D111EA3BA> /System/Library/PrivateFrameworks/SiriAnalytics.framework/Versions/A/SiriAnalytics
dyld[46912]: <0C21B87C-6478-362B-AF45-D3A1D4A83FCF> /System/Library/PrivateFrameworks/SiriTTSService.framework/Versions/A/SiriTTSService
dyld[46912]: <5D8E0ADB-8A76-34C1-92D6-AF35C7EA73CF> /System/Library/PrivateFrameworks/SiriCrossDeviceArbitration.framework/Versions/A/SiriCrossDeviceArbitration
dyld[46912]: <784C4442-B822-3412-AF09-A1E753DDFFA3> /System/Library/PrivateFrameworks/FeedbackLogger.framework/Versions/A/FeedbackLogger
dyld[46912]: <760531A3-5E19-39C5-84B1-A445B2A50129> /System/Library/PrivateFrameworks/FaceTimeNameUtility.framework/Versions/A/FaceTimeNameUtility
dyld[46912]: <033D0C7B-216E-3D54-AD8C-B83BDE9B4F2D> /System/Library/PrivateFrameworks/AuthKit.framework/Versions/A/AuthKit
dyld[46912]: <D04C8621-DE39-35FD-9351-1627B71F02DC> /System/Library/PrivateFrameworks/SiriCrossDeviceArbitrationFeedback.framework/Versions/A/SiriCrossDeviceArbitrationFeedback
dyld[46912]: <E410F3F8-843C-3FCA-968C-3C864D829AF2> /usr/lib/swift/libswiftCoreLocation.dylib
dyld[46912]: <373189AA-6180-34D7-BA84-6BE401E4E1B9> /usr/lib/swift/libswiftAVFoundation.dylib
dyld[46912]: <3E7267BC-3D63-3785-8279-A8823C9C758F> /System/Library/PrivateFrameworks/UIKitServices.framework/Versions/A/UIKitServices
dyld[46912]: <83745C57-DE3B-394D-A83A-D71C79F3A8B9> /System/Library/PrivateFrameworks/UnifiedAssetFramework.framework/Versions/A/UnifiedAssetFramework
dyld[46912]: <5FEF75E9-F1DD-3FA9-A8B0-81277371B8FC> /System/Library/PrivateFrameworks/AudioSession.framework/Versions/A/AudioSession
dyld[46912]: <FA90EFCA-B936-357B-BF18-16A0FB34B9E9> /System/Library/PrivateFrameworks/MediaExperience.framework/Versions/A/MediaExperience
dyld[46912]: <BBC3CD71-264B-3C66-A2C0-5D4D266256EA> /System/Library/PrivateFrameworks/AudioSession.framework/libSessionUtility.dylib
dyld[46912]: <DD4B10E2-D4D6-3490-A745-33527E18CAAA> /System/Library/PrivateFrameworks/AudioAccessoryServices.framework/Versions/A/AudioAccessoryServices
dyld[46912]: <E3CE1636-EE20-35AF-B55A-F42B7B266EA4> /System/Library/Frameworks/CoreBluetooth.framework/Versions/A/CoreBluetooth
dyld[46912]: <51458515-C89E-317A-850D-182764F322EE> /System/Library/PrivateFrameworks/CoreUtils.framework/Versions/A/CoreUtils
dyld[46912]: <C9A86813-25EE-3439-8F66-A83F1A5015EC> /System/Library/PrivateFrameworks/HID.framework/Versions/A/HID
dyld[46912]: <F1FB23C7-7BB9-3B7C-87A2-7CA7F343ED61> /System/Library/PrivateFrameworks/Sharing.framework/Versions/A/Sharing
dyld[46912]: <D18AF20A-1BF0-383C-9E97-96CDCECE07A7> /System/Library/PrivateFrameworks/CoreUtilsExtras.framework/Versions/A/CoreUtilsExtras
dyld[46912]: <5A300AF2-96D7-3A85-ACA6-9084A7C40C6D> /System/Library/PrivateFrameworks/IO80211.framework/Versions/A/IO80211
dyld[46912]: <963A1CA0-DEBD-3341-81A2-DB5B34283C7B> /System/Library/PrivateFrameworks/IDSFoundation.framework/Versions/A/IDSFoundation
dyld[46912]: <8F99AE0B-A693-349F-8904-B70ECB1C86AA> /System/Library/PrivateFrameworks/Apple80211.framework/Versions/A/Apple80211
dyld[46912]: <9C05D8FD-3F10-3476-8A3C-501966EA13D2> /System/Library/Frameworks/CoreWLAN.framework/Versions/A/CoreWLAN
dyld[46912]: <604B1733-3682-3AF6-9F07-C85C999F3131> /System/Library/Frameworks/IOBluetooth.framework/Versions/A/IOBluetooth
dyld[46912]: <F11740D9-FE8D-38B3-99A9-666EE022F7A7> /usr/lib/swift/libswiftRegexBuilder.dylib
dyld[46912]: <1F2E4950-8060-35D0-B598-D2196F2728B3> /System/Library/PrivateFrameworks/IMFoundation.framework/Versions/A/IMFoundation
dyld[46912]: <462A888C-46C7-324A-8A18-4053C6CB2961> /System/Library/PrivateFrameworks/Marco.framework/Versions/A/Marco
dyld[46912]: <736A1792-0123-3722-822B-495B27044953> /System/Library/PrivateFrameworks/CommonUtilities.framework/Versions/A/CommonUtilities
dyld[46912]: <E78D4693-B886-3DE1-A029-497B47261DA3> /System/Library/PrivateFrameworks/Engram.framework/Versions/A/Engram
dyld[46912]: <1ACD9883-DEC9-3AF0-9E28-B11F4E1DC3F9> /System/Library/PrivateFrameworks/XPCDistributed.framework/Versions/A/XPCDistributed
dyld[46912]: <AFE528E7-451E-3EE9-8E02-7693A2C391B9> /usr/lib/libtidy.A.dylib
dyld[46912]: <C579F691-0120-3BEC-9993-E3CD5F7105A3> /System/Library/PrivateFrameworks/Bom.framework/Versions/A/Bom
dyld[46912]: <82153ECE-36A2-3514-87DE-3B8A53E96727> /usr/lib/libParallelCompression.dylib
dyld[46912]: <68CCF67B-1C66-30C0-9135-00BA5B75586F> /usr/lib/libIOReport.dylib
dyld[46912]: <0D7C76A0-047B-398E-B2A8-FD4705F72E5D> /System/Library/PrivateFrameworks/WiFiPeerToPeer.framework/Versions/A/WiFiPeerToPeer
dyld[46912]: <E5FF4EE4-5A8B-3CBA-BA37-3FE6C7012B0D> /System/Library/Frameworks/SecurityFoundation.framework/Versions/A/SecurityFoundation
dyld[46912]: <E2954A31-B31C-3C9B-A7F9-12CAEC0D1D4E> /System/Library/PrivateFrameworks/Centauri.framework/Versions/A/Centauri
dyld[46912]: <65CFA8A7-E7D2-383A-9C47-D2AF8A46AA22> /System/Library/PrivateFrameworks/Lexicon.framework/Versions/A/Lexicon
dyld[46912]: <188D929F-E81D-3922-BCB4-8D34B4E75EA7> /usr/lib/libmrc.dylib
dyld[46912]: <783A3989-84DE-3340-9292-052A10B7DAD7> /System/Library/PrivateFrameworks/IPConfiguration.framework/Versions/A/IPConfiguration
dyld[46912]: <ECFD5323-6A6A-3231-B90E-57E1332B0122> /System/Library/PrivateFrameworks/Netrb.framework/Versions/A/Netrb
dyld[46912]: <A34C688D-A13A-3625-934C-801A13990594> /System/Library/PrivateFrameworks/FrontBoardServices.framework/Versions/A/FrontBoardServices
dyld[46912]: <604E97FC-C938-306C-9DBB-36B10AFFBA39> /usr/lib/libgermantok.dylib
dyld[46912]: <B5E076A6-50D6-3B48-AACD-E1FC575BDCEE> /System/Library/PrivateFrameworks/LinguisticData.framework/Versions/A/LinguisticData
dyld[46912]: <7EDD9E23-5D91-344A-812B-CFD814180C55> /System/Library/PrivateFrameworks/MultiverseSupport.framework/Versions/A/MultiverseSupport
dyld[46912]: <1AFFCA76-E71A-385E-A3C8-968CDBE9E57D> /System/Library/PrivateFrameworks/DiskManagement.framework/Versions/A/DiskManagement
dyld[46912]: <4B693927-5B0A-364E-BC11-F560B1D707FE> /System/Library/PrivateFrameworks/AppleIDAuthSupport.framework/Versions/A/AppleIDAuthSupport
dyld[46912]: <0E5752E3-313E-3B50-9FB4-DB13FECB0BD7> /System/Library/PrivateFrameworks/AAAFoundation.framework/Versions/A/AAAFoundation
dyld[46912]: <B9966194-B1A6-3ED2-98C9-0D4B49D2617E> /System/Library/PrivateFrameworks/KeychainCircle.framework/Versions/A/KeychainCircle
dyld[46912]: <5ED2FD61-010A-3627-92E8-151E71B739D8> /System/Library/PrivateFrameworks/URLFormatting.framework/Versions/A/URLFormatting
dyld[46912]: <7EE79F42-1420-301B-A9FF-2A63A4023C91> /usr/lib/libcsfde.dylib
dyld[46912]: <AA8EDD1F-E406-3164-9FB9-BB0C61256AFF> /usr/lib/libCoreStorage.dylib
dyld[46912]: <80627B52-C5CE-3DC4-A12D-D15FE46A62BA> /System/Library/PrivateFrameworks/MediaKit.framework/Versions/A/MediaKit
dyld[46912]: <4C6BBB60-2884-3DC8-9FCB-472BCD087D84> /System/Library/Frameworks/DiscRecording.framework/Versions/A/DiscRecording
dyld[46912]: <96666EFB-8A3D-30BB-950A-9DDC1DB3F59D> /System/Library/PrivateFrameworks/ProtectedCloudStorage.framework/Versions/A/ProtectedCloudStorage
dyld[46912]: <1E0D7C92-7F70-34BE-9D61-9F7F4781EBE4> /System/Library/PrivateFrameworks/EFILogin.framework/Versions/A/EFILogin
dyld[46912]: <E1A205BF-B3FB-31BF-8685-6D46BA78891E> /usr/lib/libheimdal-asn1.dylib
dyld[46912]: <E2BDB12D-C844-3770-9411-0E35049ECB5E> /System/Library/PrivateFrameworks/OctagonTrust.framework/Versions/A/OctagonTrust
dyld[46912]: <2DF001A3-1D2B-3847-A2FC-79104BDC0783> /System/Library/Frameworks/AudioUnit.framework/Versions/A/AudioUnit
dyld[46912]: <EE42062E-8EDF-332C-98C1-03464732CA4A> /System/Library/Frameworks/OpenDirectory.framework/Versions/A/OpenDirectory
dyld[46912]: <90CA166B-D72F-3584-BF0B-8797CFFA959E> /System/Library/Frameworks/OpenDirectory.framework/Versions/A/Frameworks/CFOpenDirectory.framework/Versions/A/CFOpenDirectory
dyld[46912]: <40753222-0047-3DE4-954C-5879C584A975> /System/Library/PrivateFrameworks/GeoServices.framework/Versions/A/GeoServices
dyld[46912]: <FDD11407-B7F3-331B-B53D-32081A2D1AED> /System/Library/PrivateFrameworks/LocationSupport.framework/Versions/A/LocationSupport
dyld[46912]: <23D11648-1076-3BD7-BFD5-CA4A6B9AE066> /System/Library/PrivateFrameworks/GeoServicesCore.framework/Versions/A/GeoServicesCore
dyld[46912]: <524F80A2-1ACD-3FA7-9D74-1F47697294EB> /System/Library/PrivateFrameworks/PhoneNumbers.framework/Versions/A/PhoneNumbers
dyld[46912]: <2A2AE353-0BCE-3AF5-8C2B-1B5F1F0656E7> /System/Library/PrivateFrameworks/LocationLogEncryption.framework/Versions/A/LocationLogEncryption
dyld[46912]: <CF6E08AD-C2EC-3A40-8537-0D2BDA291D31> /System/Library/Frameworks/AVFAudio.framework/Versions/A/AVFAudio
dyld[46912]: <7924633C-6200-3B69-884D-A6E5527CA4B5> /System/Library/Frameworks/AVRouting.framework/Versions/A/AVRouting
dyld[46912]: <2FFD2C50-D8C7-3D4F-AB17-10C8DDD4ECC0> /usr/lib/libAccessibility.dylib
dyld[46912]: <E47B5590-4F10-352D-806F-E1FAACE16809> /System/Library/PrivateFrameworks/MediaServices.framework/Versions/A/MediaServices
dyld[46912]: <1F5A6198-4F24-3980-A96A-DA16430B882B> /System/Library/PrivateFrameworks/IDS.framework/Versions/A/IDS
dyld[46912]: <4228A6FB-1852-34DA-A9A6-9B22346DC839> /System/Library/PrivateFrameworks/IsolatedCoreAudioClient.framework/Versions/A/IsolatedCoreAudioClient
dyld[46912]: <9B662466-E585-34C6-9A2F-38F865966314> /System/Library/PrivateFrameworks/CoreAudioOrchestration.framework/Versions/A/CoreAudioOrchestration
dyld[46912]: <BE8AD136-C9D0-3589-A37D-4A93E7646FC5> /System/Library/Frameworks/MediaToolbox.framework/Versions/A/MediaToolbox
dyld[46912]: <C024D081-EF4D-347B-B00F-08CE310BC6E6> /System/Library/PrivateFrameworks/CoreAVCHD.framework/Versions/A/CoreAVCHD
dyld[46912]: <544DDE9D-EF38-3D98-B16A-00361208DABA> /System/Library/Frameworks/MediaAccessibility.framework/Versions/A/MediaAccessibility
dyld[46912]: <1845678B-2A2E-3D8F-B05E-3D5054E40973> /System/Library/PrivateFrameworks/Mangrove.framework/Versions/A/Mangrove
dyld[46912]: <83720246-3181-37EB-AE16-01967CC80DAF> /System/Library/PrivateFrameworks/CMPhoto.framework/Versions/A/CMPhoto
dyld[46912]: <C6CCE499-C57B-3499-8BBF-B1F036A037F3> /System/Library/Frameworks/CoreTelephony.framework/Versions/A/CoreTelephony
dyld[46912]: <7C1C3A7F-6247-33D2-B4B8-375AA417817E> /System/Library/PrivateFrameworks/CoreAUC.framework/Versions/A/CoreAUC
dyld[46912]: <BF6FC404-E3BB-3740-896C-B7BF4193B547> /System/Library/PrivateFrameworks/AppleJPEGXL.framework/Versions/A/AppleJPEGXL
dyld[46912]: <3AD5EDAE-8A75-3E29-AA40-63912718CEC9> /usr/lib/libTelephonyUtilDynamic.dylib
dyld[46912]: <8A415D0E-18E7-3C99-B89D-14805F500FB0> /System/Library/Frameworks/CryptoKit.framework/Versions/A/CryptoKit
dyld[46912]: <73EA0865-BCC3-3084-A011-93CD0A55C4EF> /System/Library/PrivateFrameworks/CryptoKitCBridging.framework/Versions/A/CryptoKitCBridging
dyld[46912]: <B214381B-F0CF-3F0E-B2B5-187CBF29616F> /System/Library/Frameworks/CryptoTokenKit.framework/Versions/A/CryptoTokenKit
dyld[46912]: <A68DE487-B65B-390A-A82B-6B62956B353F> /System/Library/Frameworks/LocalAuthentication.framework/Versions/A/LocalAuthentication
dyld[46912]: <53C1AF34-43D2-3DAA-9062-D295F72BFDF3> /System/Library/PrivateFrameworks/LocalAuthenticationCore.framework/Versions/A/LocalAuthenticationCore
dyld[46912]: <251AA620-1546-3DF5-8EFF-B9F9463112D0> /System/Library/PrivateFrameworks/LocalAuthenticationCredentialServices.framework/Versions/A/LocalAuthenticationCredentialServices
dyld[46912]: <957A2E58-89EE-36DE-9213-2E23DB420C7F> /System/Library/Frameworks/LocalAuthentication.framework/Support/SharedUtils.framework/Versions/A/SharedUtils
dyld[46912]: <8A83CAEF-70FC-39B2-A1C9-F312BD81B8D5> /System/Library/PrivateFrameworks/PersistentConnection.framework/Versions/A/PersistentConnection
dyld[46912]: <DA5DF9EF-9649-3931-B1CF-606D0B1A2BE5> /System/Library/PrivateFrameworks/SonicFoundation.framework/Versions/A/SonicFoundation
dyld[46912]: <9F9CDD5B-1D43-3CF4-8B88-4938A6637AF5> /System/Library/PrivateFrameworks/AsyncAlgorithmsInternal.framework/Versions/A/AsyncAlgorithmsInternal
dyld[46912]: <95BAC2EC-84F7-3448-A4C3-AA2F920867C6> /System/Library/PrivateFrameworks/FTAWD.framework/Versions/A/FTAWD
dyld[46912]: <EDAA9D64-779E-34FE-83D2-DF4EF35BAA59> /System/Library/PrivateFrameworks/Dendrite.framework/Versions/A/Dendrite
dyld[46912]: <924805FA-0938-34FA-B76A-4051A087CD65> /usr/lib/libtailspin.dylib
dyld[46912]: <4FB12471-97FF-306E-B552-B481203A8E1B> /System/Library/PrivateFrameworks/Osprey.framework/Versions/A/Osprey
dyld[46912]: <7EE764AE-8E9B-35DB-8839-EE01750F25AB> /System/Library/PrivateFrameworks/SiriTTS.framework/Versions/A/SiriTTS
dyld[46912]: <A896B215-2D9E-37D6-8803-9316AEBF6AF5> /System/Library/Frameworks/NaturalLanguage.framework/Versions/A/NaturalLanguage
dyld[46912]: <478FDFD4-2C36-32BB-9087-F466F0242B69> /System/Library/PrivateFrameworks/GenerativeModels.framework/Versions/A/GenerativeModels
dyld[46912]: <6B95CE76-E69D-3598-AADC-E738C94A43BD> /System/Library/PrivateFrameworks/SiriPowerInstrumentation.framework/Versions/A/SiriPowerInstrumentation
dyld[46912]: <7BC8461C-23ED-39CA-868E-17A68FAFC5AE> /usr/lib/swift/libswiftNaturalLanguage.dylib
dyld[46912]: <247E2F35-65F7-3834-AF0C-532F577FDF23> /System/Library/PrivateFrameworks/TailspinSymbolication.framework/Versions/A/TailspinSymbolication
dyld[46912]: <F0BAA541-E9E2-307A-89AE-42558D70DF45> /System/Library/PrivateFrameworks/Darwinup.framework/Versions/A/Darwinup
dyld[46912]: <ED143A95-22A5-38A0-AFC5-DA00945392EC> /System/Library/PrivateFrameworks/SignpostSupport.framework/Versions/A/SignpostSupport
dyld[46912]: <3DB3AF5E-12BD-3E05-92D8-6DDC488D5633> /System/Library/PrivateFrameworks/FeatureFlagsSupport.framework/Versions/A/FeatureFlagsSupport
dyld[46912]: <86614A25-EE71-3F84-9F47-99671A11803D> /System/Library/PrivateFrameworks/ktrace.framework/Versions/A/ktrace
dyld[46912]: <3C627164-84D9-35A4-AC4D-52A99B7652F0> /System/Library/PrivateFrameworks/SampleAnalysis.framework/Versions/A/SampleAnalysis
dyld[46912]: <4517DDDB-265A-3561-82F9-41E06C6A17A8> /System/Library/PrivateFrameworks/kperfdata.framework/Versions/A/kperfdata
dyld[46912]: <3F0E2B57-6317-3262-BA3D-8A069524F8A5> /usr/lib/libdscsym.dylib
dyld[46912]: <8DCD3201-0098-3106-8870-62A8504F26CE> /System/Library/PrivateFrameworks/AppleMobileFileIntegrity.framework/Versions/A/AppleMobileFileIntegrity
dyld[46912]: <FC95DB95-FCA7-3F42-B435-20575B99CF3A> /System/Library/PrivateFrameworks/BulkSymbolication.framework/Versions/A/BulkSymbolication
dyld[46912]: <142382DC-3D11-3191-84F4-6F39BD1C622C> /usr/lib/libTLE.dylib
dyld[46912]: <0E970B22-63D9-3794-9766-24A3FD8BD273> /usr/lib/libmis.dylib
dyld[46912]: <5FD96939-8D4B-3228-A1F8-100EF174A0D4> /System/Library/PrivateFrameworks/ConfigProfileHelper.framework/Versions/A/ConfigProfileHelper
dyld[46912]: <51BD41DD-616A-382D-B1B2-C11BE8C9953A> /System/Library/PrivateFrameworks/Espresso.framework/Versions/A/Espresso
dyld[46912]: <EDA0F204-8438-3398-91ED-C0E4212C8734> /System/Library/Frameworks/CoreML.framework/Versions/A/CoreML
dyld[46912]: <308A1DB0-C29C-33AF-9AE2-1F8E4E607152> /usr/lib/libedit.3.dylib
dyld[46912]: <BABCC719-40D5-3EAB-B20F-F0F1EB329A3E> /System/Library/PrivateFrameworks/ANECompiler.framework/Versions/A/ANECompiler
dyld[46912]: <1969F88C-4A7F-3B4B-BC08-D3EE33F4D27D> /System/Library/PrivateFrameworks/AppleNeuralEngine.framework/Versions/A/AppleNeuralEngine
dyld[46912]: <E72BAD3A-0E33-3FC5-8356-3B3176382CB1> /System/Library/PrivateFrameworks/MIL.framework/Versions/A/MIL
dyld[46912]: <BBB4C092-A3B1-354B-8C32-147F6EB0256D> /System/Library/Frameworks/MetalPerformanceShadersGraph.framework/Versions/A/MetalPerformanceShadersGraph
dyld[46912]: <54D280F0-3335-3487-AA0D-6A09FFEAEDF7> /System/Library/PrivateFrameworks/MLCompilerServices.framework/Versions/A/MLCompilerServices
dyld[46912]: <A80CE19E-EA8D-363D-A8F4-409455BECE9B> /System/Library/PrivateFrameworks/ANEServices.framework/Versions/A/ANEServices
dyld[46912]: <22F988EF-E518-3F7A-BC3D-E44B9D09627D> /usr/lib/libncurses.5.4.dylib
dyld[46912]: <0A381CB4-37D0-3B5C-ADE0-2C5B4F47D169> /usr/lib/libsandbox.1.dylib
dyld[46912]: <042A6E19-8B2A-3342-B4C1-AD44661B7E26> /usr/lib/libMatch.1.dylib
dyld[46912]: <AB03B991-E6D9-3BAF-AA7D-DBFC815699F3> /System/Library/PrivateFrameworks/ODIE.framework/Versions/A/ODIE
dyld[46912]: <5592BC99-D6A7-303C-8C4C-B839FA6B7508> /System/Library/PrivateFrameworks/MLModelAsset.framework/Versions/A/MLModelAsset
dyld[46912]: <59B92160-FE47-3CEA-B03A-0099F3901A34> /System/Library/PrivateFrameworks/MLCompilerRuntime.framework/Versions/A/MLCompilerRuntime
dyld[46912]: <D62682EC-5F79-397C-855C-569554A4AEF8> /System/Library/Frameworks/MLCompute.framework/Versions/A/MLCompute
dyld[46912]: <873E56C6-57E8-3AD2-A630-B88B0A9669E8> /System/Library/PrivateFrameworks/MLAssetIO.framework/Versions/A/MLAssetIO
dyld[46912]: <847E52FC-37C0-30DA-88CD-4561DD03C06F> /usr/lib/swift/libswiftMLCompute.dylib
dyld[46912]: <DC46545D-E02B-3F2D-BEEC-E1BF5735174F> /System/Library/PrivateFrameworks/AVFCore.framework/Versions/A/AVFCore
dyld[46912]: <3611A176-00BB-35D9-8C0A-9A9A68A8EE9D> /System/Library/PrivateFrameworks/AVFCapture.framework/Versions/A/AVFCapture
dyld[46912]: <2DEE9322-922F-3B85-82C1-5E3249E3E652> /System/Library/PrivateFrameworks/CMImaging.framework/Versions/A/CMImaging
dyld[46912]: <072F9166-25F8-3FBF-9002-23E98E8B7C05> /System/Library/PrivateFrameworks/Quagga.framework/Versions/A/Quagga
dyld[46912]: <FA34827D-C8E0-3BDF-9A4E-FBBF430AD095> /System/Library/PrivateFrameworks/CMCapture.framework/Versions/A/CMCapture
dyld[46912]: <DD237508-D432-30A0-A553-C4AF2D9F40B6> /System/Library/Frameworks/CoreMediaIO.framework/Versions/A/CoreMediaIO
dyld[46912]: <D6788223-2453-39F7-9F00-90EE866A3CDA> /System/Library/PrivateFrameworks/CMCaptureDevice.framework/Versions/A/CMCaptureDevice
dyld[46912]: <68A522A3-ACE1-3597-B6D7-E058D36536FB> /System/Library/PrivateFrameworks/CoreBrightness.framework/Versions/A/CoreBrightness
dyld[46912]: <02711E78-960E-329A-B5C0-5E38615F2698> /System/Library/PrivateFrameworks/CinematicFraming.framework/Versions/A/CinematicFraming
dyld[46912]: <735CE046-E62E-3FA5-B38D-1FD82AA32BA8> /System/Library/PrivateFrameworks/ModelManagerServices.framework/Versions/A/ModelManagerServices
dyld[46912]: <F0165C3A-8601-3789-A114-836489784A93> /System/Library/PrivateFrameworks/CPMS.framework/Versions/A/CPMS
dyld[46912]: <8B0AAC46-6F12-36F0-9A1C-90D56F41BA09> /System/Library/PrivateFrameworks/SystemStatus.framework/Versions/A/SystemStatus
dyld[46912]: <FCEB6F4E-E222-3F9B-8226-8E80A789B21B> /System/Library/Frameworks/CoreMotion.framework/Versions/A/CoreMotion
dyld[46912]: <54DEA4E5-FD31-3AE3-8FEE-3CD99ACFC45B> /System/Library/PrivateFrameworks/TimeSync.framework/Versions/A/TimeSync
dyld[46912]: <2602D902-9B35-32D2-8F22-8BF2B330B298> /System/Library/PrivateFrameworks/DistributedSensing.framework/Versions/A/DistributedSensing
dyld[46912]: <0EEAE872-ADDF-3FE0-9601-C56C453597BB> /System/Library/PrivateFrameworks/MobileBluetooth.framework/Versions/A/MobileBluetooth
dyld[46912]: <FF001948-E029-3473-B7B8-22A4ECFD6560> /System/Library/PrivateFrameworks/IOKitten.framework/Versions/A/IOKitten
dyld[46912]: <45E1CEA1-A60E-30F3-A90F-B7BFB5C5CC17> /System/Library/PrivateFrameworks/AppleIntelligenceReporting.framework/Versions/A/AppleIntelligenceReporting
dyld[46912]: <4BC01F57-2373-3DC9-8B71-308A282D7030> /System/Library/PrivateFrameworks/CoreEmoji.framework/Versions/A/CoreEmoji
dyld[46912]: <8AF3BAA3-66FA-3CEF-A44B-FD79CAC8263F> /usr/lib/libCRFSuite.dylib
dyld[46912]: <4CD4216A-7270-300F-A31D-70FFACD92E12> /System/Library/PrivateFrameworks/LanguageModeling.framework/Versions/A/LanguageModeling
dyld[46912]: <E89ACADA-C30F-3E26-9775-E8BAC21A83AA> /System/Library/PrivateFrameworks/CoreNLP.framework/Versions/A/CoreNLP
dyld[46912]: <3C34BB08-BC5C-397C-A9B5-18A342838CA1> /System/Library/PrivateFrameworks/Montreal.framework/Versions/A/Montreal
dyld[46912]: <2DED54B9-9B5C-3FB3-859E-AAC46074CC8B> /usr/lib/libcmph.dylib
dyld[46912]: <5B76CDD8-6E1F-35F6-AF5E-CE4CDA81957E> /usr/lib/libmecab.dylib
dyld[46912]: <56091C21-AEA9-36A2-A3E3-D50AEC8FFE32> /usr/lib/libThaiTokenizer.dylib
dyld[46912]: <74E54F2B-B7A6-35D9-8101-F30C7F0C1979> /System/Library/PrivateFrameworks/GenerativeModelsFoundation.framework/Versions/A/GenerativeModelsFoundation
dyld[46912]: <63409EB4-B247-3B62-835C-80DD1FCB91A2> /System/Library/PrivateFrameworks/TokenGeneration.framework/Versions/A/TokenGeneration
dyld[46912]: <54D335C7-5679-3ED5-A0E1-C3B9DBF16A9C> /System/Library/PrivateFrameworks/GenerativeFunctions.framework/Versions/A/GenerativeFunctions
dyld[46912]: <AB49FED6-D7FD-3A6B-B4CF-F73AC4165CE0> /System/Library/PrivateFrameworks/GenerativeFunctionsFoundation.framework/Versions/A/GenerativeFunctionsFoundation
dyld[46912]: <790009CA-CA2D-3245-B7B1-71C370D33BDB> /System/Library/PrivateFrameworks/ModelCatalog.framework/Versions/A/ModelCatalog
dyld[46912]: <24F7CF25-24F4-395E-B89D-5C17AE8CE281> /System/Library/PrivateFrameworks/SensitiveContentAnalysisML.framework/Versions/A/SensitiveContentAnalysisML
dyld[46912]: <A2E625ED-90FF-3BCA-BD28-16F062B82C02> /System/Library/PrivateFrameworks/GenerativeFunctionsInstrumentation.framework/Versions/A/GenerativeFunctionsInstrumentation
dyld[46912]: <4851991B-9681-37D8-8A62-005249AD29C7> /System/Library/PrivateFrameworks/PromptKit.framework/Versions/A/PromptKit
dyld[46912]: <A4C38BBC-95E3-38DD-B873-243C53B83A4F> /System/Library/PrivateFrameworks/ProactiveDaemonSupport.framework/Versions/A/ProactiveDaemonSupport
dyld[46912]: <832BF595-350A-3753-8721-D894475016CB> /System/Library/PrivateFrameworks/TokenGenerationCore.framework/Versions/A/TokenGenerationCore
dyld[46912]: <E65C3A22-B998-3185-9DE5-3169814179BF> /System/Library/PrivateFrameworks/Trial.framework/Versions/A/Trial
dyld[46912]: <F66F08E4-F915-3CAE-AF88-70F76AD35303> /System/Library/PrivateFrameworks/TrialProto.framework/Versions/A/TrialProto
dyld[46912]: <4BE321D2-8DF6-3D5E-A531-4E2F77BEE441> /System/Library/PrivateFrameworks/AppleFlatBuffers.framework/Versions/A/AppleFlatBuffers
dyld[46912]: <92A1FE17-1D6F-347B-B1C3-D2C03B6C0DCE> /System/Library/PrivateFrameworks/SentencePieceInternal.framework/Versions/A/SentencePieceInternal
dyld[46912]: <4FFA7ECB-BCA8-3B4D-86F9-9F2C9E084944> /System/Library/Frameworks/Vision.framework/Versions/A/Vision
dyld[46912]: <0A6304CC-6DC4-3079-9FAB-8B9F001C8545> /System/Library/PrivateFrameworks/CoreSceneUnderstanding.framework/Versions/A/CoreSceneUnderstanding
dyld[46912]: <5E086014-D330-3672-9776-E23E8325DD67> /System/Library/PrivateFrameworks/VisionCore.framework/Versions/A/VisionCore
dyld[46912]: <A20BF0E3-F8A9-36AA-B28B-2EF282FC9BF5> /System/Library/PrivateFrameworks/DataDetectorsCore.framework/Versions/A/DataDetectorsCore
dyld[46912]: <23068BF1-0F33-3129-9965-57B1621737DE> /System/Library/Frameworks/Vision.framework/libfaceCore.dylib
dyld[46912]: <5F8738D4-6C03-3DEA-953D-9E31C389E7E1> /System/Library/PrivateFrameworks/Futhark.framework/Versions/A/Futhark
dyld[46912]: <2849D0C3-42A0-3D94-A2B7-F686BD7F760D> /System/Library/PrivateFrameworks/InertiaCam.framework/Versions/A/InertiaCam
dyld[46912]: <393E9D23-8D8D-373B-A8D8-6CF2652D2DAF> /System/Library/PrivateFrameworks/TextRecognition.framework/Versions/A/TextRecognition
dyld[46912]: <0872179E-DB9E-39FF-B22A-05EA62FC0F88> /System/Library/Frameworks/DataDetection.framework/Versions/A/DataDetection
dyld[46912]: <5D3DDFC0-3341-3DAC-A80C-0DFBD0421669> /System/Library/PrivateFrameworks/TextInput.framework/Versions/A/TextInput
dyld[46912]: <A37EF3CE-63A5-3AB5-B3E2-E089F818FF35> /System/Library/PrivateFrameworks/CVNLP.framework/Versions/A/CVNLP
dyld[46912]: <256C79BC-8BEB-390C-95D4-BFEFB95E66A1> /System/Library/PrivateFrameworks/IntentsFoundation.framework/Versions/A/IntentsFoundation
dyld[46912]: <E12CB54A-E895-3D38-8D62-01C5DF8430AB> /System/Library/PrivateFrameworks/HIDDisplay.framework/Versions/A/HIDDisplay
dyld[46912]: <A9F79F7C-A5F8-3164-BEEC-60B19D90DCF2> /usr/lib/libcups.2.dylib
dyld[46912]: <74F49C08-DE60-3E55-A037-F0A34E81BF04> /System/Library/Frameworks/Kerberos.framework/Versions/A/Kerberos
dyld[46912]: <F71E234F-8D15-388D-8819-709BB2AE1ACC> /usr/lib/libresolv.9.dylib
dyld[46912]: <139B1DBE-2FDA-3AE7-9BDE-12D5BA3C8D22> /System/Library/PrivateFrameworks/Heimdal.framework/Versions/A/Heimdal
dyld[46912]: <9BBF5DE9-CCD9-3CF3-8C05-45FB5CCEFEC3> /System/Library/Frameworks/Kerberos.framework/Versions/A/Libraries/libHeimdalProxy.dylib
dyld[46912]: <FFE98159-EDC3-3520-ADAC-F9001408ADD5> /System/Library/PrivateFrameworks/CommonAuth.framework/Versions/A/CommonAuth
dyld[46912]: <17C4F6B8-0A9A-3BF8-8D40-35ABCF9F0D89> /System/Library/PrivateFrameworks/AXCoreUtilities.framework/Versions/A/AXCoreUtilities
dyld[46912]: <8EB0DEAA-CD94-3710-AF80-DBF6947A8250> /System/Library/PrivateFrameworks/AttributeGraph.framework/Versions/A/AttributeGraph
dyld[46912]: <D4766E61-EB81-3FA1-9C48-31BC986B0607> /usr/lib/libAXSafeCategoryBundle.dylib
dyld[46912]: <6E4CAEF6-667C-3A56-9BE2-892F689894E4> /System/Library/Frameworks/TabularData.framework/Versions/A/TabularData
dyld[46912]: <00E79E4B-C0FD-3DF8-A8C3-9C812A9DB049> /System/Library/PrivateFrameworks/ArgumentParserInternal.framework/Versions/A/ArgumentParserInternal
dyld[46912]: <CB222F12-FB2E-3310-88A1-A5AE7EFF8CAE> /System/Library/Frameworks/Accelerate.framework/Versions/A/Frameworks/vecLib.framework/Versions/A/libvDSP.dylib
dyld[46912]: <C2F81286-0ED4-319D-A96D-10591BD15F4E> /System/Library/Frameworks/Accelerate.framework/Versions/A/Frameworks/vecLib.framework/Versions/A/libLAPACK.dylib
dyld[46912]: <424CA6AD-D7AA-3297-B069-745682F71E84> /System/Library/Frameworks/Accelerate.framework/Versions/A/Frameworks/vecLib.framework/Versions/A/libLinearAlgebra.dylib
dyld[46912]: <BDF370A4-972F-34A4-AED7-89885C35D933> /System/Library/Frameworks/Accelerate.framework/Versions/A/Frameworks/vecLib.framework/Versions/A/libSparseBLAS.dylib
dyld[46912]: <F2B12F6B-6C47-3B39-BE8F-68EB37545F72> /System/Library/Frameworks/Accelerate.framework/Versions/A/Frameworks/vecLib.framework/Versions/A/libQuadrature.dylib
dyld[46912]: <811E61C5-2282-3FA8-939D-D1B9C75ECC62> /System/Library/Frameworks/Accelerate.framework/Versions/A/Frameworks/vecLib.framework/Versions/A/libBNNS.dylib
dyld[46912]: <C7FD2C22-55FC-3D31-8AF3-BF842A039AF9> /System/Library/Frameworks/Accelerate.framework/Versions/A/Frameworks/vecLib.framework/Versions/A/libSparse.dylib
dyld[46912]: <7A483FDA-AB8C-3E7C-92E6-07347F67B678> /System/Library/PrivateFrameworks/ApplePushService.framework/Versions/A/ApplePushService
dyld[46912]: <C5A18DFA-6B18-3455-830A-E372A495FB1D> /System/Library/Frameworks/CloudKit.framework/Versions/A/CloudKit
dyld[46912]: <0A7A4F54-298F-384E-86C0-0E9A5C69E9E5> /System/Library/PrivateFrameworks/CoreDuetDaemonProtocol.framework/Versions/A/CoreDuetDaemonProtocol
dyld[46912]: <17D0003A-F405-3CCF-832D-BCADB65BC83F> /System/Library/PrivateFrameworks/DeviceIdentity.framework/Versions/A/DeviceIdentity
dyld[46912]: <E26F180A-1868-3E33-9277-1C73F917DE55> /System/Library/Frameworks/SharedWithYouCore.framework/Versions/A/SharedWithYouCore
dyld[46912]: <7B5C93A3-1AF7-3273-9182-60B965FBB279> /System/Library/PrivateFrameworks/CloudTelemetry.framework/Versions/A/CloudTelemetry
dyld[46912]: <CD1BB171-94DA-350C-8276-04EA8B71C6E7> /System/Library/PrivateFrameworks/AppleAccount.framework/Versions/A/AppleAccount
dyld[46912]: <6D910C58-E7C6-34AB-907F-89C2EA3E8B5C> /System/Library/PrivateFrameworks/C2.framework/Versions/A/C2
dyld[46912]: <1BE4EC57-9B8A-34C4-BFC9-BC9A229BBB08> /System/Library/PrivateFrameworks/CloudCoreInternal.framework/Versions/A/CloudCoreInternal
dyld[46912]: <EDB20CBF-D173-3BD4-A483-3C509C15D24D> /System/Library/PrivateFrameworks/CloudAsset.framework/Versions/A/CloudAsset
dyld[46912]: <696E88E7-5CF6-3095-80C0-57B9A913887A> /System/Library/Frameworks/PushKit.framework/Versions/A/PushKit
dyld[46912]: <100BE8FB-6C47-33E3-9FC4-A45A5106721A> /System/Library/Frameworks/CoreTransferable.framework/Versions/A/CoreTransferable
dyld[46912]: <08675344-FA9F-3CC2-8ED8-C572C841B504> /System/Library/PrivateFrameworks/NetAuth.framework/Versions/A/NetAuth
dyld[46912]: <8E702F90-53C5-3A91-A0F8-94409A59BAF3> /System/Library/PrivateFrameworks/login.framework/Versions/A/Frameworks/loginsupport.framework/Versions/A/loginsupport
dyld[46912]: <78C04A6C-63CF-339A-90C8-F25BA9C4C1CE> /System/Library/PrivateFrameworks/CloudTelemetryTools.framework/Versions/A/CloudTelemetryTools
dyld[46912]: <A23C0860-6454-3F01-A064-C8982EBBFF48> /System/Library/PrivateFrameworks/CloudTelemetryShared.dylib
dyld[46912]: <907F9C53-06D9-3604-A13D-183642237619> /System/Library/PrivateFrameworks/RTCReporting.framework/Versions/A/RTCReporting
dyld[46912]: <90B0724C-CBDF-35B7-91AA-38F8E07E543D> /System/Library/PrivateFrameworks/AAAFoundationSwift.framework/Versions/A/AAAFoundationSwift
dyld[46912]: <95A65CAD-54BC-3CDD-B27A-90572D2A848F> /System/Library/PrivateFrameworks/AppleIDSSOAuthentication.framework/Versions/A/AppleIDSSOAuthentication
dyld[46912]: <B2BA9719-73C5-3061-9915-25FC68C198D6> /System/Library/PrivateFrameworks/UIFoundation.framework/Versions/A/UIFoundation
dyld[46912]: <6784252E-9BE1-332F-8D0C-CF7FB6C9FB56> /System/Library/PrivateFrameworks/CaptiveNetwork.framework/Versions/A/CaptiveNetwork
dyld[46912]: <2DFBEDC5-0C41-3FF8-B1AB-334EE3621FC9> /System/Library/PrivateFrameworks/EAP8021X.framework/Versions/A/EAP8021X
dyld[46912]: <D828B798-9303-3C0A-9F83-5B24A36E1670> /System/Library/PrivateFrameworks/CryptoKitPrivate.framework/Versions/A/CryptoKitPrivate
dyld[46912]: <7B08EA3F-6BA2-39B2-979D-D36A03961343> /System/Library/PrivateFrameworks/FindMyDevice.framework/Versions/A/FindMyDevice
dyld[46912]: <57FD92AE-E8D7-3D48-AF71-F74CD3D2AD56> /System/Library/PrivateFrameworks/FMCoreLite.framework/Versions/A/FMCoreLite
dyld[46912]: <0B4562F4-D2B8-362C-AC29-8E9B106F937C> /System/Library/Frameworks/ServiceManagement.framework/Versions/A/ServiceManagement
dyld[46912]: <4428FA9C-988B-3235-98EB-1FC596D283D1> /usr/lib/libCheckFix.dylib
dyld[46912]: <7CA1C787-8112-3F53-9419-1EA66ECF08B3> /System/Library/PrivateFrameworks/MetadataUtilities.framework/Versions/A/MetadataUtilities
dyld[46912]: <B820DEFE-59D8-3A6A-BB23-56E594F57F9C> /System/Library/PrivateFrameworks/InstalledContentLibrary.framework/Versions/A/InstalledContentLibrary
dyld[46912]: <9B52CDCA-8EFD-3512-A265-C5D8CE2B8998> /System/Library/PrivateFrameworks/CoreServicesStore.framework/Versions/A/CoreServicesStore
dyld[46912]: <3BD7BCA8-66D2-34D7-BA3F-A3B3197E1F44> /usr/lib/libapp_launch_measurement.dylib
dyld[46912]: <7783C2DD-5853-312A-8EF1-B5DDC441531D> /System/Library/PrivateFrameworks/MobileSystemServices.framework/Versions/A/MobileSystemServices
dyld[46912]: <C428B34A-AB0B-34ED-9C94-8DC908D4A12B> /usr/lib/libxslt.1.dylib
dyld[46912]: <F1725141-8B9B-363A-838E-17B20313568E> /System/Library/PrivateFrameworks/BackgroundTaskManagement.framework/Versions/A/BackgroundTaskManagement
dyld[46912]: <957F947F-00ED-3468-B07B-20900D64DB71> /usr/lib/libcurl.4.dylib
dyld[46912]: <FE236487-745A-39C9-A6A5-D937AD7BDC2E> /usr/lib/libcrypto.46.dylib
dyld[46912]: <6E6A6A29-3741-365F-A90D-785C2C86D71A> /usr/lib/libssl.48.dylib
dyld[46912]: <9AC45415-37D3-369E-846C-6C2F072899F9> /System/Library/Frameworks/LDAP.framework/Versions/A/LDAP
dyld[46912]: <48980122-ECA5-383C-A043-6F2BE6BAA017> /System/Library/PrivateFrameworks/TrustEvaluationAgent.framework/Versions/A/TrustEvaluationAgent
dyld[46912]: <65BCF638-CADE-3CB2-97FB-D33E91D93C8D> /usr/lib/libsasl2.2.dylib
dyld[46912]: <6392D284-E632-31D4-BFF3-F9D8DA76BB20> /System/Library/Frameworks/Carbon.framework/Versions/A/Carbon
dyld[46912]: <8A66FF1A-BD9B-3755-9687-5917D60A47B1> /System/Library/Frameworks/Carbon.framework/Versions/A/Frameworks/CommonPanels.framework/Versions/A/CommonPanels
dyld[46912]: <01502D39-922D-3B6A-852D-638977DDD1B9> /System/Library/Frameworks/Carbon.framework/Versions/A/Frameworks/Help.framework/Versions/A/Help
dyld[46912]: <7527CB07-B7AF-3200-A5CD-93FA88A1F940> /System/Library/Frameworks/Carbon.framework/Versions/A/Frameworks/HIToolbox.framework/Versions/A/HIToolbox
dyld[46912]: <676A6EA9-0CEB-37BB-A42D-5FE102D4CBB4> /System/Library/Frameworks/Carbon.framework/Versions/A/Frameworks/ImageCapture.framework/Versions/A/ImageCapture
dyld[46912]: <02EE974E-1B73-3B30-84C3-8B6C04B441A4> /System/Library/Frameworks/Carbon.framework/Versions/A/Frameworks/OpenScripting.framework/Versions/A/OpenScripting
dyld[46912]: <DB068096-FEC5-38CD-BA09-21161EED9ADF> /System/Library/Frameworks/Carbon.framework/Versions/A/Frameworks/Ink.framework/Versions/A/Ink
dyld[46912]: <AF57D136-1BF0-35F7-83C8-E68BFF2C0BD5> /System/Library/Frameworks/Carbon.framework/Versions/A/Frameworks/SecurityHI.framework/Versions/A/SecurityHI
dyld[46912]: <0369127E-C46A-3C87-AEF8-D484CE6C7D2B> /System/Library/Frameworks/Carbon.framework/Versions/A/Frameworks/SpeechRecognition.framework/Versions/A/SpeechRecognition
dyld[46912]: <C8CDD2A9-F2CE-3EB3-A366-A6E75BEBF8A5> /System/Library/PrivateFrameworks/PerformanceAnalysis.framework/Versions/A/PerformanceAnalysis
dyld[46912]: <1B2DD929-509C-3FC3-9F95-2BA03C77D104> /usr/lib/libInterpreterSecurity.dylib
dyld[46912]: <8BA60E9B-E345-3540-B420-CA99AAB893BE> /System/Library/PrivateFrameworks/XprotectFramework.framework/Versions/A/XprotectFramework
dyld[46912]: <3AB0F361-A2F2-3AEC-82A9-4A2753CBE56B> /System/Library/PrivateFrameworks/yara.framework/Versions/A/yara
dyld[46912]: <8E91D560-CE65-3277-A9FE-4F833E10E46A> /usr/lib/libEndpointSecuritySystem.dylib
dyld[46912]: <6019D075-9CC1-3AB8-93EE-99671761CC40> /System/Library/Frameworks/Cocoa.framework/Versions/A/Cocoa
dyld[46912]: <030D9FA0-9FEA-3195-8D03-70642261297A> /System/Library/Frameworks/AppKit.framework/Versions/C/AppKit
dyld[46912]: <397F15DD-8005-3913-8F58-214D758C9CBF> /System/Library/PrivateFrameworks/CollectionViewCore.framework/Versions/A/CollectionViewCore
dyld[46912]: <7C7A3A58-D2D7-3D44-ABED-8159B048CA92> /System/Library/PrivateFrameworks/XCTTargetBootstrap.framework/Versions/A/XCTTargetBootstrap
dyld[46912]: <A165002C-6976-360F-AA5E-10DFDD3C936F> /System/Library/PrivateFrameworks/UserActivity.framework/Versions/A/UserActivity
dyld[46912]: <CF1E7E83-AA4A-3BAC-919D-46D673E03614> /System/Library/PrivateFrameworks/FrontBoard.framework/Versions/A/FrontBoard
dyld[46912]: <C30F8C8F-690E-3FB3-8E29-35808EE4BCAB> /System/Library/PrivateFrameworks/UIIntelligenceSupport.framework/Versions/A/UIIntelligenceSupport
dyld[46912]: <99606D45-C40A-3C69-AE51-5F0C4E32E531> /System/Library/Frameworks/SwiftUICore.framework/Versions/A/SwiftUICore
dyld[46912]: <977C5419-FB49-349A-900E-476ACA5B144C> /System/Library/PrivateFrameworks/WritingTools.framework/Versions/A/WritingTools
dyld[46912]: <E46A82F8-1CD2-3562-A61B-3EEEA1FB4D0D> /System/Library/PrivateFrameworks/WindowManagement.framework/Versions/A/WindowManagement
dyld[46912]: <4DAC0F07-728C-367A-B3CA-761DE3A92809> /System/Library/PrivateFrameworks/FocusEngine.framework/Versions/A/FocusEngine
dyld[46912]: <1E980802-69F5-3E69-89EF-50088297FCF5> /System/Library/PrivateFrameworks/DesignLibrary.framework/Versions/A/DesignLibrary
dyld[46912]: <DAE965D5-7CF9-3210-81C5-E4EBB4CBD473> /System/Library/PrivateFrameworks/DFRFoundation.framework/Versions/A/DFRFoundation
dyld[46912]: <18AC071F-1412-33C8-BF43-65ECF078431A> /System/Library/PrivateFrameworks/UpdateCycle.framework/Versions/A/UpdateCycle
dyld[46912]: <E9D71A84-6EDA-3F51-95B9-587E085652B0> /System/Library/Frameworks/Accessibility.framework/Versions/A/Accessibility
dyld[46912]: <8B163A4E-A19F-3CD3-ACD0-74C01F60CA5A> /System/Library/Frameworks/Symbols.framework/Versions/A/Symbols
dyld[46912]: <989B371D-0089-3323-AD2E-4163A147629C> /System/Library/PrivateFrameworks/Gestures.framework/Versions/A/Gestures
dyld[46912]: <F88010E8-3B8E-3327-8CEA-8345DA01079C> /usr/lib/swift/libswiftSpatial.dylib
dyld[46912]: <71480F23-35DF-3E6C-B2B4-A7C92C295E90> /usr/lib/swift/libswiftCoreGraphics.dylib
dyld[46912]: <26AF105B-A8F4-3EDD-BE1F-4FEBAA26A965> /usr/lib/swift/libswiftFoundation.dylib
dyld[46912]: <ECA99E3D-594B-337B-90B3-8A9BA96B9131> /usr/lib/swift/libswiftSwiftOnoneSupport.dylib
dyld[46912]: <8FE163C5-529B-30E6-BB4A-2B9C774B7821> /usr/lib/swift/libswiftsys_time.dylib
dyld[46912]: <A4A7F905-D5B6-31F7-BA95-4D158F0ACFEE> /System/Library/PrivateFrameworks/CoreMaterial.framework/Versions/A/CoreMaterial
dyld[46912]: <1B314DC9-D961-390A-B6B0-945D635BDB4C> /usr/lib/libSpatial.dylib
dyld[46912]: <9EA8819B-CD23-3D82-9B6C-C98B72D666DA> /System/Library/SubFrameworks/UIUtilities.framework/Versions/A/UIUtilities
dyld[46912]: has interposing tuples so cannot be delayed: libclang_rt.asan_osx_dynamic.dylib
dyld[46912]: move loaded to delayed: XPCSupport
dyld[46912]: move loaded to delayed: libcmark-gfm.dylib
dyld[46912]: move loaded to delayed: GenerationalStorage
dyld[46912]: move loaded to delayed: CacheDelete
dyld[46912]: move loaded to delayed: QuickLookThumbnailing
dyld[46912]: move loaded to delayed: FileProvider
dyld[46912]: move loaded to delayed: DesktopServicesPriv
dyld[46912]: move loaded to delayed: AOSKit
dyld[46912]: move loaded to delayed: AppSSOCore
dyld[46912]: move loaded to delayed: BackgroundSystemTasks
dyld[46912]: move loaded to delayed: DuetActivityScheduler
dyld[46912]: move loaded to delayed: FTServices
dyld[46912]: move loaded to delayed: libMemoryResourceException.dylib
dyld[46912]: move loaded to delayed: NetworkScore
dyld[46912]: move loaded to delayed: NetworkServiceProxy
dyld[46912]: move loaded to delayed: StreamingExtractor
dyld[46912]: move loaded to delayed: SymptomReporter
dyld[46912]: move loaded to delayed: libnetworkextension.dylib
dyld[46912]: move loaded to delayed: CloudServices
dyld[46912]: move loaded to delayed: SymptomAnalytics
dyld[46912]: move loaded to delayed: libcupolicy.dylib
dyld[46912]: move loaded to delayed: NetworkExtension
dyld[46912]: move loaded to delayed: libnwswifttls.dylib
dyld[46912]: move loaded to delayed: libpcap.A.dylib
dyld[46912]: move loaded to delayed: CoreDuetContext
dyld[46912]: move loaded to delayed: CoreDuet
dyld[46912]: move loaded to delayed: CoreLocation
dyld[46912]: move loaded to delayed: Intents
dyld[46912]: move loaded to delayed: libCGInterfaces.dylib
dyld[46912]: move loaded to delayed: AccelerateGPU
dyld[46912]: move loaded to delayed: AudioDSPGraph
dyld[46912]: move loaded to delayed: AssistantServices
dyld[46912]: move loaded to delayed: SAObjects
dyld[46912]: move loaded to delayed: MediaRemote
dyld[46912]: move loaded to delayed: SiriTTSService
dyld[46912]: move loaded to delayed: SiriCrossDeviceArbitration
dyld[46912]: move loaded to delayed: FaceTimeNameUtility
dyld[46912]: move loaded to delayed: AuthKit
dyld[46912]: move loaded to delayed: SiriCrossDeviceArbitrationFeedback
dyld[46912]: move loaded to delayed: libswiftCoreLocation.dylib
dyld[46912]: move loaded to delayed: UIKitServices
dyld[46912]: move loaded to delayed: AudioAccessoryServices
dyld[46912]: move loaded to delayed: Sharing
dyld[46912]: move loaded to delayed: IDSFoundation
dyld[46912]: move loaded to delayed: Apple80211
dyld[46912]: move loaded to delayed: CoreWLAN
dyld[46912]: move loaded to delayed: IMFoundation
dyld[46912]: move loaded to delayed: Marco
dyld[46912]: move loaded to delayed: CommonUtilities
dyld[46912]: move loaded to delayed: Engram
dyld[46912]: move loaded to delayed: XPCDistributed
dyld[46912]: move loaded to delayed: libtidy.A.dylib
dyld[46912]: move loaded to delayed: Bom
dyld[46912]: move loaded to delayed: libParallelCompression.dylib
dyld[46912]: move loaded to delayed: MultiverseSupport
dyld[46912]: move loaded to delayed: DiskManagement
dyld[46912]: move loaded to delayed: AppleIDAuthSupport
dyld[46912]: move loaded to delayed: AAAFoundation
dyld[46912]: move loaded to delayed: KeychainCircle
dyld[46912]: move loaded to delayed: URLFormatting
dyld[46912]: move loaded to delayed: libcsfde.dylib
dyld[46912]: move loaded to delayed: libCoreStorage.dylib
dyld[46912]: move loaded to delayed: ProtectedCloudStorage
dyld[46912]: move loaded to delayed: EFILogin
dyld[46912]: move loaded to delayed: OctagonTrust
dyld[46912]: move loaded to delayed: MediaServices
dyld[46912]: move loaded to delayed: IDS
dyld[46912]: move loaded to delayed: LocalAuthentication
dyld[46912]: move loaded to delayed: LocalAuthenticationCore
dyld[46912]: move loaded to delayed: LocalAuthenticationCredentialServices
dyld[46912]: move loaded to delayed: SharedUtils
dyld[46912]: move loaded to delayed: PersistentConnection
dyld[46912]: move loaded to delayed: SonicFoundation
dyld[46912]: move loaded to delayed: AsyncAlgorithmsInternal
dyld[46912]: move loaded to delayed: FTAWD
dyld[46912]: move loaded to delayed: libtailspin.dylib
dyld[46912]: move loaded to delayed: Osprey
dyld[46912]: move loaded to delayed: SiriTTS
dyld[46912]: move loaded to delayed: SiriPowerInstrumentation
dyld[46912]: move loaded to delayed: TailspinSymbolication
dyld[46912]: move loaded to delayed: Darwinup
dyld[46912]: move loaded to delayed: SignpostSupport
dyld[46912]: move loaded to delayed: FeatureFlagsSupport
dyld[46912]: move loaded to delayed: ktrace
dyld[46912]: move loaded to delayed: SampleAnalysis
dyld[46912]: move loaded to delayed: kperfdata
dyld[46912]: move loaded to delayed: libdscsym.dylib
dyld[46912]: move loaded to delayed: BulkSymbolication
dyld[46912]: move loaded to delayed: IntentsFoundation
dyld[46912]: move loaded to delayed: ApplePushService
dyld[46912]: move loaded to delayed: CloudKit
dyld[46912]: move loaded to delayed: CoreDuetDaemonProtocol
dyld[46912]: move loaded to delayed: DeviceIdentity
dyld[46912]: move loaded to delayed: SharedWithYouCore
dyld[46912]: move loaded to delayed: CloudTelemetry
dyld[46912]: move loaded to delayed: AppleAccount
dyld[46912]: move loaded to delayed: C2
dyld[46912]: move loaded to delayed: CloudCoreInternal
dyld[46912]: move loaded to delayed: CloudAsset
dyld[46912]: move loaded to delayed: PushKit
dyld[46912]: move loaded to delayed: CloudTelemetryTools
dyld[46912]: move loaded to delayed: CloudTelemetryShared.dylib
dyld[46912]: move loaded to delayed: RTCReporting
dyld[46912]: move loaded to delayed: AAAFoundationSwift
dyld[46912]: move loaded to delayed: AppleIDSSOAuthentication
dyld[46912]: move loaded to delayed: CaptiveNetwork
dyld[46912]: move loaded to delayed: EAP8021X
dyld[46912]: move loaded to delayed: CryptoKitPrivate
dyld[46912]: move loaded to delayed: FindMyDevice
dyld[46912]: move loaded to delayed: FMCoreLite
dyld[46912]: move loaded to delayed: ServiceManagement
dyld[46913]: <BBC4B3CD-4B3C-3196-8809-F5D76270ABB3> /Users/catethos/.local/share/mise/installs/erlang/29.0.4/erts-17.0.4/bin/erl_child_setup
dyld[46913]: <4CC4CAD6-45A6-361E-9343-DE636A0B5C02> /usr/lib/libSystem.B.dylib
dyld[46913]: <EA7C2E0B-52BF-3D45-9A33-38F54A535452> /usr/lib/system/libcache.dylib
dyld[46913]: <72D94140-1281-3886-971B-37C810403C03> /usr/lib/system/libcommonCrypto.dylib
dyld[46913]: <D60A9B54-A909-3FD5-93B9-3F38BE0A2BE8> /usr/lib/system/libcompiler_rt.dylib
dyld[46913]: <58F425CF-7D4F-34FD-9620-706A2A7F8BDC> /usr/lib/system/libcopyfile.dylib
dyld[46913]: <D54389FC-4078-370D-A863-9FEF16E00DFD> /usr/lib/system/libcorecrypto.dylib
dyld[46913]: <243E06A0-7BFF-3C3F-8A9B-D7732729B361> /usr/lib/system/libdispatch.dylib
dyld[46913]: <634959D0-592E-349C-B549-B91F2FF09858> /usr/lib/system/libdyld.dylib
dyld[46913]: <18EFA1CE-C535-3EAC-BC2C-7955593B7382> /usr/lib/system/libkeymgr.dylib
dyld[46913]: <3E43AF47-AD89-3BB4-82B9-A9533F4334DF> /usr/lib/system/libmacho.dylib
dyld[46913]: <78C5B827-8152-358D-90E9-B02F02A68B17> /usr/lib/system/libquarantine.dylib
dyld[46913]: <DA9C2B48-7A9C-32EA-888D-6C7AEB5250E6> /usr/lib/system/libremovefile.dylib
dyld[46913]: <FF57F6FA-F3A1-343D-815D-57B769D31445> /usr/lib/system/libsystem_asl.dylib
dyld[46913]: <A712B95E-BCEE-3F12-9F9B-58E6C2060E53> /usr/lib/system/libsystem_blocks.dylib
dyld[46913]: <FDC4E366-5C14-3A1E-BC35-D933D28CDCF3> /usr/lib/system/libsystem_c.dylib
dyld[46913]: <BDA28F78-F479-3C22-B9C7-4ABCB6801592> /usr/lib/system/libsystem_collections.dylib
dyld[46913]: <A14ED142-2F56-33A6-A23C-EEB8417DC90E> /usr/lib/system/libsystem_configuration.dylib
dyld[46913]: <2E14025A-52C2-361D-8A8F-5DD45825A2C9> /usr/lib/system/libsystem_containermanager.dylib
dyld[46913]: <F335DA14-69E8-336E-85A3-11EE239255F0> /usr/lib/system/libsystem_coreservices.dylib
dyld[46913]: <A095E4FE-0EE1-34DF-B00A-7D349FBC55E0> /usr/lib/system/libsystem_darwin.dylib
dyld[46913]: <6C03D78B-BFAB-3C7A-B713-50881791EE08> /usr/lib/system/libsystem_darwindirectory.dylib
dyld[46913]: <2C4C3043-008E-3BD8-BC29-AB9AD235DBA9> /usr/lib/system/libsystem_dnssd.dylib
dyld[46913]: <A279E124-8499-3FFC-A788-655070028F97> /usr/lib/system/libsystem_eligibility.dylib
dyld[46913]: <5E7CDBD5-44AB-34C0-A0F5-FC72F6116CDC> /usr/lib/system/libsystem_featureflags.dylib
dyld[46913]: <7402662E-F235-3F48-BB65-F64C8CF0F2BB> /usr/lib/system/libsystem_info.dylib
dyld[46913]: <3739A40F-2C17-3503-92D6-098141E56E89> /usr/lib/system/libsystem_m.dylib
dyld[46913]: <971CDCFE-4D20-300E-A1D6-EC8672FDD258> /usr/lib/system/libsystem_malloc.dylib
dyld[46913]: <01D14A9E-16DC-372C-8AA8-CC7AD39E797F> /usr/lib/system/libsystem_networkextension.dylib
dyld[46913]: <F9B1BAFF-4D09-3A1F-839B-189C21EB5FBB> /usr/lib/system/libsystem_notify.dylib
dyld[46913]: <6592D3CE-38C6-3C08-9EA5-75D64F37993F> /usr/lib/system/libsystem_sandbox.dylib
dyld[46913]: <C92FAEE5-DAED-3340-96B3-0C42B005ADF9> /usr/lib/system/libsystem_sanitizers.dylib
dyld[46913]: <C85AF062-AA9B-35BB-904C-C055B2C21602> /usr/lib/system/libsystem_secinit.dylib
dyld[46913]: <7CFB3A10-ADB2-32C4-99B5-922A111B3224> /usr/lib/system/libsystem_kernel.dylib
dyld[46913]: <4C6BD0FE-25F2-38D8-BE5C-24DAC1DEDCFB> /usr/lib/system/libsystem_platform.dylib
dyld[46913]: <12342372-0084-37A5-9EA6-2E4DC940C685> /usr/lib/system/libsystem_pthread.dylib
dyld[46913]: <CE07A0DF-31B6-3528-B7CE-91CAD89AA519> /usr/lib/system/libsystem_symptoms.dylib
dyld[46913]: <E043667E-AD01-3228-837F-A381F32F2B30> /usr/lib/system/libsystem_trace.dylib
dyld[46913]: <2FF186A6-F448-38CD-9A30-8B5B1AEFCA10> /usr/lib/system/libsystem_trial.dylib
dyld[46913]: <B21A1015-83D4-31D8-BA41-88688962D9A6> /usr/lib/system/libunwind.dylib
dyld[46913]: <40BBE226-77D4-332E-9DA8-F0B5BACFB86D> /usr/lib/system/libxpc.dylib
dyld[46913]: <40277974-D20C-3EC8-B25C-43AE30D8CC60> /usr/lib/libobjc.A.dylib
dyld[46913]: <5BCE8CB3-4EF5-3181-B96B-8E8130851510> /System/Library/PrivateFrameworks/XPCSupport.framework/Versions/A/XPCSupport
dyld[46913]: <FDBA2243-A7AB-3524-9B94-F3034AC36E41> /System/Library/Frameworks/CoreFoundation.framework/Versions/A/CoreFoundation
dyld[46913]: <81895735-AEE8-36CF-B7ED-370A80C4E78A> /usr/lib/swift/libswiftCore.dylib
dyld[46913]: <DDE77B06-5E25-380B-85B7-BA1A27D09021> /usr/lib/libc++abi.dylib
dyld[46913]: <F41D814B-FE1F-311A-A778-5F0699628188> /usr/lib/libRosetta.dylib
dyld[46913]: <C6DC2145-7B94-3E01-ADE5-96A6C2D078BC> /usr/lib/libc++.1.dylib
dyld[46913]: <2E3EA3FE-B1EF-3EDA-B94E-C7FC54E30C13> /System/Library/Frameworks/Foundation.framework/Versions/C/Foundation
dyld[46913]: <4A2A8D5B-A79D-36B3-A688-1792E7A98EA6> /usr/lib/swift/libswiftObjectiveC.dylib
dyld[46913]: <CB44DEF4-FCFF-36ED-8E9D-BB26E0DFACAC> /usr/lib/libswiftPrespecialized.dylib
dyld[46913]: <7C419E70-AC1A-3BF9-913F-D2F87F60680B> /System/Library/Frameworks/SystemConfiguration.framework/Versions/A/SystemConfiguration
dyld[46913]: <03BEB01C-EE74-3952-80FC-D2B7CF9C798D> /usr/lib/libz.1.dylib
dyld[46913]: <1C295E81-112C-3641-8846-101E1BD9471D> /System/Library/PrivateFrameworks/CoreAutoLayout.framework/Versions/A/CoreAutoLayout
dyld[46913]: <B0B762DB-DEE4-368F-94E4-6BCFEC98E286> /usr/lib/libcmark-gfm.dylib
dyld[46913]: <4A5173C4-2F2F-3503-9FED-70C4E5BEFA0F> /usr/lib/libfakelink.dylib
dyld[46913]: <88B2498F-674F-34B8-AC5F-048E050518E5> /usr/lib/libcompression.dylib
dyld[46913]: <49C50CC0-E432-3C8D-84D5-F6AA825941A3> /System/Library/Frameworks/CFNetwork.framework/Versions/A/CFNetwork
dyld[46913]: <ECE02111-DA6A-386C-B109-699F01824273> /System/Library/Frameworks/DiskArbitration.framework/Versions/A/DiskArbitration
dyld[46913]: <CE6444C3-4DCC-3F04-B4EC-AE78233CD4C8> /usr/lib/libarchive.2.dylib
dyld[46913]: <E681BCDD-6DE1-3079-8AD8-DB80F389420D> /usr/lib/libDiagnosticMessagesClient.dylib
dyld[46913]: <700597A5-5992-3705-9F22-3E970E735653> /usr/lib/libicucore.A.dylib
dyld[46913]: <E706ECFF-E18C-3E27-B22D-B8307DE9C6D2> /usr/lib/libxml2.2.dylib
dyld[46913]: <B20E2809-8922-3D51-9CF9-1EF7DFDFBE1D> /System/Library/Frameworks/CoreServices.framework/Versions/A/CoreServices
dyld[46913]: <A316E5EC-C7E2-3D1C-A36A-7075E38735A8> /usr/lib/liblangid.dylib
dyld[46913]: <93FF2D40-D3DB-37A6-A827-8C8947B0BDCF> /System/Library/Frameworks/IOKit.framework/Versions/A/IOKit
dyld[46913]: <EBB4454A-765B-38CF-8B9D-71FF1B53D290> /System/Library/Frameworks/Combine.framework/Versions/A/Combine
dyld[46913]: <FD544864-C6FA-3FB3-B8EA-7ECAA412D97F> /System/Library/PrivateFrameworks/CollectionsInternal.framework/Versions/A/CollectionsInternal
dyld[46913]: <B66B4EC0-DF77-317E-B57C-9005FCA3B3E1> /System/Library/PrivateFrameworks/ReflectionInternal.framework/Versions/A/ReflectionInternal
dyld[46913]: <8D664FD8-9C6D-35F2-A0CB-C7E22ABEB804> /System/Library/PrivateFrameworks/RuntimeInternal.framework/Versions/A/RuntimeInternal
dyld[46913]: <105FF8F1-5BE6-387D-B850-ECE87B4BFE9C> /System/Library/PrivateFrameworks/SoftLinking.framework/Versions/A/SoftLinking
dyld[46913]: <EE71FC23-45F1-30AE-B49C-74D2DE7882BA> /usr/lib/swift/libswiftCoreFoundation.dylib
dyld[46913]: <70D613F2-BFE7-38FC-A7E8-80779478F554> /usr/lib/swift/libswiftDarwin.dylib
dyld[46913]: <F272890D-9996-3BD0-A5AA-67CE47819FE4> /usr/lib/swift/libswiftDispatch.dylib
dyld[46913]: <1A55E5A8-85E6-3067-AB87-4AC87B8C6530> /usr/lib/swift/libswiftIOKit.dylib
dyld[46913]: <92A7149B-3E19-38D2-BD36-3360D56F3096> /usr/lib/swift/libswiftSystem.dylib
dyld[46913]: <75A38F4A-06EE-3FD1-87A3-8F9FF972CE47> /usr/lib/swift/libswiftXPC.dylib
dyld[46913]: <4C680D47-D53D-3E82-9575-B04943349B45> /usr/lib/swift/libswift_Builtin_float.dylib
dyld[46913]: <E202745F-BFF6-3F29-A171-5C8DDE11779C> /usr/lib/swift/libswift_Concurrency.dylib
dyld[46913]: <4A0A069F-D0C0-3F0A-BE4F-4AFE0DF78D58> /usr/lib/swift/libswift_DarwinFoundation1.dylib
dyld[46913]: <2B54D7C1-96A9-350E-B680-2CEC48FE32AE> /usr/lib/swift/libswift_StringProcessing.dylib
dyld[46913]: <C191573D-AF50-3C8E-840C-F64782CC2BFC> /usr/lib/swift/libswiftos.dylib
dyld[46913]: <48EB2100-B5F6-3150-A424-5FD9EEC9B77B> /System/Library/PrivateFrameworks/CoreServicesInternal.framework/Versions/A/CoreServicesInternal
dyld[46913]: <F41D814B-FE1F-311A-A778-5F0699628188> /usr/lib/liboah.dylib
dyld[46913]: <A4C45770-BA54-3D2C-9DA3-077F5A497C32> /System/Library/Frameworks/Security.framework/Versions/A/Security
dyld[46913]: <D3D5DEE9-258B-33B9-A688-CF81D495E88D> /System/Library/PrivateFrameworks/GenerationalStorage.framework/Versions/A/GenerationalStorage
dyld[46913]: <02498F6E-F56A-35EC-BBFD-09E0739F330E> /System/Library/PrivateFrameworks/CacheDelete.framework/Versions/A/CacheDelete
dyld[46913]: <5879E066-73C2-3C08-9571-57A56D8FC106> /System/Library/Frameworks/QuickLookThumbnailing.framework/Versions/A/QuickLookThumbnailing
dyld[46913]: <56C602D6-EE17-31C4-BACC-962E392B7A14> /System/Library/Frameworks/FileProvider.framework/Versions/A/FileProvider
dyld[46913]: <1D861D5E-F6F8-3B0C-97F0-6F7DA8174A13> /System/Library/PrivateFrameworks/DiskImages.framework/Versions/A/DiskImages
dyld[46913]: <8B049FBF-B02F-3B65-B252-36DD33AE4DCB> /System/Library/Frameworks/NetFS.framework/Versions/A/NetFS
dyld[46913]: <8A8560B9-089E-3AB8-996F-C1E6F335D567> /System/Library/PrivateFrameworks/DesktopServicesPriv.framework/Versions/A/DesktopServicesPriv
dyld[46913]: <4DF5833E-170E-391E-8068-334A1619B6EC> /System/Library/Frameworks/CoreServices.framework/Versions/A/Frameworks/FSEvents.framework/Versions/A/FSEvents
dyld[46913]: <C3100FC0-CB90-375E-8228-7AD3095F70CC> /System/Library/Frameworks/CoreServices.framework/Versions/A/Frameworks/CarbonCore.framework/Versions/A/CarbonCore
dyld[46913]: <20352036-F9BF-311D-BF2B-4BE56DE35A4C> /System/Library/Frameworks/CoreServices.framework/Versions/A/Frameworks/Metadata.framework/Versions/A/Metadata
dyld[46913]: <C43D9113-B804-3617-AB4E-18B9746C3FD7> /System/Library/Frameworks/CoreServices.framework/Versions/A/Frameworks/OSServices.framework/Versions/A/OSServices
dyld[46913]: <DB2FEE7A-4E93-3C0A-A1BC-1A7915D7F824> /System/Library/Frameworks/CoreServices.framework/Versions/A/Frameworks/SearchKit.framework/Versions/A/SearchKit
dyld[46913]: <1FE41C73-319E-31D6-8AB9-5D9725C29840> /System/Library/Frameworks/CoreServices.framework/Versions/A/Frameworks/AE.framework/Versions/A/AE
dyld[46913]: <F672AF6B-712F-3E94-A30C-D962C961B1AE> /System/Library/Frameworks/CoreServices.framework/Versions/A/Frameworks/LaunchServices.framework/Versions/A/LaunchServices
dyld[46913]: <89B35D84-BCB4-32EA-B793-BB3563BA6C7E> /System/Library/Frameworks/CoreServices.framework/Versions/A/Frameworks/DictionaryServices.framework/Versions/A/DictionaryServices
dyld[46913]: <11D1A903-7E02-365D-B434-CF1F6928B9C8> /System/Library/Frameworks/CoreServices.framework/Versions/A/Frameworks/SharedFileList.framework/Versions/A/SharedFileList
dyld[46913]: <37EB8634-C367-3986-951F-FE6CE034F9B8> /usr/lib/libapple_nghttp2.dylib
dyld[46913]: <FFED8D03-933A-3E77-A298-899189CFDDEE> /usr/lib/libsqlite3.dylib
dyld[46913]: <480932A5-4C8C-3AEF-AFC3-31D7D5A6DFB7> /System/Library/Frameworks/Accounts.framework/Versions/A/Accounts
dyld[46913]: <277306E7-DBCE-3D31-8E19-1A959860E47C> /System/Library/PrivateFrameworks/AOSKit.framework/Versions/A/AOSKit
dyld[46913]: <F1614AEF-411C-3D85-B147-122B24A52BD2> /System/Library/PrivateFrameworks/AppSSOCore.framework/Versions/A/AppSSOCore
dyld[46913]: <E49883EF-0C5A-34B3-940E-6CDED347A361> /System/Library/PrivateFrameworks/AppSupport.framework/Versions/A/AppSupport
dyld[46913]: <2B4C89E8-6D61-382F-8596-400AFD5DFAED> /System/Library/Frameworks/AVFoundation.framework/Versions/A/AVFoundation
dyld[46913]: <D6494026-1CF4-365F-9D35-BD3C0FAE8463> /System/Library/PrivateFrameworks/BackgroundSystemTasks.framework/Versions/A/BackgroundSystemTasks
dyld[46913]: <5B6BC0A9-527D-3D06-B19A-59A55830D0C2> /System/Library/PrivateFrameworks/CoreAnalytics.framework/Versions/A/CoreAnalytics
dyld[46913]: <86707213-12B9-3943-AF6A-FBFDF1209FCA> /System/Library/Frameworks/CoreGraphics.framework/Versions/A/CoreGraphics
dyld[46913]: <43674C87-ADFF-3F60-9DDD-8CE9CAFA39D5> /System/Library/PrivateFrameworks/DuetActivityScheduler.framework/Versions/A/DuetActivityScheduler
dyld[46913]: <8220298F-96F2-3CED-82CF-C07E11DA38F9> /System/Library/PrivateFrameworks/FTServices.framework/Versions/A/FTServices
dyld[46913]: <6A676BE5-DAA2-3923-8B2D-9183A79D8FCF> /System/Library/Frameworks/GSS.framework/Versions/A/GSS
dyld[46913]: <B9C46934-ECEA-360F-BD4D-39025C7947C9> /System/Library/PrivateFrameworks/InternationalSupport.framework/Versions/A/InternationalSupport
dyld[46913]: <F64C374B-7C49-32B2-BD2E-8822A3F14163> /usr/lib/libMemoryResourceException.dylib
dyld[46913]: <A3C34F06-7BB2-3881-8DD1-775BB79E14B3> /System/Library/PrivateFrameworks/NetworkScore.framework/Versions/A/NetworkScore
dyld[46913]: <31C663CB-E303-3669-A2D3-17AB24A16940> /System/Library/PrivateFrameworks/NetworkServiceProxy.framework/Versions/A/NetworkServiceProxy
dyld[46913]: <949C594B-FE78-3E1A-B40C-4720CF994C75> /System/Library/PrivateFrameworks/RunningBoardServices.framework/Versions/A/RunningBoardServices
dyld[46913]: <291F2CDF-90AA-36D2-94BB-1318387C54C5> /System/Library/PrivateFrameworks/StreamingExtractor.framework/Versions/A/StreamingExtractor
dyld[46913]: <A266C210-8869-390E-93D0-5AC15408C80D> /System/Library/PrivateFrameworks/StreamingZip.framework/Versions/A/StreamingZip
dyld[46913]: <DB7270A8-9BB5-3EBE-B2FD-54F6641D56DE> /System/Library/PrivateFrameworks/SymptomReporter.framework/Versions/A/SymptomReporter
dyld[46913]: <87E902A1-34F8-3ED8-8A5B-00F346A553AE> /usr/lib/libenergytrace.dylib
dyld[46913]: <076C8183-DBAF-3FE4-8019-C95855620AD9> /usr/lib/libnetworkextension.dylib
dyld[46913]: <4A16436D-E026-380A-ADED-84C279C05285> /System/Library/Frameworks/Network.framework/Versions/A/Network
dyld[46913]: <7E84A4E7-383B-33B9-B604-D707E8E0C76A> /usr/lib/libbsm.0.dylib
dyld[46913]: <B20E8F67-6646-3050-AB29-44575B24BB6D> /usr/lib/system/libkxld.dylib
dyld[46913]: <2D2A4D15-9634-3D30-8D50-845C65536968> /System/Library/PrivateFrameworks/AppleKeyStore.framework/Versions/A/AppleKeyStore
dyld[46913]: <CFECAA0B-0E59-3E9B-BE28-7247E52F32BC> /usr/lib/libCoreEntitlements.dylib
dyld[46913]: <DDEA8F2A-0D8C-3136-A60F-159B3BF6BB14> /System/Library/PrivateFrameworks/MessageSecurity.framework/Versions/A/MessageSecurity
dyld[46913]: <4AB73CF2-A262-3297-A4ED-F98885686564> /System/Library/PrivateFrameworks/ProtocolBuffer.framework/Versions/A/ProtocolBuffer
dyld[46913]: <9E416667-BB78-36EB-9B5D-886652738B8E> /System/Library/PrivateFrameworks/CloudServices.framework/Versions/A/CloudServices
dyld[46913]: <88586001-D9A2-3BCE-A0B3-F66B962A5FCD> /System/Library/PrivateFrameworks/SymptomDiagnosticReporter.framework/Versions/A/SymptomDiagnosticReporter
dyld[46913]: <E76B3969-60BD-3EBD-8419-B6D16CB330C2> /System/Library/PrivateFrameworks/CrashReporterSupport.framework/Versions/A/CrashReporterSupport
dyld[46913]: <E0F8AF6B-104D-3F9D-A8FB-49EF7C45EAAE> /usr/lib/libMobileGestalt.dylib
dyld[46913]: <903E85C5-7923-3276-8CD3-439E896B7C6B> /System/Library/PrivateFrameworks/AppleFSCompression.framework/Versions/A/AppleFSCompression
dyld[46913]: <5CF64670-CDC0-3AF0-930A-38522A8573EC> /usr/lib/libcoretls.dylib
dyld[46913]: <88C8B8CF-FC4A-3278-9FD7-A2B90B2F600F> /usr/lib/libcoretls_cfhelpers.dylib
dyld[46913]: <4653F0C2-72CB-3C35-AEB9-AAFD63A5B721> /usr/lib/libpam.2.dylib
dyld[46913]: <47C6FF5C-2E46-3B5A-A3AF-157D64AA89B0> /usr/lib/libxar.1.dylib
dyld[46913]: <715B7DF2-B40D-3EBA-BFC9-13276492ED33> /System/Library/PrivateFrameworks/APFS.framework/Versions/A/APFS
dyld[46913]: <C01C6663-DD1C-3855-AB40-23B40F988E8E> /System/Library/PrivateFrameworks/SwiftASN1Internal.framework/Versions/A/SwiftASN1Internal
dyld[46913]: <AAB4E5F3-8EF1-39BE-A32B-8B4ABF8F390D> /usr/lib/libutil.dylib
dyld[46913]: <389F3921-719F-3A03-BD22-3A711B27FB35> /System/Library/PrivateFrameworks/AppleSystemInfo.framework/Versions/A/AppleSystemInfo
dyld[46913]: <2CFBD4DF-9E6B-34A5-9B6C-BCD05F40F139> /System/Library/PrivateFrameworks/IOMobileFramebuffer.framework/Versions/A/IOMobileFramebuffer
dyld[46913]: <C30F04DE-ADD7-3DBC-A1B2-C7D1EFA08CC6> /System/Library/Frameworks/IOSurface.framework/Versions/A/IOSurface
dyld[46913]: <B73AC390-0D5D-3EDA-A81F-709B68F0E37A> /System/Library/PrivateFrameworks/CoreWiFi.framework/Versions/A/CoreWiFi
dyld[46913]: <E39BD6CE-35C2-3F90-BBC1-F68EB3C71E52> /System/Library/PrivateFrameworks/LoggingSupport.framework/Versions/A/LoggingSupport
dyld[46913]: <B7154554-8A67-3354-B992-14441B39FF71> /System/Library/PrivateFrameworks/MobileAsset.framework/Versions/A/MobileAsset
dyld[46913]: <604DB01F-E423-31DC-A4A1-792F6701BA2D> /System/Library/PrivateFrameworks/PowerLog.framework/Versions/A/PowerLog
dyld[46913]: <BE98D10A-67D4-311C-B556-8D3838CF6F81> /System/Library/PrivateFrameworks/Rapport.framework/Versions/A/Rapport
dyld[46913]: <58E4A38D-47FB-3EAC-B7E0-6818F49D24EA> /System/Library/Frameworks/SwiftData.framework/Versions/A/SwiftData
dyld[46913]: <540009BA-D3E5-3F67-8DE8-ED0033FE9215> /System/Library/PrivateFrameworks/Symptoms.framework/Versions/A/Frameworks/SymptomAnalytics.framework/Versions/A/SymptomAnalytics
dyld[46913]: <743056F4-24EC-3A70-8282-C6F20407C193> /System/Library/Frameworks/UniformTypeIdentifiers.framework/Versions/A/UniformTypeIdentifiers
dyld[46913]: <4C89B3C9-F76E-3ED3-9515-E770E4E0E04A> /System/Library/PrivateFrameworks/UserManagement.framework/Versions/A/UserManagement
dyld[46913]: <0767E249-3DD3-375B-8E61-F5DB8309C5BA> /usr/lib/libboringssl.dylib
dyld[46913]: <819F23DB-90BE-3F09-8647-29C8F3CF929E> /usr/lib/libcupolicy.dylib
dyld[46913]: <B079C73B-474D-3A35-B9FC-C417A2FAAC2D> /usr/lib/libdns_services.dylib
dyld[46913]: <9BFCCC8E-40E3-33F3-8108-ED956930D9B0> /System/Library/Frameworks/NetworkExtension.framework/Versions/A/NetworkExtension
dyld[46913]: <2C368B24-1063-37A2-9815-6392CE0D28FA> /usr/lib/libnwswifttls.dylib
dyld[46913]: <0A92F1D9-34F1-35A9-A293-57BED013A7C7> /usr/lib/libpcap.A.dylib
dyld[46913]: <A88B0E2C-9449-37D5-AA62-8533346704D8> /usr/lib/libquic.dylib
dyld[46913]: <35A0D004-85A7-324D-A597-61F1AA1203B8> /usr/lib/libusrtcp.dylib
dyld[46913]: <AD7AC28E-DF43-3FE2-9F95-1A55421FE21B> /System/Library/PrivateFrameworks/AtomicsInternal.framework/Versions/A/AtomicsInternal
dyld[46913]: <4AFF9D01-B152-3754-917D-FEB9B6EDB074> /System/Library/PrivateFrameworks/InternalSwiftProtobuf.framework/Versions/A/InternalSwiftProtobuf
dyld[46913]: <939A84CD-B303-36D6-89D4-0CA6FE6C9335> /usr/lib/swift/libswiftDistributed.dylib
dyld[46913]: <69B34359-C025-3674-9127-6FE565701511> /usr/lib/swift/libswiftObservation.dylib
dyld[46913]: <7626547E-9425-3FAE-A895-04A4C0B5A24C> /usr/lib/swift/libswiftSynchronization.dylib
dyld[46913]: <61779A8C-8FAF-3B30-88EB-F8B1F7965DA6> /System/Library/PrivateFrameworks/AggregateDictionary.framework/Versions/A/AggregateDictionary
dyld[46913]: <ACB84D0D-0179-32B7-8F5C-53BD2AC740D5> /System/Library/PrivateFrameworks/CoreDuetContext.framework/Versions/A/CoreDuetContext
dyld[46913]: <ED2927D1-85F9-346D-9054-C9008EEFC205> /System/Library/PrivateFrameworks/BiomeLibrary.framework/Versions/A/BiomeLibrary
dyld[46913]: <0F02B28D-130E-3D48-A02E-D62C960731A0> /System/Library/PrivateFrameworks/CoreDuet.framework/Versions/A/CoreDuet
dyld[46913]: <0C2B5247-3909-390E-89D1-CD10B5986FDB> /System/Library/PrivateFrameworks/BiomeStreams.framework/Versions/A/BiomeStreams
dyld[46913]: <ECD6B305-5576-372C-A6C2-6FB8B3449B16> /System/Library/PrivateFrameworks/BiomeFoundation.framework/Versions/A/BiomeFoundation
dyld[46913]: <56BD2841-6328-3882-839C-512E9AEC3220> /System/Library/PrivateFrameworks/BiomePubSub.framework/Versions/A/BiomePubSub
dyld[46913]: <26BCA90F-FDB6-3162-8398-B204D85CFE5B> /System/Library/Frameworks/CoreData.framework/Versions/A/CoreData
dyld[46913]: <5C05FB7B-7E85-3E88-B482-B08EBADE6C7C> /System/Library/PrivateFrameworks/ProactiveSupport.framework/Versions/A/ProactiveSupport
dyld[46913]: <8984813E-20DC-39D0-8760-81CF047BEA77> /System/Library/Frameworks/CoreLocation.framework/Versions/A/CoreLocation
dyld[46913]: <71576C7F-398C-30F3-8B15-E71BBEFCBF40> /System/Library/Frameworks/Intents.framework/Versions/A/Intents
dyld[46913]: <9C3CA246-0044-37F0-9C69-6A72E1434912> /System/Library/Frameworks/_LocationEssentials.framework/Versions/A/_LocationEssentials
dyld[46913]: <6DB9D3C0-C6E8-34F1-BECE-E13E769A8FDB> /usr/lib/liblzma.5.dylib
dyld[46913]: <69865F9B-6DB8-3638-8A23-072E1E349C72> /System/Library/Frameworks/Accelerate.framework/Versions/A/Accelerate
dyld[46913]: <0542EA91-C289-3EEB-A7BD-E3FDC5F48622> /System/Library/PrivateFrameworks/MobileKeyBag.framework/Versions/A/MobileKeyBag
dyld[46913]: <504121FD-73F2-3024-93D0-E8A7C806E94B> /System/Library/PrivateFrameworks/InternationalTextSearch.framework/Versions/A/InternationalTextSearch
dyld[46913]: <6DD8264D-A08C-3E81-A4DC-DF6F92BDE42B> /System/Library/PrivateFrameworks/SoftwareUpdateCoreSupport.framework/Versions/A/SoftwareUpdateCoreSupport
dyld[46913]: <BE013477-FD5C-36B1-9127-66C2080DE35E> /System/Library/PrivateFrameworks/SoftwareUpdateCoreConnect.framework/Versions/A/SoftwareUpdateCoreConnect
dyld[46913]: <B9FE5420-1BC3-3001-ACAF-2E917BFFBDD0> /System/Library/PrivateFrameworks/RemoteServiceDiscovery.framework/Versions/A/RemoteServiceDiscovery
dyld[46913]: <135C2628-BD95-3432-8D97-32C8FDABD1E3> /System/Library/PrivateFrameworks/MSUDataAccessor.framework/Versions/A/MSUDataAccessor
dyld[46913]: <7817458F-E833-3825-A04B-03A79AD8739B> /usr/lib/libbootpolicy.dylib
dyld[46913]: <ED17CD59-DDEC-3BDE-9267-201A02407BAD> /System/Library/PrivateFrameworks/RemoteXPC.framework/Versions/A/RemoteXPC
dyld[46913]: <A1DBFEC9-D0A6-3B2E-99D2-EC6B5B9B960D> /usr/lib/libFDR.dylib
dyld[46913]: <A73B43E8-985F-3BB1-AD2B-DAF39BFF4E95> /usr/lib/libamsupport.dylib
dyld[46913]: <2C923B2B-EB1C-3FD1-8272-4AD141AEE322> /usr/lib/libReverseProxyDevice.dylib
dyld[46913]: <A1751466-FD99-3C13-9DAE-8EE39A575C75> /System/Library/PrivateFrameworks/AppleDeviceQuerySupport.framework/Versions/A/AppleDeviceQuerySupport
dyld[46913]: <6B2536A0-FB99-3B72-BF72-C8A230F76C2F> /usr/lib/libpartition2_dynamic.dylib
dyld[46913]: <50A785A8-C474-3A6D-A6CB-DFD2D0E93B43> /System/Library/PrivateFrameworks/AppleSauce.framework/Versions/A/AppleSauce
dyld[46913]: <4C0A66D2-B313-3A88-B438-3B2FBAFD7994> /usr/lib/libAppleArchive.dylib
dyld[46913]: <F8B99793-2A42-3B06-A92E-C84D8679459A> /usr/lib/libbz2.1.0.dylib
dyld[46913]: <87180846-15A0-3AE6-9375-8986922E7704> /System/Library/Frameworks/Accelerate.framework/Versions/A/Frameworks/vImage.framework/Versions/A/vImage
dyld[46913]: <F9DA17B8-BF0E-3D0E-8D51-8895A09E76CA> /System/Library/Frameworks/Accelerate.framework/Versions/A/Frameworks/vecLib.framework/Versions/A/vecLib
dyld[46913]: <E5B95953-1269-352C-B085-3BC6406E41D9> /System/Library/Frameworks/Accelerate.framework/Versions/A/Frameworks/vecLib.framework/Versions/A/libvMisc.dylib
dyld[46913]: <C127566F-507D-3087-8945-973441413016> /System/Library/Frameworks/Accelerate.framework/Versions/A/Frameworks/vImage.framework/Versions/A/Libraries/libCGInterfaces.dylib
dyld[46913]: <48BF39E9-074A-3BD8-80DD-DEB901859383> /System/Library/PrivateFrameworks/AccelerateGPU.framework/Versions/A/AccelerateGPU
dyld[46913]: <B8AEEB6D-A458-37C3-B22A-99C768B155EA> /System/Library/Frameworks/Accelerate.framework/Versions/A/Frameworks/vecLib.framework/Versions/A/libBLAS.dylib
dyld[46913]: <305A0A92-364D-3C8B-8BC4-DAE07A4E2918> /System/Library/Frameworks/ApplicationServices.framework/Versions/A/ApplicationServices
dyld[46913]: <9C44ABC3-19CD-32AB-A7AA-098813317900> /System/Library/Frameworks/CoreVideo.framework/Versions/A/CoreVideo
dyld[46913]: <96471F96-B3C6-3783-B8BB-17C1E48C46B7> /System/Library/Frameworks/ColorSync.framework/Versions/A/ColorSync
dyld[46913]: <22A4F922-8523-396D-AD9B-DA6FF15DA432> /System/Library/Frameworks/CoreText.framework/Versions/A/CoreText
dyld[46913]: <0CD49F9D-A8E2-303D-98A7-7E9602B00B90> /System/Library/Frameworks/ImageIO.framework/Versions/A/ImageIO
dyld[46913]: <63A93F8B-EBA5-37CF-A171-7B220B8C6A70> /System/Library/Frameworks/ApplicationServices.framework/Versions/A/Frameworks/ATS.framework/Versions/A/ATS
dyld[46913]: <0B0164B2-3069-3AF2-B2C5-8A5F1E81BFD6> /System/Library/Frameworks/ApplicationServices.framework/Versions/A/Frameworks/HIServices.framework/Versions/A/HIServices
dyld[46913]: <395625EB-39F6-392B-88CB-C8679C3A844C> /System/Library/Frameworks/ApplicationServices.framework/Versions/A/Frameworks/PrintCore.framework/Versions/A/PrintCore
dyld[46913]: <2CC38837-4DB6-3BBB-A3C9-75D083BD5C61> /System/Library/Frameworks/ApplicationServices.framework/Versions/A/Frameworks/QD.framework/Versions/A/QD
dyld[46913]: <7E09AC41-9944-3061-BC9A-23B6F977BE3A> /System/Library/Frameworks/ApplicationServices.framework/Versions/A/Frameworks/ColorSyncLegacy.framework/Versions/A/ColorSyncLegacy
dyld[46913]: <26B44C48-BC70-38A8-AAF1-7EC18393E11F> /System/Library/Frameworks/ApplicationServices.framework/Versions/A/Frameworks/SpeechSynthesis.framework/Versions/A/SpeechSynthesis
dyld[46913]: <898384F5-D43B-3BCA-8383-3039E80CFA6D> /System/Library/PrivateFrameworks/SkyLight.framework/Versions/A/SkyLight
dyld[46913]: <27A05596-EDE4-3576-B061-D68EB1B6CAD5> /System/Library/PrivateFrameworks/FontServices.framework/libFontParser.dylib
dyld[46913]: <0C76F3C5-CD3B-3837-BAEB-0226751512F6> /System/Library/PrivateFrameworks/BaseBoard.framework/Versions/A/BaseBoard
dyld[46913]: <35DD2B0B-E814-3C04-89AE-04EB53AB64B2> /System/Library/PrivateFrameworks/BoardServices.framework/Versions/A/BoardServices
dyld[46913]: <822C92A9-C200-3DF8-A48F-04F6FC444EA2> /System/Library/PrivateFrameworks/BackBoardServices.framework/Versions/A/BackBoardServices
dyld[46913]: <83EA7238-159B-3156-8F5D-D84E4D94FAD2> /System/Library/PrivateFrameworks/BackBoardHIDEventFoundation.framework/Versions/A/BackBoardHIDEventFoundation
dyld[46913]: <197CDF27-438E-3EB7-BC35-0C466CCF17CD> /System/Library/Frameworks/CoreDisplay.framework/Versions/A/CoreDisplay
dyld[46913]: <586DC60D-A727-38F7-9156-CC98E30F284D> /System/Library/Frameworks/VideoToolbox.framework/Versions/A/VideoToolbox
dyld[46913]: <7835C05F-D662-38A0-83A8-CA317D2C915B> /System/Library/Frameworks/MetalPerformanceShaders.framework/Versions/A/MetalPerformanceShaders
dyld[46913]: <3B0EC42B-483E-3B2E-9320-4CB6664A302B> /System/Library/PrivateFrameworks/ProDisplayLibrary.framework/Versions/A/ProDisplayLibrary
dyld[46913]: <A4FA1F92-D834-3716-89C5-F0B7C0609744> /System/Library/PrivateFrameworks/IOSurfaceAccelerator.framework/Versions/A/IOSurfaceAccelerator
dyld[46913]: <E62B6554-CA42-3D79-B048-C5F6DEFA20CC> /System/Library/Frameworks/Metal.framework/Versions/A/Metal
dyld[46913]: <61E0BB2C-2B28-3B5A-8548-B2C19521DCAD> /System/Library/PrivateFrameworks/IOAccelerator.framework/Versions/A/IOAccelerator
dyld[46913]: <8149A6D5-5D34-3DE8-9F49-0C13EBA54A00> /System/Library/Frameworks/CoreMedia.framework/Versions/A/CoreMedia
dyld[46913]: <312C79A8-E961-3646-8528-3FC190FAAEA3> /System/Library/PrivateFrameworks/TCC.framework/Versions/A/TCC
dyld[46913]: <C3A8BEDA-D443-3239-93BC-1F77D6307526> /System/Library/PrivateFrameworks/WatchdogClient.framework/Versions/A/WatchdogClient
dyld[46913]: <F1BA3189-E95A-3ECA-B59A-5A6872754484> /System/Library/Frameworks/QuartzCore.framework/Versions/A/QuartzCore
dyld[46913]: <9A09DE9B-0772-325A-BBA2-8164DAB189BE> /System/Library/PrivateFrameworks/MultitouchSupport.framework/Versions/A/MultitouchSupport
dyld[46913]: <DDA5A4B3-59E6-319C-8061-FEFD39ADC8C7> /usr/lib/swift/libswiftAccelerate.dylib
dyld[46913]: <EFBE5ADA-3929-35CF-988E-7AED8B7FDE51> /usr/lib/swift/libswiftCoreAudio.dylib
dyld[46913]: <D1491CD7-17C3-36DB-8775-211B2F22C80F> /usr/lib/swift/libswiftCoreMedia.dylib
dyld[46913]: <10BCDD43-C5E6-38BF-99CA-54B6AD7A3EEA> /usr/lib/swift/libswiftMetal.dylib
dyld[46913]: <57A2CE5E-DAC3-35D2-9BED-6188DF518B70> /usr/lib/swift/libswiftOSLog.dylib
dyld[46913]: <C348816E-C511-356C-830B-5F690FA3AA69> /usr/lib/swift/libswiftQuartzCore.dylib
dyld[46913]: <D02B3C6D-7F89-3910-B160-7339E13B7778> /usr/lib/swift/libswiftUniformTypeIdentifiers.dylib
dyld[46913]: <E0458D1A-E650-3E6B-99A1-1882CC4A159A> /usr/lib/swift/libswiftVideoToolbox.dylib
dyld[46913]: <F83F1836-73D8-3B30-A8C4-FED0DA5E8CEC> /usr/lib/swift/libswiftsimd.dylib
dyld[46913]: <9A1B7F95-CF13-3127-85D4-9AAF491AF821> /System/Library/PrivateFrameworks/BiomeStorage.framework/Versions/A/BiomeStorage
dyld[46913]: <5DA57389-B626-3B6E-89E3-C724B0468F10> /System/Library/PrivateFrameworks/IntelligencePlatformLibrary.framework/Versions/A/IntelligencePlatformLibrary
dyld[46913]: <2E3DEAB0-737E-3412-9437-32EDB3086EA3> /System/Library/PrivateFrameworks/PoirotSchematizer.framework/Versions/A/PoirotSchematizer
dyld[46913]: <6D9F3228-2B0C-36ED-B43E-BC4148212971> /System/Library/PrivateFrameworks/BiomeSync.framework/Versions/A/BiomeSync
dyld[46913]: <D25EE534-F145-3A91-B92E-2BBDE76BB0B1> /System/Library/PrivateFrameworks/BiomeDSL.framework/Versions/A/BiomeDSL
dyld[46913]: <BC98F8FE-E39A-31DC-B2BB-F129D1352E1E> /System/Library/PrivateFrameworks/FeatureFlags.framework/Versions/A/FeatureFlags
dyld[46913]: <4B0C858E-68AE-32CF-8F62-B44B1838BBB6> /System/Library/PrivateFrameworks/PoirotUDFs.framework/Versions/A/PoirotUDFs
dyld[46913]: <866DBB51-99DA-38A9-A712-4E26BB5A5CE0> /usr/lib/swift/libswift_DarwinFoundation2.dylib
dyld[46913]: <995CB65C-A58D-38B3-A271-917FDB9F8C57> /usr/lib/swift/libswift_DarwinFoundation3.dylib
dyld[46913]: <89179061-46AF-3E0C-8F03-FF9F5ACEE211> /System/Library/PrivateFrameworks/CoreTime.framework/Versions/A/CoreTime
dyld[46913]: <2D429111-B58B-365E-8D8D-68DA82D20589> /usr/lib/libiconv.2.dylib
dyld[46913]: <7704B548-DB2D-3468-B301-82E8F026DDCE> /usr/lib/libcharset.1.dylib
dyld[46913]: <07B78F81-0131-32DA-9961-316C1C248338> /System/Library/PrivateFrameworks/PoirotSQLite.framework/Versions/A/PoirotSQLite
dyld[46913]: <6BA1B88C-B16D-3296-9322-F98613487F18> /usr/lib/swift/libswift_RegexParser.dylib
dyld[46913]: <327752A7-9364-352C-B3FD-79457DC3145C> /System/Library/PrivateFrameworks/CascadeSets.framework/Versions/A/CascadeSets
dyld[46913]: <39D6BD21-AFD7-3068-B747-B94A5D9F1C27> /System/Library/PrivateFrameworks/CorePhoneNumbers.framework/Versions/A/CorePhoneNumbers
dyld[46913]: <72E56855-8FE6-3262-9A11-B2F475119A93> /System/Library/PrivateFrameworks/AppleJPEG.framework/Versions/A/AppleJPEG
dyld[46913]: <6D02979F-089C-3FF7-B3EA-939E8810EDE7> /usr/lib/libexpat.1.dylib
dyld[46913]: <5855ECAC-2298-3B0A-A859-9E643E12010D> /System/Library/Frameworks/ImageIO.framework/Versions/A/Resources/libPng.dylib
dyld[46913]: <2E5FD6A0-0646-3F84-84A8-09F2BD58C56D> /System/Library/Frameworks/ImageIO.framework/Versions/A/Resources/libTIFF.dylib
dyld[46913]: <A4D144D0-C3D8-3BB6-962F-FDBC6DACC105> /System/Library/Frameworks/ImageIO.framework/Versions/A/Resources/libGIF.dylib
dyld[46913]: <FCBA3CD1-64C8-3BE1-AB50-450070167FA3> /System/Library/Frameworks/ImageIO.framework/Versions/A/Resources/libJP2.dylib
dyld[46913]: <8331A311-1C3F-37E5-A6FB-74FEB6D31D57> /usr/lib/libate.dylib
dyld[46913]: <30EA44B1-2A44-3415-A1B6-DD0ED2B7B306> /System/Library/Frameworks/ImageIO.framework/Versions/A/Resources/libJPEG.dylib
dyld[46913]: <2C186C82-66E0-369C-B2D4-1815FAB8AFB3> /System/Library/Frameworks/ImageIO.framework/Versions/A/Resources/libRadiance.dylib
dyld[46913]: <0E239D6E-4F69-3A3C-8F10-207AB9E53626> /System/Library/PrivateFrameworks/GPUCompiler.framework/Versions/32023/Libraries/libllvm-flatbuffers.dylib
dyld[46913]: <E0E4527F-02A1-3B8E-BC59-50596B14C725> /System/Library/PrivateFrameworks/FramePacing.framework/Versions/A/FramePacing
dyld[46913]: <A7E06810-96A7-320B-90FF-41FEC8996481> /System/Library/Frameworks/OpenGL.framework/Versions/A/Libraries/libCoreFSCache.dylib
dyld[46913]: <54727168-9032-3AF7-B571-3A52A508B761> /System/Library/PrivateFrameworks/GPUCompiler.framework/Versions/32023/Libraries/libGPUCompilerUtils.dylib
dyld[46913]: <3877C6C1-2A1C-3971-A39B-BFBCBD2316E4> /System/Library/PrivateFrameworks/GraphicsServices.framework/Versions/A/GraphicsServices
dyld[46913]: <4441E600-26A0-3A7E-A20A-4A4F239AA0D0> /System/Library/Frameworks/OpenGL.framework/Versions/A/OpenGL
dyld[46913]: <D7A8D43B-01FB-363F-9E04-E3AE9712247B> /System/Library/Frameworks/OpenGL.framework/Versions/A/Libraries/libGLU.dylib
dyld[46913]: <82D99F0A-0AE0-3187-AED3-F8EA8602892E> /System/Library/Frameworks/OpenGL.framework/Versions/A/Libraries/libGFXShared.dylib
dyld[46913]: <0467762E-9A84-3C53-B0F4-CA179E29A8CE> /System/Library/Frameworks/OpenGL.framework/Versions/A/Libraries/libGL.dylib
dyld[46913]: <CF163ACB-2E12-3036-AFBE-AAEC42E32A95> /System/Library/Frameworks/OpenGL.framework/Versions/A/Libraries/libGLImage.dylib
dyld[46913]: <DCF9371C-4D04-3524-B0A0-0E0A93183BFB> /System/Library/Frameworks/OpenGL.framework/Versions/A/Libraries/libCVMSPluginSupport.dylib
dyld[46913]: <9879D439-C0AD-3A93-9050-4C0AE6C7DD07> /System/Library/Frameworks/OpenGL.framework/Versions/A/Libraries/libCoreVMClient.dylib
dyld[46913]: <FB88FA95-68C1-3573-B8A4-815488BDA4E6> /System/Library/PrivateFrameworks/GPUWrangler.framework/Versions/A/GPUWrangler
dyld[46913]: <60E38601-35DB-3D90-80C0-BB19848CFED7> /System/Library/PrivateFrameworks/IOPresentment.framework/Versions/A/IOPresentment
dyld[46913]: <F5D64A73-D6D9-380E-BF44-10544E2465B6> /System/Library/PrivateFrameworks/DSExternalDisplay.framework/Versions/A/DSExternalDisplay
dyld[46913]: <9FD68D8C-8D94-32D2-A41C-97A66C2E4BB6> /System/Library/PrivateFrameworks/VideoToolboxParavirtualizationSupport.framework/Versions/A/VideoToolboxParavirtualizationSupport
dyld[46913]: <7EB7686D-74B9-385B-A60F-25F9C97AD46B> /System/Library/PrivateFrameworks/AppleVA.framework/Versions/A/AppleVA
dyld[46913]: <1E88A46B-6D6B-3648-968B-01532612E28C> /System/Library/Frameworks/ExtensionFoundation.framework/Versions/A/ExtensionFoundation
dyld[46913]: <7AEF5F35-87FB-36B6-9347-BFB7DE09B133> /System/Library/PrivateFrameworks/CMCaptureCore.framework/Versions/A/CMCaptureCore
dyld[46913]: <866F4ACD-D94B-3BD7-8B90-573A51A8CEDF> /usr/lib/libspindump.dylib
dyld[46913]: <2E3313F7-C583-3D6C-A88B-37AF8B4C56F0> /System/Library/Frameworks/CoreAudio.framework/Versions/A/CoreAudio
dyld[46913]: <D54F06FB-C477-3A05-9C9F-A02CF013F926> /System/Library/PrivateFrameworks/AppServerSupport.framework/Versions/A/AppServerSupport
dyld[46913]: <8BDF1C32-455B-3FEF-A6E4-ECD49074CA07> /System/Library/PrivateFrameworks/perfdata.framework/Versions/A/perfdata
dyld[46913]: <71BD1CD7-CD33-3689-9EFF-12FAD75B97E5> /System/Library/PrivateFrameworks/AudioDSPGraph.framework/Versions/A/AudioDSPGraph
dyld[46913]: <668AAB07-F503-3EB4-A382-F01FB60269FB> /System/Library/PrivateFrameworks/AudioToolboxCore.framework/Versions/A/AudioToolboxCore
dyld[46913]: <725DE236-E4BB-34E0-A155-46A974629A81> /System/Library/PrivateFrameworks/caulk.framework/Versions/A/caulk
dyld[46913]: <573E42C2-BB6F-3E6C-BA4C-A7689728B174> /usr/lib/libAudioStatistics.dylib
dyld[46913]: <99C955D1-07A3-3FE9-922A-BC678E2EA454> /System/Library/PrivateFrameworks/SystemPolicy.framework/Versions/A/SystemPolicy
dyld[46913]: <08EEC0C2-F56C-3BB9-992A-160E5AAAEB56> /usr/lib/libSMC.dylib
dyld[46913]: <5491E4A8-56A3-3EBC-AC8E-B2D69CB34E32> /usr/lib/swift/libswiftCoreMIDI.dylib
dyld[46913]: <29F750A3-0A23-3C21-8C79-4A2D22F7BE8B> /System/Library/Frameworks/CoreMIDI.framework/Versions/A/CoreMIDI
dyld[46913]: <E83E83E4-F6D9-36B1-A7C8-1391F6E5D4E7> /usr/lib/libAudioToolboxUtility.dylib
dyld[46913]: <0D2BC538-CE70-3EFD-B277-6B12CEED8EC7> /usr/lib/libperfcheck.dylib
dyld[46913]: <AAD9FBE3-5777-3ED9-930F-1B5F492CDFA6> /System/Library/PrivateFrameworks/AudioAnalytics.framework/Versions/A/AudioAnalytics
dyld[46913]: <BFBCF2EC-4BC5-3941-AE6B-3F5BEF2C2296> /System/Library/Frameworks/OSLog.framework/Versions/A/OSLog
dyld[46913]: <C6FCA282-6ABB-38D2-9683-C6A229CCD92B> /System/Library/PrivateFrameworks/OSEligibility.framework/Versions/A/OSEligibility
dyld[46913]: <D170449C-D007-358E-A189-0CAA6CF8D01F> /System/Library/PrivateFrameworks/IconServices.framework/Versions/A/IconServices
dyld[46913]: <FAF6A95A-EDAC-3CEF-AE8A-44C9A4C12AA2> /System/Library/Frameworks/LightweightCodeRequirements.framework/Versions/A/LightweightCodeRequirements
dyld[46913]: <0F0E3B26-14CC-3248-B8FC-F55458E643C1> /System/Library/PrivateFrameworks/PlugInKit.framework/Versions/A/PlugInKit
dyld[46913]: <5F47F3F1-ADF5-35A7-8ADF-9C850F05C96E> /System/Library/PrivateFrameworks/AssertionServices.framework/Versions/A/AssertionServices
dyld[46913]: <4575E49F-BCA8-34CC-8027-BCE51ACDB678> /System/Library/PrivateFrameworks/IconFoundation.framework/Versions/A/IconFoundation
dyld[46913]: <55C4846B-FB15-31BB-81A1-FE1EE773650D> /System/Library/PrivateFrameworks/AssistantServices.framework/Versions/A/AssistantServices
dyld[46913]: <F4165CF9-0759-306E-8253-D5A316F8C87C> /System/Library/PrivateFrameworks/IconRendering.framework/Versions/A/IconRendering
dyld[46913]: <4866A12C-9F52-3ECE-A0C4-55F9E0FD065C> /System/Library/PrivateFrameworks/CoreUI.framework/Versions/A/CoreUI
dyld[46913]: <0B0C1F98-570E-38B6-A749-5A2239DCB0B7> /System/Library/Frameworks/CoreImage.framework/Versions/A/CoreImage
dyld[46913]: <262D0D2A-7A75-3343-AEB9-1294F6DC8118> /System/Library/PrivateFrameworks/SFSymbols.framework/Versions/A/SFSymbols
dyld[46913]: <CB99B5A9-3254-3174-A216-CCE7299B7E49> /System/Library/Frameworks/DeveloperToolsSupport.framework/Versions/A/DeveloperToolsSupport
dyld[46913]: <F7ECFEE8-BD23-380C-B96F-D1C588B8E735> /System/Library/PrivateFrameworks/RenderBox.framework/Versions/A/RenderBox
dyld[46913]: <3F803C87-C3A7-3DF6-B51B-8AADBFEC915C> /System/Library/PrivateFrameworks/CoreSVG.framework/Versions/A/CoreSVG
dyld[46913]: <2EA07A48-1ADC-3A77-9A3A-596142804F26> /System/Library/PrivateFrameworks/TextureIO.framework/Versions/A/TextureIO
dyld[46913]: <804A03E9-5942-312F-A1AA-8638FD385C1C> /usr/lib/swift/libswiftCoreImage.dylib
dyld[46913]: <BCE53558-0DC1-3670-8AD8-00315C2C7A8B> /System/Library/PrivateFrameworks/GraphVisualizer.framework/Versions/A/GraphVisualizer
dyld[46913]: <76B6A89A-771D-3946-8628-2DECF6188233> /System/Library/PrivateFrameworks/FontServices.framework/Versions/A/FontServices
dyld[46913]: <3CBB2906-8FEF-300A-8F84-1A61263AAB2C> /System/Library/PrivateFrameworks/OTSVG.framework/Versions/A/OTSVG
dyld[46913]: <2E43B513-D03C-3AE1-81C4-7B2ADBB6369E> /System/Library/Frameworks/ApplicationServices.framework/Versions/A/Frameworks/ATS.framework/Versions/A/Resources/libFontRegistry.dylib
dyld[46913]: <D0AD39A1-B981-345D-A8AE-F4DD33ACD224> /usr/lib/libhvf.dylib
dyld[46913]: <DC0A782B-37B2-3DB2-929B-C355C657DBA0> /System/Library/PrivateFrameworks/ParsingInternal.framework/Versions/A/ParsingInternal
dyld[46913]: <749892C3-5510-33F1-A268-8C2EBCAA0F35> /System/Library/PrivateFrameworks/FontServices.framework/libXTFontStaticRegistryData.dylib
dyld[46913]: <1C8768D1-ADC9-32F8-9B19-75F5B361342C> /System/Library/Frameworks/MetalPerformanceShaders.framework/Versions/A/Frameworks/MPSCore.framework/Versions/A/MPSCore
dyld[46913]: <C36504AE-AF4B-3BBB-B4C4-2AF4E3180B9C> /System/Library/Frameworks/MetalPerformanceShaders.framework/Versions/A/Frameworks/MPSImage.framework/Versions/A/MPSImage
dyld[46913]: <16ECC4C3-132A-3566-BA81-3A9857E6ECA3> /System/Library/Frameworks/MetalPerformanceShaders.framework/Versions/A/Frameworks/MPSNeuralNetwork.framework/Versions/A/MPSNeuralNetwork
dyld[46913]: <306ACCB4-2F1F-3292-87FD-0E65488119D9> /System/Library/Frameworks/MetalPerformanceShaders.framework/Versions/A/Frameworks/MPSMatrix.framework/Versions/A/MPSMatrix
dyld[46913]: <E53B1901-AED1-3258-9EBD-06F0A617F8CC> /System/Library/Frameworks/MetalPerformanceShaders.framework/Versions/A/Frameworks/MPSRayIntersector.framework/Versions/A/MPSRayIntersector
dyld[46913]: <EE7ACF8A-08BA-38FB-BAF9-A041B5C1647F> /System/Library/Frameworks/MetalPerformanceShaders.framework/Versions/A/Frameworks/MPSNDArray.framework/Versions/A/MPSNDArray
dyld[46913]: <BF31F15F-31CD-395D-AC73-4184B3B369BA> /System/Library/Frameworks/MetalPerformanceShaders.framework/Versions/A/Frameworks/MPSFunctions.framework/Versions/A/MPSFunctions
dyld[46913]: <64E0C8EB-73F2-3B9F-BA62-5011816127E5> /System/Library/Frameworks/MetalPerformanceShaders.framework/Versions/A/Frameworks/MPSBenchmarkLoop.framework/Versions/A/MPSBenchmarkLoop
dyld[46913]: <017CF55F-3554-395F-96CE-3162C11DF459> /System/Library/Frameworks/MetalPerformanceShaders.framework/Versions/A/Frameworks/MPSHost.framework/Versions/A/MPSHost
dyld[46913]: <828164D8-1D9C-3284-BEB6-94E4A14D789F> /System/Library/PrivateFrameworks/MetalTools.framework/Versions/A/MetalTools
dyld[46913]: <818ED21F-78B0-35A6-8759-A7ECABF2BFC8> /System/Library/PrivateFrameworks/IOAccelMemoryInfo.framework/Versions/A/IOAccelMemoryInfo
dyld[46913]: <983D9B3D-E395-3028-A6C5-53A3A18B6604> /System/Library/PrivateFrameworks/kperf.framework/Versions/A/kperf
dyld[46913]: <F8E5C533-6122-3B5D-B88A-A47C32109A9A> /System/Library/PrivateFrameworks/GPURawCounter.framework/Versions/A/GPURawCounter
dyld[46913]: <1DB46CCA-B13C-3959-BC00-924F576CB767> /System/Library/PrivateFrameworks/ASEProcessing.framework/Versions/A/ASEProcessing
dyld[46913]: <4102CB7D-49E9-345A-A779-3AE810B87268> /System/Library/PrivateFrameworks/Symbolication.framework/Versions/A/Symbolication
dyld[46913]: <1D4A69BF-58CF-3D49-A5FE-060A6882656F> /System/Library/PrivateFrameworks/PhotosensitivityProcessing.framework/Versions/A/PhotosensitivityProcessing
dyld[46913]: <AE03A46C-9FB6-374D-B37E-9718D375A651> /System/Library/PrivateFrameworks/SILManager.framework/Versions/A/SILManager
dyld[46913]: <330E7EFA-BC89-312E-BCB8-7B1DF5D9DE3A> /System/Library/PrivateFrameworks/CoreSymbolication.framework/Versions/A/CoreSymbolication
dyld[46913]: <8719F16D-7F55-3975-998C-06005D5DDC68> /System/Library/PrivateFrameworks/MallocStackLogging.framework/Versions/A/MallocStackLogging
dyld[46913]: <9B8E1A80-3FE3-39C1-A2FD-47BA6DFA959D> /System/Library/PrivateFrameworks/DebugSymbols.framework/Versions/A/DebugSymbols
dyld[46913]: <D89BF7AA-5A74-3F60-B20C-8250BD62F6B4> /System/Library/PrivateFrameworks/OSAnalytics.framework/Versions/A/OSAnalytics
dyld[46913]: <34A24CD5-073C-3E55-8D5F-83818DFCB057> /System/Library/PrivateFrameworks/DeviceRecovery.framework/Versions/A/DeviceRecovery
dyld[46913]: <5BD8491A-8C15-3964-9B0F-B1C9369DC3FC> /System/Library/PrivateFrameworks/Tightbeam.framework/Versions/A/Tightbeam
dyld[46913]: <B5EAFB22-7AE0-343B-95BB-7BB58955A702> /usr/lib/swift/libswiftCompression.dylib
dyld[46913]: <5F0A0B0B-7997-351F-99D8-0517689BBABD> /System/Library/PrivateFrameworks/AFKUser.framework/Versions/A/AFKUser
dyld[46913]: <CA3F2D29-2FCB-3DF4-ADA9-94072A8A6CBD> /System/Library/Frameworks/ApplicationServices.framework/Versions/A/Frameworks/ATSUI.framework/Versions/A/ATSUI
dyld[46913]: <85AB42E3-076F-3B68-ACCF-98625AA5E3D9> /System/Library/PrivateFrameworks/SAObjects.framework/Versions/A/SAObjects
dyld[46913]: <A329E39B-D87D-356B-AA05-3A30CC0DBEEF> /System/Library/Frameworks/AudioToolbox.framework/Versions/A/AudioToolbox
dyld[46913]: <459BA19D-9D3F-32BB-9BE4-176D95B85BCF> /System/Library/PrivateFrameworks/MediaRemote.framework/Versions/A/MediaRemote
dyld[46913]: <DCCDD83A-C276-3DD3-8F2E-6D3B899BB586> /System/Library/Frameworks/UserNotifications.framework/Versions/A/UserNotifications
dyld[46913]: <F12A1855-5F99-3D8A-AA13-23CA64268CD7> /System/Library/PrivateFrameworks/SiriInstrumentation.framework/Versions/A/SiriInstrumentation
dyld[46913]: <10891579-226D-3750-91A9-D98D111EA3BA> /System/Library/PrivateFrameworks/SiriAnalytics.framework/Versions/A/SiriAnalytics
dyld[46913]: <0C21B87C-6478-362B-AF45-D3A1D4A83FCF> /System/Library/PrivateFrameworks/SiriTTSService.framework/Versions/A/SiriTTSService
dyld[46913]: <5D8E0ADB-8A76-34C1-92D6-AF35C7EA73CF> /System/Library/PrivateFrameworks/SiriCrossDeviceArbitration.framework/Versions/A/SiriCrossDeviceArbitration
dyld[46913]: <784C4442-B822-3412-AF09-A1E753DDFFA3> /System/Library/PrivateFrameworks/FeedbackLogger.framework/Versions/A/FeedbackLogger
dyld[46913]: <760531A3-5E19-39C5-84B1-A445B2A50129> /System/Library/PrivateFrameworks/FaceTimeNameUtility.framework/Versions/A/FaceTimeNameUtility
dyld[46913]: <033D0C7B-216E-3D54-AD8C-B83BDE9B4F2D> /System/Library/PrivateFrameworks/AuthKit.framework/Versions/A/AuthKit
dyld[46913]: <D04C8621-DE39-35FD-9351-1627B71F02DC> /System/Library/PrivateFrameworks/SiriCrossDeviceArbitrationFeedback.framework/Versions/A/SiriCrossDeviceArbitrationFeedback
dyld[46913]: <E410F3F8-843C-3FCA-968C-3C864D829AF2> /usr/lib/swift/libswiftCoreLocation.dylib
dyld[46913]: <373189AA-6180-34D7-BA84-6BE401E4E1B9> /usr/lib/swift/libswiftAVFoundation.dylib
dyld[46913]: <3E7267BC-3D63-3785-8279-A8823C9C758F> /System/Library/PrivateFrameworks/UIKitServices.framework/Versions/A/UIKitServices
dyld[46913]: <83745C57-DE3B-394D-A83A-D71C79F3A8B9> /System/Library/PrivateFrameworks/UnifiedAssetFramework.framework/Versions/A/UnifiedAssetFramework
dyld[46913]: <5FEF75E9-F1DD-3FA9-A8B0-81277371B8FC> /System/Library/PrivateFrameworks/AudioSession.framework/Versions/A/AudioSession
dyld[46913]: <FA90EFCA-B936-357B-BF18-16A0FB34B9E9> /System/Library/PrivateFrameworks/MediaExperience.framework/Versions/A/MediaExperience
dyld[46913]: <BBC3CD71-264B-3C66-A2C0-5D4D266256EA> /System/Library/PrivateFrameworks/AudioSession.framework/libSessionUtility.dylib
dyld[46913]: <DD4B10E2-D4D6-3490-A745-33527E18CAAA> /System/Library/PrivateFrameworks/AudioAccessoryServices.framework/Versions/A/AudioAccessoryServices
dyld[46913]: <E3CE1636-EE20-35AF-B55A-F42B7B266EA4> /System/Library/Frameworks/CoreBluetooth.framework/Versions/A/CoreBluetooth
dyld[46913]: <51458515-C89E-317A-850D-182764F322EE> /System/Library/PrivateFrameworks/CoreUtils.framework/Versions/A/CoreUtils
dyld[46913]: <C9A86813-25EE-3439-8F66-A83F1A5015EC> /System/Library/PrivateFrameworks/HID.framework/Versions/A/HID
dyld[46913]: <F1FB23C7-7BB9-3B7C-87A2-7CA7F343ED61> /System/Library/PrivateFrameworks/Sharing.framework/Versions/A/Sharing
dyld[46913]: <D18AF20A-1BF0-383C-9E97-96CDCECE07A7> /System/Library/PrivateFrameworks/CoreUtilsExtras.framework/Versions/A/CoreUtilsExtras
dyld[46913]: <5A300AF2-96D7-3A85-ACA6-9084A7C40C6D> /System/Library/PrivateFrameworks/IO80211.framework/Versions/A/IO80211
dyld[46913]: <963A1CA0-DEBD-3341-81A2-DB5B34283C7B> /System/Library/PrivateFrameworks/IDSFoundation.framework/Versions/A/IDSFoundation
dyld[46913]: <8F99AE0B-A693-349F-8904-B70ECB1C86AA> /System/Library/PrivateFrameworks/Apple80211.framework/Versions/A/Apple80211
dyld[46913]: <9C05D8FD-3F10-3476-8A3C-501966EA13D2> /System/Library/Frameworks/CoreWLAN.framework/Versions/A/CoreWLAN
dyld[46913]: <604B1733-3682-3AF6-9F07-C85C999F3131> /System/Library/Frameworks/IOBluetooth.framework/Versions/A/IOBluetooth
dyld[46913]: <F11740D9-FE8D-38B3-99A9-666EE022F7A7> /usr/lib/swift/libswiftRegexBuilder.dylib
dyld[46913]: <1F2E4950-8060-35D0-B598-D2196F2728B3> /System/Library/PrivateFrameworks/IMFoundation.framework/Versions/A/IMFoundation
dyld[46913]: <462A888C-46C7-324A-8A18-4053C6CB2961> /System/Library/PrivateFrameworks/Marco.framework/Versions/A/Marco
dyld[46913]: <736A1792-0123-3722-822B-495B27044953> /System/Library/PrivateFrameworks/CommonUtilities.framework/Versions/A/CommonUtilities
dyld[46913]: <E78D4693-B886-3DE1-A029-497B47261DA3> /System/Library/PrivateFrameworks/Engram.framework/Versions/A/Engram
dyld[46913]: <1ACD9883-DEC9-3AF0-9E28-B11F4E1DC3F9> /System/Library/PrivateFrameworks/XPCDistributed.framework/Versions/A/XPCDistributed
dyld[46913]: <AFE528E7-451E-3EE9-8E02-7693A2C391B9> /usr/lib/libtidy.A.dylib
dyld[46913]: <C579F691-0120-3BEC-9993-E3CD5F7105A3> /System/Library/PrivateFrameworks/Bom.framework/Versions/A/Bom
dyld[46913]: <82153ECE-36A2-3514-87DE-3B8A53E96727> /usr/lib/libParallelCompression.dylib
dyld[46913]: <68CCF67B-1C66-30C0-9135-00BA5B75586F> /usr/lib/libIOReport.dylib
dyld[46913]: <0D7C76A0-047B-398E-B2A8-FD4705F72E5D> /System/Library/PrivateFrameworks/WiFiPeerToPeer.framework/Versions/A/WiFiPeerToPeer
dyld[46913]: <E5FF4EE4-5A8B-3CBA-BA37-3FE6C7012B0D> /System/Library/Frameworks/SecurityFoundation.framework/Versions/A/SecurityFoundation
dyld[46913]: <E2954A31-B31C-3C9B-A7F9-12CAEC0D1D4E> /System/Library/PrivateFrameworks/Centauri.framework/Versions/A/Centauri
dyld[46913]: <65CFA8A7-E7D2-383A-9C47-D2AF8A46AA22> /System/Library/PrivateFrameworks/Lexicon.framework/Versions/A/Lexicon
dyld[46913]: <188D929F-E81D-3922-BCB4-8D34B4E75EA7> /usr/lib/libmrc.dylib
dyld[46913]: <783A3989-84DE-3340-9292-052A10B7DAD7> /System/Library/PrivateFrameworks/IPConfiguration.framework/Versions/A/IPConfiguration
dyld[46913]: <ECFD5323-6A6A-3231-B90E-57E1332B0122> /System/Library/PrivateFrameworks/Netrb.framework/Versions/A/Netrb
dyld[46913]: <A34C688D-A13A-3625-934C-801A13990594> /System/Library/PrivateFrameworks/FrontBoardServices.framework/Versions/A/FrontBoardServices
dyld[46913]: <604E97FC-C938-306C-9DBB-36B10AFFBA39> /usr/lib/libgermantok.dylib
dyld[46913]: <B5E076A6-50D6-3B48-AACD-E1FC575BDCEE> /System/Library/PrivateFrameworks/LinguisticData.framework/Versions/A/LinguisticData
dyld[46913]: <7EDD9E23-5D91-344A-812B-CFD814180C55> /System/Library/PrivateFrameworks/MultiverseSupport.framework/Versions/A/MultiverseSupport
dyld[46913]: <1AFFCA76-E71A-385E-A3C8-968CDBE9E57D> /System/Library/PrivateFrameworks/DiskManagement.framework/Versions/A/DiskManagement
dyld[46913]: <4B693927-5B0A-364E-BC11-F560B1D707FE> /System/Library/PrivateFrameworks/AppleIDAuthSupport.framework/Versions/A/AppleIDAuthSupport
dyld[46913]: <0E5752E3-313E-3B50-9FB4-DB13FECB0BD7> /System/Library/PrivateFrameworks/AAAFoundation.framework/Versions/A/AAAFoundation
dyld[46913]: <B9966194-B1A6-3ED2-98C9-0D4B49D2617E> /System/Library/PrivateFrameworks/KeychainCircle.framework/Versions/A/KeychainCircle
dyld[46913]: <5ED2FD61-010A-3627-92E8-151E71B739D8> /System/Library/PrivateFrameworks/URLFormatting.framework/Versions/A/URLFormatting
dyld[46913]: <7EE79F42-1420-301B-A9FF-2A63A4023C91> /usr/lib/libcsfde.dylib
dyld[46913]: <AA8EDD1F-E406-3164-9FB9-BB0C61256AFF> /usr/lib/libCoreStorage.dylib
dyld[46913]: <80627B52-C5CE-3DC4-A12D-D15FE46A62BA> /System/Library/PrivateFrameworks/MediaKit.framework/Versions/A/MediaKit
dyld[46913]: <4C6BBB60-2884-3DC8-9FCB-472BCD087D84> /System/Library/Frameworks/DiscRecording.framework/Versions/A/DiscRecording
dyld[46913]: <96666EFB-8A3D-30BB-950A-9DDC1DB3F59D> /System/Library/PrivateFrameworks/ProtectedCloudStorage.framework/Versions/A/ProtectedCloudStorage
dyld[46913]: <1E0D7C92-7F70-34BE-9D61-9F7F4781EBE4> /System/Library/PrivateFrameworks/EFILogin.framework/Versions/A/EFILogin
dyld[46913]: <E1A205BF-B3FB-31BF-8685-6D46BA78891E> /usr/lib/libheimdal-asn1.dylib
dyld[46913]: <E2BDB12D-C844-3770-9411-0E35049ECB5E> /System/Library/PrivateFrameworks/OctagonTrust.framework/Versions/A/OctagonTrust
dyld[46913]: <2DF001A3-1D2B-3847-A2FC-79104BDC0783> /System/Library/Frameworks/AudioUnit.framework/Versions/A/AudioUnit
dyld[46913]: <EE42062E-8EDF-332C-98C1-03464732CA4A> /System/Library/Frameworks/OpenDirectory.framework/Versions/A/OpenDirectory
dyld[46913]: <90CA166B-D72F-3584-BF0B-8797CFFA959E> /System/Library/Frameworks/OpenDirectory.framework/Versions/A/Frameworks/CFOpenDirectory.framework/Versions/A/CFOpenDirectory
dyld[46913]: <40753222-0047-3DE4-954C-5879C584A975> /System/Library/PrivateFrameworks/GeoServices.framework/Versions/A/GeoServices
dyld[46913]: <FDD11407-B7F3-331B-B53D-32081A2D1AED> /System/Library/PrivateFrameworks/LocationSupport.framework/Versions/A/LocationSupport
dyld[46913]: <23D11648-1076-3BD7-BFD5-CA4A6B9AE066> /System/Library/PrivateFrameworks/GeoServicesCore.framework/Versions/A/GeoServicesCore
dyld[46913]: <524F80A2-1ACD-3FA7-9D74-1F47697294EB> /System/Library/PrivateFrameworks/PhoneNumbers.framework/Versions/A/PhoneNumbers
dyld[46913]: <2A2AE353-0BCE-3AF5-8C2B-1B5F1F0656E7> /System/Library/PrivateFrameworks/LocationLogEncryption.framework/Versions/A/LocationLogEncryption
dyld[46913]: <CF6E08AD-C2EC-3A40-8537-0D2BDA291D31> /System/Library/Frameworks/AVFAudio.framework/Versions/A/AVFAudio
dyld[46913]: <7924633C-6200-3B69-884D-A6E5527CA4B5> /System/Library/Frameworks/AVRouting.framework/Versions/A/AVRouting
dyld[46913]: <2FFD2C50-D8C7-3D4F-AB17-10C8DDD4ECC0> /usr/lib/libAccessibility.dylib
dyld[46913]: <E47B5590-4F10-352D-806F-E1FAACE16809> /System/Library/PrivateFrameworks/MediaServices.framework/Versions/A/MediaServices
dyld[46913]: <1F5A6198-4F24-3980-A96A-DA16430B882B> /System/Library/PrivateFrameworks/IDS.framework/Versions/A/IDS
dyld[46913]: <4228A6FB-1852-34DA-A9A6-9B22346DC839> /System/Library/PrivateFrameworks/IsolatedCoreAudioClient.framework/Versions/A/IsolatedCoreAudioClient
dyld[46913]: <9B662466-E585-34C6-9A2F-38F865966314> /System/Library/PrivateFrameworks/CoreAudioOrchestration.framework/Versions/A/CoreAudioOrchestration
dyld[46913]: <BE8AD136-C9D0-3589-A37D-4A93E7646FC5> /System/Library/Frameworks/MediaToolbox.framework/Versions/A/MediaToolbox
dyld[46913]: <C024D081-EF4D-347B-B00F-08CE310BC6E6> /System/Library/PrivateFrameworks/CoreAVCHD.framework/Versions/A/CoreAVCHD
dyld[46913]: <544DDE9D-EF38-3D98-B16A-00361208DABA> /System/Library/Frameworks/MediaAccessibility.framework/Versions/A/MediaAccessibility
dyld[46913]: <1845678B-2A2E-3D8F-B05E-3D5054E40973> /System/Library/PrivateFrameworks/Mangrove.framework/Versions/A/Mangrove
dyld[46913]: <83720246-3181-37EB-AE16-01967CC80DAF> /System/Library/PrivateFrameworks/CMPhoto.framework/Versions/A/CMPhoto
dyld[46913]: <C6CCE499-C57B-3499-8BBF-B1F036A037F3> /System/Library/Frameworks/CoreTelephony.framework/Versions/A/CoreTelephony
dyld[46913]: <7C1C3A7F-6247-33D2-B4B8-375AA417817E> /System/Library/PrivateFrameworks/CoreAUC.framework/Versions/A/CoreAUC
dyld[46913]: <BF6FC404-E3BB-3740-896C-B7BF4193B547> /System/Library/PrivateFrameworks/AppleJPEGXL.framework/Versions/A/AppleJPEGXL
dyld[46913]: <3AD5EDAE-8A75-3E29-AA40-63912718CEC9> /usr/lib/libTelephonyUtilDynamic.dylib
dyld[46913]: <8A415D0E-18E7-3C99-B89D-14805F500FB0> /System/Library/Frameworks/CryptoKit.framework/Versions/A/CryptoKit
dyld[46913]: <73EA0865-BCC3-3084-A011-93CD0A55C4EF> /System/Library/PrivateFrameworks/CryptoKitCBridging.framework/Versions/A/CryptoKitCBridging
dyld[46913]: <B214381B-F0CF-3F0E-B2B5-187CBF29616F> /System/Library/Frameworks/CryptoTokenKit.framework/Versions/A/CryptoTokenKit
dyld[46913]: <A68DE487-B65B-390A-A82B-6B62956B353F> /System/Library/Frameworks/LocalAuthentication.framework/Versions/A/LocalAuthentication
dyld[46913]: <53C1AF34-43D2-3DAA-9062-D295F72BFDF3> /System/Library/PrivateFrameworks/LocalAuthenticationCore.framework/Versions/A/LocalAuthenticationCore
dyld[46913]: <251AA620-1546-3DF5-8EFF-B9F9463112D0> /System/Library/PrivateFrameworks/LocalAuthenticationCredentialServices.framework/Versions/A/LocalAuthenticationCredentialServices
dyld[46913]: <957A2E58-89EE-36DE-9213-2E23DB420C7F> /System/Library/Frameworks/LocalAuthentication.framework/Support/SharedUtils.framework/Versions/A/SharedUtils
dyld[46913]: <8A83CAEF-70FC-39B2-A1C9-F312BD81B8D5> /System/Library/PrivateFrameworks/PersistentConnection.framework/Versions/A/PersistentConnection
dyld[46913]: <DA5DF9EF-9649-3931-B1CF-606D0B1A2BE5> /System/Library/PrivateFrameworks/SonicFoundation.framework/Versions/A/SonicFoundation
dyld[46913]: <9F9CDD5B-1D43-3CF4-8B88-4938A6637AF5> /System/Library/PrivateFrameworks/AsyncAlgorithmsInternal.framework/Versions/A/AsyncAlgorithmsInternal
dyld[46913]: <95BAC2EC-84F7-3448-A4C3-AA2F920867C6> /System/Library/PrivateFrameworks/FTAWD.framework/Versions/A/FTAWD
dyld[46913]: <EDAA9D64-779E-34FE-83D2-DF4EF35BAA59> /System/Library/PrivateFrameworks/Dendrite.framework/Versions/A/Dendrite
dyld[46913]: <924805FA-0938-34FA-B76A-4051A087CD65> /usr/lib/libtailspin.dylib
dyld[46913]: <4FB12471-97FF-306E-B552-B481203A8E1B> /System/Library/PrivateFrameworks/Osprey.framework/Versions/A/Osprey
dyld[46913]: <7EE764AE-8E9B-35DB-8839-EE01750F25AB> /System/Library/PrivateFrameworks/SiriTTS.framework/Versions/A/SiriTTS
dyld[46913]: <A896B215-2D9E-37D6-8803-9316AEBF6AF5> /System/Library/Frameworks/NaturalLanguage.framework/Versions/A/NaturalLanguage
dyld[46913]: <478FDFD4-2C36-32BB-9087-F466F0242B69> /System/Library/PrivateFrameworks/GenerativeModels.framework/Versions/A/GenerativeModels
dyld[46913]: <6B95CE76-E69D-3598-AADC-E738C94A43BD> /System/Library/PrivateFrameworks/SiriPowerInstrumentation.framework/Versions/A/SiriPowerInstrumentation
dyld[46913]: <7BC8461C-23ED-39CA-868E-17A68FAFC5AE> /usr/lib/swift/libswiftNaturalLanguage.dylib
dyld[46913]: <247E2F35-65F7-3834-AF0C-532F577FDF23> /System/Library/PrivateFrameworks/TailspinSymbolication.framework/Versions/A/TailspinSymbolication
dyld[46913]: <F0BAA541-E9E2-307A-89AE-42558D70DF45> /System/Library/PrivateFrameworks/Darwinup.framework/Versions/A/Darwinup
dyld[46913]: <ED143A95-22A5-38A0-AFC5-DA00945392EC> /System/Library/PrivateFrameworks/SignpostSupport.framework/Versions/A/SignpostSupport
dyld[46913]: <3DB3AF5E-12BD-3E05-92D8-6DDC488D5633> /System/Library/PrivateFrameworks/FeatureFlagsSupport.framework/Versions/A/FeatureFlagsSupport
dyld[46913]: <86614A25-EE71-3F84-9F47-99671A11803D> /System/Library/PrivateFrameworks/ktrace.framework/Versions/A/ktrace
dyld[46913]: <3C627164-84D9-35A4-AC4D-52A99B7652F0> /System/Library/PrivateFrameworks/SampleAnalysis.framework/Versions/A/SampleAnalysis
dyld[46913]: <4517DDDB-265A-3561-82F9-41E06C6A17A8> /System/Library/PrivateFrameworks/kperfdata.framework/Versions/A/kperfdata
dyld[46913]: <3F0E2B57-6317-3262-BA3D-8A069524F8A5> /usr/lib/libdscsym.dylib
dyld[46913]: <8DCD3201-0098-3106-8870-62A8504F26CE> /System/Library/PrivateFrameworks/AppleMobileFileIntegrity.framework/Versions/A/AppleMobileFileIntegrity
dyld[46913]: <FC95DB95-FCA7-3F42-B435-20575B99CF3A> /System/Library/PrivateFrameworks/BulkSymbolication.framework/Versions/A/BulkSymbolication
dyld[46913]: <142382DC-3D11-3191-84F4-6F39BD1C622C> /usr/lib/libTLE.dylib
dyld[46913]: <0E970B22-63D9-3794-9766-24A3FD8BD273> /usr/lib/libmis.dylib
dyld[46913]: <5FD96939-8D4B-3228-A1F8-100EF174A0D4> /System/Library/PrivateFrameworks/ConfigProfileHelper.framework/Versions/A/ConfigProfileHelper
dyld[46913]: <51BD41DD-616A-382D-B1B2-C11BE8C9953A> /System/Library/PrivateFrameworks/Espresso.framework/Versions/A/Espresso
dyld[46913]: <EDA0F204-8438-3398-91ED-C0E4212C8734> /System/Library/Frameworks/CoreML.framework/Versions/A/CoreML
dyld[46913]: <308A1DB0-C29C-33AF-9AE2-1F8E4E607152> /usr/lib/libedit.3.dylib
dyld[46913]: <BABCC719-40D5-3EAB-B20F-F0F1EB329A3E> /System/Library/PrivateFrameworks/ANECompiler.framework/Versions/A/ANECompiler
dyld[46913]: <1969F88C-4A7F-3B4B-BC08-D3EE33F4D27D> /System/Library/PrivateFrameworks/AppleNeuralEngine.framework/Versions/A/AppleNeuralEngine
dyld[46913]: <E72BAD3A-0E33-3FC5-8356-3B3176382CB1> /System/Library/PrivateFrameworks/MIL.framework/Versions/A/MIL
dyld[46913]: <BBB4C092-A3B1-354B-8C32-147F6EB0256D> /System/Library/Frameworks/MetalPerformanceShadersGraph.framework/Versions/A/MetalPerformanceShadersGraph
dyld[46913]: <54D280F0-3335-3487-AA0D-6A09FFEAEDF7> /System/Library/PrivateFrameworks/MLCompilerServices.framework/Versions/A/MLCompilerServices
dyld[46913]: <A80CE19E-EA8D-363D-A8F4-409455BECE9B> /System/Library/PrivateFrameworks/ANEServices.framework/Versions/A/ANEServices
dyld[46913]: <22F988EF-E518-3F7A-BC3D-E44B9D09627D> /usr/lib/libncurses.5.4.dylib
dyld[46913]: <0A381CB4-37D0-3B5C-ADE0-2C5B4F47D169> /usr/lib/libsandbox.1.dylib
dyld[46913]: <042A6E19-8B2A-3342-B4C1-AD44661B7E26> /usr/lib/libMatch.1.dylib
dyld[46913]: <AB03B991-E6D9-3BAF-AA7D-DBFC815699F3> /System/Library/PrivateFrameworks/ODIE.framework/Versions/A/ODIE
dyld[46913]: <5592BC99-D6A7-303C-8C4C-B839FA6B7508> /System/Library/PrivateFrameworks/MLModelAsset.framework/Versions/A/MLModelAsset
dyld[46913]: <59B92160-FE47-3CEA-B03A-0099F3901A34> /System/Library/PrivateFrameworks/MLCompilerRuntime.framework/Versions/A/MLCompilerRuntime
dyld[46913]: <D62682EC-5F79-397C-855C-569554A4AEF8> /System/Library/Frameworks/MLCompute.framework/Versions/A/MLCompute
dyld[46913]: <873E56C6-57E8-3AD2-A630-B88B0A9669E8> /System/Library/PrivateFrameworks/MLAssetIO.framework/Versions/A/MLAssetIO
dyld[46913]: <847E52FC-37C0-30DA-88CD-4561DD03C06F> /usr/lib/swift/libswiftMLCompute.dylib
dyld[46913]: <DC46545D-E02B-3F2D-BEEC-E1BF5735174F> /System/Library/PrivateFrameworks/AVFCore.framework/Versions/A/AVFCore
dyld[46913]: <3611A176-00BB-35D9-8C0A-9A9A68A8EE9D> /System/Library/PrivateFrameworks/AVFCapture.framework/Versions/A/AVFCapture
dyld[46913]: <2DEE9322-922F-3B85-82C1-5E3249E3E652> /System/Library/PrivateFrameworks/CMImaging.framework/Versions/A/CMImaging
dyld[46913]: <072F9166-25F8-3FBF-9002-23E98E8B7C05> /System/Library/PrivateFrameworks/Quagga.framework/Versions/A/Quagga
dyld[46913]: <FA34827D-C8E0-3BDF-9A4E-FBBF430AD095> /System/Library/PrivateFrameworks/CMCapture.framework/Versions/A/CMCapture
dyld[46913]: <DD237508-D432-30A0-A553-C4AF2D9F40B6> /System/Library/Frameworks/CoreMediaIO.framework/Versions/A/CoreMediaIO
dyld[46913]: <D6788223-2453-39F7-9F00-90EE866A3CDA> /System/Library/PrivateFrameworks/CMCaptureDevice.framework/Versions/A/CMCaptureDevice
dyld[46913]: <68A522A3-ACE1-3597-B6D7-E058D36536FB> /System/Library/PrivateFrameworks/CoreBrightness.framework/Versions/A/CoreBrightness
dyld[46913]: <02711E78-960E-329A-B5C0-5E38615F2698> /System/Library/PrivateFrameworks/CinematicFraming.framework/Versions/A/CinematicFraming
dyld[46913]: <735CE046-E62E-3FA5-B38D-1FD82AA32BA8> /System/Library/PrivateFrameworks/ModelManagerServices.framework/Versions/A/ModelManagerServices
dyld[46913]: <F0165C3A-8601-3789-A114-836489784A93> /System/Library/PrivateFrameworks/CPMS.framework/Versions/A/CPMS
dyld[46913]: <8B0AAC46-6F12-36F0-9A1C-90D56F41BA09> /System/Library/PrivateFrameworks/SystemStatus.framework/Versions/A/SystemStatus
dyld[46913]: <FCEB6F4E-E222-3F9B-8226-8E80A789B21B> /System/Library/Frameworks/CoreMotion.framework/Versions/A/CoreMotion
dyld[46913]: <54DEA4E5-FD31-3AE3-8FEE-3CD99ACFC45B> /System/Library/PrivateFrameworks/TimeSync.framework/Versions/A/TimeSync
dyld[46913]: <2602D902-9B35-32D2-8F22-8BF2B330B298> /System/Library/PrivateFrameworks/DistributedSensing.framework/Versions/A/DistributedSensing
dyld[46913]: <0EEAE872-ADDF-3FE0-9601-C56C453597BB> /System/Library/PrivateFrameworks/MobileBluetooth.framework/Versions/A/MobileBluetooth
dyld[46913]: <FF001948-E029-3473-B7B8-22A4ECFD6560> /System/Library/PrivateFrameworks/IOKitten.framework/Versions/A/IOKitten
dyld[46913]: <45E1CEA1-A60E-30F3-A90F-B7BFB5C5CC17> /System/Library/PrivateFrameworks/AppleIntelligenceReporting.framework/Versions/A/AppleIntelligenceReporting
dyld[46913]: <4BC01F57-2373-3DC9-8B71-308A282D7030> /System/Library/PrivateFrameworks/CoreEmoji.framework/Versions/A/CoreEmoji
dyld[46913]: <8AF3BAA3-66FA-3CEF-A44B-FD79CAC8263F> /usr/lib/libCRFSuite.dylib
dyld[46913]: <4CD4216A-7270-300F-A31D-70FFACD92E12> /System/Library/PrivateFrameworks/LanguageModeling.framework/Versions/A/LanguageModeling
dyld[46913]: <E89ACADA-C30F-3E26-9775-E8BAC21A83AA> /System/Library/PrivateFrameworks/CoreNLP.framework/Versions/A/CoreNLP
dyld[46913]: <3C34BB08-BC5C-397C-A9B5-18A342838CA1> /System/Library/PrivateFrameworks/Montreal.framework/Versions/A/Montreal
dyld[46913]: <2DED54B9-9B5C-3FB3-859E-AAC46074CC8B> /usr/lib/libcmph.dylib
dyld[46913]: <5B76CDD8-6E1F-35F6-AF5E-CE4CDA81957E> /usr/lib/libmecab.dylib
dyld[46913]: <56091C21-AEA9-36A2-A3E3-D50AEC8FFE32> /usr/lib/libThaiTokenizer.dylib
dyld[46913]: <74E54F2B-B7A6-35D9-8101-F30C7F0C1979> /System/Library/PrivateFrameworks/GenerativeModelsFoundation.framework/Versions/A/GenerativeModelsFoundation
dyld[46913]: <63409EB4-B247-3B62-835C-80DD1FCB91A2> /System/Library/PrivateFrameworks/TokenGeneration.framework/Versions/A/TokenGeneration
dyld[46913]: <54D335C7-5679-3ED5-A0E1-C3B9DBF16A9C> /System/Library/PrivateFrameworks/GenerativeFunctions.framework/Versions/A/GenerativeFunctions
dyld[46913]: <AB49FED6-D7FD-3A6B-B4CF-F73AC4165CE0> /System/Library/PrivateFrameworks/GenerativeFunctionsFoundation.framework/Versions/A/GenerativeFunctionsFoundation
dyld[46913]: <790009CA-CA2D-3245-B7B1-71C370D33BDB> /System/Library/PrivateFrameworks/ModelCatalog.framework/Versions/A/ModelCatalog
dyld[46913]: <24F7CF25-24F4-395E-B89D-5C17AE8CE281> /System/Library/PrivateFrameworks/SensitiveContentAnalysisML.framework/Versions/A/SensitiveContentAnalysisML
dyld[46913]: <A2E625ED-90FF-3BCA-BD28-16F062B82C02> /System/Library/PrivateFrameworks/GenerativeFunctionsInstrumentation.framework/Versions/A/GenerativeFunctionsInstrumentation
dyld[46913]: <4851991B-9681-37D8-8A62-005249AD29C7> /System/Library/PrivateFrameworks/PromptKit.framework/Versions/A/PromptKit
dyld[46913]: <A4C38BBC-95E3-38DD-B873-243C53B83A4F> /System/Library/PrivateFrameworks/ProactiveDaemonSupport.framework/Versions/A/ProactiveDaemonSupport
dyld[46913]: <832BF595-350A-3753-8721-D894475016CB> /System/Library/PrivateFrameworks/TokenGenerationCore.framework/Versions/A/TokenGenerationCore
dyld[46913]: <E65C3A22-B998-3185-9DE5-3169814179BF> /System/Library/PrivateFrameworks/Trial.framework/Versions/A/Trial
dyld[46913]: <F66F08E4-F915-3CAE-AF88-70F76AD35303> /System/Library/PrivateFrameworks/TrialProto.framework/Versions/A/TrialProto
dyld[46913]: <4BE321D2-8DF6-3D5E-A531-4E2F77BEE441> /System/Library/PrivateFrameworks/AppleFlatBuffers.framework/Versions/A/AppleFlatBuffers
dyld[46913]: <92A1FE17-1D6F-347B-B1C3-D2C03B6C0DCE> /System/Library/PrivateFrameworks/SentencePieceInternal.framework/Versions/A/SentencePieceInternal
dyld[46913]: <4FFA7ECB-BCA8-3B4D-86F9-9F2C9E084944> /System/Library/Frameworks/Vision.framework/Versions/A/Vision
dyld[46913]: <0A6304CC-6DC4-3079-9FAB-8B9F001C8545> /System/Library/PrivateFrameworks/CoreSceneUnderstanding.framework/Versions/A/CoreSceneUnderstanding
dyld[46913]: <5E086014-D330-3672-9776-E23E8325DD67> /System/Library/PrivateFrameworks/VisionCore.framework/Versions/A/VisionCore
dyld[46913]: <A20BF0E3-F8A9-36AA-B28B-2EF282FC9BF5> /System/Library/PrivateFrameworks/DataDetectorsCore.framework/Versions/A/DataDetectorsCore
dyld[46913]: <23068BF1-0F33-3129-9965-57B1621737DE> /System/Library/Frameworks/Vision.framework/libfaceCore.dylib
dyld[46913]: <5F8738D4-6C03-3DEA-953D-9E31C389E7E1> /System/Library/PrivateFrameworks/Futhark.framework/Versions/A/Futhark
dyld[46913]: <2849D0C3-42A0-3D94-A2B7-F686BD7F760D> /System/Library/PrivateFrameworks/InertiaCam.framework/Versions/A/InertiaCam
dyld[46913]: <393E9D23-8D8D-373B-A8D8-6CF2652D2DAF> /System/Library/PrivateFrameworks/TextRecognition.framework/Versions/A/TextRecognition
dyld[46913]: <0872179E-DB9E-39FF-B22A-05EA62FC0F88> /System/Library/Frameworks/DataDetection.framework/Versions/A/DataDetection
dyld[46913]: <5D3DDFC0-3341-3DAC-A80C-0DFBD0421669> /System/Library/PrivateFrameworks/TextInput.framework/Versions/A/TextInput
dyld[46913]: <A37EF3CE-63A5-3AB5-B3E2-E089F818FF35> /System/Library/PrivateFrameworks/CVNLP.framework/Versions/A/CVNLP
dyld[46913]: <256C79BC-8BEB-390C-95D4-BFEFB95E66A1> /System/Library/PrivateFrameworks/IntentsFoundation.framework/Versions/A/IntentsFoundation
dyld[46913]: <E12CB54A-E895-3D38-8D62-01C5DF8430AB> /System/Library/PrivateFrameworks/HIDDisplay.framework/Versions/A/HIDDisplay
dyld[46913]: <A9F79F7C-A5F8-3164-BEEC-60B19D90DCF2> /usr/lib/libcups.2.dylib
dyld[46913]: <74F49C08-DE60-3E55-A037-F0A34E81BF04> /System/Library/Frameworks/Kerberos.framework/Versions/A/Kerberos
dyld[46913]: <F71E234F-8D15-388D-8819-709BB2AE1ACC> /usr/lib/libresolv.9.dylib
dyld[46913]: <139B1DBE-2FDA-3AE7-9BDE-12D5BA3C8D22> /System/Library/PrivateFrameworks/Heimdal.framework/Versions/A/Heimdal
dyld[46913]: <9BBF5DE9-CCD9-3CF3-8C05-45FB5CCEFEC3> /System/Library/Frameworks/Kerberos.framework/Versions/A/Libraries/libHeimdalProxy.dylib
dyld[46913]: <FFE98159-EDC3-3520-ADAC-F9001408ADD5> /System/Library/PrivateFrameworks/CommonAuth.framework/Versions/A/CommonAuth
dyld[46913]: <17C4F6B8-0A9A-3BF8-8D40-35ABCF9F0D89> /System/Library/PrivateFrameworks/AXCoreUtilities.framework/Versions/A/AXCoreUtilities
dyld[46913]: <8EB0DEAA-CD94-3710-AF80-DBF6947A8250> /System/Library/PrivateFrameworks/AttributeGraph.framework/Versions/A/AttributeGraph
dyld[46913]: <D4766E61-EB81-3FA1-9C48-31BC986B0607> /usr/lib/libAXSafeCategoryBundle.dylib
dyld[46913]: <6E4CAEF6-667C-3A56-9BE2-892F689894E4> /System/Library/Frameworks/TabularData.framework/Versions/A/TabularData
dyld[46913]: <00E79E4B-C0FD-3DF8-A8C3-9C812A9DB049> /System/Library/PrivateFrameworks/ArgumentParserInternal.framework/Versions/A/ArgumentParserInternal
dyld[46913]: <CB222F12-FB2E-3310-88A1-A5AE7EFF8CAE> /System/Library/Frameworks/Accelerate.framework/Versions/A/Frameworks/vecLib.framework/Versions/A/libvDSP.dylib
dyld[46913]: <C2F81286-0ED4-319D-A96D-10591BD15F4E> /System/Library/Frameworks/Accelerate.framework/Versions/A/Frameworks/vecLib.framework/Versions/A/libLAPACK.dylib
dyld[46913]: <424CA6AD-D7AA-3297-B069-745682F71E84> /System/Library/Frameworks/Accelerate.framework/Versions/A/Frameworks/vecLib.framework/Versions/A/libLinearAlgebra.dylib
dyld[46913]: <BDF370A4-972F-34A4-AED7-89885C35D933> /System/Library/Frameworks/Accelerate.framework/Versions/A/Frameworks/vecLib.framework/Versions/A/libSparseBLAS.dylib
dyld[46913]: <F2B12F6B-6C47-3B39-BE8F-68EB37545F72> /System/Library/Frameworks/Accelerate.framework/Versions/A/Frameworks/vecLib.framework/Versions/A/libQuadrature.dylib
dyld[46913]: <811E61C5-2282-3FA8-939D-D1B9C75ECC62> /System/Library/Frameworks/Accelerate.framework/Versions/A/Frameworks/vecLib.framework/Versions/A/libBNNS.dylib
dyld[46913]: <C7FD2C22-55FC-3D31-8AF3-BF842A039AF9> /System/Library/Frameworks/Accelerate.framework/Versions/A/Frameworks/vecLib.framework/Versions/A/libSparse.dylib
dyld[46913]: <7A483FDA-AB8C-3E7C-92E6-07347F67B678> /System/Library/PrivateFrameworks/ApplePushService.framework/Versions/A/ApplePushService
dyld[46913]: <C5A18DFA-6B18-3455-830A-E372A495FB1D> /System/Library/Frameworks/CloudKit.framework/Versions/A/CloudKit
dyld[46913]: <0A7A4F54-298F-384E-86C0-0E9A5C69E9E5> /System/Library/PrivateFrameworks/CoreDuetDaemonProtocol.framework/Versions/A/CoreDuetDaemonProtocol
dyld[46913]: <17D0003A-F405-3CCF-832D-BCADB65BC83F> /System/Library/PrivateFrameworks/DeviceIdentity.framework/Versions/A/DeviceIdentity
dyld[46913]: <E26F180A-1868-3E33-9277-1C73F917DE55> /System/Library/Frameworks/SharedWithYouCore.framework/Versions/A/SharedWithYouCore
dyld[46913]: <7B5C93A3-1AF7-3273-9182-60B965FBB279> /System/Library/PrivateFrameworks/CloudTelemetry.framework/Versions/A/CloudTelemetry
dyld[46913]: <CD1BB171-94DA-350C-8276-04EA8B71C6E7> /System/Library/PrivateFrameworks/AppleAccount.framework/Versions/A/AppleAccount
dyld[46913]: <6D910C58-E7C6-34AB-907F-89C2EA3E8B5C> /System/Library/PrivateFrameworks/C2.framework/Versions/A/C2
dyld[46913]: <1BE4EC57-9B8A-34C4-BFC9-BC9A229BBB08> /System/Library/PrivateFrameworks/CloudCoreInternal.framework/Versions/A/CloudCoreInternal
dyld[46913]: <EDB20CBF-D173-3BD4-A483-3C509C15D24D> /System/Library/PrivateFrameworks/CloudAsset.framework/Versions/A/CloudAsset
dyld[46913]: <696E88E7-5CF6-3095-80C0-57B9A913887A> /System/Library/Frameworks/PushKit.framework/Versions/A/PushKit
dyld[46913]: <100BE8FB-6C47-33E3-9FC4-A45A5106721A> /System/Library/Frameworks/CoreTransferable.framework/Versions/A/CoreTransferable
dyld[46913]: <08675344-FA9F-3CC2-8ED8-C572C841B504> /System/Library/PrivateFrameworks/NetAuth.framework/Versions/A/NetAuth
dyld[46913]: <8E702F90-53C5-3A91-A0F8-94409A59BAF3> /System/Library/PrivateFrameworks/login.framework/Versions/A/Frameworks/loginsupport.framework/Versions/A/loginsupport
dyld[46913]: <78C04A6C-63CF-339A-90C8-F25BA9C4C1CE> /System/Library/PrivateFrameworks/CloudTelemetryTools.framework/Versions/A/CloudTelemetryTools
dyld[46913]: <A23C0860-6454-3F01-A064-C8982EBBFF48> /System/Library/PrivateFrameworks/CloudTelemetryShared.dylib
dyld[46913]: <907F9C53-06D9-3604-A13D-183642237619> /System/Library/PrivateFrameworks/RTCReporting.framework/Versions/A/RTCReporting
dyld[46913]: <90B0724C-CBDF-35B7-91AA-38F8E07E543D> /System/Library/PrivateFrameworks/AAAFoundationSwift.framework/Versions/A/AAAFoundationSwift
dyld[46913]: <95A65CAD-54BC-3CDD-B27A-90572D2A848F> /System/Library/PrivateFrameworks/AppleIDSSOAuthentication.framework/Versions/A/AppleIDSSOAuthentication
dyld[46913]: <B2BA9719-73C5-3061-9915-25FC68C198D6> /System/Library/PrivateFrameworks/UIFoundation.framework/Versions/A/UIFoundation
dyld[46913]: <6784252E-9BE1-332F-8D0C-CF7FB6C9FB56> /System/Library/PrivateFrameworks/CaptiveNetwork.framework/Versions/A/CaptiveNetwork
dyld[46913]: <2DFBEDC5-0C41-3FF8-B1AB-334EE3621FC9> /System/Library/PrivateFrameworks/EAP8021X.framework/Versions/A/EAP8021X
dyld[46913]: <D828B798-9303-3C0A-9F83-5B24A36E1670> /System/Library/PrivateFrameworks/CryptoKitPrivate.framework/Versions/A/CryptoKitPrivate
dyld[46913]: <7B08EA3F-6BA2-39B2-979D-D36A03961343> /System/Library/PrivateFrameworks/FindMyDevice.framework/Versions/A/FindMyDevice
dyld[46913]: <57FD92AE-E8D7-3D48-AF71-F74CD3D2AD56> /System/Library/PrivateFrameworks/FMCoreLite.framework/Versions/A/FMCoreLite
dyld[46913]: <0B4562F4-D2B8-362C-AC29-8E9B106F937C> /System/Library/Frameworks/ServiceManagement.framework/Versions/A/ServiceManagement
dyld[46913]: <4428FA9C-988B-3235-98EB-1FC596D283D1> /usr/lib/libCheckFix.dylib
dyld[46913]: <7CA1C787-8112-3F53-9419-1EA66ECF08B3> /System/Library/PrivateFrameworks/MetadataUtilities.framework/Versions/A/MetadataUtilities
dyld[46913]: <B820DEFE-59D8-3A6A-BB23-56E594F57F9C> /System/Library/PrivateFrameworks/InstalledContentLibrary.framework/Versions/A/InstalledContentLibrary
dyld[46913]: <9B52CDCA-8EFD-3512-A265-C5D8CE2B8998> /System/Library/PrivateFrameworks/CoreServicesStore.framework/Versions/A/CoreServicesStore
dyld[46913]: <3BD7BCA8-66D2-34D7-BA3F-A3B3197E1F44> /usr/lib/libapp_launch_measurement.dylib
dyld[46913]: <7783C2DD-5853-312A-8EF1-B5DDC441531D> /System/Library/PrivateFrameworks/MobileSystemServices.framework/Versions/A/MobileSystemServices
dyld[46913]: <C428B34A-AB0B-34ED-9C94-8DC908D4A12B> /usr/lib/libxslt.1.dylib
dyld[46913]: <F1725141-8B9B-363A-838E-17B20313568E> /System/Library/PrivateFrameworks/BackgroundTaskManagement.framework/Versions/A/BackgroundTaskManagement
dyld[46913]: <957F947F-00ED-3468-B07B-20900D64DB71> /usr/lib/libcurl.4.dylib
dyld[46913]: <FE236487-745A-39C9-A6A5-D937AD7BDC2E> /usr/lib/libcrypto.46.dylib
dyld[46913]: <6E6A6A29-3741-365F-A90D-785C2C86D71A> /usr/lib/libssl.48.dylib
dyld[46913]: <9AC45415-37D3-369E-846C-6C2F072899F9> /System/Library/Frameworks/LDAP.framework/Versions/A/LDAP
dyld[46913]: <48980122-ECA5-383C-A043-6F2BE6BAA017> /System/Library/PrivateFrameworks/TrustEvaluationAgent.framework/Versions/A/TrustEvaluationAgent
dyld[46913]: <65BCF638-CADE-3CB2-97FB-D33E91D93C8D> /usr/lib/libsasl2.2.dylib
dyld[46913]: move loaded to delayed: XPCSupport
dyld[46913]: move loaded to delayed: CoreFoundation
dyld[46913]: move loaded to delayed: libswiftCore.dylib
dyld[46913]: move loaded to delayed: Foundation
dyld[46913]: move loaded to delayed: libswiftObjectiveC.dylib
dyld[46913]: move loaded to delayed: libswiftPrespecialized.dylib
dyld[46913]: move loaded to delayed: SystemConfiguration
dyld[46913]: move loaded to delayed: libz.1.dylib
dyld[46913]: move loaded to delayed: CoreAutoLayout
dyld[46913]: move loaded to delayed: libcmark-gfm.dylib
dyld[46913]: move loaded to delayed: libfakelink.dylib
dyld[46913]: move loaded to delayed: libcompression.dylib
dyld[46913]: move loaded to delayed: CFNetwork
dyld[46913]: move loaded to delayed: DiskArbitration
dyld[46913]: move loaded to delayed: libarchive.2.dylib
dyld[46913]: move loaded to delayed: libDiagnosticMessagesClient.dylib
dyld[46913]: move loaded to delayed: libicucore.A.dylib
dyld[46913]: move loaded to delayed: libxml2.2.dylib
dyld[46913]: move loaded to delayed: CoreServices
dyld[46913]: move loaded to delayed: liblangid.dylib
dyld[46913]: move loaded to delayed: IOKit
dyld[46913]: move loaded to delayed: Combine
dyld[46913]: move loaded to delayed: CollectionsInternal
dyld[46913]: move loaded to delayed: ReflectionInternal
dyld[46913]: move loaded to delayed: RuntimeInternal
dyld[46913]: move loaded to delayed: SoftLinking
dyld[46913]: move loaded to delayed: libswiftCoreFoundation.dylib
dyld[46913]: move loaded to delayed: libswiftDarwin.dylib
dyld[46913]: move loaded to delayed: libswiftDispatch.dylib
dyld[46913]: move loaded to delayed: libswiftIOKit.dylib
dyld[46913]: move loaded to delayed: libswiftSystem.dylib
dyld[46913]: move loaded to delayed: libswiftXPC.dylib
dyld[46913]: move loaded to delayed: libswift_Builtin_float.dylib
dyld[46913]: move loaded to delayed: libswift_Concurrency.dylib
dyld[46913]: move loaded to delayed: libswift_DarwinFoundation1.dylib
dyld[46913]: move loaded to delayed: libswift_StringProcessing.dylib
dyld[46913]: move loaded to delayed: libswiftos.dylib
dyld[46913]: move loaded to delayed: CoreServicesInternal
dyld[46913]: move loaded to delayed: liboah.dylib
dyld[46913]: move loaded to delayed: Security
dyld[46913]: move loaded to delayed: GenerationalStorage
dyld[46913]: move loaded to delayed: CacheDelete
dyld[46913]: move loaded to delayed: QuickLookThumbnailing
dyld[46913]: move loaded to delayed: FileProvider
dyld[46913]: move loaded to delayed: DiskImages
dyld[46913]: move loaded to delayed: NetFS
dyld[46913]: move loaded to delayed: DesktopServicesPriv
dyld[46913]: move loaded to delayed: FSEvents
dyld[46913]: move loaded to delayed: CarbonCore
dyld[46913]: move loaded to delayed: Metadata
dyld[46913]: move loaded to delayed: OSServices
dyld[46913]: move loaded to delayed: SearchKit
dyld[46913]: move loaded to delayed: AE
dyld[46913]: move loaded to delayed: LaunchServices
dyld[46913]: move loaded to delayed: DictionaryServices
dyld[46913]: move loaded to delayed: SharedFileList
dyld[46913]: move loaded to delayed: libapple_nghttp2.dylib
dyld[46913]: move loaded to delayed: libsqlite3.dylib
dyld[46913]: move loaded to delayed: Accounts
dyld[46913]: move loaded to delayed: AOSKit
dyld[46913]: move loaded to delayed: AppSSOCore
dyld[46913]: move loaded to delayed: AppSupport
dyld[46913]: move loaded to delayed: AVFoundation
dyld[46913]: move loaded to delayed: BackgroundSystemTasks
dyld[46913]: move loaded to delayed: CoreAnalytics
dyld[46913]: move loaded to delayed: CoreGraphics
dyld[46913]: move loaded to delayed: DuetActivityScheduler
dyld[46913]: move loaded to delayed: FTServices
dyld[46913]: move loaded to delayed: GSS
dyld[46913]: move loaded to delayed: InternationalSupport
dyld[46913]: move loaded to delayed: libMemoryResourceException.dylib
dyld[46913]: move loaded to delayed: NetworkScore
dyld[46913]: move loaded to delayed: NetworkServiceProxy
dyld[46913]: move loaded to delayed: RunningBoardServices
dyld[46913]: move loaded to delayed: StreamingExtractor
dyld[46913]: move loaded to delayed: StreamingZip
dyld[46913]: move loaded to delayed: SymptomReporter
dyld[46913]: move loaded to delayed: libenergytrace.dylib
dyld[46913]: move loaded to delayed: libnetworkextension.dylib
dyld[46913]: move loaded to delayed: Network
dyld[46913]: move loaded to delayed: libbsm.0.dylib
dyld[46913]: move loaded to delayed: libkxld.dylib
dyld[46913]: move loaded to delayed: AppleKeyStore
dyld[46913]: move loaded to delayed: libCoreEntitlements.dylib
dyld[46913]: move loaded to delayed: MessageSecurity
dyld[46913]: move loaded to delayed: ProtocolBuffer
dyld[46913]: move loaded to delayed: CloudServices
dyld[46913]: move loaded to delayed: SymptomDiagnosticReporter
dyld[46913]: move loaded to delayed: CrashReporterSupport
dyld[46913]: move loaded to delayed: libMobileGestalt.dylib
dyld[46913]: move loaded to delayed: AppleFSCompression
dyld[46913]: move loaded to delayed: libcoretls.dylib
dyld[46913]: move loaded to delayed: libcoretls_cfhelpers.dylib
dyld[46913]: move loaded to delayed: libpam.2.dylib
dyld[46913]: move loaded to delayed: libxar.1.dylib
dyld[46913]: move loaded to delayed: APFS
dyld[46913]: move loaded to delayed: SwiftASN1Internal
dyld[46913]: move loaded to delayed: libutil.dylib
dyld[46913]: move loaded to delayed: AppleSystemInfo
dyld[46913]: move loaded to delayed: IOMobileFramebuffer
dyld[46913]: move loaded to delayed: IOSurface
dyld[46913]: move loaded to delayed: CoreWiFi
dyld[46913]: move loaded to delayed: LoggingSupport
dyld[46913]: move loaded to delayed: MobileAsset
dyld[46913]: move loaded to delayed: PowerLog
dyld[46913]: move loaded to delayed: Rapport
dyld[46913]: move loaded to delayed: SwiftData
dyld[46913]: move loaded to delayed: SymptomAnalytics
dyld[46913]: move loaded to delayed: UniformTypeIdentifiers
dyld[46913]: move loaded to delayed: UserManagement
dyld[46913]: move loaded to delayed: libboringssl.dylib
dyld[46913]: move loaded to delayed: libcupolicy.dylib
dyld[46913]: move loaded to delayed: libdns_services.dylib
dyld[46913]: move loaded to delayed: NetworkExtension
dyld[46913]: move loaded to delayed: libnwswifttls.dylib
dyld[46913]: move loaded to delayed: libpcap.A.dylib
dyld[46913]: move loaded to delayed: libquic.dylib
dyld[46913]: move loaded to delayed: libusrtcp.dylib
dyld[46913]: move loaded to delayed: AtomicsInternal
dyld[46913]: move loaded to delayed: InternalSwiftProtobuf
dyld[46913]: move loaded to delayed: libswiftDistributed.dylib
dyld[46913]: move loaded to delayed: libswiftObservation.dylib
dyld[46913]: move loaded to delayed: libswiftSynchronization.dylib
dyld[46913]: move loaded to delayed: AggregateDictionary
dyld[46913]: move loaded to delayed: CoreDuetContext
dyld[46913]: move loaded to delayed: BiomeLibrary
dyld[46913]: move loaded to delayed: CoreDuet
dyld[46913]: move loaded to delayed: BiomeStreams
dyld[46913]: move loaded to delayed: BiomeFoundation
dyld[46913]: move loaded to delayed: BiomePubSub
dyld[46913]: move loaded to delayed: CoreData
dyld[46913]: move loaded to delayed: ProactiveSupport
dyld[46913]: move loaded to delayed: CoreLocation
dyld[46913]: move loaded to delayed: Intents
dyld[46913]: move loaded to delayed: _LocationEssentials
dyld[46913]: move loaded to delayed: liblzma.5.dylib
dyld[46913]: move loaded to delayed: Accelerate
dyld[46913]: move loaded to delayed: MobileKeyBag
dyld[46913]: move loaded to delayed: InternationalTextSearch
dyld[46913]: move loaded to delayed: SoftwareUpdateCoreSupport
dyld[46913]: move loaded to delayed: SoftwareUpdateCoreConnect
dyld[46913]: move loaded to delayed: RemoteServiceDiscovery
dyld[46913]: move loaded to delayed: MSUDataAccessor
dyld[46913]: move loaded to delayed: libbootpolicy.dylib
dyld[46913]: move loaded to delayed: RemoteXPC
dyld[46913]: move loaded to delayed: libFDR.dylib
dyld[46913]: move loaded to delayed: libamsupport.dylib
dyld[46913]: move loaded to delayed: libReverseProxyDevice.dylib
dyld[46913]: move loaded to delayed: AppleDeviceQuerySupport
dyld[46913]: move loaded to delayed: libpartition2_dynamic.dylib
dyld[46913]: move loaded to delayed: AppleSauce
dyld[46913]: move loaded to delayed: libAppleArchive.dylib
dyld[46913]: move loaded to delayed: libbz2.1.0.dylib
dyld[46913]: move loaded to delayed: vImage
dyld[46913]: move loaded to delayed: vecLib
dyld[46913]: move loaded to delayed: libvMisc.dylib
dyld[46913]: move loaded to delayed: libCGInterfaces.dylib
dyld[46913]: move loaded to delayed: AccelerateGPU
dyld[46913]: move loaded to delayed: libBLAS.dylib
dyld[46913]: move loaded to delayed: ApplicationServices
dyld[46913]: move loaded to delayed: CoreVideo
dyld[46913]: move loaded to delayed: ColorSync
dyld[46913]: move loaded to delayed: CoreText
dyld[46913]: move loaded to delayed: ImageIO
dyld[46913]: move loaded to delayed: ATS
dyld[46913]: move loaded to delayed: HIServices
dyld[46913]: move loaded to delayed: PrintCore
dyld[46913]: move loaded to delayed: QD
dyld[46913]: move loaded to delayed: ColorSyncLegacy
dyld[46913]: move loaded to delayed: SpeechSynthesis
dyld[46913]: move loaded to delayed: SkyLight
dyld[46913]: move loaded to delayed: libFontParser.dylib
dyld[46913]: move loaded to delayed: BaseBoard
dyld[46913]: move loaded to delayed: BoardServices
dyld[46913]: move loaded to delayed: BackBoardServices
dyld[46913]: move loaded to delayed: BackBoardHIDEventFoundation
dyld[46913]: move loaded to delayed: CoreDisplay
dyld[46913]: move loaded to delayed: VideoToolbox
dyld[46913]: move loaded to delayed: MetalPerformanceShaders
dyld[46913]: move loaded to delayed: ProDisplayLibrary
dyld[46913]: move loaded to delayed: IOSurfaceAccelerator
dyld[46913]: move loaded to delayed: Metal
dyld[46913]: move loaded to delayed: IOAccelerator
dyld[46913]: move loaded to delayed: CoreMedia
dyld[46913]: move loaded to delayed: TCC
dyld[46913]: move loaded to delayed: WatchdogClient
dyld[46913]: move loaded to delayed: QuartzCore
dyld[46913]: move loaded to delayed: MultitouchSupport
dyld[46913]: move loaded to delayed: libswiftAccelerate.dylib
dyld[46913]: move loaded to delayed: libswiftCoreAudio.dylib
dyld[46913]: move loaded to delayed: libswiftCoreMedia.dylib
dyld[46913]: move loaded to delayed: libswiftMetal.dylib
dyld[46913]: move loaded to delayed: libswiftOSLog.dylib
dyld[46913]: move loaded to delayed: libswiftQuartzCore.dylib
dyld[46913]: move loaded to delayed: libswiftUniformTypeIdentifiers.dylib
dyld[46913]: move loaded to delayed: libswiftVideoToolbox.dylib
dyld[46913]: move loaded to delayed: libswiftsimd.dylib
dyld[46913]: move loaded to delayed: BiomeStorage
dyld[46913]: move loaded to delayed: IntelligencePlatformLibrary
dyld[46913]: move loaded to delayed: PoirotSchematizer
dyld[46913]: move loaded to delayed: BiomeSync
dyld[46913]: move loaded to delayed: BiomeDSL
dyld[46913]: move loaded to delayed: FeatureFlags
dyld[46913]: move loaded to delayed: PoirotUDFs
dyld[46913]: move loaded to delayed: libswift_DarwinFoundation2.dylib
dyld[46913]: move loaded to delayed: libswift_DarwinFoundation3.dylib
dyld[46913]: move loaded to delayed: CoreTime
dyld[46913]: move loaded to delayed: libiconv.2.dylib
dyld[46913]: move loaded to delayed: libcharset.1.dylib
dyld[46913]: move loaded to delayed: PoirotSQLite
dyld[46913]: move loaded to delayed: libswift_RegexParser.dylib
dyld[46913]: move loaded to delayed: CascadeSets
dyld[46913]: move loaded to delayed: CorePhoneNumbers
dyld[46913]: move loaded to delayed: AppleJPEG
dyld[46913]: move loaded to delayed: libexpat.1.dylib
dyld[46913]: move loaded to delayed: libPng.dylib
dyld[46913]: move loaded to delayed: libTIFF.dylib
dyld[46913]: move loaded to delayed: libGIF.dylib
dyld[46913]: move loaded to delayed: libJP2.dylib
dyld[46913]: move loaded to delayed: libate.dylib
dyld[46913]: move loaded to delayed: libJPEG.dylib
dyld[46913]: move loaded to delayed: libRadiance.dylib
dyld[46913]: move loaded to delayed: libllvm-flatbuffers.dylib
dyld[46913]: move loaded to delayed: FramePacing
dyld[46913]: move loaded to delayed: libCoreFSCache.dylib
dyld[46913]: move loaded to delayed: libGPUCompilerUtils.dylib
dyld[46913]: move loaded to delayed: GraphicsServices
dyld[46913]: move loaded to delayed: OpenGL
dyld[46913]: move loaded to delayed: libGLU.dylib
dyld[46913]: move loaded to delayed: libGFXShared.dylib
dyld[46913]: move loaded to delayed: libGL.dylib
dyld[46913]: move loaded to delayed: libGLImage.dylib
dyld[46913]: move loaded to delayed: libCVMSPluginSupport.dylib
dyld[46913]: move loaded to delayed: libCoreVMClient.dylib
dyld[46913]: move loaded to delayed: GPUWrangler
dyld[46913]: move loaded to delayed: IOPresentment
dyld[46913]: move loaded to delayed: DSExternalDisplay
dyld[46913]: move loaded to delayed: VideoToolboxParavirtualizationSupport
dyld[46913]: move loaded to delayed: AppleVA
dyld[46913]: move loaded to delayed: ExtensionFoundation
dyld[46913]: move loaded to delayed: CMCaptureCore
dyld[46913]: move loaded to delayed: libspindump.dylib
dyld[46913]: move loaded to delayed: CoreAudio
dyld[46913]: move loaded to delayed: AppServerSupport
dyld[46913]: move loaded to delayed: perfdata
dyld[46913]: move loaded to delayed: AudioDSPGraph
dyld[46913]: move loaded to delayed: AudioToolboxCore
dyld[46913]: move loaded to delayed: caulk
dyld[46913]: move loaded to delayed: libAudioStatistics.dylib
dyld[46913]: move loaded to delayed: SystemPolicy
dyld[46913]: move loaded to delayed: libSMC.dylib
dyld[46913]: move loaded to delayed: libswiftCoreMIDI.dylib
dyld[46913]: move loaded to delayed: CoreMIDI
dyld[46913]: move loaded to delayed: libAudioToolboxUtility.dylib
dyld[46913]: move loaded to delayed: libperfcheck.dylib
dyld[46913]: move loaded to delayed: AudioAnalytics
dyld[46913]: move loaded to delayed: OSLog
dyld[46913]: move loaded to delayed: OSEligibility
dyld[46913]: move loaded to delayed: IconServices
dyld[46913]: move loaded to delayed: LightweightCodeRequirements
dyld[46913]: move loaded to delayed: PlugInKit
dyld[46913]: move loaded to delayed: AssertionServices
dyld[46913]: move loaded to delayed: IconFoundation
dyld[46913]: move loaded to delayed: AssistantServices
dyld[46913]: move loaded to delayed: IconRendering
dyld[46913]: move loaded to delayed: CoreUI
dyld[46913]: move loaded to delayed: CoreImage
dyld[46913]: move loaded to delayed: SFSymbols
dyld[46913]: move loaded to delayed: DeveloperToolsSupport
dyld[46913]: move loaded to delayed: RenderBox
dyld[46913]: move loaded to delayed: CoreSVG
dyld[46913]: move loaded to delayed: TextureIO
dyld[46913]: move loaded to delayed: libswiftCoreImage.dylib
dyld[46913]: move loaded to delayed: GraphVisualizer
dyld[46913]: move loaded to delayed: FontServices
dyld[46913]: move loaded to delayed: OTSVG
dyld[46913]: move loaded to delayed: libFontRegistry.dylib
dyld[46913]: move loaded to delayed: libhvf.dylib
dyld[46913]: move loaded to delayed: ParsingInternal
dyld[46913]: move loaded to delayed: libXTFontStaticRegistryData.dylib
dyld[46913]: move loaded to delayed: MPSCore
dyld[46913]: move loaded to delayed: MPSImage
dyld[46913]: move loaded to delayed: MPSNeuralNetwork
dyld[46913]: move loaded to delayed: MPSMatrix
dyld[46913]: move loaded to delayed: MPSRayIntersector
dyld[46913]: move loaded to delayed: MPSNDArray
dyld[46913]: move loaded to delayed: MPSFunctions
dyld[46913]: move loaded to delayed: MPSBenchmarkLoop
dyld[46913]: move loaded to delayed: MPSHost
dyld[46913]: move loaded to delayed: MetalTools
dyld[46913]: move loaded to delayed: IOAccelMemoryInfo
dyld[46913]: move loaded to delayed: kperf
dyld[46913]: move loaded to delayed: GPURawCounter
dyld[46913]: move loaded to delayed: ASEProcessing
dyld[46913]: move loaded to delayed: Symbolication
dyld[46913]: move loaded to delayed: PhotosensitivityProcessing
dyld[46913]: move loaded to delayed: SILManager
dyld[46913]: move loaded to delayed: CoreSymbolication
dyld[46913]: move loaded to delayed: MallocStackLogging
dyld[46913]: move loaded to delayed: DebugSymbols
dyld[46913]: move loaded to delayed: OSAnalytics
dyld[46913]: move loaded to delayed: DeviceRecovery
dyld[46913]: move loaded to delayed: Tightbeam
dyld[46913]: move loaded to delayed: libswiftCompression.dylib
dyld[46913]: move loaded to delayed: AFKUser
dyld[46913]: move loaded to delayed: ATSUI
dyld[46913]: move loaded to delayed: SAObjects
dyld[46913]: move loaded to delayed: AudioToolbox
dyld[46913]: move loaded to delayed: MediaRemote
dyld[46913]: move loaded to delayed: UserNotifications
dyld[46913]: move loaded to delayed: SiriInstrumentation
dyld[46913]: move loaded to delayed: SiriAnalytics
dyld[46913]: move loaded to delayed: SiriTTSService
dyld[46913]: move loaded to delayed: SiriCrossDeviceArbitration
dyld[46913]: move loaded to delayed: FeedbackLogger
dyld[46913]: move loaded to delayed: FaceTimeNameUtility
dyld[46913]: move loaded to delayed: AuthKit
dyld[46913]: move loaded to delayed: SiriCrossDeviceArbitrationFeedback
dyld[46913]: move loaded to delayed: libswiftCoreLocation.dylib
dyld[46913]: move loaded to delayed: libswiftAVFoundation.dylib
dyld[46913]: move loaded to delayed: UIKitServices
dyld[46913]: move loaded to delayed: UnifiedAssetFramework
dyld[46913]: move loaded to delayed: AudioSession
dyld[46913]: move loaded to delayed: MediaExperience
dyld[46913]: move loaded to delayed: libSessionUtility.dylib
dyld[46913]: move loaded to delayed: AudioAccessoryServices
dyld[46913]: move loaded to delayed: CoreBluetooth
dyld[46913]: move loaded to delayed: CoreUtils
dyld[46913]: move loaded to delayed: HID
dyld[46913]: move loaded to delayed: Sharing
dyld[46913]: move loaded to delayed: CoreUtilsExtras
dyld[46913]: move loaded to delayed: IO80211
dyld[46913]: move loaded to delayed: IDSFoundation
dyld[46913]: move loaded to delayed: Apple80211
dyld[46913]: move loaded to delayed: CoreWLAN
dyld[46913]: move loaded to delayed: IOBluetooth
dyld[46913]: move loaded to delayed: libswiftRegexBuilder.dylib
dyld[46913]: move loaded to delayed: IMFoundation
dyld[46913]: move loaded to delayed: Marco
dyld[46913]: move loaded to delayed: CommonUtilities
dyld[46913]: move loaded to delayed: Engram
dyld[46913]: move loaded to delayed: XPCDistributed
dyld[46913]: move loaded to delayed: libtidy.A.dylib
dyld[46913]: move loaded to delayed: Bom
dyld[46913]: move loaded to delayed: libParallelCompression.dylib
dyld[46913]: move loaded to delayed: libIOReport.dylib
dyld[46913]: move loaded to delayed: WiFiPeerToPeer
dyld[46913]: move loaded to delayed: SecurityFoundation
dyld[46913]: move loaded to delayed: Centauri
dyld[46913]: move loaded to delayed: Lexicon
dyld[46913]: move loaded to delayed: libmrc.dylib
dyld[46913]: move loaded to delayed: IPConfiguration
dyld[46913]: move loaded to delayed: Netrb
dyld[46913]: move loaded to delayed: FrontBoardServices
dyld[46913]: move loaded to delayed: libgermantok.dylib
dyld[46913]: move loaded to delayed: LinguisticData
dyld[46913]: move loaded to delayed: MultiverseSupport
dyld[46913]: move loaded to delayed: DiskManagement
dyld[46913]: move loaded to delayed: AppleIDAuthSupport
dyld[46913]: move loaded to delayed: AAAFoundation
dyld[46913]: move loaded to delayed: KeychainCircle
dyld[46913]: move loaded to delayed: URLFormatting
dyld[46913]: move loaded to delayed: libcsfde.dylib
dyld[46913]: move loaded to delayed: libCoreStorage.dylib
dyld[46913]: move loaded to delayed: MediaKit
dyld[46913]: move loaded to delayed: DiscRecording
dyld[46913]: move loaded to delayed: ProtectedCloudStorage
dyld[46913]: move loaded to delayed: EFILogin
dyld[46913]: move loaded to delayed: libheimdal-asn1.dylib
dyld[46913]: move loaded to delayed: OctagonTrust
dyld[46913]: move loaded to delayed: AudioUnit
dyld[46913]: move loaded to delayed: OpenDirectory
dyld[46913]: move loaded to delayed: CFOpenDirectory
dyld[46913]: move loaded to delayed: GeoServices
dyld[46913]: move loaded to delayed: LocationSupport
dyld[46913]: move loaded to delayed: GeoServicesCore
dyld[46913]: move loaded to delayed: PhoneNumbers
dyld[46913]: move loaded to delayed: LocationLogEncryption
dyld[46913]: move loaded to delayed: AVFAudio
dyld[46913]: move loaded to delayed: AVRouting
dyld[46913]: move loaded to delayed: libAccessibility.dylib
dyld[46913]: move loaded to delayed: MediaServices
dyld[46913]: move loaded to delayed: IDS
dyld[46913]: move loaded to delayed: IsolatedCoreAudioClient
dyld[46913]: move loaded to delayed: CoreAudioOrchestration
dyld[46913]: move loaded to delayed: MediaToolbox
dyld[46913]: move loaded to delayed: CoreAVCHD
dyld[46913]: move loaded to delayed: MediaAccessibility
dyld[46913]: move loaded to delayed: Mangrove
dyld[46913]: move loaded to delayed: CMPhoto
dyld[46913]: move loaded to delayed: CoreTelephony
dyld[46913]: move loaded to delayed: CoreAUC
dyld[46913]: move loaded to delayed: AppleJPEGXL
dyld[46913]: move loaded to delayed: libTelephonyUtilDynamic.dylib
dyld[46913]: move loaded to delayed: CryptoKit
dyld[46913]: move loaded to delayed: CryptoKitCBridging
dyld[46913]: move loaded to delayed: CryptoTokenKit
dyld[46913]: move loaded to delayed: LocalAuthentication
dyld[46913]: move loaded to delayed: LocalAuthenticationCore
dyld[46913]: move loaded to delayed: LocalAuthenticationCredentialServices
dyld[46913]: move loaded to delayed: SharedUtils
dyld[46913]: move loaded to delayed: PersistentConnection
dyld[46913]: move loaded to delayed: SonicFoundation
dyld[46913]: move loaded to delayed: AsyncAlgorithmsInternal
dyld[46913]: move loaded to delayed: FTAWD
dyld[46913]: move loaded to delayed: Dendrite
dyld[46913]: move loaded to delayed: libtailspin.dylib
dyld[46913]: move loaded to delayed: Osprey
dyld[46913]: move loaded to delayed: SiriTTS
dyld[46913]: move loaded to delayed: NaturalLanguage
dyld[46913]: move loaded to delayed: GenerativeModels
dyld[46913]: move loaded to delayed: SiriPowerInstrumentation
dyld[46913]: move loaded to delayed: libswiftNaturalLanguage.dylib
dyld[46913]: move loaded to delayed: TailspinSymbolication
dyld[46913]: move loaded to delayed: Darwinup
dyld[46913]: move loaded to delayed: SignpostSupport
dyld[46913]: move loaded to delayed: FeatureFlagsSupport
dyld[46913]: move loaded to delayed: ktrace
dyld[46913]: move loaded to delayed: SampleAnalysis
dyld[46913]: move loaded to delayed: kperfdata
dyld[46913]: move loaded to delayed: libdscsym.dylib
dyld[46913]: move loaded to delayed: AppleMobileFileIntegrity
dyld[46913]: move loaded to delayed: BulkSymbolication
dyld[46913]: move loaded to delayed: libTLE.dylib
dyld[46913]: move loaded to delayed: libmis.dylib
dyld[46913]: move loaded to delayed: ConfigProfileHelper
dyld[46913]: move loaded to delayed: Espresso
dyld[46913]: move loaded to delayed: CoreML
dyld[46913]: move loaded to delayed: libedit.3.dylib
dyld[46913]: move loaded to delayed: ANECompiler
dyld[46913]: move loaded to delayed: AppleNeuralEngine
dyld[46913]: move loaded to delayed: MIL
dyld[46913]: move loaded to delayed: MetalPerformanceShadersGraph
dyld[46913]: move loaded to delayed: MLCompilerServices
dyld[46913]: move loaded to delayed: ANEServices
dyld[46913]: move loaded to delayed: libncurses.5.4.dylib
dyld[46913]: move loaded to delayed: libsandbox.1.dylib
dyld[46913]: move loaded to delayed: libMatch.1.dylib
dyld[46913]: move loaded to delayed: ODIE
dyld[46913]: move loaded to delayed: MLModelAsset
dyld[46913]: move loaded to delayed: MLCompilerRuntime
dyld[46913]: move loaded to delayed: MLCompute
dyld[46913]: move loaded to delayed: MLAssetIO
dyld[46913]: move loaded to delayed: libswiftMLCompute.dylib
dyld[46913]: move loaded to delayed: AVFCore
dyld[46913]: move loaded to delayed: AVFCapture
dyld[46913]: move loaded to delayed: CMImaging
dyld[46913]: move loaded to delayed: Quagga
dyld[46913]: move loaded to delayed: CMCapture
dyld[46913]: move loaded to delayed: CoreMediaIO
dyld[46913]: move loaded to delayed: CMCaptureDevice
dyld[46913]: move loaded to delayed: CoreBrightness
dyld[46913]: move loaded to delayed: CinematicFraming
dyld[46913]: move loaded to delayed: ModelManagerServices
dyld[46913]: move loaded to delayed: CPMS
dyld[46913]: move loaded to delayed: SystemStatus
dyld[46913]: move loaded to delayed: CoreMotion
dyld[46913]: move loaded to delayed: TimeSync
dyld[46913]: move loaded to delayed: DistributedSensing
dyld[46913]: move loaded to delayed: MobileBluetooth
dyld[46913]: move loaded to delayed: IOKitten
dyld[46913]: move loaded to delayed: AppleIntelligenceReporting
dyld[46913]: move loaded to delayed: CoreEmoji
dyld[46913]: move loaded to delayed: libCRFSuite.dylib
dyld[46913]: move loaded to delayed: LanguageModeling
dyld[46913]: move loaded to delayed: CoreNLP
dyld[46913]: move loaded to delayed: Montreal
dyld[46913]: move loaded to delayed: libcmph.dylib
dyld[46913]: move loaded to delayed: libmecab.dylib
dyld[46913]: move loaded to delayed: libThaiTokenizer.dylib
dyld[46913]: move loaded to delayed: GenerativeModelsFoundation
dyld[46913]: move loaded to delayed: TokenGeneration
dyld[46913]: move loaded to delayed: GenerativeFunctions
dyld[46913]: move loaded to delayed: GenerativeFunctionsFoundation
dyld[46913]: move loaded to delayed: ModelCatalog
dyld[46913]: move loaded to delayed: SensitiveContentAnalysisML
dyld[46913]: move loaded to delayed: GenerativeFunctionsInstrumentation
dyld[46913]: move loaded to delayed: PromptKit
dyld[46913]: move loaded to delayed: ProactiveDaemonSupport
dyld[46913]: move loaded to delayed: TokenGenerationCore
dyld[46913]: move loaded to delayed: Trial
dyld[46913]: move loaded to delayed: TrialProto
dyld[46913]: move loaded to delayed: AppleFlatBuffers
dyld[46913]: move loaded to delayed: SentencePieceInternal
dyld[46913]: move loaded to delayed: Vision
dyld[46913]: move loaded to delayed: CoreSceneUnderstanding
dyld[46913]: move loaded to delayed: VisionCore
dyld[46913]: move loaded to delayed: DataDetectorsCore
dyld[46913]: move loaded to delayed: libfaceCore.dylib
dyld[46913]: move loaded to delayed: Futhark
dyld[46913]: move loaded to delayed: InertiaCam
dyld[46913]: move loaded to delayed: TextRecognition
dyld[46913]: move loaded to delayed: DataDetection
dyld[46913]: move loaded to delayed: TextInput
dyld[46913]: move loaded to delayed: CVNLP
dyld[46913]: move loaded to delayed: IntentsFoundation
dyld[46913]: move loaded to delayed: HIDDisplay
dyld[46913]: move loaded to delayed: libcups.2.dylib
dyld[46913]: move loaded to delayed: Kerberos
dyld[46913]: move loaded to delayed: libresolv.9.dylib
dyld[46913]: move loaded to delayed: Heimdal
dyld[46913]: move loaded to delayed: libHeimdalProxy.dylib
dyld[46913]: move loaded to delayed: CommonAuth
dyld[46913]: move loaded to delayed: AXCoreUtilities
dyld[46913]: move loaded to delayed: AttributeGraph
dyld[46913]: move loaded to delayed: libAXSafeCategoryBundle.dylib
dyld[46913]: move loaded to delayed: TabularData
dyld[46913]: move loaded to delayed: ArgumentParserInternal
dyld[46913]: move loaded to delayed: libvDSP.dylib
dyld[46913]: move loaded to delayed: libLAPACK.dylib
dyld[46913]: move loaded to delayed: libLinearAlgebra.dylib
dyld[46913]: move loaded to delayed: libSparseBLAS.dylib
dyld[46913]: move loaded to delayed: libQuadrature.dylib
dyld[46913]: move loaded to delayed: libBNNS.dylib
dyld[46913]: move loaded to delayed: libSparse.dylib
dyld[46913]: move loaded to delayed: ApplePushService
dyld[46913]: move loaded to delayed: CloudKit
dyld[46913]: move loaded to delayed: CoreDuetDaemonProtocol
dyld[46913]: move loaded to delayed: DeviceIdentity
dyld[46913]: move loaded to delayed: SharedWithYouCore
dyld[46913]: move loaded to delayed: CloudTelemetry
dyld[46913]: move loaded to delayed: AppleAccount
dyld[46913]: move loaded to delayed: C2
dyld[46913]: move loaded to delayed: CloudCoreInternal
dyld[46913]: move loaded to delayed: CloudAsset
dyld[46913]: move loaded to delayed: PushKit
dyld[46913]: move loaded to delayed: CoreTransferable
dyld[46913]: move loaded to delayed: NetAuth
dyld[46913]: move loaded to delayed: loginsupport
dyld[46913]: move loaded to delayed: CloudTelemetryTools
dyld[46913]: move loaded to delayed: CloudTelemetryShared.dylib
dyld[46913]: move loaded to delayed: RTCReporting
dyld[46913]: move loaded to delayed: AAAFoundationSwift
dyld[46913]: move loaded to delayed: AppleIDSSOAuthentication
dyld[46913]: move loaded to delayed: UIFoundation
dyld[46913]: move loaded to delayed: CaptiveNetwork
dyld[46913]: move loaded to delayed: EAP8021X
dyld[46913]: move loaded to delayed: CryptoKitPrivate
dyld[46913]: move loaded to delayed: FindMyDevice
dyld[46913]: move loaded to delayed: FMCoreLite
dyld[46913]: move loaded to delayed: ServiceManagement
dyld[46913]: move loaded to delayed: libCheckFix.dylib
dyld[46913]: move loaded to delayed: MetadataUtilities
dyld[46913]: move loaded to delayed: InstalledContentLibrary
dyld[46913]: move loaded to delayed: CoreServicesStore
dyld[46913]: move loaded to delayed: libapp_launch_measurement.dylib
dyld[46913]: move loaded to delayed: MobileSystemServices
dyld[46913]: move loaded to delayed: libxslt.1.dylib
dyld[46913]: move loaded to delayed: BackgroundTaskManagement
dyld[46913]: move loaded to delayed: libcurl.4.dylib
dyld[46913]: move loaded to delayed: libcrypto.46.dylib
dyld[46913]: move loaded to delayed: libssl.48.dylib
dyld[46913]: move loaded to delayed: LDAP
dyld[46913]: move loaded to delayed: TrustEvaluationAgent
dyld[46913]: move loaded to delayed: libsasl2.2.dylib
dyld[46912]: <E40F1B0E-00E9-3861-9819-904465B212D5> /Users/catethos/.local/share/mise/installs/erlang/29.0.4/lib/crypto-5.9.2/priv/lib/crypto.so
dyld[46912]: <D4D92F75-9231-314D-B120-2264DAAFE44C> /Users/catethos/workspace/ladybugex/zig_library/_build/hardening-beam/lib/aphid/priv/lib/Elixir.Aphid.Native.so
dyld[46912]: <E9A8D394-704D-3542-83AC-41142D0FA8DB> /Users/catethos/workspace/ladybugex/zig_library/_build/hardening-asan/bridge/libaphid_bridge.dylib
dyld[46912]: <3314F300-3B82-3D92-A9A3-2A8A613918ED> /Users/catethos/workspace/ladybugex/zig_library/_build/hardening-asan/ladybug/src/liblbug.0.20.2.dylib
dyld[46912]: <2DE09756-E00A-3853-9B94-321A32CA37DD> /Users/catethos/workspace/ladybugex/zig_library/_build/hardening-beam/lib/aphid/priv/lib/Elixir.Aphid.Proof.so

19:47:16.511 [debug] loaded module at Elixir.Aphid.Proof
Running ExUnit with seed: 0, max_cases: 2

..

  1) test DuckDB imports feed indexed search and graph traversal across sessions (Aphid.CombinedFeaturesTest)
     test/combined_features_test.exs:6
     dyld[46991]: <F35724FD-0577-3387-A4D3-AC5B41B46F7E> /Users/catethos/workspace/ladybugex/zig_library/_build/native/tests/fixture
     dyld[46991]: <C6DC2145-7B94-3E01-ADE5-96A6C2D078BC> /usr/lib/libc++.1.dylib
     dyld[46991]: <DDE77B06-5E25-380B-85B7-BA1A27D09021> /usr/lib/libc++abi.dylib
     dyld[46991]: <4CC4CAD6-45A6-361E-9343-DE636A0B5C02> /usr/lib/libSystem.B.dylib
     dyld[46991]: <EA7C2E0B-52BF-3D45-9A33-38F54A535452> /usr/lib/system/libcache.dylib
     dyld[46991]: <72D94140-1281-3886-971B-37C810403C03> /usr/lib/system/libcommonCrypto.dylib
     dyld[46991]: <D60A9B54-A909-3FD5-93B9-3F38BE0A2BE8> /usr/lib/system/libcompiler_rt.dylib
     dyld[46991]: <58F425CF-7D4F-34FD-9620-706A2A7F8BDC> /usr/lib/system/libcopyfile.dylib
     dyld[46991]: <D54389FC-4078-370D-A863-9FEF16E00DFD> /usr/lib/system/libcorecrypto.dylib
     dyld[46991]: <243E06A0-7BFF-3C3F-8A9B-D7732729B361> /usr/lib/system/libdispatch.dylib
     dyld[46991]: <634959D0-592E-349C-B549-B91F2FF09858> /usr/lib/system/libdyld.dylib
     dyld[46991]: <18EFA1CE-C535-3EAC-BC2C-7955593B7382> /usr/lib/system/libkeymgr.dylib
     dyld[46991]: <3E43AF47-AD89-3BB4-82B9-A9533F4334DF> /usr/lib/system/libmacho.dylib
     dyld[46991]: <78C5B827-8152-358D-90E9-B02F02A68B17> /usr/lib/system/libquarantine.dylib
     dyld[46991]: <DA9C2B48-7A9C-32EA-888D-6C7AEB5250E6> /usr/lib/system/libremovefile.dylib
     dyld[46991]: <FF57F6FA-F3A1-343D-815D-57B769D31445> /usr/lib/system/libsystem_asl.dylib
     dyld[46991]: <A712B95E-BCEE-3F12-9F9B-58E6C2060E53> /usr/lib/system/libsystem_blocks.dylib
     dyld[46991]: <FDC4E366-5C14-3A1E-BC35-D933D28CDCF3> /usr/lib/system/libsystem_c.dylib
     dyld[46991]: <BDA28F78-F479-3C22-B9C7-4ABCB6801592> /usr/lib/system/libsystem_collections.dylib
     dyld[46991]: <A14ED142-2F56-33A6-A23C-EEB8417DC90E> /usr/lib/system/libsystem_configuration.dylib
     dyld[46991]: <2E14025A-52C2-361D-8A8F-5DD45825A2C9> /usr/lib/system/libsystem_containermanager.dylib
     dyld[46991]: <F335DA14-69E8-336E-85A3-11EE239255F0> /usr/lib/system/libsystem_coreservices.dylib
     dyld[46991]: <A095E4FE-0EE1-34DF-B00A-7D349FBC55E0> /usr/lib/system/libsystem_darwin.dylib
     dyld[46991]: <6C03D78B-BFAB-3C7A-B713-50881791EE08> /usr/lib/system/libsystem_darwindirectory.dylib
     dyld[46991]: <2C4C3043-008E-3BD8-BC29-AB9AD235DBA9> /usr/lib/system/libsystem_dnssd.dylib
     dyld[46991]: <A279E124-8499-3FFC-A788-655070028F97> /usr/lib/system/libsystem_eligibility.dylib
     dyld[46991]: <5E7CDBD5-44AB-34C0-A0F5-FC72F6116CDC> /usr/lib/system/libsystem_featureflags.dylib
     dyld[46991]: <7402662E-F235-3F48-BB65-F64C8CF0F2BB> /usr/lib/system/libsystem_info.dylib
     dyld[46991]: <3739A40F-2C17-3503-92D6-098141E56E89> /usr/lib/system/libsystem_m.dylib
     dyld[46991]: <971CDCFE-4D20-300E-A1D6-EC8672FDD258> /usr/lib/system/libsystem_malloc.dylib
     dyld[46991]: <01D14A9E-16DC-372C-8AA8-CC7AD39E797F> /usr/lib/system/libsystem_networkextension.dylib
     dyld[46991]: <F9B1BAFF-4D09-3A1F-839B-189C21EB5FBB> /usr/lib/system/libsystem_notify.dylib
     dyld[46991]: <6592D3CE-38C6-3C08-9EA5-75D64F37993F> /usr/lib/system/libsystem_sandbox.dylib
     dyld[46991]: <C92FAEE5-DAED-3340-96B3-0C42B005ADF9> /usr/lib/system/libsystem_sanitizers.dylib
     dyld[46991]: <C85AF062-AA9B-35BB-904C-C055B2C21602> /usr/lib/system/libsystem_secinit.dylib
     dyld[46991]: <7CFB3A10-ADB2-32C4-99B5-922A111B3224> /usr/lib/system/libsystem_kernel.dylib
     dyld[46991]: <4C6BD0FE-25F2-38D8-BE5C-24DAC1DEDCFB> /usr/lib/system/libsystem_platform.dylib
     dyld[46991]: <12342372-0084-37A5-9EA6-2E4DC940C685> /usr/lib/system/libsystem_pthread.dylib
     dyld[46991]: <CE07A0DF-31B6-3528-B7CE-91CAD89AA519> /usr/lib/system/libsystem_symptoms.dylib
     dyld[46991]: <E043667E-AD01-3228-837F-A381F32F2B30> /usr/lib/system/libsystem_trace.dylib
     dyld[46991]: <2FF186A6-F448-38CD-9A30-8B5B1AEFCA10> /usr/lib/system/libsystem_trial.dylib
     dyld[46991]: <B21A1015-83D4-31D8-BA41-88688962D9A6> /usr/lib/system/libunwind.dylib
     dyld[46991]: <40BBE226-77D4-332E-9DA8-F0B5BACFB86D> /usr/lib/system/libxpc.dylib
     dyld[46991]: <40277974-D20C-3EC8-B25C-43AE30D8CC60> /usr/lib/libobjc.A.dylib
     dyld[46991]: <5BCE8CB3-4EF5-3181-B96B-8E8130851510> /System/Library/PrivateFrameworks/XPCSupport.framework/Versions/A/XPCSupport
     dyld[46991]: <FDBA2243-A7AB-3524-9B94-F3034AC36E41> /System/Library/Frameworks/CoreFoundation.framework/Versions/A/CoreFoundation
     dyld[46991]: <81895735-AEE8-36CF-B7ED-370A80C4E78A> /usr/lib/swift/libswiftCore.dylib
     dyld[46991]: <F41D814B-FE1F-311A-A778-5F0699628188> /usr/lib/libRosetta.dylib
     dyld[46991]: <2E3EA3FE-B1EF-3EDA-B94E-C7FC54E30C13> /System/Library/Frameworks/Foundation.framework/Versions/C/Foundation
     dyld[46991]: <4A2A8D5B-A79D-36B3-A688-1792E7A98EA6> /usr/lib/swift/libswiftObjectiveC.dylib
     dyld[46991]: <CB44DEF4-FCFF-36ED-8E9D-BB26E0DFACAC> /usr/lib/libswiftPrespecialized.dylib
     dyld[46991]: <7C419E70-AC1A-3BF9-913F-D2F87F60680B> /System/Library/Frameworks/SystemConfiguration.framework/Versions/A/SystemConfiguration
     dyld[46991]: <03BEB01C-EE74-3952-80FC-D2B7CF9C798D> /usr/lib/libz.1.dylib
     dyld[46991]: <1C295E81-112C-3641-8846-101E1BD9471D> /System/Library/PrivateFrameworks/CoreAutoLayout.framework/Versions/A/CoreAutoLayout
     dyld[46991]: <B0B762DB-DEE4-368F-94E4-6BCFEC98E286> /usr/lib/libcmark-gfm.dylib
     dyld[46991]: <4A5173C4-2F2F-3503-9FED-70C4E5BEFA0F> /usr/lib/libfakelink.dylib
     dyld[46991]: <88B2498F-674F-34B8-AC5F-048E050518E5> /usr/lib/libcompression.dylib
     dyld[46991]: <49C50CC0-E432-3C8D-84D5-F6AA825941A3> /System/Library/Frameworks/CFNetwork.framework/Versions/A/CFNetwork
     dyld[46991]: <ECE02111-DA6A-386C-B109-699F01824273> /System/Library/Frameworks/DiskArbitration.framework/Versions/A/DiskArbitration
     dyld[46991]: <CE6444C3-4DCC-3F04-B4EC-AE78233CD4C8> /usr/lib/libarchive.2.dylib
     dyld[46991]: <E681BCDD-6DE1-3079-8AD8-DB80F389420D> /usr/lib/libDiagnosticMessagesClient.dylib
     dyld[46991]: <700597A5-5992-3705-9F22-3E970E735653> /usr/lib/libicucore.A.dylib
     dyld[46991]: <E706ECFF-E18C-3E27-B22D-B8307DE9C6D2> /usr/lib/libxml2.2.dylib
     dyld[46991]: <B20E2809-8922-3D51-9CF9-1EF7DFDFBE1D> /System/Library/Frameworks/CoreServices.framework/Versions/A/CoreServices
     dyld[46991]: <A316E5EC-C7E2-3D1C-A36A-7075E38735A8> /usr/lib/liblangid.dylib
     dyld[46991]: <93FF2D40-D3DB-37A6-A827-8C8947B0BDCF> /System/Library/Frameworks/IOKit.framework/Versions/A/IOKit
     dyld[46991]: <EBB4454A-765B-38CF-8B9D-71FF1B53D290> /System/Library/Frameworks/Combine.framework/Versions/A/Combine
     dyld[46991]: <FD544864-C6FA-3FB3-B8EA-7ECAA412D97F> /System/Library/PrivateFrameworks/CollectionsInternal.framework/Versions/A/CollectionsInternal
     dyld[46991]: <B66B4EC0-DF77-317E-B57C-9005FCA3B3E1> /System/Library/PrivateFrameworks/ReflectionInternal.framework/Versions/A/ReflectionInternal
     dyld[46991]: <8D664FD8-9C6D-35F2-A0CB-C7E22ABEB804> /System/Library/PrivateFrameworks/RuntimeInternal.framework/Versions/A/RuntimeInternal
     dyld[46991]: <105FF8F1-5BE6-387D-B850-ECE87B4BFE9C> /System/Library/PrivateFrameworks/SoftLinking.framework/Versions/A/SoftLinking
     dyld[46991]: <EE71FC23-45F1-30AE-B49C-74D2DE7882BA> /usr/lib/swift/libswiftCoreFoundation.dylib
     dyld[46991]: <70D613F2-BFE7-38FC-A7E8-80779478F554> /usr/lib/swift/libswiftDarwin.dylib
     dyld[46991]: <F272890D-9996-3BD0-A5AA-67CE47819FE4> /usr/lib/swift/libswiftDispatch.dylib
     dyld[46991]: <1A55E5A8-85E6-3067-AB87-4AC87B8C6530> /usr/lib/swift/libswiftIOKit.dylib
     dyld[46991]: <92A7149B-3E19-38D2-BD36-3360D56F3096> /usr/lib/swift/libswiftSystem.dylib
     dyld[46991]: <75A38F4A-06EE-3FD1-87A3-8F9FF972CE47> /usr/lib/swift/libswiftXPC.dylib
     dyld[46991]: <4C680D47-D53D-3E82-9575-B04943349B45> /usr/lib/swift/libswift_Builtin_float.dylib
     dyld[46991]: <E202745F-BFF6-3F29-A171-5C8DDE11779C> /usr/lib/swift/libswift_Concurrency.dylib
     dyld[46991]: <4A0A069F-D0C0-3F0A-BE4F-4AFE0DF78D58> /usr/lib/swift/libswift_DarwinFoundation1.dylib
     dyld[46991]: <2B54D7C1-96A9-350E-B680-2CEC48FE32AE> /usr/lib/swift/libswift_StringProcessing.dylib
     dyld[46991]: <C191573D-AF50-3C8E-840C-F64782CC2BFC> /usr/lib/swift/libswiftos.dylib
     dyld[46991]: <48EB2100-B5F6-3150-A424-5FD9EEC9B77B> /System/Library/PrivateFrameworks/CoreServicesInternal.framework/Versions/A/CoreServicesInternal
     dyld[46991]: <F41D814B-FE1F-311A-A778-5F0699628188> /usr/lib/liboah.dylib
     dyld[46991]: <A4C45770-BA54-3D2C-9DA3-077F5A497C32> /System/Library/Frameworks/Security.framework/Versions/A/Security
     dyld[46991]: <D3D5DEE9-258B-33B9-A688-CF81D495E88D> /System/Library/PrivateFrameworks/GenerationalStorage.framework/Versions/A/GenerationalStorage
     dyld[46991]: <02498F6E-F56A-35EC-BBFD-09E0739F330E> /System/Library/PrivateFrameworks/CacheDelete.framework/Versions/A/CacheDelete
     dyld[46991]: <5879E066-73C2-3C08-9571-57A56D8FC106> /System/Library/Frameworks/QuickLookThumbnailing.framework/Versions/A/QuickLookThumbnailing
     dyld[46991]: <56C602D6-EE17-31C4-BACC-962E392B7A14> /System/Library/Frameworks/FileProvider.framework/Versions/A/FileProvider
     dyld[46991]: <1D861D5E-F6F8-3B0C-97F0-6F7DA8174A13> /System/Library/PrivateFrameworks/DiskImages.framework/Versions/A/DiskImages
     dyld[46991]: <8B049FBF-B02F-3B65-B252-36DD33AE4DCB> /System/Library/Frameworks/NetFS.framework/Versions/A/NetFS
     dyld[46991]: <8A8560B9-089E-3AB8-996F-C1E6F335D567> /System/Library/PrivateFrameworks/DesktopServicesPriv.framework/Versions/A/DesktopServicesPriv
     dyld[46991]: <4DF5833E-170E-391E-8068-334A1619B6EC> /System/Library/Frameworks/CoreServices.framework/Versions/A/Frameworks/FSEvents.framework/Versions/A/FSEvents
     dyld[46991]: <C3100FC0-CB90-375E-8228-7AD3095F70CC> /System/Library/Frameworks/CoreServices.framework/Versions/A/Frameworks/CarbonCore.framework/Versions/A/CarbonCore
     dyld[46991]: <20352036-F9BF-311D-BF2B-4BE56DE35A4C> /System/Library/Frameworks/CoreServices.framework/Versions/A/Frameworks/Metadata.framework/Versions/A/Metadata
     dyld[46991]: <C43D9113-B804-3617-AB4E-18B9746C3FD7> /System/Library/Frameworks/CoreServices.framework/Versions/A/Frameworks/OSServices.framework/Versions/A/OSServices
     dyld[46991]: <DB2FEE7A-4E93-3C0A-A1BC-1A7915D7F824> /System/Library/Frameworks/CoreServices.framework/Versions/A/Frameworks/SearchKit.framework/Versions/A/SearchKit
     dyld[46991]: <1FE41C73-319E-31D6-8AB9-5D9725C29840> /System/Library/Frameworks/CoreServices.framework/Versions/A/Frameworks/AE.framework/Versions/A/AE
     dyld[46991]: <F672AF6B-712F-3E94-A30C-D962C961B1AE> /System/Library/Frameworks/CoreServices.framework/Versions/A/Frameworks/LaunchServices.framework/Versions/A/LaunchServices
     dyld[46991]: <89B35D84-BCB4-32EA-B793-BB3563BA6C7E> /System/Library/Frameworks/CoreServices.framework/Versions/A/Frameworks/DictionaryServices.framework/Versions/A/DictionaryServices
     dyld[46991]: <11D1A903-7E02-365D-B434-CF1F6928B9C8> /System/Library/Frameworks/CoreServices.framework/Versions/A/Frameworks/SharedFileList.framework/Versions/A/SharedFileList
     dyld[46991]: <37EB8634-C367-3986-951F-FE6CE034F9B8> /usr/lib/libapple_nghttp2.dylib
     dyld[46991]: <FFED8D03-933A-3E77-A298-899189CFDDEE> /usr/lib/libsqlite3.dylib
     dyld[46991]: <480932A5-4C8C-3AEF-AFC3-31D7D5A6DFB7> /System/Library/Frameworks/Accounts.framework/Versions/A/Accounts
     dyld[46991]: <277306E7-DBCE-3D31-8E19-1A959860E47C> /System/Library/PrivateFrameworks/AOSKit.framework/Versions/A/AOSKit
     dyld[46991]: <F1614AEF-411C-3D85-B147-122B24A52BD2> /System/Library/PrivateFrameworks/AppSSOCore.framework/Versions/A/AppSSOCore
     dyld[46991]: <E49883EF-0C5A-34B3-940E-6CDED347A361> /System/Library/PrivateFrameworks/AppSupport.framework/Versions/A/AppSupport
     dyld[46991]: <2B4C89E8-6D61-382F-8596-400AFD5DFAED> /System/Library/Frameworks/AVFoundation.framework/Versions/A/AVFoundation
     dyld[46991]: <D6494026-1CF4-365F-9D35-BD3C0FAE8463> /System/Library/PrivateFrameworks/BackgroundSystemTasks.framework/Versions/A/BackgroundSystemTasks
     dyld[46991]: <5B6BC0A9-527D-3D06-B19A-59A55830D0C2> /System/Library/PrivateFrameworks/CoreAnalytics.framework/Versions/A/CoreAnalytics
     dyld[46991]: <86707213-12B9-3943-AF6A-FBFDF1209FCA> /System/Library/Frameworks/CoreGraphics.framework/Versions/A/CoreGraphics
     dyld[46991]: <43674C87-ADFF-3F60-9DDD-8CE9CAFA39D5> /System/Library/PrivateFrameworks/DuetActivityScheduler.framework/Versions/A/DuetActivityScheduler
     dyld[46991]: <8220298F-96F2-3CED-82CF-C07E11DA38F9> /System/Library/PrivateFrameworks/FTServices.framework/Versions/A/FTServices
     dyld[46991]: <6A676BE5-DAA2-3923-8B2D-9183A79D8FCF> /System/Library/Frameworks/GSS.framework/Versions/A/GSS
     dyld[46991]: <B9C46934-ECEA-360F-BD4D-39025C7947C9> /System/Library/PrivateFrameworks/InternationalSupport.framework/Versions/A/InternationalSupport
     dyld[46991]: <F64C374B-7C49-32B2-BD2E-8822A3F14163> /usr/lib/libMemoryResourceException.dylib
     dyld[46991]: <A3C34F06-7BB2-3881-8DD1-775BB79E14B3> /System/Library/PrivateFrameworks/NetworkScore.framework/Versions/A/NetworkScore
     dyld[46991]: <31C663CB-E303-3669-A2D3-17AB24A16940> /System/Library/PrivateFrameworks/NetworkServiceProxy.framework/Versions/A/NetworkServiceProxy
     dyld[46991]: <949C594B-FE78-3E1A-B40C-4720CF994C75> /System/Library/PrivateFrameworks/RunningBoardServices.framework/Versions/A/RunningBoardServices
     dyld[46991]: <291F2CDF-90AA-36D2-94BB-1318387C54C5> /System/Library/PrivateFrameworks/StreamingExtractor.framework/Versions/A/StreamingExtractor
     dyld[46991]: <A266C210-8869-390E-93D0-5AC15408C80D> /System/Library/PrivateFrameworks/StreamingZip.framework/Versions/A/StreamingZip
     dyld[46991]: <DB7270A8-9BB5-3EBE-B2FD-54F6641D56DE> /System/Library/PrivateFrameworks/SymptomReporter.framework/Versions/A/SymptomReporter
     dyld[46991]: <87E902A1-34F8-3ED8-8A5B-00F346A553AE> /usr/lib/libenergytrace.dylib
     dyld[46991]: <076C8183-DBAF-3FE4-8019-C95855620AD9> /usr/lib/libnetworkextension.dylib
     dyld[46991]: <4A16436D-E026-380A-ADED-84C279C05285> /System/Library/Frameworks/Network.framework/Versions/A/Network
     dyld[46991]: <7E84A4E7-383B-33B9-B604-D707E8E0C76A> /usr/lib/libbsm.0.dylib
     dyld[46991]: <B20E8F67-6646-3050-AB29-44575B24BB6D> /usr/lib/system/libkxld.dylib
     dyld[46991]: <2D2A4D15-9634-3D30-8D50-845C65536968> /System/Library/PrivateFrameworks/AppleKeyStore.framework/Versions/A/AppleKeyStore
     dyld[46991]: <CFECAA0B-0E59-3E9B-BE28-7247E52F32BC> /usr/lib/libCoreEntitlements.dylib
     dyld[46991]: <DDEA8F2A-0D8C-3136-A60F-159B3BF6BB14> /System/Library/PrivateFrameworks/MessageSecurity.framework/Versions/A/MessageSecurity
     dyld[46991]: <4AB73CF2-A262-3297-A4ED-F98885686564> /System/Library/PrivateFrameworks/ProtocolBuffer.framework/Versions/A/ProtocolBuffer
     dyld[46991]: <9E416667-BB78-36EB-9B5D-886652738B8E> /System/Library/PrivateFrameworks/CloudServices.framework/Versions/A/CloudServices
     dyld[46991]: <88586001-D9A2-3BCE-A0B3-F66B962A5FCD> /System/Library/PrivateFrameworks/SymptomDiagnosticReporter.framework/Versions/A/SymptomDiagnosticReporter
     dyld[46991]: <E76B3969-60BD-3EBD-8419-B6D16CB330C2> /System/Library/PrivateFrameworks/CrashReporterSupport.framework/Versions/A/CrashReporterSupport
     dyld[46991]: <E0F8AF6B-104D-3F9D-A8FB-49EF7C45EAAE> /usr/lib/libMobileGestalt.dylib
     dyld[46991]: <903E85C5-7923-3276-8CD3-439E896B7C6B> /System/Library/PrivateFrameworks/AppleFSCompression.framework/Versions/A/AppleFSCompression
     dyld[46991]: <5CF64670-CDC0-3AF0-930A-38522A8573EC> /usr/lib/libcoretls.dylib
     dyld[46991]: <88C8B8CF-FC4A-3278-9FD7-A2B90B2F600F> /usr/lib/libcoretls_cfhelpers.dylib
     dyld[46991]: <4653F0C2-72CB-3C35-AEB9-AAFD63A5B721> /usr/lib/libpam.2.dylib
     dyld[46991]: <47C6FF5C-2E46-3B5A-A3AF-157D64AA89B0> /usr/lib/libxar.1.dylib
     dyld[46991]: <715B7DF2-B40D-3EBA-BFC9-13276492ED33> /System/Library/PrivateFrameworks/APFS.framework/Versions/A/APFS
     dyld[46991]: <C01C6663-DD1C-3855-AB40-23B40F988E8E> /System/Library/PrivateFrameworks/SwiftASN1Internal.framework/Versions/A/SwiftASN1Internal
     dyld[46991]: <AAB4E5F3-8EF1-39BE-A32B-8B4ABF8F390D> /usr/lib/libutil.dylib
     dyld[46991]: <389F3921-719F-3A03-BD22-3A711B27FB35> /System/Library/PrivateFrameworks/AppleSystemInfo.framework/Versions/A/AppleSystemInfo
     dyld[46991]: <2CFBD4DF-9E6B-34A5-9B6C-BCD05F40F139> /System/Library/PrivateFrameworks/IOMobileFramebuffer.framework/Versions/A/IOMobileFramebuffer
     dyld[46991]: <C30F04DE-ADD7-3DBC-A1B2-C7D1EFA08CC6> /System/Library/Frameworks/IOSurface.framework/Versions/A/IOSurface
     dyld[46991]: <B73AC390-0D5D-3EDA-A81F-709B68F0E37A> /System/Library/PrivateFrameworks/CoreWiFi.framework/Versions/A/CoreWiFi
     dyld[46991]: <E39BD6CE-35C2-3F90-BBC1-F68EB3C71E52> /System/Library/PrivateFrameworks/LoggingSupport.framework/Versions/A/LoggingSupport
     dyld[46991]: <B7154554-8A67-3354-B992-14441B39FF71> /System/Library/PrivateFrameworks/MobileAsset.framework/Versions/A/MobileAsset
     dyld[46991]: <604DB01F-E423-31DC-A4A1-792F6701BA2D> /System/Library/PrivateFrameworks/PowerLog.framework/Versions/A/PowerLog
     dyld[46991]: <BE98D10A-67D4-311C-B556-8D3838CF6F81> /System/Library/PrivateFrameworks/Rapport.framework/Versions/A/Rapport
     dyld[46991]: <58E4A38D-47FB-3EAC-B7E0-6818F49D24EA> /System/Library/Frameworks/SwiftData.framework/Versions/A/SwiftData
     dyld[46991]: <540009BA-D3E5-3F67-8DE8-ED0033FE9215> /System/Library/PrivateFrameworks/Symptoms.framework/Versions/A/Frameworks/SymptomAnalytics.framework/Versions/A/SymptomAnalytics
     dyld[46991]: <743056F4-24EC-3A70-8282-C6F20407C193> /System/Library/Frameworks/UniformTypeIdentifiers.framework/Versions/A/UniformTypeIdentifiers
     dyld[46991]: <4C89B3C9-F76E-3ED3-9515-E770E4E0E04A> /System/Library/PrivateFrameworks/UserManagement.framework/Versions/A/UserManagement
     dyld[46991]: <0767E249-3DD3-375B-8E61-F5DB8309C5BA> /usr/lib/libboringssl.dylib
     dyld[46991]: <819F23DB-90BE-3F09-8647-29C8F3CF929E> /usr/lib/libcupolicy.dylib
     dyld[46991]: <B079C73B-474D-3A35-B9FC-C417A2FAAC2D> /usr/lib/libdns_services.dylib
     dyld[46991]: <9BFCCC8E-40E3-33F3-8108-ED956930D9B0> /System/Library/Frameworks/NetworkExtension.framework/Versions/A/NetworkExtension
     dyld[46991]: <2C368B24-1063-37A2-9815-6392CE0D28FA> /usr/lib/libnwswifttls.dylib
     dyld[46991]: <0A92F1D9-34F1-35A9-A293-57BED013A7C7> /usr/lib/libpcap.A.dylib
     dyld[46991]: <A88B0E2C-9449-37D5-AA62-8533346704D8> /usr/lib/libquic.dylib
     dyld[46991]: <35A0D004-85A7-324D-A597-61F1AA1203B8> /usr/lib/libusrtcp.dylib
     dyld[46991]: <AD7AC28E-DF43-3FE2-9F95-1A55421FE21B> /System/Library/PrivateFrameworks/AtomicsInternal.framework/Versions/A/AtomicsInternal
     dyld[46991]: <4AFF9D01-B152-3754-917D-FEB9B6EDB074> /System/Library/PrivateFrameworks/InternalSwiftProtobuf.framework/Versions/A/InternalSwiftProtobuf
     dyld[46991]: <939A84CD-B303-36D6-89D4-0CA6FE6C9335> /usr/lib/swift/libswiftDistributed.dylib
     dyld[46991]: <69B34359-C025-3674-9127-6FE565701511> /usr/lib/swift/libswiftObservation.dylib
     dyld[46991]: <7626547E-9425-3FAE-A895-04A4C0B5A24C> /usr/lib/swift/libswiftSynchronization.dylib
     dyld[46991]: <61779A8C-8FAF-3B30-88EB-F8B1F7965DA6> /System/Library/PrivateFrameworks/AggregateDictionary.framework/Versions/A/AggregateDictionary
     dyld[46991]: <ACB84D0D-0179-32B7-8F5C-53BD2AC740D5> /System/Library/PrivateFrameworks/CoreDuetContext.framework/Versions/A/CoreDuetContext
     dyld[46991]: <ED2927D1-85F9-346D-9054-C9008EEFC205> /System/Library/PrivateFrameworks/BiomeLibrary.framework/Versions/A/BiomeLibrary
     dyld[46991]: <0F02B28D-130E-3D48-A02E-D62C960731A0> /System/Library/PrivateFrameworks/CoreDuet.framework/Versions/A/CoreDuet
     dyld[46991]: <0C2B5247-3909-390E-89D1-CD10B5986FDB> /System/Library/PrivateFrameworks/BiomeStreams.framework/Versions/A/BiomeStreams
     dyld[46991]: <ECD6B305-5576-372C-A6C2-6FB8B3449B16> /System/Library/PrivateFrameworks/BiomeFoundation.framework/Versions/A/BiomeFoundation
     dyld[46991]: <56BD2841-6328-3882-839C-512E9AEC3220> /System/Library/PrivateFrameworks/BiomePubSub.framework/Versions/A/BiomePubSub
     dyld[46991]: <26BCA90F-FDB6-3162-8398-B204D85CFE5B> /System/Library/Frameworks/CoreData.framework/Versions/A/CoreData
     dyld[46991]: <5C05FB7B-7E85-3E88-B482-B08EBADE6C7C> /System/Library/PrivateFrameworks/ProactiveSupport.framework/Versions/A/ProactiveSupport
     dyld[46991]: <8984813E-20DC-39D0-8760-81CF047BEA77> /System/Library/Frameworks/CoreLocation.framework/Versions/A/CoreLocation
     dyld[46991]: <71576C7F-398C-30F3-8B15-E71BBEFCBF40> /System/Library/Frameworks/Intents.framework/Versions/A/Intents
     dyld[46991]: <9C3CA246-0044-37F0-9C69-6A72E1434912> /System/Library/Frameworks/_LocationEssentials.framework/Versions/A/_LocationEssentials
     dyld[46991]: <6DB9D3C0-C6E8-34F1-BECE-E13E769A8FDB> /usr/lib/liblzma.5.dylib
     dyld[46991]: <69865F9B-6DB8-3638-8A23-072E1E349C72> /System/Library/Frameworks/Accelerate.framework/Versions/A/Accelerate
     dyld[46991]: <0542EA91-C289-3EEB-A7BD-E3FDC5F48622> /System/Library/PrivateFrameworks/MobileKeyBag.framework/Versions/A/MobileKeyBag
     dyld[46991]: <504121FD-73F2-3024-93D0-E8A7C806E94B> /System/Library/PrivateFrameworks/InternationalTextSearch.framework/Versions/A/InternationalTextSearch
     dyld[46991]: <6DD8264D-A08C-3E81-A4DC-DF6F92BDE42B> /System/Library/PrivateFrameworks/SoftwareUpdateCoreSupport.framework/Versions/A/SoftwareUpdateCoreSupport
     dyld[46991]: <BE013477-FD5C-36B1-9127-66C2080DE35E> /System/Library/PrivateFrameworks/SoftwareUpdateCoreConnect.framework/Versions/A/SoftwareUpdateCoreConnect
     dyld[46991]: <B9FE5420-1BC3-3001-ACAF-2E917BFFBDD0> /System/Library/PrivateFrameworks/RemoteServiceDiscovery.framework/Versions/A/RemoteServiceDiscovery
     dyld[46991]: <135C2628-BD95-3432-8D97-32C8FDABD1E3> /System/Library/PrivateFrameworks/MSUDataAccessor.framework/Versions/A/MSUDataAccessor
     dyld[46991]: <7817458F-E833-3825-A04B-03A79AD8739B> /usr/lib/libbootpolicy.dylib
     dyld[46991]: <ED17CD59-DDEC-3BDE-9267-201A02407BAD> /System/Library/PrivateFrameworks/RemoteXPC.framework/Versions/A/RemoteXPC
     dyld[46991]: <A1DBFEC9-D0A6-3B2E-99D2-EC6B5B9B960D> /usr/lib/libFDR.dylib
     dyld[46991]: <A73B43E8-985F-3BB1-AD2B-DAF39BFF4E95> /usr/lib/libamsupport.dylib
     dyld[46991]: <2C923B2B-EB1C-3FD1-8272-4AD141AEE322> /usr/lib/libReverseProxyDevice.dylib
     dyld[46991]: <A1751466-FD99-3C13-9DAE-8EE39A575C75> /System/Library/PrivateFrameworks/AppleDeviceQuerySupport.framework/Versions/A/AppleDeviceQuerySupport
     dyld[46991]: <6B2536A0-FB99-3B72-BF72-C8A230F76C2F> /usr/lib/libpartition2_dynamic.dylib
     dyld[46991]: <50A785A8-C474-3A6D-A6CB-DFD2D0E93B43> /System/Library/PrivateFrameworks/AppleSauce.framework/Versions/A/AppleSauce
     dyld[46991]: <4C0A66D2-B313-3A88-B438-3B2FBAFD7994> /usr/lib/libAppleArchive.dylib
     dyld[46991]: <F8B99793-2A42-3B06-A92E-C84D8679459A> /usr/lib/libbz2.1.0.dylib
     dyld[46991]: <87180846-15A0-3AE6-9375-8986922E7704> /System/Library/Frameworks/Accelerate.framework/Versions/A/Frameworks/vImage.framework/Versions/A/vImage
     dyld[46991]: <F9DA17B8-BF0E-3D0E-8D51-8895A09E76CA> /System/Library/Frameworks/Accelerate.framework/Versions/A/Frameworks/vecLib.framework/Versions/A/vecLib
     dyld[46991]: <E5B95953-1269-352C-B085-3BC6406E41D9> /System/Library/Frameworks/Accelerate.framework/Versions/A/Frameworks/vecLib.framework/Versions/A/libvMisc.dylib
     dyld[46991]: <C127566F-507D-3087-8945-973441413016> /System/Library/Frameworks/Accelerate.framework/Versions/A/Frameworks/vImage.framework/Versions/A/Libraries/libCGInterfaces.dylib
     dyld[46991]: <48BF39E9-074A-3BD8-80DD-DEB901859383> /System/Library/PrivateFrameworks/AccelerateGPU.framework/Versions/A/AccelerateGPU
     dyld[46991]: <B8AEEB6D-A458-37C3-B22A-99C768B155EA> /System/Library/Frameworks/Accelerate.framework/Versions/A/Frameworks/vecLib.framework/Versions/A/libBLAS.dylib
     dyld[46991]: <305A0A92-364D-3C8B-8BC4-DAE07A4E2918> /System/Library/Frameworks/ApplicationServices.framework/Versions/A/ApplicationServices
     dyld[46991]: <9C44ABC3-19CD-32AB-A7AA-098813317900> /System/Library/Frameworks/CoreVideo.framework/Versions/A/CoreVideo
     dyld[46991]: <96471F96-B3C6-3783-B8BB-17C1E48C46B7> /System/Library/Frameworks/ColorSync.framework/Versions/A/ColorSync
     dyld[46991]: <22A4F922-8523-396D-AD9B-DA6FF15DA432> /System/Library/Frameworks/CoreText.framework/Versions/A/CoreText
     dyld[46991]: <0CD49F9D-A8E2-303D-98A7-7E9602B00B90> /System/Library/Frameworks/ImageIO.framework/Versions/A/ImageIO
     dyld[46991]: <63A93F8B-EBA5-37CF-A171-7B220B8C6A70> /System/Library/Frameworks/ApplicationServices.framework/Versions/A/Frameworks/ATS.framework/Versions/A/ATS
     dyld[46991]: <0B0164B2-3069-3AF2-B2C5-8A5F1E81BFD6> /System/Library/Frameworks/ApplicationServices.framework/Versions/A/Frameworks/HIServices.framework/Versions/A/HIServices
     dyld[46991]: <395625EB-39F6-392B-88CB-C8679C3A844C> /System/Library/Frameworks/ApplicationServices.framework/Versions/A/Frameworks/PrintCore.framework/Versions/A/PrintCore
     dyld[46991]: <2CC38837-4DB6-3BBB-A3C9-75D083BD5C61> /System/Library/Frameworks/ApplicationServices.framework/Versions/A/Frameworks/QD.framework/Versions/A/QD
     dyld[46991]: <7E09AC41-9944-3061-BC9A-23B6F977BE3A> /System/Library/Frameworks/ApplicationServices.framework/Versions/A/Frameworks/ColorSyncLegacy.framework/Versions/A/ColorSyncLegacy
     dyld[46991]: <26B44C48-BC70-38A8-AAF1-7EC18393E11F> /System/Library/Frameworks/ApplicationServices.framework/Versions/A/Frameworks/SpeechSynthesis.framework/Versions/A/SpeechSynthesis
     dyld[46991]: <898384F5-D43B-3BCA-8383-3039E80CFA6D> /System/Library/PrivateFrameworks/SkyLight.framework/Versions/A/SkyLight
     dyld[46991]: <27A05596-EDE4-3576-B061-D68EB1B6CAD5> /System/Library/PrivateFrameworks/FontServices.framework/libFontParser.dylib
     dyld[46991]: <0C76F3C5-CD3B-3837-BAEB-0226751512F6> /System/Library/PrivateFrameworks/BaseBoard.framework/Versions/A/BaseBoard
     dyld[46991]: <35DD2B0B-E814-3C04-89AE-04EB53AB64B2> /System/Library/PrivateFrameworks/BoardServices.framework/Versions/A/BoardServices
     dyld[46991]: <822C92A9-C200-3DF8-A48F-04F6FC444EA2> /System/Library/PrivateFrameworks/BackBoardServices.framework/Versions/A/BackBoardServices
     dyld[46991]: <83EA7238-159B-3156-8F5D-D84E4D94FAD2> /System/Library/PrivateFrameworks/BackBoardHIDEventFoundation.framework/Versions/A/BackBoardHIDEventFoundation
     dyld[46991]: <197CDF27-438E-3EB7-BC35-0C466CCF17CD> /System/Library/Frameworks/CoreDisplay.framework/Versions/A/CoreDisplay
     dyld[46991]: <586DC60D-A727-38F7-9156-CC98E30F284D> /System/Library/Frameworks/VideoToolbox.framework/Versions/A/VideoToolbox
     dyld[46991]: <7835C05F-D662-38A0-83A8-CA317D2C915B> /System/Library/Frameworks/MetalPerformanceShaders.framework/Versions/A/MetalPerformanceShaders
     dyld[46991]: <3B0EC42B-483E-3B2E-9320-4CB6664A302B> /System/Library/PrivateFrameworks/ProDisplayLibrary.framework/Versions/A/ProDisplayLibrary
     dyld[46991]: <A4FA1F92-D834-3716-89C5-F0B7C0609744> /System/Library/PrivateFrameworks/IOSurfaceAccelerator.framework/Versions/A/IOSurfaceAccelerator
     dyld[46991]: <E62B6554-CA42-3D79-B048-C5F6DEFA20CC> /System/Library/Frameworks/Metal.framework/Versions/A/Metal
     dyld[46991]: <61E0BB2C-2B28-3B5A-8548-B2C19521DCAD> /System/Library/PrivateFrameworks/IOAccelerator.framework/Versions/A/IOAccelerator
     dyld[46991]: <8149A6D5-5D34-3DE8-9F49-0C13EBA54A00> /System/Library/Frameworks/CoreMedia.framework/Versions/A/CoreMedia
     dyld[46991]: <312C79A8-E961-3646-8528-3FC190FAAEA3> /System/Library/PrivateFrameworks/TCC.framework/Versions/A/TCC
     dyld[46991]: <C3A8BEDA-D443-3239-93BC-1F77D6307526> /System/Library/PrivateFrameworks/WatchdogClient.framework/Versions/A/WatchdogClient
     dyld[46991]: <F1BA3189-E95A-3ECA-B59A-5A6872754484> /System/Library/Frameworks/QuartzCore.framework/Versions/A/QuartzCore
     dyld[46991]: <9A09DE9B-0772-325A-BBA2-8164DAB189BE> /System/Library/PrivateFrameworks/MultitouchSupport.framework/Versions/A/MultitouchSupport
     dyld[46991]: <DDA5A4B3-59E6-319C-8061-FEFD39ADC8C7> /usr/lib/swift/libswiftAccelerate.dylib
     dyld[46991]: <EFBE5ADA-3929-35CF-988E-7AED8B7FDE51> /usr/lib/swift/libswiftCoreAudio.dylib
     dyld[46991]: <D1491CD7-17C3-36DB-8775-211B2F22C80F> /usr/lib/swift/libswiftCoreMedia.dylib
     dyld[46991]: <10BCDD43-C5E6-38BF-99CA-54B6AD7A3EEA> /usr/lib/swift/libswiftMetal.dylib
     dyld[46991]: <57A2CE5E-DAC3-35D2-9BED-6188DF518B70> /usr/lib/swift/libswiftOSLog.dylib
     dyld[46991]: <C348816E-C511-356C-830B-5F690FA3AA69> /usr/lib/swift/libswiftQuartzCore.dylib
     dyld[46991]: <D02B3C6D-7F89-3910-B160-7339E13B7778> /usr/lib/swift/libswiftUniformTypeIdentifiers.dylib
     dyld[46991]: <E0458D1A-E650-3E6B-99A1-1882CC4A159A> /usr/lib/swift/libswiftVideoToolbox.dylib
     dyld[46991]: <F83F1836-73D8-3B30-A8C4-FED0DA5E8CEC> /usr/lib/swift/libswiftsimd.dylib
     dyld[46991]: <9A1B7F95-CF13-3127-85D4-9AAF491AF821> /System/Library/PrivateFrameworks/BiomeStorage.framework/Versions/A/BiomeStorage
     dyld[46991]: <5DA57389-B626-3B6E-89E3-C724B0468F10> /System/Library/PrivateFrameworks/IntelligencePlatformLibrary.framework/Versions/A/IntelligencePlatformLibrary
     dyld[46991]: <2E3DEAB0-737E-3412-9437-32EDB3086EA3> /System/Library/PrivateFrameworks/PoirotSchematizer.framework/Versions/A/PoirotSchematizer
     dyld[46991]: <6D9F3228-2B0C-36ED-B43E-BC4148212971> /System/Library/PrivateFrameworks/BiomeSync.framework/Versions/A/BiomeSync
     dyld[46991]: <D25EE534-F145-3A91-B92E-2BBDE76BB0B1> /System/Library/PrivateFrameworks/BiomeDSL.framework/Versions/A/BiomeDSL
     dyld[46991]: <BC98F8FE-E39A-31DC-B2BB-F129D1352E1E> /System/Library/PrivateFrameworks/FeatureFlags.framework/Versions/A/FeatureFlags
     dyld[46991]: <4B0C858E-68AE-32CF-8F62-B44B1838BBB6> /System/Library/PrivateFrameworks/PoirotUDFs.framework/Versions/A/PoirotUDFs
     dyld[46991]: <866DBB51-99DA-38A9-A712-4E26BB5A5CE0> /usr/lib/swift/libswift_DarwinFoundation2.dylib
     dyld[46991]: <995CB65C-A58D-38B3-A271-917FDB9F8C57> /usr/lib/swift/libswift_DarwinFoundation3.dylib
     dyld[46991]: <89179061-46AF-3E0C-8F03-FF9F5ACEE211> /System/Library/PrivateFrameworks/CoreTime.framework/Versions/A/CoreTime
     dyld[46991]: <2D429111-B58B-365E-8D8D-68DA82D20589> /usr/lib/libiconv.2.dylib
     dyld[46991]: <7704B548-DB2D-3468-B301-82E8F026DDCE> /usr/lib/libcharset.1.dylib
     dyld[46991]: <07B78F81-0131-32DA-9961-316C1C248338> /System/Library/PrivateFrameworks/PoirotSQLite.framework/Versions/A/PoirotSQLite
     dyld[46991]: <6BA1B88C-B16D-3296-9322-F98613487F18> /usr/lib/swift/libswift_RegexParser.dylib
     dyld[46991]: <327752A7-9364-352C-B3FD-79457DC3145C> /System/Library/PrivateFrameworks/CascadeSets.framework/Versions/A/CascadeSets
     dyld[46991]: <39D6BD21-AFD7-3068-B747-B94A5D9F1C27> /System/Library/PrivateFrameworks/CorePhoneNumbers.framework/Versions/A/CorePhoneNumbers
     dyld[46991]: <72E56855-8FE6-3262-9A11-B2F475119A93> /System/Library/PrivateFrameworks/AppleJPEG.framework/Versions/A/AppleJPEG
     dyld[46991]: <6D02979F-089C-3FF7-B3EA-939E8810EDE7> /usr/lib/libexpat.1.dylib
     dyld[46991]: <5855ECAC-2298-3B0A-A859-9E643E12010D> /System/Library/Frameworks/ImageIO.framework/Versions/A/Resources/libPng.dylib
     dyld[46991]: <2E5FD6A0-0646-3F84-84A8-09F2BD58C56D> /System/Library/Frameworks/ImageIO.framework/Versions/A/Resources/libTIFF.dylib
     dyld[46991]: <A4D144D0-C3D8-3BB6-962F-FDBC6DACC105> /System/Library/Frameworks/ImageIO.framework/Versions/A/Resources/libGIF.dylib
     dyld[46991]: <FCBA3CD1-64C8-3BE1-AB50-450070167FA3> /System/Library/Frameworks/ImageIO.framework/Versions/A/Resources/libJP2.dylib
     dyld[46991]: <8331A311-1C3F-37E5-A6FB-74FEB6D31D57> /usr/lib/libate.dylib
     dyld[46991]: <30EA44B1-2A44-3415-A1B6-DD0ED2B7B306> /System/Library/Frameworks/ImageIO.framework/Versions/A/Resources/libJPEG.dylib
     dyld[46991]: <2C186C82-66E0-369C-B2D4-1815FAB8AFB3> /System/Library/Frameworks/ImageIO.framework/Versions/A/Resources/libRadiance.dylib
     dyld[46991]: <0E239D6E-4F69-3A3C-8F10-207AB9E53626> /System/Library/PrivateFrameworks/GPUCompiler.framework/Versions/32023/Libraries/libllvm-flatbuffers.dylib
     dyld[46991]: <E0E4527F-02A1-3B8E-BC59-50596B14C725> /System/Library/PrivateFrameworks/FramePacing.framework/Versions/A/FramePacing
     dyld[46991]: <A7E06810-96A7-320B-90FF-41FEC8996481> /System/Library/Frameworks/OpenGL.framework/Versions/A/Libraries/libCoreFSCache.dylib
     dyld[46991]: <54727168-9032-3AF7-B571-3A52A508B761> /System/Library/PrivateFrameworks/GPUCompiler.framework/Versions/32023/Libraries/libGPUCompilerUtils.dylib
     dyld[46991]: <3877C6C1-2A1C-3971-A39B-BFBCBD2316E4> /System/Library/PrivateFrameworks/GraphicsServices.framework/Versions/A/GraphicsServices
     dyld[46991]: <4441E600-26A0-3A7E-A20A-4A4F239AA0D0> /System/Library/Frameworks/OpenGL.framework/Versions/A/OpenGL
     dyld[46991]: <D7A8D43B-01FB-363F-9E04-E3AE9712247B> /System/Library/Frameworks/OpenGL.framework/Versions/A/Libraries/libGLU.dylib
     dyld[46991]: <82D99F0A-0AE0-3187-AED3-F8EA8602892E> /System/Library/Frameworks/OpenGL.framework/Versions/A/Libraries/libGFXShared.dylib
     dyld[46991]: <0467762E-9A84-3C53-B0F4-CA179E29A8CE> /System/Library/Frameworks/OpenGL.framework/Versions/A/Libraries/libGL.dylib
     dyld[46991]: <CF163ACB-2E12-3036-AFBE-AAEC42E32A95> /System/Library/Frameworks/OpenGL.framework/Versions/A/Libraries/libGLImage.dylib
     dyld[46991]: <DCF9371C-4D04-3524-B0A0-0E0A93183BFB> /System/Library/Frameworks/OpenGL.framework/Versions/A/Libraries/libCVMSPluginSupport.dylib
     dyld[46991]: <9879D439-C0AD-3A93-9050-4C0AE6C7DD07> /System/Library/Frameworks/OpenGL.framework/Versions/A/Libraries/libCoreVMClient.dylib
     dyld[46991]: <FB88FA95-68C1-3573-B8A4-815488BDA4E6> /System/Library/PrivateFrameworks/GPUWrangler.framework/Versions/A/GPUWrangler
     dyld[46991]: <60E38601-35DB-3D90-80C0-BB19848CFED7> /System/Library/PrivateFrameworks/IOPresentment.framework/Versions/A/IOPresentment
     dyld[46991]: <F5D64A73-D6D9-380E-BF44-10544E2465B6> /System/Library/PrivateFrameworks/DSExternalDisplay.framework/Versions/A/DSExternalDisplay
     dyld[46991]: <9FD68D8C-8D94-32D2-A41C-97A66C2E4BB6> /System/Library/PrivateFrameworks/VideoToolboxParavirtualizationSupport.framework/Versions/A/VideoToolboxParavirtualizationSupport
     dyld[46991]: <7EB7686D-74B9-385B-A60F-25F9C97AD46B> /System/Library/PrivateFrameworks/AppleVA.framework/Versions/A/AppleVA
     dyld[46991]: <1E88A46B-6D6B-3648-968B-01532612E28C> /System/Library/Frameworks/ExtensionFoundation.framework/Versions/A/ExtensionFoundation
     dyld[46991]: <7AEF5F35-87FB-36B6-9347-BFB7DE09B133> /System/Library/PrivateFrameworks/CMCaptureCore.framework/Versions/A/CMCaptureCore
     dyld[46991]: <866F4ACD-D94B-3BD7-8B90-573A51A8CEDF> /usr/lib/libspindump.dylib
     dyld[46991]: <2E3313F7-C583-3D6C-A88B-37AF8B4C56F0> /System/Library/Frameworks/CoreAudio.framework/Versions/A/CoreAudio
     dyld[46991]: <D54F06FB-C477-3A05-9C9F-A02CF013F926> /System/Library/PrivateFrameworks/AppServerSupport.framework/Versions/A/AppServerSupport
     dyld[46991]: <8BDF1C32-455B-3FEF-A6E4-ECD49074CA07> /System/Library/PrivateFrameworks/perfdata.framework/Versions/A/perfdata
     dyld[46991]: <71BD1CD7-CD33-3689-9EFF-12FAD75B97E5> /System/Library/PrivateFrameworks/AudioDSPGraph.framework/Versions/A/AudioDSPGraph
     dyld[46991]: <668AAB07-F503-3EB4-A382-F01FB60269FB> /System/Library/PrivateFrameworks/AudioToolboxCore.framework/Versions/A/AudioToolboxCore
     dyld[46991]: <725DE236-E4BB-34E0-A155-46A974629A81> /System/Library/PrivateFrameworks/caulk.framework/Versions/A/caulk
     dyld[46991]: <573E42C2-BB6F-3E6C-BA4C-A7689728B174> /usr/lib/libAudioStatistics.dylib
     dyld[46991]: <99C955D1-07A3-3FE9-922A-BC678E2EA454> /System/Library/PrivateFrameworks/SystemPolicy.framework/Versions/A/SystemPolicy
     dyld[46991]: <08EEC0C2-F56C-3BB9-992A-160E5AAAEB56> /usr/lib/libSMC.dylib
     dyld[46991]: <5491E4A8-56A3-3EBC-AC8E-B2D69CB34E32> /usr/lib/swift/libswiftCoreMIDI.dylib
     dyld[46991]: <29F750A3-0A23-3C21-8C79-4A2D22F7BE8B> /System/Library/Frameworks/CoreMIDI.framework/Versions/A/CoreMIDI
     dyld[46991]: <E83E83E4-F6D9-36B1-A7C8-1391F6E5D4E7> /usr/lib/libAudioToolboxUtility.dylib
     dyld[46991]: <0D2BC538-CE70-3EFD-B277-6B12CEED8EC7> /usr/lib/libperfcheck.dylib
     dyld[46991]: <AAD9FBE3-5777-3ED9-930F-1B5F492CDFA6> /System/Library/PrivateFrameworks/AudioAnalytics.framework/Versions/A/AudioAnalytics
     dyld[46991]: <BFBCF2EC-4BC5-3941-AE6B-3F5BEF2C2296> /System/Library/Frameworks/OSLog.framework/Versions/A/OSLog
     dyld[46991]: <C6FCA282-6ABB-38D2-9683-C6A229CCD92B> /System/Library/PrivateFrameworks/OSEligibility.framework/Versions/A/OSEligibility
     dyld[46991]: <D170449C-D007-358E-A189-0CAA6CF8D01F> /System/Library/PrivateFrameworks/IconServices.framework/Versions/A/IconServices
     dyld[46991]: <FAF6A95A-EDAC-3CEF-AE8A-44C9A4C12AA2> /System/Library/Frameworks/LightweightCodeRequirements.framework/Versions/A/LightweightCodeRequirements
     dyld[46991]: <0F0E3B26-14CC-3248-B8FC-F55458E643C1> /System/Library/PrivateFrameworks/PlugInKit.framework/Versions/A/PlugInKit
     dyld[46991]: <5F47F3F1-ADF5-35A7-8ADF-9C850F05C96E> /System/Library/PrivateFrameworks/AssertionServices.framework/Versions/A/AssertionServices
     dyld[46991]: <4575E49F-BCA8-34CC-8027-BCE51ACDB678> /System/Library/PrivateFrameworks/IconFoundation.framework/Versions/A/IconFoundation
     dyld[46991]: <55C4846B-FB15-31BB-81A1-FE1EE773650D> /System/Library/PrivateFrameworks/AssistantServices.framework/Versions/A/AssistantServices
     dyld[46991]: <F4165CF9-0759-306E-8253-D5A316F8C87C> /System/Library/PrivateFrameworks/IconRendering.framework/Versions/A/IconRendering
     dyld[46991]: <4866A12C-9F52-3ECE-A0C4-55F9E0FD065C> /System/Library/PrivateFrameworks/CoreUI.framework/Versions/A/CoreUI
     dyld[46991]: <0B0C1F98-570E-38B6-A749-5A2239DCB0B7> /System/Library/Frameworks/CoreImage.framework/Versions/A/CoreImage
     dyld[46991]: <262D0D2A-7A75-3343-AEB9-1294F6DC8118> /System/Library/PrivateFrameworks/SFSymbols.framework/Versions/A/SFSymbols
     dyld[46991]: <CB99B5A9-3254-3174-A216-CCE7299B7E49> /System/Library/Frameworks/DeveloperToolsSupport.framework/Versions/A/DeveloperToolsSupport
     dyld[46991]: <F7ECFEE8-BD23-380C-B96F-D1C588B8E735> /System/Library/PrivateFrameworks/RenderBox.framework/Versions/A/RenderBox
     dyld[46991]: <3F803C87-C3A7-3DF6-B51B-8AADBFEC915C> /System/Library/PrivateFrameworks/CoreSVG.framework/Versions/A/CoreSVG
     dyld[46991]: <2EA07A48-1ADC-3A77-9A3A-596142804F26> /System/Library/PrivateFrameworks/TextureIO.framework/Versions/A/TextureIO
     dyld[46991]: <804A03E9-5942-312F-A1AA-8638FD385C1C> /usr/lib/swift/libswiftCoreImage.dylib
     dyld[46991]: <BCE53558-0DC1-3670-8AD8-00315C2C7A8B> /System/Library/PrivateFrameworks/GraphVisualizer.framework/Versions/A/GraphVisualizer
     dyld[46991]: <76B6A89A-771D-3946-8628-2DECF6188233> /System/Library/PrivateFrameworks/FontServices.framework/Versions/A/FontServices
     dyld[46991]: <3CBB2906-8FEF-300A-8F84-1A61263AAB2C> /System/Library/PrivateFrameworks/OTSVG.framework/Versions/A/OTSVG
     dyld[46991]: <2E43B513-D03C-3AE1-81C4-7B2ADBB6369E> /System/Library/Frameworks/ApplicationServices.framework/Versions/A/Frameworks/ATS.framework/Versions/A/Resources/libFontRegistry.dylib
     dyld[46991]: <D0AD39A1-B981-345D-A8AE-F4DD33ACD224> /usr/lib/libhvf.dylib
     dyld[46991]: <DC0A782B-37B2-3DB2-929B-C355C657DBA0> /System/Library/PrivateFrameworks/ParsingInternal.framework/Versions/A/ParsingInternal
     dyld[46991]: <749892C3-5510-33F1-A268-8C2EBCAA0F35> /System/Library/PrivateFrameworks/FontServices.framework/libXTFontStaticRegistryData.dylib
     dyld[46991]: <1C8768D1-ADC9-32F8-9B19-75F5B361342C> /System/Library/Frameworks/MetalPerformanceShaders.framework/Versions/A/Frameworks/MPSCore.framework/Versions/A/MPSCore
     dyld[46991]: <C36504AE-AF4B-3BBB-B4C4-2AF4E3180B9C> /System/Library/Frameworks/MetalPerformanceShaders.framework/Versions/A/Frameworks/MPSImage.framework/Versions/A/MPSImage
     dyld[46991]: <16ECC4C3-132A-3566-BA81-3A9857E6ECA3> /System/Library/Frameworks/MetalPerformanceShaders.framework/Versions/A/Frameworks/MPSNeuralNetwork.framework/Versions/A/MPSNeuralNetwork
     dyld[46991]: <306ACCB4-2F1F-3292-87FD-0E65488119D9> /System/Library/Frameworks/MetalPerformanceShaders.framework/Versions/A/Frameworks/MPSMatrix.framework/Versions/A/MPSMatrix
     dyld[46991]: <E53B1901-AED1-3258-9EBD-06F0A617F8CC> /System/Library/Frameworks/MetalPerformanceShaders.framework/Versions/A/Frameworks/MPSRayIntersector.framework/Versions/A/MPSRayIntersector
     dyld[46991]: <EE7ACF8A-08BA-38FB-BAF9-A041B5C1647F> /System/Library/Frameworks/MetalPerformanceShaders.framework/Versions/A/Frameworks/MPSNDArray.framework/Versions/A/MPSNDArray
     dyld[46991]: <BF31F15F-31CD-395D-AC73-4184B3B369BA> /System/Library/Frameworks/MetalPerformanceShaders.framework/Versions/A/Frameworks/MPSFunctions.framework/Versions/A/MPSFunctions
     dyld[46991]: <64E0C8EB-73F2-3B9F-BA62-5011816127E5> /System/Library/Frameworks/MetalPerformanceShaders.framework/Versions/A/Frameworks/MPSBenchmarkLoop.framework/Versions/A/MPSBenchmarkLoop
     dyld[46991]: <017CF55F-3554-395F-96CE-3162C11DF459> /System/Library/Frameworks/MetalPerformanceShaders.framework/Versions/A/Frameworks/MPSHost.framework/Versions/A/MPSHost
     dyld[46991]: <828164D8-1D9C-3284-BEB6-94E4A14D789F> /System/Library/PrivateFrameworks/MetalTools.framework/Versions/A/MetalTools
     dyld[46991]: <818ED21F-78B0-35A6-8759-A7ECABF2BFC8> /System/Library/PrivateFrameworks/IOAccelMemoryInfo.framework/Versions/A/IOAccelMemoryInfo
     dyld[46991]: <983D9B3D-E395-3028-A6C5-53A3A18B6604> /System/Library/PrivateFrameworks/kperf.framework/Versions/A/kperf
     dyld[46991]: <F8E5C533-6122-3B5D-B88A-A47C32109A9A> /System/Library/PrivateFrameworks/GPURawCounter.framework/Versions/A/GPURawCounter
     dyld[46991]: <1DB46CCA-B13C-3959-BC00-924F576CB767> /System/Library/PrivateFrameworks/ASEProcessing.framework/Versions/A/ASEProcessing
     dyld[46991]: <4102CB7D-49E9-345A-A779-3AE810B87268> /System/Library/PrivateFrameworks/Symbolication.framework/Versions/A/Symbolication
     dyld[46991]: <1D4A69BF-58CF-3D49-A5FE-060A6882656F> /System/Library/PrivateFrameworks/PhotosensitivityProcessing.framework/Versions/A/PhotosensitivityProcessing
     dyld[46991]: <AE03A46C-9FB6-374D-B37E-9718D375A651> /System/Library/PrivateFrameworks/SILManager.framework/Versions/A/SILManager
     dyld[46991]: <330E7EFA-BC89-312E-BCB8-7B1DF5D9DE3A> /System/Library/PrivateFrameworks/CoreSymbolication.framework/Versions/A/CoreSymbolication
     dyld[46991]: <8719F16D-7F55-3975-998C-06005D5DDC68> /System/Library/PrivateFrameworks/MallocStackLogging.framework/Versions/A/MallocStackLogging
     dyld[46991]: <9B8E1A80-3FE3-39C1-A2FD-47BA6DFA959D> /System/Library/PrivateFrameworks/DebugSymbols.framework/Versions/A/DebugSymbols
     dyld[46991]: <D89BF7AA-5A74-3F60-B20C-8250BD62F6B4> /System/Library/PrivateFrameworks/OSAnalytics.framework/Versions/A/OSAnalytics
     dyld[46991]: <34A24CD5-073C-3E55-8D5F-83818DFCB057> /System/Library/PrivateFrameworks/DeviceRecovery.framework/Versions/A/DeviceRecovery
     dyld[46991]: <5BD8491A-8C15-3964-9B0F-B1C9369DC3FC> /System/Library/PrivateFrameworks/Tightbeam.framework/Versions/A/Tightbeam
     dyld[46991]: <B5EAFB22-7AE0-343B-95BB-7BB58955A702> /usr/lib/swift/libswiftCompression.dylib
     dyld[46991]: <5F0A0B0B-7997-351F-99D8-0517689BBABD> /System/Library/PrivateFrameworks/AFKUser.framework/Versions/A/AFKUser
     dyld[46991]: <CA3F2D29-2FCB-3DF4-ADA9-94072A8A6CBD> /System/Library/Frameworks/ApplicationServices.framework/Versions/A/Frameworks/ATSUI.framework/Versions/A/ATSUI
     dyld[46991]: <85AB42E3-076F-3B68-ACCF-98625AA5E3D9> /System/Library/PrivateFrameworks/SAObjects.framework/Versions/A/SAObjects
     dyld[46991]: <A329E39B-D87D-356B-AA05-3A30CC0DBEEF> /System/Library/Frameworks/AudioToolbox.framework/Versions/A/AudioToolbox
     dyld[46991]: <459BA19D-9D3F-32BB-9BE4-176D95B85BCF> /System/Library/PrivateFrameworks/MediaRemote.framework/Versions/A/MediaRemote
     dyld[46991]: <DCCDD83A-C276-3DD3-8F2E-6D3B899BB586> /System/Library/Frameworks/UserNotifications.framework/Versions/A/UserNotifications
     dyld[46991]: <F12A1855-5F99-3D8A-AA13-23CA64268CD7> /System/Library/PrivateFrameworks/SiriInstrumentation.framework/Versions/A/SiriInstrumentation
     dyld[46991]: <10891579-226D-3750-91A9-D98D111EA3BA> /System/Library/PrivateFrameworks/SiriAnalytics.framework/Versions/A/SiriAnalytics
     dyld[46991]: <0C21B87C-6478-362B-AF45-D3A1D4A83FCF> /System/Library/PrivateFrameworks/SiriTTSService.framework/Versions/A/SiriTTSService
     dyld[46991]: <5D8E0ADB-8A76-34C1-92D6-AF35C7EA73CF> /System/Library/PrivateFrameworks/SiriCrossDeviceArbitration.framework/Versions/A/SiriCrossDeviceArbitration
     dyld[46991]: <784C4442-B822-3412-AF09-A1E753DDFFA3> /System/Library/PrivateFrameworks/FeedbackLogger.framework/Versions/A/FeedbackLogger
     dyld[46991]: <760531A3-5E19-39C5-84B1-A445B2A50129> /System/Library/PrivateFrameworks/FaceTimeNameUtility.framework/Versions/A/FaceTimeNameUtility
     dyld[46991]: <033D0C7B-216E-3D54-AD8C-B83BDE9B4F2D> /System/Library/PrivateFrameworks/AuthKit.framework/Versions/A/AuthKit
     dyld[46991]: <D04C8621-DE39-35FD-9351-1627B71F02DC> /System/Library/PrivateFrameworks/SiriCrossDeviceArbitrationFeedback.framework/Versions/A/SiriCrossDeviceArbitrationFeedback
     dyld[46991]: <E410F3F8-843C-3FCA-968C-3C864D829AF2> /usr/lib/swift/libswiftCoreLocation.dylib
     dyld[46991]: <373189AA-6180-34D7-BA84-6BE401E4E1B9> /usr/lib/swift/libswiftAVFoundation.dylib
     dyld[46991]: <3E7267BC-3D63-3785-8279-A8823C9C758F> /System/Library/PrivateFrameworks/UIKitServices.framework/Versions/A/UIKitServices
     dyld[46991]: <83745C57-DE3B-394D-A83A-D71C79F3A8B9> /System/Library/PrivateFrameworks/UnifiedAssetFramework.framework/Versions/A/UnifiedAssetFramework
     dyld[46991]: <5FEF75E9-F1DD-3FA9-A8B0-81277371B8FC> /System/Library/PrivateFrameworks/AudioSession.framework/Versions/A/AudioSession
     dyld[46991]: <FA90EFCA-B936-357B-BF18-16A0FB34B9E9> /System/Library/PrivateFrameworks/MediaExperience.framework/Versions/A/MediaExperience
     dyld[46991]: <BBC3CD71-264B-3C66-A2C0-5D4D266256EA> /System/Library/PrivateFrameworks/AudioSession.framework/libSessionUtility.dylib
     dyld[46991]: <DD4B10E2-D4D6-3490-A745-33527E18CAAA> /System/Library/PrivateFrameworks/AudioAccessoryServices.framework/Versions/A/AudioAccessoryServices
     dyld[46991]: <E3CE1636-EE20-35AF-B55A-F42B7B266EA4> /System/Library/Frameworks/CoreBluetooth.framework/Versions/A/CoreBluetooth
     dyld[46991]: <51458515-C89E-317A-850D-182764F322EE> /System/Library/PrivateFrameworks/CoreUtils.framework/Versions/A/CoreUtils
     dyld[46991]: <C9A86813-25EE-3439-8F66-A83F1A5015EC> /System/Library/PrivateFrameworks/HID.framework/Versions/A/HID
     dyld[46991]: <F1FB23C7-7BB9-3B7C-87A2-7CA7F343ED61> /System/Library/PrivateFrameworks/Sharing.framework/Versions/A/Sharing
     dyld[46991]: <D18AF20A-1BF0-383C-9E97-96CDCECE07A7> /System/Library/PrivateFrameworks/CoreUtilsExtras.framework/Versions/A/CoreUtilsExtras
     dyld[46991]: <5A300AF2-96D7-3A85-ACA6-9084A7C40C6D> /System/Library/PrivateFrameworks/IO80211.framework/Versions/A/IO80211
     dyld[46991]: <963A1CA0-DEBD-3341-81A2-DB5B34283C7B> /System/Library/PrivateFrameworks/IDSFoundation.framework/Versions/A/IDSFoundation
     dyld[46991]: <8F99AE0B-A693-349F-8904-B70ECB1C86AA> /System/Library/PrivateFrameworks/Apple80211.framework/Versions/A/Apple80211
     dyld[46991]: <9C05D8FD-3F10-3476-8A3C-501966EA13D2> /System/Library/Frameworks/CoreWLAN.framework/Versions/A/CoreWLAN
     dyld[46991]: <604B1733-3682-3AF6-9F07-C85C999F3131> /System/Library/Frameworks/IOBluetooth.framework/Versions/A/IOBluetooth
     dyld[46991]: <F11740D9-FE8D-38B3-99A9-666EE022F7A7> /usr/lib/swift/libswiftRegexBuilder.dylib
     dyld[46991]: <1F2E4950-8060-35D0-B598-D2196F2728B3> /System/Library/PrivateFrameworks/IMFoundation.framework/Versions/A/IMFoundation
     dyld[46991]: <462A888C-46C7-324A-8A18-4053C6CB2961> /System/Library/PrivateFrameworks/Marco.framework/Versions/A/Marco
     dyld[46991]: <736A1792-0123-3722-822B-495B27044953> /System/Library/PrivateFrameworks/CommonUtilities.framework/Versions/A/CommonUtilities
     dyld[46991]: <E78D4693-B886-3DE1-A029-497B47261DA3> /System/Library/PrivateFrameworks/Engram.framework/Versions/A/Engram
     dyld[46991]: <1ACD9883-DEC9-3AF0-9E28-B11F4E1DC3F9> /System/Library/PrivateFrameworks/XPCDistributed.framework/Versions/A/XPCDistributed
     dyld[46991]: <AFE528E7-451E-3EE9-8E02-7693A2C391B9> /usr/lib/libtidy.A.dylib
     dyld[46991]: <C579F691-0120-3BEC-9993-E3CD5F7105A3> /System/Library/PrivateFrameworks/Bom.framework/Versions/A/Bom
     dyld[46991]: <82153ECE-36A2-3514-87DE-3B8A53E96727> /usr/lib/libParallelCompression.dylib
     dyld[46991]: <68CCF67B-1C66-30C0-9135-00BA5B75586F> /usr/lib/libIOReport.dylib
     dyld[46991]: <0D7C76A0-047B-398E-B2A8-FD4705F72E5D> /System/Library/PrivateFrameworks/WiFiPeerToPeer.framework/Versions/A/WiFiPeerToPeer
     dyld[46991]: <E5FF4EE4-5A8B-3CBA-BA37-3FE6C7012B0D> /System/Library/Frameworks/SecurityFoundation.framework/Versions/A/SecurityFoundation
     dyld[46991]: <E2954A31-B31C-3C9B-A7F9-12CAEC0D1D4E> /System/Library/PrivateFrameworks/Centauri.framework/Versions/A/Centauri
     dyld[46991]: <65CFA8A7-E7D2-383A-9C47-D2AF8A46AA22> /System/Library/PrivateFrameworks/Lexicon.framework/Versions/A/Lexicon
     dyld[46991]: <188D929F-E81D-3922-BCB4-8D34B4E75EA7> /usr/lib/libmrc.dylib
     dyld[46991]: <783A3989-84DE-3340-9292-052A10B7DAD7> /System/Library/PrivateFrameworks/IPConfiguration.framework/Versions/A/IPConfiguration
     dyld[46991]: <ECFD5323-6A6A-3231-B90E-57E1332B0122> /System/Library/PrivateFrameworks/Netrb.framework/Versions/A/Netrb
     dyld[46991]: <A34C688D-A13A-3625-934C-801A13990594> /System/Library/PrivateFrameworks/FrontBoardServices.framework/Versions/A/FrontBoardServices
     dyld[46991]: <604E97FC-C938-306C-9DBB-36B10AFFBA39> /usr/lib/libgermantok.dylib
     dyld[46991]: <B5E076A6-50D6-3B48-AACD-E1FC575BDCEE> /System/Library/PrivateFrameworks/LinguisticData.framework/Versions/A/LinguisticData
     dyld[46991]: <7EDD9E23-5D91-344A-812B-CFD814180C55> /System/Library/PrivateFrameworks/MultiverseSupport.framework/Versions/A/MultiverseSupport
     dyld[46991]: <1AFFCA76-E71A-385E-A3C8-968CDBE9E57D> /System/Library/PrivateFrameworks/DiskManagement.framework/Versions/A/DiskManagement
     dyld[46991]: <4B693927-5B0A-364E-BC11-F560B1D707FE> /System/Library/PrivateFrameworks/AppleIDAuthSupport.framework/Versions/A/AppleIDAuthSupport
     dyld[46991]: <0E5752E3-313E-3B50-9FB4-DB13FECB0BD7> /System/Library/PrivateFrameworks/AAAFoundation.framework/Versions/A/AAAFoundation
     dyld[46991]: <B9966194-B1A6-3ED2-98C9-0D4B49D2617E> /System/Library/PrivateFrameworks/KeychainCircle.framework/Versions/A/KeychainCircle
     dyld[46991]: <5ED2FD61-010A-3627-92E8-151E71B739D8> /System/Library/PrivateFrameworks/URLFormatting.framework/Versions/A/URLFormatting
     dyld[46991]: <7EE79F42-1420-301B-A9FF-2A63A4023C91> /usr/lib/libcsfde.dylib
     dyld[46991]: <AA8EDD1F-E406-3164-9FB9-BB0C61256AFF> /usr/lib/libCoreStorage.dylib
     dyld[46991]: <80627B52-C5CE-3DC4-A12D-D15FE46A62BA> /System/Library/PrivateFrameworks/MediaKit.framework/Versions/A/MediaKit
     dyld[46991]: <4C6BBB60-2884-3DC8-9FCB-472BCD087D84> /System/Library/Frameworks/DiscRecording.framework/Versions/A/DiscRecording
     dyld[46991]: <96666EFB-8A3D-30BB-950A-9DDC1DB3F59D> /System/Library/PrivateFrameworks/ProtectedCloudStorage.framework/Versions/A/ProtectedCloudStorage
     dyld[46991]: <1E0D7C92-7F70-34BE-9D61-9F7F4781EBE4> /System/Library/PrivateFrameworks/EFILogin.framework/Versions/A/EFILogin
     dyld[46991]: <E1A205BF-B3FB-31BF-8685-6D46BA78891E> /usr/lib/libheimdal-asn1.dylib
     dyld[46991]: <E2BDB12D-C844-3770-9411-0E35049ECB5E> /System/Library/PrivateFrameworks/OctagonTrust.framework/Versions/A/OctagonTrust
     dyld[46991]: <2DF001A3-1D2B-3847-A2FC-79104BDC0783> /System/Library/Frameworks/AudioUnit.framework/Versions/A/AudioUnit
     dyld[46991]: <EE42062E-8EDF-332C-98C1-03464732CA4A> /System/Library/Frameworks/OpenDirectory.framework/Versions/A/OpenDirectory
     dyld[46991]: <90CA166B-D72F-3584-BF0B-8797CFFA959E> /System/Library/Frameworks/OpenDirectory.framework/Versions/A/Frameworks/CFOpenDirectory.framework/Versions/A/CFOpenDirectory
     dyld[46991]: <40753222-0047-3DE4-954C-5879C584A975> /System/Library/PrivateFrameworks/GeoServices.framework/Versions/A/GeoServices
     dyld[46991]: <FDD11407-B7F3-331B-B53D-32081A2D1AED> /System/Library/PrivateFrameworks/LocationSupport.framework/Versions/A/LocationSupport
     dyld[46991]: <23D11648-1076-3BD7-BFD5-CA4A6B9AE066> /System/Library/PrivateFrameworks/GeoServicesCore.framework/Versions/A/GeoServicesCore
     dyld[46991]: <524F80A2-1ACD-3FA7-9D74-1F47697294EB> /System/Library/PrivateFrameworks/PhoneNumbers.framework/Versions/A/PhoneNumbers
     dyld[46991]: <2A2AE353-0BCE-3AF5-8C2B-1B5F1F0656E7> /System/Library/PrivateFrameworks/LocationLogEncryption.framework/Versions/A/LocationLogEncryption
     dyld[46991]: <CF6E08AD-C2EC-3A40-8537-0D2BDA291D31> /System/Library/Frameworks/AVFAudio.framework/Versions/A/AVFAudio
     dyld[46991]: <7924633C-6200-3B69-884D-A6E5527CA4B5> /System/Library/Frameworks/AVRouting.framework/Versions/A/AVRouting
     dyld[46991]: <2FFD2C50-D8C7-3D4F-AB17-10C8DDD4ECC0> /usr/lib/libAccessibility.dylib
     dyld[46991]: <E47B5590-4F10-352D-806F-E1FAACE16809> /System/Library/PrivateFrameworks/MediaServices.framework/Versions/A/MediaServices
     dyld[46991]: <1F5A6198-4F24-3980-A96A-DA16430B882B> /System/Library/PrivateFrameworks/IDS.framework/Versions/A/IDS
     dyld[46991]: <4228A6FB-1852-34DA-A9A6-9B22346DC839> /System/Library/PrivateFrameworks/IsolatedCoreAudioClient.framework/Versions/A/IsolatedCoreAudioClient
     dyld[46991]: <9B662466-E585-34C6-9A2F-38F865966314> /System/Library/PrivateFrameworks/CoreAudioOrchestration.framework/Versions/A/CoreAudioOrchestration
     dyld[46991]: <BE8AD136-C9D0-3589-A37D-4A93E7646FC5> /System/Library/Frameworks/MediaToolbox.framework/Versions/A/MediaToolbox
     dyld[46991]: <C024D081-EF4D-347B-B00F-08CE310BC6E6> /System/Library/PrivateFrameworks/CoreAVCHD.framework/Versions/A/CoreAVCHD
     dyld[46991]: <544DDE9D-EF38-3D98-B16A-00361208DABA> /System/Library/Frameworks/MediaAccessibility.framework/Versions/A/MediaAccessibility
     dyld[46991]: <1845678B-2A2E-3D8F-B05E-3D5054E40973> /System/Library/PrivateFrameworks/Mangrove.framework/Versions/A/Mangrove
     dyld[46991]: <83720246-3181-37EB-AE16-01967CC80DAF> /System/Library/PrivateFrameworks/CMPhoto.framework/Versions/A/CMPhoto
     dyld[46991]: <C6CCE499-C57B-3499-8BBF-B1F036A037F3> /System/Library/Frameworks/CoreTelephony.framework/Versions/A/CoreTelephony
     dyld[46991]: <7C1C3A7F-6247-33D2-B4B8-375AA417817E> /System/Library/PrivateFrameworks/CoreAUC.framework/Versions/A/CoreAUC
     dyld[46991]: <BF6FC404-E3BB-3740-896C-B7BF4193B547> /System/Library/PrivateFrameworks/AppleJPEGXL.framework/Versions/A/AppleJPEGXL
     dyld[46991]: <3AD5EDAE-8A75-3E29-AA40-63912718CEC9> /usr/lib/libTelephonyUtilDynamic.dylib
     dyld[46991]: <8A415D0E-18E7-3C99-B89D-14805F500FB0> /System/Library/Frameworks/CryptoKit.framework/Versions/A/CryptoKit
     dyld[46991]: <73EA0865-BCC3-3084-A011-93CD0A55C4EF> /System/Library/PrivateFrameworks/CryptoKitCBridging.framework/Versions/A/CryptoKitCBridging
     dyld[46991]: <B214381B-F0CF-3F0E-B2B5-187CBF29616F> /System/Library/Frameworks/CryptoTokenKit.framework/Versions/A/CryptoTokenKit
     dyld[46991]: <A68DE487-B65B-390A-A82B-6B62956B353F> /System/Library/Frameworks/LocalAuthentication.framework/Versions/A/LocalAuthentication
     dyld[46991]: <53C1AF34-43D2-3DAA-9062-D295F72BFDF3> /System/Library/PrivateFrameworks/LocalAuthenticationCore.framework/Versions/A/LocalAuthenticationCore
     dyld[46991]: <251AA620-1546-3DF5-8EFF-B9F9463112D0> /System/Library/PrivateFrameworks/LocalAuthenticationCredentialServices.framework/Versions/A/LocalAuthenticationCredentialServices
     dyld[46991]: <957A2E58-89EE-36DE-9213-2E23DB420C7F> /System/Library/Frameworks/LocalAuthentication.framework/Support/SharedUtils.framework/Versions/A/SharedUtils
     dyld[46991]: <8A83CAEF-70FC-39B2-A1C9-F312BD81B8D5> /System/Library/PrivateFrameworks/PersistentConnection.framework/Versions/A/PersistentConnection
     dyld[46991]: <DA5DF9EF-9649-3931-B1CF-606D0B1A2BE5> /System/Library/PrivateFrameworks/SonicFoundation.framework/Versions/A/SonicFoundation
     dyld[46991]: <9F9CDD5B-1D43-3CF4-8B88-4938A6637AF5> /System/Library/PrivateFrameworks/AsyncAlgorithmsInternal.framework/Versions/A/AsyncAlgorithmsInternal
     dyld[46991]: <95BAC2EC-84F7-3448-A4C3-AA2F920867C6> /System/Library/PrivateFrameworks/FTAWD.framework/Versions/A/FTAWD
     dyld[46991]: <EDAA9D64-779E-34FE-83D2-DF4EF35BAA59> /System/Library/PrivateFrameworks/Dendrite.framework/Versions/A/Dendrite
     dyld[46991]: <924805FA-0938-34FA-B76A-4051A087CD65> /usr/lib/libtailspin.dylib
     dyld[46991]: <4FB12471-97FF-306E-B552-B481203A8E1B> /System/Library/PrivateFrameworks/Osprey.framework/Versions/A/Osprey
     dyld[46991]: <7EE764AE-8E9B-35DB-8839-EE01750F25AB> /System/Library/PrivateFrameworks/SiriTTS.framework/Versions/A/SiriTTS
     dyld[46991]: <A896B215-2D9E-37D6-8803-9316AEBF6AF5> /System/Library/Frameworks/NaturalLanguage.framework/Versions/A/NaturalLanguage
     dyld[46991]: <478FDFD4-2C36-32BB-9087-F466F0242B69> /System/Library/PrivateFrameworks/GenerativeModels.framework/Versions/A/GenerativeModels
     dyld[46991]: <6B95CE76-E69D-3598-AADC-E738C94A43BD> /System/Library/PrivateFrameworks/SiriPowerInstrumentation.framework/Versions/A/SiriPowerInstrumentation
     dyld[46991]: <7BC8461C-23ED-39CA-868E-17A68FAFC5AE> /usr/lib/swift/libswiftNaturalLanguage.dylib
     dyld[46991]: <247E2F35-65F7-3834-AF0C-532F577FDF23> /System/Library/PrivateFrameworks/TailspinSymbolication.framework/Versions/A/TailspinSymbolication
     dyld[46991]: <F0BAA541-E9E2-307A-89AE-42558D70DF45> /System/Library/PrivateFrameworks/Darwinup.framework/Versions/A/Darwinup
     dyld[46991]: <ED143A95-22A5-38A0-AFC5-DA00945392EC> /System/Library/PrivateFrameworks/SignpostSupport.framework/Versions/A/SignpostSupport
     dyld[46991]: <3DB3AF5E-12BD-3E05-92D8-6DDC488D5633> /System/Library/PrivateFrameworks/FeatureFlagsSupport.framework/Versions/A/FeatureFlagsSupport
     dyld[46991]: <86614A25-EE71-3F84-9F47-99671A11803D> /System/Library/PrivateFrameworks/ktrace.framework/Versions/A/ktrace
     dyld[46991]: <3C627164-84D9-35A4-AC4D-52A99B7652F0> /System/Library/PrivateFrameworks/SampleAnalysis.framework/Versions/A/SampleAnalysis
     dyld[46991]: <4517DDDB-265A-3561-82F9-41E06C6A17A8> /System/Library/PrivateFrameworks/kperfdata.framework/Versions/A/kperfdata
     dyld[46991]: <3F0E2B57-6317-3262-BA3D-8A069524F8A5> /usr/lib/libdscsym.dylib
     dyld[46991]: <8DCD3201-0098-3106-8870-62A8504F26CE> /System/Library/PrivateFrameworks/AppleMobileFileIntegrity.framework/Versions/A/AppleMobileFileIntegrity
     dyld[46991]: <FC95DB95-FCA7-3F42-B435-20575B99CF3A> /System/Library/PrivateFrameworks/BulkSymbolication.framework/Versions/A/BulkSymbolication
     dyld[46991]: <142382DC-3D11-3191-84F4-6F39BD1C622C> /usr/lib/libTLE.dylib
     dyld[46991]: <0E970B22-63D9-3794-9766-24A3FD8BD273> /usr/lib/libmis.dylib
     dyld[46991]: <5FD96939-8D4B-3228-A1F8-100EF174A0D4> /System/Library/PrivateFrameworks/ConfigProfileHelper.framework/Versions/A/ConfigProfileHelper
     dyld[46991]: <51BD41DD-616A-382D-B1B2-C11BE8C9953A> /System/Library/PrivateFrameworks/Espresso.framework/Versions/A/Espresso
     dyld[46991]: <EDA0F204-8438-3398-91ED-C0E4212C8734> /System/Library/Frameworks/CoreML.framework/Versions/A/CoreML
     dyld[46991]: <308A1DB0-C29C-33AF-9AE2-1F8E4E607152> /usr/lib/libedit.3.dylib
     dyld[46991]: <BABCC719-40D5-3EAB-B20F-F0F1EB329A3E> /System/Library/PrivateFrameworks/ANECompiler.framework/Versions/A/ANECompiler
     dyld[46991]: <1969F88C-4A7F-3B4B-BC08-D3EE33F4D27D> /System/Library/PrivateFrameworks/AppleNeuralEngine.framework/Versions/A/AppleNeuralEngine
     dyld[46991]: <E72BAD3A-0E33-3FC5-8356-3B3176382CB1> /System/Library/PrivateFrameworks/MIL.framework/Versions/A/MIL
     dyld[46991]: <BBB4C092-A3B1-354B-8C32-147F6EB0256D> /System/Library/Frameworks/MetalPerformanceShadersGraph.framework/Versions/A/MetalPerformanceShadersGraph
     dyld[46991]: <54D280F0-3335-3487-AA0D-6A09FFEAEDF7> /System/Library/PrivateFrameworks/MLCompilerServices.framework/Versions/A/MLCompilerServices
     dyld[46991]: <A80CE19E-EA8D-363D-A8F4-409455BECE9B> /System/Library/PrivateFrameworks/ANEServices.framework/Versions/A/ANEServices
     dyld[46991]: <22F988EF-E518-3F7A-BC3D-E44B9D09627D> /usr/lib/libncurses.5.4.dylib
     dyld[46991]: <0A381CB4-37D0-3B5C-ADE0-2C5B4F47D169> /usr/lib/libsandbox.1.dylib
     dyld[46991]: <042A6E19-8B2A-3342-B4C1-AD44661B7E26> /usr/lib/libMatch.1.dylib
     dyld[46991]: <AB03B991-E6D9-3BAF-AA7D-DBFC815699F3> /System/Library/PrivateFrameworks/ODIE.framework/Versions/A/ODIE
     dyld[46991]: <5592BC99-D6A7-303C-8C4C-B839FA6B7508> /System/Library/PrivateFrameworks/MLModelAsset.framework/Versions/A/MLModelAsset
     dyld[46991]: <59B92160-FE47-3CEA-B03A-0099F3901A34> /System/Library/PrivateFrameworks/MLCompilerRuntime.framework/Versions/A/MLCompilerRuntime
     dyld[46991]: <D62682EC-5F79-397C-855C-569554A4AEF8> /System/Library/Frameworks/MLCompute.framework/Versions/A/MLCompute
     dyld[46991]: <873E56C6-57E8-3AD2-A630-B88B0A9669E8> /System/Library/PrivateFrameworks/MLAssetIO.framework/Versions/A/MLAssetIO
     dyld[46991]: <847E52FC-37C0-30DA-88CD-4561DD03C06F> /usr/lib/swift/libswiftMLCompute.dylib
     dyld[46991]: <DC46545D-E02B-3F2D-BEEC-E1BF5735174F> /System/Library/PrivateFrameworks/AVFCore.framework/Versions/A/AVFCore
     dyld[46991]: <3611A176-00BB-35D9-8C0A-9A9A68A8EE9D> /System/Library/PrivateFrameworks/AVFCapture.framework/Versions/A/AVFCapture
     dyld[46991]: <2DEE9322-922F-3B85-82C1-5E3249E3E652> /System/Library/PrivateFrameworks/CMImaging.framework/Versions/A/CMImaging
     dyld[46991]: <072F9166-25F8-3FBF-9002-23E98E8B7C05> /System/Library/PrivateFrameworks/Quagga.framework/Versions/A/Quagga
     dyld[46991]: <FA34827D-C8E0-3BDF-9A4E-FBBF430AD095> /System/Library/PrivateFrameworks/CMCapture.framework/Versions/A/CMCapture
     dyld[46991]: <DD237508-D432-30A0-A553-C4AF2D9F40B6> /System/Library/Frameworks/CoreMediaIO.framework/Versions/A/CoreMediaIO
     dyld[46991]: <D6788223-2453-39F7-9F00-90EE866A3CDA> /System/Library/PrivateFrameworks/CMCaptureDevice.framework/Versions/A/CMCaptureDevice
     dyld[46991]: <68A522A3-ACE1-3597-B6D7-E058D36536FB> /System/Library/PrivateFrameworks/CoreBrightness.framework/Versions/A/CoreBrightness
     dyld[46991]: <02711E78-960E-329A-B5C0-5E38615F2698> /System/Library/PrivateFrameworks/CinematicFraming.framework/Versions/A/CinematicFraming
     dyld[46991]: <735CE046-E62E-3FA5-B38D-1FD82AA32BA8> /System/Library/PrivateFrameworks/ModelManagerServices.framework/Versions/A/ModelManagerServices
     dyld[46991]: <F0165C3A-8601-3789-A114-836489784A93> /System/Library/PrivateFrameworks/CPMS.framework/Versions/A/CPMS
     dyld[46991]: <8B0AAC46-6F12-36F0-9A1C-90D56F41BA09> /System/Library/PrivateFrameworks/SystemStatus.framework/Versions/A/SystemStatus
     dyld[46991]: <FCEB6F4E-E222-3F9B-8226-8E80A789B21B> /System/Library/Frameworks/CoreMotion.framework/Versions/A/CoreMotion
     dyld[46991]: <54DEA4E5-FD31-3AE3-8FEE-3CD99ACFC45B> /System/Library/PrivateFrameworks/TimeSync.framework/Versions/A/TimeSync
     dyld[46991]: <2602D902-9B35-32D2-8F22-8BF2B330B298> /System/Library/PrivateFrameworks/DistributedSensing.framework/Versions/A/DistributedSensing
     dyld[46991]: <0EEAE872-ADDF-3FE0-9601-C56C453597BB> /System/Library/PrivateFrameworks/MobileBluetooth.framework/Versions/A/MobileBluetooth
     dyld[46991]: <FF001948-E029-3473-B7B8-22A4ECFD6560> /System/Library/PrivateFrameworks/IOKitten.framework/Versions/A/IOKitten
     dyld[46991]: <45E1CEA1-A60E-30F3-A90F-B7BFB5C5CC17> /System/Library/PrivateFrameworks/AppleIntelligenceReporting.framework/Versions/A/AppleIntelligenceReporting
     dyld[46991]: <4BC01F57-2373-3DC9-8B71-308A282D7030> /System/Library/PrivateFrameworks/CoreEmoji.framework/Versions/A/CoreEmoji
     dyld[46991]: <8AF3BAA3-66FA-3CEF-A44B-FD79CAC8263F> /usr/lib/libCRFSuite.dylib
     dyld[46991]: <4CD4216A-7270-300F-A31D-70FFACD92E12> /System/Library/PrivateFrameworks/LanguageModeling.framework/Versions/A/LanguageModeling
     dyld[46991]: <E89ACADA-C30F-3E26-9775-E8BAC21A83AA> /System/Library/PrivateFrameworks/CoreNLP.framework/Versions/A/CoreNLP
     dyld[46991]: <3C34BB08-BC5C-397C-A9B5-18A342838CA1> /System/Library/PrivateFrameworks/Montreal.framework/Versions/A/Montreal
     dyld[46991]: <2DED54B9-9B5C-3FB3-859E-AAC46074CC8B> /usr/lib/libcmph.dylib
     dyld[46991]: <5B76CDD8-6E1F-35F6-AF5E-CE4CDA81957E> /usr/lib/libmecab.dylib
     dyld[46991]: <56091C21-AEA9-36A2-A3E3-D50AEC8FFE32> /usr/lib/libThaiTokenizer.dylib
     dyld[46991]: <74E54F2B-B7A6-35D9-8101-F30C7F0C1979> /System/Library/PrivateFrameworks/GenerativeModelsFoundation.framework/Versions/A/GenerativeModelsFoundation
     dyld[46991]: <63409EB4-B247-3B62-835C-80DD1FCB91A2> /System/Library/PrivateFrameworks/TokenGeneration.framework/Versions/A/TokenGeneration
     dyld[46991]: <54D335C7-5679-3ED5-A0E1-C3B9DBF16A9C> /System/Library/PrivateFrameworks/GenerativeFunctions.framework/Versions/A/GenerativeFunctions
     dyld[46991]: <AB49FED6-D7FD-3A6B-B4CF-F73AC4165CE0> /System/Library/PrivateFrameworks/GenerativeFunctionsFoundation.framework/Versions/A/GenerativeFunctionsFoundation
     dyld[46991]: <790009CA-CA2D-3245-B7B1-71C370D33BDB> /System/Library/PrivateFrameworks/ModelCatalog.framework/Versions/A/ModelCatalog
     dyld[46991]: <24F7CF25-24F4-395E-B89D-5C17AE8CE281> /System/Library/PrivateFrameworks/SensitiveContentAnalysisML.framework/Versions/A/SensitiveContentAnalysisML
     dyld[46991]: <A2E625ED-90FF-3BCA-BD28-16F062B82C02> /System/Library/PrivateFrameworks/GenerativeFunctionsInstrumentation.framework/Versions/A/GenerativeFunctionsInstrumentation
     dyld[46991]: <4851991B-9681-37D8-8A62-005249AD29C7> /System/Library/PrivateFrameworks/PromptKit.framework/Versions/A/PromptKit
     dyld[46991]: <A4C38BBC-95E3-38DD-B873-243C53B83A4F> /System/Library/PrivateFrameworks/ProactiveDaemonSupport.framework/Versions/A/ProactiveDaemonSupport
     dyld[46991]: <832BF595-350A-3753-8721-D894475016CB> /System/Library/PrivateFrameworks/TokenGenerationCore.framework/Versions/A/TokenGenerationCore
     dyld[46991]: <E65C3A22-B998-3185-9DE5-3169814179BF> /System/Library/PrivateFrameworks/Trial.framework/Versions/A/Trial
     dyld[46991]: <F66F08E4-F915-3CAE-AF88-70F76AD35303> /System/Library/PrivateFrameworks/TrialProto.framework/Versions/A/TrialProto
     dyld[46991]: <4BE321D2-8DF6-3D5E-A531-4E2F77BEE441> /System/Library/PrivateFrameworks/AppleFlatBuffers.framework/Versions/A/AppleFlatBuffers
     dyld[46991]: <92A1FE17-1D6F-347B-B1C3-D2C03B6C0DCE> /System/Library/PrivateFrameworks/SentencePieceInternal.framework/Versions/A/SentencePieceInternal
     dyld[46991]: <4FFA7ECB-BCA8-3B4D-86F9-9F2C9E084944> /System/Library/Frameworks/Vision.framework/Versions/A/Vision
     dyld[46991]: <0A6304CC-6DC4-3079-9FAB-8B9F001C8545> /System/Library/PrivateFrameworks/CoreSceneUnderstanding.framework/Versions/A/CoreSceneUnderstanding
     dyld[46991]: <5E086014-D330-3672-9776-E23E8325DD67> /System/Library/PrivateFrameworks/VisionCore.framework/Versions/A/VisionCore
     dyld[46991]: <A20BF0E3-F8A9-36AA-B28B-2EF282FC9BF5> /System/Library/PrivateFrameworks/DataDetectorsCore.framework/Versions/A/DataDetectorsCore
     dyld[46991]: <23068BF1-0F33-3129-9965-57B1621737DE> /System/Library/Frameworks/Vision.framework/libfaceCore.dylib
     dyld[46991]: <5F8738D4-6C03-3DEA-953D-9E31C389E7E1> /System/Library/PrivateFrameworks/Futhark.framework/Versions/A/Futhark
     dyld[46991]: <2849D0C3-42A0-3D94-A2B7-F686BD7F760D> /System/Library/PrivateFrameworks/InertiaCam.framework/Versions/A/InertiaCam
     dyld[46991]: <393E9D23-8D8D-373B-A8D8-6CF2652D2DAF> /System/Library/PrivateFrameworks/TextRecognition.framework/Versions/A/TextRecognition
     dyld[46991]: <0872179E-DB9E-39FF-B22A-05EA62FC0F88> /System/Library/Frameworks/DataDetection.framework/Versions/A/DataDetection
     dyld[46991]: <5D3DDFC0-3341-3DAC-A80C-0DFBD0421669> /System/Library/PrivateFrameworks/TextInput.framework/Versions/A/TextInput
     dyld[46991]: <A37EF3CE-63A5-3AB5-B3E2-E089F818FF35> /System/Library/PrivateFrameworks/CVNLP.framework/Versions/A/CVNLP
     dyld[46991]: <256C79BC-8BEB-390C-95D4-BFEFB95E66A1> /System/Library/PrivateFrameworks/IntentsFoundation.framework/Versions/A/IntentsFoundation
     dyld[46991]: <E12CB54A-E895-3D38-8D62-01C5DF8430AB> /System/Library/PrivateFrameworks/HIDDisplay.framework/Versions/A/HIDDisplay
     dyld[46991]: <A9F79F7C-A5F8-3164-BEEC-60B19D90DCF2> /usr/lib/libcups.2.dylib
     dyld[46991]: <74F49C08-DE60-3E55-A037-F0A34E81BF04> /System/Library/Frameworks/Kerberos.framework/Versions/A/Kerberos
     dyld[46991]: <F71E234F-8D15-388D-8819-709BB2AE1ACC> /usr/lib/libresolv.9.dylib
     dyld[46991]: <139B1DBE-2FDA-3AE7-9BDE-12D5BA3C8D22> /System/Library/PrivateFrameworks/Heimdal.framework/Versions/A/Heimdal
     dyld[46991]: <9BBF5DE9-CCD9-3CF3-8C05-45FB5CCEFEC3> /System/Library/Frameworks/Kerberos.framework/Versions/A/Libraries/libHeimdalProxy.dylib
     dyld[46991]: <FFE98159-EDC3-3520-ADAC-F9001408ADD5> /System/Library/PrivateFrameworks/CommonAuth.framework/Versions/A/CommonAuth
     dyld[46991]: <17C4F6B8-0A9A-3BF8-8D40-35ABCF9F0D89> /System/Library/PrivateFrameworks/AXCoreUtilities.framework/Versions/A/AXCoreUtilities
     dyld[46991]: <8EB0DEAA-CD94-3710-AF80-DBF6947A8250> /System/Library/PrivateFrameworks/AttributeGraph.framework/Versions/A/AttributeGraph
     dyld[46991]: <D4766E61-EB81-3FA1-9C48-31BC986B0607> /usr/lib/libAXSafeCategoryBundle.dylib
     dyld[46991]: <6E4CAEF6-667C-3A56-9BE2-892F689894E4> /System/Library/Frameworks/TabularData.framework/Versions/A/TabularData
     dyld[46991]: <00E79E4B-C0FD-3DF8-A8C3-9C812A9DB049> /System/Library/PrivateFrameworks/ArgumentParserInternal.framework/Versions/A/ArgumentParserInternal
     dyld[46991]: <CB222F12-FB2E-3310-88A1-A5AE7EFF8CAE> /System/Library/Frameworks/Accelerate.framework/Versions/A/Frameworks/vecLib.framework/Versions/A/libvDSP.dylib
     dyld[46991]: <C2F81286-0ED4-319D-A96D-10591BD15F4E> /System/Library/Frameworks/Accelerate.framework/Versions/A/Frameworks/vecLib.framework/Versions/A/libLAPACK.dylib
     dyld[46991]: <424CA6AD-D7AA-3297-B069-745682F71E84> /System/Library/Frameworks/Accelerate.framework/Versions/A/Frameworks/vecLib.framework/Versions/A/libLinearAlgebra.dylib
     dyld[46991]: <BDF370A4-972F-34A4-AED7-89885C35D933> /System/Library/Frameworks/Accelerate.framework/Versions/A/Frameworks/vecLib.framework/Versions/A/libSparseBLAS.dylib
     dyld[46991]: <F2B12F6B-6C47-3B39-BE8F-68EB37545F72> /System/Library/Frameworks/Accelerate.framework/Versions/A/Frameworks/vecLib.framework/Versions/A/libQuadrature.dylib
     dyld[46991]: <811E61C5-2282-3FA8-939D-D1B9C75ECC62> /System/Library/Frameworks/Accelerate.framework/Versions/A/Frameworks/vecLib.framework/Versions/A/libBNNS.dylib
     dyld[46991]: <C7FD2C22-55FC-3D31-8AF3-BF842A039AF9> /System/Library/Frameworks/Accelerate.framework/Versions/A/Frameworks/vecLib.framework/Versions/A/libSparse.dylib
     dyld[46991]: <7A483FDA-AB8C-3E7C-92E6-07347F67B678> /System/Library/PrivateFrameworks/ApplePushService.framework/Versions/A/ApplePushService
     dyld[46991]: <C5A18DFA-6B18-3455-830A-E372A495FB1D> /System/Library/Frameworks/CloudKit.framework/Versions/A/CloudKit
     dyld[46991]: <0A7A4F54-298F-384E-86C0-0E9A5C69E9E5> /System/Library/PrivateFrameworks/CoreDuetDaemonProtocol.framework/Versions/A/CoreDuetDaemonProtocol
     dyld[46991]: <17D0003A-F405-3CCF-832D-BCADB65BC83F> /System/Library/PrivateFrameworks/DeviceIdentity.framework/Versions/A/DeviceIdentity
     dyld[46991]: <E26F180A-1868-3E33-9277-1C73F917DE55> /System/Library/Frameworks/SharedWithYouCore.framework/Versions/A/SharedWithYouCore
     dyld[46991]: <7B5C93A3-1AF7-3273-9182-60B965FBB279> /System/Library/PrivateFrameworks/CloudTelemetry.framework/Versions/A/CloudTelemetry
     dyld[46991]: <CD1BB171-94DA-350C-8276-04EA8B71C6E7> /System/Library/PrivateFrameworks/AppleAccount.framework/Versions/A/AppleAccount
     dyld[46991]: <6D910C58-E7C6-34AB-907F-89C2EA3E8B5C> /System/Library/PrivateFrameworks/C2.framework/Versions/A/C2
     dyld[46991]: <1BE4EC57-9B8A-34C4-BFC9-BC9A229BBB08> /System/Library/PrivateFrameworks/CloudCoreInternal.framework/Versions/A/CloudCoreInternal
     dyld[46991]: <EDB20CBF-D173-3BD4-A483-3C509C15D24D> /System/Library/PrivateFrameworks/CloudAsset.framework/Versions/A/CloudAsset
     dyld[46991]: <696E88E7-5CF6-3095-80C0-57B9A913887A> /System/Library/Frameworks/PushKit.framework/Versions/A/PushKit
     dyld[46991]: <100BE8FB-6C47-33E3-9FC4-A45A5106721A> /System/Library/Frameworks/CoreTransferable.framework/Versions/A/CoreTransferable
     dyld[46991]: <08675344-FA9F-3CC2-8ED8-C572C841B504> /System/Library/PrivateFrameworks/NetAuth.framework/Versions/A/NetAuth
     dyld[46991]: <8E702F90-53C5-3A91-A0F8-94409A59BAF3> /System/Library/PrivateFrameworks/login.framework/Versions/A/Frameworks/loginsupport.framework/Versions/A/loginsupport
     dyld[46991]: <78C04A6C-63CF-339A-90C8-F25BA9C4C1CE> /System/Library/PrivateFrameworks/CloudTelemetryTools.framework/Versions/A/CloudTelemetryTools
     dyld[46991]: <A23C0860-6454-3F01-A064-C8982EBBFF48> /System/Library/PrivateFrameworks/CloudTelemetryShared.dylib
     dyld[46991]: <907F9C53-06D9-3604-A13D-183642237619> /System/Library/PrivateFrameworks/RTCReporting.framework/Versions/A/RTCReporting
     dyld[46991]: <90B0724C-CBDF-35B7-91AA-38F8E07E543D> /System/Library/PrivateFrameworks/AAAFoundationSwift.framework/Versions/A/AAAFoundationSwift
     dyld[46991]: <95A65CAD-54BC-3CDD-B27A-90572D2A848F> /System/Library/PrivateFrameworks/AppleIDSSOAuthentication.framework/Versions/A/AppleIDSSOAuthentication
     dyld[46991]: <B2BA9719-73C5-3061-9915-25FC68C198D6> /System/Library/PrivateFrameworks/UIFoundation.framework/Versions/A/UIFoundation
     dyld[46991]: <6784252E-9BE1-332F-8D0C-CF7FB6C9FB56> /System/Library/PrivateFrameworks/CaptiveNetwork.framework/Versions/A/CaptiveNetwork
     dyld[46991]: <2DFBEDC5-0C41-3FF8-B1AB-334EE3621FC9> /System/Library/PrivateFrameworks/EAP8021X.framework/Versions/A/EAP8021X
     dyld[46991]: <D828B798-9303-3C0A-9F83-5B24A36E1670> /System/Library/PrivateFrameworks/CryptoKitPrivate.framework/Versions/A/CryptoKitPrivate
     dyld[46991]: <7B08EA3F-6BA2-39B2-979D-D36A03961343> /System/Library/PrivateFrameworks/FindMyDevice.framework/Versions/A/FindMyDevice
     dyld[46991]: <57FD92AE-E8D7-3D48-AF71-F74CD3D2AD56> /System/Library/PrivateFrameworks/FMCoreLite.framework/Versions/A/FMCoreLite
     dyld[46991]: <0B4562F4-D2B8-362C-AC29-8E9B106F937C> /System/Library/Frameworks/ServiceManagement.framework/Versions/A/ServiceManagement
     dyld[46991]: <4428FA9C-988B-3235-98EB-1FC596D283D1> /usr/lib/libCheckFix.dylib
     dyld[46991]: <7CA1C787-8112-3F53-9419-1EA66ECF08B3> /System/Library/PrivateFrameworks/MetadataUtilities.framework/Versions/A/MetadataUtilities
     dyld[46991]: <B820DEFE-59D8-3A6A-BB23-56E594F57F9C> /System/Library/PrivateFrameworks/InstalledContentLibrary.framework/Versions/A/InstalledContentLibrary
     dyld[46991]: <9B52CDCA-8EFD-3512-A265-C5D8CE2B8998> /System/Library/PrivateFrameworks/CoreServicesStore.framework/Versions/A/CoreServicesStore
     dyld[46991]: <3BD7BCA8-66D2-34D7-BA3F-A3B3197E1F44> /usr/lib/libapp_launch_measurement.dylib
     dyld[46991]: <7783C2DD-5853-312A-8EF1-B5DDC441531D> /System/Library/PrivateFrameworks/MobileSystemServices.framework/Versions/A/MobileSystemServices
     dyld[46991]: <C428B34A-AB0B-34ED-9C94-8DC908D4A12B> /usr/lib/libxslt.1.dylib
     dyld[46991]: <F1725141-8B9B-363A-838E-17B20313568E> /System/Library/PrivateFrameworks/BackgroundTaskManagement.framework/Versions/A/BackgroundTaskManagement
     dyld[46991]: <957F947F-00ED-3468-B07B-20900D64DB71> /usr/lib/libcurl.4.dylib
     dyld[46991]: <FE236487-745A-39C9-A6A5-D937AD7BDC2E> /usr/lib/libcrypto.46.dylib
     dyld[46991]: <6E6A6A29-3741-365F-A90D-785C2C86D71A> /usr/lib/libssl.48.dylib
     dyld[46991]: <9AC45415-37D3-369E-846C-6C2F072899F9> /System/Library/Frameworks/LDAP.framework/Versions/A/LDAP
     dyld[46991]: <48980122-ECA5-383C-A043-6F2BE6BAA017> /System/Library/PrivateFrameworks/TrustEvaluationAgent.framework/Versions/A/TrustEvaluationAgent
     dyld[46991]: <65BCF638-CADE-3CB2-97FB-D33E91D93C8D> /usr/lib/libsasl2.2.dylib
     dyld[46991]: move loaded to delayed: XPCSupport
     dyld[46991]: move loaded to delayed: CoreFoundation
     dyld[46991]: move loaded to delayed: libswiftCore.dylib
     dyld[46991]: move loaded to delayed: Foundation
     dyld[46991]: move loaded to delayed: libswiftObjectiveC.dylib
     dyld[46991]: move loaded to delayed: libswiftPrespecialized.dylib
     dyld[46991]: move loaded to delayed: SystemConfiguration
     dyld[46991]: move loaded to delayed: libz.1.dylib
     dyld[46991]: move loaded to delayed: CoreAutoLayout
     dyld[46991]: move loaded to delayed: libcmark-gfm.dylib
     dyld[46991]: move loaded to delayed: libfakelink.dylib
     dyld[46991]: move loaded to delayed: libcompression.dylib
     dyld[46991]: move loaded to delayed: CFNetwork
     dyld[46991]: move loaded to delayed: DiskArbitration
     dyld[46991]: move loaded to delayed: libarchive.2.dylib
     dyld[46991]: move loaded to delayed: libDiagnosticMessagesClient.dylib
     dyld[46991]: move loaded to delayed: libicucore.A.dylib
     dyld[46991]: move loaded to delayed: libxml2.2.dylib
     dyld[46991]: move loaded to delayed: CoreServices
     dyld[46991]: move loaded to delayed: liblangid.dylib
     dyld[46991]: move loaded to delayed: IOKit
     dyld[46991]: move loaded to delayed: Combine
     dyld[46991]: move loaded to delayed: CollectionsInternal
     dyld[46991]: move loaded to delayed: ReflectionInternal
     dyld[46991]: move loaded to delayed: RuntimeInternal
     dyld[46991]: move loaded to delayed: SoftLinking
     dyld[46991]: move loaded to delayed: libswiftCoreFoundation.dylib
     dyld[46991]: move loaded to delayed: libswiftDarwin.dylib
     dyld[46991]: move loaded to delayed: libswiftDispatch.dylib
     dyld[46991]: move loaded to delayed: libswiftIOKit.dylib
     dyld[46991]: move loaded to delayed: libswiftSystem.dylib
     dyld[46991]: move loaded to delayed: libswiftXPC.dylib
     dyld[46991]: move loaded to delayed: libswift_Builtin_float.dylib
     dyld[46991]: move loaded to delayed: libswift_Concurrency.dylib
     dyld[46991]: move loaded to delayed: libswift_DarwinFoundation1.dylib
     dyld[46991]: move loaded to delayed: libswift_StringProcessing.dylib
     dyld[46991]: move loaded to delayed: libswiftos.dylib
     dyld[46991]: move loaded to delayed: CoreServicesInternal
     dyld[46991]: move loaded to delayed: liboah.dylib
     dyld[46991]: move loaded to delayed: Security
     dyld[46991]: move loaded to delayed: GenerationalStorage
     dyld[46991]: move loaded to delayed: CacheDelete
     dyld[46991]: move loaded to delayed: QuickLookThumbnailing
     dyld[46991]: move loaded to delayed: FileProvider
     dyld[46991]: move loaded to delayed: DiskImages
     dyld[46991]: move loaded to delayed: NetFS
     dyld[46991]: move loaded to delayed: DesktopServicesPriv
     dyld[46991]: move loaded to delayed: FSEvents
     dyld[46991]: move loaded to delayed: CarbonCore
     dyld[46991]: move loaded to delayed: Metadata
     dyld[46991]: move loaded to delayed: OSServices
     dyld[46991]: move loaded to delayed: SearchKit
     dyld[46991]: move loaded to delayed: AE
     dyld[46991]: move loaded to delayed: LaunchServices
     dyld[46991]: move loaded to delayed: DictionaryServices
     dyld[46991]: move loaded to delayed: SharedFileList
     dyld[46991]: move loaded to delayed: libapple_nghttp2.dylib
     dyld[46991]: move loaded to delayed: libsqlite3.dylib
     dyld[46991]: move loaded to delayed: Accounts
     dyld[46991]: move loaded to delayed: AOSKit
     dyld[46991]: move loaded to delayed: AppSSOCore
     dyld[46991]: move loaded to delayed: AppSupport
     dyld[46991]: move loaded to delayed: AVFoundation
     dyld[46991]: move loaded to delayed: BackgroundSystemTasks
     dyld[46991]: move loaded to delayed: CoreAnalytics
     dyld[46991]: move loaded to delayed: CoreGraphics
     dyld[46991]: move loaded to delayed: DuetActivityScheduler
     dyld[46991]: move loaded to delayed: FTServices
     dyld[46991]: move loaded to delayed: GSS
     dyld[46991]: move loaded to delayed: InternationalSupport
     dyld[46991]: move loaded to delayed: libMemoryResourceException.dylib
     dyld[46991]: move loaded to delayed: NetworkScore
     dyld[46991]: move loaded to delayed: NetworkServiceProxy
     dyld[46991]: move loaded to delayed: RunningBoardServices
     dyld[46991]: move loaded to delayed: StreamingExtractor
     dyld[46991]: move loaded to delayed: StreamingZip
     dyld[46991]: move loaded to delayed: SymptomReporter
     dyld[46991]: move loaded to delayed: libenergytrace.dylib
     dyld[46991]: move loaded to delayed: libnetworkextension.dylib
     dyld[46991]: move loaded to delayed: Network
     dyld[46991]: move loaded to delayed: libbsm.0.dylib
     dyld[46991]: move loaded to delayed: libkxld.dylib
     dyld[46991]: move loaded to delayed: AppleKeyStore
     dyld[46991]: move loaded to delayed: libCoreEntitlements.dylib
     dyld[46991]: move loaded to delayed: MessageSecurity
     dyld[46991]: move loaded to delayed: ProtocolBuffer
     dyld[46991]: move loaded to delayed: CloudServices
     dyld[46991]: move loaded to delayed: SymptomDiagnosticReporter
     dyld[46991]: move loaded to delayed: CrashReporterSupport
     dyld[46991]: move loaded to delayed: libMobileGestalt.dylib
     dyld[46991]: move loaded to delayed: AppleFSCompression
     dyld[46991]: move loaded to delayed: libcoretls.dylib
     dyld[46991]: move loaded to delayed: libcoretls_cfhelpers.dylib
     dyld[46991]: move loaded to delayed: libpam.2.dylib
     dyld[46991]: move loaded to delayed: libxar.1.dylib
     dyld[46991]: move loaded to delayed: APFS
     dyld[46991]: move loaded to delayed: SwiftASN1Internal
     dyld[46991]: move loaded to delayed: libutil.dylib
     dyld[46991]: move loaded to delayed: AppleSystemInfo
     dyld[46991]: move loaded to delayed: IOMobileFramebuffer
     dyld[46991]: move loaded to delayed: IOSurface
     dyld[46991]: move loaded to delayed: CoreWiFi
     dyld[46991]: move loaded to delayed: LoggingSupport
     dyld[46991]: move loaded to delayed: MobileAsset
     dyld[46991]: move loaded to delayed: PowerLog
     dyld[46991]: move loaded to delayed: Rapport
     dyld[46991]: move loaded to delayed: SwiftData
     dyld[46991]: move loaded to delayed: SymptomAnalytics
     dyld[46991]: move loaded to delayed: UniformTypeIdentifiers
     dyld[46991]: move loaded to delayed: UserManagement
     dyld[46991]: move loaded to delayed: libboringssl.dylib
     dyld[46991]: move loaded to delayed: libcupolicy.dylib
     dyld[46991]: move loaded to delayed: libdns_services.dylib
     dyld[46991]: move loaded to delayed: NetworkExtension
     dyld[46991]: move loaded to delayed: libnwswifttls.dylib
     dyld[46991]: move loaded to delayed: libpcap.A.dylib
     dyld[46991]: move loaded to delayed: libquic.dylib
     dyld[46991]: move loaded to delayed: libusrtcp.dylib
     dyld[46991]: move loaded to delayed: AtomicsInternal
     dyld[46991]: move loaded to delayed: InternalSwiftProtobuf
     dyld[46991]: move loaded to delayed: libswiftDistributed.dylib
     dyld[46991]: move loaded to delayed: libswiftObservation.dylib
     dyld[46991]: move loaded to delayed: libswiftSynchronization.dylib
     dyld[46991]: move loaded to delayed: AggregateDictionary
     dyld[46991]: move loaded to delayed: CoreDuetContext
     dyld[46991]: move loaded to delayed: BiomeLibrary
     dyld[46991]: move loaded to delayed: CoreDuet
     dyld[46991]: move loaded to delayed: BiomeStreams
     dyld[46991]: move loaded to delayed: BiomeFoundation
     dyld[46991]: move loaded to delayed: BiomePubSub
     dyld[46991]: move loaded to delayed: CoreData
     dyld[46991]: move loaded to delayed: ProactiveSupport
     dyld[46991]: move loaded to delayed: CoreLocation
     dyld[46991]: move loaded to delayed: Intents
     dyld[46991]: move loaded to delayed: _LocationEssentials
     dyld[46991]: move loaded to delayed: liblzma.5.dylib
     dyld[46991]: move loaded to delayed: Accelerate
     dyld[46991]: move loaded to delayed: MobileKeyBag
     dyld[46991]: move loaded to delayed: InternationalTextSearch
     dyld[46991]: move loaded to delayed: SoftwareUpdateCoreSupport
     dyld[46991]: move loaded to delayed: SoftwareUpdateCoreConnect
     dyld[46991]: move loaded to delayed: RemoteServiceDiscovery
     dyld[46991]: move loaded to delayed: MSUDataAccessor
     dyld[46991]: move loaded to delayed: libbootpolicy.dylib
     dyld[46991]: move loaded to delayed: RemoteXPC
     dyld[46991]: move loaded to delayed: libFDR.dylib
     dyld[46991]: move loaded to delayed: libamsupport.dylib
     dyld[46991]: move loaded to delayed: libReverseProxyDevice.dylib
     dyld[46991]: move loaded to delayed: AppleDeviceQuerySupport
     dyld[46991]: move loaded to delayed: libpartition2_dynamic.dylib
     dyld[46991]: move loaded to delayed: AppleSauce
     dyld[46991]: move loaded to delayed: libAppleArchive.dylib
     dyld[46991]: move loaded to delayed: libbz2.1.0.dylib
     dyld[46991]: move loaded to delayed: vImage
     dyld[46991]: move loaded to delayed: vecLib
     dyld[46991]: move loaded to delayed: libvMisc.dylib
     dyld[46991]: move loaded to delayed: libCGInterfaces.dylib
     dyld[46991]: move loaded to delayed: AccelerateGPU
     dyld[46991]: move loaded to delayed: libBLAS.dylib
     dyld[46991]: move loaded to delayed: ApplicationServices
     dyld[46991]: move loaded to delayed: CoreVideo
     dyld[46991]: move loaded to delayed: ColorSync
     dyld[46991]: move loaded to delayed: CoreText
     dyld[46991]: move loaded to delayed: ImageIO
     dyld[46991]: move loaded to delayed: ATS
     dyld[46991]: move loaded to delayed: HIServices
     dyld[46991]: move loaded to delayed: PrintCore
     dyld[46991]: move loaded to delayed: QD
     dyld[46991]: move loaded to delayed: ColorSyncLegacy
     dyld[46991]: move loaded to delayed: SpeechSynthesis
     dyld[46991]: move loaded to delayed: SkyLight
     dyld[46991]: move loaded to delayed: libFontParser.dylib
     dyld[46991]: move loaded to delayed: BaseBoard
     dyld[46991]: move loaded to delayed: BoardServices
     dyld[46991]: move loaded to delayed: BackBoardServices
     dyld[46991]: move loaded to delayed: BackBoardHIDEventFoundation
     dyld[46991]: move loaded to delayed: CoreDisplay
     dyld[46991]: move loaded to delayed: VideoToolbox
     dyld[46991]: move loaded to delayed: MetalPerformanceShaders
     dyld[46991]: move loaded to delayed: ProDisplayLibrary
     dyld[46991]: move loaded to delayed: IOSurfaceAccelerator
     dyld[46991]: move loaded to delayed: Metal
     dyld[46991]: move loaded to delayed: IOAccelerator
     dyld[46991]: move loaded to delayed: CoreMedia
     dyld[46991]: move loaded to delayed: TCC
     dyld[46991]: move loaded to delayed: WatchdogClient
     dyld[46991]: move loaded to delayed: QuartzCore
     dyld[46991]: move loaded to delayed: MultitouchSupport
     dyld[46991]: move loaded to delayed: libswiftAccelerate.dylib
     dyld[46991]: move loaded to delayed: libswiftCoreAudio.dylib
     dyld[46991]: move loaded to delayed: libswiftCoreMedia.dylib
     dyld[46991]: move loaded to delayed: libswiftMetal.dylib
     dyld[46991]: move loaded to delayed: libswiftOSLog.dylib
     dyld[46991]: move loaded to delayed: libswiftQuartzCore.dylib
     dyld[46991]: move loaded to delayed: libswiftUniformTypeIdentifiers.dylib
     dyld[46991]: move loaded to delayed: libswiftVideoToolbox.dylib
     dyld[46991]: move loaded to delayed: libswiftsimd.dylib
     dyld[46991]: move loaded to delayed: BiomeStorage
     dyld[46991]: move loaded to delayed: IntelligencePlatformLibrary
     dyld[46991]: move loaded to delayed: PoirotSchematizer
     dyld[46991]: move loaded to delayed: BiomeSync
     dyld[46991]: move loaded to delayed: BiomeDSL
     dyld[46991]: move loaded to delayed: FeatureFlags
     dyld[46991]: move loaded to delayed: PoirotUDFs
     dyld[46991]: move loaded to delayed: libswift_DarwinFoundation2.dylib
     dyld[46991]: move loaded to delayed: libswift_DarwinFoundation3.dylib
     dyld[46991]: move loaded to delayed: CoreTime
     dyld[46991]: move loaded to delayed: libiconv.2.dylib
     dyld[46991]: move loaded to delayed: libcharset.1.dylib
     dyld[46991]: move loaded to delayed: PoirotSQLite
     dyld[46991]: move loaded to delayed: libswift_RegexParser.dylib
     dyld[46991]: move loaded to delayed: CascadeSets
     dyld[46991]: move loaded to delayed: CorePhoneNumbers
     dyld[46991]: move loaded to delayed: AppleJPEG
     dyld[46991]: move loaded to delayed: libexpat.1.dylib
     dyld[46991]: move loaded to delayed: libPng.dylib
     dyld[46991]: move loaded to delayed: libTIFF.dylib
     dyld[46991]: move loaded to delayed: libGIF.dylib
     dyld[46991]: move loaded to delayed: libJP2.dylib
     dyld[46991]: move loaded to delayed: libate.dylib
     dyld[46991]: move loaded to delayed: libJPEG.dylib
     dyld[46991]: move loaded to delayed: libRadiance.dylib
     dyld[46991]: move loaded to delayed: libllvm-flatbuffers.dylib
     dyld[46991]: move loaded to delayed: FramePacing
     dyld[46991]: move loaded to delayed: libCoreFSCache.dylib
     dyld[46991]: move loaded to delayed: libGPUCompilerUtils.dylib
     dyld[46991]: move loaded to delayed: GraphicsServices
     dyld[46991]: move loaded to delayed: OpenGL
     dyld[46991]: move loaded to delayed: libGLU.dylib
     dyld[46991]: move loaded to delayed: libGFXShared.dylib
     dyld[46991]: move loaded to delayed: libGL.dylib
     dyld[46991]: move loaded to delayed: libGLImage.dylib
     dyld[46991]: move loaded to delayed: libCVMSPluginSupport.dylib
     dyld[46991]: move loaded to delayed: libCoreVMClient.dylib
     dyld[46991]: move loaded to delayed: GPUWrangler
     dyld[46991]: move loaded to delayed: IOPresentment
     dyld[46991]: move loaded to delayed: DSExternalDisplay
     dyld[46991]: move loaded to delayed: VideoToolboxParavirtualizationSupport
     dyld[46991]: move loaded to delayed: AppleVA
     dyld[46991]: move loaded to delayed: ExtensionFoundation
     dyld[46991]: move loaded to delayed: CMCaptureCore
     dyld[46991]: move loaded to delayed: libspindump.dylib
     dyld[46991]: move loaded to delayed: CoreAudio
     dyld[46991]: move loaded to delayed: AppServerSupport
     dyld[46991]: move loaded to delayed: perfdata
     dyld[46991]: move loaded to delayed: AudioDSPGraph
     dyld[46991]: move loaded to delayed: AudioToolboxCore
     dyld[46991]: move loaded to delayed: caulk
     dyld[46991]: move loaded to delayed: libAudioStatistics.dylib
     dyld[46991]: move loaded to delayed: SystemPolicy
     dyld[46991]: move loaded to delayed: libSMC.dylib
     dyld[46991]: move loaded to delayed: libswiftCoreMIDI.dylib
     dyld[46991]: move loaded to delayed: CoreMIDI
     dyld[46991]: move loaded to delayed: libAudioToolboxUtility.dylib
     dyld[46991]: move loaded to delayed: libperfcheck.dylib
     dyld[46991]: move loaded to delayed: AudioAnalytics
     dyld[46991]: move loaded to delayed: OSLog
     dyld[46991]: move loaded to delayed: OSEligibility
     dyld[46991]: move loaded to delayed: IconServices
     dyld[46991]: move loaded to delayed: LightweightCodeRequirements
     dyld[46991]: move loaded to delayed: PlugInKit
     dyld[46991]: move loaded to delayed: AssertionServices
     dyld[46991]: move loaded to delayed: IconFoundation
     dyld[46991]: move loaded to delayed: AssistantServices
     dyld[46991]: move loaded to delayed: IconRendering
     dyld[46991]: move loaded to delayed: CoreUI
     dyld[46991]: move loaded to delayed: CoreImage
     dyld[46991]: move loaded to delayed: SFSymbols
     dyld[46991]: move loaded to delayed: DeveloperToolsSupport
     dyld[46991]: move loaded to delayed: RenderBox
     dyld[46991]: move loaded to delayed: CoreSVG
     dyld[46991]: move loaded to delayed: TextureIO
     dyld[46991]: move loaded to delayed: libswiftCoreImage.dylib
     dyld[46991]: move loaded to delayed: GraphVisualizer
     dyld[46991]: move loaded to delayed: FontServices
     dyld[46991]: move loaded to delayed: OTSVG
     dyld[46991]: move loaded to delayed: libFontRegistry.dylib
     dyld[46991]: move loaded to delayed: libhvf.dylib
     dyld[46991]: move loaded to delayed: ParsingInternal
     dyld[46991]: move loaded to delayed: libXTFontStaticRegistryData.dylib
     dyld[46991]: move loaded to delayed: MPSCore
     dyld[46991]: move loaded to delayed: MPSImage
     dyld[46991]: move loaded to delayed: MPSNeuralNetwork
     dyld[46991]: move loaded to delayed: MPSMatrix
     dyld[46991]: move loaded to delayed: MPSRayIntersector
     dyld[46991]: move loaded to delayed: MPSNDArray
     dyld[46991]: move loaded to delayed: MPSFunctions
     dyld[46991]: move loaded to delayed: MPSBenchmarkLoop
     dyld[46991]: move loaded to delayed: MPSHost
     dyld[46991]: move loaded to delayed: MetalTools
     dyld[46991]: move loaded to delayed: IOAccelMemoryInfo
     dyld[46991]: move loaded to delayed: kperf
     dyld[46991]: move loaded to delayed: GPURawCounter
     dyld[46991]: move loaded to delayed: ASEProcessing
     dyld[46991]: move loaded to delayed: Symbolication
     dyld[46991]: move loaded to delayed: PhotosensitivityProcessing
     dyld[46991]: move loaded to delayed: SILManager
     dyld[46991]: move loaded to delayed: CoreSymbolication
     dyld[46991]: move loaded to delayed: MallocStackLogging
     dyld[46991]: move loaded to delayed: DebugSymbols
     dyld[46991]: move loaded to delayed: OSAnalytics
     dyld[46991]: move loaded to delayed: DeviceRecovery
     dyld[46991]: move loaded to delayed: Tightbeam
     dyld[46991]: move loaded to delayed: libswiftCompression.dylib
     dyld[46991]: move loaded to delayed: AFKUser
     dyld[46991]: move loaded to delayed: ATSUI
     dyld[46991]: move loaded to delayed: SAObjects
     dyld[46991]: move loaded to delayed: AudioToolbox
     dyld[46991]: move loaded to delayed: MediaRemote
     dyld[46991]: move loaded to delayed: UserNotifications
     dyld[46991]: move loaded to delayed: SiriInstrumentation
     dyld[46991]: move loaded to delayed: SiriAnalytics
     dyld[46991]: move loaded to delayed: SiriTTSService
     dyld[46991]: move loaded to delayed: SiriCrossDeviceArbitration
     dyld[46991]: move loaded to delayed: FeedbackLogger
     dyld[46991]: move loaded to delayed: FaceTimeNameUtility
     dyld[46991]: move loaded to delayed: AuthKit
     dyld[46991]: move loaded to delayed: SiriCrossDeviceArbitrationFeedback
     dyld[46991]: move loaded to delayed: libswiftCoreLocation.dylib
     dyld[46991]: move loaded to delayed: libswiftAVFoundation.dylib
     dyld[46991]: move loaded to delayed: UIKitServices
     dyld[46991]: move loaded to delayed: UnifiedAssetFramework
     dyld[46991]: move loaded to delayed: AudioSession
     dyld[46991]: move loaded to delayed: MediaExperience
     dyld[46991]: move loaded to delayed: libSessionUtility.dylib
     dyld[46991]: move loaded to delayed: AudioAccessoryServices
     dyld[46991]: move loaded to delayed: CoreBluetooth
     dyld[46991]: move loaded to delayed: CoreUtils
     dyld[46991]: move loaded to delayed: HID
     dyld[46991]: move loaded to delayed: Sharing
     dyld[46991]: move loaded to delayed: CoreUtilsExtras
     dyld[46991]: move loaded to delayed: IO80211
     dyld[46991]: move loaded to delayed: IDSFoundation
     dyld[46991]: move loaded to delayed: Apple80211
     dyld[46991]: move loaded to delayed: CoreWLAN
     dyld[46991]: move loaded to delayed: IOBluetooth
     dyld[46991]: move loaded to delayed: libswiftRegexBuilder.dylib
     dyld[46991]: move loaded to delayed: IMFoundation
     dyld[46991]: move loaded to delayed: Marco
     dyld[46991]: move loaded to delayed: CommonUtilities
     dyld[46991]: move loaded to delayed: Engram
     dyld[46991]: move loaded to delayed: XPCDistributed
     dyld[46991]: move loaded to delayed: libtidy.A.dylib
     dyld[46991]: move loaded to delayed: Bom
     dyld[46991]: move loaded to delayed: libParallelCompression.dylib
     dyld[46991]: move loaded to delayed: libIOReport.dylib
     dyld[46991]: move loaded to delayed: WiFiPeerToPeer
     dyld[46991]: move loaded to delayed: SecurityFoundation
     dyld[46991]: move loaded to delayed: Centauri
     dyld[46991]: move loaded to delayed: Lexicon
     dyld[46991]: move loaded to delayed: libmrc.dylib
     dyld[46991]: move loaded to delayed: IPConfiguration
     dyld[46991]: move loaded to delayed: Netrb
     dyld[46991]: move loaded to delayed: FrontBoardServices
     dyld[46991]: move loaded to delayed: libgermantok.dylib
     dyld[46991]: move loaded to delayed: LinguisticData
     dyld[46991]: move loaded to delayed: MultiverseSupport
     dyld[46991]: move loaded to delayed: DiskManagement
     dyld[46991]: move loaded to delayed: AppleIDAuthSupport
     dyld[46991]: move loaded to delayed: AAAFoundation
     dyld[46991]: move loaded to delayed: KeychainCircle
     dyld[46991]: move loaded to delayed: URLFormatting
     dyld[46991]: move loaded to delayed: libcsfde.dylib
     dyld[46991]: move loaded to delayed: libCoreStorage.dylib
     dyld[46991]: move loaded to delayed: MediaKit
     dyld[46991]: move loaded to delayed: DiscRecording
     dyld[46991]: move loaded to delayed: ProtectedCloudStorage
     dyld[46991]: move loaded to delayed: EFILogin
     dyld[46991]: move loaded to delayed: libheimdal-asn1.dylib
     dyld[46991]: move loaded to delayed: OctagonTrust
     dyld[46991]: move loaded to delayed: AudioUnit
     dyld[46991]: move loaded to delayed: OpenDirectory
     dyld[46991]: move loaded to delayed: CFOpenDirectory
     dyld[46991]: move loaded to delayed: GeoServices
     dyld[46991]: move loaded to delayed: LocationSupport
     dyld[46991]: move loaded to delayed: GeoServicesCore
     dyld[46991]: move loaded to delayed: PhoneNumbers
     dyld[46991]: move loaded to delayed: LocationLogEncryption
     dyld[46991]: move loaded to delayed: AVFAudio
     dyld[46991]: move loaded to delayed: AVRouting
     dyld[46991]: move loaded to delayed: libAccessibility.dylib
     dyld[46991]: move loaded to delayed: MediaServices
     dyld[46991]: move loaded to delayed: IDS
     dyld[46991]: move loaded to delayed: IsolatedCoreAudioClient
     dyld[46991]: move loaded to delayed: CoreAudioOrchestration
     dyld[46991]: move loaded to delayed: MediaToolbox
     dyld[46991]: move loaded to delayed: CoreAVCHD
     dyld[46991]: move loaded to delayed: MediaAccessibility
     dyld[46991]: move loaded to delayed: Mangrove
     dyld[46991]: move loaded to delayed: CMPhoto
     dyld[46991]: move loaded to delayed: CoreTelephony
     dyld[46991]: move loaded to delayed: CoreAUC
     dyld[46991]: move loaded to delayed: AppleJPEGXL
     dyld[46991]: move loaded to delayed: libTelephonyUtilDynamic.dylib
     dyld[46991]: move loaded to delayed: CryptoKit
     dyld[46991]: move loaded to delayed: CryptoKitCBridging
     dyld[46991]: move loaded to delayed: CryptoTokenKit
     dyld[46991]: move loaded to delayed: LocalAuthentication
     dyld[46991]: move loaded to delayed: LocalAuthenticationCore
     dyld[46991]: move loaded to delayed: LocalAuthenticationCredentialServices
     dyld[46991]: move loaded to delayed: SharedUtils
     dyld[46991]: move loaded to delayed: PersistentConnection
     dyld[46991]: move loaded to delayed: SonicFoundation
     dyld[46991]: move loaded to delayed: AsyncAlgorithmsInternal
     dyld[46991]: move loaded to delayed: FTAWD
     dyld[46991]: move loaded to delayed: Dendrite
     dyld[46991]: move loaded to delayed: libtailspin.dylib
     dyld[46991]: move loaded to delayed: Osprey
     dyld[46991]: move loaded to delayed: SiriTTS
     dyld[46991]: move loaded to delayed: NaturalLanguage
     dyld[46991]: move loaded to delayed: GenerativeModels
     dyld[46991]: move loaded to delayed: SiriPowerInstrumentation
     dyld[46991]: move loaded to delayed: libswiftNaturalLanguage.dylib
     dyld[46991]: move loaded to delayed: TailspinSymbolication
     dyld[46991]: move loaded to delayed: Darwinup
     dyld[46991]: move loaded to delayed: SignpostSupport
     dyld[46991]: move loaded to delayed: FeatureFlagsSupport
     dyld[46991]: move loaded to delayed: ktrace
     dyld[46991]: move loaded to delayed: SampleAnalysis
     dyld[46991]: move loaded to delayed: kperfdata
     dyld[46991]: move loaded to delayed: libdscsym.dylib
     dyld[46991]: move loaded to delayed: AppleMobileFileIntegrity
     dyld[46991]: move loaded to delayed: BulkSymbolication
     dyld[46991]: move loaded to delayed: libTLE.dylib
     dyld[46991]: move loaded to delayed: libmis.dylib
     dyld[46991]: move loaded to delayed: ConfigProfileHelper
     dyld[46991]: move loaded to delayed: Espresso
     dyld[46991]: move loaded to delayed: CoreML
     dyld[46991]: move loaded to delayed: libedit.3.dylib
     dyld[46991]: move loaded to delayed: ANECompiler
     dyld[46991]: move loaded to delayed: AppleNeuralEngine
     dyld[46991]: move loaded to delayed: MIL
     dyld[46991]: move loaded to delayed: MetalPerformanceShadersGraph
     dyld[46991]: move loaded to delayed: MLCompilerServices
     dyld[46991]: move loaded to delayed: ANEServices
     dyld[46991]: move loaded to delayed: libncurses.5.4.dylib
     dyld[46991]: move loaded to delayed: libsandbox.1.dylib
     dyld[46991]: move loaded to delayed: libMatch.1.dylib
     dyld[46991]: move loaded to delayed: ODIE
     dyld[46991]: move loaded to delayed: MLModelAsset
     dyld[46991]: move loaded to delayed: MLCompilerRuntime
     dyld[46991]: move loaded to delayed: MLCompute
     dyld[46991]: move loaded to delayed: MLAssetIO
     dyld[46991]: move loaded to delayed: libswiftMLCompute.dylib
     dyld[46991]: move loaded to delayed: AVFCore
     dyld[46991]: move loaded to delayed: AVFCapture
     dyld[46991]: move loaded to delayed: CMImaging
     dyld[46991]: move loaded to delayed: Quagga
     dyld[46991]: move loaded to delayed: CMCapture
     dyld[46991]: move loaded to delayed: CoreMediaIO
     dyld[46991]: move loaded to delayed: CMCaptureDevice
     dyld[46991]: move loaded to delayed: CoreBrightness
     dyld[46991]: move loaded to delayed: CinematicFraming
     dyld[46991]: move loaded to delayed: ModelManagerServices
     dyld[46991]: move loaded to delayed: CPMS
     dyld[46991]: move loaded to delayed: SystemStatus
     dyld[46991]: move loaded to delayed: CoreMotion
     dyld[46991]: move loaded to delayed: TimeSync
     dyld[46991]: move loaded to delayed: DistributedSensing
     dyld[46991]: move loaded to delayed: MobileBluetooth
     dyld[46991]: move loaded to delayed: IOKitten
     dyld[46991]: move loaded to delayed: AppleIntelligenceReporting
     dyld[46991]: move loaded to delayed: CoreEmoji
     dyld[46991]: move loaded to delayed: libCRFSuite.dylib
     dyld[46991]: move loaded to delayed: LanguageModeling
     dyld[46991]: move loaded to delayed: CoreNLP
     dyld[46991]: move loaded to delayed: Montreal
     dyld[46991]: move loaded to delayed: libcmph.dylib
     dyld[46991]: move loaded to delayed: libmecab.dylib
     dyld[46991]: move loaded to delayed: libThaiTokenizer.dylib
     dyld[46991]: move loaded to delayed: GenerativeModelsFoundation
     dyld[46991]: move loaded to delayed: TokenGeneration
     dyld[46991]: move loaded to delayed: GenerativeFunctions
     dyld[46991]: move loaded to delayed: GenerativeFunctionsFoundation
     dyld[46991]: move loaded to delayed: ModelCatalog
     dyld[46991]: move loaded to delayed: SensitiveContentAnalysisML
     dyld[46991]: move loaded to delayed: GenerativeFunctionsInstrumentation
     dyld[46991]: move loaded to delayed: PromptKit
     dyld[46991]: move loaded to delayed: ProactiveDaemonSupport
     dyld[46991]: move loaded to delayed: TokenGenerationCore
     dyld[46991]: move loaded to delayed: Trial
     dyld[46991]: move loaded to delayed: TrialProto
     dyld[46991]: move loaded to delayed: AppleFlatBuffers
     dyld[46991]: move loaded to delayed: SentencePieceInternal
     dyld[46991]: move loaded to delayed: Vision
     dyld[46991]: move loaded to delayed: CoreSceneUnderstanding
     dyld[46991]: move loaded to delayed: VisionCore
     dyld[46991]: move loaded to delayed: DataDetectorsCore
     dyld[46991]: move loaded to delayed: libfaceCore.dylib
     dyld[46991]: move loaded to delayed: Futhark
     dyld[46991]: move loaded to delayed: InertiaCam
     dyld[46991]: move loaded to delayed: TextRecognition
     dyld[46991]: move loaded to delayed: DataDetection
     dyld[46991]: move loaded to delayed: TextInput
     dyld[46991]: move loaded to delayed: CVNLP
     dyld[46991]: move loaded to delayed: IntentsFoundation
     dyld[46991]: move loaded to delayed: HIDDisplay
     dyld[46991]: move loaded to delayed: libcups.2.dylib
     dyld[46991]: move loaded to delayed: Kerberos
     dyld[46991]: move loaded to delayed: libresolv.9.dylib
     dyld[46991]: move loaded to delayed: Heimdal
     dyld[46991]: move loaded to delayed: libHeimdalProxy.dylib
     dyld[46991]: move loaded to delayed: CommonAuth
     dyld[46991]: move loaded to delayed: AXCoreUtilities
     dyld[46991]: move loaded to delayed: AttributeGraph
     dyld[46991]: move loaded to delayed: libAXSafeCategoryBundle.dylib
     dyld[46991]: move loaded to delayed: TabularData
     dyld[46991]: move loaded to delayed: ArgumentParserInternal
     dyld[46991]: move loaded to delayed: libvDSP.dylib
     dyld[46991]: move loaded to delayed: libLAPACK.dylib
     dyld[46991]: move loaded to delayed: libLinearAlgebra.dylib
     dyld[46991]: move loaded to delayed: libSparseBLAS.dylib
     dyld[46991]: move loaded to delayed: libQuadrature.dylib
     dyld[46991]: move loaded to delayed: libBNNS.dylib
     dyld[46991]: move loaded to delayed: libSparse.dylib
     dyld[46991]: move loaded to delayed: ApplePushService
     dyld[46991]: move loaded to delayed: CloudKit
     dyld[46991]: move loaded to delayed: CoreDuetDaemonProtocol
     dyld[46991]: move loaded to delayed: DeviceIdentity
     dyld[46991]: move loaded to delayed: SharedWithYouCore
     dyld[46991]: move loaded to delayed: CloudTelemetry
     dyld[46991]: move loaded to delayed: AppleAccount
     dyld[46991]: move loaded to delayed: C2
     dyld[46991]: move loaded to delayed: CloudCoreInternal
     dyld[46991]: move loaded to delayed: CloudAsset
     dyld[46991]: move loaded to delayed: PushKit
     dyld[46991]: move loaded to delayed: CoreTransferable
     dyld[46991]: move loaded to delayed: NetAuth
     dyld[46991]: move loaded to delayed: loginsupport
     dyld[46991]: move loaded to delayed: CloudTelemetryTools
     dyld[46991]: move loaded to delayed: CloudTelemetryShared.dylib
     dyld[46991]: move loaded to delayed: RTCReporting
     dyld[46991]: move loaded to delayed: AAAFoundationSwift
     dyld[46991]: move loaded to delayed: AppleIDSSOAuthentication
     dyld[46991]: move loaded to delayed: UIFoundation
     dyld[46991]: move loaded to delayed: CaptiveNetwork
     dyld[46991]: move loaded to delayed: EAP8021X
     dyld[46991]: move loaded to delayed: CryptoKitPrivate
     dyld[46991]: move loaded to delayed: FindMyDevice
     dyld[46991]: move loaded to delayed: FMCoreLite
     dyld[46991]: move loaded to delayed: ServiceManagement
     dyld[46991]: move loaded to delayed: libCheckFix.dylib
     dyld[46991]: move loaded to delayed: MetadataUtilities
     dyld[46991]: move loaded to delayed: InstalledContentLibrary
     dyld[46991]: move loaded to delayed: CoreServicesStore
     dyld[46991]: move loaded to delayed: libapp_launch_measurement.dylib
     dyld[46991]: move loaded to delayed: MobileSystemServices
     dyld[46991]: move loaded to delayed: libxslt.1.dylib
     dyld[46991]: move loaded to delayed: BackgroundTaskManagement
     dyld[46991]: move loaded to delayed: libcurl.4.dylib
     dyld[46991]: move loaded to delayed: libcrypto.46.dylib
     dyld[46991]: move loaded to delayed: libssl.48.dylib
     dyld[46991]: move loaded to delayed: LDAP
     dyld[46991]: move loaded to delayed: TrustEvaluationAgent
     dyld[46991]: move loaded to delayed: libsasl2.2.dylib
     Catalog Error: Table with name "records" already exists!

     code: assert status == 0, output
     stacktrace:
       test/combined_features_test.exs:15: (test)

............Aphid basic example passed
.Aphid transaction example passed
.Aphid stream example passed
.Aphid FTS example passed
.Aphid vector example passed
.dyld[47021]: <F35724FD-0577-3387-A4D3-AC5B41B46F7E> /Users/catethos/workspace/ladybugex/zig_library/_build/native/tests/fixture
dyld[47021]: <C6DC2145-7B94-3E01-ADE5-96A6C2D078BC> /usr/lib/libc++.1.dylib
dyld[47021]: <DDE77B06-5E25-380B-85B7-BA1A27D09021> /usr/lib/libc++abi.dylib
dyld[47021]: <4CC4CAD6-45A6-361E-9343-DE636A0B5C02> /usr/lib/libSystem.B.dylib
dyld[47021]: <EA7C2E0B-52BF-3D45-9A33-38F54A535452> /usr/lib/system/libcache.dylib
dyld[47021]: <72D94140-1281-3886-971B-37C810403C03> /usr/lib/system/libcommonCrypto.dylib
dyld[47021]: <D60A9B54-A909-3FD5-93B9-3F38BE0A2BE8> /usr/lib/system/libcompiler_rt.dylib
dyld[47021]: <58F425CF-7D4F-34FD-9620-706A2A7F8BDC> /usr/lib/system/libcopyfile.dylib
dyld[47021]: <D54389FC-4078-370D-A863-9FEF16E00DFD> /usr/lib/system/libcorecrypto.dylib
dyld[47021]: <243E06A0-7BFF-3C3F-8A9B-D7732729B361> /usr/lib/system/libdispatch.dylib
dyld[47021]: <634959D0-592E-349C-B549-B91F2FF09858> /usr/lib/system/libdyld.dylib
dyld[47021]: <18EFA1CE-C535-3EAC-BC2C-7955593B7382> /usr/lib/system/libkeymgr.dylib
dyld[47021]: <3E43AF47-AD89-3BB4-82B9-A9533F4334DF> /usr/lib/system/libmacho.dylib
dyld[47021]: <78C5B827-8152-358D-90E9-B02F02A68B17> /usr/lib/system/libquarantine.dylib
dyld[47021]: <DA9C2B48-7A9C-32EA-888D-6C7AEB5250E6> /usr/lib/system/libremovefile.dylib
dyld[47021]: <FF57F6FA-F3A1-343D-815D-57B769D31445> /usr/lib/system/libsystem_asl.dylib
dyld[47021]: <A712B95E-BCEE-3F12-9F9B-58E6C2060E53> /usr/lib/system/libsystem_blocks.dylib
dyld[47021]: <FDC4E366-5C14-3A1E-BC35-D933D28CDCF3> /usr/lib/system/libsystem_c.dylib
dyld[47021]: <BDA28F78-F479-3C22-B9C7-4ABCB6801592> /usr/lib/system/libsystem_collections.dylib
dyld[47021]: <A14ED142-2F56-33A6-A23C-EEB8417DC90E> /usr/lib/system/libsystem_configuration.dylib
dyld[47021]: <2E14025A-52C2-361D-8A8F-5DD45825A2C9> /usr/lib/system/libsystem_containermanager.dylib
dyld[47021]: <F335DA14-69E8-336E-85A3-11EE239255F0> /usr/lib/system/libsystem_coreservices.dylib
dyld[47021]: <A095E4FE-0EE1-34DF-B00A-7D349FBC55E0> /usr/lib/system/libsystem_darwin.dylib
dyld[47021]: <6C03D78B-BFAB-3C7A-B713-50881791EE08> /usr/lib/system/libsystem_darwindirectory.dylib
dyld[47021]: <2C4C3043-008E-3BD8-BC29-AB9AD235DBA9> /usr/lib/system/libsystem_dnssd.dylib
dyld[47021]: <A279E124-8499-3FFC-A788-655070028F97> /usr/lib/system/libsystem_eligibility.dylib
dyld[47021]: <5E7CDBD5-44AB-34C0-A0F5-FC72F6116CDC> /usr/lib/system/libsystem_featureflags.dylib
dyld[47021]: <7402662E-F235-3F48-BB65-F64C8CF0F2BB> /usr/lib/system/libsystem_info.dylib
dyld[47021]: <3739A40F-2C17-3503-92D6-098141E56E89> /usr/lib/system/libsystem_m.dylib
dyld[47021]: <971CDCFE-4D20-300E-A1D6-EC8672FDD258> /usr/lib/system/libsystem_malloc.dylib
dyld[47021]: <01D14A9E-16DC-372C-8AA8-CC7AD39E797F> /usr/lib/system/libsystem_networkextension.dylib
dyld[47021]: <F9B1BAFF-4D09-3A1F-839B-189C21EB5FBB> /usr/lib/system/libsystem_notify.dylib
dyld[47021]: <6592D3CE-38C6-3C08-9EA5-75D64F37993F> /usr/lib/system/libsystem_sandbox.dylib
dyld[47021]: <C92FAEE5-DAED-3340-96B3-0C42B005ADF9> /usr/lib/system/libsystem_sanitizers.dylib
dyld[47021]: <C85AF062-AA9B-35BB-904C-C055B2C21602> /usr/lib/system/libsystem_secinit.dylib
dyld[47021]: <7CFB3A10-ADB2-32C4-99B5-922A111B3224> /usr/lib/system/libsystem_kernel.dylib
dyld[47021]: <4C6BD0FE-25F2-38D8-BE5C-24DAC1DEDCFB> /usr/lib/system/libsystem_platform.dylib
dyld[47021]: <12342372-0084-37A5-9EA6-2E4DC940C685> /usr/lib/system/libsystem_pthread.dylib
dyld[47021]: <CE07A0DF-31B6-3528-B7CE-91CAD89AA519> /usr/lib/system/libsystem_symptoms.dylib
dyld[47021]: <E043667E-AD01-3228-837F-A381F32F2B30> /usr/lib/system/libsystem_trace.dylib
dyld[47021]: <2FF186A6-F448-38CD-9A30-8B5B1AEFCA10> /usr/lib/system/libsystem_trial.dylib
dyld[47021]: <B21A1015-83D4-31D8-BA41-88688962D9A6> /usr/lib/system/libunwind.dylib
dyld[47021]: <40BBE226-77D4-332E-9DA8-F0B5BACFB86D> /usr/lib/system/libxpc.dylib
dyld[47021]: <40277974-D20C-3EC8-B25C-43AE30D8CC60> /usr/lib/libobjc.A.dylib
dyld[47021]: <5BCE8CB3-4EF5-3181-B96B-8E8130851510> /System/Library/PrivateFrameworks/XPCSupport.framework/Versions/A/XPCSupport
dyld[47021]: <FDBA2243-A7AB-3524-9B94-F3034AC36E41> /System/Library/Frameworks/CoreFoundation.framework/Versions/A/CoreFoundation
dyld[47021]: <81895735-AEE8-36CF-B7ED-370A80C4E78A> /usr/lib/swift/libswiftCore.dylib
dyld[47021]: <F41D814B-FE1F-311A-A778-5F0699628188> /usr/lib/libRosetta.dylib
dyld[47021]: <2E3EA3FE-B1EF-3EDA-B94E-C7FC54E30C13> /System/Library/Frameworks/Foundation.framework/Versions/C/Foundation
dyld[47021]: <4A2A8D5B-A79D-36B3-A688-1792E7A98EA6> /usr/lib/swift/libswiftObjectiveC.dylib
dyld[47021]: <CB44DEF4-FCFF-36ED-8E9D-BB26E0DFACAC> /usr/lib/libswiftPrespecialized.dylib
dyld[47021]: <7C419E70-AC1A-3BF9-913F-D2F87F60680B> /System/Library/Frameworks/SystemConfiguration.framework/Versions/A/SystemConfiguration
dyld[47021]: <03BEB01C-EE74-3952-80FC-D2B7CF9C798D> /usr/lib/libz.1.dylib
dyld[47021]: <1C295E81-112C-3641-8846-101E1BD9471D> /System/Library/PrivateFrameworks/CoreAutoLayout.framework/Versions/A/CoreAutoLayout
dyld[47021]: <B0B762DB-DEE4-368F-94E4-6BCFEC98E286> /usr/lib/libcmark-gfm.dylib
dyld[47021]: <4A5173C4-2F2F-3503-9FED-70C4E5BEFA0F> /usr/lib/libfakelink.dylib
dyld[47021]: <88B2498F-674F-34B8-AC5F-048E050518E5> /usr/lib/libcompression.dylib
dyld[47021]: <49C50CC0-E432-3C8D-84D5-F6AA825941A3> /System/Library/Frameworks/CFNetwork.framework/Versions/A/CFNetwork
dyld[47021]: <ECE02111-DA6A-386C-B109-699F01824273> /System/Library/Frameworks/DiskArbitration.framework/Versions/A/DiskArbitration
dyld[47021]: <CE6444C3-4DCC-3F04-B4EC-AE78233CD4C8> /usr/lib/libarchive.2.dylib
dyld[47021]: <E681BCDD-6DE1-3079-8AD8-DB80F389420D> /usr/lib/libDiagnosticMessagesClient.dylib
dyld[47021]: <700597A5-5992-3705-9F22-3E970E735653> /usr/lib/libicucore.A.dylib
dyld[47021]: <E706ECFF-E18C-3E27-B22D-B8307DE9C6D2> /usr/lib/libxml2.2.dylib
dyld[47021]: <B20E2809-8922-3D51-9CF9-1EF7DFDFBE1D> /System/Library/Frameworks/CoreServices.framework/Versions/A/CoreServices
dyld[47021]: <A316E5EC-C7E2-3D1C-A36A-7075E38735A8> /usr/lib/liblangid.dylib
dyld[47021]: <93FF2D40-D3DB-37A6-A827-8C8947B0BDCF> /System/Library/Frameworks/IOKit.framework/Versions/A/IOKit
dyld[47021]: <EBB4454A-765B-38CF-8B9D-71FF1B53D290> /System/Library/Frameworks/Combine.framework/Versions/A/Combine
dyld[47021]: <FD544864-C6FA-3FB3-B8EA-7ECAA412D97F> /System/Library/PrivateFrameworks/CollectionsInternal.framework/Versions/A/CollectionsInternal
dyld[47021]: <B66B4EC0-DF77-317E-B57C-9005FCA3B3E1> /System/Library/PrivateFrameworks/ReflectionInternal.framework/Versions/A/ReflectionInternal
dyld[47021]: <8D664FD8-9C6D-35F2-A0CB-C7E22ABEB804> /System/Library/PrivateFrameworks/RuntimeInternal.framework/Versions/A/RuntimeInternal
dyld[47021]: <105FF8F1-5BE6-387D-B850-ECE87B4BFE9C> /System/Library/PrivateFrameworks/SoftLinking.framework/Versions/A/SoftLinking
dyld[47021]: <EE71FC23-45F1-30AE-B49C-74D2DE7882BA> /usr/lib/swift/libswiftCoreFoundation.dylib
dyld[47021]: <70D613F2-BFE7-38FC-A7E8-80779478F554> /usr/lib/swift/libswiftDarwin.dylib
dyld[47021]: <F272890D-9996-3BD0-A5AA-67CE47819FE4> /usr/lib/swift/libswiftDispatch.dylib
dyld[47021]: <1A55E5A8-85E6-3067-AB87-4AC87B8C6530> /usr/lib/swift/libswiftIOKit.dylib
dyld[47021]: <92A7149B-3E19-38D2-BD36-3360D56F3096> /usr/lib/swift/libswiftSystem.dylib
dyld[47021]: <75A38F4A-06EE-3FD1-87A3-8F9FF972CE47> /usr/lib/swift/libswiftXPC.dylib
dyld[47021]: <4C680D47-D53D-3E82-9575-B04943349B45> /usr/lib/swift/libswift_Builtin_float.dylib
dyld[47021]: <E202745F-BFF6-3F29-A171-5C8DDE11779C> /usr/lib/swift/libswift_Concurrency.dylib
dyld[47021]: <4A0A069F-D0C0-3F0A-BE4F-4AFE0DF78D58> /usr/lib/swift/libswift_DarwinFoundation1.dylib
dyld[47021]: <2B54D7C1-96A9-350E-B680-2CEC48FE32AE> /usr/lib/swift/libswift_StringProcessing.dylib
dyld[47021]: <C191573D-AF50-3C8E-840C-F64782CC2BFC> /usr/lib/swift/libswiftos.dylib
dyld[47021]: <48EB2100-B5F6-3150-A424-5FD9EEC9B77B> /System/Library/PrivateFrameworks/CoreServicesInternal.framework/Versions/A/CoreServicesInternal
dyld[47021]: <F41D814B-FE1F-311A-A778-5F0699628188> /usr/lib/liboah.dylib
dyld[47021]: <A4C45770-BA54-3D2C-9DA3-077F5A497C32> /System/Library/Frameworks/Security.framework/Versions/A/Security
dyld[47021]: <D3D5DEE9-258B-33B9-A688-CF81D495E88D> /System/Library/PrivateFrameworks/GenerationalStorage.framework/Versions/A/GenerationalStorage
dyld[47021]: <02498F6E-F56A-35EC-BBFD-09E0739F330E> /System/Library/PrivateFrameworks/CacheDelete.framework/Versions/A/CacheDelete
dyld[47021]: <5879E066-73C2-3C08-9571-57A56D8FC106> /System/Library/Frameworks/QuickLookThumbnailing.framework/Versions/A/QuickLookThumbnailing
dyld[47021]: <56C602D6-EE17-31C4-BACC-962E392B7A14> /System/Library/Frameworks/FileProvider.framework/Versions/A/FileProvider
dyld[47021]: <1D861D5E-F6F8-3B0C-97F0-6F7DA8174A13> /System/Library/PrivateFrameworks/DiskImages.framework/Versions/A/DiskImages
dyld[47021]: <8B049FBF-B02F-3B65-B252-36DD33AE4DCB> /System/Library/Frameworks/NetFS.framework/Versions/A/NetFS
dyld[47021]: <8A8560B9-089E-3AB8-996F-C1E6F335D567> /System/Library/PrivateFrameworks/DesktopServicesPriv.framework/Versions/A/DesktopServicesPriv
dyld[47021]: <4DF5833E-170E-391E-8068-334A1619B6EC> /System/Library/Frameworks/CoreServices.framework/Versions/A/Frameworks/FSEvents.framework/Versions/A/FSEvents
dyld[47021]: <C3100FC0-CB90-375E-8228-7AD3095F70CC> /System/Library/Frameworks/CoreServices.framework/Versions/A/Frameworks/CarbonCore.framework/Versions/A/CarbonCore
dyld[47021]: <20352036-F9BF-311D-BF2B-4BE56DE35A4C> /System/Library/Frameworks/CoreServices.framework/Versions/A/Frameworks/Metadata.framework/Versions/A/Metadata
dyld[47021]: <C43D9113-B804-3617-AB4E-18B9746C3FD7> /System/Library/Frameworks/CoreServices.framework/Versions/A/Frameworks/OSServices.framework/Versions/A/OSServices
dyld[47021]: <DB2FEE7A-4E93-3C0A-A1BC-1A7915D7F824> /System/Library/Frameworks/CoreServices.framework/Versions/A/Frameworks/SearchKit.framework/Versions/A/SearchKit
dyld[47021]: <1FE41C73-319E-31D6-8AB9-5D9725C29840> /System/Library/Frameworks/CoreServices.framework/Versions/A/Frameworks/AE.framework/Versions/A/AE
dyld[47021]: <F672AF6B-712F-3E94-A30C-D962C961B1AE> /System/Library/Frameworks/CoreServices.framework/Versions/A/Frameworks/LaunchServices.framework/Versions/A/LaunchServices
dyld[47021]: <89B35D84-BCB4-32EA-B793-BB3563BA6C7E> /System/Library/Frameworks/CoreServices.framework/Versions/A/Frameworks/DictionaryServices.framework/Versions/A/DictionaryServices
dyld[47021]: <11D1A903-7E02-365D-B434-CF1F6928B9C8> /System/Library/Frameworks/CoreServices.framework/Versions/A/Frameworks/SharedFileList.framework/Versions/A/SharedFileList
dyld[47021]: <37EB8634-C367-3986-951F-FE6CE034F9B8> /usr/lib/libapple_nghttp2.dylib
dyld[47021]: <FFED8D03-933A-3E77-A298-899189CFDDEE> /usr/lib/libsqlite3.dylib
dyld[47021]: <480932A5-4C8C-3AEF-AFC3-31D7D5A6DFB7> /System/Library/Frameworks/Accounts.framework/Versions/A/Accounts
dyld[47021]: <277306E7-DBCE-3D31-8E19-1A959860E47C> /System/Library/PrivateFrameworks/AOSKit.framework/Versions/A/AOSKit
dyld[47021]: <F1614AEF-411C-3D85-B147-122B24A52BD2> /System/Library/PrivateFrameworks/AppSSOCore.framework/Versions/A/AppSSOCore
dyld[47021]: <E49883EF-0C5A-34B3-940E-6CDED347A361> /System/Library/PrivateFrameworks/AppSupport.framework/Versions/A/AppSupport
dyld[47021]: <2B4C89E8-6D61-382F-8596-400AFD5DFAED> /System/Library/Frameworks/AVFoundation.framework/Versions/A/AVFoundation
dyld[47021]: <D6494026-1CF4-365F-9D35-BD3C0FAE8463> /System/Library/PrivateFrameworks/BackgroundSystemTasks.framework/Versions/A/BackgroundSystemTasks
dyld[47021]: <5B6BC0A9-527D-3D06-B19A-59A55830D0C2> /System/Library/PrivateFrameworks/CoreAnalytics.framework/Versions/A/CoreAnalytics
dyld[47021]: <86707213-12B9-3943-AF6A-FBFDF1209FCA> /System/Library/Frameworks/CoreGraphics.framework/Versions/A/CoreGraphics
dyld[47021]: <43674C87-ADFF-3F60-9DDD-8CE9CAFA39D5> /System/Library/PrivateFrameworks/DuetActivityScheduler.framework/Versions/A/DuetActivityScheduler
dyld[47021]: <8220298F-96F2-3CED-82CF-C07E11DA38F9> /System/Library/PrivateFrameworks/FTServices.framework/Versions/A/FTServices
dyld[47021]: <6A676BE5-DAA2-3923-8B2D-9183A79D8FCF> /System/Library/Frameworks/GSS.framework/Versions/A/GSS
dyld[47021]: <B9C46934-ECEA-360F-BD4D-39025C7947C9> /System/Library/PrivateFrameworks/InternationalSupport.framework/Versions/A/InternationalSupport
dyld[47021]: <F64C374B-7C49-32B2-BD2E-8822A3F14163> /usr/lib/libMemoryResourceException.dylib
dyld[47021]: <A3C34F06-7BB2-3881-8DD1-775BB79E14B3> /System/Library/PrivateFrameworks/NetworkScore.framework/Versions/A/NetworkScore
dyld[47021]: <31C663CB-E303-3669-A2D3-17AB24A16940> /System/Library/PrivateFrameworks/NetworkServiceProxy.framework/Versions/A/NetworkServiceProxy
dyld[47021]: <949C594B-FE78-3E1A-B40C-4720CF994C75> /System/Library/PrivateFrameworks/RunningBoardServices.framework/Versions/A/RunningBoardServices
dyld[47021]: <291F2CDF-90AA-36D2-94BB-1318387C54C5> /System/Library/PrivateFrameworks/StreamingExtractor.framework/Versions/A/StreamingExtractor
dyld[47021]: <A266C210-8869-390E-93D0-5AC15408C80D> /System/Library/PrivateFrameworks/StreamingZip.framework/Versions/A/StreamingZip
dyld[47021]: <DB7270A8-9BB5-3EBE-B2FD-54F6641D56DE> /System/Library/PrivateFrameworks/SymptomReporter.framework/Versions/A/SymptomReporter
dyld[47021]: <87E902A1-34F8-3ED8-8A5B-00F346A553AE> /usr/lib/libenergytrace.dylib
dyld[47021]: <076C8183-DBAF-3FE4-8019-C95855620AD9> /usr/lib/libnetworkextension.dylib
dyld[47021]: <4A16436D-E026-380A-ADED-84C279C05285> /System/Library/Frameworks/Network.framework/Versions/A/Network
dyld[47021]: <7E84A4E7-383B-33B9-B604-D707E8E0C76A> /usr/lib/libbsm.0.dylib
dyld[47021]: <B20E8F67-6646-3050-AB29-44575B24BB6D> /usr/lib/system/libkxld.dylib
dyld[47021]: <2D2A4D15-9634-3D30-8D50-845C65536968> /System/Library/PrivateFrameworks/AppleKeyStore.framework/Versions/A/AppleKeyStore
dyld[47021]: <CFECAA0B-0E59-3E9B-BE28-7247E52F32BC> /usr/lib/libCoreEntitlements.dylib
dyld[47021]: <DDEA8F2A-0D8C-3136-A60F-159B3BF6BB14> /System/Library/PrivateFrameworks/MessageSecurity.framework/Versions/A/MessageSecurity
dyld[47021]: <4AB73CF2-A262-3297-A4ED-F98885686564> /System/Library/PrivateFrameworks/ProtocolBuffer.framework/Versions/A/ProtocolBuffer
dyld[47021]: <9E416667-BB78-36EB-9B5D-886652738B8E> /System/Library/PrivateFrameworks/CloudServices.framework/Versions/A/CloudServices
dyld[47021]: <88586001-D9A2-3BCE-A0B3-F66B962A5FCD> /System/Library/PrivateFrameworks/SymptomDiagnosticReporter.framework/Versions/A/SymptomDiagnosticReporter
dyld[47021]: <E76B3969-60BD-3EBD-8419-B6D16CB330C2> /System/Library/PrivateFrameworks/CrashReporterSupport.framework/Versions/A/CrashReporterSupport
dyld[47021]: <E0F8AF6B-104D-3F9D-A8FB-49EF7C45EAAE> /usr/lib/libMobileGestalt.dylib
dyld[47021]: <903E85C5-7923-3276-8CD3-439E896B7C6B> /System/Library/PrivateFrameworks/AppleFSCompression.framework/Versions/A/AppleFSCompression
dyld[47021]: <5CF64670-CDC0-3AF0-930A-38522A8573EC> /usr/lib/libcoretls.dylib
dyld[47021]: <88C8B8CF-FC4A-3278-9FD7-A2B90B2F600F> /usr/lib/libcoretls_cfhelpers.dylib
dyld[47021]: <4653F0C2-72CB-3C35-AEB9-AAFD63A5B721> /usr/lib/libpam.2.dylib
dyld[47021]: <47C6FF5C-2E46-3B5A-A3AF-157D64AA89B0> /usr/lib/libxar.1.dylib
dyld[47021]: <715B7DF2-B40D-3EBA-BFC9-13276492ED33> /System/Library/PrivateFrameworks/APFS.framework/Versions/A/APFS
dyld[47021]: <C01C6663-DD1C-3855-AB40-23B40F988E8E> /System/Library/PrivateFrameworks/SwiftASN1Internal.framework/Versions/A/SwiftASN1Internal
dyld[47021]: <AAB4E5F3-8EF1-39BE-A32B-8B4ABF8F390D> /usr/lib/libutil.dylib
dyld[47021]: <389F3921-719F-3A03-BD22-3A711B27FB35> /System/Library/PrivateFrameworks/AppleSystemInfo.framework/Versions/A/AppleSystemInfo
dyld[47021]: <2CFBD4DF-9E6B-34A5-9B6C-BCD05F40F139> /System/Library/PrivateFrameworks/IOMobileFramebuffer.framework/Versions/A/IOMobileFramebuffer
dyld[47021]: <C30F04DE-ADD7-3DBC-A1B2-C7D1EFA08CC6> /System/Library/Frameworks/IOSurface.framework/Versions/A/IOSurface
dyld[47021]: <B73AC390-0D5D-3EDA-A81F-709B68F0E37A> /System/Library/PrivateFrameworks/CoreWiFi.framework/Versions/A/CoreWiFi
dyld[47021]: <E39BD6CE-35C2-3F90-BBC1-F68EB3C71E52> /System/Library/PrivateFrameworks/LoggingSupport.framework/Versions/A/LoggingSupport
dyld[47021]: <B7154554-8A67-3354-B992-14441B39FF71> /System/Library/PrivateFrameworks/MobileAsset.framework/Versions/A/MobileAsset
dyld[47021]: <604DB01F-E423-31DC-A4A1-792F6701BA2D> /System/Library/PrivateFrameworks/PowerLog.framework/Versions/A/PowerLog
dyld[47021]: <BE98D10A-67D4-311C-B556-8D3838CF6F81> /System/Library/PrivateFrameworks/Rapport.framework/Versions/A/Rapport
dyld[47021]: <58E4A38D-47FB-3EAC-B7E0-6818F49D24EA> /System/Library/Frameworks/SwiftData.framework/Versions/A/SwiftData
dyld[47021]: <540009BA-D3E5-3F67-8DE8-ED0033FE9215> /System/Library/PrivateFrameworks/Symptoms.framework/Versions/A/Frameworks/SymptomAnalytics.framework/Versions/A/SymptomAnalytics
dyld[47021]: <743056F4-24EC-3A70-8282-C6F20407C193> /System/Library/Frameworks/UniformTypeIdentifiers.framework/Versions/A/UniformTypeIdentifiers
dyld[47021]: <4C89B3C9-F76E-3ED3-9515-E770E4E0E04A> /System/Library/PrivateFrameworks/UserManagement.framework/Versions/A/UserManagement
dyld[47021]: <0767E249-3DD3-375B-8E61-F5DB8309C5BA> /usr/lib/libboringssl.dylib
dyld[47021]: <819F23DB-90BE-3F09-8647-29C8F3CF929E> /usr/lib/libcupolicy.dylib
dyld[47021]: <B079C73B-474D-3A35-B9FC-C417A2FAAC2D> /usr/lib/libdns_services.dylib
dyld[47021]: <9BFCCC8E-40E3-33F3-8108-ED956930D9B0> /System/Library/Frameworks/NetworkExtension.framework/Versions/A/NetworkExtension
dyld[47021]: <2C368B24-1063-37A2-9815-6392CE0D28FA> /usr/lib/libnwswifttls.dylib
dyld[47021]: <0A92F1D9-34F1-35A9-A293-57BED013A7C7> /usr/lib/libpcap.A.dylib
dyld[47021]: <A88B0E2C-9449-37D5-AA62-8533346704D8> /usr/lib/libquic.dylib
dyld[47021]: <35A0D004-85A7-324D-A597-61F1AA1203B8> /usr/lib/libusrtcp.dylib
dyld[47021]: <AD7AC28E-DF43-3FE2-9F95-1A55421FE21B> /System/Library/PrivateFrameworks/AtomicsInternal.framework/Versions/A/AtomicsInternal
dyld[47021]: <4AFF9D01-B152-3754-917D-FEB9B6EDB074> /System/Library/PrivateFrameworks/InternalSwiftProtobuf.framework/Versions/A/InternalSwiftProtobuf
dyld[47021]: <939A84CD-B303-36D6-89D4-0CA6FE6C9335> /usr/lib/swift/libswiftDistributed.dylib
dyld[47021]: <69B34359-C025-3674-9127-6FE565701511> /usr/lib/swift/libswiftObservation.dylib
dyld[47021]: <7626547E-9425-3FAE-A895-04A4C0B5A24C> /usr/lib/swift/libswiftSynchronization.dylib
dyld[47021]: <61779A8C-8FAF-3B30-88EB-F8B1F7965DA6> /System/Library/PrivateFrameworks/AggregateDictionary.framework/Versions/A/AggregateDictionary
dyld[47021]: <ACB84D0D-0179-32B7-8F5C-53BD2AC740D5> /System/Library/PrivateFrameworks/CoreDuetContext.framework/Versions/A/CoreDuetContext
dyld[47021]: <ED2927D1-85F9-346D-9054-C9008EEFC205> /System/Library/PrivateFrameworks/BiomeLibrary.framework/Versions/A/BiomeLibrary
dyld[47021]: <0F02B28D-130E-3D48-A02E-D62C960731A0> /System/Library/PrivateFrameworks/CoreDuet.framework/Versions/A/CoreDuet
dyld[47021]: <0C2B5247-3909-390E-89D1-CD10B5986FDB> /System/Library/PrivateFrameworks/BiomeStreams.framework/Versions/A/BiomeStreams
dyld[47021]: <ECD6B305-5576-372C-A6C2-6FB8B3449B16> /System/Library/PrivateFrameworks/BiomeFoundation.framework/Versions/A/BiomeFoundation
dyld[47021]: <56BD2841-6328-3882-839C-512E9AEC3220> /System/Library/PrivateFrameworks/BiomePubSub.framework/Versions/A/BiomePubSub
dyld[47021]: <26BCA90F-FDB6-3162-8398-B204D85CFE5B> /System/Library/Frameworks/CoreData.framework/Versions/A/CoreData
dyld[47021]: <5C05FB7B-7E85-3E88-B482-B08EBADE6C7C> /System/Library/PrivateFrameworks/ProactiveSupport.framework/Versions/A/ProactiveSupport
dyld[47021]: <8984813E-20DC-39D0-8760-81CF047BEA77> /System/Library/Frameworks/CoreLocation.framework/Versions/A/CoreLocation
dyld[47021]: <71576C7F-398C-30F3-8B15-E71BBEFCBF40> /System/Library/Frameworks/Intents.framework/Versions/A/Intents
dyld[47021]: <9C3CA246-0044-37F0-9C69-6A72E1434912> /System/Library/Frameworks/_LocationEssentials.framework/Versions/A/_LocationEssentials
dyld[47021]: <6DB9D3C0-C6E8-34F1-BECE-E13E769A8FDB> /usr/lib/liblzma.5.dylib
dyld[47021]: <69865F9B-6DB8-3638-8A23-072E1E349C72> /System/Library/Frameworks/Accelerate.framework/Versions/A/Accelerate
dyld[47021]: <0542EA91-C289-3EEB-A7BD-E3FDC5F48622> /System/Library/PrivateFrameworks/MobileKeyBag.framework/Versions/A/MobileKeyBag
dyld[47021]: <504121FD-73F2-3024-93D0-E8A7C806E94B> /System/Library/PrivateFrameworks/InternationalTextSearch.framework/Versions/A/InternationalTextSearch
dyld[47021]: <6DD8264D-A08C-3E81-A4DC-DF6F92BDE42B> /System/Library/PrivateFrameworks/SoftwareUpdateCoreSupport.framework/Versions/A/SoftwareUpdateCoreSupport
dyld[47021]: <BE013477-FD5C-36B1-9127-66C2080DE35E> /System/Library/PrivateFrameworks/SoftwareUpdateCoreConnect.framework/Versions/A/SoftwareUpdateCoreConnect
dyld[47021]: <B9FE5420-1BC3-3001-ACAF-2E917BFFBDD0> /System/Library/PrivateFrameworks/RemoteServiceDiscovery.framework/Versions/A/RemoteServiceDiscovery
dyld[47021]: <135C2628-BD95-3432-8D97-32C8FDABD1E3> /System/Library/PrivateFrameworks/MSUDataAccessor.framework/Versions/A/MSUDataAccessor
dyld[47021]: <7817458F-E833-3825-A04B-03A79AD8739B> /usr/lib/libbootpolicy.dylib
dyld[47021]: <ED17CD59-DDEC-3BDE-9267-201A02407BAD> /System/Library/PrivateFrameworks/RemoteXPC.framework/Versions/A/RemoteXPC
dyld[47021]: <A1DBFEC9-D0A6-3B2E-99D2-EC6B5B9B960D> /usr/lib/libFDR.dylib
dyld[47021]: <A73B43E8-985F-3BB1-AD2B-DAF39BFF4E95> /usr/lib/libamsupport.dylib
dyld[47021]: <2C923B2B-EB1C-3FD1-8272-4AD141AEE322> /usr/lib/libReverseProxyDevice.dylib
dyld[47021]: <A1751466-FD99-3C13-9DAE-8EE39A575C75> /System/Library/PrivateFrameworks/AppleDeviceQuerySupport.framework/Versions/A/AppleDeviceQuerySupport
dyld[47021]: <6B2536A0-FB99-3B72-BF72-C8A230F76C2F> /usr/lib/libpartition2_dynamic.dylib
dyld[47021]: <50A785A8-C474-3A6D-A6CB-DFD2D0E93B43> /System/Library/PrivateFrameworks/AppleSauce.framework/Versions/A/AppleSauce
dyld[47021]: <4C0A66D2-B313-3A88-B438-3B2FBAFD7994> /usr/lib/libAppleArchive.dylib
dyld[47021]: <F8B99793-2A42-3B06-A92E-C84D8679459A> /usr/lib/libbz2.1.0.dylib
dyld[47021]: <87180846-15A0-3AE6-9375-8986922E7704> /System/Library/Frameworks/Accelerate.framework/Versions/A/Frameworks/vImage.framework/Versions/A/vImage
dyld[47021]: <F9DA17B8-BF0E-3D0E-8D51-8895A09E76CA> /System/Library/Frameworks/Accelerate.framework/Versions/A/Frameworks/vecLib.framework/Versions/A/vecLib
dyld[47021]: <E5B95953-1269-352C-B085-3BC6406E41D9> /System/Library/Frameworks/Accelerate.framework/Versions/A/Frameworks/vecLib.framework/Versions/A/libvMisc.dylib
dyld[47021]: <C127566F-507D-3087-8945-973441413016> /System/Library/Frameworks/Accelerate.framework/Versions/A/Frameworks/vImage.framework/Versions/A/Libraries/libCGInterfaces.dylib
dyld[47021]: <48BF39E9-074A-3BD8-80DD-DEB901859383> /System/Library/PrivateFrameworks/AccelerateGPU.framework/Versions/A/AccelerateGPU
dyld[47021]: <B8AEEB6D-A458-37C3-B22A-99C768B155EA> /System/Library/Frameworks/Accelerate.framework/Versions/A/Frameworks/vecLib.framework/Versions/A/libBLAS.dylib
dyld[47021]: <305A0A92-364D-3C8B-8BC4-DAE07A4E2918> /System/Library/Frameworks/ApplicationServices.framework/Versions/A/ApplicationServices
dyld[47021]: <9C44ABC3-19CD-32AB-A7AA-098813317900> /System/Library/Frameworks/CoreVideo.framework/Versions/A/CoreVideo
dyld[47021]: <96471F96-B3C6-3783-B8BB-17C1E48C46B7> /System/Library/Frameworks/ColorSync.framework/Versions/A/ColorSync
dyld[47021]: <22A4F922-8523-396D-AD9B-DA6FF15DA432> /System/Library/Frameworks/CoreText.framework/Versions/A/CoreText
dyld[47021]: <0CD49F9D-A8E2-303D-98A7-7E9602B00B90> /System/Library/Frameworks/ImageIO.framework/Versions/A/ImageIO
dyld[47021]: <63A93F8B-EBA5-37CF-A171-7B220B8C6A70> /System/Library/Frameworks/ApplicationServices.framework/Versions/A/Frameworks/ATS.framework/Versions/A/ATS
dyld[47021]: <0B0164B2-3069-3AF2-B2C5-8A5F1E81BFD6> /System/Library/Frameworks/ApplicationServices.framework/Versions/A/Frameworks/HIServices.framework/Versions/A/HIServices
dyld[47021]: <395625EB-39F6-392B-88CB-C8679C3A844C> /System/Library/Frameworks/ApplicationServices.framework/Versions/A/Frameworks/PrintCore.framework/Versions/A/PrintCore
dyld[47021]: <2CC38837-4DB6-3BBB-A3C9-75D083BD5C61> /System/Library/Frameworks/ApplicationServices.framework/Versions/A/Frameworks/QD.framework/Versions/A/QD
dyld[47021]: <7E09AC41-9944-3061-BC9A-23B6F977BE3A> /System/Library/Frameworks/ApplicationServices.framework/Versions/A/Frameworks/ColorSyncLegacy.framework/Versions/A/ColorSyncLegacy
dyld[47021]: <26B44C48-BC70-38A8-AAF1-7EC18393E11F> /System/Library/Frameworks/ApplicationServices.framework/Versions/A/Frameworks/SpeechSynthesis.framework/Versions/A/SpeechSynthesis
dyld[47021]: <898384F5-D43B-3BCA-8383-3039E80CFA6D> /System/Library/PrivateFrameworks/SkyLight.framework/Versions/A/SkyLight
dyld[47021]: <27A05596-EDE4-3576-B061-D68EB1B6CAD5> /System/Library/PrivateFrameworks/FontServices.framework/libFontParser.dylib
dyld[47021]: <0C76F3C5-CD3B-3837-BAEB-0226751512F6> /System/Library/PrivateFrameworks/BaseBoard.framework/Versions/A/BaseBoard
dyld[47021]: <35DD2B0B-E814-3C04-89AE-04EB53AB64B2> /System/Library/PrivateFrameworks/BoardServices.framework/Versions/A/BoardServices
dyld[47021]: <822C92A9-C200-3DF8-A48F-04F6FC444EA2> /System/Library/PrivateFrameworks/BackBoardServices.framework/Versions/A/BackBoardServices
dyld[47021]: <83EA7238-159B-3156-8F5D-D84E4D94FAD2> /System/Library/PrivateFrameworks/BackBoardHIDEventFoundation.framework/Versions/A/BackBoardHIDEventFoundation
dyld[47021]: <197CDF27-438E-3EB7-BC35-0C466CCF17CD> /System/Library/Frameworks/CoreDisplay.framework/Versions/A/CoreDisplay
dyld[47021]: <586DC60D-A727-38F7-9156-CC98E30F284D> /System/Library/Frameworks/VideoToolbox.framework/Versions/A/VideoToolbox
dyld[47021]: <7835C05F-D662-38A0-83A8-CA317D2C915B> /System/Library/Frameworks/MetalPerformanceShaders.framework/Versions/A/MetalPerformanceShaders
dyld[47021]: <3B0EC42B-483E-3B2E-9320-4CB6664A302B> /System/Library/PrivateFrameworks/ProDisplayLibrary.framework/Versions/A/ProDisplayLibrary
dyld[47021]: <A4FA1F92-D834-3716-89C5-F0B7C0609744> /System/Library/PrivateFrameworks/IOSurfaceAccelerator.framework/Versions/A/IOSurfaceAccelerator
dyld[47021]: <E62B6554-CA42-3D79-B048-C5F6DEFA20CC> /System/Library/Frameworks/Metal.framework/Versions/A/Metal
dyld[47021]: <61E0BB2C-2B28-3B5A-8548-B2C19521DCAD> /System/Library/PrivateFrameworks/IOAccelerator.framework/Versions/A/IOAccelerator
dyld[47021]: <8149A6D5-5D34-3DE8-9F49-0C13EBA54A00> /System/Library/Frameworks/CoreMedia.framework/Versions/A/CoreMedia
dyld[47021]: <312C79A8-E961-3646-8528-3FC190FAAEA3> /System/Library/PrivateFrameworks/TCC.framework/Versions/A/TCC
dyld[47021]: <C3A8BEDA-D443-3239-93BC-1F77D6307526> /System/Library/PrivateFrameworks/WatchdogClient.framework/Versions/A/WatchdogClient
dyld[47021]: <F1BA3189-E95A-3ECA-B59A-5A6872754484> /System/Library/Frameworks/QuartzCore.framework/Versions/A/QuartzCore
dyld[47021]: <9A09DE9B-0772-325A-BBA2-8164DAB189BE> /System/Library/PrivateFrameworks/MultitouchSupport.framework/Versions/A/MultitouchSupport
dyld[47021]: <DDA5A4B3-59E6-319C-8061-FEFD39ADC8C7> /usr/lib/swift/libswiftAccelerate.dylib
dyld[47021]: <EFBE5ADA-3929-35CF-988E-7AED8B7FDE51> /usr/lib/swift/libswiftCoreAudio.dylib
dyld[47021]: <D1491CD7-17C3-36DB-8775-211B2F22C80F> /usr/lib/swift/libswiftCoreMedia.dylib
dyld[47021]: <10BCDD43-C5E6-38BF-99CA-54B6AD7A3EEA> /usr/lib/swift/libswiftMetal.dylib
dyld[47021]: <57A2CE5E-DAC3-35D2-9BED-6188DF518B70> /usr/lib/swift/libswiftOSLog.dylib
dyld[47021]: <C348816E-C511-356C-830B-5F690FA3AA69> /usr/lib/swift/libswiftQuartzCore.dylib
dyld[47021]: <D02B3C6D-7F89-3910-B160-7339E13B7778> /usr/lib/swift/libswiftUniformTypeIdentifiers.dylib
dyld[47021]: <E0458D1A-E650-3E6B-99A1-1882CC4A159A> /usr/lib/swift/libswiftVideoToolbox.dylib
dyld[47021]: <F83F1836-73D8-3B30-A8C4-FED0DA5E8CEC> /usr/lib/swift/libswiftsimd.dylib
dyld[47021]: <9A1B7F95-CF13-3127-85D4-9AAF491AF821> /System/Library/PrivateFrameworks/BiomeStorage.framework/Versions/A/BiomeStorage
dyld[47021]: <5DA57389-B626-3B6E-89E3-C724B0468F10> /System/Library/PrivateFrameworks/IntelligencePlatformLibrary.framework/Versions/A/IntelligencePlatformLibrary
dyld[47021]: <2E3DEAB0-737E-3412-9437-32EDB3086EA3> /System/Library/PrivateFrameworks/PoirotSchematizer.framework/Versions/A/PoirotSchematizer
dyld[47021]: <6D9F3228-2B0C-36ED-B43E-BC4148212971> /System/Library/PrivateFrameworks/BiomeSync.framework/Versions/A/BiomeSync
dyld[47021]: <D25EE534-F145-3A91-B92E-2BBDE76BB0B1> /System/Library/PrivateFrameworks/BiomeDSL.framework/Versions/A/BiomeDSL
dyld[47021]: <BC98F8FE-E39A-31DC-B2BB-F129D1352E1E> /System/Library/PrivateFrameworks/FeatureFlags.framework/Versions/A/FeatureFlags
dyld[47021]: <4B0C858E-68AE-32CF-8F62-B44B1838BBB6> /System/Library/PrivateFrameworks/PoirotUDFs.framework/Versions/A/PoirotUDFs
dyld[47021]: <866DBB51-99DA-38A9-A712-4E26BB5A5CE0> /usr/lib/swift/libswift_DarwinFoundation2.dylib
dyld[47021]: <995CB65C-A58D-38B3-A271-917FDB9F8C57> /usr/lib/swift/libswift_DarwinFoundation3.dylib
dyld[47021]: <89179061-46AF-3E0C-8F03-FF9F5ACEE211> /System/Library/PrivateFrameworks/CoreTime.framework/Versions/A/CoreTime
dyld[47021]: <2D429111-B58B-365E-8D8D-68DA82D20589> /usr/lib/libiconv.2.dylib
dyld[47021]: <7704B548-DB2D-3468-B301-82E8F026DDCE> /usr/lib/libcharset.1.dylib
dyld[47021]: <07B78F81-0131-32DA-9961-316C1C248338> /System/Library/PrivateFrameworks/PoirotSQLite.framework/Versions/A/PoirotSQLite
dyld[47021]: <6BA1B88C-B16D-3296-9322-F98613487F18> /usr/lib/swift/libswift_RegexParser.dylib
dyld[47021]: <327752A7-9364-352C-B3FD-79457DC3145C> /System/Library/PrivateFrameworks/CascadeSets.framework/Versions/A/CascadeSets
dyld[47021]: <39D6BD21-AFD7-3068-B747-B94A5D9F1C27> /System/Library/PrivateFrameworks/CorePhoneNumbers.framework/Versions/A/CorePhoneNumbers
dyld[47021]: <72E56855-8FE6-3262-9A11-B2F475119A93> /System/Library/PrivateFrameworks/AppleJPEG.framework/Versions/A/AppleJPEG
dyld[47021]: <6D02979F-089C-3FF7-B3EA-939E8810EDE7> /usr/lib/libexpat.1.dylib
dyld[47021]: <5855ECAC-2298-3B0A-A859-9E643E12010D> /System/Library/Frameworks/ImageIO.framework/Versions/A/Resources/libPng.dylib
dyld[47021]: <2E5FD6A0-0646-3F84-84A8-09F2BD58C56D> /System/Library/Frameworks/ImageIO.framework/Versions/A/Resources/libTIFF.dylib
dyld[47021]: <A4D144D0-C3D8-3BB6-962F-FDBC6DACC105> /System/Library/Frameworks/ImageIO.framework/Versions/A/Resources/libGIF.dylib
dyld[47021]: <FCBA3CD1-64C8-3BE1-AB50-450070167FA3> /System/Library/Frameworks/ImageIO.framework/Versions/A/Resources/libJP2.dylib
dyld[47021]: <8331A311-1C3F-37E5-A6FB-74FEB6D31D57> /usr/lib/libate.dylib
dyld[47021]: <30EA44B1-2A44-3415-A1B6-DD0ED2B7B306> /System/Library/Frameworks/ImageIO.framework/Versions/A/Resources/libJPEG.dylib
dyld[47021]: <2C186C82-66E0-369C-B2D4-1815FAB8AFB3> /System/Library/Frameworks/ImageIO.framework/Versions/A/Resources/libRadiance.dylib
dyld[47021]: <0E239D6E-4F69-3A3C-8F10-207AB9E53626> /System/Library/PrivateFrameworks/GPUCompiler.framework/Versions/32023/Libraries/libllvm-flatbuffers.dylib
dyld[47021]: <E0E4527F-02A1-3B8E-BC59-50596B14C725> /System/Library/PrivateFrameworks/FramePacing.framework/Versions/A/FramePacing
dyld[47021]: <A7E06810-96A7-320B-90FF-41FEC8996481> /System/Library/Frameworks/OpenGL.framework/Versions/A/Libraries/libCoreFSCache.dylib
dyld[47021]: <54727168-9032-3AF7-B571-3A52A508B761> /System/Library/PrivateFrameworks/GPUCompiler.framework/Versions/32023/Libraries/libGPUCompilerUtils.dylib
dyld[47021]: <3877C6C1-2A1C-3971-A39B-BFBCBD2316E4> /System/Library/PrivateFrameworks/GraphicsServices.framework/Versions/A/GraphicsServices
dyld[47021]: <4441E600-26A0-3A7E-A20A-4A4F239AA0D0> /System/Library/Frameworks/OpenGL.framework/Versions/A/OpenGL
dyld[47021]: <D7A8D43B-01FB-363F-9E04-E3AE9712247B> /System/Library/Frameworks/OpenGL.framework/Versions/A/Libraries/libGLU.dylib
dyld[47021]: <82D99F0A-0AE0-3187-AED3-F8EA8602892E> /System/Library/Frameworks/OpenGL.framework/Versions/A/Libraries/libGFXShared.dylib
dyld[47021]: <0467762E-9A84-3C53-B0F4-CA179E29A8CE> /System/Library/Frameworks/OpenGL.framework/Versions/A/Libraries/libGL.dylib
dyld[47021]: <CF163ACB-2E12-3036-AFBE-AAEC42E32A95> /System/Library/Frameworks/OpenGL.framework/Versions/A/Libraries/libGLImage.dylib
dyld[47021]: <DCF9371C-4D04-3524-B0A0-0E0A93183BFB> /System/Library/Frameworks/OpenGL.framework/Versions/A/Libraries/libCVMSPluginSupport.dylib
dyld[47021]: <9879D439-C0AD-3A93-9050-4C0AE6C7DD07> /System/Library/Frameworks/OpenGL.framework/Versions/A/Libraries/libCoreVMClient.dylib
dyld[47021]: <FB88FA95-68C1-3573-B8A4-815488BDA4E6> /System/Library/PrivateFrameworks/GPUWrangler.framework/Versions/A/GPUWrangler
dyld[47021]: <60E38601-35DB-3D90-80C0-BB19848CFED7> /System/Library/PrivateFrameworks/IOPresentment.framework/Versions/A/IOPresentment
dyld[47021]: <F5D64A73-D6D9-380E-BF44-10544E2465B6> /System/Library/PrivateFrameworks/DSExternalDisplay.framework/Versions/A/DSExternalDisplay
dyld[47021]: <9FD68D8C-8D94-32D2-A41C-97A66C2E4BB6> /System/Library/PrivateFrameworks/VideoToolboxParavirtualizationSupport.framework/Versions/A/VideoToolboxParavirtualizationSupport
dyld[47021]: <7EB7686D-74B9-385B-A60F-25F9C97AD46B> /System/Library/PrivateFrameworks/AppleVA.framework/Versions/A/AppleVA
dyld[47021]: <1E88A46B-6D6B-3648-968B-01532612E28C> /System/Library/Frameworks/ExtensionFoundation.framework/Versions/A/ExtensionFoundation
dyld[47021]: <7AEF5F35-87FB-36B6-9347-BFB7DE09B133> /System/Library/PrivateFrameworks/CMCaptureCore.framework/Versions/A/CMCaptureCore
dyld[47021]: <866F4ACD-D94B-3BD7-8B90-573A51A8CEDF> /usr/lib/libspindump.dylib
dyld[47021]: <2E3313F7-C583-3D6C-A88B-37AF8B4C56F0> /System/Library/Frameworks/CoreAudio.framework/Versions/A/CoreAudio
dyld[47021]: <D54F06FB-C477-3A05-9C9F-A02CF013F926> /System/Library/PrivateFrameworks/AppServerSupport.framework/Versions/A/AppServerSupport
dyld[47021]: <8BDF1C32-455B-3FEF-A6E4-ECD49074CA07> /System/Library/PrivateFrameworks/perfdata.framework/Versions/A/perfdata
dyld[47021]: <71BD1CD7-CD33-3689-9EFF-12FAD75B97E5> /System/Library/PrivateFrameworks/AudioDSPGraph.framework/Versions/A/AudioDSPGraph
dyld[47021]: <668AAB07-F503-3EB4-A382-F01FB60269FB> /System/Library/PrivateFrameworks/AudioToolboxCore.framework/Versions/A/AudioToolboxCore
dyld[47021]: <725DE236-E4BB-34E0-A155-46A974629A81> /System/Library/PrivateFrameworks/caulk.framework/Versions/A/caulk
dyld[47021]: <573E42C2-BB6F-3E6C-BA4C-A7689728B174> /usr/lib/libAudioStatistics.dylib
dyld[47021]: <99C955D1-07A3-3FE9-922A-BC678E2EA454> /System/Library/PrivateFrameworks/SystemPolicy.framework/Versions/A/SystemPolicy
dyld[47021]: <08EEC0C2-F56C-3BB9-992A-160E5AAAEB56> /usr/lib/libSMC.dylib
dyld[47021]: <5491E4A8-56A3-3EBC-AC8E-B2D69CB34E32> /usr/lib/swift/libswiftCoreMIDI.dylib
dyld[47021]: <29F750A3-0A23-3C21-8C79-4A2D22F7BE8B> /System/Library/Frameworks/CoreMIDI.framework/Versions/A/CoreMIDI
dyld[47021]: <E83E83E4-F6D9-36B1-A7C8-1391F6E5D4E7> /usr/lib/libAudioToolboxUtility.dylib
dyld[47021]: <0D2BC538-CE70-3EFD-B277-6B12CEED8EC7> /usr/lib/libperfcheck.dylib
dyld[47021]: <AAD9FBE3-5777-3ED9-930F-1B5F492CDFA6> /System/Library/PrivateFrameworks/AudioAnalytics.framework/Versions/A/AudioAnalytics
dyld[47021]: <BFBCF2EC-4BC5-3941-AE6B-3F5BEF2C2296> /System/Library/Frameworks/OSLog.framework/Versions/A/OSLog
dyld[47021]: <C6FCA282-6ABB-38D2-9683-C6A229CCD92B> /System/Library/PrivateFrameworks/OSEligibility.framework/Versions/A/OSEligibility
dyld[47021]: <D170449C-D007-358E-A189-0CAA6CF8D01F> /System/Library/PrivateFrameworks/IconServices.framework/Versions/A/IconServices
dyld[47021]: <FAF6A95A-EDAC-3CEF-AE8A-44C9A4C12AA2> /System/Library/Frameworks/LightweightCodeRequirements.framework/Versions/A/LightweightCodeRequirements
dyld[47021]: <0F0E3B26-14CC-3248-B8FC-F55458E643C1> /System/Library/PrivateFrameworks/PlugInKit.framework/Versions/A/PlugInKit
dyld[47021]: <5F47F3F1-ADF5-35A7-8ADF-9C850F05C96E> /System/Library/PrivateFrameworks/AssertionServices.framework/Versions/A/AssertionServices
dyld[47021]: <4575E49F-BCA8-34CC-8027-BCE51ACDB678> /System/Library/PrivateFrameworks/IconFoundation.framework/Versions/A/IconFoundation
dyld[47021]: <55C4846B-FB15-31BB-81A1-FE1EE773650D> /System/Library/PrivateFrameworks/AssistantServices.framework/Versions/A/AssistantServices
dyld[47021]: <F4165CF9-0759-306E-8253-D5A316F8C87C> /System/Library/PrivateFrameworks/IconRendering.framework/Versions/A/IconRendering
dyld[47021]: <4866A12C-9F52-3ECE-A0C4-55F9E0FD065C> /System/Library/PrivateFrameworks/CoreUI.framework/Versions/A/CoreUI
dyld[47021]: <0B0C1F98-570E-38B6-A749-5A2239DCB0B7> /System/Library/Frameworks/CoreImage.framework/Versions/A/CoreImage
dyld[47021]: <262D0D2A-7A75-3343-AEB9-1294F6DC8118> /System/Library/PrivateFrameworks/SFSymbols.framework/Versions/A/SFSymbols
dyld[47021]: <CB99B5A9-3254-3174-A216-CCE7299B7E49> /System/Library/Frameworks/DeveloperToolsSupport.framework/Versions/A/DeveloperToolsSupport
dyld[47021]: <F7ECFEE8-BD23-380C-B96F-D1C588B8E735> /System/Library/PrivateFrameworks/RenderBox.framework/Versions/A/RenderBox
dyld[47021]: <3F803C87-C3A7-3DF6-B51B-8AADBFEC915C> /System/Library/PrivateFrameworks/CoreSVG.framework/Versions/A/CoreSVG
dyld[47021]: <2EA07A48-1ADC-3A77-9A3A-596142804F26> /System/Library/PrivateFrameworks/TextureIO.framework/Versions/A/TextureIO
dyld[47021]: <804A03E9-5942-312F-A1AA-8638FD385C1C> /usr/lib/swift/libswiftCoreImage.dylib
dyld[47021]: <BCE53558-0DC1-3670-8AD8-00315C2C7A8B> /System/Library/PrivateFrameworks/GraphVisualizer.framework/Versions/A/GraphVisualizer
dyld[47021]: <76B6A89A-771D-3946-8628-2DECF6188233> /System/Library/PrivateFrameworks/FontServices.framework/Versions/A/FontServices
dyld[47021]: <3CBB2906-8FEF-300A-8F84-1A61263AAB2C> /System/Library/PrivateFrameworks/OTSVG.framework/Versions/A/OTSVG
dyld[47021]: <2E43B513-D03C-3AE1-81C4-7B2ADBB6369E> /System/Library/Frameworks/ApplicationServices.framework/Versions/A/Frameworks/ATS.framework/Versions/A/Resources/libFontRegistry.dylib
dyld[47021]: <D0AD39A1-B981-345D-A8AE-F4DD33ACD224> /usr/lib/libhvf.dylib
dyld[47021]: <DC0A782B-37B2-3DB2-929B-C355C657DBA0> /System/Library/PrivateFrameworks/ParsingInternal.framework/Versions/A/ParsingInternal
dyld[47021]: <749892C3-5510-33F1-A268-8C2EBCAA0F35> /System/Library/PrivateFrameworks/FontServices.framework/libXTFontStaticRegistryData.dylib
dyld[47021]: <1C8768D1-ADC9-32F8-9B19-75F5B361342C> /System/Library/Frameworks/MetalPerformanceShaders.framework/Versions/A/Frameworks/MPSCore.framework/Versions/A/MPSCore
dyld[47021]: <C36504AE-AF4B-3BBB-B4C4-2AF4E3180B9C> /System/Library/Frameworks/MetalPerformanceShaders.framework/Versions/A/Frameworks/MPSImage.framework/Versions/A/MPSImage
dyld[47021]: <16ECC4C3-132A-3566-BA81-3A9857E6ECA3> /System/Library/Frameworks/MetalPerformanceShaders.framework/Versions/A/Frameworks/MPSNeuralNetwork.framework/Versions/A/MPSNeuralNetwork
dyld[47021]: <306ACCB4-2F1F-3292-87FD-0E65488119D9> /System/Library/Frameworks/MetalPerformanceShaders.framework/Versions/A/Frameworks/MPSMatrix.framework/Versions/A/MPSMatrix
dyld[47021]: <E53B1901-AED1-3258-9EBD-06F0A617F8CC> /System/Library/Frameworks/MetalPerformanceShaders.framework/Versions/A/Frameworks/MPSRayIntersector.framework/Versions/A/MPSRayIntersector
dyld[47021]: <EE7ACF8A-08BA-38FB-BAF9-A041B5C1647F> /System/Library/Frameworks/MetalPerformanceShaders.framework/Versions/A/Frameworks/MPSNDArray.framework/Versions/A/MPSNDArray
dyld[47021]: <BF31F15F-31CD-395D-AC73-4184B3B369BA> /System/Library/Frameworks/MetalPerformanceShaders.framework/Versions/A/Frameworks/MPSFunctions.framework/Versions/A/MPSFunctions
dyld[47021]: <64E0C8EB-73F2-3B9F-BA62-5011816127E5> /System/Library/Frameworks/MetalPerformanceShaders.framework/Versions/A/Frameworks/MPSBenchmarkLoop.framework/Versions/A/MPSBenchmarkLoop
dyld[47021]: <017CF55F-3554-395F-96CE-3162C11DF459> /System/Library/Frameworks/MetalPerformanceShaders.framework/Versions/A/Frameworks/MPSHost.framework/Versions/A/MPSHost
dyld[47021]: <828164D8-1D9C-3284-BEB6-94E4A14D789F> /System/Library/PrivateFrameworks/MetalTools.framework/Versions/A/MetalTools
dyld[47021]: <818ED21F-78B0-35A6-8759-A7ECABF2BFC8> /System/Library/PrivateFrameworks/IOAccelMemoryInfo.framework/Versions/A/IOAccelMemoryInfo
dyld[47021]: <983D9B3D-E395-3028-A6C5-53A3A18B6604> /System/Library/PrivateFrameworks/kperf.framework/Versions/A/kperf
dyld[47021]: <F8E5C533-6122-3B5D-B88A-A47C32109A9A> /System/Library/PrivateFrameworks/GPURawCounter.framework/Versions/A/GPURawCounter
dyld[47021]: <1DB46CCA-B13C-3959-BC00-924F576CB767> /System/Library/PrivateFrameworks/ASEProcessing.framework/Versions/A/ASEProcessing
dyld[47021]: <4102CB7D-49E9-345A-A779-3AE810B87268> /System/Library/PrivateFrameworks/Symbolication.framework/Versions/A/Symbolication
dyld[47021]: <1D4A69BF-58CF-3D49-A5FE-060A6882656F> /System/Library/PrivateFrameworks/PhotosensitivityProcessing.framework/Versions/A/PhotosensitivityProcessing
dyld[47021]: <AE03A46C-9FB6-374D-B37E-9718D375A651> /System/Library/PrivateFrameworks/SILManager.framework/Versions/A/SILManager
dyld[47021]: <330E7EFA-BC89-312E-BCB8-7B1DF5D9DE3A> /System/Library/PrivateFrameworks/CoreSymbolication.framework/Versions/A/CoreSymbolication
dyld[47021]: <8719F16D-7F55-3975-998C-06005D5DDC68> /System/Library/PrivateFrameworks/MallocStackLogging.framework/Versions/A/MallocStackLogging
dyld[47021]: <9B8E1A80-3FE3-39C1-A2FD-47BA6DFA959D> /System/Library/PrivateFrameworks/DebugSymbols.framework/Versions/A/DebugSymbols
dyld[47021]: <D89BF7AA-5A74-3F60-B20C-8250BD62F6B4> /System/Library/PrivateFrameworks/OSAnalytics.framework/Versions/A/OSAnalytics
dyld[47021]: <34A24CD5-073C-3E55-8D5F-83818DFCB057> /System/Library/PrivateFrameworks/DeviceRecovery.framework/Versions/A/DeviceRecovery
dyld[47021]: <5BD8491A-8C15-3964-9B0F-B1C9369DC3FC> /System/Library/PrivateFrameworks/Tightbeam.framework/Versions/A/Tightbeam
dyld[47021]: <B5EAFB22-7AE0-343B-95BB-7BB58955A702> /usr/lib/swift/libswiftCompression.dylib
dyld[47021]: <5F0A0B0B-7997-351F-99D8-0517689BBABD> /System/Library/PrivateFrameworks/AFKUser.framework/Versions/A/AFKUser
dyld[47021]: <CA3F2D29-2FCB-3DF4-ADA9-94072A8A6CBD> /System/Library/Frameworks/ApplicationServices.framework/Versions/A/Frameworks/ATSUI.framework/Versions/A/ATSUI
dyld[47021]: <85AB42E3-076F-3B68-ACCF-98625AA5E3D9> /System/Library/PrivateFrameworks/SAObjects.framework/Versions/A/SAObjects
dyld[47021]: <A329E39B-D87D-356B-AA05-3A30CC0DBEEF> /System/Library/Frameworks/AudioToolbox.framework/Versions/A/AudioToolbox
dyld[47021]: <459BA19D-9D3F-32BB-9BE4-176D95B85BCF> /System/Library/PrivateFrameworks/MediaRemote.framework/Versions/A/MediaRemote
dyld[47021]: <DCCDD83A-C276-3DD3-8F2E-6D3B899BB586> /System/Library/Frameworks/UserNotifications.framework/Versions/A/UserNotifications
dyld[47021]: <F12A1855-5F99-3D8A-AA13-23CA64268CD7> /System/Library/PrivateFrameworks/SiriInstrumentation.framework/Versions/A/SiriInstrumentation
dyld[47021]: <10891579-226D-3750-91A9-D98D111EA3BA> /System/Library/PrivateFrameworks/SiriAnalytics.framework/Versions/A/SiriAnalytics
dyld[47021]: <0C21B87C-6478-362B-AF45-D3A1D4A83FCF> /System/Library/PrivateFrameworks/SiriTTSService.framework/Versions/A/SiriTTSService
dyld[47021]: <5D8E0ADB-8A76-34C1-92D6-AF35C7EA73CF> /System/Library/PrivateFrameworks/SiriCrossDeviceArbitration.framework/Versions/A/SiriCrossDeviceArbitration
dyld[47021]: <784C4442-B822-3412-AF09-A1E753DDFFA3> /System/Library/PrivateFrameworks/FeedbackLogger.framework/Versions/A/FeedbackLogger
dyld[47021]: <760531A3-5E19-39C5-84B1-A445B2A50129> /System/Library/PrivateFrameworks/FaceTimeNameUtility.framework/Versions/A/FaceTimeNameUtility
dyld[47021]: <033D0C7B-216E-3D54-AD8C-B83BDE9B4F2D> /System/Library/PrivateFrameworks/AuthKit.framework/Versions/A/AuthKit
dyld[47021]: <D04C8621-DE39-35FD-9351-1627B71F02DC> /System/Library/PrivateFrameworks/SiriCrossDeviceArbitrationFeedback.framework/Versions/A/SiriCrossDeviceArbitrationFeedback
dyld[47021]: <E410F3F8-843C-3FCA-968C-3C864D829AF2> /usr/lib/swift/libswiftCoreLocation.dylib
dyld[47021]: <373189AA-6180-34D7-BA84-6BE401E4E1B9> /usr/lib/swift/libswiftAVFoundation.dylib
dyld[47021]: <3E7267BC-3D63-3785-8279-A8823C9C758F> /System/Library/PrivateFrameworks/UIKitServices.framework/Versions/A/UIKitServices
dyld[47021]: <83745C57-DE3B-394D-A83A-D71C79F3A8B9> /System/Library/PrivateFrameworks/UnifiedAssetFramework.framework/Versions/A/UnifiedAssetFramework
dyld[47021]: <5FEF75E9-F1DD-3FA9-A8B0-81277371B8FC> /System/Library/PrivateFrameworks/AudioSession.framework/Versions/A/AudioSession
dyld[47021]: <FA90EFCA-B936-357B-BF18-16A0FB34B9E9> /System/Library/PrivateFrameworks/MediaExperience.framework/Versions/A/MediaExperience
dyld[47021]: <BBC3CD71-264B-3C66-A2C0-5D4D266256EA> /System/Library/PrivateFrameworks/AudioSession.framework/libSessionUtility.dylib
dyld[47021]: <DD4B10E2-D4D6-3490-A745-33527E18CAAA> /System/Library/PrivateFrameworks/AudioAccessoryServices.framework/Versions/A/AudioAccessoryServices
dyld[47021]: <E3CE1636-EE20-35AF-B55A-F42B7B266EA4> /System/Library/Frameworks/CoreBluetooth.framework/Versions/A/CoreBluetooth
dyld[47021]: <51458515-C89E-317A-850D-182764F322EE> /System/Library/PrivateFrameworks/CoreUtils.framework/Versions/A/CoreUtils
dyld[47021]: <C9A86813-25EE-3439-8F66-A83F1A5015EC> /System/Library/PrivateFrameworks/HID.framework/Versions/A/HID
dyld[47021]: <F1FB23C7-7BB9-3B7C-87A2-7CA7F343ED61> /System/Library/PrivateFrameworks/Sharing.framework/Versions/A/Sharing
dyld[47021]: <D18AF20A-1BF0-383C-9E97-96CDCECE07A7> /System/Library/PrivateFrameworks/CoreUtilsExtras.framework/Versions/A/CoreUtilsExtras
dyld[47021]: <5A300AF2-96D7-3A85-ACA6-9084A7C40C6D> /System/Library/PrivateFrameworks/IO80211.framework/Versions/A/IO80211
dyld[47021]: <963A1CA0-DEBD-3341-81A2-DB5B34283C7B> /System/Library/PrivateFrameworks/IDSFoundation.framework/Versions/A/IDSFoundation
dyld[47021]: <8F99AE0B-A693-349F-8904-B70ECB1C86AA> /System/Library/PrivateFrameworks/Apple80211.framework/Versions/A/Apple80211
dyld[47021]: <9C05D8FD-3F10-3476-8A3C-501966EA13D2> /System/Library/Frameworks/CoreWLAN.framework/Versions/A/CoreWLAN
dyld[47021]: <604B1733-3682-3AF6-9F07-C85C999F3131> /System/Library/Frameworks/IOBluetooth.framework/Versions/A/IOBluetooth
dyld[47021]: <F11740D9-FE8D-38B3-99A9-666EE022F7A7> /usr/lib/swift/libswiftRegexBuilder.dylib
dyld[47021]: <1F2E4950-8060-35D0-B598-D2196F2728B3> /System/Library/PrivateFrameworks/IMFoundation.framework/Versions/A/IMFoundation
dyld[47021]: <462A888C-46C7-324A-8A18-4053C6CB2961> /System/Library/PrivateFrameworks/Marco.framework/Versions/A/Marco
dyld[47021]: <736A1792-0123-3722-822B-495B27044953> /System/Library/PrivateFrameworks/CommonUtilities.framework/Versions/A/CommonUtilities
dyld[47021]: <E78D4693-B886-3DE1-A029-497B47261DA3> /System/Library/PrivateFrameworks/Engram.framework/Versions/A/Engram
dyld[47021]: <1ACD9883-DEC9-3AF0-9E28-B11F4E1DC3F9> /System/Library/PrivateFrameworks/XPCDistributed.framework/Versions/A/XPCDistributed
dyld[47021]: <AFE528E7-451E-3EE9-8E02-7693A2C391B9> /usr/lib/libtidy.A.dylib
dyld[47021]: <C579F691-0120-3BEC-9993-E3CD5F7105A3> /System/Library/PrivateFrameworks/Bom.framework/Versions/A/Bom
dyld[47021]: <82153ECE-36A2-3514-87DE-3B8A53E96727> /usr/lib/libParallelCompression.dylib
dyld[47021]: <68CCF67B-1C66-30C0-9135-00BA5B75586F> /usr/lib/libIOReport.dylib
dyld[47021]: <0D7C76A0-047B-398E-B2A8-FD4705F72E5D> /System/Library/PrivateFrameworks/WiFiPeerToPeer.framework/Versions/A/WiFiPeerToPeer
dyld[47021]: <E5FF4EE4-5A8B-3CBA-BA37-3FE6C7012B0D> /System/Library/Frameworks/SecurityFoundation.framework/Versions/A/SecurityFoundation
dyld[47021]: <E2954A31-B31C-3C9B-A7F9-12CAEC0D1D4E> /System/Library/PrivateFrameworks/Centauri.framework/Versions/A/Centauri
dyld[47021]: <65CFA8A7-E7D2-383A-9C47-D2AF8A46AA22> /System/Library/PrivateFrameworks/Lexicon.framework/Versions/A/Lexicon
dyld[47021]: <188D929F-E81D-3922-BCB4-8D34B4E75EA7> /usr/lib/libmrc.dylib
dyld[47021]: <783A3989-84DE-3340-9292-052A10B7DAD7> /System/Library/PrivateFrameworks/IPConfiguration.framework/Versions/A/IPConfiguration
dyld[47021]: <ECFD5323-6A6A-3231-B90E-57E1332B0122> /System/Library/PrivateFrameworks/Netrb.framework/Versions/A/Netrb
dyld[47021]: <A34C688D-A13A-3625-934C-801A13990594> /System/Library/PrivateFrameworks/FrontBoardServices.framework/Versions/A/FrontBoardServices
dyld[47021]: <604E97FC-C938-306C-9DBB-36B10AFFBA39> /usr/lib/libgermantok.dylib
dyld[47021]: <B5E076A6-50D6-3B48-AACD-E1FC575BDCEE> /System/Library/PrivateFrameworks/LinguisticData.framework/Versions/A/LinguisticData
dyld[47021]: <7EDD9E23-5D91-344A-812B-CFD814180C55> /System/Library/PrivateFrameworks/MultiverseSupport.framework/Versions/A/MultiverseSupport
dyld[47021]: <1AFFCA76-E71A-385E-A3C8-968CDBE9E57D> /System/Library/PrivateFrameworks/DiskManagement.framework/Versions/A/DiskManagement
dyld[47021]: <4B693927-5B0A-364E-BC11-F560B1D707FE> /System/Library/PrivateFrameworks/AppleIDAuthSupport.framework/Versions/A/AppleIDAuthSupport
dyld[47021]: <0E5752E3-313E-3B50-9FB4-DB13FECB0BD7> /System/Library/PrivateFrameworks/AAAFoundation.framework/Versions/A/AAAFoundation
dyld[47021]: <B9966194-B1A6-3ED2-98C9-0D4B49D2617E> /System/Library/PrivateFrameworks/KeychainCircle.framework/Versions/A/KeychainCircle
dyld[47021]: <5ED2FD61-010A-3627-92E8-151E71B739D8> /System/Library/PrivateFrameworks/URLFormatting.framework/Versions/A/URLFormatting
dyld[47021]: <7EE79F42-1420-301B-A9FF-2A63A4023C91> /usr/lib/libcsfde.dylib
dyld[47021]: <AA8EDD1F-E406-3164-9FB9-BB0C61256AFF> /usr/lib/libCoreStorage.dylib
dyld[47021]: <80627B52-C5CE-3DC4-A12D-D15FE46A62BA> /System/Library/PrivateFrameworks/MediaKit.framework/Versions/A/MediaKit
dyld[47021]: <4C6BBB60-2884-3DC8-9FCB-472BCD087D84> /System/Library/Frameworks/DiscRecording.framework/Versions/A/DiscRecording
dyld[47021]: <96666EFB-8A3D-30BB-950A-9DDC1DB3F59D> /System/Library/PrivateFrameworks/ProtectedCloudStorage.framework/Versions/A/ProtectedCloudStorage
dyld[47021]: <1E0D7C92-7F70-34BE-9D61-9F7F4781EBE4> /System/Library/PrivateFrameworks/EFILogin.framework/Versions/A/EFILogin
dyld[47021]: <E1A205BF-B3FB-31BF-8685-6D46BA78891E> /usr/lib/libheimdal-asn1.dylib
dyld[47021]: <E2BDB12D-C844-3770-9411-0E35049ECB5E> /System/Library/PrivateFrameworks/OctagonTrust.framework/Versions/A/OctagonTrust
dyld[47021]: <2DF001A3-1D2B-3847-A2FC-79104BDC0783> /System/Library/Frameworks/AudioUnit.framework/Versions/A/AudioUnit
dyld[47021]: <EE42062E-8EDF-332C-98C1-03464732CA4A> /System/Library/Frameworks/OpenDirectory.framework/Versions/A/OpenDirectory
dyld[47021]: <90CA166B-D72F-3584-BF0B-8797CFFA959E> /System/Library/Frameworks/OpenDirectory.framework/Versions/A/Frameworks/CFOpenDirectory.framework/Versions/A/CFOpenDirectory
dyld[47021]: <40753222-0047-3DE4-954C-5879C584A975> /System/Library/PrivateFrameworks/GeoServices.framework/Versions/A/GeoServices
dyld[47021]: <FDD11407-B7F3-331B-B53D-32081A2D1AED> /System/Library/PrivateFrameworks/LocationSupport.framework/Versions/A/LocationSupport
dyld[47021]: <23D11648-1076-3BD7-BFD5-CA4A6B9AE066> /System/Library/PrivateFrameworks/GeoServicesCore.framework/Versions/A/GeoServicesCore
dyld[47021]: <524F80A2-1ACD-3FA7-9D74-1F47697294EB> /System/Library/PrivateFrameworks/PhoneNumbers.framework/Versions/A/PhoneNumbers
dyld[47021]: <2A2AE353-0BCE-3AF5-8C2B-1B5F1F0656E7> /System/Library/PrivateFrameworks/LocationLogEncryption.framework/Versions/A/LocationLogEncryption
dyld[47021]: <CF6E08AD-C2EC-3A40-8537-0D2BDA291D31> /System/Library/Frameworks/AVFAudio.framework/Versions/A/AVFAudio
dyld[47021]: <7924633C-6200-3B69-884D-A6E5527CA4B5> /System/Library/Frameworks/AVRouting.framework/Versions/A/AVRouting
dyld[47021]: <2FFD2C50-D8C7-3D4F-AB17-10C8DDD4ECC0> /usr/lib/libAccessibility.dylib
dyld[47021]: <E47B5590-4F10-352D-806F-E1FAACE16809> /System/Library/PrivateFrameworks/MediaServices.framework/Versions/A/MediaServices
dyld[47021]: <1F5A6198-4F24-3980-A96A-DA16430B882B> /System/Library/PrivateFrameworks/IDS.framework/Versions/A/IDS
dyld[47021]: <4228A6FB-1852-34DA-A9A6-9B22346DC839> /System/Library/PrivateFrameworks/IsolatedCoreAudioClient.framework/Versions/A/IsolatedCoreAudioClient
dyld[47021]: <9B662466-E585-34C6-9A2F-38F865966314> /System/Library/PrivateFrameworks/CoreAudioOrchestration.framework/Versions/A/CoreAudioOrchestration
dyld[47021]: <BE8AD136-C9D0-3589-A37D-4A93E7646FC5> /System/Library/Frameworks/MediaToolbox.framework/Versions/A/MediaToolbox
dyld[47021]: <C024D081-EF4D-347B-B00F-08CE310BC6E6> /System/Library/PrivateFrameworks/CoreAVCHD.framework/Versions/A/CoreAVCHD
dyld[47021]: <544DDE9D-EF38-3D98-B16A-00361208DABA> /System/Library/Frameworks/MediaAccessibility.framework/Versions/A/MediaAccessibility
dyld[47021]: <1845678B-2A2E-3D8F-B05E-3D5054E40973> /System/Library/PrivateFrameworks/Mangrove.framework/Versions/A/Mangrove
dyld[47021]: <83720246-3181-37EB-AE16-01967CC80DAF> /System/Library/PrivateFrameworks/CMPhoto.framework/Versions/A/CMPhoto
dyld[47021]: <C6CCE499-C57B-3499-8BBF-B1F036A037F3> /System/Library/Frameworks/CoreTelephony.framework/Versions/A/CoreTelephony
dyld[47021]: <7C1C3A7F-6247-33D2-B4B8-375AA417817E> /System/Library/PrivateFrameworks/CoreAUC.framework/Versions/A/CoreAUC
dyld[47021]: <BF6FC404-E3BB-3740-896C-B7BF4193B547> /System/Library/PrivateFrameworks/AppleJPEGXL.framework/Versions/A/AppleJPEGXL
dyld[47021]: <3AD5EDAE-8A75-3E29-AA40-63912718CEC9> /usr/lib/libTelephonyUtilDynamic.dylib
dyld[47021]: <8A415D0E-18E7-3C99-B89D-14805F500FB0> /System/Library/Frameworks/CryptoKit.framework/Versions/A/CryptoKit
dyld[47021]: <73EA0865-BCC3-3084-A011-93CD0A55C4EF> /System/Library/PrivateFrameworks/CryptoKitCBridging.framework/Versions/A/CryptoKitCBridging
dyld[47021]: <B214381B-F0CF-3F0E-B2B5-187CBF29616F> /System/Library/Frameworks/CryptoTokenKit.framework/Versions/A/CryptoTokenKit
dyld[47021]: <A68DE487-B65B-390A-A82B-6B62956B353F> /System/Library/Frameworks/LocalAuthentication.framework/Versions/A/LocalAuthentication
dyld[47021]: <53C1AF34-43D2-3DAA-9062-D295F72BFDF3> /System/Library/PrivateFrameworks/LocalAuthenticationCore.framework/Versions/A/LocalAuthenticationCore
dyld[47021]: <251AA620-1546-3DF5-8EFF-B9F9463112D0> /System/Library/PrivateFrameworks/LocalAuthenticationCredentialServices.framework/Versions/A/LocalAuthenticationCredentialServices
dyld[47021]: <957A2E58-89EE-36DE-9213-2E23DB420C7F> /System/Library/Frameworks/LocalAuthentication.framework/Support/SharedUtils.framework/Versions/A/SharedUtils
dyld[47021]: <8A83CAEF-70FC-39B2-A1C9-F312BD81B8D5> /System/Library/PrivateFrameworks/PersistentConnection.framework/Versions/A/PersistentConnection
dyld[47021]: <DA5DF9EF-9649-3931-B1CF-606D0B1A2BE5> /System/Library/PrivateFrameworks/SonicFoundation.framework/Versions/A/SonicFoundation
dyld[47021]: <9F9CDD5B-1D43-3CF4-8B88-4938A6637AF5> /System/Library/PrivateFrameworks/AsyncAlgorithmsInternal.framework/Versions/A/AsyncAlgorithmsInternal
dyld[47021]: <95BAC2EC-84F7-3448-A4C3-AA2F920867C6> /System/Library/PrivateFrameworks/FTAWD.framework/Versions/A/FTAWD
dyld[47021]: <EDAA9D64-779E-34FE-83D2-DF4EF35BAA59> /System/Library/PrivateFrameworks/Dendrite.framework/Versions/A/Dendrite
dyld[47021]: <924805FA-0938-34FA-B76A-4051A087CD65> /usr/lib/libtailspin.dylib
dyld[47021]: <4FB12471-97FF-306E-B552-B481203A8E1B> /System/Library/PrivateFrameworks/Osprey.framework/Versions/A/Osprey
dyld[47021]: <7EE764AE-8E9B-35DB-8839-EE01750F25AB> /System/Library/PrivateFrameworks/SiriTTS.framework/Versions/A/SiriTTS
dyld[47021]: <A896B215-2D9E-37D6-8803-9316AEBF6AF5> /System/Library/Frameworks/NaturalLanguage.framework/Versions/A/NaturalLanguage
dyld[47021]: <478FDFD4-2C36-32BB-9087-F466F0242B69> /System/Library/PrivateFrameworks/GenerativeModels.framework/Versions/A/GenerativeModels
dyld[47021]: <6B95CE76-E69D-3598-AADC-E738C94A43BD> /System/Library/PrivateFrameworks/SiriPowerInstrumentation.framework/Versions/A/SiriPowerInstrumentation
dyld[47021]: <7BC8461C-23ED-39CA-868E-17A68FAFC5AE> /usr/lib/swift/libswiftNaturalLanguage.dylib
dyld[47021]: <247E2F35-65F7-3834-AF0C-532F577FDF23> /System/Library/PrivateFrameworks/TailspinSymbolication.framework/Versions/A/TailspinSymbolication
dyld[47021]: <F0BAA541-E9E2-307A-89AE-42558D70DF45> /System/Library/PrivateFrameworks/Darwinup.framework/Versions/A/Darwinup
dyld[47021]: <ED143A95-22A5-38A0-AFC5-DA00945392EC> /System/Library/PrivateFrameworks/SignpostSupport.framework/Versions/A/SignpostSupport
dyld[47021]: <3DB3AF5E-12BD-3E05-92D8-6DDC488D5633> /System/Library/PrivateFrameworks/FeatureFlagsSupport.framework/Versions/A/FeatureFlagsSupport
dyld[47021]: <86614A25-EE71-3F84-9F47-99671A11803D> /System/Library/PrivateFrameworks/ktrace.framework/Versions/A/ktrace
dyld[47021]: <3C627164-84D9-35A4-AC4D-52A99B7652F0> /System/Library/PrivateFrameworks/SampleAnalysis.framework/Versions/A/SampleAnalysis
dyld[47021]: <4517DDDB-265A-3561-82F9-41E06C6A17A8> /System/Library/PrivateFrameworks/kperfdata.framework/Versions/A/kperfdata
dyld[47021]: <3F0E2B57-6317-3262-BA3D-8A069524F8A5> /usr/lib/libdscsym.dylib
dyld[47021]: <8DCD3201-0098-3106-8870-62A8504F26CE> /System/Library/PrivateFrameworks/AppleMobileFileIntegrity.framework/Versions/A/AppleMobileFileIntegrity
dyld[47021]: <FC95DB95-FCA7-3F42-B435-20575B99CF3A> /System/Library/PrivateFrameworks/BulkSymbolication.framework/Versions/A/BulkSymbolication
dyld[47021]: <142382DC-3D11-3191-84F4-6F39BD1C622C> /usr/lib/libTLE.dylib
dyld[47021]: <0E970B22-63D9-3794-9766-24A3FD8BD273> /usr/lib/libmis.dylib
dyld[47021]: <5FD96939-8D4B-3228-A1F8-100EF174A0D4> /System/Library/PrivateFrameworks/ConfigProfileHelper.framework/Versions/A/ConfigProfileHelper
dyld[47021]: <51BD41DD-616A-382D-B1B2-C11BE8C9953A> /System/Library/PrivateFrameworks/Espresso.framework/Versions/A/Espresso
dyld[47021]: <EDA0F204-8438-3398-91ED-C0E4212C8734> /System/Library/Frameworks/CoreML.framework/Versions/A/CoreML
dyld[47021]: <308A1DB0-C29C-33AF-9AE2-1F8E4E607152> /usr/lib/libedit.3.dylib
dyld[47021]: <BABCC719-40D5-3EAB-B20F-F0F1EB329A3E> /System/Library/PrivateFrameworks/ANECompiler.framework/Versions/A/ANECompiler
dyld[47021]: <1969F88C-4A7F-3B4B-BC08-D3EE33F4D27D> /System/Library/PrivateFrameworks/AppleNeuralEngine.framework/Versions/A/AppleNeuralEngine
dyld[47021]: <E72BAD3A-0E33-3FC5-8356-3B3176382CB1> /System/Library/PrivateFrameworks/MIL.framework/Versions/A/MIL
dyld[47021]: <BBB4C092-A3B1-354B-8C32-147F6EB0256D> /System/Library/Frameworks/MetalPerformanceShadersGraph.framework/Versions/A/MetalPerformanceShadersGraph
dyld[47021]: <54D280F0-3335-3487-AA0D-6A09FFEAEDF7> /System/Library/PrivateFrameworks/MLCompilerServices.framework/Versions/A/MLCompilerServices
dyld[47021]: <A80CE19E-EA8D-363D-A8F4-409455BECE9B> /System/Library/PrivateFrameworks/ANEServices.framework/Versions/A/ANEServices
dyld[47021]: <22F988EF-E518-3F7A-BC3D-E44B9D09627D> /usr/lib/libncurses.5.4.dylib
dyld[47021]: <0A381CB4-37D0-3B5C-ADE0-2C5B4F47D169> /usr/lib/libsandbox.1.dylib
dyld[47021]: <042A6E19-8B2A-3342-B4C1-AD44661B7E26> /usr/lib/libMatch.1.dylib
dyld[47021]: <AB03B991-E6D9-3BAF-AA7D-DBFC815699F3> /System/Library/PrivateFrameworks/ODIE.framework/Versions/A/ODIE
dyld[47021]: <5592BC99-D6A7-303C-8C4C-B839FA6B7508> /System/Library/PrivateFrameworks/MLModelAsset.framework/Versions/A/MLModelAsset
dyld[47021]: <59B92160-FE47-3CEA-B03A-0099F3901A34> /System/Library/PrivateFrameworks/MLCompilerRuntime.framework/Versions/A/MLCompilerRuntime
dyld[47021]: <D62682EC-5F79-397C-855C-569554A4AEF8> /System/Library/Frameworks/MLCompute.framework/Versions/A/MLCompute
dyld[47021]: <873E56C6-57E8-3AD2-A630-B88B0A9669E8> /System/Library/PrivateFrameworks/MLAssetIO.framework/Versions/A/MLAssetIO
dyld[47021]: <847E52FC-37C0-30DA-88CD-4561DD03C06F> /usr/lib/swift/libswiftMLCompute.dylib
dyld[47021]: <DC46545D-E02B-3F2D-BEEC-E1BF5735174F> /System/Library/PrivateFrameworks/AVFCore.framework/Versions/A/AVFCore
dyld[47021]: <3611A176-00BB-35D9-8C0A-9A9A68A8EE9D> /System/Library/PrivateFrameworks/AVFCapture.framework/Versions/A/AVFCapture
dyld[47021]: <2DEE9322-922F-3B85-82C1-5E3249E3E652> /System/Library/PrivateFrameworks/CMImaging.framework/Versions/A/CMImaging
dyld[47021]: <072F9166-25F8-3FBF-9002-23E98E8B7C05> /System/Library/PrivateFrameworks/Quagga.framework/Versions/A/Quagga
dyld[47021]: <FA34827D-C8E0-3BDF-9A4E-FBBF430AD095> /System/Library/PrivateFrameworks/CMCapture.framework/Versions/A/CMCapture
dyld[47021]: <DD237508-D432-30A0-A553-C4AF2D9F40B6> /System/Library/Frameworks/CoreMediaIO.framework/Versions/A/CoreMediaIO
dyld[47021]: <D6788223-2453-39F7-9F00-90EE866A3CDA> /System/Library/PrivateFrameworks/CMCaptureDevice.framework/Versions/A/CMCaptureDevice
dyld[47021]: <68A522A3-ACE1-3597-B6D7-E058D36536FB> /System/Library/PrivateFrameworks/CoreBrightness.framework/Versions/A/CoreBrightness
dyld[47021]: <02711E78-960E-329A-B5C0-5E38615F2698> /System/Library/PrivateFrameworks/CinematicFraming.framework/Versions/A/CinematicFraming
dyld[47021]: <735CE046-E62E-3FA5-B38D-1FD82AA32BA8> /System/Library/PrivateFrameworks/ModelManagerServices.framework/Versions/A/ModelManagerServices
dyld[47021]: <F0165C3A-8601-3789-A114-836489784A93> /System/Library/PrivateFrameworks/CPMS.framework/Versions/A/CPMS
dyld[47021]: <8B0AAC46-6F12-36F0-9A1C-90D56F41BA09> /System/Library/PrivateFrameworks/SystemStatus.framework/Versions/A/SystemStatus
dyld[47021]: <FCEB6F4E-E222-3F9B-8226-8E80A789B21B> /System/Library/Frameworks/CoreMotion.framework/Versions/A/CoreMotion
dyld[47021]: <54DEA4E5-FD31-3AE3-8FEE-3CD99ACFC45B> /System/Library/PrivateFrameworks/TimeSync.framework/Versions/A/TimeSync
dyld[47021]: <2602D902-9B35-32D2-8F22-8BF2B330B298> /System/Library/PrivateFrameworks/DistributedSensing.framework/Versions/A/DistributedSensing
dyld[47021]: <0EEAE872-ADDF-3FE0-9601-C56C453597BB> /System/Library/PrivateFrameworks/MobileBluetooth.framework/Versions/A/MobileBluetooth
dyld[47021]: <FF001948-E029-3473-B7B8-22A4ECFD6560> /System/Library/PrivateFrameworks/IOKitten.framework/Versions/A/IOKitten
dyld[47021]: <45E1CEA1-A60E-30F3-A90F-B7BFB5C5CC17> /System/Library/PrivateFrameworks/AppleIntelligenceReporting.framework/Versions/A/AppleIntelligenceReporting
dyld[47021]: <4BC01F57-2373-3DC9-8B71-308A282D7030> /System/Library/PrivateFrameworks/CoreEmoji.framework/Versions/A/CoreEmoji
dyld[47021]: <8AF3BAA3-66FA-3CEF-A44B-FD79CAC8263F> /usr/lib/libCRFSuite.dylib
dyld[47021]: <4CD4216A-7270-300F-A31D-70FFACD92E12> /System/Library/PrivateFrameworks/LanguageModeling.framework/Versions/A/LanguageModeling
dyld[47021]: <E89ACADA-C30F-3E26-9775-E8BAC21A83AA> /System/Library/PrivateFrameworks/CoreNLP.framework/Versions/A/CoreNLP
dyld[47021]: <3C34BB08-BC5C-397C-A9B5-18A342838CA1> /System/Library/PrivateFrameworks/Montreal.framework/Versions/A/Montreal
dyld[47021]: <2DED54B9-9B5C-3FB3-859E-AAC46074CC8B> /usr/lib/libcmph.dylib
dyld[47021]: <5B76CDD8-6E1F-35F6-AF5E-CE4CDA81957E> /usr/lib/libmecab.dylib
dyld[47021]: <56091C21-AEA9-36A2-A3E3-D50AEC8FFE32> /usr/lib/libThaiTokenizer.dylib
dyld[47021]: <74E54F2B-B7A6-35D9-8101-F30C7F0C1979> /System/Library/PrivateFrameworks/GenerativeModelsFoundation.framework/Versions/A/GenerativeModelsFoundation
dyld[47021]: <63409EB4-B247-3B62-835C-80DD1FCB91A2> /System/Library/PrivateFrameworks/TokenGeneration.framework/Versions/A/TokenGeneration
dyld[47021]: <54D335C7-5679-3ED5-A0E1-C3B9DBF16A9C> /System/Library/PrivateFrameworks/GenerativeFunctions.framework/Versions/A/GenerativeFunctions
dyld[47021]: <AB49FED6-D7FD-3A6B-B4CF-F73AC4165CE0> /System/Library/PrivateFrameworks/GenerativeFunctionsFoundation.framework/Versions/A/GenerativeFunctionsFoundation
dyld[47021]: <790009CA-CA2D-3245-B7B1-71C370D33BDB> /System/Library/PrivateFrameworks/ModelCatalog.framework/Versions/A/ModelCatalog
dyld[47021]: <24F7CF25-24F4-395E-B89D-5C17AE8CE281> /System/Library/PrivateFrameworks/SensitiveContentAnalysisML.framework/Versions/A/SensitiveContentAnalysisML
dyld[47021]: <A2E625ED-90FF-3BCA-BD28-16F062B82C02> /System/Library/PrivateFrameworks/GenerativeFunctionsInstrumentation.framework/Versions/A/GenerativeFunctionsInstrumentation
dyld[47021]: <4851991B-9681-37D8-8A62-005249AD29C7> /System/Library/PrivateFrameworks/PromptKit.framework/Versions/A/PromptKit
dyld[47021]: <A4C38BBC-95E3-38DD-B873-243C53B83A4F> /System/Library/PrivateFrameworks/ProactiveDaemonSupport.framework/Versions/A/ProactiveDaemonSupport
dyld[47021]: <832BF595-350A-3753-8721-D894475016CB> /System/Library/PrivateFrameworks/TokenGenerationCore.framework/Versions/A/TokenGenerationCore
dyld[47021]: <E65C3A22-B998-3185-9DE5-3169814179BF> /System/Library/PrivateFrameworks/Trial.framework/Versions/A/Trial
dyld[47021]: <F66F08E4-F915-3CAE-AF88-70F76AD35303> /System/Library/PrivateFrameworks/TrialProto.framework/Versions/A/TrialProto
dyld[47021]: <4BE321D2-8DF6-3D5E-A531-4E2F77BEE441> /System/Library/PrivateFrameworks/AppleFlatBuffers.framework/Versions/A/AppleFlatBuffers
dyld[47021]: <92A1FE17-1D6F-347B-B1C3-D2C03B6C0DCE> /System/Library/PrivateFrameworks/SentencePieceInternal.framework/Versions/A/SentencePieceInternal
dyld[47021]: <4FFA7ECB-BCA8-3B4D-86F9-9F2C9E084944> /System/Library/Frameworks/Vision.framework/Versions/A/Vision
dyld[47021]: <0A6304CC-6DC4-3079-9FAB-8B9F001C8545> /System/Library/PrivateFrameworks/CoreSceneUnderstanding.framework/Versions/A/CoreSceneUnderstanding
dyld[47021]: <5E086014-D330-3672-9776-E23E8325DD67> /System/Library/PrivateFrameworks/VisionCore.framework/Versions/A/VisionCore
dyld[47021]: <A20BF0E3-F8A9-36AA-B28B-2EF282FC9BF5> /System/Library/PrivateFrameworks/DataDetectorsCore.framework/Versions/A/DataDetectorsCore
dyld[47021]: <23068BF1-0F33-3129-9965-57B1621737DE> /System/Library/Frameworks/Vision.framework/libfaceCore.dylib
dyld[47021]: <5F8738D4-6C03-3DEA-953D-9E31C389E7E1> /System/Library/PrivateFrameworks/Futhark.framework/Versions/A/Futhark
dyld[47021]: <2849D0C3-42A0-3D94-A2B7-F686BD7F760D> /System/Library/PrivateFrameworks/InertiaCam.framework/Versions/A/InertiaCam
dyld[47021]: <393E9D23-8D8D-373B-A8D8-6CF2652D2DAF> /System/Library/PrivateFrameworks/TextRecognition.framework/Versions/A/TextRecognition
dyld[47021]: <0872179E-DB9E-39FF-B22A-05EA62FC0F88> /System/Library/Frameworks/DataDetection.framework/Versions/A/DataDetection
dyld[47021]: <5D3DDFC0-3341-3DAC-A80C-0DFBD0421669> /System/Library/PrivateFrameworks/TextInput.framework/Versions/A/TextInput
dyld[47021]: <A37EF3CE-63A5-3AB5-B3E2-E089F818FF35> /System/Library/PrivateFrameworks/CVNLP.framework/Versions/A/CVNLP
dyld[47021]: <256C79BC-8BEB-390C-95D4-BFEFB95E66A1> /System/Library/PrivateFrameworks/IntentsFoundation.framework/Versions/A/IntentsFoundation
dyld[47021]: <E12CB54A-E895-3D38-8D62-01C5DF8430AB> /System/Library/PrivateFrameworks/HIDDisplay.framework/Versions/A/HIDDisplay
dyld[47021]: <A9F79F7C-A5F8-3164-BEEC-60B19D90DCF2> /usr/lib/libcups.2.dylib
dyld[47021]: <74F49C08-DE60-3E55-A037-F0A34E81BF04> /System/Library/Frameworks/Kerberos.framework/Versions/A/Kerberos
dyld[47021]: <F71E234F-8D15-388D-8819-709BB2AE1ACC> /usr/lib/libresolv.9.dylib
dyld[47021]: <139B1DBE-2FDA-3AE7-9BDE-12D5BA3C8D22> /System/Library/PrivateFrameworks/Heimdal.framework/Versions/A/Heimdal
dyld[47021]: <9BBF5DE9-CCD9-3CF3-8C05-45FB5CCEFEC3> /System/Library/Frameworks/Kerberos.framework/Versions/A/Libraries/libHeimdalProxy.dylib
dyld[47021]: <FFE98159-EDC3-3520-ADAC-F9001408ADD5> /System/Library/PrivateFrameworks/CommonAuth.framework/Versions/A/CommonAuth
dyld[47021]: <17C4F6B8-0A9A-3BF8-8D40-35ABCF9F0D89> /System/Library/PrivateFrameworks/AXCoreUtilities.framework/Versions/A/AXCoreUtilities
dyld[47021]: <8EB0DEAA-CD94-3710-AF80-DBF6947A8250> /System/Library/PrivateFrameworks/AttributeGraph.framework/Versions/A/AttributeGraph
dyld[47021]: <D4766E61-EB81-3FA1-9C48-31BC986B0607> /usr/lib/libAXSafeCategoryBundle.dylib
dyld[47021]: <6E4CAEF6-667C-3A56-9BE2-892F689894E4> /System/Library/Frameworks/TabularData.framework/Versions/A/TabularData
dyld[47021]: <00E79E4B-C0FD-3DF8-A8C3-9C812A9DB049> /System/Library/PrivateFrameworks/ArgumentParserInternal.framework/Versions/A/ArgumentParserInternal
dyld[47021]: <CB222F12-FB2E-3310-88A1-A5AE7EFF8CAE> /System/Library/Frameworks/Accelerate.framework/Versions/A/Frameworks/vecLib.framework/Versions/A/libvDSP.dylib
dyld[47021]: <C2F81286-0ED4-319D-A96D-10591BD15F4E> /System/Library/Frameworks/Accelerate.framework/Versions/A/Frameworks/vecLib.framework/Versions/A/libLAPACK.dylib
dyld[47021]: <424CA6AD-D7AA-3297-B069-745682F71E84> /System/Library/Frameworks/Accelerate.framework/Versions/A/Frameworks/vecLib.framework/Versions/A/libLinearAlgebra.dylib
dyld[47021]: <BDF370A4-972F-34A4-AED7-89885C35D933> /System/Library/Frameworks/Accelerate.framework/Versions/A/Frameworks/vecLib.framework/Versions/A/libSparseBLAS.dylib
dyld[47021]: <F2B12F6B-6C47-3B39-BE8F-68EB37545F72> /System/Library/Frameworks/Accelerate.framework/Versions/A/Frameworks/vecLib.framework/Versions/A/libQuadrature.dylib
dyld[47021]: <811E61C5-2282-3FA8-939D-D1B9C75ECC62> /System/Library/Frameworks/Accelerate.framework/Versions/A/Frameworks/vecLib.framework/Versions/A/libBNNS.dylib
dyld[47021]: <C7FD2C22-55FC-3D31-8AF3-BF842A039AF9> /System/Library/Frameworks/Accelerate.framework/Versions/A/Frameworks/vecLib.framework/Versions/A/libSparse.dylib
dyld[47021]: <7A483FDA-AB8C-3E7C-92E6-07347F67B678> /System/Library/PrivateFrameworks/ApplePushService.framework/Versions/A/ApplePushService
dyld[47021]: <C5A18DFA-6B18-3455-830A-E372A495FB1D> /System/Library/Frameworks/CloudKit.framework/Versions/A/CloudKit
dyld[47021]: <0A7A4F54-298F-384E-86C0-0E9A5C69E9E5> /System/Library/PrivateFrameworks/CoreDuetDaemonProtocol.framework/Versions/A/CoreDuetDaemonProtocol
dyld[47021]: <17D0003A-F405-3CCF-832D-BCADB65BC83F> /System/Library/PrivateFrameworks/DeviceIdentity.framework/Versions/A/DeviceIdentity
dyld[47021]: <E26F180A-1868-3E33-9277-1C73F917DE55> /System/Library/Frameworks/SharedWithYouCore.framework/Versions/A/SharedWithYouCore
dyld[47021]: <7B5C93A3-1AF7-3273-9182-60B965FBB279> /System/Library/PrivateFrameworks/CloudTelemetry.framework/Versions/A/CloudTelemetry
dyld[47021]: <CD1BB171-94DA-350C-8276-04EA8B71C6E7> /System/Library/PrivateFrameworks/AppleAccount.framework/Versions/A/AppleAccount
dyld[47021]: <6D910C58-E7C6-34AB-907F-89C2EA3E8B5C> /System/Library/PrivateFrameworks/C2.framework/Versions/A/C2
dyld[47021]: <1BE4EC57-9B8A-34C4-BFC9-BC9A229BBB08> /System/Library/PrivateFrameworks/CloudCoreInternal.framework/Versions/A/CloudCoreInternal
dyld[47021]: <EDB20CBF-D173-3BD4-A483-3C509C15D24D> /System/Library/PrivateFrameworks/CloudAsset.framework/Versions/A/CloudAsset
dyld[47021]: <696E88E7-5CF6-3095-80C0-57B9A913887A> /System/Library/Frameworks/PushKit.framework/Versions/A/PushKit
dyld[47021]: <100BE8FB-6C47-33E3-9FC4-A45A5106721A> /System/Library/Frameworks/CoreTransferable.framework/Versions/A/CoreTransferable
dyld[47021]: <08675344-FA9F-3CC2-8ED8-C572C841B504> /System/Library/PrivateFrameworks/NetAuth.framework/Versions/A/NetAuth
dyld[47021]: <8E702F90-53C5-3A91-A0F8-94409A59BAF3> /System/Library/PrivateFrameworks/login.framework/Versions/A/Frameworks/loginsupport.framework/Versions/A/loginsupport
dyld[47021]: <78C04A6C-63CF-339A-90C8-F25BA9C4C1CE> /System/Library/PrivateFrameworks/CloudTelemetryTools.framework/Versions/A/CloudTelemetryTools
dyld[47021]: <A23C0860-6454-3F01-A064-C8982EBBFF48> /System/Library/PrivateFrameworks/CloudTelemetryShared.dylib
dyld[47021]: <907F9C53-06D9-3604-A13D-183642237619> /System/Library/PrivateFrameworks/RTCReporting.framework/Versions/A/RTCReporting
dyld[47021]: <90B0724C-CBDF-35B7-91AA-38F8E07E543D> /System/Library/PrivateFrameworks/AAAFoundationSwift.framework/Versions/A/AAAFoundationSwift
dyld[47021]: <95A65CAD-54BC-3CDD-B27A-90572D2A848F> /System/Library/PrivateFrameworks/AppleIDSSOAuthentication.framework/Versions/A/AppleIDSSOAuthentication
dyld[47021]: <B2BA9719-73C5-3061-9915-25FC68C198D6> /System/Library/PrivateFrameworks/UIFoundation.framework/Versions/A/UIFoundation
dyld[47021]: <6784252E-9BE1-332F-8D0C-CF7FB6C9FB56> /System/Library/PrivateFrameworks/CaptiveNetwork.framework/Versions/A/CaptiveNetwork
dyld[47021]: <2DFBEDC5-0C41-3FF8-B1AB-334EE3621FC9> /System/Library/PrivateFrameworks/EAP8021X.framework/Versions/A/EAP8021X
dyld[47021]: <D828B798-9303-3C0A-9F83-5B24A36E1670> /System/Library/PrivateFrameworks/CryptoKitPrivate.framework/Versions/A/CryptoKitPrivate
dyld[47021]: <7B08EA3F-6BA2-39B2-979D-D36A03961343> /System/Library/PrivateFrameworks/FindMyDevice.framework/Versions/A/FindMyDevice
dyld[47021]: <57FD92AE-E8D7-3D48-AF71-F74CD3D2AD56> /System/Library/PrivateFrameworks/FMCoreLite.framework/Versions/A/FMCoreLite
dyld[47021]: <0B4562F4-D2B8-362C-AC29-8E9B106F937C> /System/Library/Frameworks/ServiceManagement.framework/Versions/A/ServiceManagement
dyld[47021]: <4428FA9C-988B-3235-98EB-1FC596D283D1> /usr/lib/libCheckFix.dylib
dyld[47021]: <7CA1C787-8112-3F53-9419-1EA66ECF08B3> /System/Library/PrivateFrameworks/MetadataUtilities.framework/Versions/A/MetadataUtilities
dyld[47021]: <B820DEFE-59D8-3A6A-BB23-56E594F57F9C> /System/Library/PrivateFrameworks/InstalledContentLibrary.framework/Versions/A/InstalledContentLibrary
dyld[47021]: <9B52CDCA-8EFD-3512-A265-C5D8CE2B8998> /System/Library/PrivateFrameworks/CoreServicesStore.framework/Versions/A/CoreServicesStore
dyld[47021]: <3BD7BCA8-66D2-34D7-BA3F-A3B3197E1F44> /usr/lib/libapp_launch_measurement.dylib
dyld[47021]: <7783C2DD-5853-312A-8EF1-B5DDC441531D> /System/Library/PrivateFrameworks/MobileSystemServices.framework/Versions/A/MobileSystemServices
dyld[47021]: <C428B34A-AB0B-34ED-9C94-8DC908D4A12B> /usr/lib/libxslt.1.dylib
dyld[47021]: <F1725141-8B9B-363A-838E-17B20313568E> /System/Library/PrivateFrameworks/BackgroundTaskManagement.framework/Versions/A/BackgroundTaskManagement
dyld[47021]: <957F947F-00ED-3468-B07B-20900D64DB71> /usr/lib/libcurl.4.dylib
dyld[47021]: <FE236487-745A-39C9-A6A5-D937AD7BDC2E> /usr/lib/libcrypto.46.dylib
dyld[47021]: <6E6A6A29-3741-365F-A90D-785C2C86D71A> /usr/lib/libssl.48.dylib
dyld[47021]: <9AC45415-37D3-369E-846C-6C2F072899F9> /System/Library/Frameworks/LDAP.framework/Versions/A/LDAP
dyld[47021]: <48980122-ECA5-383C-A043-6F2BE6BAA017> /System/Library/PrivateFrameworks/TrustEvaluationAgent.framework/Versions/A/TrustEvaluationAgent
dyld[47021]: <65BCF638-CADE-3CB2-97FB-D33E91D93C8D> /usr/lib/libsasl2.2.dylib
dyld[47021]: move loaded to delayed: XPCSupport
dyld[47021]: move loaded to delayed: CoreFoundation
dyld[47021]: move loaded to delayed: libswiftCore.dylib
dyld[47021]: move loaded to delayed: Foundation
dyld[47021]: move loaded to delayed: libswiftObjectiveC.dylib
dyld[47021]: move loaded to delayed: libswiftPrespecialized.dylib
dyld[47021]: move loaded to delayed: SystemConfiguration
dyld[47021]: move loaded to delayed: libz.1.dylib
dyld[47021]: move loaded to delayed: CoreAutoLayout
dyld[47021]: move loaded to delayed: libcmark-gfm.dylib
dyld[47021]: move loaded to delayed: libfakelink.dylib
dyld[47021]: move loaded to delayed: libcompression.dylib
dyld[47021]: move loaded to delayed: CFNetwork
dyld[47021]: move loaded to delayed: DiskArbitration
dyld[47021]: move loaded to delayed: libarchive.2.dylib
dyld[47021]: move loaded to delayed: libDiagnosticMessagesClient.dylib
dyld[47021]: move loaded to delayed: libicucore.A.dylib
dyld[47021]: move loaded to delayed: libxml2.2.dylib
dyld[47021]: move loaded to delayed: CoreServices
dyld[47021]: move loaded to delayed: liblangid.dylib
dyld[47021]: move loaded to delayed: IOKit
dyld[47021]: move loaded to delayed: Combine
dyld[47021]: move loaded to delayed: CollectionsInternal
dyld[47021]: move loaded to delayed: ReflectionInternal
dyld[47021]: move loaded to delayed: RuntimeInternal
dyld[47021]: move loaded to delayed: SoftLinking
dyld[47021]: move loaded to delayed: libswiftCoreFoundation.dylib
dyld[47021]: move loaded to delayed: libswiftDarwin.dylib
dyld[47021]: move loaded to delayed: libswiftDispatch.dylib
dyld[47021]: move loaded to delayed: libswiftIOKit.dylib
dyld[47021]: move loaded to delayed: libswiftSystem.dylib
dyld[47021]: move loaded to delayed: libswiftXPC.dylib
dyld[47021]: move loaded to delayed: libswift_Builtin_float.dylib
dyld[47021]: move loaded to delayed: libswift_Concurrency.dylib
dyld[47021]: move loaded to delayed: libswift_DarwinFoundation1.dylib
dyld[47021]: move loaded to delayed: libswift_StringProcessing.dylib
dyld[47021]: move loaded to delayed: libswiftos.dylib
dyld[47021]: move loaded to delayed: CoreServicesInternal
dyld[47021]: move loaded to delayed: liboah.dylib
dyld[47021]: move loaded to delayed: Security
dyld[47021]: move loaded to delayed: GenerationalStorage
dyld[47021]: move loaded to delayed: CacheDelete
dyld[47021]: move loaded to delayed: QuickLookThumbnailing
dyld[47021]: move loaded to delayed: FileProvider
dyld[47021]: move loaded to delayed: DiskImages
dyld[47021]: move loaded to delayed: NetFS
dyld[47021]: move loaded to delayed: DesktopServicesPriv
dyld[47021]: move loaded to delayed: FSEvents
dyld[47021]: move loaded to delayed: CarbonCore
dyld[47021]: move loaded to delayed: Metadata
dyld[47021]: move loaded to delayed: OSServices
dyld[47021]: move loaded to delayed: SearchKit
dyld[47021]: move loaded to delayed: AE
dyld[47021]: move loaded to delayed: LaunchServices
dyld[47021]: move loaded to delayed: DictionaryServices
dyld[47021]: move loaded to delayed: SharedFileList
dyld[47021]: move loaded to delayed: libapple_nghttp2.dylib
dyld[47021]: move loaded to delayed: libsqlite3.dylib
dyld[47021]: move loaded to delayed: Accounts
dyld[47021]: move loaded to delayed: AOSKit
dyld[47021]: move loaded to delayed: AppSSOCore
dyld[47021]: move loaded to delayed: AppSupport
dyld[47021]: move loaded to delayed: AVFoundation
dyld[47021]: move loaded to delayed: BackgroundSystemTasks
dyld[47021]: move loaded to delayed: CoreAnalytics
dyld[47021]: move loaded to delayed: CoreGraphics
dyld[47021]: move loaded to delayed: DuetActivityScheduler
dyld[47021]: move loaded to delayed: FTServices
dyld[47021]: move loaded to delayed: GSS
dyld[47021]: move loaded to delayed: InternationalSupport
dyld[47021]: move loaded to delayed: libMemoryResourceException.dylib
dyld[47021]: move loaded to delayed: NetworkScore
dyld[47021]: move loaded to delayed: NetworkServiceProxy
dyld[47021]: move loaded to delayed: RunningBoardServices
dyld[47021]: move loaded to delayed: StreamingExtractor
dyld[47021]: move loaded to delayed: StreamingZip
dyld[47021]: move loaded to delayed: SymptomReporter
dyld[47021]: move loaded to delayed: libenergytrace.dylib
dyld[47021]: move loaded to delayed: libnetworkextension.dylib
dyld[47021]: move loaded to delayed: Network
dyld[47021]: move loaded to delayed: libbsm.0.dylib
dyld[47021]: move loaded to delayed: libkxld.dylib
dyld[47021]: move loaded to delayed: AppleKeyStore
dyld[47021]: move loaded to delayed: libCoreEntitlements.dylib
dyld[47021]: move loaded to delayed: MessageSecurity
dyld[47021]: move loaded to delayed: ProtocolBuffer
dyld[47021]: move loaded to delayed: CloudServices
dyld[47021]: move loaded to delayed: SymptomDiagnosticReporter
dyld[47021]: move loaded to delayed: CrashReporterSupport
dyld[47021]: move loaded to delayed: libMobileGestalt.dylib
dyld[47021]: move loaded to delayed: AppleFSCompression
dyld[47021]: move loaded to delayed: libcoretls.dylib
dyld[47021]: move loaded to delayed: libcoretls_cfhelpers.dylib
dyld[47021]: move loaded to delayed: libpam.2.dylib
dyld[47021]: move loaded to delayed: libxar.1.dylib
dyld[47021]: move loaded to delayed: APFS
dyld[47021]: move loaded to delayed: SwiftASN1Internal
dyld[47021]: move loaded to delayed: libutil.dylib
dyld[47021]: move loaded to delayed: AppleSystemInfo
dyld[47021]: move loaded to delayed: IOMobileFramebuffer
dyld[47021]: move loaded to delayed: IOSurface
dyld[47021]: move loaded to delayed: CoreWiFi
dyld[47021]: move loaded to delayed: LoggingSupport
dyld[47021]: move loaded to delayed: MobileAsset
dyld[47021]: move loaded to delayed: PowerLog
dyld[47021]: move loaded to delayed: Rapport
dyld[47021]: move loaded to delayed: SwiftData
dyld[47021]: move loaded to delayed: SymptomAnalytics
dyld[47021]: move loaded to delayed: UniformTypeIdentifiers
dyld[47021]: move loaded to delayed: UserManagement
dyld[47021]: move loaded to delayed: libboringssl.dylib
dyld[47021]: move loaded to delayed: libcupolicy.dylib
dyld[47021]: move loaded to delayed: libdns_services.dylib
dyld[47021]: move loaded to delayed: NetworkExtension
dyld[47021]: move loaded to delayed: libnwswifttls.dylib
dyld[47021]: move loaded to delayed: libpcap.A.dylib
dyld[47021]: move loaded to delayed: libquic.dylib
dyld[47021]: move loaded to delayed: libusrtcp.dylib
dyld[47021]: move loaded to delayed: AtomicsInternal
dyld[47021]: move loaded to delayed: InternalSwiftProtobuf
dyld[47021]: move loaded to delayed: libswiftDistributed.dylib
dyld[47021]: move loaded to delayed: libswiftObservation.dylib
dyld[47021]: move loaded to delayed: libswiftSynchronization.dylib
dyld[47021]: move loaded to delayed: AggregateDictionary
dyld[47021]: move loaded to delayed: CoreDuetContext
dyld[47021]: move loaded to delayed: BiomeLibrary
dyld[47021]: move loaded to delayed: CoreDuet
dyld[47021]: move loaded to delayed: BiomeStreams
dyld[47021]: move loaded to delayed: BiomeFoundation
dyld[47021]: move loaded to delayed: BiomePubSub
dyld[47021]: move loaded to delayed: CoreData
dyld[47021]: move loaded to delayed: ProactiveSupport
dyld[47021]: move loaded to delayed: CoreLocation
dyld[47021]: move loaded to delayed: Intents
dyld[47021]: move loaded to delayed: _LocationEssentials
dyld[47021]: move loaded to delayed: liblzma.5.dylib
dyld[47021]: move loaded to delayed: Accelerate
dyld[47021]: move loaded to delayed: MobileKeyBag
dyld[47021]: move loaded to delayed: InternationalTextSearch
dyld[47021]: move loaded to delayed: SoftwareUpdateCoreSupport
dyld[47021]: move loaded to delayed: SoftwareUpdateCoreConnect
dyld[47021]: move loaded to delayed: RemoteServiceDiscovery
dyld[47021]: move loaded to delayed: MSUDataAccessor
dyld[47021]: move loaded to delayed: libbootpolicy.dylib
dyld[47021]: move loaded to delayed: RemoteXPC
dyld[47021]: move loaded to delayed: libFDR.dylib
dyld[47021]: move loaded to delayed: libamsupport.dylib
dyld[47021]: move loaded to delayed: libReverseProxyDevice.dylib
dyld[47021]: move loaded to delayed: AppleDeviceQuerySupport
dyld[47021]: move loaded to delayed: libpartition2_dynamic.dylib
dyld[47021]: move loaded to delayed: AppleSauce
dyld[47021]: move loaded to delayed: libAppleArchive.dylib
dyld[47021]: move loaded to delayed: libbz2.1.0.dylib
dyld[47021]: move loaded to delayed: vImage
dyld[47021]: move loaded to delayed: vecLib
dyld[47021]: move loaded to delayed: libvMisc.dylib
dyld[47021]: move loaded to delayed: libCGInterfaces.dylib
dyld[47021]: move loaded to delayed: AccelerateGPU
dyld[47021]: move loaded to delayed: libBLAS.dylib
dyld[47021]: move loaded to delayed: ApplicationServices
dyld[47021]: move loaded to delayed: CoreVideo
dyld[47021]: move loaded to delayed: ColorSync
dyld[47021]: move loaded to delayed: CoreText
dyld[47021]: move loaded to delayed: ImageIO
dyld[47021]: move loaded to delayed: ATS
dyld[47021]: move loaded to delayed: HIServices
dyld[47021]: move loaded to delayed: PrintCore
dyld[47021]: move loaded to delayed: QD
dyld[47021]: move loaded to delayed: ColorSyncLegacy
dyld[47021]: move loaded to delayed: SpeechSynthesis
dyld[47021]: move loaded to delayed: SkyLight
dyld[47021]: move loaded to delayed: libFontParser.dylib
dyld[47021]: move loaded to delayed: BaseBoard
dyld[47021]: move loaded to delayed: BoardServices
dyld[47021]: move loaded to delayed: BackBoardServices
dyld[47021]: move loaded to delayed: BackBoardHIDEventFoundation
dyld[47021]: move loaded to delayed: CoreDisplay
dyld[47021]: move loaded to delayed: VideoToolbox
dyld[47021]: move loaded to delayed: MetalPerformanceShaders
dyld[47021]: move loaded to delayed: ProDisplayLibrary
dyld[47021]: move loaded to delayed: IOSurfaceAccelerator
dyld[47021]: move loaded to delayed: Metal
dyld[47021]: move loaded to delayed: IOAccelerator
dyld[47021]: move loaded to delayed: CoreMedia
dyld[47021]: move loaded to delayed: TCC
dyld[47021]: move loaded to delayed: WatchdogClient
dyld[47021]: move loaded to delayed: QuartzCore
dyld[47021]: move loaded to delayed: MultitouchSupport
dyld[47021]: move loaded to delayed: libswiftAccelerate.dylib
dyld[47021]: move loaded to delayed: libswiftCoreAudio.dylib
dyld[47021]: move loaded to delayed: libswiftCoreMedia.dylib
dyld[47021]: move loaded to delayed: libswiftMetal.dylib
dyld[47021]: move loaded to delayed: libswiftOSLog.dylib
dyld[47021]: move loaded to delayed: libswiftQuartzCore.dylib
dyld[47021]: move loaded to delayed: libswiftUniformTypeIdentifiers.dylib
dyld[47021]: move loaded to delayed: libswiftVideoToolbox.dylib
dyld[47021]: move loaded to delayed: libswiftsimd.dylib
dyld[47021]: move loaded to delayed: BiomeStorage
dyld[47021]: move loaded to delayed: IntelligencePlatformLibrary
dyld[47021]: move loaded to delayed: PoirotSchematizer
dyld[47021]: move loaded to delayed: BiomeSync
dyld[47021]: move loaded to delayed: BiomeDSL
dyld[47021]: move loaded to delayed: FeatureFlags
dyld[47021]: move loaded to delayed: PoirotUDFs
dyld[47021]: move loaded to delayed: libswift_DarwinFoundation2.dylib
dyld[47021]: move loaded to delayed: libswift_DarwinFoundation3.dylib
dyld[47021]: move loaded to delayed: CoreTime
dyld[47021]: move loaded to delayed: libiconv.2.dylib
dyld[47021]: move loaded to delayed: libcharset.1.dylib
dyld[47021]: move loaded to delayed: PoirotSQLite
dyld[47021]: move loaded to delayed: libswift_RegexParser.dylib
dyld[47021]: move loaded to delayed: CascadeSets
dyld[47021]: move loaded to delayed: CorePhoneNumbers
dyld[47021]: move loaded to delayed: AppleJPEG
dyld[47021]: move loaded to delayed: libexpat.1.dylib
dyld[47021]: move loaded to delayed: libPng.dylib
dyld[47021]: move loaded to delayed: libTIFF.dylib
dyld[47021]: move loaded to delayed: libGIF.dylib
dyld[47021]: move loaded to delayed: libJP2.dylib
dyld[47021]: move loaded to delayed: libate.dylib
dyld[47021]: move loaded to delayed: libJPEG.dylib
dyld[47021]: move loaded to delayed: libRadiance.dylib
dyld[47021]: move loaded to delayed: libllvm-flatbuffers.dylib
dyld[47021]: move loaded to delayed: FramePacing
dyld[47021]: move loaded to delayed: libCoreFSCache.dylib
dyld[47021]: move loaded to delayed: libGPUCompilerUtils.dylib
dyld[47021]: move loaded to delayed: GraphicsServices
dyld[47021]: move loaded to delayed: OpenGL
dyld[47021]: move loaded to delayed: libGLU.dylib
dyld[47021]: move loaded to delayed: libGFXShared.dylib
dyld[47021]: move loaded to delayed: libGL.dylib
dyld[47021]: move loaded to delayed: libGLImage.dylib
dyld[47021]: move loaded to delayed: libCVMSPluginSupport.dylib
dyld[47021]: move loaded to delayed: libCoreVMClient.dylib
dyld[47021]: move loaded to delayed: GPUWrangler
dyld[47021]: move loaded to delayed: IOPresentment
dyld[47021]: move loaded to delayed: DSExternalDisplay
dyld[47021]: move loaded to delayed: VideoToolboxParavirtualizationSupport
dyld[47021]: move loaded to delayed: AppleVA
dyld[47021]: move loaded to delayed: ExtensionFoundation
dyld[47021]: move loaded to delayed: CMCaptureCore
dyld[47021]: move loaded to delayed: libspindump.dylib
dyld[47021]: move loaded to delayed: CoreAudio
dyld[47021]: move loaded to delayed: AppServerSupport
dyld[47021]: move loaded to delayed: perfdata
dyld[47021]: move loaded to delayed: AudioDSPGraph
dyld[47021]: move loaded to delayed: AudioToolboxCore
dyld[47021]: move loaded to delayed: caulk
dyld[47021]: move loaded to delayed: libAudioStatistics.dylib
dyld[47021]: move loaded to delayed: SystemPolicy
dyld[47021]: move loaded to delayed: libSMC.dylib
dyld[47021]: move loaded to delayed: libswiftCoreMIDI.dylib
dyld[47021]: move loaded to delayed: CoreMIDI
dyld[47021]: move loaded to delayed: libAudioToolboxUtility.dylib
dyld[47021]: move loaded to delayed: libperfcheck.dylib
dyld[47021]: move loaded to delayed: AudioAnalytics
dyld[47021]: move loaded to delayed: OSLog
dyld[47021]: move loaded to delayed: OSEligibility
dyld[47021]: move loaded to delayed: IconServices
dyld[47021]: move loaded to delayed: LightweightCodeRequirements
dyld[47021]: move loaded to delayed: PlugInKit
dyld[47021]: move loaded to delayed: AssertionServices
dyld[47021]: move loaded to delayed: IconFoundation
dyld[47021]: move loaded to delayed: AssistantServices
dyld[47021]: move loaded to delayed: IconRendering
dyld[47021]: move loaded to delayed: CoreUI
dyld[47021]: move loaded to delayed: CoreImage
dyld[47021]: move loaded to delayed: SFSymbols
dyld[47021]: move loaded to delayed: DeveloperToolsSupport
dyld[47021]: move loaded to delayed: RenderBox
dyld[47021]: move loaded to delayed: CoreSVG
dyld[47021]: move loaded to delayed: TextureIO
dyld[47021]: move loaded to delayed: libswiftCoreImage.dylib
dyld[47021]: move loaded to delayed: GraphVisualizer
dyld[47021]: move loaded to delayed: FontServices
dyld[47021]: move loaded to delayed: OTSVG
dyld[47021]: move loaded to delayed: libFontRegistry.dylib
dyld[47021]: move loaded to delayed: libhvf.dylib
dyld[47021]: move loaded to delayed: ParsingInternal
dyld[47021]: move loaded to delayed: libXTFontStaticRegistryData.dylib
dyld[47021]: move loaded to delayed: MPSCore
dyld[47021]: move loaded to delayed: MPSImage
dyld[47021]: move loaded to delayed: MPSNeuralNetwork
dyld[47021]: move loaded to delayed: MPSMatrix
dyld[47021]: move loaded to delayed: MPSRayIntersector
dyld[47021]: move loaded to delayed: MPSNDArray
dyld[47021]: move loaded to delayed: MPSFunctions
dyld[47021]: move loaded to delayed: MPSBenchmarkLoop
dyld[47021]: move loaded to delayed: MPSHost
dyld[47021]: move loaded to delayed: MetalTools
dyld[47021]: move loaded to delayed: IOAccelMemoryInfo
dyld[47021]: move loaded to delayed: kperf
dyld[47021]: move loaded to delayed: GPURawCounter
dyld[47021]: move loaded to delayed: ASEProcessing
dyld[47021]: move loaded to delayed: Symbolication
dyld[47021]: move loaded to delayed: PhotosensitivityProcessing
dyld[47021]: move loaded to delayed: SILManager
dyld[47021]: move loaded to delayed: CoreSymbolication
dyld[47021]: move loaded to delayed: MallocStackLogging
dyld[47021]: move loaded to delayed: DebugSymbols
dyld[47021]: move loaded to delayed: OSAnalytics
dyld[47021]: move loaded to delayed: DeviceRecovery
dyld[47021]: move loaded to delayed: Tightbeam
dyld[47021]: move loaded to delayed: libswiftCompression.dylib
dyld[47021]: move loaded to delayed: AFKUser
dyld[47021]: move loaded to delayed: ATSUI
dyld[47021]: move loaded to delayed: SAObjects
dyld[47021]: move loaded to delayed: AudioToolbox
dyld[47021]: move loaded to delayed: MediaRemote
dyld[47021]: move loaded to delayed: UserNotifications
dyld[47021]: move loaded to delayed: SiriInstrumentation
dyld[47021]: move loaded to delayed: SiriAnalytics
dyld[47021]: move loaded to delayed: SiriTTSService
dyld[47021]: move loaded to delayed: SiriCrossDeviceArbitration
dyld[47021]: move loaded to delayed: FeedbackLogger
dyld[47021]: move loaded to delayed: FaceTimeNameUtility
dyld[47021]: move loaded to delayed: AuthKit
dyld[47021]: move loaded to delayed: SiriCrossDeviceArbitrationFeedback
dyld[47021]: move loaded to delayed: libswiftCoreLocation.dylib
dyld[47021]: move loaded to delayed: libswiftAVFoundation.dylib
dyld[47021]: move loaded to delayed: UIKitServices
dyld[47021]: move loaded to delayed: UnifiedAssetFramework
dyld[47021]: move loaded to delayed: AudioSession
dyld[47021]: move loaded to delayed: MediaExperience
dyld[47021]: move loaded to delayed: libSessionUtility.dylib
dyld[47021]: move loaded to delayed: AudioAccessoryServices
dyld[47021]: move loaded to delayed: CoreBluetooth
dyld[47021]: move loaded to delayed: CoreUtils
dyld[47021]: move loaded to delayed: HID
dyld[47021]: move loaded to delayed: Sharing
dyld[47021]: move loaded to delayed: CoreUtilsExtras
dyld[47021]: move loaded to delayed: IO80211
dyld[47021]: move loaded to delayed: IDSFoundation
dyld[47021]: move loaded to delayed: Apple80211
dyld[47021]: move loaded to delayed: CoreWLAN
dyld[47021]: move loaded to delayed: IOBluetooth
dyld[47021]: move loaded to delayed: libswiftRegexBuilder.dylib
dyld[47021]: move loaded to delayed: IMFoundation
dyld[47021]: move loaded to delayed: Marco
dyld[47021]: move loaded to delayed: CommonUtilities
dyld[47021]: move loaded to delayed: Engram
dyld[47021]: move loaded to delayed: XPCDistributed
dyld[47021]: move loaded to delayed: libtidy.A.dylib
dyld[47021]: move loaded to delayed: Bom
dyld[47021]: move loaded to delayed: libParallelCompression.dylib
dyld[47021]: move loaded to delayed: libIOReport.dylib
dyld[47021]: move loaded to delayed: WiFiPeerToPeer
dyld[47021]: move loaded to delayed: SecurityFoundation
dyld[47021]: move loaded to delayed: Centauri
dyld[47021]: move loaded to delayed: Lexicon
dyld[47021]: move loaded to delayed: libmrc.dylib
dyld[47021]: move loaded to delayed: IPConfiguration
dyld[47021]: move loaded to delayed: Netrb
dyld[47021]: move loaded to delayed: FrontBoardServices
dyld[47021]: move loaded to delayed: libgermantok.dylib
dyld[47021]: move loaded to delayed: LinguisticData
dyld[47021]: move loaded to delayed: MultiverseSupport
dyld[47021]: move loaded to delayed: DiskManagement
dyld[47021]: move loaded to delayed: AppleIDAuthSupport
dyld[47021]: move loaded to delayed: AAAFoundation
dyld[47021]: move loaded to delayed: KeychainCircle
dyld[47021]: move loaded to delayed: URLFormatting
dyld[47021]: move loaded to delayed: libcsfde.dylib
dyld[47021]: move loaded to delayed: libCoreStorage.dylib
dyld[47021]: move loaded to delayed: MediaKit
dyld[47021]: move loaded to delayed: DiscRecording
dyld[47021]: move loaded to delayed: ProtectedCloudStorage
dyld[47021]: move loaded to delayed: EFILogin
dyld[47021]: move loaded to delayed: libheimdal-asn1.dylib
dyld[47021]: move loaded to delayed: OctagonTrust
dyld[47021]: move loaded to delayed: AudioUnit
dyld[47021]: move loaded to delayed: OpenDirectory
dyld[47021]: move loaded to delayed: CFOpenDirectory
dyld[47021]: move loaded to delayed: GeoServices
dyld[47021]: move loaded to delayed: LocationSupport
dyld[47021]: move loaded to delayed: GeoServicesCore
dyld[47021]: move loaded to delayed: PhoneNumbers
dyld[47021]: move loaded to delayed: LocationLogEncryption
dyld[47021]: move loaded to delayed: AVFAudio
dyld[47021]: move loaded to delayed: AVRouting
dyld[47021]: move loaded to delayed: libAccessibility.dylib
dyld[47021]: move loaded to delayed: MediaServices
dyld[47021]: move loaded to delayed: IDS
dyld[47021]: move loaded to delayed: IsolatedCoreAudioClient
dyld[47021]: move loaded to delayed: CoreAudioOrchestration
dyld[47021]: move loaded to delayed: MediaToolbox
dyld[47021]: move loaded to delayed: CoreAVCHD
dyld[47021]: move loaded to delayed: MediaAccessibility
dyld[47021]: move loaded to delayed: Mangrove
dyld[47021]: move loaded to delayed: CMPhoto
dyld[47021]: move loaded to delayed: CoreTelephony
dyld[47021]: move loaded to delayed: CoreAUC
dyld[47021]: move loaded to delayed: AppleJPEGXL
dyld[47021]: move loaded to delayed: libTelephonyUtilDynamic.dylib
dyld[47021]: move loaded to delayed: CryptoKit
dyld[47021]: move loaded to delayed: CryptoKitCBridging
dyld[47021]: move loaded to delayed: CryptoTokenKit
dyld[47021]: move loaded to delayed: LocalAuthentication
dyld[47021]: move loaded to delayed: LocalAuthenticationCore
dyld[47021]: move loaded to delayed: LocalAuthenticationCredentialServices
dyld[47021]: move loaded to delayed: SharedUtils
dyld[47021]: move loaded to delayed: PersistentConnection
dyld[47021]: move loaded to delayed: SonicFoundation
dyld[47021]: move loaded to delayed: AsyncAlgorithmsInternal
dyld[47021]: move loaded to delayed: FTAWD
dyld[47021]: move loaded to delayed: Dendrite
dyld[47021]: move loaded to delayed: libtailspin.dylib
dyld[47021]: move loaded to delayed: Osprey
dyld[47021]: move loaded to delayed: SiriTTS
dyld[47021]: move loaded to delayed: NaturalLanguage
dyld[47021]: move loaded to delayed: GenerativeModels
dyld[47021]: move loaded to delayed: SiriPowerInstrumentation
dyld[47021]: move loaded to delayed: libswiftNaturalLanguage.dylib
dyld[47021]: move loaded to delayed: TailspinSymbolication
dyld[47021]: move loaded to delayed: Darwinup
dyld[47021]: move loaded to delayed: SignpostSupport
dyld[47021]: move loaded to delayed: FeatureFlagsSupport
dyld[47021]: move loaded to delayed: ktrace
dyld[47021]: move loaded to delayed: SampleAnalysis
dyld[47021]: move loaded to delayed: kperfdata
dyld[47021]: move loaded to delayed: libdscsym.dylib
dyld[47021]: move loaded to delayed: AppleMobileFileIntegrity
dyld[47021]: move loaded to delayed: BulkSymbolication
dyld[47021]: move loaded to delayed: libTLE.dylib
dyld[47021]: move loaded to delayed: libmis.dylib
dyld[47021]: move loaded to delayed: ConfigProfileHelper
dyld[47021]: move loaded to delayed: Espresso
dyld[47021]: move loaded to delayed: CoreML
dyld[47021]: move loaded to delayed: libedit.3.dylib
dyld[47021]: move loaded to delayed: ANECompiler
dyld[47021]: move loaded to delayed: AppleNeuralEngine
dyld[47021]: move loaded to delayed: MIL
dyld[47021]: move loaded to delayed: MetalPerformanceShadersGraph
dyld[47021]: move loaded to delayed: MLCompilerServices
dyld[47021]: move loaded to delayed: ANEServices
dyld[47021]: move loaded to delayed: libncurses.5.4.dylib
dyld[47021]: move loaded to delayed: libsandbox.1.dylib
dyld[47021]: move loaded to delayed: libMatch.1.dylib
dyld[47021]: move loaded to delayed: ODIE
dyld[47021]: move loaded to delayed: MLModelAsset
dyld[47021]: move loaded to delayed: MLCompilerRuntime
dyld[47021]: move loaded to delayed: MLCompute
dyld[47021]: move loaded to delayed: MLAssetIO
dyld[47021]: move loaded to delayed: libswiftMLCompute.dylib
dyld[47021]: move loaded to delayed: AVFCore
dyld[47021]: move loaded to delayed: AVFCapture
dyld[47021]: move loaded to delayed: CMImaging
dyld[47021]: move loaded to delayed: Quagga
dyld[47021]: move loaded to delayed: CMCapture
dyld[47021]: move loaded to delayed: CoreMediaIO
dyld[47021]: move loaded to delayed: CMCaptureDevice
dyld[47021]: move loaded to delayed: CoreBrightness
dyld[47021]: move loaded to delayed: CinematicFraming
dyld[47021]: move loaded to delayed: ModelManagerServices
dyld[47021]: move loaded to delayed: CPMS
dyld[47021]: move loaded to delayed: SystemStatus
dyld[47021]: move loaded to delayed: CoreMotion
dyld[47021]: move loaded to delayed: TimeSync
dyld[47021]: move loaded to delayed: DistributedSensing
dyld[47021]: move loaded to delayed: MobileBluetooth
dyld[47021]: move loaded to delayed: IOKitten
dyld[47021]: move loaded to delayed: AppleIntelligenceReporting
dyld[47021]: move loaded to delayed: CoreEmoji
dyld[47021]: move loaded to delayed: libCRFSuite.dylib
dyld[47021]: move loaded to delayed: LanguageModeling
dyld[47021]: move loaded to delayed: CoreNLP
dyld[47021]: move loaded to delayed: Montreal
dyld[47021]: move loaded to delayed: libcmph.dylib
dyld[47021]: move loaded to delayed: libmecab.dylib
dyld[47021]: move loaded to delayed: libThaiTokenizer.dylib
dyld[47021]: move loaded to delayed: GenerativeModelsFoundation
dyld[47021]: move loaded to delayed: TokenGeneration
dyld[47021]: move loaded to delayed: GenerativeFunctions
dyld[47021]: move loaded to delayed: GenerativeFunctionsFoundation
dyld[47021]: move loaded to delayed: ModelCatalog
dyld[47021]: move loaded to delayed: SensitiveContentAnalysisML
dyld[47021]: move loaded to delayed: GenerativeFunctionsInstrumentation
dyld[47021]: move loaded to delayed: PromptKit
dyld[47021]: move loaded to delayed: ProactiveDaemonSupport
dyld[47021]: move loaded to delayed: TokenGenerationCore
dyld[47021]: move loaded to delayed: Trial
dyld[47021]: move loaded to delayed: TrialProto
dyld[47021]: move loaded to delayed: AppleFlatBuffers
dyld[47021]: move loaded to delayed: SentencePieceInternal
dyld[47021]: move loaded to delayed: Vision
dyld[47021]: move loaded to delayed: CoreSceneUnderstanding
dyld[47021]: move loaded to delayed: VisionCore
dyld[47021]: move loaded to delayed: DataDetectorsCore
dyld[47021]: move loaded to delayed: libfaceCore.dylib
dyld[47021]: move loaded to delayed: Futhark
dyld[47021]: move loaded to delayed: InertiaCam
dyld[47021]: move loaded to delayed: TextRecognition
dyld[47021]: move loaded to delayed: DataDetection
dyld[47021]: move loaded to delayed: TextInput
dyld[47021]: move loaded to delayed: CVNLP
dyld[47021]: move loaded to delayed: IntentsFoundation
dyld[47021]: move loaded to delayed: HIDDisplay
dyld[47021]: move loaded to delayed: libcups.2.dylib
dyld[47021]: move loaded to delayed: Kerberos
dyld[47021]: move loaded to delayed: libresolv.9.dylib
dyld[47021]: move loaded to delayed: Heimdal
dyld[47021]: move loaded to delayed: libHeimdalProxy.dylib
dyld[47021]: move loaded to delayed: CommonAuth
dyld[47021]: move loaded to delayed: AXCoreUtilities
dyld[47021]: move loaded to delayed: AttributeGraph
dyld[47021]: move loaded to delayed: libAXSafeCategoryBundle.dylib
dyld[47021]: move loaded to delayed: TabularData
dyld[47021]: move loaded to delayed: ArgumentParserInternal
dyld[47021]: move loaded to delayed: libvDSP.dylib
dyld[47021]: move loaded to delayed: libLAPACK.dylib
dyld[47021]: move loaded to delayed: libLinearAlgebra.dylib
dyld[47021]: move loaded to delayed: libSparseBLAS.dylib
dyld[47021]: move loaded to delayed: libQuadrature.dylib
dyld[47021]: move loaded to delayed: libBNNS.dylib
dyld[47021]: move loaded to delayed: libSparse.dylib
dyld[47021]: move loaded to delayed: ApplePushService
dyld[47021]: move loaded to delayed: CloudKit
dyld[47021]: move loaded to delayed: CoreDuetDaemonProtocol
dyld[47021]: move loaded to delayed: DeviceIdentity
dyld[47021]: move loaded to delayed: SharedWithYouCore
dyld[47021]: move loaded to delayed: CloudTelemetry
dyld[47021]: move loaded to delayed: AppleAccount
dyld[47021]: move loaded to delayed: C2
dyld[47021]: move loaded to delayed: CloudCoreInternal
dyld[47021]: move loaded to delayed: CloudAsset
dyld[47021]: move loaded to delayed: PushKit
dyld[47021]: move loaded to delayed: CoreTransferable
dyld[47021]: move loaded to delayed: NetAuth
dyld[47021]: move loaded to delayed: loginsupport
dyld[47021]: move loaded to delayed: CloudTelemetryTools
dyld[47021]: move loaded to delayed: CloudTelemetryShared.dylib
dyld[47021]: move loaded to delayed: RTCReporting
dyld[47021]: move loaded to delayed: AAAFoundationSwift
dyld[47021]: move loaded to delayed: AppleIDSSOAuthentication
dyld[47021]: move loaded to delayed: UIFoundation
dyld[47021]: move loaded to delayed: CaptiveNetwork
dyld[47021]: move loaded to delayed: EAP8021X
dyld[47021]: move loaded to delayed: CryptoKitPrivate
dyld[47021]: move loaded to delayed: FindMyDevice
dyld[47021]: move loaded to delayed: FMCoreLite
dyld[47021]: move loaded to delayed: ServiceManagement
dyld[47021]: move loaded to delayed: libCheckFix.dylib
dyld[47021]: move loaded to delayed: MetadataUtilities
dyld[47021]: move loaded to delayed: InstalledContentLibrary
dyld[47021]: move loaded to delayed: CoreServicesStore
dyld[47021]: move loaded to delayed: libapp_launch_measurement.dylib
dyld[47021]: move loaded to delayed: MobileSystemServices
dyld[47021]: move loaded to delayed: libxslt.1.dylib
dyld[47021]: move loaded to delayed: BackgroundTaskManagement
dyld[47021]: move loaded to delayed: libcurl.4.dylib
dyld[47021]: move loaded to delayed: libcrypto.46.dylib
dyld[47021]: move loaded to delayed: libssl.48.dylib
dyld[47021]: move loaded to delayed: LDAP
dyld[47021]: move loaded to delayed: TrustEvaluationAgent
dyld[47021]: move loaded to delayed: libsasl2.2.dylib
Aphid DuckDB example passed
............................

  2) test repeated stale cancellation cannot affect immediate following queries (Aphid.NativeLifecycleTest)
     test/native_lifecycle_test.exs:63
     ** (ExUnit.TimeoutError) test timed out after 15000ms. You can change the timeout:

       1. per test by setting "@tag timeout: x" (accepts :infinity)
       2. per test module by setting "@moduletag timeout: x" (accepts :infinity)
       3. globally via "ExUnit.start(timeout: x)" configuration
       4. by running "mix test --timeout x" which sets timeout
       5. or by running "mix test --trace" which sets timeout to infinity
          (useful when using IEx.pry/0)

     where "x" is the timeout given as integer in milliseconds (defaults to 60_000).

     code: for n <- 1..30 do
     stacktrace:
       test/native_lifecycle_test.exs:73: anonymous fn/2 in Aphid.NativeLifecycleTest."test repeated stale cancellation cannot affect immediate following queries"/1
       (elixir 1.20.0) lib/enum.ex:4636: Enum.map_range/4
       (elixir 1.20.0) lib/enum.ex:4636: Enum.map_range/4
       (elixir 1.20.0) lib/enum.ex:4636: Enum.map/2
       test/native_lifecycle_test.exs:68: (test)
       (ex_unit 1.20.0) lib/ex_unit/runner.ex:533: ExUnit.Runner.exec_test/2
       (stdlib 8.0.3) timer.erl:599: :timer.tc/2
       (ex_unit 1.20.0) lib/ex_unit/runner.ex:455: anonymous fn/6 in ExUnit.Runner.spawn_test_monitor/4

.......heartbeat: 43 samples; maximum gap 6 ms
.
19:48:04.774 [error] Aphid artifact [unloadable]: /Users/catethos/workspace/ladybugex/zig_library/_build/hardening-beam/lib/aphid/priv/lib/Elixir.Aphid.Native: {:upgrade, ~c"Library upgrade-call unsuccessful (-1)."}; use the matching complete bundle and runtime. No source fallback.

19:48:04.776 [warning] The on_load function for module Elixir.Aphid.Native returned:
{:error, {:upgrade, ~c"Library upgrade-call unsuccessful (-1)."}}

................./Users/catethos/workspace/ladybugex/zig_library/_build/hardening-asan/source/src/processor/operator/path_property_probe.cpp:309:46: runtime error: member call on misaligned address 0x000132a60039 for type 'lbug::common::internalID_t', which requires 8 byte alignment
0x000132a60039: note: pointer points here
 00 00 00  00 01 00 00 00 00 00 00  00 00 00 00 00 00 00 00  00 02 00 00 00 00 00 00  00 03 00 00 00
              ^ 
    #0 0x0001265fe740 in lbug::processor::PathPropertyProbe::probe(lbug::processor::JoinHashTable*, unsigned long long, unsigned long long, lbug::common::ValueVector*, std::__1::vector<lbug::common::ValueVector*, std::__1::allocator<lbug::common::ValueVector*>> const&, std::__1::vector<unsigned int, std::__1::allocator<unsigned int>> const&, char const*) const+0x8d4 (liblbug.0.20.2.dylib:arm64+0x165e740)
    #1 0x0001265fb0b4 in lbug::processor::PathPropertyProbe::getNextTuplesInternal(lbug::processor::ExecutionContext*)+0x230 (liblbug.0.20.2.dylib:arm64+0x165b0b4)
    #2 0x00012660447c in lbug::processor::PhysicalOperator::getNextTuple(lbug::processor::ExecutionContext*)+0xf4 (liblbug.0.20.2.dylib:arm64+0x166447c)
    #3 0x0001262c7bc8 in lbug::processor::HashJoinProbe::getMatchedTuplesForUnFlatKey(lbug::processor::ExecutionContext*)+0xf0 (liblbug.0.20.2.dylib:arm64+0x1327bc8)
    #4 0x0001262cc4f0 in lbug::processor::HashJoinProbe::getNextTuplesInternal(lbug::processor::ExecutionContext*)+0x48 (liblbug.0.20.2.dylib:arm64+0x132c4f0)
    #5 0x00012660447c in lbug::processor::PhysicalOperator::getNextTuple(lbug::processor::ExecutionContext*)+0xf4 (liblbug.0.20.2.dylib:arm64+0x166447c)
    #6 0x0001262c7bc8 in lbug::processor::HashJoinProbe::getMatchedTuplesForUnFlatKey(lbug::processor::ExecutionContext*)+0xf0 (liblbug.0.20.2.dylib:arm64+0x1327bc8)
    #7 0x0001262cc4f0 in lbug::processor::HashJoinProbe::getNextTuplesInternal(lbug::processor::ExecutionContext*)+0x48 (liblbug.0.20.2.dylib:arm64+0x132c4f0)
    #8 0x00012660447c in lbug::processor::PhysicalOperator::getNextTuple(lbug::processor::ExecutionContext*)+0xf4 (liblbug.0.20.2.dylib:arm64+0x166447c)
    #9 0x000126607914 in lbug::processor::Projection::getNextTuplesInternal(lbug::processor::ExecutionContext*)+0xbc (liblbug.0.20.2.dylib:arm64+0x1667914)
    #10 0x00012660447c in lbug::processor::PhysicalOperator::getNextTuple(lbug::processor::ExecutionContext*)+0xf4 (liblbug.0.20.2.dylib:arm64+0x166447c)
    #11 0x0001266168dc in lbug::processor::ResultCollector::executeInternal(lbug::processor::ExecutionContext*)+0xb8 (liblbug.0.20.2.dylib:arm64+0x16768dc)
    #12 0x000126669d74 in lbug::processor::Sink::execute(lbug::processor::ResultSet*, lbug::processor::ExecutionContext*)+0x9c (liblbug.0.20.2.dylib:arm64+0x16c9d74)
    #13 0x0001266697b0 in lbug::processor::ProcessorTask::run()+0x524 (liblbug.0.20.2.dylib:arm64+0x16c97b0)
    #14 0x0001252c8578 in lbug::common::TaskScheduler::runWorkerThread()+0x47c (liblbug.0.20.2.dylib:arm64+0x328578)
    #15 0x0001252ca43c in void* std::__1::__thread_proxy[abi:nqe210106]<std::__1::tuple<std::__1::unique_ptr<std::__1::__thread_struct, std::__1::default_delete<std::__1::__thread_struct>>, lbug::common::TaskScheduler::TaskScheduler(unsigned long long, unsigned int)::$_0>>(void*)+0x11c (liblbug.0.20.2.dylib:arm64+0x32a43c)
    #16 0x000103b9dd64 in asan_thread_start(void*)+0x4c (libclang_rt.asan_osx_dynamic.dylib:arm64e+0x3dd64)
    #17 0x000181d97c54 in _pthread_start+0x84 (libsystem_pthread.dylib:arm64e+0x6c54)
    #18 0x000181d92c18 in thread_start+0x4 (libsystem_pthread.dylib:arm64e+0x1c18)

SUMMARY: UndefinedBehaviorSanitizer: undefined-behavior /Users/catethos/workspace/ladybugex/zig_library/_build/hardening-asan/source/src/processor/operator/path_property_probe.cpp:309:46 
{"command": ["/Users/catethos/.local/share/mise/installs/erlang/29.0.4/erts-17.0.4/bin/beam.smp", "-S", "1:1", "-SDcpu", "1:1", "--", "-root", "/Users/catethos/.local/share/mise/installs/erlang/29.0.4", "-bindir", "/Users/catethos/.local/share/mise/installs/erlang/29.0.4/erts-17.0.4/bin", "-progname", "erl", "--", "-home", "/Users/catethos", "--", "-kernel", "shell_history", "enabled", "--", "-noshell", "-elixir_root", "/Users/catethos/.local/share/mise/installs/elixir/1.20.0-otp-28/bin/../lib", "-pa", "/Users/catethos/.local/share/mise/installs/elixir/1.20.0-otp-28/bin/../lib/elixir/ebin", "-s", "elixir", "start_cli", "--", "--", "--", "-extra", "/Users/catethos/.local/share/mise/installs/elixir/1.20.0-otp-28/bin/mix", "test", "--no-compile", "--no-deps-check", "--seed", "0"], "cwd": "/Users/catethos/workspace/ladybugex/zig_library", "exit": -6, "seconds": 57.725}
Traceback (most recent call last):
  File "/Users/catethos/workspace/ladybugex/zig_library/scripts/candidate_beam.py", line 36, in <module>
    run(args, env=env, timeout=120)
    ~~~^^^^^^^^^^^^^^^^^^^^^^^^^^^^
  File "/Users/catethos/workspace/ladybugex/zig_library/scripts/proof.py", line 29, in run
    raise RuntimeError(f"command failed: {args}")
RuntimeError: command failed: ['/Users/catethos/.local/share/mise/installs/erlang/29.0.4/erts-17.0.4/bin/beam.smp', '-S', '1:1', '-SDcpu', '1:1', '--', '-root', '/Users/catethos/.local/share/mise/installs/erlang/29.0.4', '-bindir', '/Users/catethos/.local/share/mise/installs/erlang/29.0.4/erts-17.0.4/bin', '-progname', 'erl', '--', '-home', '/Users/catethos', '--', '-kernel', 'shell_history', 'enabled', '--', '-noshell', '-elixir_root', '/Users/catethos/.local/share/mise/installs/elixir/1.20.0-otp-28/bin/../lib', '-pa', '/Users/catethos/.local/share/mise/installs/elixir/1.20.0-otp-28/bin/../lib/elixir/ebin', '-s', 'elixir', 'start_cli', '--', '--', '--', '-extra', '/Users/catethos/.local/share/mise/installs/elixir/1.20.0-otp-28/bin/mix', 'test', '--no-compile', '--no-deps-check', '--seed', '0']
