2026-09-08T07:31:07.5122581Z Current runner version: '2.337.0'
2026-09-08T07:31:07.5153830Z ##[group]Runner Image Provisioner
2026-09-08T07:31:07.5154867Z Hosted Compute Agent
2026-09-08T07:31:07.5155758Z Version: 20260828.587
2026-09-08T07:31:07.5156460Z Commit: abac92662cab4cc7352de4f9f9d2e2419aad9c29
2026-09-08T07:31:07.5157271Z Build Date: 2026-08-28T16:44:25Z
2026-09-08T07:31:07.5158034Z Worker ID: {df854570-2085-4826-8121-3d9b51c3c89d}
2026-09-08T07:31:07.5158761Z Azure Region: northcentralus
2026-09-08T07:31:07.5159433Z ##[endgroup]
2026-09-08T07:31:07.5161552Z ##[group]Operating System
2026-09-08T07:31:07.5162421Z Ubuntu
2026-09-08T07:31:07.5163242Z 24.04.4
2026-09-08T07:31:07.5163748Z LTS
2026-09-08T07:31:07.5164357Z ##[endgroup]
2026-09-08T07:31:07.5164931Z ##[group]Runner Image
2026-09-08T07:31:07.5165517Z Image: ubuntu-24.04-arm
2026-09-08T07:31:07.5166239Z Version: 20260831.111.1
2026-09-08T07:31:07.5167632Z Included Software: https://github.com/actions/runner-images/blob/ubuntu24-arm64/20260831.111/images/ubuntu/Ubuntu2404-Arm64-Readme.md
2026-09-08T07:31:07.5169325Z Image Release: https://github.com/actions/runner-images/releases/tag/ubuntu24-arm64%2F20260831.111
2026-09-08T07:31:07.5170461Z ##[endgroup]
2026-09-08T07:31:07.5171765Z ##[group]GITHUB_TOKEN Permissions
2026-09-08T07:31:07.5174870Z Actions: read
2026-09-08T07:31:07.5175770Z Contents: read
2026-09-08T07:31:07.5176311Z Metadata: read
2026-09-08T07:31:07.5177583Z ##[endgroup]
2026-09-08T07:31:07.5180533Z Secret source: Actions
2026-09-08T07:31:07.5182180Z Prepare workflow directory
2026-09-08T07:31:07.5575444Z Prepare all required actions
2026-09-08T07:31:07.5627649Z Getting action download info
2026-09-08T07:31:07.8559087Z Download action repository 'actions/checkout@d23441a48e516b6c34aea4fa41551a30e30af803' (SHA:d23441a48e516b6c34aea4fa41551a30e30af803)
2026-09-08T07:31:07.9557283Z Download action repository 'actions/setup-python@ece7cb06caefa5fff74198d8649806c4678c61a1' (SHA:ece7cb06caefa5fff74198d8649806c4678c61a1)
2026-09-08T07:31:08.0670255Z Download action repository 'erlef/setup-beam@54075bcc5e249e4758d363f27d099f55d843f124' (SHA:54075bcc5e249e4758d363f27d099f55d843f124)
2026-09-08T07:31:08.3687138Z Download action repository 'actions/upload-artifact@ea165f8d65b6e75b540449e92b4886f43607fa02' (SHA:ea165f8d65b6e75b540449e92b4886f43607fa02)
2026-09-08T07:31:08.5597423Z Complete job name: consumer (ubuntu-24.04-arm, aarch64-linux-gnu)
2026-09-08T07:31:08.6448483Z ##[group]Run actions/checkout@d23441a48e516b6c34aea4fa41551a30e30af803
2026-09-08T07:31:08.6450143Z with:
2026-09-08T07:31:08.6450759Z   persist-credentials: false
2026-09-08T07:31:08.6451374Z   repository: catethos/Aphid
2026-09-08T07:31:08.6455346Z   token: ***
2026-09-08T07:31:08.6455960Z   ssh-strict: true
2026-09-08T07:31:08.6456647Z   ssh-user: git
2026-09-08T07:31:08.6457180Z   clean: true
2026-09-08T07:31:08.6457747Z   sparse-checkout-cone-mode: true
2026-09-08T07:31:08.6458709Z   fetch-depth: 1
2026-09-08T07:31:08.6459311Z   fetch-tags: false
2026-09-08T07:31:08.6459975Z   show-progress: true
2026-09-08T07:31:08.6460587Z   lfs: false
2026-09-08T07:31:08.6461142Z   submodules: false
2026-09-08T07:31:08.6461788Z   set-safe-directory: true
2026-09-08T07:31:08.6462505Z   allow-unsafe-pr-checkout: false
2026-09-08T07:31:08.6464085Z ##[endgroup]
2026-09-08T07:31:08.7329174Z Syncing repository: catethos/Aphid
2026-09-08T07:31:08.7331540Z ##[group]Getting Git version info
2026-09-08T07:31:08.7332493Z Working directory is '/home/runner/work/Aphid/Aphid'
2026-09-08T07:31:08.7334196Z [command]/usr/bin/git version
2026-09-08T07:31:08.7388884Z git version 2.55.0
2026-09-08T07:31:08.7409194Z ##[endgroup]
2026-09-08T07:31:08.7423228Z Temporarily overriding HOME='/home/runner/work/_temp/12dbe30a-304a-47bd-909d-e718b31049f8' before making global git config changes
2026-09-08T07:31:08.7425111Z Adding repository directory to the temporary git global config as a safe directory
2026-09-08T07:31:08.7427739Z [command]/usr/bin/git config --global --add safe.directory /home/runner/work/Aphid/Aphid
2026-09-08T07:31:08.7459307Z Deleting the contents of '/home/runner/work/Aphid/Aphid'
2026-09-08T07:31:08.7487553Z ##[group]Determining repository object format
2026-09-08T07:31:08.7489903Z ##[endgroup]
2026-09-08T07:31:08.7491153Z ##[group]Initializing the repository
2026-09-08T07:31:08.7494299Z [command]/usr/bin/git init /home/runner/work/Aphid/Aphid
2026-09-08T07:31:08.7579803Z hint: Using 'master' as the name for the initial branch. This default branch name
2026-09-08T07:31:08.7581220Z hint: will change to "main" in Git 3.0. To configure the initial branch name
2026-09-08T07:31:08.7582683Z hint: to use in all of your new repositories, which will suppress this warning,
2026-09-08T07:31:08.7584162Z hint: call:
2026-09-08T07:31:08.7585077Z hint:
2026-09-08T07:31:08.7586158Z hint: 	git config --global init.defaultBranch <name>
2026-09-08T07:31:08.7587129Z hint:
2026-09-08T07:31:08.7588093Z hint: Names commonly chosen instead of 'master' are 'main', 'trunk' and
2026-09-08T07:31:08.7589425Z hint: 'development'. The just-created branch can be renamed via this command:
2026-09-08T07:31:08.7590882Z hint:
2026-09-08T07:31:08.7591660Z hint: 	git branch -m <name>
2026-09-08T07:31:08.7592289Z hint:
2026-09-08T07:31:08.7593246Z hint: Disable this message with "git config set advice.defaultBranchName false"
2026-09-08T07:31:08.7594473Z Initialized empty Git repository in /home/runner/work/Aphid/Aphid/.git/
2026-09-08T07:31:08.7596376Z [command]/usr/bin/git remote add origin https://github.com/catethos/Aphid
2026-09-08T07:31:08.7624671Z ##[endgroup]
2026-09-08T07:31:08.7625761Z ##[group]Disabling automatic garbage collection
2026-09-08T07:31:08.7627726Z [command]/usr/bin/git config --local gc.auto 0
2026-09-08T07:31:08.7655921Z ##[endgroup]
2026-09-08T07:31:08.7657607Z ##[group]Setting up auth
2026-09-08T07:31:08.7659399Z Removing SSH command configuration
2026-09-08T07:31:08.7660877Z [command]/usr/bin/git config --local --name-only --get-regexp core\.sshCommand
2026-09-08T07:31:08.7689797Z [command]/usr/bin/git submodule foreach --recursive sh -c "git config --local --name-only --get-regexp 'core\.sshCommand' && git config --local --unset-all 'core.sshCommand' || :"
2026-09-08T07:31:08.7993396Z Removing HTTP extra header
2026-09-08T07:31:08.7999729Z [command]/usr/bin/git config --local --name-only --get-regexp http\.https\:\/\/github\.com\/\.extraheader
2026-09-08T07:31:08.8029934Z [command]/usr/bin/git submodule foreach --recursive sh -c "git config --local --name-only --get-regexp 'http\.https\:\/\/github\.com\/\.extraheader' && git config --local --unset-all 'http.https://github.com/.extraheader' || :"
2026-09-08T07:31:08.8216192Z Removing includeIf entries pointing to credentials config files
2026-09-08T07:31:08.8217399Z [command]/usr/bin/git config --local --name-only --get-regexp ^includeIf\.gitdir:
2026-09-08T07:31:08.8244991Z [command]/usr/bin/git submodule foreach --recursive git config --local --show-origin --name-only --get-regexp remote.origin.url
2026-09-08T07:31:08.8435797Z [command]/usr/bin/git config --file /home/runner/work/_temp/git-credentials-ee023618-e5b1-46e2-919a-83b6cbe49c40.config http.https://github.com/.extraheader AUTHORIZATION: basic ***
2026-09-08T07:31:08.8471094Z [command]/usr/bin/git config --local includeIf.gitdir:/home/runner/work/Aphid/Aphid/.git.path /home/runner/work/_temp/git-credentials-ee023618-e5b1-46e2-919a-83b6cbe49c40.config
2026-09-08T07:31:08.8499301Z [command]/usr/bin/git config --local includeIf.gitdir:/home/runner/work/Aphid/Aphid/.git/worktrees/*.path /home/runner/work/_temp/git-credentials-ee023618-e5b1-46e2-919a-83b6cbe49c40.config
2026-09-08T07:31:08.8527916Z [command]/usr/bin/git config --local includeIf.gitdir:/github/workspace/.git.path /github/runner_temp/git-credentials-ee023618-e5b1-46e2-919a-83b6cbe49c40.config
2026-09-08T07:31:08.8555754Z [command]/usr/bin/git config --local includeIf.gitdir:/github/workspace/.git/worktrees/*.path /github/runner_temp/git-credentials-ee023618-e5b1-46e2-919a-83b6cbe49c40.config
2026-09-08T07:31:08.8581773Z ##[endgroup]
2026-09-08T07:31:08.8582800Z ##[group]Fetching the repository
2026-09-08T07:31:08.8589975Z [command]/usr/bin/git -c protocol.version=2 fetch --no-tags --prune --no-recurse-submodules --depth=1 origin +608b646d954d9b83128e79f76e46c3e3de63ad41:refs/remotes/origin/main
2026-09-08T07:31:09.9016462Z From https://github.com/catethos/Aphid
2026-09-08T07:31:09.9017315Z  * [new ref]         608b646d954d9b83128e79f76e46c3e3de63ad41 -> origin/main
2026-09-08T07:31:09.9026431Z [command]/usr/bin/git branch --list --remote origin/main
2026-09-08T07:31:09.9057560Z   origin/main
2026-09-08T07:31:09.9065122Z [command]/usr/bin/git rev-parse refs/remotes/origin/main
2026-09-08T07:31:09.9088494Z 608b646d954d9b83128e79f76e46c3e3de63ad41
2026-09-08T07:31:09.9091118Z ##[endgroup]
2026-09-08T07:31:09.9091964Z ##[group]Determining the checkout info
2026-09-08T07:31:09.9092708Z ##[endgroup]
2026-09-08T07:31:09.9096636Z [command]/usr/bin/git sparse-checkout disable
2026-09-08T07:31:09.9135709Z [command]/usr/bin/git config --local --unset-all extensions.worktreeConfig
2026-09-08T07:31:09.9162022Z ##[group]Checking out the ref
2026-09-08T07:31:09.9165637Z [command]/usr/bin/git checkout --progress --force -B main refs/remotes/origin/main
2026-09-08T07:31:10.0369504Z Switched to a new branch 'main'
2026-09-08T07:31:10.0370760Z branch 'main' set up to track 'origin/main'.
2026-09-08T07:31:10.0385270Z ##[endgroup]
2026-09-08T07:31:10.0424592Z [command]/usr/bin/git log -1 --format=%H
2026-09-08T07:31:10.0446739Z 608b646d954d9b83128e79f76e46c3e3de63ad41
2026-09-08T07:31:10.0460562Z ##[group]Removing auth
2026-09-08T07:31:10.0461050Z Removing SSH command configuration
2026-09-08T07:31:10.0461686Z [command]/usr/bin/git config --local --name-only --get-regexp core\.sshCommand
2026-09-08T07:31:10.0492054Z [command]/usr/bin/git submodule foreach --recursive sh -c "git config --local --name-only --get-regexp 'core\.sshCommand' && git config --local --unset-all 'core.sshCommand' || :"
2026-09-08T07:31:10.0675542Z Removing HTTP extra header
2026-09-08T07:31:10.0678153Z [command]/usr/bin/git config --local --name-only --get-regexp http\.https\:\/\/github\.com\/\.extraheader
2026-09-08T07:31:10.0707418Z [command]/usr/bin/git submodule foreach --recursive sh -c "git config --local --name-only --get-regexp 'http\.https\:\/\/github\.com\/\.extraheader' && git config --local --unset-all 'http.https://github.com/.extraheader' || :"
2026-09-08T07:31:10.0889860Z Removing includeIf entries pointing to credentials config files
2026-09-08T07:31:10.0892154Z [command]/usr/bin/git config --local --name-only --get-regexp ^includeIf\.gitdir:
2026-09-08T07:31:10.0914959Z includeif.gitdir:/home/runner/work/Aphid/Aphid/.git.path
2026-09-08T07:31:10.0915662Z includeif.gitdir:/home/runner/work/Aphid/Aphid/.git/worktrees/*.path
2026-09-08T07:31:10.0916382Z includeif.gitdir:/github/workspace/.git.path
2026-09-08T07:31:10.0916941Z includeif.gitdir:/github/workspace/.git/worktrees/*.path
2026-09-08T07:31:10.0923472Z [command]/usr/bin/git config --local --get-all includeif.gitdir:/home/runner/work/Aphid/Aphid/.git.path
2026-09-08T07:31:10.0944503Z /home/runner/work/_temp/git-credentials-ee023618-e5b1-46e2-919a-83b6cbe49c40.config
2026-09-08T07:31:10.0953620Z [command]/usr/bin/git config --local --unset includeif.gitdir:/home/runner/work/Aphid/Aphid/.git.path /home/runner/work/_temp/git-credentials-ee023618-e5b1-46e2-919a-83b6cbe49c40.config
2026-09-08T07:31:10.0984546Z [command]/usr/bin/git config --local --get-all includeif.gitdir:/home/runner/work/Aphid/Aphid/.git/worktrees/*.path
2026-09-08T07:31:10.1007318Z /home/runner/work/_temp/git-credentials-ee023618-e5b1-46e2-919a-83b6cbe49c40.config
2026-09-08T07:31:10.1015784Z [command]/usr/bin/git config --local --unset includeif.gitdir:/home/runner/work/Aphid/Aphid/.git/worktrees/*.path /home/runner/work/_temp/git-credentials-ee023618-e5b1-46e2-919a-83b6cbe49c40.config
2026-09-08T07:31:10.1046336Z [command]/usr/bin/git config --local --get-all includeif.gitdir:/github/workspace/.git.path
2026-09-08T07:31:10.1074957Z /github/runner_temp/git-credentials-ee023618-e5b1-46e2-919a-83b6cbe49c40.config
2026-09-08T07:31:10.1077390Z [command]/usr/bin/git config --local --unset includeif.gitdir:/github/workspace/.git.path /github/runner_temp/git-credentials-ee023618-e5b1-46e2-919a-83b6cbe49c40.config
2026-09-08T07:31:10.1107379Z [command]/usr/bin/git config --local --get-all includeif.gitdir:/github/workspace/.git/worktrees/*.path
2026-09-08T07:31:10.1128890Z /github/runner_temp/git-credentials-ee023618-e5b1-46e2-919a-83b6cbe49c40.config
2026-09-08T07:31:10.1136314Z [command]/usr/bin/git config --local --unset includeif.gitdir:/github/workspace/.git/worktrees/*.path /github/runner_temp/git-credentials-ee023618-e5b1-46e2-919a-83b6cbe49c40.config
2026-09-08T07:31:10.1168494Z [command]/usr/bin/git submodule foreach --recursive git config --local --show-origin --name-only --get-regexp remote.origin.url
2026-09-08T07:31:10.1356854Z Removing credentials config '/home/runner/work/_temp/git-credentials-ee023618-e5b1-46e2-919a-83b6cbe49c40.config'
2026-09-08T07:31:10.1365612Z ##[endgroup]
2026-09-08T07:31:10.1631044Z ##[group]Run actions/setup-python@ece7cb06caefa5fff74198d8649806c4678c61a1
2026-09-08T07:31:10.1631768Z with:
2026-09-08T07:31:10.1632101Z   python-version: 3.14
2026-09-08T07:31:10.1632437Z   check-latest: false
2026-09-08T07:31:10.1635273Z   token: ***
2026-09-08T07:31:10.1635689Z   update-environment: true
2026-09-08T07:31:10.1636138Z   allow-prereleases: false
2026-09-08T07:31:10.1636494Z   freethreaded: false
2026-09-08T07:31:10.1636808Z ##[endgroup]
2026-09-08T07:31:10.2717629Z ##[group]Installed versions
2026-09-08T07:31:10.2797184Z Successfully set up CPython (3.14.7)
2026-09-08T07:31:10.2798115Z ##[endgroup]
2026-09-08T07:31:10.2976577Z ##[group]Run erlef/setup-beam@54075bcc5e249e4758d363f27d099f55d843f124
2026-09-08T07:31:10.2977198Z with:
2026-09-08T07:31:10.2977543Z   otp-version: 29.0.4
2026-09-08T07:31:10.2977971Z   elixir-version: 1.20.0
2026-09-08T07:31:10.2980590Z   github-token: ***
2026-09-08T07:31:10.2980992Z   otp-architecture: 64
2026-09-08T07:31:10.2981338Z   install-hex: true
2026-09-08T07:31:10.2981702Z   install-rebar: true
2026-09-08T07:31:10.2982110Z   version-type: loose
2026-09-08T07:31:10.2982480Z   disable_problem_matchers: false
2026-09-08T07:31:10.2983214Z   hexpm-mirrors: https://builds.hex.pm

2026-09-08T07:31:10.2983660Z env:
2026-09-08T07:31:10.2984035Z   pythonLocation: /opt/hostedtoolcache/Python/3.14.7/arm64
2026-09-08T07:31:10.2984655Z   PKG_CONFIG_PATH: /opt/hostedtoolcache/Python/3.14.7/arm64/lib/pkgconfig
2026-09-08T07:31:10.2985234Z   Python_ROOT_DIR: /opt/hostedtoolcache/Python/3.14.7/arm64
2026-09-08T07:31:10.2985926Z   Python2_ROOT_DIR: /opt/hostedtoolcache/Python/3.14.7/arm64
2026-09-08T07:31:10.2986446Z   Python3_ROOT_DIR: /opt/hostedtoolcache/Python/3.14.7/arm64
2026-09-08T07:31:10.2986958Z   LD_LIBRARY_PATH: /opt/hostedtoolcache/Python/3.14.7/arm64/lib
2026-09-08T07:31:10.2987490Z ##[endgroup]
2026-09-08T07:31:10.4568487Z ##[group]Installing Erlang/OTP OTP-29.0.4 - built on arm64/ubuntu-24.04
2026-09-08T07:31:10.8202148Z [command]/usr/bin/tar zx --strip-components=1 --warning=no-unknown-keyword --overwrite -C /home/runner/work/_temp/6e92491c-8e46-4f55-8d1a-6c3a70b1e857 -f /home/runner/work/_temp/ff918fc5-ebfa-4d98-bbfb-f17c86f87f48
2026-09-08T07:31:12.9379815Z [command]/home/runner/work/_temp/.setup-beam/otp/Install -minimal /home/runner/work/_temp/.setup-beam/otp
2026-09-08T07:31:12.9629957Z Installed Erlang/OTP version
2026-09-08T07:31:12.9648732Z [command]/home/runner/work/_temp/.setup-beam/otp/bin/erl -version
2026-09-08T07:31:12.9738755Z Erlang (SMP,ASYNC_THREADS) (BEAM) emulator version 17.0.4
2026-09-08T07:31:12.9768149Z ##[endgroup]
2026-09-08T07:31:12.9769260Z [command]/home/runner/work/_temp/.setup-beam/otp/bin/erl -noshell -eval io:format(erlang:system_info(otp_release)), halt().
2026-09-08T07:31:13.1293819Z 29::debug::Was not able to coerce latest with semver
2026-09-08T07:31:13.1306864Z Using Elixir 1.20.0 (built for Erlang/OTP 29)
2026-09-08T07:31:13.1307715Z ##[group]Installing Elixir v1.20.0-otp-29
2026-09-08T07:31:13.2133945Z [command]/usr/bin/unzip -o -q /home/runner/work/_temp/0dc5c061-28a4-4820-82a8-041c6e37bfb6
2026-09-08T07:31:13.5401466Z Installed Elixir version
2026-09-08T07:31:13.5420859Z [command]/home/runner/work/_temp/.setup-beam/elixir/bin/elixir -v
2026-09-08T07:31:13.7221881Z Erlang/OTP 29 [erts-17.0.4] [source] [64-bit] [smp:4:4] [ds:4:4:10] [async-threads:1] [jit]
2026-09-08T07:31:13.7222765Z 
2026-09-08T07:31:13.7258768Z Elixir 1.20.0 (compiled with Erlang/OTP 29)
2026-09-08T07:31:13.7325998Z ##[endgroup]
2026-09-08T07:31:13.7326675Z ##[group]Running mix local.rebar,--force
2026-09-08T07:31:13.7338806Z [command]/home/runner/work/_temp/.setup-beam/elixir/bin/mix local.rebar --force
2026-09-08T07:31:14.3937250Z * creating /home/runner/.mix/elixir/1-20-otp-29/rebar3
2026-09-08T07:31:14.3991353Z ##[endgroup]
2026-09-08T07:31:14.3991902Z ##[group]Running mix local.hex,--force
2026-09-08T07:31:14.4008716Z [command]/home/runner/work/_temp/.setup-beam/elixir/bin/mix local.hex --force
2026-09-08T07:31:15.0775909Z * creating /home/runner/.mix/archives/hex-2.5.1
2026-09-08T07:31:15.0844100Z ##[endgroup]
2026-09-08T07:31:15.1000546Z ##[group]Run sudo apt-get update
2026-09-08T07:31:15.1001039Z [36;1msudo apt-get update[0m
2026-09-08T07:31:15.1001538Z [36;1msudo apt-get install --yes bubblewrap binutils[0m
2026-09-08T07:31:15.1001941Z [36;1mmix local.hex --force[0m
2026-09-08T07:31:15.1110461Z shell: /usr/bin/bash -e {0}
2026-09-08T07:31:15.1111054Z env:
2026-09-08T07:31:15.1111468Z   pythonLocation: /opt/hostedtoolcache/Python/3.14.7/arm64
2026-09-08T07:31:15.1111932Z   PKG_CONFIG_PATH: /opt/hostedtoolcache/Python/3.14.7/arm64/lib/pkgconfig
2026-09-08T07:31:15.1112464Z   Python_ROOT_DIR: /opt/hostedtoolcache/Python/3.14.7/arm64
2026-09-08T07:31:15.1113199Z   Python2_ROOT_DIR: /opt/hostedtoolcache/Python/3.14.7/arm64
2026-09-08T07:31:15.1113741Z   Python3_ROOT_DIR: /opt/hostedtoolcache/Python/3.14.7/arm64
2026-09-08T07:31:15.1114205Z   LD_LIBRARY_PATH: /opt/hostedtoolcache/Python/3.14.7/arm64/lib
2026-09-08T07:31:15.1114636Z   INSTALL_DIR_FOR_OTP: /home/runner/work/_temp/.setup-beam/otp
2026-09-08T07:31:15.1115275Z   INSTALL_DIR_FOR_ELIXIR: /home/runner/work/_temp/.setup-beam/elixir
2026-09-08T07:31:15.1115659Z ##[endgroup]
2026-09-08T07:31:15.1983894Z Get:1 https://packages.microsoft.com/ubuntu/24.04/prod noble InRelease [3600 B]
2026-09-08T07:31:15.2475094Z Get:2 https://packages.microsoft.com/ubuntu/24.04/prod noble/main amd64 Packages [441 kB]
2026-09-08T07:31:15.2675437Z Get:3 https://packages.microsoft.com/ubuntu/24.04/prod noble/main arm64 Packages [394 kB]
2026-09-08T07:31:15.3286911Z Hit:4 http://ports.ubuntu.com/ubuntu-ports noble InRelease
2026-09-08T07:31:15.3555861Z Get:5 http://ports.ubuntu.com/ubuntu-ports noble-updates InRelease [126 kB]
2026-09-08T07:31:15.4701956Z Get:6 http://ports.ubuntu.com/ubuntu-ports noble-backports InRelease [126 kB]
2026-09-08T07:31:15.5243583Z Get:7 http://ports.ubuntu.com/ubuntu-ports noble-security InRelease [126 kB]
2026-09-08T07:31:15.5621929Z Get:8 http://ports.ubuntu.com/ubuntu-ports noble-updates/main arm64 Packages [1318 kB]
2026-09-08T07:31:15.6801063Z Get:9 http://ports.ubuntu.com/ubuntu-ports noble-updates/main Translation-en [292 kB]
2026-09-08T07:31:15.7123369Z Get:10 http://ports.ubuntu.com/ubuntu-ports noble-updates/main arm64 Components [178 kB]
2026-09-08T07:31:15.7421075Z Get:11 http://ports.ubuntu.com/ubuntu-ports noble-updates/universe arm64 Packages [1731 kB]
2026-09-08T07:31:15.8105007Z Get:12 http://ports.ubuntu.com/ubuntu-ports noble-updates/universe Translation-en [339 kB]
2026-09-08T07:31:15.8405680Z Get:13 http://ports.ubuntu.com/ubuntu-ports noble-updates/universe arm64 Components [387 kB]
2026-09-08T07:31:15.8708718Z Get:14 http://ports.ubuntu.com/ubuntu-ports noble-updates/restricted arm64 Packages [2320 kB]
2026-09-08T07:31:15.9291872Z Get:15 http://ports.ubuntu.com/ubuntu-ports noble-updates/restricted Translation-en [352 kB]
2026-09-08T07:31:15.9578923Z Get:16 http://ports.ubuntu.com/ubuntu-ports noble-backports/main arm64 Components [3576 B]
2026-09-08T07:31:15.9848637Z Get:17 http://ports.ubuntu.com/ubuntu-ports noble-backports/universe arm64 Components [12.6 kB]
2026-09-08T07:31:16.0788245Z Get:18 http://ports.ubuntu.com/ubuntu-ports noble-security/main arm64 Packages [1065 kB]
2026-09-08T07:31:16.1114597Z Get:19 http://ports.ubuntu.com/ubuntu-ports noble-security/main Translation-en [212 kB]
2026-09-08T07:31:16.1392544Z Get:20 http://ports.ubuntu.com/ubuntu-ports noble-security/main arm64 Components [43.3 kB]
2026-09-08T07:31:16.1663592Z Get:21 http://ports.ubuntu.com/ubuntu-ports noble-security/universe arm64 Packages [1280 kB]
2026-09-08T07:31:16.1999032Z Get:22 http://ports.ubuntu.com/ubuntu-ports noble-security/universe Translation-en [241 kB]
2026-09-08T07:31:16.2279176Z Get:23 http://ports.ubuntu.com/ubuntu-ports noble-security/universe arm64 Components [76.2 kB]
2026-09-08T07:31:16.2557004Z Get:24 http://ports.ubuntu.com/ubuntu-ports noble-security/restricted arm64 Packages [2210 kB]
2026-09-08T07:31:16.2938128Z Get:25 http://ports.ubuntu.com/ubuntu-ports noble-security/restricted Translation-en [334 kB]
2026-09-08T07:31:20.0163282Z Fetched 13.6 MB in 1s (9446 kB/s)
2026-09-08T07:31:20.9209005Z Reading package lists...
2026-09-08T07:31:20.9509162Z Reading package lists...
2026-09-08T07:31:21.1914539Z Building dependency tree...
2026-09-08T07:31:21.1919583Z Reading state information...
2026-09-08T07:31:21.4369883Z binutils is already the newest version (2.42-4ubuntu2.10).
2026-09-08T07:31:21.4370423Z The following NEW packages will be installed:
2026-09-08T07:31:21.4376378Z   bubblewrap
2026-09-08T07:31:21.7962369Z 0 upgraded, 1 newly installed, 0 to remove and 43 not upgraded.
2026-09-08T07:31:21.7963492Z Need to get 49.7 kB of archives.
2026-09-08T07:31:21.7963946Z After this operation, 129 kB of additional disk space will be used.
2026-09-08T07:31:21.7964641Z Get:1 http://ports.ubuntu.com/ubuntu-ports noble-updates/main arm64 bubblewrap arm64 0.9.0-1ubuntu0.1 [49.7 kB]
2026-09-08T07:31:22.3029371Z Fetched 49.7 kB in 1s (81.7 kB/s)
2026-09-08T07:31:22.3229141Z Selecting previously unselected package bubblewrap.
2026-09-08T07:31:22.3419264Z (Reading database ... 
2026-09-08T07:31:22.3419661Z (Reading database ... 5%
2026-09-08T07:31:22.3420717Z (Reading database ... 10%
2026-09-08T07:31:22.3421065Z (Reading database ... 15%
2026-09-08T07:31:22.3421558Z (Reading database ... 20%
2026-09-08T07:31:22.3421854Z (Reading database ... 25%
2026-09-08T07:31:22.3422126Z (Reading database ... 30%
2026-09-08T07:31:22.3422456Z (Reading database ... 35%
2026-09-08T07:31:22.3422755Z (Reading database ... 40%
2026-09-08T07:31:22.3423325Z (Reading database ... 45%
2026-09-08T07:31:22.3423619Z (Reading database ... 50%
2026-09-08T07:31:22.3555225Z (Reading database ... 55%
2026-09-08T07:31:22.5113672Z (Reading database ... 60%
2026-09-08T07:31:22.7187195Z (Reading database ... 65%
2026-09-08T07:31:22.8294633Z (Reading database ... 70%
2026-09-08T07:31:22.8664465Z (Reading database ... 75%
2026-09-08T07:31:22.9567124Z (Reading database ... 80%
2026-09-08T07:31:23.1183828Z (Reading database ... 85%
2026-09-08T07:31:23.3175809Z (Reading database ... 90%
2026-09-08T07:31:23.4266522Z (Reading database ... 95%
2026-09-08T07:31:23.4266965Z (Reading database ... 100%
2026-09-08T07:31:23.4267591Z (Reading database ... 200999 files and directories currently installed.)
2026-09-08T07:31:23.4310340Z Preparing to unpack .../bubblewrap_0.9.0-1ubuntu0.1_arm64.deb ...
2026-09-08T07:31:23.4339997Z Unpacking bubblewrap (0.9.0-1ubuntu0.1) ...
2026-09-08T07:31:23.4781717Z Setting up bubblewrap (0.9.0-1ubuntu0.1) ...
2026-09-08T07:31:23.4849348Z Processing triggers for man-db (2.12.0-4build2) ...
2026-09-08T07:31:23.4876667Z Not building database; man-db/auto-update is not 'true'.
2026-09-08T07:31:25.6902646Z 
2026-09-08T07:31:25.6903537Z Running kernel seems to be up-to-date.
2026-09-08T07:31:25.6904224Z 
2026-09-08T07:31:25.6904652Z No services need to be restarted.
2026-09-08T07:31:25.6904883Z 
2026-09-08T07:31:25.6905171Z No containers need to be restarted.
2026-09-08T07:31:25.6905450Z 
2026-09-08T07:31:25.6906247Z No user sessions are running outdated binaries.
2026-09-08T07:31:25.6906689Z 
2026-09-08T07:31:25.6906938Z No VM guests are running outdated hypervisor (qemu) binaries on this host.
2026-09-08T07:31:27.5201957Z * creating /home/runner/.mix/archives/hex-2.5.1
2026-09-08T07:31:27.5322250Z ##[group]Run set -o pipefail
2026-09-08T07:31:27.5322681Z [36;1mset -o pipefail[0m
2026-09-08T07:31:27.5323945Z [36;1mpython3 -u scripts/linux_consumer_ci.py --target "$APHID_TARGET" --work "$RUNNER_TEMP/aphid-current-consumer" 2>&1 | tee "$RUNNER_TEMP/current-consumer.log"[0m
2026-09-08T07:31:27.5376822Z shell: /usr/bin/bash -e {0}
2026-09-08T07:31:27.5377240Z env:
2026-09-08T07:31:27.5377556Z   pythonLocation: /opt/hostedtoolcache/Python/3.14.7/arm64
2026-09-08T07:31:27.5378029Z   PKG_CONFIG_PATH: /opt/hostedtoolcache/Python/3.14.7/arm64/lib/pkgconfig
2026-09-08T07:31:27.5378526Z   Python_ROOT_DIR: /opt/hostedtoolcache/Python/3.14.7/arm64
2026-09-08T07:31:27.5378921Z   Python2_ROOT_DIR: /opt/hostedtoolcache/Python/3.14.7/arm64
2026-09-08T07:31:27.5379400Z   Python3_ROOT_DIR: /opt/hostedtoolcache/Python/3.14.7/arm64
2026-09-08T07:31:27.5379818Z   LD_LIBRARY_PATH: /opt/hostedtoolcache/Python/3.14.7/arm64/lib
2026-09-08T07:31:27.5380436Z   INSTALL_DIR_FOR_OTP: /home/runner/work/_temp/.setup-beam/otp
2026-09-08T07:31:27.5380891Z   INSTALL_DIR_FOR_ELIXIR: /home/runner/work/_temp/.setup-beam/elixir
2026-09-08T07:31:27.5383703Z   GH_TOKEN: ***
2026-09-08T07:31:27.5384031Z   APHID_TARGET: aarch64-linux-gnu
2026-09-08T07:31:27.5384293Z ##[endgroup]
2026-09-08T07:31:31.8527177Z {"command": ["gh", "run", "download", "34193449987", "--repo", "catethos/Aphid", "--name", "validation-aarch64-linux-gnu-34193449987-1", "--dir", "/home/runner/work/_temp/aphid-current-consumer/retained"], "cwd": "/home/runner/work/Aphid/Aphid", "exit": 0, "seconds": 3.424}
2026-09-08T07:31:32.3776648Z Building aphid 0.1.0-dev
2026-09-08T07:31:32.3777084Z   Dependencies:
2026-09-08T07:31:32.3777556Z     zigler == 0.16.0 (app: zigler)
2026-09-08T07:31:32.3778583Z     telemetry ~> 1.3 (app: telemetry)
2026-09-08T07:31:32.3818360Z   App: aphid
2026-09-08T07:31:32.3821637Z   Name: aphid
2026-09-08T07:31:32.3821950Z   Files:
2026-09-08T07:31:32.3822321Z     mix.exs
2026-09-08T07:31:32.3822578Z     mix.lock
2026-09-08T07:31:32.3823065Z     mix/aphid_bundle.exs
2026-09-08T07:31:32.3823379Z     lib/aphid.ex
2026-09-08T07:31:32.3823625Z     lib/aphid/application.ex
2026-09-08T07:31:32.3823981Z     lib/aphid/bundle_loader.ex
2026-09-08T07:31:32.3824259Z     lib/aphid/database.ex
2026-09-08T07:31:32.3824510Z     lib/aphid/error.ex
2026-09-08T07:31:32.3824802Z     lib/aphid/native.ex
2026-09-08T07:31:32.3825075Z     lib/aphid/options.ex
2026-09-08T07:31:32.3825427Z     lib/aphid/proof.ex
2026-09-08T07:31:32.3825704Z     lib/aphid/result.ex
2026-09-08T07:31:32.3825985Z     lib/aphid/stream.ex
2026-09-08T07:31:32.3826243Z     lib/aphid/telemetry.ex
2026-09-08T07:31:32.3826503Z     lib/aphid/transaction.ex
2026-09-08T07:31:32.3826834Z     lib/aphid/value.ex
2026-09-08T07:31:32.3827089Z     README.md
2026-09-08T07:31:32.3827352Z     LICENSE
2026-09-08T07:31:32.3827573Z     THIRD_PARTY.md
2026-09-08T07:31:32.3827805Z     docs/architecture.md
2026-09-08T07:31:32.3828152Z     docs/extensions.md
2026-09-08T07:31:32.3828411Z     docs/github-release.md
2026-09-08T07:31:32.3828718Z     docs/local-installation.md
2026-09-08T07:31:32.3828997Z     docs/release-checklist.md
2026-09-08T07:31:32.3829321Z     docs/source-installation.md
2026-09-08T07:31:32.3830472Z     docs/status.md
2026-09-08T07:31:32.3830805Z     docs/telemetry.md
2026-09-08T07:31:32.3831201Z     docs/types.md
2026-09-08T07:31:32.3831443Z     native/lock.json
2026-09-08T07:31:32.3831733Z     native/local-bundle.json
2026-09-08T07:31:32.3832046Z     native/linux-bundles.json
2026-09-08T07:31:32.3832321Z     native/aphid_nif.zig
2026-09-08T07:31:32.3832612Z     native/bridge.h
2026-09-08T07:31:32.3832849Z     native/bridge.cpp
2026-09-08T07:31:32.3833273Z     native/CMakeLists.txt
2026-09-08T07:31:32.3833682Z     native/patches/aggregate-state-alignment.patch
2026-09-08T07:31:32.3834366Z     native/patches/alp-conversion-range.patch
2026-09-08T07:31:32.3835200Z     native/patches/detach-clear-default.patch
2026-09-08T07:31:32.3835561Z     native/patches/duckdb-tabular-only.patch
2026-09-08T07:31:32.3836137Z     native/patches/fts-atomic-create.patch
2026-09-08T07:31:32.3836543Z     native/patches/join-row-alignment.patch
2026-09-08T07:31:32.3836910Z     native/patches/node-delete-finalize.patch
2026-09-08T07:31:32.3837282Z     native/patches/row-value-alignment.patch
2026-09-08T07:31:32.3837620Z     native/patches/sort-key-alignment.patch
2026-09-08T07:31:32.3837972Z     native/patches/string-hash-alignment.patch
2026-09-08T07:31:32.3838378Z     native/patches/vector-drop-auto-transaction.patch
2026-09-08T07:31:32.3838718Z     scripts/build.py
2026-09-08T07:31:32.3838979Z     scripts/proof.py
2026-09-08T07:31:32.3839263Z     scripts/source_preflight.py
2026-09-08T07:31:32.3839549Z     native/proof.zig
2026-09-08T07:31:32.3839823Z     native/proof.h
2026-09-08T07:31:32.3840070Z     native/proof.cpp
2026-09-08T07:31:32.3840333Z   Version: 0.1.0-dev
2026-09-08T07:31:32.3840584Z   Build tools: mix
2026-09-08T07:31:32.3840912Z   Description: LadybugDB for Elixir through Zigler
2026-09-08T07:31:32.3841291Z   Licenses: MIT
2026-09-08T07:31:32.3841513Z   Links: 
2026-09-08T07:31:32.3841790Z     GitHub: https://github.com/catethos/Aphid
2026-09-08T07:31:32.3842165Z   Elixir: ~> 1.20
2026-09-08T07:31:32.4217091Z Package checksum: b85967b047662ccdc66851d246a9a7301fe8c797225d7e479948653838dc57df
2026-09-08T07:31:32.4218091Z Saved to /home/runner/work/_temp/aphid-current-consumer/aphid-0.1.0-dev-combined.tar
2026-09-08T07:31:32.4549052Z {"command": ["mix", "hex.build", "--output", "/home/runner/work/_temp/aphid-current-consumer/aphid-0.1.0-dev-combined.tar"], "cwd": "/home/runner/work/Aphid/Aphid", "exit": 0, "seconds": 0.565}
2026-09-08T07:31:32.4551101Z {"source_package_sha256": "b85967b047662ccdc66851d246a9a7301fe8c797225d7e479948653838dc57df", "native_archive_sha256": "235ceb0490a1baf64e33fd53f17f683ce263197cf0cac6cf1107275dd94b62af", "native_qualification": {"run_id": 34193449987, "attempt": 1, "commit": "c37c458211d0bff7e4054f90bf5d429f29ece2ef"}}
2026-09-08T07:31:33.4683245Z using exact local Hex source package: b85967b047662ccdc66851d246a9a7301fe8c797225d7e479948653838dc57df
2026-09-08T07:31:33.5113116Z fresh caches; pinned source dependencies: [{"name": "earmark_parser", "version": "1.4.46", "sha256": "9c44636e8a1c68c62f526b2dcd85d941dbbcee7ab82cf64ba06ce28bef8e89f5"}, {"name": "ex_doc", "version": "0.39.1", "sha256": "8abf0ed3e3ca87c0847dfc4168ceab5bedfe881692f1b7c45f4a11b232806865"}, {"name": "makeup", "version": "1.2.2", "sha256": "9a1a24e5b343b8ae16abea0822c10a6f75da27af7fa802ada5251f7579bfccfa"}, {"name": "makeup_elixir", "version": "1.0.1", "sha256": "7284900d412a3e5cfd97fdaed4f5ed389b8f2b4cb49efc0eb3bd10e2febf9507"}, {"name": "makeup_erlang", "version": "1.1.0", "sha256": "1cd6780fb1dd1a03979abaed0fe82712b0625118fd5257d3ebbf73f960c73c3c"}, {"name": "nimble_parsec", "version": "1.4.2", "sha256": "4b21398942dda052b403bbe1da991ccd03a053668d147d53fb8c4e0efe09c973"}, {"name": "pegasus", "version": "0.2.6", "sha256": "0ac159f0ccab7967cf90208327cc8a35788874814c8d78e19d47104d3fc049b9"}, {"name": "protoss", "version": "1.1.0", "sha256": "c2f874383dd047fcfdf467b814dd33a208a4d24a467aef90d86185b41a0752ad"}, {"name": "telemetry", "version": "1.4.2", "sha256": "928f6495066506077862c0d1646609eed891a4326bee3126ba54b60af61febb1"}, {"name": "zig_doc", "version": "0.7.0", "sha256": "28b57b0bc12f241fc855b6514fe5198f3067fbab2555a3e3a83f6f9ed4699f4c"}, {"name": "zig_get", "version": "0.16.0", "sha256": "2841127cf2005da74fb28d3cc68397a393d3d71df5f45752b974345e696beb01"}, {"name": "zig_parser", "version": "0.7.0", "sha256": "fd0b2fc343820a202787a78a40feae372386b4303717b099223d5f5c5f21f0bb"}, {"name": "zigler", "version": "0.16.0", "sha256": "867ce49289568a7fabff400cb9f1636a429defcd488f3302a82c4b51b2bc7741"}]
2026-09-08T07:31:33.6369586Z Linux namespace probe passed: build trees hidden, compiler paths masked, external network unavailable
2026-09-08T07:31:33.6483976Z {"command": ["sudo", "-E", "bwrap", "--die-with-parent", "--unshare-pid", "--ro-bind", "/", "/", "--dev", "/dev", "--proc", "/proc", "--bind", "/home/runner/work/_temp/aphid-current-consumer/fresh", "/home/runner/work/_temp/aphid-current-consumer/fresh", "--unshare-net", "--tmpfs", "/home/runner/work/Aphid/Aphid", "--tmpfs", "/home/runner/work/_temp/aphid-current-consumer/retained", "--ro-bind", "/dev/null", "/usr/bin/aarch64-linux-gnu-as", "--ro-bind", "/dev/null", "/usr/bin/aarch64-linux-gnu-g++-12", "--ro-bind", "/dev/null", "/usr/bin/aarch64-linux-gnu-g++-13", "--ro-bind", "/dev/null", "/usr/bin/aarch64-linux-gnu-g++-14", "--ro-bind", "/dev/null", "/usr/bin/aarch64-linux-gnu-gcc-12", "--ro-bind", "/dev/null", "/usr/bin/aarch64-linux-gnu-gcc-13", "--ro-bind", "/dev/null", "/usr/bin/aarch64-linux-gnu-gcc-14", "--ro-bind", "/dev/null", "/usr/bin/aarch64-linux-gnu-ld.bfd", "--ro-bind", "/dev/null", "/usr/bin/c89-gcc", "--ro-bind", "/dev/null", "/usr/bin/c99-gcc", "--ro-bind", "/dev/null", "/usr/bin/make", "--ro-bind", "/dev/null", "/usr/lib/llvm-16/bin/clang", "--ro-bind", "/dev/null", "/usr/lib/llvm-16/bin/lld", "--ro-bind", "/dev/null", "/usr/lib/llvm-16/bin/llvm-as", "--ro-bind", "/dev/null", "/usr/lib/llvm-17/bin/clang", "--ro-bind", "/dev/null", "/usr/lib/llvm-17/bin/lld", "--ro-bind", "/dev/null", "/usr/lib/llvm-17/bin/llvm-as", "--ro-bind", "/dev/null", "/usr/lib/llvm-18/bin/clang", "--ro-bind", "/dev/null", "/usr/lib/llvm-18/bin/lld", "--ro-bind", "/dev/null", "/usr/lib/llvm-18/bin/llvm-as", "--ro-bind", "/dev/null", "/usr/local/bin/cmake", "--ro-bind", "/dev/null", "/usr/local/bin/ninja", "--cap-add", "CAP_SETUID", "--cap-add", "CAP_SETGID", "--cap-add", "CAP_SETPCAP", "--clearenv", "--setenv", "LANG", "C.UTF-8", "--setenv", "HOME", "/home/runner", "--setenv", "PATH", "/home/runner/work/_temp/.setup-beam/elixir/bin:/home/runner/.mix/escripts:/home/runner/work/_temp/.setup-beam/otp/bin:/opt/hostedtoolcache/Python/3.14.7/arm64/bin:/opt/hostedtoolcache/Python/3.14.7/arm64:/snap/bin:/home/runner/.local/bin:/opt/pipx_bin:/home/runner/.cargo/bin:/home/runner/.config/composer/vendor/bin:/home/runner/.dotnet/tools:/usr/local/sbin:/usr/local/bin:/usr/sbin:/usr/bin:/sbin:/bin:/usr/games:/usr/local/games:/snap/bin", "--", "/usr/bin/setpriv", "--reuid", "1001", "--regid", "1001", "--clear-groups", "--bounding-set=-all", "--no-new-privs", "--", "/opt/hostedtoolcache/Python/3.14.7/arm64/bin/python3", "/home/runner/work/_temp/aphid-current-consumer/fresh/isolation-check.py"], "cwd": "/home/runner/work/_temp/aphid-current-consumer/fresh", "exit": 0, "seconds": 0.114}
2026-09-08T07:31:33.8685867Z UTF-8 runtime filename mode verified
2026-09-08T07:31:33.9131338Z {"command": ["sudo", "-E", "bwrap", "--die-with-parent", "--unshare-pid", "--ro-bind", "/", "/", "--dev", "/dev", "--proc", "/proc", "--bind", "/home/runner/work/_temp/aphid-current-consumer/fresh", "/home/runner/work/_temp/aphid-current-consumer/fresh", "--unshare-net", "--tmpfs", "/home/runner/work/Aphid/Aphid", "--tmpfs", "/home/runner/work/_temp/aphid-current-consumer/retained", "--ro-bind", "/dev/null", "/usr/bin/aarch64-linux-gnu-as", "--ro-bind", "/dev/null", "/usr/bin/aarch64-linux-gnu-g++-12", "--ro-bind", "/dev/null", "/usr/bin/aarch64-linux-gnu-g++-13", "--ro-bind", "/dev/null", "/usr/bin/aarch64-linux-gnu-g++-14", "--ro-bind", "/dev/null", "/usr/bin/aarch64-linux-gnu-gcc-12", "--ro-bind", "/dev/null", "/usr/bin/aarch64-linux-gnu-gcc-13", "--ro-bind", "/dev/null", "/usr/bin/aarch64-linux-gnu-gcc-14", "--ro-bind", "/dev/null", "/usr/bin/aarch64-linux-gnu-ld.bfd", "--ro-bind", "/dev/null", "/usr/bin/c89-gcc", "--ro-bind", "/dev/null", "/usr/bin/c99-gcc", "--ro-bind", "/dev/null", "/usr/bin/make", "--ro-bind", "/dev/null", "/usr/lib/llvm-16/bin/clang", "--ro-bind", "/dev/null", "/usr/lib/llvm-16/bin/lld", "--ro-bind", "/dev/null", "/usr/lib/llvm-16/bin/llvm-as", "--ro-bind", "/dev/null", "/usr/lib/llvm-17/bin/clang", "--ro-bind", "/dev/null", "/usr/lib/llvm-17/bin/lld", "--ro-bind", "/dev/null", "/usr/lib/llvm-17/bin/llvm-as", "--ro-bind", "/dev/null", "/usr/lib/llvm-18/bin/clang", "--ro-bind", "/dev/null", "/usr/lib/llvm-18/bin/lld", "--ro-bind", "/dev/null", "/usr/lib/llvm-18/bin/llvm-as", "--ro-bind", "/dev/null", "/usr/local/bin/cmake", "--ro-bind", "/dev/null", "/usr/local/bin/ninja", "--cap-add", "CAP_SETUID", "--cap-add", "CAP_SETGID", "--cap-add", "CAP_SETPCAP", "--clearenv", "--setenv", "LANG", "C.UTF-8", "--setenv", "HOME", "/home/runner", "--setenv", "PATH", "/home/runner/work/_temp/.setup-beam/elixir/bin:/home/runner/.mix/escripts:/home/runner/work/_temp/.setup-beam/otp/bin:/opt/hostedtoolcache/Python/3.14.7/arm64/bin:/opt/hostedtoolcache/Python/3.14.7/arm64:/snap/bin:/home/runner/.local/bin:/opt/pipx_bin:/home/runner/.cargo/bin:/home/runner/.config/composer/vendor/bin:/home/runner/.dotnet/tools:/usr/local/sbin:/usr/local/bin:/usr/sbin:/usr/bin:/sbin:/bin:/usr/games:/usr/local/games:/snap/bin", "--", "/usr/bin/setpriv", "--reuid", "1001", "--regid", "1001", "--clear-groups", "--bounding-set=-all", "--no-new-privs", "--", "/home/runner/work/_temp/.setup-beam/elixir/bin/elixir", "-e", ":utf8 = :file.native_name_encoding(); IO.puts(\"UTF-8 runtime filename mode verified\")"], "cwd": "/home/runner/work/_temp/aphid-current-consumer/fresh", "exit": 0, "seconds": 0.265}
2026-09-08T07:31:34.9747721Z Resolving Hex dependencies...
2026-09-08T07:31:34.9948291Z Resolution completed in 0.019s
2026-09-08T07:31:34.9967593Z Unchanged:
2026-09-08T07:31:34.9967940Z   earmark_parser 1.4.46
2026-09-08T07:31:34.9975799Z   ex_doc 0.39.1
2026-09-08T07:31:34.9976763Z   makeup 1.2.2
2026-09-08T07:31:34.9977070Z   makeup_elixir 1.0.1
2026-09-08T07:31:34.9977459Z   makeup_erlang 1.1.0
2026-09-08T07:31:34.9977732Z   nimble_parsec 1.4.2
2026-09-08T07:31:34.9978011Z   pegasus 0.2.6
2026-09-08T07:31:34.9978277Z   protoss 1.1.0
2026-09-08T07:31:34.9978501Z   telemetry 1.4.2
2026-09-08T07:31:34.9978760Z   zig_doc 0.7.0
2026-09-08T07:31:34.9978973Z   zig_get 0.16.0
2026-09-08T07:31:34.9979238Z   zig_parser 0.7.0
2026-09-08T07:31:34.9979554Z   zigler 0.16.0
2026-09-08T07:31:35.0016951Z * Getting zigler (Hex package)
2026-09-08T07:31:35.0792262Z * Getting telemetry (Hex package)
2026-09-08T07:31:35.1408147Z * creating /home/runner/work/_temp/aphid-current-consumer/fresh/mix-home/elixir/1-20-otp-29/rebar3
2026-09-08T07:31:35.1415597Z * Getting protoss (Hex package)
2026-09-08T07:31:35.1460061Z * Getting zig_doc (Hex package)
2026-09-08T07:31:35.1541880Z * Getting zig_get (Hex package)
2026-09-08T07:31:35.1577253Z * Getting zig_parser (Hex package)
2026-09-08T07:31:35.1712403Z * Getting pegasus (Hex package)
2026-09-08T07:31:35.1773766Z * Getting nimble_parsec (Hex package)
2026-09-08T07:31:35.1826993Z * Getting ex_doc (Hex package)
2026-09-08T07:31:35.2113953Z * Getting earmark_parser (Hex package)
2026-09-08T07:31:35.2257844Z * Getting makeup_elixir (Hex package)
2026-09-08T07:31:35.2343075Z * Getting makeup_erlang (Hex package)
2026-09-08T07:31:35.2403366Z * Getting makeup (Hex package)
2026-09-08T07:31:35.3234911Z {"command": ["sudo", "-E", "bwrap", "--die-with-parent", "--unshare-pid", "--ro-bind", "/", "/", "--dev", "/dev", "--proc", "/proc", "--bind", "/home/runner/work/_temp/aphid-current-consumer/fresh", "/home/runner/work/_temp/aphid-current-consumer/fresh", "--tmpfs", "/home/runner/work/Aphid/Aphid", "--tmpfs", "/home/runner/work/_temp/aphid-current-consumer/retained", "--ro-bind", "/dev/null", "/usr/bin/aarch64-linux-gnu-as", "--ro-bind", "/dev/null", "/usr/bin/aarch64-linux-gnu-g++-12", "--ro-bind", "/dev/null", "/usr/bin/aarch64-linux-gnu-g++-13", "--ro-bind", "/dev/null", "/usr/bin/aarch64-linux-gnu-g++-14", "--ro-bind", "/dev/null", "/usr/bin/aarch64-linux-gnu-gcc-12", "--ro-bind", "/dev/null", "/usr/bin/aarch64-linux-gnu-gcc-13", "--ro-bind", "/dev/null", "/usr/bin/aarch64-linux-gnu-gcc-14", "--ro-bind", "/dev/null", "/usr/bin/aarch64-linux-gnu-ld.bfd", "--ro-bind", "/dev/null", "/usr/bin/c89-gcc", "--ro-bind", "/dev/null", "/usr/bin/c99-gcc", "--ro-bind", "/dev/null", "/usr/bin/make", "--ro-bind", "/dev/null", "/usr/lib/llvm-16/bin/clang", "--ro-bind", "/dev/null", "/usr/lib/llvm-16/bin/lld", "--ro-bind", "/dev/null", "/usr/lib/llvm-16/bin/llvm-as", "--ro-bind", "/dev/null", "/usr/lib/llvm-17/bin/clang", "--ro-bind", "/dev/null", "/usr/lib/llvm-17/bin/lld", "--ro-bind", "/dev/null", "/usr/lib/llvm-17/bin/llvm-as", "--ro-bind", "/dev/null", "/usr/lib/llvm-18/bin/clang", "--ro-bind", "/dev/null", "/usr/lib/llvm-18/bin/lld", "--ro-bind", "/dev/null", "/usr/lib/llvm-18/bin/llvm-as", "--ro-bind", "/dev/null", "/usr/local/bin/cmake", "--ro-bind", "/dev/null", "/usr/local/bin/ninja", "--cap-add", "CAP_SETUID", "--cap-add", "CAP_SETGID", "--cap-add", "CAP_SETPCAP", "--clearenv", "--setenv", "LANG", "C.UTF-8", "--setenv", "HOME", "/home/runner/work/_temp/aphid-current-consumer/fresh/home", "--setenv", "PATH", "/home/runner/work/_temp/aphid-current-consumer/fresh/tools:/home/runner/work/_temp/.setup-beam/elixir/bin:/home/runner/work/_temp/.setup-beam/elixir/bin:/home/runner/work/_temp/.setup-beam/otp/bin:/usr/bin:/bin:/usr/sbin:/sbin", "--setenv", "MIX_HOME", "/home/runner/work/_temp/aphid-current-consumer/fresh/mix-home", "--setenv", "HEX_HOME", "/home/runner/work/_temp/aphid-current-consumer/fresh/hex-home", "--setenv", "MIX_ENV", "prod", "--setenv", "ZIG_EXECUTABLE_PATH", "/home/runner/work/_temp/aphid-current-consumer/fresh/tools/zig", "--setenv", "ZIG_GLOBAL_CACHE_DIR", "/home/runner/work/_temp/aphid-current-consumer/fresh/zig-cache", "--setenv", "ZIGLER_STAGING_ROOT", "/home/runner/work/_temp/aphid-current-consumer/fresh/staging", "--setenv", "ERL_FLAGS", "+S 1:1 +SDcpu 1:1", "--setenv", "APHID_INSTALL", "precompiled", "--setenv", "APHID_BUNDLE_ARCHIVE", "/home/runner/work/_temp/aphid-current-consumer/fresh/candidate.tar.gz", "--setenv", "APHID_BUNDLE_SHA256", "235ceb0490a1baf64e33fd53f17f683ce263197cf0cac6cf1107275dd94b62af", "--setenv", "TMPDIR", "/home/runner/work/_temp/aphid-current-consumer/fresh/tmp", "--", "/usr/bin/setpriv", "--reuid", "1001", "--regid", "1001", "--clear-groups", "--bounding-set=-all", "--no-new-privs", "--", "mix", "deps.get", "--check-locked"], "cwd": "/home/runner/work/_temp/aphid-current-consumer/fresh/consumer", "exit": 0, "seconds": 1.371}
2026-09-08T07:31:35.3245523Z Normal Hex acquisition verified: 13 locked archives; switching to loopback-only networking
2026-09-08T07:31:35.8619071Z ==> earmark_parser
2026-09-08T07:31:35.8627624Z Compiling 2 files (.xrl)
2026-09-08T07:31:35.8940864Z Compiling 1 file (.yrl)
2026-09-08T07:31:35.9215784Z Compiling 3 files (.erl)
2026-09-08T07:31:36.1522546Z Compiling 32 files (.ex)
2026-09-08T07:31:37.0997151Z Generated earmark_parser app
2026-09-08T07:31:37.1120737Z ==> protoss
2026-09-08T07:31:37.1525999Z Compiling 1 file (.ex)
2026-09-08T07:31:37.1526374Z Generated protoss app
2026-09-08T07:31:37.1700735Z ==> zig_get
2026-09-08T07:31:37.1701213Z Compiling 1 file (.ex)
2026-09-08T07:31:37.2347938Z Generated zig_get app
2026-09-08T07:31:37.2487459Z ==> nimble_parsec
2026-09-08T07:31:37.2487857Z Compiling 4 files (.ex)
2026-09-08T07:31:37.6181875Z Generated nimble_parsec app
2026-09-08T07:31:37.6300448Z ==> pegasus
2026-09-08T07:31:37.6301242Z Compiling 11 files (.ex)
2026-09-08T07:31:39.4135637Z Generated pegasus app
2026-09-08T07:31:39.4598088Z ==> zig_parser
2026-09-08T07:31:39.4598706Z Compiling 37 files (.ex)
2026-09-08T07:31:43.7439105Z     warning: incompatible types given to Map.replace!/3:
2026-09-08T07:31:43.7439844Z 
2026-09-08T07:31:43.7440316Z         Map.replace!(parse(args), :doc_comment, comment)
2026-09-08T07:31:43.7440876Z 
2026-09-08T07:31:43.7441018Z     the map:
2026-09-08T07:31:43.7441148Z 
2026-09-08T07:31:43.7441383Z         dynamic(%Zig.Parser.Test{block: %Zig.Parser.Block{}, location: nil})
2026-09-08T07:31:43.7441671Z 
2026-09-08T07:31:43.7441864Z     does not have all required keys:
2026-09-08T07:31:43.7442063Z 
2026-09-08T07:31:43.7442159Z         :doc_comment
2026-09-08T07:31:43.7442309Z 
2026-09-08T07:31:43.7442428Z     therefore this function will always raise
2026-09-08T07:31:43.7442718Z 
2026-09-08T07:31:43.7443379Z     where "args" was given the type:
2026-09-08T07:31:43.7443568Z 
2026-09-08T07:31:43.7443719Z         # type: dynamic(non_empty_list(term()))
2026-09-08T07:31:43.7444102Z         # from: lib/zig.parser/test.ex:16:10
2026-09-08T07:31:43.7444591Z         parse(args)
2026-09-08T07:31:43.7444792Z 
2026-09-08T07:31:43.7444909Z     where "comment" was given the type:
2026-09-08T07:31:43.7445164Z 
2026-09-08T07:31:43.7445284Z         # type: dynamic()
2026-09-08T07:31:43.7445545Z         # from: lib/zig.parser/test.ex
2026-09-08T07:31:43.7445949Z         [{:TestDecl, [start, {:doc_comment, comment} | args]} | rest_args]
2026-09-08T07:31:43.7446244Z 
2026-09-08T07:31:43.7446350Z     type warning found at:
2026-09-08T07:31:43.7446845Z     │
2026-09-08T07:31:43.7447302Z  17 │       |> Map.replace!(:doc_comment, comment)
2026-09-08T07:31:43.7447694Z     │              ~
2026-09-08T07:31:43.7448004Z     │
2026-09-08T07:31:43.7448428Z     └─ lib/zig.parser/test.ex:17:14: Zig.Parser.Test.post_traverse/5
2026-09-08T07:31:43.7448749Z 
2026-09-08T07:31:44.1148246Z Generated zig_parser app
2026-09-08T07:31:44.1322421Z ==> makeup
2026-09-08T07:31:44.1323166Z Compiling 15 files (.ex)
2026-09-08T07:31:44.5528885Z Generated makeup app
2026-09-08T07:31:44.5696966Z ==> makeup_elixir
2026-09-08T07:31:44.5697385Z Compiling 6 files (.ex)
2026-09-08T07:31:54.3170906Z Generated makeup_elixir app
2026-09-08T07:31:54.3334475Z ==> makeup_erlang
2026-09-08T07:31:54.3335055Z Compiling 4 files (.ex)
2026-09-08T07:32:03.8576494Z Generated makeup_erlang app
2026-09-08T07:32:03.8829141Z ==> ex_doc
2026-09-08T07:32:03.8829684Z Compiling 27 files (.ex)
2026-09-08T07:32:05.4654215Z      warning: this clause of defp favicon_path/1 is never used (or it will always fail/warn when invoked)
2026-09-08T07:32:05.4655573Z      │
2026-09-08T07:32:05.4656253Z  153 │   defp favicon_path(%{favicon: nil}), do: nil
2026-09-08T07:32:05.4656739Z      │        ~
2026-09-08T07:32:05.4656998Z      │
2026-09-08T07:32:05.4657619Z      └─ lib/ex_doc/formatter/html/templates.ex:153:8: ExDoc.Formatter.HTML.Templates.favicon_path/1
2026-09-08T07:32:05.4658091Z 
2026-09-08T07:32:05.4658529Z      warning: the following clause cannot match because the previous clauses already matched all possible values:
2026-09-08T07:32:05.4659070Z 
2026-09-08T07:32:05.4659212Z          _ ->
2026-09-08T07:32:05.4659337Z 
2026-09-08T07:32:05.4659473Z      it attempts to match on the result of:
2026-09-08T07:32:05.4659670Z 
2026-09-08T07:32:05.4659852Z          result
2026-09-08T07:32:05.4660010Z 
2026-09-08T07:32:05.4660149Z      which has the already matched type:
2026-09-08T07:32:05.4660464Z 
2026-09-08T07:32:05.4660770Z          dynamic({:docs_v1, term(), term(), term(), term(), term(), term()} or {:error, term()})
2026-09-08T07:32:05.4661126Z 
2026-09-08T07:32:05.4661250Z      type warning found at:
2026-09-08T07:32:05.4766584Z      │
2026-09-08T07:32:05.4767176Z  124 │       _ ->
2026-09-08T07:32:05.4767404Z      │         ~
2026-09-08T07:32:05.4767588Z      │
2026-09-08T07:32:05.4767940Z      └─ lib/ex_doc/retriever.ex:124:9: ExDoc.Retriever.docs_chunk/1
2026-09-08T07:32:05.4768194Z 
2026-09-08T07:32:05.4768497Z      warning: this clause of defp logo_path/1 is never used (or it will always fail/warn when invoked)
2026-09-08T07:32:05.4768926Z      │
2026-09-08T07:32:05.4769162Z  156 │   defp logo_path(%{logo: nil}), do: nil
2026-09-08T07:32:05.4769437Z      │        ~
2026-09-08T07:32:05.4769613Z      │
2026-09-08T07:32:05.4770028Z      └─ lib/ex_doc/formatter/html/templates.ex:156:8: ExDoc.Formatter.HTML.Templates.logo_path/1
2026-09-08T07:32:05.4770383Z 
2026-09-08T07:32:05.4789919Z      warning: the following clause will never match:
2026-09-08T07:32:05.4790182Z 
2026-09-08T07:32:05.4790268Z          nil ->
2026-09-08T07:32:05.4790386Z 
2026-09-08T07:32:05.4790518Z      because it attempts to match on the result of:
2026-09-08T07:32:05.4790722Z 
2026-09-08T07:32:05.4790895Z          ExDoc.Language.Source.fetch_type!(module_data, name, arity)
2026-09-08T07:32:05.4791153Z 
2026-09-08T07:32:05.4791619Z      which has type:
2026-09-08T07:32:05.4791746Z 
2026-09-08T07:32:05.4791844Z          dynamic(not false and not nil)
2026-09-08T07:32:05.4792021Z 
2026-09-08T07:32:05.4792114Z      type warning found at:
2026-09-08T07:32:05.4792444Z      │
2026-09-08T07:32:05.4792845Z  150 │         nil ->
2026-09-08T07:32:05.4793327Z      │         ~~~~~~
2026-09-08T07:32:05.4793529Z      │
2026-09-08T07:32:05.4793884Z      └─ lib/ex_doc/language/erlang.ex:150: ExDoc.Language.Erlang.type_data/6
2026-09-08T07:32:05.4794169Z 
2026-09-08T07:32:05.4943030Z      warning: the following clause is redundant:
2026-09-08T07:32:05.4943299Z 
2026-09-08T07:32:05.4943403Z          defp to_var({:<<>>, _, _}, _)
2026-09-08T07:32:05.4943570Z 
2026-09-08T07:32:05.4943652Z      it has type:
2026-09-08T07:32:05.4943793Z 
2026-09-08T07:32:05.4943904Z          dynamic({:<<>>, term(), term()}), dynamic()
2026-09-08T07:32:05.4944097Z 
2026-09-08T07:32:05.4944269Z      previous clauses have already matched on the following types:
2026-09-08T07:32:05.4944544Z 
2026-09-08T07:32:05.4944640Z          {:%{}, term(), term()}, term()
2026-09-08T07:32:05.4944886Z          {atom(), term(), term()}, term()
2026-09-08T07:32:05.4945051Z 
2026-09-08T07:32:05.4945248Z      │
2026-09-08T07:32:05.4945558Z  569 │   defp to_var({:<<>>, _, _}, _), do: {:binary, [], nil}
2026-09-08T07:32:05.4945868Z      │        ~
2026-09-08T07:32:05.4946045Z      │
2026-09-08T07:32:05.4946377Z      └─ lib/ex_doc/language/elixir.ex:569:8: ExDoc.Language.Elixir.to_var/2
2026-09-08T07:32:05.4946652Z 
2026-09-08T07:32:05.4992964Z      warning: the following clause is redundant:
2026-09-08T07:32:05.4993372Z 
2026-09-08T07:32:05.4994008Z          defp to_var({:{}, _, _}, _)
2026-09-08T07:32:05.4994281Z 
2026-09-08T07:32:05.4994598Z      it has type:
2026-09-08T07:32:05.4994725Z 
2026-09-08T07:32:05.4994843Z          dynamic({:{}, term(), term()}), dynamic()
2026-09-08T07:32:05.4995036Z 
2026-09-08T07:32:05.4995205Z      previous clauses have already matched on the following types:
2026-09-08T07:32:05.4995474Z 
2026-09-08T07:32:05.4995571Z          {:%{}, term(), term()}, term()
2026-09-08T07:32:05.4995823Z          {atom(), term(), term()}, term()
2026-09-08T07:32:05.4995994Z 
2026-09-08T07:32:05.4996204Z      │
2026-09-08T07:32:05.4996507Z  570 │   defp to_var({:{}, _, _}, _), do: {:tuple, [], nil}
2026-09-08T07:32:05.4996810Z      │        ~
2026-09-08T07:32:05.4996984Z      │
2026-09-08T07:32:05.4997324Z      └─ lib/ex_doc/language/elixir.ex:570:8: ExDoc.Language.Elixir.to_var/2
2026-09-08T07:32:05.4997595Z 
2026-09-08T07:32:05.5006568Z      warning: the following clause is redundant:
2026-09-08T07:32:05.5006776Z 
2026-09-08T07:32:05.5006903Z          defp to_var(float, _) when is_integer(float)
2026-09-08T07:32:05.5007109Z 
2026-09-08T07:32:05.5007187Z      it has type:
2026-09-08T07:32:05.5007300Z 
2026-09-08T07:32:05.5007386Z          integer(), dynamic()
2026-09-08T07:32:05.5007532Z 
2026-09-08T07:32:05.5007698Z      previous clauses have already matched on the following types:
2026-09-08T07:32:05.5007963Z 
2026-09-08T07:32:05.5008055Z          {:%{}, term(), term()}, term()
2026-09-08T07:32:05.5008301Z          {atom(), term(), term()}, term()
2026-09-08T07:32:05.5008768Z          {term(), term()}, term()
2026-09-08T07:32:05.5009008Z          integer(), term()
2026-09-08T07:32:05.5009238Z 
2026-09-08T07:32:05.5009525Z      │
2026-09-08T07:32:05.5009876Z  573 │   defp to_var(float, _) when is_integer(float), do: {:float, [], nil}
2026-09-08T07:32:05.5010405Z      │        ~
2026-09-08T07:32:05.5010711Z      │
2026-09-08T07:32:05.5011166Z      └─ lib/ex_doc/language/elixir.ex:573:8: ExDoc.Language.Elixir.to_var/2
2026-09-08T07:32:05.5011523Z 
2026-09-08T07:32:05.5041700Z Generated ex_doc app
2026-09-08T07:32:05.8058087Z ==> aphid_consumer
2026-09-08T07:32:05.8058379Z ===> Analyzing applications...
2026-09-08T07:32:05.8600123Z ===> Compiling telemetry
2026-09-08T07:32:06.1478828Z ==> zig_doc
2026-09-08T07:32:06.1479115Z Compiling 5 files (.ex)
2026-09-08T07:32:06.3740750Z     warning: the following clause will never match:
2026-09-08T07:32:06.3741330Z 
2026-09-08T07:32:06.3741472Z         {{:error, reason}, path} ->
2026-09-08T07:32:06.3741644Z 
2026-09-08T07:32:06.3741743Z     it is expected to match on type:
2026-09-08T07:32:06.3742064Z 
2026-09-08T07:32:06.3742183Z         dynamic(
2026-09-08T07:32:06.3742370Z           :error or
2026-09-08T07:32:06.3742685Z             ({term(), :read, binary() or empty_list() or non_empty_list(term(), term())} and
2026-09-08T07:32:06.3743378Z                not {{:ok, term()}, :read, binary() or empty_list() or non_empty_list(term(), term())})
2026-09-08T07:32:06.3743758Z         )
2026-09-08T07:32:06.3743856Z 
2026-09-08T07:32:06.3743945Z     type warning found at:
2026-09-08T07:32:06.3744366Z     │
2026-09-08T07:32:06.3744611Z  69 │       {{:error, reason}, path} ->
2026-09-08T07:32:06.3744896Z     │       ~~~~~~~~~~~~~~~~~~~~~~~~~~~
2026-09-08T07:32:06.3745123Z     │
2026-09-08T07:32:06.3745493Z     └─ lib/zig.doc/generator.ex:69: Zig.Doc.Generator.modulenode_from_config/3
2026-09-08T07:32:06.3745796Z 
2026-09-08T07:32:06.3765115Z Generated zig_doc app
2026-09-08T07:32:06.3969445Z ==> zigler
2026-09-08T07:32:06.3969925Z Compiling 50 files (.ex)
2026-09-08T07:32:06.4081148Z 
2026-09-08T07:32:06.4081730Z 07:32:06.405 [warning] not cross-compiling windows-msvc
2026-09-08T07:32:06.4951552Z      warning: clauses with the same name and arity (number of arguments) should be grouped together, "def render_elixir_spec/1" was previously defined (lib/zig/_nif.ex:373)
2026-09-08T07:32:06.4952521Z      │
2026-09-08T07:32:06.4952810Z  386 │   def render_elixir_spec(nif) do
2026-09-08T07:32:06.4953314Z      │       ~
2026-09-08T07:32:06.4953518Z      │
2026-09-08T07:32:06.4953761Z      └─ lib/zig/_nif.ex:386:7
2026-09-08T07:32:06.4953906Z 
2026-09-08T07:32:08.3957113Z 
2026-09-08T07:32:08.4060782Z 07:32:08.395 [debug] creating staging directory /home/runner/work/_temp/aphid-current-consumer/fresh/staging/Elixir.Zig.Formatter
2026-09-08T07:32:08.4061297Z 
2026-09-08T07:32:08.4061782Z 07:32:08.405 [info] searching for zig in /home/runner/work/_temp/aphid-current-consumer/fresh/home/.cache/zigler/zig-aarch64-linux-0.16.0/zig
2026-09-08T07:32:08.4087242Z      warning: unused require EEx
2026-09-08T07:32:08.4088089Z      │
2026-09-08T07:32:08.4088402Z  437 │   require EEx
2026-09-08T07:32:08.4088633Z      │   ~
2026-09-08T07:32:08.4088805Z      │
2026-09-08T07:32:08.4089022Z      └─ lib/zig/_nif.ex:437:3
2026-09-08T07:32:08.4089171Z 
2026-09-08T07:32:08.9243212Z warning: Zig.Formatter not active (%CompileError{file: nil, line: nil, description: "zig executable not found"}).  If you need Formatter function, and zig is not available, Please run `mix zig.get` to install it.
2026-09-08T07:32:08.9259636Z ##[warning]  lib/zig/formatter.ex:46: (file)
2026-09-08T07:32:08.9266520Z   (elixir 1.20.0) src/elixir_compiler.erl:102: :elixir_compiler.dispatch/4
2026-09-08T07:32:08.9267002Z   (elixir 1.20.0) src/elixir_compiler.erl:76: :elixir_compiler.compile/4
2026-09-08T07:32:08.9267507Z   (elixir 1.20.0) src/elixir_compiler.erl:42: :elixir_compiler.optimize_defmodule/2
2026-09-08T07:32:08.9267954Z   (elixir 1.20.0) src/elixir_lexical.erl:18: :elixir_lexical.run/3
2026-09-08T07:32:08.9268378Z   (elixir 1.20.0) src/elixir_compiler.erl:21: :elixir_compiler.quoted/3
2026-09-08T07:32:08.9268633Z 
2026-09-08T07:32:08.9940098Z Generated zigler app
2026-09-08T07:32:10.3751021Z ==> aphid
2026-09-08T07:32:10.3751992Z Aphid local bundle verified and installed: SHA256 235ceb0490a1baf64e33fd53f17f683ce263197cf0cac6cf1107275dd94b62af
2026-09-08T07:32:10.3783256Z Compiling 13 files (.ex)
2026-09-08T07:32:10.5536694Z 
2026-09-08T07:32:10.5537734Z 07:32:10.553 [debug] skipping compile step for precompiled module Elixir.Aphid.Proof, at /home/runner/work/_temp/aphid-current-consumer/fresh/consumer/_build/prod/lib/aphid/priv/lib/Elixir.Aphid.Proof.so
2026-09-08T07:32:10.5548569Z 
2026-09-08T07:32:10.5549432Z 07:32:10.554 [debug] destination library path: /home/runner/work/_temp/aphid-current-consumer/fresh/consumer/_build/prod/lib/aphid/priv/lib/Elixir.Aphid.Proof.so
2026-09-08T07:32:10.8039061Z 
2026-09-08T07:32:10.8040525Z 07:32:10.803 [debug] skipping compile step for precompiled module Elixir.Aphid.Native, at /home/runner/work/_temp/aphid-current-consumer/fresh/consumer/_build/prod/lib/aphid/priv/lib/Elixir.Aphid.Native.so
2026-09-08T07:32:10.8051637Z 
2026-09-08T07:32:10.8052393Z 07:32:10.803 [debug] destination library path: /home/runner/work/_temp/aphid-current-consumer/fresh/consumer/_build/prod/lib/aphid/priv/lib/Elixir.Aphid.Native.so
2026-09-08T07:32:11.4415461Z Generated aphid app
2026-09-08T07:32:11.4637829Z {"command": ["sudo", "-E", "bwrap", "--die-with-parent", "--unshare-pid", "--ro-bind", "/", "/", "--dev", "/dev", "--proc", "/proc", "--bind", "/home/runner/work/_temp/aphid-current-consumer/fresh", "/home/runner/work/_temp/aphid-current-consumer/fresh", "--unshare-net", "--tmpfs", "/home/runner/work/Aphid/Aphid", "--tmpfs", "/home/runner/work/_temp/aphid-current-consumer/retained", "--ro-bind", "/dev/null", "/usr/bin/aarch64-linux-gnu-as", "--ro-bind", "/dev/null", "/usr/bin/aarch64-linux-gnu-g++-12", "--ro-bind", "/dev/null", "/usr/bin/aarch64-linux-gnu-g++-13", "--ro-bind", "/dev/null", "/usr/bin/aarch64-linux-gnu-g++-14", "--ro-bind", "/dev/null", "/usr/bin/aarch64-linux-gnu-gcc-12", "--ro-bind", "/dev/null", "/usr/bin/aarch64-linux-gnu-gcc-13", "--ro-bind", "/dev/null", "/usr/bin/aarch64-linux-gnu-gcc-14", "--ro-bind", "/dev/null", "/usr/bin/aarch64-linux-gnu-ld.bfd", "--ro-bind", "/dev/null", "/usr/bin/c89-gcc", "--ro-bind", "/dev/null", "/usr/bin/c99-gcc", "--ro-bind", "/dev/null", "/usr/bin/make", "--ro-bind", "/dev/null", "/usr/lib/llvm-16/bin/clang", "--ro-bind", "/dev/null", "/usr/lib/llvm-16/bin/lld", "--ro-bind", "/dev/null", "/usr/lib/llvm-16/bin/llvm-as", "--ro-bind", "/dev/null", "/usr/lib/llvm-17/bin/clang", "--ro-bind", "/dev/null", "/usr/lib/llvm-17/bin/lld", "--ro-bind", "/dev/null", "/usr/lib/llvm-17/bin/llvm-as", "--ro-bind", "/dev/null", "/usr/lib/llvm-18/bin/clang", "--ro-bind", "/dev/null", "/usr/lib/llvm-18/bin/lld", "--ro-bind", "/dev/null", "/usr/lib/llvm-18/bin/llvm-as", "--ro-bind", "/dev/null", "/usr/local/bin/cmake", "--ro-bind", "/dev/null", "/usr/local/bin/ninja", "--cap-add", "CAP_SETUID", "--cap-add", "CAP_SETGID", "--cap-add", "CAP_SETPCAP", "--clearenv", "--setenv", "LANG", "C.UTF-8", "--setenv", "HOME", "/home/runner/work/_temp/aphid-current-consumer/fresh/home", "--setenv", "PATH", "/home/runner/work/_temp/aphid-current-consumer/fresh/tools:/home/runner/work/_temp/.setup-beam/elixir/bin:/home/runner/work/_temp/.setup-beam/elixir/bin:/home/runner/work/_temp/.setup-beam/otp/bin:/usr/bin:/bin:/usr/sbin:/sbin", "--setenv", "MIX_HOME", "/home/runner/work/_temp/aphid-current-consumer/fresh/mix-home", "--setenv", "HEX_HOME", "/home/runner/work/_temp/aphid-current-consumer/fresh/hex-home", "--setenv", "MIX_ENV", "prod", "--setenv", "ZIG_EXECUTABLE_PATH", "/home/runner/work/_temp/aphid-current-consumer/fresh/tools/zig", "--setenv", "ZIG_GLOBAL_CACHE_DIR", "/home/runner/work/_temp/aphid-current-consumer/fresh/zig-cache", "--setenv", "ZIGLER_STAGING_ROOT", "/home/runner/work/_temp/aphid-current-consumer/fresh/staging", "--setenv", "ERL_FLAGS", "+S 1:1 +SDcpu 1:1", "--setenv", "APHID_INSTALL", "precompiled", "--setenv", "APHID_BUNDLE_ARCHIVE", "/home/runner/work/_temp/aphid-current-consumer/fresh/candidate.tar.gz", "--setenv", "APHID_BUNDLE_SHA256", "235ceb0490a1baf64e33fd53f17f683ce263197cf0cac6cf1107275dd94b62af", "--setenv", "TMPDIR", "/home/runner/work/_temp/aphid-current-consumer/fresh/tmp", "--", "/usr/bin/setpriv", "--reuid", "1001", "--regid", "1001", "--clear-groups", "--bounding-set=-all", "--no-new-privs", "--", "mix", "deps.compile"], "cwd": "/home/runner/work/_temp/aphid-current-consumer/fresh/consumer", "exit": 0, "seconds": 36.139}
2026-09-08T07:32:13.3949826Z ==> aphid
2026-09-08T07:32:13.3960122Z Aphid local bundle verified and installed: SHA256 235ceb0490a1baf64e33fd53f17f683ce263197cf0cac6cf1107275dd94b62af
2026-09-08T07:32:13.8190434Z ==> aphid_consumer
2026-09-08T07:32:13.8191052Z Generated aphid_consumer app
2026-09-08T07:32:13.8511852Z {"command": ["sudo", "-E", "bwrap", "--die-with-parent", "--unshare-pid", "--ro-bind", "/", "/", "--dev", "/dev", "--proc", "/proc", "--bind", "/home/runner/work/_temp/aphid-current-consumer/fresh", "/home/runner/work/_temp/aphid-current-consumer/fresh", "--unshare-net", "--tmpfs", "/home/runner/work/Aphid/Aphid", "--tmpfs", "/home/runner/work/_temp/aphid-current-consumer/retained", "--ro-bind", "/dev/null", "/usr/bin/aarch64-linux-gnu-as", "--ro-bind", "/dev/null", "/usr/bin/aarch64-linux-gnu-g++-12", "--ro-bind", "/dev/null", "/usr/bin/aarch64-linux-gnu-g++-13", "--ro-bind", "/dev/null", "/usr/bin/aarch64-linux-gnu-g++-14", "--ro-bind", "/dev/null", "/usr/bin/aarch64-linux-gnu-gcc-12", "--ro-bind", "/dev/null", "/usr/bin/aarch64-linux-gnu-gcc-13", "--ro-bind", "/dev/null", "/usr/bin/aarch64-linux-gnu-gcc-14", "--ro-bind", "/dev/null", "/usr/bin/aarch64-linux-gnu-ld.bfd", "--ro-bind", "/dev/null", "/usr/bin/c89-gcc", "--ro-bind", "/dev/null", "/usr/bin/c99-gcc", "--ro-bind", "/dev/null", "/usr/bin/make", "--ro-bind", "/dev/null", "/usr/lib/llvm-16/bin/clang", "--ro-bind", "/dev/null", "/usr/lib/llvm-16/bin/lld", "--ro-bind", "/dev/null", "/usr/lib/llvm-16/bin/llvm-as", "--ro-bind", "/dev/null", "/usr/lib/llvm-17/bin/clang", "--ro-bind", "/dev/null", "/usr/lib/llvm-17/bin/lld", "--ro-bind", "/dev/null", "/usr/lib/llvm-17/bin/llvm-as", "--ro-bind", "/dev/null", "/usr/lib/llvm-18/bin/clang", "--ro-bind", "/dev/null", "/usr/lib/llvm-18/bin/lld", "--ro-bind", "/dev/null", "/usr/lib/llvm-18/bin/llvm-as", "--ro-bind", "/dev/null", "/usr/local/bin/cmake", "--ro-bind", "/dev/null", "/usr/local/bin/ninja", "--cap-add", "CAP_SETUID", "--cap-add", "CAP_SETGID", "--cap-add", "CAP_SETPCAP", "--clearenv", "--setenv", "LANG", "C.UTF-8", "--setenv", "HOME", "/home/runner/work/_temp/aphid-current-consumer/fresh/home", "--setenv", "PATH", "/home/runner/work/_temp/aphid-current-consumer/fresh/tools:/home/runner/work/_temp/.setup-beam/elixir/bin:/home/runner/work/_temp/.setup-beam/elixir/bin:/home/runner/work/_temp/.setup-beam/otp/bin:/usr/bin:/bin:/usr/sbin:/sbin", "--setenv", "MIX_HOME", "/home/runner/work/_temp/aphid-current-consumer/fresh/mix-home", "--setenv", "HEX_HOME", "/home/runner/work/_temp/aphid-current-consumer/fresh/hex-home", "--setenv", "MIX_ENV", "prod", "--setenv", "ZIG_EXECUTABLE_PATH", "/home/runner/work/_temp/aphid-current-consumer/fresh/tools/zig", "--setenv", "ZIG_GLOBAL_CACHE_DIR", "/home/runner/work/_temp/aphid-current-consumer/fresh/zig-cache", "--setenv", "ZIGLER_STAGING_ROOT", "/home/runner/work/_temp/aphid-current-consumer/fresh/staging", "--setenv", "ERL_FLAGS", "+S 1:1 +SDcpu 1:1", "--setenv", "APHID_INSTALL", "precompiled", "--setenv", "APHID_BUNDLE_ARCHIVE", "/home/runner/work/_temp/aphid-current-consumer/fresh/candidate.tar.gz", "--setenv", "APHID_BUNDLE_SHA256", "235ceb0490a1baf64e33fd53f17f683ce263197cf0cac6cf1107275dd94b62af", "--setenv", "TMPDIR", "/home/runner/work/_temp/aphid-current-consumer/fresh/tmp", "--", "/usr/bin/setpriv", "--reuid", "1001", "--regid", "1001", "--clear-groups", "--bounding-set=-all", "--no-new-privs", "--", "mix", "compile"], "cwd": "/home/runner/work/_temp/aphid-current-consumer/fresh/consumer", "exit": 0, "seconds": 2.387}
2026-09-08T07:32:14.5831853Z runtime identity: {"1.20.0", ~c"29", ~c"2.18"}
2026-09-08T07:32:16.1856496Z Running ExUnit with seed: 0, max_cases: 2
2026-09-08T07:32:16.1856913Z 
2026-09-08T07:32:21.0680763Z ................Aphid basic example passed
2026-09-08T07:32:21.1060561Z .Aphid transaction example passed
2026-09-08T07:32:21.1320485Z .Aphid stream example passed
2026-09-08T07:32:21.2120469Z .Aphid FTS example passed
2026-09-08T07:32:21.2500586Z .Aphid vector example passed
2026-09-08T07:32:21.3344497Z .Aphid DuckDB example passed
2026-09-08T07:32:27.4036996Z .............stale-cancel race: 30 iterations; maximum cancel-to-idle 188006 us
2026-09-08T07:32:31.8110517Z ........heartbeat: 11 samples; maximum gap 6 ms
2026-09-08T07:32:31.9002643Z .
2026-09-08T07:32:31.9004374Z 07:32:31.898 [error] Aphid artifact [unloadable]: /home/runner/work/_temp/aphid-current-consumer/fresh/consumer/_build/prod/lib/aphid/priv/lib/Elixir.Aphid.Native: {:upgrade, ~c"Library upgrade-call unsuccessful (-1)."}; use the matching complete bundle and runtime. No source fallback.
2026-09-08T07:32:31.9044975Z 
2026-09-08T07:32:31.9045610Z 07:32:31.901 [warning] The on_load function for module Elixir.Aphid.Native returned:
2026-09-08T07:32:31.9046138Z {:error, {:upgrade, ~c"Library upgrade-call unsuccessful (-1)."}}
2026-09-08T07:32:31.9046390Z 
2026-09-08T07:32:34.5476444Z .................................................
2026-09-08T07:32:34.5496512Z Finished in 19.9 seconds (1.5s on load, 0.00s async, 18.3s sync)
2026-09-08T07:32:34.5496916Z 
2026-09-08T07:32:34.5497081Z Result: 92 passed
2026-09-08T07:32:34.5926329Z {"command": ["sudo", "-E", "bwrap", "--die-with-parent", "--unshare-pid", "--ro-bind", "/", "/", "--dev", "/dev", "--proc", "/proc", "--bind", "/home/runner/work/_temp/aphid-current-consumer/fresh", "/home/runner/work/_temp/aphid-current-consumer/fresh", "--unshare-net", "--tmpfs", "/home/runner/work/Aphid/Aphid", "--tmpfs", "/home/runner/work/_temp/aphid-current-consumer/retained", "--ro-bind", "/dev/null", "/usr/bin/aarch64-linux-gnu-as", "--ro-bind", "/dev/null", "/usr/bin/aarch64-linux-gnu-g++-12", "--ro-bind", "/dev/null", "/usr/bin/aarch64-linux-gnu-g++-13", "--ro-bind", "/dev/null", "/usr/bin/aarch64-linux-gnu-g++-14", "--ro-bind", "/dev/null", "/usr/bin/aarch64-linux-gnu-gcc-12", "--ro-bind", "/dev/null", "/usr/bin/aarch64-linux-gnu-gcc-13", "--ro-bind", "/dev/null", "/usr/bin/aarch64-linux-gnu-gcc-14", "--ro-bind", "/dev/null", "/usr/bin/aarch64-linux-gnu-ld.bfd", "--ro-bind", "/dev/null", "/usr/bin/c89-gcc", "--ro-bind", "/dev/null", "/usr/bin/c99-gcc", "--ro-bind", "/dev/null", "/usr/bin/make", "--ro-bind", "/dev/null", "/usr/lib/llvm-16/bin/clang", "--ro-bind", "/dev/null", "/usr/lib/llvm-16/bin/lld", "--ro-bind", "/dev/null", "/usr/lib/llvm-16/bin/llvm-as", "--ro-bind", "/dev/null", "/usr/lib/llvm-17/bin/clang", "--ro-bind", "/dev/null", "/usr/lib/llvm-17/bin/lld", "--ro-bind", "/dev/null", "/usr/lib/llvm-17/bin/llvm-as", "--ro-bind", "/dev/null", "/usr/lib/llvm-18/bin/clang", "--ro-bind", "/dev/null", "/usr/lib/llvm-18/bin/lld", "--ro-bind", "/dev/null", "/usr/lib/llvm-18/bin/llvm-as", "--ro-bind", "/dev/null", "/usr/local/bin/cmake", "--ro-bind", "/dev/null", "/usr/local/bin/ninja", "--cap-add", "CAP_SETUID", "--cap-add", "CAP_SETGID", "--cap-add", "CAP_SETPCAP", "--clearenv", "--setenv", "LANG", "C.UTF-8", "--setenv", "HOME", "/home/runner/work/_temp/aphid-current-consumer/fresh/home", "--setenv", "PATH", "/home/runner/work/_temp/aphid-current-consumer/fresh/tools:/home/runner/work/_temp/.setup-beam/elixir/bin:/home/runner/work/_temp/.setup-beam/elixir/bin:/home/runner/work/_temp/.setup-beam/otp/bin:/usr/bin:/bin:/usr/sbin:/sbin", "--setenv", "MIX_HOME", "/home/runner/work/_temp/aphid-current-consumer/fresh/mix-home", "--setenv", "HEX_HOME", "/home/runner/work/_temp/aphid-current-consumer/fresh/hex-home", "--setenv", "MIX_ENV", "prod", "--setenv", "ZIG_EXECUTABLE_PATH", "/home/runner/work/_temp/aphid-current-consumer/fresh/tools/zig", "--setenv", "ZIG_GLOBAL_CACHE_DIR", "/home/runner/work/_temp/aphid-current-consumer/fresh/zig-cache", "--setenv", "ZIGLER_STAGING_ROOT", "/home/runner/work/_temp/aphid-current-consumer/fresh/staging", "--setenv", "ERL_FLAGS", "+S 1:1 +SDcpu 1:1", "--setenv", "TMPDIR", "/home/runner/work/_temp/aphid-current-consumer/fresh/tmp", "--", "/usr/bin/setpriv", "--reuid", "1001", "--regid", "1001", "--clear-groups", "--bounding-set=-all", "--no-new-privs", "--", "mix", "run", "--no-compile", "check.exs"], "cwd": "/home/runner/work/_temp/aphid-current-consumer/fresh/consumer", "exit": 0, "seconds": 20.721}
2026-09-08T07:32:34.7560765Z fresh Mix consumer passed; native files unchanged; no native compiler invocation
2026-09-08T07:32:34.7777200Z {"command": ["/opt/hostedtoolcache/Python/3.14.7/arm64/bin/python3", "scripts/precompiled_consumer.py", "--archive", "/home/runner/work/_temp/aphid-current-consumer/retained/aphid-linux-distribution/packaged/aphid-0.1.0-dev-aarch64-linux-gnu.tar.gz", "--sha256", "235ceb0490a1baf64e33fd53f17f683ce263197cf0cac6cf1107275dd94b62af", "--package", "/home/runner/work/_temp/aphid-current-consumer/aphid-0.1.0-dev-combined.tar", "--package-sha256", "b85967b047662ccdc66851d246a9a7301fe8c797225d7e479948653838dc57df", "--destination", "/home/runner/work/_temp/aphid-current-consumer/fresh", "--hex-dependencies", "--hide-build", "/home/runner/work/_temp/aphid-current-consumer/retained"], "cwd": "/home/runner/work/Aphid/Aphid", "exit": 0, "seconds": 62.322}
2026-09-08T07:32:34.8373031Z CASE missing
2026-09-08T07:32:35.2799815Z Aphid artifact [missing]: set APHID_BUNDLE_ARCHIVE to an existing local .tar.gz. No source fallback.
2026-09-08T07:32:35.3019615Z {"command": ["elixir", "/home/runner/work/_temp/aphid-current-consumer/failures/reject.exs"], "cwd": "/home/runner/work/_temp/aphid-current-consumer/failures", "exit": 0, "seconds": 0.465}
2026-09-08T07:32:35.3021021Z CASE missing-pin
2026-09-08T07:32:35.7417792Z Aphid artifact [corrupt]: set APHID_BUNDLE_SHA256 to an independently trusted 64-digit SHA256. No source fallback.
2026-09-08T07:32:35.7671762Z {"command": ["elixir", "/home/runner/work/_temp/aphid-current-consumer/failures/reject.exs"], "cwd": "/home/runner/work/_temp/aphid-current-consumer/failures", "exit": 0, "seconds": 0.465}
2026-09-08T07:32:35.7673049Z CASE checksum
2026-09-08T07:32:36.2318367Z Aphid artifact [corrupt]: archive SHA256 mismatch; obtain the pinned archive again. No source fallback.
2026-09-08T07:32:36.2824212Z {"command": ["elixir", "/home/runner/work/_temp/aphid-current-consumer/failures/reject.exs"], "cwd": "/home/runner/work/_temp/aphid-current-consumer/failures", "exit": 0, "seconds": 0.515}
2026-09-08T07:32:36.2825973Z CASE target
2026-09-08T07:32:36.7500257Z Aphid artifact [unsupported-target]: the artifact does not match this operating system. No source fallback.
2026-09-08T07:32:36.7975856Z {"command": ["elixir", "/home/runner/work/_temp/aphid-current-consumer/failures/reject.exs"], "cwd": "/home/runner/work/_temp/aphid-current-consumer/failures", "exit": 0, "seconds": 0.515}
2026-09-08T07:32:36.7977099Z CASE engine
2026-09-08T07:32:37.2613852Z Aphid artifact [incompatible-engine]: native lock differs; obtain the bundle for this Aphid source package. No source fallback.
2026-09-08T07:32:37.3128278Z {"command": ["elixir", "/home/runner/work/_temp/aphid-current-consumer/failures/reject.exs"], "cwd": "/home/runner/work/_temp/aphid-current-consumer/failures", "exit": 0, "seconds": 0.515}
2026-09-08T07:32:37.3129541Z CASE manifest
2026-09-08T07:32:37.7736192Z Aphid artifact [corrupt]: content manifest mismatch; obtain the pinned archive again. No source fallback.
2026-09-08T07:32:37.8279969Z {"command": ["elixir", "/home/runner/work/_temp/aphid-current-consumer/failures/reject.exs"], "cwd": "/home/runner/work/_temp/aphid-current-consumer/failures", "exit": 0, "seconds": 0.515}
2026-09-08T07:32:37.8281132Z CASE missing-sidecar
2026-09-08T07:32:38.2868886Z Aphid artifact [missing]: bundle lacks liblbug.so; obtain the complete 0.1.0-dev bundle. No source fallback.
2026-09-08T07:32:38.2930480Z {"command": ["elixir", "/home/runner/work/_temp/aphid-current-consumer/failures/reject.exs"], "cwd": "/home/runner/work/_temp/aphid-current-consumer/failures", "exit": 0, "seconds": 0.465}
2026-09-08T07:32:38.2931680Z CASE architecture
2026-09-08T07:32:38.7513682Z Aphid artifact [wrong-architecture]: Elixir.Aphid.Native.so has the wrong ELF machine architecture. No source fallback.
2026-09-08T07:32:38.8081008Z {"command": ["elixir", "/home/runner/work/_temp/aphid-current-consumer/failures/reject.exs"], "cwd": "/home/runner/work/_temp/aphid-current-consumer/failures", "exit": 0, "seconds": 0.515}
2026-09-08T07:32:38.8082337Z CASE unloadable-header
2026-09-08T07:32:39.2737309Z Aphid artifact [unloadable]: Elixir.Aphid.Native.so is not a native shared library for this target; obtain a valid bundle. No source fallback.
2026-09-08T07:32:39.3236216Z {"command": ["elixir", "/home/runner/work/_temp/aphid-current-consumer/failures/reject.exs"], "cwd": "/home/runner/work/_temp/aphid-current-consumer/failures", "exit": 0, "seconds": 0.515}
2026-09-08T07:32:39.3237695Z CASE native-fingerprint
2026-09-08T07:32:39.7801159Z Aphid artifact [incompatible-engine]: native fingerprint differs from this package's reviewed local-bundle.json; use the matching candidate. No source fallback.
2026-09-08T07:32:39.7886699Z {"command": ["elixir", "/home/runner/work/_temp/aphid-current-consumer/failures/reject.exs"], "cwd": "/home/runner/work/_temp/aphid-current-consumer/failures", "exit": 0, "seconds": 0.465}
2026-09-08T07:32:39.7890719Z CASE lost-selection
2026-09-08T07:32:40.2317527Z Aphid artifact [selection]: this build contains a local bundle; keep its archive/checksum selection or use an empty source build path. No source fallback.
2026-09-08T07:32:40.2539851Z {"command": ["elixir", "/home/runner/work/_temp/aphid-current-consumer/failures/reject.exs"], "cwd": "/home/runner/work/_temp/aphid-current-consumer/failures", "exit": 0, "seconds": 0.465}
2026-09-08T07:32:40.2540737Z CASE force-source
2026-09-08T07:32:40.7003473Z Aphid artifact [selection]: unset ZIGLER_PRECOMPILE_FORCE_RECOMPILE; local bundle mode never falls back to source. No source fallback.
2026-09-08T07:32:40.7190805Z {"command": ["elixir", "/home/runner/work/_temp/aphid-current-consumer/failures/reject.exs"], "cwd": "/home/runner/work/_temp/aphid-current-consumer/failures", "exit": 0, "seconds": 0.465}
2026-09-08T07:32:40.7192115Z CASE conflicting-source
2026-09-08T07:32:41.1595369Z Aphid artifact [selection]: use APHID_INSTALL=precompiled with archive or HTTPS URL and SHA256, or explicit source without bundle inputs. No source fallback.
2026-09-08T07:32:41.1841360Z {"command": ["elixir", "/home/runner/work/_temp/aphid-current-consumer/failures/reject.exs"], "cwd": "/home/runner/work/_temp/aphid-current-consumer/failures", "exit": 0, "seconds": 0.465}
2026-09-08T07:32:41.1842203Z CASE invalid-tar
2026-09-08T07:32:41.6472321Z Aphid artifact [corrupt]: invalid tar archive: :eof. No source fallback.
2026-09-08T07:32:41.6993471Z {"command": ["elixir", "/home/runner/work/_temp/aphid-current-consumer/failures/reject.exs"], "cwd": "/home/runner/work/_temp/aphid-current-consumer/failures", "exit": 0, "seconds": 0.515}
2026-09-08T07:32:41.6995302Z CASE traversal
2026-09-08T07:32:42.1539142Z Aphid artifact [unsafe]: archive contains a link, special file or unsafe path: "../escape". No source fallback.
2026-09-08T07:32:42.1645346Z {"command": ["elixir", "/home/runner/work/_temp/aphid-current-consumer/failures/reject.exs"], "cwd": "/home/runner/work/_temp/aphid-current-consumer/failures", "exit": 0, "seconds": 0.465}
2026-09-08T07:32:42.1646884Z CASE absolute
2026-09-08T07:32:42.6277608Z Aphid artifact [unsafe]: archive contains a link, special file or unsafe path: "/tmp/aphid-escape". No source fallback.
2026-09-08T07:32:42.6797672Z {"command": ["elixir", "/home/runner/work/_temp/aphid-current-consumer/failures/reject.exs"], "cwd": "/home/runner/work/_temp/aphid-current-consumer/failures", "exit": 0, "seconds": 0.515}
2026-09-08T07:32:42.6798746Z CASE duplicate
2026-09-08T07:32:43.1367421Z Aphid artifact [unsafe]: duplicate or case-colliding archive member. No source fallback.
2026-09-08T07:32:43.1448488Z {"command": ["elixir", "/home/runner/work/_temp/aphid-current-consumer/failures/reject.exs"], "cwd": "/home/runner/work/_temp/aphid-current-consumer/failures", "exit": 0, "seconds": 0.465}
2026-09-08T07:32:43.1450051Z CASE case-collision
2026-09-08T07:32:43.6042166Z Aphid artifact [unsafe]: duplicate or case-colliding archive member. No source fallback.
2026-09-08T07:32:43.6600457Z {"command": ["elixir", "/home/runner/work/_temp/aphid-current-consumer/failures/reject.exs"], "cwd": "/home/runner/work/_temp/aphid-current-consumer/failures", "exit": 0, "seconds": 0.515}
2026-09-08T07:32:43.6601770Z CASE file-directory
2026-09-08T07:32:44.1192347Z Aphid artifact [unsafe]: archive file is also used as a directory. No source fallback.
2026-09-08T07:32:44.1751418Z {"command": ["elixir", "/home/runner/work/_temp/aphid-current-consumer/failures/reject.exs"], "cwd": "/home/runner/work/_temp/aphid-current-consumer/failures", "exit": 0, "seconds": 0.515}
2026-09-08T07:32:44.1753035Z CASE dot-path
2026-09-08T07:32:44.6400183Z Aphid artifact [unsafe]: archive contains a link, special file or unsafe path: "./escape". No source fallback.
2026-09-08T07:32:44.6913010Z {"command": ["elixir", "/home/runner/work/_temp/aphid-current-consumer/failures/reject.exs"], "cwd": "/home/runner/work/_temp/aphid-current-consumer/failures", "exit": 0, "seconds": 0.516}
2026-09-08T07:32:44.6914444Z CASE symlink
2026-09-08T07:32:45.1489553Z Aphid artifact [unsafe]: archive contains a link, special file or unsafe path: "link". No source fallback.
2026-09-08T07:32:45.2065600Z {"command": ["elixir", "/home/runner/work/_temp/aphid-current-consumer/failures/reject.exs"], "cwd": "/home/runner/work/_temp/aphid-current-consumer/failures", "exit": 0, "seconds": 0.515}
2026-09-08T07:32:45.2066630Z CASE hardlink
2026-09-08T07:32:45.6740998Z Aphid artifact [unsafe]: archive contains a link, special file or unsafe path: "hard". No source fallback.
2026-09-08T07:32:45.7217653Z {"command": ["elixir", "/home/runner/work/_temp/aphid-current-consumer/failures/reject.exs"], "cwd": "/home/runner/work/_temp/aphid-current-consumer/failures", "exit": 0, "seconds": 0.515}
2026-09-08T07:32:45.7218814Z CASE fifo
2026-09-08T07:32:46.1785248Z Aphid artifact [unsafe]: archive contains a link, special file or unsafe path: "fifo". No source fallback.
2026-09-08T07:32:46.1868958Z {"command": ["elixir", "/home/runner/work/_temp/aphid-current-consumer/failures/reject.exs"], "cwd": "/home/runner/work/_temp/aphid-current-consumer/failures", "exit": 0, "seconds": 0.465}
2026-09-08T07:32:46.2205188Z REAL LOADER missing
2026-09-08T07:32:46.5368606Z 
2026-09-08T07:32:46.5369585Z 07:32:46.533 [error] Aphid artifact [missing]: /home/runner/work/_temp/aphid-current-consumer/failures/load-missing/aphid/priv/lib/liblbug.so; reinstall the complete pinned bundle. No source fallback.
2026-09-08T07:32:46.5380517Z real loader rejected artifact: Elixir.Aphid.Native
2026-09-08T07:32:46.5475209Z 
2026-09-08T07:32:46.5475808Z 07:32:46.537 [warning] The on_load function for module Elixir.Aphid.Native returned:
2026-09-08T07:32:46.5476214Z {:error,
2026-09-08T07:32:46.5476378Z  {:missing,
2026-09-08T07:32:46.5476762Z   "/home/runner/work/_temp/aphid-current-consumer/failures/load-missing/aphid/priv/lib/liblbug.so"}}
2026-09-08T07:32:46.5477140Z 
2026-09-08T07:32:46.5529466Z 
2026-09-08T07:32:46.5530505Z 07:32:46.552 [error] Aphid artifact [missing]: /home/runner/work/_temp/aphid-current-consumer/failures/load-missing/aphid/priv/lib/liblbug.so; reinstall the complete pinned bundle. No source fallback.
2026-09-08T07:32:46.5543550Z real loader rejected artifact: Elixir.Aphid.Proof
2026-09-08T07:32:46.5544418Z 
2026-09-08T07:32:46.5544674Z 07:32:46.553 [warning] The on_load function for module Elixir.Aphid.Proof returned:
2026-09-08T07:32:46.5545188Z {:error,
2026-09-08T07:32:46.5545390Z  {:missing,
2026-09-08T07:32:46.5545773Z   "/home/runner/work/_temp/aphid-current-consumer/failures/load-missing/aphid/priv/lib/liblbug.so"}}
2026-09-08T07:32:46.5546229Z 
2026-09-08T07:32:46.5853053Z {"command": ["elixir", "-pa", "/home/runner/work/_temp/aphid-current-consumer/failures/load-missing/aphid/ebin", "/home/runner/work/_temp/aphid-current-consumer/failures/load.exs"], "cwd": "/home/runner/work/_temp/aphid-current-consumer/failures", "exit": 0, "seconds": 0.365}
2026-09-08T07:32:46.6180823Z REAL LOADER corrupt
2026-09-08T07:32:46.9298888Z 
2026-09-08T07:32:46.9299915Z 07:32:46.926 [error] Aphid artifact [corrupt]: /home/runner/work/_temp/aphid-current-consumer/failures/load-corrupt/aphid/priv/lib/liblbug.so; reinstall the complete pinned bundle. No source fallback.
2026-09-08T07:32:46.9311562Z real loader rejected artifact: Elixir.Aphid.Native
2026-09-08T07:32:46.9406251Z 
2026-09-08T07:32:46.9406919Z 07:32:46.930 [warning] The on_load function for module Elixir.Aphid.Native returned:
2026-09-08T07:32:46.9407687Z {:error,
2026-09-08T07:32:46.9407859Z  {:corrupt,
2026-09-08T07:32:46.9408243Z   "/home/runner/work/_temp/aphid-current-consumer/failures/load-corrupt/aphid/priv/lib/liblbug.so"}}
2026-09-08T07:32:46.9408792Z 
2026-09-08T07:32:46.9459997Z 
2026-09-08T07:32:46.9460996Z 07:32:46.945 [error] Aphid artifact [corrupt]: /home/runner/work/_temp/aphid-current-consumer/failures/load-corrupt/aphid/priv/lib/liblbug.so; reinstall the complete pinned bundle. No source fallback.
2026-09-08T07:32:46.9474168Z real loader rejected artifact: Elixir.Aphid.Proof
2026-09-08T07:32:46.9474877Z 
2026-09-08T07:32:46.9475130Z 07:32:46.947 [warning] The on_load function for module Elixir.Aphid.Proof returned:
2026-09-08T07:32:46.9475502Z {:error,
2026-09-08T07:32:46.9475663Z  {:corrupt,
2026-09-08T07:32:46.9476041Z   "/home/runner/work/_temp/aphid-current-consumer/failures/load-corrupt/aphid/priv/lib/liblbug.so"}}
2026-09-08T07:32:46.9476416Z 
2026-09-08T07:32:46.9830166Z {"command": ["elixir", "-pa", "/home/runner/work/_temp/aphid-current-consumer/failures/load-corrupt/aphid/ebin", "/home/runner/work/_temp/aphid-current-consumer/failures/load.exs"], "cwd": "/home/runner/work/_temp/aphid-current-consumer/failures", "exit": 0, "seconds": 0.365}
2026-09-08T07:32:47.0127292Z REAL LOADER unloadable
2026-09-08T07:32:47.5295262Z 
2026-09-08T07:32:47.5297156Z 07:32:47.526 [error] Aphid artifact [unloadable]: /home/runner/work/_temp/aphid-current-consumer/failures/load-unloadable/aphid/priv/lib/Elixir.Aphid.Native: {:load_failed, ~c"Failed to load NIF library: '/home/runner/work/_temp/aphid-current-consumer/failures/load-unloadable/aphid/priv/lib/Elixir.Aphid.Native.so: failed to map segment from shared object'"}; use the matching complete bundle and runtime. No source fallback.
2026-09-08T07:32:47.5323268Z real loader rejected artifact: Elixir.Aphid.Native
2026-09-08T07:32:47.5323511Z 
2026-09-08T07:32:47.5323756Z 07:32:47.530 [warning] The on_load function for module Elixir.Aphid.Native returned:
2026-09-08T07:32:47.5324163Z {:error,
2026-09-08T07:32:47.5324330Z  {:load_failed,
2026-09-08T07:32:47.5325243Z   ~c"Failed to load NIF library: '/home/runner/work/_temp/aphid-current-consumer/failures/load-unloadable/aphid/priv/lib/Elixir.Aphid.Native.so: failed to map segment from shared object'"}}
2026-09-08T07:32:47.5326012Z 
2026-09-08T07:32:47.6009004Z 
2026-09-08T07:32:47.6010973Z 07:32:47.600 [error] Aphid artifact [unloadable]: /home/runner/work/_temp/aphid-current-consumer/failures/load-unloadable/aphid/priv/lib/Elixir.Aphid.Proof: {:load_failed, ~c"Failed to load NIF library: '/home/runner/work/_temp/aphid-current-consumer/failures/load-unloadable/aphid/priv/lib/Elixir.Aphid.Proof.so: failed to map segment from shared object'"}; use the matching complete bundle and runtime. No source fallback.
2026-09-08T07:32:47.6023399Z real loader rejected artifact: Elixir.Aphid.Proof
2026-09-08T07:32:47.6024552Z 
2026-09-08T07:32:47.6024892Z 07:32:47.601 [warning] The on_load function for module Elixir.Aphid.Proof returned:
2026-09-08T07:32:47.6025304Z {:error,
2026-09-08T07:32:47.6025475Z  {:load_failed,
2026-09-08T07:32:47.6026353Z   ~c"Failed to load NIF library: '/home/runner/work/_temp/aphid-current-consumer/failures/load-unloadable/aphid/priv/lib/Elixir.Aphid.Proof.so: failed to map segment from shared object'"}}
2026-09-08T07:32:47.6027028Z 
2026-09-08T07:32:47.6282743Z {"command": ["sudo", "-E", "unshare", "--mount", "--fork", "--propagation", "private", "sh", "-c", "mount --bind \"$1\" \"$1\" && mount -o remount,bind,noexec \"$1\" && shift && exec \"$@\"", "noexec-proof", "/home/runner/work/_temp/aphid-current-consumer/failures/load-unloadable/aphid/priv/lib", "/usr/bin/setpriv", "--reuid", "1001", "--regid", "1001", "--clear-groups", "--no-new-privs", "--", "/usr/bin/env", "PATH=/home/runner/work/_temp/.setup-beam/elixir/bin:/home/runner/.mix/escripts:/home/runner/work/_temp/.setup-beam/otp/bin:/opt/hostedtoolcache/Python/3.14.7/arm64/bin:/opt/hostedtoolcache/Python/3.14.7/arm64:/snap/bin:/home/runner/.local/bin:/opt/pipx_bin:/home/runner/.cargo/bin:/home/runner/.config/composer/vendor/bin:/home/runner/.dotnet/tools:/usr/local/sbin:/usr/local/bin:/usr/sbin:/usr/bin:/sbin:/bin:/usr/games:/usr/local/games:/snap/bin", "/home/runner/work/_temp/.setup-beam/elixir/bin/elixir", "-pa", "/home/runner/work/_temp/aphid-current-consumer/failures/load-unloadable/aphid/ebin", "/home/runner/work/_temp/aphid-current-consumer/failures/load.exs"], "cwd": "/home/runner/work/_temp/aphid-current-consumer/failures", "exit": 0, "seconds": 0.615}
2026-09-08T07:32:47.6287122Z real Mix adapter rejection cases and loader processes passed
2026-09-08T07:32:47.6680956Z {"command": ["/opt/hostedtoolcache/Python/3.14.7/arm64/bin/python3", "scripts/local_bundle_failures.py", "--destination", "/home/runner/work/_temp/aphid-current-consumer/failures", "--consumer", "/home/runner/work/_temp/aphid-current-consumer/fresh"], "cwd": "/home/runner/work/Aphid/Aphid", "exit": 0, "seconds": 12.891}
2026-09-08T07:32:48.5692729Z * assembling aphid_consumer-0.0.0 on MIX_ENV=prod
2026-09-08T07:32:48.5696240Z * skipping runtime configuration (config/runtime.exs not found)
2026-09-08T07:32:48.6607027Z * creating /home/runner/work/_temp/aphid-current-consumer/mix-release-proof/assembled/releases/0.0.0/env.sh
2026-09-08T07:32:48.8923470Z * building /home/runner/work/_temp/aphid-current-consumer/mix-release-proof/assembled/aphid_consumer-0.0.0.tar.gz
2026-09-08T07:33:01.0199821Z 
2026-09-08T07:33:01.0200467Z Release created at /home/runner/work/_temp/aphid-current-consumer/mix-release-proof/assembled
2026-09-08T07:33:01.0200867Z 
2026-09-08T07:33:01.0200968Z     # To start your system
2026-09-08T07:33:01.0201408Z     /home/runner/work/_temp/aphid-current-consumer/mix-release-proof/assembled/bin/aphid_consumer start
2026-09-08T07:33:01.0201795Z 
2026-09-08T07:33:01.0201900Z Once the release is running:
2026-09-08T07:33:01.0202052Z 
2026-09-08T07:33:01.0202141Z     # To connect to it remotely
2026-09-08T07:33:01.0202572Z     /home/runner/work/_temp/aphid-current-consumer/mix-release-proof/assembled/bin/aphid_consumer remote
2026-09-08T07:33:01.0203144Z 
2026-09-08T07:33:01.0203297Z     # To stop it gracefully (you may also send SIGINT/SIGTERM)
2026-09-08T07:33:01.0203831Z     /home/runner/work/_temp/aphid-current-consumer/mix-release-proof/assembled/bin/aphid_consumer stop
2026-09-08T07:33:01.0204210Z 
2026-09-08T07:33:01.0204302Z To list all commands:
2026-09-08T07:33:01.0204430Z 
2026-09-08T07:33:01.0204699Z     /home/runner/work/_temp/aphid-current-consumer/mix-release-proof/assembled/bin/aphid_consumer
2026-09-08T07:33:01.0205058Z 
2026-09-08T07:33:01.0764535Z {"command": ["sudo", "-E", "bwrap", "--die-with-parent", "--unshare-pid", "--ro-bind", "/", "/", "--dev", "/dev", "--proc", "/proc", "--bind", "/home/runner/work/_temp/aphid-current-consumer/mix-release-proof", "/home/runner/work/_temp/aphid-current-consumer/mix-release-proof", "--unshare-net", "--tmpfs", "/home/runner/work/Aphid/Aphid", "--tmpfs", "/home/runner/work/_temp/aphid-current-consumer/fresh", "--ro-bind", "/dev/null", "/usr/bin/aarch64-linux-gnu-as", "--ro-bind", "/dev/null", "/usr/bin/aarch64-linux-gnu-g++-12", "--ro-bind", "/dev/null", "/usr/bin/aarch64-linux-gnu-g++-13", "--ro-bind", "/dev/null", "/usr/bin/aarch64-linux-gnu-g++-14", "--ro-bind", "/dev/null", "/usr/bin/aarch64-linux-gnu-gcc-12", "--ro-bind", "/dev/null", "/usr/bin/aarch64-linux-gnu-gcc-13", "--ro-bind", "/dev/null", "/usr/bin/aarch64-linux-gnu-gcc-14", "--ro-bind", "/dev/null", "/usr/bin/aarch64-linux-gnu-ld.bfd", "--ro-bind", "/dev/null", "/usr/bin/c89-gcc", "--ro-bind", "/dev/null", "/usr/bin/c99-gcc", "--ro-bind", "/dev/null", "/usr/bin/make", "--ro-bind", "/dev/null", "/usr/lib/llvm-16/bin/clang", "--ro-bind", "/dev/null", "/usr/lib/llvm-16/bin/lld", "--ro-bind", "/dev/null", "/usr/lib/llvm-16/bin/llvm-as", "--ro-bind", "/dev/null", "/usr/lib/llvm-17/bin/clang", "--ro-bind", "/dev/null", "/usr/lib/llvm-17/bin/lld", "--ro-bind", "/dev/null", "/usr/lib/llvm-17/bin/llvm-as", "--ro-bind", "/dev/null", "/usr/lib/llvm-18/bin/clang", "--ro-bind", "/dev/null", "/usr/lib/llvm-18/bin/lld", "--ro-bind", "/dev/null", "/usr/lib/llvm-18/bin/llvm-as", "--ro-bind", "/dev/null", "/usr/local/bin/cmake", "--ro-bind", "/dev/null", "/usr/local/bin/ninja", "--cap-add", "CAP_SETUID", "--cap-add", "CAP_SETGID", "--cap-add", "CAP_SETPCAP", "--clearenv", "--setenv", "LANG", "C.UTF-8", "--setenv", "HOME", "/home/runner/work/_temp/aphid-current-consumer/mix-release-proof/home", "--setenv", "PATH", "/home/runner/work/_temp/aphid-current-consumer/mix-release-proof/tools:/home/runner/work/_temp/.setup-beam/elixir/bin:/home/runner/work/_temp/.setup-beam/elixir/bin:/home/runner/work/_temp/.setup-beam/otp/bin:/usr/bin:/bin:/usr/sbin:/sbin", "--setenv", "MIX_HOME", "/home/runner/work/_temp/aphid-current-consumer/mix-release-proof/mix-home", "--setenv", "HEX_HOME", "/home/runner/work/_temp/aphid-current-consumer/mix-release-proof/hex-home", "--setenv", "MIX_ENV", "prod", "--setenv", "TMPDIR", "/home/runner/work/_temp/aphid-current-consumer/mix-release-proof/tmp", "--setenv", "ZIG_EXECUTABLE_PATH", "/home/runner/work/_temp/aphid-current-consumer/mix-release-proof/tools/zig", "--setenv", "ZIG_GLOBAL_CACHE_DIR", "/home/runner/work/_temp/aphid-current-consumer/mix-release-proof/zig-cache", "--setenv", "ERL_FLAGS", "+S 1:1 +SDcpu 1:1", "--setenv", "RELEASE_DISTRIBUTION", "none", "--", "/usr/bin/setpriv", "--reuid", "1001", "--regid", "1001", "--clear-groups", "--bounding-set=-all", "--no-new-privs", "--", "mix", "release", "--no-compile", "--path", "/home/runner/work/_temp/aphid-current-consumer/mix-release-proof/assembled"], "cwd": "/home/runner/work/_temp/aphid-current-consumer/mix-release-proof/build", "exit": 0, "seconds": 13.048}
2026-09-08T07:33:01.2119970Z {"release_archive": "/home/runner/work/_temp/aphid-current-consumer/mix-release-validation.tar.gz", "sha256": "ed894ac886c1ec77a6e614d45b56461d2518b2469b7c0073bf03ca80521e996b", "bytes": 129569102}
2026-09-08T07:33:04.5708531Z audited shipped native files: 23
2026-09-08T07:33:04.5759435Z {"release_native_audit": {"erts-17.0.4/bin/beam.smp": {"sha256": "8fdca9a37a6575df18c4722ffaa746dac48bf3c5a5c7d3494736d6b78a89e68c", "libraries": "\tlinux-vdso.so.1 (0x0000ff98558ca000)\n\tlibtinfo.so.6 => /lib/aarch64-linux-gnu/libtinfo.so.6 (0x0000ff98552a0000)\n\tlibz.so.1 => /lib/aarch64-linux-gnu/libz.so.1 (0x0000ff9855260000)\n\tlibstdc++.so.6 => /lib/aarch64-linux-gnu/libstdc++.so.6 (0x0000ff9854fd0000)\n\tlibm.so.6 => /lib/aarch64-linux-gnu/libm.so.6 (0x0000ff9854f20000)\n\tlibgcc_s.so.1 => /lib/aarch64-linux-gnu/libgcc_s.so.1 (0x0000ff9854ee0000)\n\tlibc.so.6 => /lib/aarch64-linux-gnu/libc.so.6 (0x0000ff9854d20000)\n\t/lib/ld-linux-aarch64.so.1 (0x0000ff9855880000)\n", "glibc": ["GLIBC_2.17", "GLIBC_2.29", "GLIBC_2.32", "GLIBC_2.33", "GLIBC_2.34", "GLIBC_2.38"]}, "erts-17.0.4/bin/ct_run": {"sha256": "aab3662c71b1fa731f15579ca772ee4a542bfef619c928abd6a52dc2da55094a", "libraries": "\tlinux-vdso.so.1 (0x0000fff73157c000)\n\tlibm.so.6 => /lib/aarch64-linux-gnu/libm.so.6 (0x0000fff731460000)\n\tlibc.so.6 => /lib/aarch64-linux-gnu/libc.so.6 (0x0000fff7312a0000)\n\t/lib/ld-linux-aarch64.so.1 (0x0000fff731540000)\n", "glibc": ["GLIBC_2.17", "GLIBC_2.34"]}, "erts-17.0.4/bin/dialyzer": {"sha256": "284b6aa35ef4c22d42ef7dc62cdcd6af61914d75d0622104185b4c5d122a1b53", "libraries": "\tlinux-vdso.so.1 (0x0000ffeba406c000)\n\tlibm.so.6 => /lib/aarch64-linux-gnu/libm.so.6 (0x0000ffeba3f40000)\n\tlibc.so.6 => /lib/aarch64-linux-gnu/libc.so.6 (0x0000ffeba3d80000)\n\t/lib/ld-linux-aarch64.so.1 (0x0000ffeba4020000)\n", "glibc": ["GLIBC_2.17", "GLIBC_2.34"]}, "erts-17.0.4/bin/epmd": {"sha256": "e335111ec747c35ee3f694289413baa5c2ca14accfb172f7f01a9c0239536c6c", "libraries": "\tlinux-vdso.so.1 (0x0000ffd60ae1c000)\n\tlibm.so.6 => /lib/aarch64-linux-gnu/libm.so.6 (0x0000ffd60ad00000)\n\tlibc.so.6 => /lib/aarch64-linux-gnu/libc.so.6 (0x0000ffd60ab40000)\n\t/lib/ld-linux-aarch64.so.1 (0x0000ffd60ade0000)\n", "glibc": ["GLIBC_2.17", "GLIBC_2.34", "GLIBC_2.38"]}, "erts-17.0.4/bin/erl_call": {"sha256": "578c36e7565cffb7d81cdeb03a40033dcc656123cec13ff62bab9e8e60b0ef90", "libraries": "\tlinux-vdso.so.1 (0x0000ffd4f58fe000)\n\tlibc.so.6 => /lib/aarch64-linux-gnu/libc.so.6 (0x0000ffd4f56b0000)\n\t/lib/ld-linux-aarch64.so.1 (0x0000ffd4f58b0000)\n", "glibc": ["GLIBC_2.17", "GLIBC_2.34", "GLIBC_2.38"]}, "erts-17.0.4/bin/erl_child_setup": {"sha256": "c80f5f92c7e5379b9809b78f2f3fc65933f5b382a1af3460050a46bb71154f20", "libraries": "\tlinux-vdso.so.1 (0x0000ffc92df8f000)\n\tlibc.so.6 => /lib/aarch64-linux-gnu/libc.so.6 (0x0000ffc92dd50000)\n\t/lib/ld-linux-aarch64.so.1 (0x0000ffc92df40000)\n", "glibc": ["GLIBC_2.17", "GLIBC_2.34", "GLIBC_2.38"]}, "erts-17.0.4/bin/erlc": {"sha256": "d437ab7db8ea9c27b0f45edb2c7dbe713dd3eb112af05300dbccd86aa1b9f720", "libraries": "\tlinux-vdso.so.1 (0x0000ff39092dc000)\n\tlibm.so.6 => /lib/aarch64-linux-gnu/libm.so.6 (0x0000ff39091b0000)\n\tlibc.so.6 => /lib/aarch64-linux-gnu/libc.so.6 (0x0000ff3908ff0000)\n\t/lib/ld-linux-aarch64.so.1 (0x0000ff39092a0000)\n", "glibc": ["GLIBC_2.17", "GLIBC_2.33", "GLIBC_2.34", "GLIBC_2.38"]}, "erts-17.0.4/bin/erlexec": {"sha256": "9f67618612702729ab2c84245b8ab3449beb5b660996e9937dd0eae3f1d10d52", "libraries": "\tlinux-vdso.so.1 (0x0000fff2d369c000)\n\tlibm.so.6 => /lib/aarch64-linux-gnu/libm.so.6 (0x0000fff2d3580000)\n\tlibc.so.6 => /lib/aarch64-linux-gnu/libc.so.6 (0x0000fff2d33c0000)\n\t/lib/ld-linux-aarch64.so.1 (0x0000fff2d3660000)\n", "glibc": ["GLIBC_2.17", "GLIBC_2.34"]}, "erts-17.0.4/bin/escript": {"sha256": "7938896287512300e3a866cc99d788cc382506a0b1428e5c59eaee2b5b87349e", "libraries": "\tlinux-vdso.so.1 (0x0000ff5302acc000)\n\tlibm.so.6 => /lib/aarch64-linux-gnu/libm.so.6 (0x0000ff53029b0000)\n\tlibc.so.6 => /lib/aarch64-linux-gnu/libc.so.6 (0x0000ff53027f0000)\n\t/lib/ld-linux-aarch64.so.1 (0x0000ff5302a90000)\n", "glibc": ["GLIBC_2.17", "GLIBC_2.34"]}, "erts-17.0.4/bin/heart": {"sha256": "e961189cda8626307638f0576d6415794df4badadaac4d7d1bdf09d39b285212", "libraries": "\tlinux-vdso.so.1 (0x0000ff3098cda000)\n\tlibc.so.6 => /lib/aarch64-linux-gnu/libc.so.6 (0x0000ff3098aa0000)\n\t/lib/ld-linux-aarch64.so.1 (0x0000ff3098c90000)\n", "glibc": ["GLIBC_2.17", "GLIBC_2.34", "GLIBC_2.38"]}, "erts-17.0.4/bin/inet_gethost": {"sha256": "abc240bf54f4ee4060e6f4f5066a7375d339e7c9c4b113767bb0c0186099ea8d", "libraries": "\tlinux-vdso.so.1 (0x0000ffb9f3cbc000)\n\tlibm.so.6 => /lib/aarch64-linux-gnu/libm.so.6 (0x0000ffb9f3ba0000)\n\tlibc.so.6 => /lib/aarch64-linux-gnu/libc.so.6 (0x0000ffb9f39e0000)\n\t/lib/ld-linux-aarch64.so.1 (0x0000ffb9f3c80000)\n", "glibc": ["GLIBC_2.17", "GLIBC_2.34", "GLIBC_2.38"]}, "erts-17.0.4/bin/run_erl": {"sha256": "7cc44bb9e4090e7d70adcf3a072948db7d3554c0545b6110246d432179ae3ba3", "libraries": "\tlinux-vdso.so.1 (0x0000ff22bad87000)\n\tlibc.so.6 => /lib/aarch64-linux-gnu/libc.so.6 (0x0000ff22bab50000)\n\t/lib/ld-linux-aarch64.so.1 (0x0000ff22bad40000)\n", "glibc": ["GLIBC_2.17", "GLIBC_2.34", "GLIBC_2.38"]}, "erts-17.0.4/bin/to_erl": {"sha256": "d2b23fd7a72596ea3291a9ab065f9282572558ac9fffe479540e93c755762760", "libraries": "\tlinux-vdso.so.1 (0x0000ff6d8194e000)\n\tlibc.so.6 => /lib/aarch64-linux-gnu/libc.so.6 (0x0000ff6d81710000)\n\t/lib/ld-linux-aarch64.so.1 (0x0000ff6d81900000)\n", "glibc": ["GLIBC_2.17", "GLIBC_2.34", "GLIBC_2.38"]}, "erts-17.0.4/bin/typer": {"sha256": "a0fb469204d56f8d82bcfca898a8525c993c94c6de5aeeb8672d17e8aa9607f8", "libraries": "\tlinux-vdso.so.1 (0x0000ff27a4f4e000)\n\tlibm.so.6 => /lib/aarch64-linux-gnu/libm.so.6 (0x0000ff27a4e20000)\n\tlibc.so.6 => /lib/aarch64-linux-gnu/libc.so.6 (0x0000ff27a4c60000)\n\t/lib/ld-linux-aarch64.so.1 (0x0000ff27a4f00000)\n", "glibc": ["GLIBC_2.17", "GLIBC_2.34"]}, "erts-17.0.4/bin/yielding_c_fun": {"sha256": "117606177ce98635cfb17578b63857c8b99297f05cfd4f190e722c68bf7d0aa7", "libraries": "\tlinux-vdso.so.1 (0x0000ffd4175af000)\n\tlibc.so.6 => /lib/aarch64-linux-gnu/libc.so.6 (0x0000ffd417340000)\n\t/lib/ld-linux-aarch64.so.1 (0x0000ffd417560000)\n", "glibc": ["GLIBC_2.17", "GLIBC_2.34"]}, "lib/aphid-0.1.0-dev/priv/lib/Elixir.Aphid.Native.so": {"sha256": "8232add3bd3faf792a7179d6edcefabf29493601ec49740acf166e7f480de6ce", "libraries": "\tlinux-vdso.so.1 (0x0000ff52f05ab000)\n\tlibaphid_bridge.so => /home/runner/work/_temp/aphid-current-consumer/mix-release-proof/relocated caf\u00e9 release/lib/aphid-0.1.0-dev/priv/lib/libaphid_bridge.so (0x0000ff52f02f0000)\n\tlibc.so.6 => /lib/aarch64-linux-gnu/libc.so.6 (0x0000ff52f0130000)\n\tlibpthread.so.0 => /lib/aarch64-linux-gnu/libpthread.so.0 (0x0000ff52f0100000)\n\tliblbug.so => /home/runner/work/_temp/aphid-current-consumer/mix-release-proof/relocated caf\u00e9 release/lib/aphid-0.1.0-dev/priv/lib/liblbug.so (0x0000ff52eb300000)\n\tlibstdc++.so.6 => /lib/aarch64-linux-gnu/libstdc++.so.6 (0x0000ff52eb070000)\n\tlibgcc_s.so.1 => /lib/aarch64-linux-gnu/libgcc_s.so.1 (0x0000ff52eb030000)\n\t/lib/ld-linux-aarch64.so.1 (0x0000ff52f0560000)\n\tlibm.so.6 => /lib/aarch64-linux-gnu/libm.so.6 (0x0000ff52eaf80000)\n", "glibc": ["GLIBC_2.17", "GLIBC_2.25", "GLIBC_2.27", "GLIBC_2.28"]}, "lib/aphid-0.1.0-dev/priv/lib/Elixir.Aphid.Proof.so": {"sha256": "b1db41ec30e2e5cc687fc01b2e127be1aad50bf42180859ada588f073ca0f54e", "libraries": "\tlinux-vdso.so.1 (0x0000ff873015c000)\n\tlibc.so.6 => /lib/aarch64-linux-gnu/libc.so.6 (0x0000ff872fd80000)\n\tlibpthread.so.0 => /lib/aarch64-linux-gnu/libpthread.so.0 (0x0000ff872fd50000)\n\t/lib/ld-linux-aarch64.so.1 (0x0000ff8730120000)\n", "glibc": ["GLIBC_2.17", "GLIBC_2.25", "GLIBC_2.27", "GLIBC_2.28"]}, "lib/aphid-0.1.0-dev/priv/lib/libaphid_bridge.so": {"sha256": "dec22ccb93953aba35af38af0454880d832a8b2aa04fc68b2c316c258959636f", "libraries": "\tlinux-vdso.so.1 (0x0000ff8d0869c000)\n\tliblbug.so => /home/runner/work/_temp/aphid-current-consumer/mix-release-proof/relocated caf\u00e9 release/lib/aphid-0.1.0-dev/priv/lib/liblbug.so (0x0000ff8d03810000)\n\tlibstdc++.so.6 => /lib/aarch64-linux-gnu/libstdc++.so.6 (0x0000ff8d03580000)\n\tlibgcc_s.so.1 => /lib/aarch64-linux-gnu/libgcc_s.so.1 (0x0000ff8d03540000)\n\tlibc.so.6 => /lib/aarch64-linux-gnu/libc.so.6 (0x0000ff8d03380000)\n\t/lib/ld-linux-aarch64.so.1 (0x0000ff8d08660000)\n\tlibm.so.6 => /lib/aarch64-linux-gnu/libm.so.6 (0x0000ff8d032d0000)\n", "glibc": ["GLIBC_2.17", "GLIBC_2.32"]}, "lib/aphid-0.1.0-dev/priv/lib/liblbug.so": {"sha256": "c2311d4273f619fbff9ae20ab4cc12f338275dafddd981ed87dff2ec44c592d7", "libraries": "\tlinux-vdso.so.1 (0x0000ff33ad95c000)\n\tlibstdc++.so.6 => /lib/aarch64-linux-gnu/libstdc++.so.6 (0x0000ff33a8890000)\n\tlibm.so.6 => /lib/aarch64-linux-gnu/libm.so.6 (0x0000ff33a87e0000)\n\tlibgcc_s.so.1 => /lib/aarch64-linux-gnu/libgcc_s.so.1 (0x0000ff33a87a0000)\n\tlibc.so.6 => /lib/aarch64-linux-gnu/libc.so.6 (0x0000ff33a85e0000)\n\t/lib/ld-linux-aarch64.so.1 (0x0000ff33ad920000)\n", "glibc": ["GLIBC_2.17", "GLIBC_2.23", "GLIBC_2.25", "GLIBC_2.29", "GLIBC_2.32", "GLIBC_2.33", "GLIBC_2.34", "GLIBC_2.38"]}, "lib/crypto-5.9.2/priv/lib/crypto.so": {"sha256": "a577499088d4a86165f50583e0d4b0d5542b0adbb1d85a720103b1537d2e8fd1", "libraries": "\tlinux-vdso.so.1 (0x0000ff1ebbeea000)\n\tlibcrypto.so.3 => /usr/lib/aarch64-linux-gnu/libcrypto.so.3 (0x0000ff1ebb9c0000)\n\tlibc.so.6 => /usr/lib/aarch64-linux-gnu/libc.so.6 (0x0000ff1ebb800000)\n\t/lib/ld-linux-aarch64.so.1 (0x0000ff1ebbea0000)\n", "glibc": ["GLIBC_2.17"]}, "lib/crypto-5.9.2/priv/lib/crypto_callback.so": {"sha256": "a4e67da6f8a9065b75ce7449af138fee674089fa7e460dbc6137c819c0761300", "libraries": "\tlinux-vdso.so.1 (0x0000ff54b0c6c000)\n\tlibc.so.6 => /lib/aarch64-linux-gnu/libc.so.6 (0x0000ff54b0a40000)\n\t/lib/ld-linux-aarch64.so.1 (0x0000ff54b0c30000)\n", "glibc": ["GLIBC_2.17"]}, "lib/crypto-5.9.2/priv/lib/otp_test_engine.so": {"sha256": "f3e94d48a21b091e4361f01098653f88f0f579a143a1f223db9b2a8334cf74cf", "libraries": "\tlinux-vdso.so.1 (0x0000ffc510ba9000)\n\tlibcrypto.so.3 => /usr/lib/aarch64-linux-gnu/libcrypto.so.3 (0x0000ffc5106a0000)\n\tlibc.so.6 => /usr/lib/aarch64-linux-gnu/libc.so.6 (0x0000ffc5104e0000)\n\t/lib/ld-linux-aarch64.so.1 (0x0000ffc510b60000)\n", "glibc": ["GLIBC_2.17"]}, "validation/_build/native/tests/fixture": {"sha256": "ebefae04cc752f1c31f57ae684ed6f39066dfe24bb9d80c0ef8909de53870290", "libraries": "\tlinux-vdso.so.1 (0x0000ff841c85c000)\n\tlibstdc++.so.6 => /lib/aarch64-linux-gnu/libstdc++.so.6 (0x0000ff8419b50000)\n\tlibm.so.6 => /lib/aarch64-linux-gnu/libm.so.6 (0x0000ff8419aa0000)\n\tlibgcc_s.so.1 => /lib/aarch64-linux-gnu/libgcc_s.so.1 (0x0000ff8419a60000)\n\tlibc.so.6 => /lib/aarch64-linux-gnu/libc.so.6 (0x0000ff84198a0000)\n\t/lib/ld-linux-aarch64.so.1 (0x0000ff841c820000)\n", "glibc": ["GLIBC_2.17", "GLIBC_2.23", "GLIBC_2.25", "GLIBC_2.29", "GLIBC_2.32", "GLIBC_2.33", "GLIBC_2.34", "GLIBC_2.38"]}}}
2026-09-08T07:33:04.9183145Z Linux release guards verified: no network routes, hidden build/host runtimes, compiler denied
2026-09-08T07:33:04.9599237Z {"command": ["sudo", "-E", "bwrap", "--die-with-parent", "--unshare-pid", "--ro-bind", "/", "/", "--dev", "/dev", "--proc", "/proc", "--bind", "/home/runner/work/_temp/aphid-current-consumer/mix-release-proof", "/home/runner/work/_temp/aphid-current-consumer/mix-release-proof", "--unshare-net", "--tmpfs", "/home/runner/work/Aphid/Aphid", "--tmpfs", "/home/runner/work/Aphid", "--tmpfs", "/home/runner/work/_temp/aphid-current-consumer/fresh", "--tmpfs", "/home/runner/work/_temp/aphid-current-consumer/mix-release-proof/build", "--tmpfs", "/home/runner/work/_temp/aphid-current-consumer/mix-release-proof/assembled", "--tmpfs", "/home/runner/work/_temp/.setup-beam/otp", "--tmpfs", "/home/runner/work/_temp/.setup-beam/elixir", "--tmpfs", "/home/runner/.mix", "--ro-bind", "/dev/null", "/usr/bin/aarch64-linux-gnu-as", "--ro-bind", "/dev/null", "/usr/bin/aarch64-linux-gnu-g++-12", "--ro-bind", "/dev/null", "/usr/bin/aarch64-linux-gnu-g++-13", "--ro-bind", "/dev/null", "/usr/bin/aarch64-linux-gnu-g++-14", "--ro-bind", "/dev/null", "/usr/bin/aarch64-linux-gnu-gcc-12", "--ro-bind", "/dev/null", "/usr/bin/aarch64-linux-gnu-gcc-13", "--ro-bind", "/dev/null", "/usr/bin/aarch64-linux-gnu-gcc-14", "--ro-bind", "/dev/null", "/usr/bin/aarch64-linux-gnu-ld.bfd", "--ro-bind", "/dev/null", "/usr/bin/c89-gcc", "--ro-bind", "/dev/null", "/usr/bin/c99-gcc", "--ro-bind", "/dev/null", "/usr/bin/make", "--ro-bind", "/dev/null", "/usr/lib/llvm-16/bin/clang", "--ro-bind", "/dev/null", "/usr/lib/llvm-16/bin/lld", "--ro-bind", "/dev/null", "/usr/lib/llvm-16/bin/llvm-as", "--ro-bind", "/dev/null", "/usr/lib/llvm-17/bin/clang", "--ro-bind", "/dev/null", "/usr/lib/llvm-17/bin/lld", "--ro-bind", "/dev/null", "/usr/lib/llvm-17/bin/llvm-as", "--ro-bind", "/dev/null", "/usr/lib/llvm-18/bin/clang", "--ro-bind", "/dev/null", "/usr/lib/llvm-18/bin/lld", "--ro-bind", "/dev/null", "/usr/lib/llvm-18/bin/llvm-as", "--ro-bind", "/dev/null", "/usr/local/bin/cmake", "--ro-bind", "/dev/null", "/usr/local/bin/ninja", "--cap-add", "CAP_SETUID", "--cap-add", "CAP_SETGID", "--cap-add", "CAP_SETPCAP", "--clearenv", "--setenv", "LANG", "C.UTF-8", "--setenv", "HOME", "/home/runner/work/_temp/aphid-current-consumer/mix-release-proof/home", "--setenv", "PATH", "/usr/bin:/bin:/usr/sbin:/sbin", "--setenv", "TMPDIR", "/home/runner/work/_temp/aphid-current-consumer/mix-release-proof/tmp", "--setenv", "ERL_FLAGS", "+S 1:1 +SDcpu 1:1", "--setenv", "RELEASE_DISTRIBUTION", "none", "--setenv", "PROOF_DATABASE", "/home/runner/work/_temp/aphid-current-consumer/mix-release-proof/persistent.db", "--setenv", "PROOF_DENIED_FILES", "/home/runner/work/Aphid/Aphid/mix.exs|/home/runner/work/_temp/aphid-current-consumer/mix-release-proof/build/mix.exs|/home/runner/work/_temp/aphid-current-consumer/fresh/consumer/mix.exs|/home/runner/work/_temp/.setup-beam/elixir/bin/elixir", "--", "/usr/bin/setpriv", "--reuid", "1001", "--regid", "1001", "--clear-groups", "--bounding-set=-all", "--no-new-privs", "--", "/home/runner/work/_temp/aphid-current-consumer/mix-release-proof/relocated caf\u00e9 release/bin/aphid_consumer", "eval", "Code.require_file(\"guards.exs\")"], "cwd": "/home/runner/work/_temp/aphid-current-consumer/mix-release-proof/relocated caf\u00e9 release/validation", "exit": 0, "seconds": 0.365}
2026-09-08T07:33:05.4580619Z bundled release runtime: {"1.20.0", ~c"17.0.4",
2026-09-08T07:33:05.4581486Z  "/home/runner/work/_temp/aphid-current-consumer/mix-release-proof/relocated café release"}
2026-09-08T07:33:07.0439372Z Running ExUnit with seed: 0, max_cases: 2
2026-09-08T07:33:07.0439799Z 
2026-09-08T07:33:11.8931034Z ................Aphid basic example passed
2026-09-08T07:33:11.9250849Z .Aphid transaction example passed
2026-09-08T07:33:11.9511141Z .Aphid stream example passed
2026-09-08T07:33:12.0311303Z .Aphid FTS example passed
2026-09-08T07:33:12.0691206Z .Aphid vector example passed
2026-09-08T07:33:12.1534859Z .Aphid DuckDB example passed
2026-09-08T07:33:18.1667310Z .............stale-cancel race: 30 iterations; maximum cancel-to-idle 197006 us
2026-09-08T07:33:23.4701402Z ........heartbeat: 11 samples; maximum gap 6 ms
2026-09-08T07:33:23.5599126Z .
2026-09-08T07:33:23.5600798Z 07:33:23.558 [error] Aphid artifact [unloadable]: /home/runner/work/_temp/aphid-current-consumer/mix-release-proof/relocated café release/lib/aphid-0.1.0-dev/priv/lib/Elixir.Aphid.Native: {:upgrade, ~c"Library upgrade-call unsuccessful (-1)."}; use the matching complete bundle and runtime. No source fallback.
2026-09-08T07:33:23.5626576Z 
2026-09-08T07:33:23.5626999Z 07:33:23.560 [warning] The on_load function for module Elixir.Aphid.Native returned:
2026-09-08T07:33:23.5627507Z {:error, {:upgrade, ~c"Library upgrade-call unsuccessful (-1)."}}
2026-09-08T07:33:23.5627788Z 
2026-09-08T07:33:26.0947538Z .................................................
2026-09-08T07:33:26.0964003Z Finished in 19.0 seconds (0.00s async, 19.0s sync)
2026-09-08T07:33:26.0964943Z 
2026-09-08T07:33:26.0965195Z Result: 92 passed
2026-09-08T07:33:26.0965478Z relocated Mix release: all 92 tests passed
2026-09-08T07:33:26.1359621Z {"command": ["sudo", "-E", "bwrap", "--die-with-parent", "--unshare-pid", "--ro-bind", "/", "/", "--dev", "/dev", "--proc", "/proc", "--bind", "/home/runner/work/_temp/aphid-current-consumer/mix-release-proof", "/home/runner/work/_temp/aphid-current-consumer/mix-release-proof", "--unshare-net", "--tmpfs", "/home/runner/work/Aphid/Aphid", "--tmpfs", "/home/runner/work/Aphid", "--tmpfs", "/home/runner/work/_temp/aphid-current-consumer/fresh", "--tmpfs", "/home/runner/work/_temp/aphid-current-consumer/mix-release-proof/build", "--tmpfs", "/home/runner/work/_temp/aphid-current-consumer/mix-release-proof/assembled", "--tmpfs", "/home/runner/work/_temp/.setup-beam/otp", "--tmpfs", "/home/runner/work/_temp/.setup-beam/elixir", "--tmpfs", "/home/runner/.mix", "--ro-bind", "/dev/null", "/usr/bin/aarch64-linux-gnu-as", "--ro-bind", "/dev/null", "/usr/bin/aarch64-linux-gnu-g++-12", "--ro-bind", "/dev/null", "/usr/bin/aarch64-linux-gnu-g++-13", "--ro-bind", "/dev/null", "/usr/bin/aarch64-linux-gnu-g++-14", "--ro-bind", "/dev/null", "/usr/bin/aarch64-linux-gnu-gcc-12", "--ro-bind", "/dev/null", "/usr/bin/aarch64-linux-gnu-gcc-13", "--ro-bind", "/dev/null", "/usr/bin/aarch64-linux-gnu-gcc-14", "--ro-bind", "/dev/null", "/usr/bin/aarch64-linux-gnu-ld.bfd", "--ro-bind", "/dev/null", "/usr/bin/c89-gcc", "--ro-bind", "/dev/null", "/usr/bin/c99-gcc", "--ro-bind", "/dev/null", "/usr/bin/make", "--ro-bind", "/dev/null", "/usr/lib/llvm-16/bin/clang", "--ro-bind", "/dev/null", "/usr/lib/llvm-16/bin/lld", "--ro-bind", "/dev/null", "/usr/lib/llvm-16/bin/llvm-as", "--ro-bind", "/dev/null", "/usr/lib/llvm-17/bin/clang", "--ro-bind", "/dev/null", "/usr/lib/llvm-17/bin/lld", "--ro-bind", "/dev/null", "/usr/lib/llvm-17/bin/llvm-as", "--ro-bind", "/dev/null", "/usr/lib/llvm-18/bin/clang", "--ro-bind", "/dev/null", "/usr/lib/llvm-18/bin/lld", "--ro-bind", "/dev/null", "/usr/lib/llvm-18/bin/llvm-as", "--ro-bind", "/dev/null", "/usr/local/bin/cmake", "--ro-bind", "/dev/null", "/usr/local/bin/ninja", "--cap-add", "CAP_SETUID", "--cap-add", "CAP_SETGID", "--cap-add", "CAP_SETPCAP", "--clearenv", "--setenv", "LANG", "C.UTF-8", "--setenv", "HOME", "/home/runner/work/_temp/aphid-current-consumer/mix-release-proof/home", "--setenv", "PATH", "/usr/bin:/bin:/usr/sbin:/sbin", "--setenv", "TMPDIR", "/home/runner/work/_temp/aphid-current-consumer/mix-release-proof/tmp", "--setenv", "ERL_FLAGS", "+S 1:1 +SDcpu 1:1", "--setenv", "RELEASE_DISTRIBUTION", "none", "--setenv", "PROOF_DATABASE", "/home/runner/work/_temp/aphid-current-consumer/mix-release-proof/persistent.db", "--setenv", "PROOF_DENIED_FILES", "/home/runner/work/Aphid/Aphid/mix.exs|/home/runner/work/_temp/aphid-current-consumer/mix-release-proof/build/mix.exs|/home/runner/work/_temp/aphid-current-consumer/fresh/consumer/mix.exs|/home/runner/work/_temp/.setup-beam/elixir/bin/elixir", "--", "/usr/bin/setpriv", "--reuid", "1001", "--regid", "1001", "--clear-groups", "--bounding-set=-all", "--no-new-privs", "--", "/home/runner/work/_temp/aphid-current-consumer/mix-release-proof/relocated caf\u00e9 release/bin/aphid_consumer", "eval", "Code.require_file(\"suite.exs\")"], "cwd": "/home/runner/work/_temp/aphid-current-consumer/mix-release-proof/relocated caf\u00e9 release/validation", "exit": 0, "seconds": 21.176}
2026-09-08T07:33:26.8768212Z 
2026-09-08T07:33:26.8768807Z 07:33:26.876 [notice] Application aphid exited: :stopped
2026-09-08T07:33:26.8769346Z embedded activation passed; application restart did not reload NIFs
2026-09-08T07:33:26.9031828Z release start booted applications, loaded both NIFs, persisted data and closed database
2026-09-08T07:33:26.9731035Z {"command": ["sudo", "-E", "bwrap", "--die-with-parent", "--unshare-pid", "--ro-bind", "/", "/", "--dev", "/dev", "--proc", "/proc", "--bind", "/home/runner/work/_temp/aphid-current-consumer/mix-release-proof", "/home/runner/work/_temp/aphid-current-consumer/mix-release-proof", "--unshare-net", "--tmpfs", "/home/runner/work/Aphid/Aphid", "--tmpfs", "/home/runner/work/Aphid", "--tmpfs", "/home/runner/work/_temp/aphid-current-consumer/fresh", "--tmpfs", "/home/runner/work/_temp/aphid-current-consumer/mix-release-proof/build", "--tmpfs", "/home/runner/work/_temp/aphid-current-consumer/mix-release-proof/assembled", "--tmpfs", "/home/runner/work/_temp/.setup-beam/otp", "--tmpfs", "/home/runner/work/_temp/.setup-beam/elixir", "--tmpfs", "/home/runner/.mix", "--ro-bind", "/dev/null", "/usr/bin/aarch64-linux-gnu-as", "--ro-bind", "/dev/null", "/usr/bin/aarch64-linux-gnu-g++-12", "--ro-bind", "/dev/null", "/usr/bin/aarch64-linux-gnu-g++-13", "--ro-bind", "/dev/null", "/usr/bin/aarch64-linux-gnu-g++-14", "--ro-bind", "/dev/null", "/usr/bin/aarch64-linux-gnu-gcc-12", "--ro-bind", "/dev/null", "/usr/bin/aarch64-linux-gnu-gcc-13", "--ro-bind", "/dev/null", "/usr/bin/aarch64-linux-gnu-gcc-14", "--ro-bind", "/dev/null", "/usr/bin/aarch64-linux-gnu-ld.bfd", "--ro-bind", "/dev/null", "/usr/bin/c89-gcc", "--ro-bind", "/dev/null", "/usr/bin/c99-gcc", "--ro-bind", "/dev/null", "/usr/bin/make", "--ro-bind", "/dev/null", "/usr/lib/llvm-16/bin/clang", "--ro-bind", "/dev/null", "/usr/lib/llvm-16/bin/lld", "--ro-bind", "/dev/null", "/usr/lib/llvm-16/bin/llvm-as", "--ro-bind", "/dev/null", "/usr/lib/llvm-17/bin/clang", "--ro-bind", "/dev/null", "/usr/lib/llvm-17/bin/lld", "--ro-bind", "/dev/null", "/usr/lib/llvm-17/bin/llvm-as", "--ro-bind", "/dev/null", "/usr/lib/llvm-18/bin/clang", "--ro-bind", "/dev/null", "/usr/lib/llvm-18/bin/lld", "--ro-bind", "/dev/null", "/usr/lib/llvm-18/bin/llvm-as", "--ro-bind", "/dev/null", "/usr/local/bin/cmake", "--ro-bind", "/dev/null", "/usr/local/bin/ninja", "--cap-add", "CAP_SETUID", "--cap-add", "CAP_SETGID", "--cap-add", "CAP_SETPCAP", "--clearenv", "--setenv", "LANG", "C.UTF-8", "--setenv", "HOME", "/home/runner/work/_temp/aphid-current-consumer/mix-release-proof/home", "--setenv", "PATH", "/usr/bin:/bin:/usr/sbin:/sbin", "--setenv", "TMPDIR", "/home/runner/work/_temp/aphid-current-consumer/mix-release-proof/tmp", "--setenv", "ERL_FLAGS", "+S 1:1 +SDcpu 1:1", "--setenv", "RELEASE_DISTRIBUTION", "none", "--setenv", "PROOF_DATABASE", "/home/runner/work/_temp/aphid-current-consumer/mix-release-proof/persistent.db", "--setenv", "PROOF_DENIED_FILES", "/home/runner/work/Aphid/Aphid/mix.exs|/home/runner/work/_temp/aphid-current-consumer/mix-release-proof/build/mix.exs|/home/runner/work/_temp/aphid-current-consumer/fresh/consumer/mix.exs|/home/runner/work/_temp/.setup-beam/elixir/bin/elixir", "--setenv", "RELEASE_VM_ARGS", "/home/runner/work/_temp/aphid-current-consumer/mix-release-proof/start.vm.args", "--setenv", "PROOF_START_SCRIPT", "/home/runner/work/_temp/aphid-current-consumer/mix-release-proof/relocated caf\u00e9 release/validation/start.exs", "--", "/usr/bin/setpriv", "--reuid", "1001", "--regid", "1001", "--clear-groups", "--bounding-set=-all", "--no-new-privs", "--", "/home/runner/work/_temp/aphid-current-consumer/mix-release-proof/relocated caf\u00e9 release/bin/aphid_consumer", "start"], "cwd": "/home/runner/work/_temp/aphid-current-consumer/mix-release-proof/relocated caf\u00e9 release/validation", "exit": 0, "seconds": 0.815}
2026-09-08T07:33:27.4980620Z new release VM reopened persisted database after graceful shutdown
2026-09-08T07:33:27.5380667Z {"command": ["sudo", "-E", "bwrap", "--die-with-parent", "--unshare-pid", "--ro-bind", "/", "/", "--dev", "/dev", "--proc", "/proc", "--bind", "/home/runner/work/_temp/aphid-current-consumer/mix-release-proof", "/home/runner/work/_temp/aphid-current-consumer/mix-release-proof", "--unshare-net", "--tmpfs", "/home/runner/work/Aphid/Aphid", "--tmpfs", "/home/runner/work/Aphid", "--tmpfs", "/home/runner/work/_temp/aphid-current-consumer/fresh", "--tmpfs", "/home/runner/work/_temp/aphid-current-consumer/mix-release-proof/build", "--tmpfs", "/home/runner/work/_temp/aphid-current-consumer/mix-release-proof/assembled", "--tmpfs", "/home/runner/work/_temp/.setup-beam/otp", "--tmpfs", "/home/runner/work/_temp/.setup-beam/elixir", "--tmpfs", "/home/runner/.mix", "--ro-bind", "/dev/null", "/usr/bin/aarch64-linux-gnu-as", "--ro-bind", "/dev/null", "/usr/bin/aarch64-linux-gnu-g++-12", "--ro-bind", "/dev/null", "/usr/bin/aarch64-linux-gnu-g++-13", "--ro-bind", "/dev/null", "/usr/bin/aarch64-linux-gnu-g++-14", "--ro-bind", "/dev/null", "/usr/bin/aarch64-linux-gnu-gcc-12", "--ro-bind", "/dev/null", "/usr/bin/aarch64-linux-gnu-gcc-13", "--ro-bind", "/dev/null", "/usr/bin/aarch64-linux-gnu-gcc-14", "--ro-bind", "/dev/null", "/usr/bin/aarch64-linux-gnu-ld.bfd", "--ro-bind", "/dev/null", "/usr/bin/c89-gcc", "--ro-bind", "/dev/null", "/usr/bin/c99-gcc", "--ro-bind", "/dev/null", "/usr/bin/make", "--ro-bind", "/dev/null", "/usr/lib/llvm-16/bin/clang", "--ro-bind", "/dev/null", "/usr/lib/llvm-16/bin/lld", "--ro-bind", "/dev/null", "/usr/lib/llvm-16/bin/llvm-as", "--ro-bind", "/dev/null", "/usr/lib/llvm-17/bin/clang", "--ro-bind", "/dev/null", "/usr/lib/llvm-17/bin/lld", "--ro-bind", "/dev/null", "/usr/lib/llvm-17/bin/llvm-as", "--ro-bind", "/dev/null", "/usr/lib/llvm-18/bin/clang", "--ro-bind", "/dev/null", "/usr/lib/llvm-18/bin/lld", "--ro-bind", "/dev/null", "/usr/lib/llvm-18/bin/llvm-as", "--ro-bind", "/dev/null", "/usr/local/bin/cmake", "--ro-bind", "/dev/null", "/usr/local/bin/ninja", "--cap-add", "CAP_SETUID", "--cap-add", "CAP_SETGID", "--cap-add", "CAP_SETPCAP", "--clearenv", "--setenv", "LANG", "C.UTF-8", "--setenv", "HOME", "/home/runner/work/_temp/aphid-current-consumer/mix-release-proof/home", "--setenv", "PATH", "/usr/bin:/bin:/usr/sbin:/sbin", "--setenv", "TMPDIR", "/home/runner/work/_temp/aphid-current-consumer/mix-release-proof/tmp", "--setenv", "ERL_FLAGS", "+S 1:1 +SDcpu 1:1", "--setenv", "RELEASE_DISTRIBUTION", "none", "--setenv", "PROOF_DATABASE", "/home/runner/work/_temp/aphid-current-consumer/mix-release-proof/persistent.db", "--setenv", "PROOF_DENIED_FILES", "/home/runner/work/Aphid/Aphid/mix.exs|/home/runner/work/_temp/aphid-current-consumer/mix-release-proof/build/mix.exs|/home/runner/work/_temp/aphid-current-consumer/fresh/consumer/mix.exs|/home/runner/work/_temp/.setup-beam/elixir/bin/elixir", "--", "/usr/bin/setpriv", "--reuid", "1001", "--regid", "1001", "--clear-groups", "--bounding-set=-all", "--no-new-privs", "--", "/home/runner/work/_temp/aphid-current-consumer/mix-release-proof/relocated caf\u00e9 release/bin/aphid_consumer", "eval", "Code.require_file(\"reopen.exs\")"], "cwd": "/home/runner/work/_temp/aphid-current-consumer/mix-release-proof/relocated caf\u00e9 release/validation", "exit": 0, "seconds": 0.565}
2026-09-08T07:33:27.7248693Z retained ExUnit scratch databases (not archive contents): ['validation/tmp/Aphid.TransactionTest/test-supervisor-death-stops-even-an-exit-trapping-callback-before-persistent-reopen-cc171fa5/graph', 'validation/tmp/AphidTest/test-supervisor-restart-preserves-data-and-waits-for-the-retiring-native-owner-1f95b412/graph']
2026-09-08T07:33:27.8380821Z relocated Mix release passed: closure unchanged, compiler-free, offline start/shutdown/reopen, 92 tests; no release support claim
2026-09-08T07:33:27.8624043Z {"command": ["/opt/hostedtoolcache/Python/3.14.7/arm64/bin/python3", "scripts/mix_release.py", "--consumer", "/home/runner/work/_temp/aphid-current-consumer/fresh", "--destination", "/home/runner/work/_temp/aphid-current-consumer/mix-release-proof", "--output", "/home/runner/work/_temp/aphid-current-consumer/mix-release-validation.tar.gz"], "cwd": "/home/runner/work/Aphid/Aphid", "exit": 0, "seconds": 40.194}
2026-09-08T07:33:29.2487386Z missing embedded startup rejected 1
2026-09-08T07:33:29.2781116Z {"command": ["/opt/hostedtoolcache/Python/3.14.7/arm64/bin/python3", "/home/runner/work/_temp/aphid-current-consumer/embedded-failures/check.py", "/home/runner/work/_temp/aphid-current-consumer/embedded-failures/missing.log", "missing", "/home/runner/work/_temp/aphid-current-consumer/mix-release-proof/relocated caf\u00e9 release/bin/aphid_consumer", "start"], "cwd": "/home/runner/work/_temp/aphid-current-consumer/embedded-failures", "exit": 0, "seconds": 1.269}
2026-09-08T07:33:30.7247694Z corrupt embedded startup rejected 1
2026-09-08T07:33:30.7779818Z {"command": ["/opt/hostedtoolcache/Python/3.14.7/arm64/bin/python3", "/home/runner/work/_temp/aphid-current-consumer/embedded-failures/check.py", "/home/runner/work/_temp/aphid-current-consumer/embedded-failures/corrupt.log", "corrupt", "/home/runner/work/_temp/aphid-current-consumer/mix-release-proof/relocated caf\u00e9 release/bin/aphid_consumer", "start"], "cwd": "/home/runner/work/_temp/aphid-current-consumer/embedded-failures", "exit": 0, "seconds": 1.367}
2026-09-08T07:33:32.3569377Z unloadable embedded startup rejected 1
2026-09-08T07:33:32.3995929Z {"command": ["/opt/hostedtoolcache/Python/3.14.7/arm64/bin/python3", "/home/runner/work/_temp/aphid-current-consumer/embedded-failures/check.py", "/home/runner/work/_temp/aphid-current-consumer/embedded-failures/unloadable.log", "unloadable", "sudo", "-E", "unshare", "--mount", "--fork", "--propagation", "private", "sh", "-c", "mount --bind \"$1\" \"$1\" && mount -o remount,bind,noexec \"$1\" && shift && exec \"$@\"", "noexec-proof", "/home/runner/work/_temp/aphid-current-consumer/mix-release-proof/relocated caf\u00e9 release/lib/aphid-0.1.0-dev/priv/lib", "/usr/bin/setpriv", "--reuid", "1001", "--regid", "1001", "--clear-groups", "--no-new-privs", "--", "/usr/bin/env", "PATH=/home/runner/work/_temp/.setup-beam/elixir/bin:/home/runner/.mix/escripts:/home/runner/work/_temp/.setup-beam/otp/bin:/opt/hostedtoolcache/Python/3.14.7/arm64/bin:/opt/hostedtoolcache/Python/3.14.7/arm64:/snap/bin:/home/runner/.local/bin:/opt/pipx_bin:/home/runner/.cargo/bin:/home/runner/.config/composer/vendor/bin:/home/runner/.dotnet/tools:/usr/local/sbin:/usr/local/bin:/usr/sbin:/usr/bin:/sbin:/bin:/usr/games:/usr/local/games:/snap/bin", "/home/runner/work/_temp/aphid-current-consumer/mix-release-proof/relocated caf\u00e9 release/bin/aphid_consumer", "start"], "cwd": "/home/runner/work/_temp/aphid-current-consumer/embedded-failures", "exit": 0, "seconds": 1.37}
2026-09-08T07:33:32.5005693Z embedded missing/corrupt/unloadable startup failures passed; native closure restored unchanged
2026-09-08T07:33:32.5367130Z {"command": ["/opt/hostedtoolcache/Python/3.14.7/arm64/bin/python3", "scripts/embedded_failures.py", "--release-work", "/home/runner/work/_temp/aphid-current-consumer/mix-release-proof", "--destination", "/home/runner/work/_temp/aphid-current-consumer/embedded-failures"], "cwd": "/home/runner/work/Aphid/Aphid", "exit": 0, "seconds": 4.674}
2026-09-08T07:33:32.5368699Z Current combined source package passed with the unchanged qualified Linux bundle; no native build or artifact upload.
2026-09-08T07:33:32.5612456Z Post job cleanup.
2026-09-08T07:33:32.7037869Z Post job cleanup.
2026-09-08T07:33:32.7729768Z [command]/usr/bin/git version
2026-09-08T07:33:32.7764913Z git version 2.55.0
2026-09-08T07:33:32.7799913Z Temporarily overriding HOME='/home/runner/work/_temp/8f49a517-287e-415c-99b9-bb15e95ea595' before making global git config changes
2026-09-08T07:33:32.7800828Z Adding repository directory to the temporary git global config as a safe directory
2026-09-08T07:33:32.7813484Z [command]/usr/bin/git config --global --add safe.directory /home/runner/work/Aphid/Aphid
2026-09-08T07:33:32.7837641Z Removing SSH command configuration
2026-09-08T07:33:32.7844916Z [command]/usr/bin/git config --local --name-only --get-regexp core\.sshCommand
2026-09-08T07:33:32.7874685Z [command]/usr/bin/git submodule foreach --recursive sh -c "git config --local --name-only --get-regexp 'core\.sshCommand' && git config --local --unset-all 'core.sshCommand' || :"
2026-09-08T07:33:32.8059332Z Removing HTTP extra header
2026-09-08T07:33:32.8065474Z [command]/usr/bin/git config --local --name-only --get-regexp http\.https\:\/\/github\.com\/\.extraheader
2026-09-08T07:33:32.8092990Z [command]/usr/bin/git submodule foreach --recursive sh -c "git config --local --name-only --get-regexp 'http\.https\:\/\/github\.com\/\.extraheader' && git config --local --unset-all 'http.https://github.com/.extraheader' || :"
2026-09-08T07:33:32.8277508Z Removing includeIf entries pointing to credentials config files
2026-09-08T07:33:32.8285856Z [command]/usr/bin/git config --local --name-only --get-regexp ^includeIf\.gitdir:
2026-09-08T07:33:32.8311300Z [command]/usr/bin/git submodule foreach --recursive git config --local --show-origin --name-only --get-regexp remote.origin.url
2026-09-08T07:33:32.8628661Z Cleaning up orphan processes
