2026-09-08T07:31:05.8853657Z Current runner version: '2.337.0'
2026-09-08T07:31:05.8882962Z ##[group]Runner Image Provisioner
2026-09-08T07:31:05.8883893Z Hosted Compute Agent
2026-09-08T07:31:05.8884559Z Version: 20260828.587
2026-09-08T07:31:05.8885553Z Commit: abac92662cab4cc7352de4f9f9d2e2419aad9c29
2026-09-08T07:31:05.8886313Z Build Date: 2026-08-28T16:44:25Z
2026-09-08T07:31:05.8887108Z Worker ID: {b61d3b5d-9eb0-4e5e-805b-6ded1c27e5ca}
2026-09-08T07:31:05.8887852Z Azure Region: westcentralus
2026-09-08T07:31:05.8888495Z ##[endgroup]
2026-09-08T07:31:05.8890231Z ##[group]Operating System
2026-09-08T07:31:05.8890895Z Ubuntu
2026-09-08T07:31:05.8891568Z 24.04.4
2026-09-08T07:31:05.8892194Z LTS
2026-09-08T07:31:05.8892756Z ##[endgroup]
2026-09-08T07:31:05.8893535Z ##[group]Runner Image
2026-09-08T07:31:05.8894193Z Image: ubuntu-24.04
2026-09-08T07:31:05.8894894Z Version: 20260831.293.1
2026-09-08T07:31:05.8896565Z Included Software: https://github.com/actions/runner-images/blob/ubuntu24/20260831.293/images/ubuntu/Ubuntu2404-Readme.md
2026-09-08T07:31:05.8898250Z Image Release: https://github.com/actions/runner-images/releases/tag/ubuntu24%2F20260831.293
2026-09-08T07:31:05.8899230Z ##[endgroup]
2026-09-08T07:31:05.8900493Z ##[group]GITHUB_TOKEN Permissions
2026-09-08T07:31:05.8902746Z Actions: read
2026-09-08T07:31:05.8903551Z Contents: read
2026-09-08T07:31:05.8904157Z Metadata: read
2026-09-08T07:31:05.8904678Z ##[endgroup]
2026-09-08T07:31:05.8907907Z Secret source: Actions
2026-09-08T07:31:05.8909193Z Prepare workflow directory
2026-09-08T07:31:05.9270811Z Prepare all required actions
2026-09-08T07:31:05.9322053Z Getting action download info
2026-09-08T07:31:06.2451860Z Download action repository 'actions/checkout@d23441a48e516b6c34aea4fa41551a30e30af803' (SHA:d23441a48e516b6c34aea4fa41551a30e30af803)
2026-09-08T07:31:06.3748574Z Download action repository 'actions/setup-python@ece7cb06caefa5fff74198d8649806c4678c61a1' (SHA:ece7cb06caefa5fff74198d8649806c4678c61a1)
2026-09-08T07:31:06.4566333Z Download action repository 'erlef/setup-beam@54075bcc5e249e4758d363f27d099f55d843f124' (SHA:54075bcc5e249e4758d363f27d099f55d843f124)
2026-09-08T07:31:07.1108563Z Download action repository 'actions/upload-artifact@ea165f8d65b6e75b540449e92b4886f43607fa02' (SHA:ea165f8d65b6e75b540449e92b4886f43607fa02)
2026-09-08T07:31:07.3442933Z Complete job name: consumer (ubuntu-24.04, x86_64-linux-gnu)
2026-09-08T07:31:07.4313339Z ##[group]Run actions/checkout@d23441a48e516b6c34aea4fa41551a30e30af803
2026-09-08T07:31:07.4314556Z with:
2026-09-08T07:31:07.4315281Z   persist-credentials: false
2026-09-08T07:31:07.4315889Z   repository: catethos/Aphid
2026-09-08T07:31:07.4320262Z   token: ***
2026-09-08T07:31:07.4320756Z   ssh-strict: true
2026-09-08T07:31:07.4321238Z   ssh-user: git
2026-09-08T07:31:07.4321699Z   clean: true
2026-09-08T07:31:07.4322190Z   sparse-checkout-cone-mode: true
2026-09-08T07:31:07.4322774Z   fetch-depth: 1
2026-09-08T07:31:07.4323256Z   fetch-tags: false
2026-09-08T07:31:07.4323748Z   show-progress: true
2026-09-08T07:31:07.4324277Z   lfs: false
2026-09-08T07:31:07.4324785Z   submodules: false
2026-09-08T07:31:07.4325440Z   set-safe-directory: true
2026-09-08T07:31:07.4326002Z   allow-unsafe-pr-checkout: false
2026-09-08T07:31:07.4326893Z ##[endgroup]
2026-09-08T07:31:07.5428943Z Syncing repository: catethos/Aphid
2026-09-08T07:31:07.5431154Z ##[group]Getting Git version info
2026-09-08T07:31:07.5432622Z Working directory is '/home/runner/work/Aphid/Aphid'
2026-09-08T07:31:07.5433931Z [command]/usr/bin/git version
2026-09-08T07:31:07.5539297Z git version 2.55.0
2026-09-08T07:31:07.5554824Z ##[endgroup]
2026-09-08T07:31:07.5573094Z Temporarily overriding HOME='/home/runner/work/_temp/319e9033-2603-4faf-8bdd-d633a1e6ea2a' before making global git config changes
2026-09-08T07:31:07.5575933Z Adding repository directory to the temporary git global config as a safe directory
2026-09-08T07:31:07.5580428Z [command]/usr/bin/git config --global --add safe.directory /home/runner/work/Aphid/Aphid
2026-09-08T07:31:07.5638752Z Deleting the contents of '/home/runner/work/Aphid/Aphid'
2026-09-08T07:31:07.5647430Z ##[group]Determining repository object format
2026-09-08T07:31:07.5649126Z ##[endgroup]
2026-09-08T07:31:07.5650380Z ##[group]Initializing the repository
2026-09-08T07:31:07.5652948Z [command]/usr/bin/git init /home/runner/work/Aphid/Aphid
2026-09-08T07:31:07.5824653Z hint: Using 'master' as the name for the initial branch. This default branch name
2026-09-08T07:31:07.5828495Z hint: will change to "main" in Git 3.0. To configure the initial branch name
2026-09-08T07:31:07.5830297Z hint: to use in all of your new repositories, which will suppress this warning,
2026-09-08T07:31:07.5831844Z hint: call:
2026-09-08T07:31:07.5832647Z hint:
2026-09-08T07:31:07.5833759Z hint: 	git config --global init.defaultBranch <name>
2026-09-08T07:31:07.5834962Z hint:
2026-09-08T07:31:07.5836257Z hint: Names commonly chosen instead of 'master' are 'main', 'trunk' and
2026-09-08T07:31:07.5838011Z hint: 'development'. The just-created branch can be renamed via this command:
2026-09-08T07:31:07.5839656Z hint:
2026-09-08T07:31:07.5840449Z hint: 	git branch -m <name>
2026-09-08T07:31:07.5841379Z hint:
2026-09-08T07:31:07.5842511Z hint: Disable this message with "git config set advice.defaultBranchName false"
2026-09-08T07:31:07.5844299Z Initialized empty Git repository in /home/runner/work/Aphid/Aphid/.git/
2026-09-08T07:31:07.5847721Z [command]/usr/bin/git remote add origin https://github.com/catethos/Aphid
2026-09-08T07:31:07.5897889Z ##[endgroup]
2026-09-08T07:31:07.5899978Z ##[group]Disabling automatic garbage collection
2026-09-08T07:31:07.5902300Z [command]/usr/bin/git config --local gc.auto 0
2026-09-08T07:31:07.5945319Z ##[endgroup]
2026-09-08T07:31:07.5947493Z ##[group]Setting up auth
2026-09-08T07:31:07.5948256Z Removing SSH command configuration
2026-09-08T07:31:07.5952734Z [command]/usr/bin/git config --local --name-only --get-regexp core\.sshCommand
2026-09-08T07:31:07.6009977Z [command]/usr/bin/git submodule foreach --recursive sh -c "git config --local --name-only --get-regexp 'core\.sshCommand' && git config --local --unset-all 'core.sshCommand' || :"
2026-09-08T07:31:07.6416091Z Removing HTTP extra header
2026-09-08T07:31:07.6423915Z [command]/usr/bin/git config --local --name-only --get-regexp http\.https\:\/\/github\.com\/\.extraheader
2026-09-08T07:31:07.6464175Z [command]/usr/bin/git submodule foreach --recursive sh -c "git config --local --name-only --get-regexp 'http\.https\:\/\/github\.com\/\.extraheader' && git config --local --unset-all 'http.https://github.com/.extraheader' || :"
2026-09-08T07:31:07.6725585Z Removing includeIf entries pointing to credentials config files
2026-09-08T07:31:07.6733014Z [command]/usr/bin/git config --local --name-only --get-regexp ^includeIf\.gitdir:
2026-09-08T07:31:07.6774458Z [command]/usr/bin/git submodule foreach --recursive git config --local --show-origin --name-only --get-regexp remote.origin.url
2026-09-08T07:31:07.7016205Z [command]/usr/bin/git config --file /home/runner/work/_temp/git-credentials-4f2163aa-86e8-427e-bb98-dd6f439cca1f.config http.https://github.com/.extraheader AUTHORIZATION: basic ***
2026-09-08T07:31:07.7062641Z [command]/usr/bin/git config --local includeIf.gitdir:/home/runner/work/Aphid/Aphid/.git.path /home/runner/work/_temp/git-credentials-4f2163aa-86e8-427e-bb98-dd6f439cca1f.config
2026-09-08T07:31:07.7103989Z [command]/usr/bin/git config --local includeIf.gitdir:/home/runner/work/Aphid/Aphid/.git/worktrees/*.path /home/runner/work/_temp/git-credentials-4f2163aa-86e8-427e-bb98-dd6f439cca1f.config
2026-09-08T07:31:07.7145885Z [command]/usr/bin/git config --local includeIf.gitdir:/github/workspace/.git.path /github/runner_temp/git-credentials-4f2163aa-86e8-427e-bb98-dd6f439cca1f.config
2026-09-08T07:31:07.7187230Z [command]/usr/bin/git config --local includeIf.gitdir:/github/workspace/.git/worktrees/*.path /github/runner_temp/git-credentials-4f2163aa-86e8-427e-bb98-dd6f439cca1f.config
2026-09-08T07:31:07.7228158Z ##[endgroup]
2026-09-08T07:31:07.7229040Z ##[group]Fetching the repository
2026-09-08T07:31:07.7237372Z [command]/usr/bin/git -c protocol.version=2 fetch --no-tags --prune --no-recurse-submodules --depth=1 origin +608b646d954d9b83128e79f76e46c3e3de63ad41:refs/remotes/origin/main
2026-09-08T07:31:09.3278987Z From https://github.com/catethos/Aphid
2026-09-08T07:31:09.3282231Z  * [new ref]         608b646d954d9b83128e79f76e46c3e3de63ad41 -> origin/main
2026-09-08T07:31:09.3291274Z [command]/usr/bin/git branch --list --remote origin/main
2026-09-08T07:31:09.3321040Z   origin/main
2026-09-08T07:31:09.3330684Z [command]/usr/bin/git rev-parse refs/remotes/origin/main
2026-09-08T07:31:09.3357886Z 608b646d954d9b83128e79f76e46c3e3de63ad41
2026-09-08T07:31:09.3363305Z ##[endgroup]
2026-09-08T07:31:09.3364715Z ##[group]Determining the checkout info
2026-09-08T07:31:09.3366532Z ##[endgroup]
2026-09-08T07:31:09.3368916Z [command]/usr/bin/git sparse-checkout disable
2026-09-08T07:31:09.3431507Z [command]/usr/bin/git config --local --unset-all extensions.worktreeConfig
2026-09-08T07:31:09.3465871Z ##[group]Checking out the ref
2026-09-08T07:31:09.3469244Z [command]/usr/bin/git checkout --progress --force -B main refs/remotes/origin/main
2026-09-08T07:31:09.5089846Z Switched to a new branch 'main'
2026-09-08T07:31:09.5092207Z branch 'main' set up to track 'origin/main'.
2026-09-08T07:31:09.5113175Z ##[endgroup]
2026-09-08T07:31:09.5160391Z [command]/usr/bin/git log -1 --format=%H
2026-09-08T07:31:09.5189656Z 608b646d954d9b83128e79f76e46c3e3de63ad41
2026-09-08T07:31:09.5200639Z ##[group]Removing auth
2026-09-08T07:31:09.5202111Z Removing SSH command configuration
2026-09-08T07:31:09.5204600Z [command]/usr/bin/git config --local --name-only --get-regexp core\.sshCommand
2026-09-08T07:31:09.5247996Z [command]/usr/bin/git submodule foreach --recursive sh -c "git config --local --name-only --get-regexp 'core\.sshCommand' && git config --local --unset-all 'core.sshCommand' || :"
2026-09-08T07:31:09.5485668Z Removing HTTP extra header
2026-09-08T07:31:09.5490465Z [command]/usr/bin/git config --local --name-only --get-regexp http\.https\:\/\/github\.com\/\.extraheader
2026-09-08T07:31:09.5531409Z [command]/usr/bin/git submodule foreach --recursive sh -c "git config --local --name-only --get-regexp 'http\.https\:\/\/github\.com\/\.extraheader' && git config --local --unset-all 'http.https://github.com/.extraheader' || :"
2026-09-08T07:31:09.5768963Z Removing includeIf entries pointing to credentials config files
2026-09-08T07:31:09.5773453Z [command]/usr/bin/git config --local --name-only --get-regexp ^includeIf\.gitdir:
2026-09-08T07:31:09.5806938Z includeif.gitdir:/home/runner/work/Aphid/Aphid/.git.path
2026-09-08T07:31:09.5809305Z includeif.gitdir:/home/runner/work/Aphid/Aphid/.git/worktrees/*.path
2026-09-08T07:31:09.5811400Z includeif.gitdir:/github/workspace/.git.path
2026-09-08T07:31:09.5813340Z includeif.gitdir:/github/workspace/.git/worktrees/*.path
2026-09-08T07:31:09.5820677Z [command]/usr/bin/git config --local --get-all includeif.gitdir:/home/runner/work/Aphid/Aphid/.git.path
2026-09-08T07:31:09.5850483Z /home/runner/work/_temp/git-credentials-4f2163aa-86e8-427e-bb98-dd6f439cca1f.config
2026-09-08T07:31:09.5942670Z [command]/usr/bin/git config --local --unset includeif.gitdir:/home/runner/work/Aphid/Aphid/.git.path /home/runner/work/_temp/git-credentials-4f2163aa-86e8-427e-bb98-dd6f439cca1f.config
2026-09-08T07:31:09.5953657Z [command]/usr/bin/git config --local --get-all includeif.gitdir:/home/runner/work/Aphid/Aphid/.git/worktrees/*.path
2026-09-08T07:31:09.5959341Z /home/runner/work/_temp/git-credentials-4f2163aa-86e8-427e-bb98-dd6f439cca1f.config
2026-09-08T07:31:09.5967314Z [command]/usr/bin/git config --local --unset includeif.gitdir:/home/runner/work/Aphid/Aphid/.git/worktrees/*.path /home/runner/work/_temp/git-credentials-4f2163aa-86e8-427e-bb98-dd6f439cca1f.config
2026-09-08T07:31:09.6000247Z [command]/usr/bin/git config --local --get-all includeif.gitdir:/github/workspace/.git.path
2026-09-08T07:31:09.6040782Z /github/runner_temp/git-credentials-4f2163aa-86e8-427e-bb98-dd6f439cca1f.config
2026-09-08T07:31:09.6052600Z [command]/usr/bin/git config --local --unset includeif.gitdir:/github/workspace/.git.path /github/runner_temp/git-credentials-4f2163aa-86e8-427e-bb98-dd6f439cca1f.config
2026-09-08T07:31:09.6081625Z [command]/usr/bin/git config --local --get-all includeif.gitdir:/github/workspace/.git/worktrees/*.path
2026-09-08T07:31:09.6109239Z /github/runner_temp/git-credentials-4f2163aa-86e8-427e-bb98-dd6f439cca1f.config
2026-09-08T07:31:09.6121323Z [command]/usr/bin/git config --local --unset includeif.gitdir:/github/workspace/.git/worktrees/*.path /github/runner_temp/git-credentials-4f2163aa-86e8-427e-bb98-dd6f439cca1f.config
2026-09-08T07:31:09.6159209Z [command]/usr/bin/git submodule foreach --recursive git config --local --show-origin --name-only --get-regexp remote.origin.url
2026-09-08T07:31:09.6392450Z Removing credentials config '/home/runner/work/_temp/git-credentials-4f2163aa-86e8-427e-bb98-dd6f439cca1f.config'
2026-09-08T07:31:09.6400029Z ##[endgroup]
2026-09-08T07:31:09.6782717Z ##[group]Run actions/setup-python@ece7cb06caefa5fff74198d8649806c4678c61a1
2026-09-08T07:31:09.6784492Z with:
2026-09-08T07:31:09.6785554Z   python-version: 3.14
2026-09-08T07:31:09.6786573Z   check-latest: false
2026-09-08T07:31:09.6796815Z   token: ***
2026-09-08T07:31:09.6797758Z   update-environment: true
2026-09-08T07:31:09.6798841Z   allow-prereleases: false
2026-09-08T07:31:09.6799922Z   freethreaded: false
2026-09-08T07:31:09.6800885Z ##[endgroup]
2026-09-08T07:31:09.8200245Z ##[group]Installed versions
2026-09-08T07:31:09.8298203Z Successfully set up CPython (3.14.7)
2026-09-08T07:31:09.8301743Z ##[endgroup]
2026-09-08T07:31:09.8571069Z ##[group]Run erlef/setup-beam@54075bcc5e249e4758d363f27d099f55d843f124
2026-09-08T07:31:09.8573590Z with:
2026-09-08T07:31:09.8574963Z   otp-version: 29.0.4
2026-09-08T07:31:09.8576790Z   elixir-version: 1.20.0
2026-09-08T07:31:09.8590102Z   github-token: ***
2026-09-08T07:31:09.8591096Z   otp-architecture: 64
2026-09-08T07:31:09.8592058Z   install-hex: true
2026-09-08T07:31:09.8593841Z   install-rebar: true
2026-09-08T07:31:09.8596007Z   version-type: loose
2026-09-08T07:31:09.8597619Z   disable_problem_matchers: false
2026-09-08T07:31:09.8599604Z   hexpm-mirrors: https://builds.hex.pm

2026-09-08T07:31:09.8601148Z env:
2026-09-08T07:31:09.8602215Z   pythonLocation: /opt/hostedtoolcache/Python/3.14.7/x64
2026-09-08T07:31:09.8605448Z   PKG_CONFIG_PATH: /opt/hostedtoolcache/Python/3.14.7/x64/lib/pkgconfig
2026-09-08T07:31:09.8607300Z   Python_ROOT_DIR: /opt/hostedtoolcache/Python/3.14.7/x64
2026-09-08T07:31:09.8608879Z   Python2_ROOT_DIR: /opt/hostedtoolcache/Python/3.14.7/x64
2026-09-08T07:31:09.8610562Z   Python3_ROOT_DIR: /opt/hostedtoolcache/Python/3.14.7/x64
2026-09-08T07:31:09.8612504Z   LD_LIBRARY_PATH: /opt/hostedtoolcache/Python/3.14.7/x64/lib
2026-09-08T07:31:09.8615485Z ##[endgroup]
2026-09-08T07:31:10.1717046Z ##[group]Installing Erlang/OTP OTP-29.0.4 - built on amd64/ubuntu-24.04
2026-09-08T07:31:10.8788259Z [command]/usr/bin/tar zx --strip-components=1 --warning=no-unknown-keyword --overwrite -C /home/runner/work/_temp/00e0ec06-c17d-4ea5-811a-1e99dfdf963c -f /home/runner/work/_temp/172efbc0-d838-4321-933e-1103707dc86d
2026-09-08T07:31:13.6514784Z [command]/home/runner/work/_temp/.setup-beam/otp/Install -minimal /home/runner/work/_temp/.setup-beam/otp
2026-09-08T07:31:13.6842108Z Installed Erlang/OTP version
2026-09-08T07:31:13.6862455Z [command]/home/runner/work/_temp/.setup-beam/otp/bin/erl -version
2026-09-08T07:31:13.6982845Z Erlang (SMP,ASYNC_THREADS) (BEAM) emulator version 17.0.4
2026-09-08T07:31:13.7010196Z ##[endgroup]
2026-09-08T07:31:13.7037924Z [command]/home/runner/work/_temp/.setup-beam/otp/bin/erl -noshell -eval io:format(erlang:system_info(otp_release)), halt().
2026-09-08T07:31:13.9391984Z 29::debug::Was not able to coerce latest with semver
2026-09-08T07:31:13.9410626Z Using Elixir 1.20.0 (built for Erlang/OTP 29)
2026-09-08T07:31:13.9411628Z ##[group]Installing Elixir v1.20.0-otp-29
2026-09-08T07:31:14.2421120Z [command]/usr/bin/unzip -o -q /home/runner/work/_temp/85a25aa4-3bda-49c5-b16b-55700f9b27ef
2026-09-08T07:31:14.7319931Z Installed Elixir version
2026-09-08T07:31:14.7341928Z [command]/home/runner/work/_temp/.setup-beam/elixir/bin/elixir -v
2026-09-08T07:31:14.9682123Z Erlang/OTP 29 [erts-17.0.4] [source] [64-bit] [smp:4:4] [ds:4:4:10] [async-threads:1] [jit:ns]
2026-09-08T07:31:14.9682734Z 
2026-09-08T07:31:14.9732209Z Elixir 1.20.0 (compiled with Erlang/OTP 29)
2026-09-08T07:31:14.9783341Z ##[endgroup]
2026-09-08T07:31:14.9784054Z ##[group]Running mix local.rebar,--force
2026-09-08T07:31:14.9799863Z [command]/home/runner/work/_temp/.setup-beam/elixir/bin/mix local.rebar --force
2026-09-08T07:31:15.9880272Z * creating /home/runner/.mix/elixir/1-20-otp-29/rebar3
2026-09-08T07:31:15.9958580Z ##[endgroup]
2026-09-08T07:31:15.9959016Z ##[group]Running mix local.hex,--force
2026-09-08T07:31:15.9978537Z [command]/home/runner/work/_temp/.setup-beam/elixir/bin/mix local.hex --force
2026-09-08T07:31:17.0496405Z * creating /home/runner/.mix/archives/hex-2.5.1
2026-09-08T07:31:17.0591423Z ##[endgroup]
2026-09-08T07:31:17.0774254Z ##[group]Run sudo apt-get update
2026-09-08T07:31:17.0774631Z [36;1msudo apt-get update[0m
2026-09-08T07:31:17.0774976Z [36;1msudo apt-get install --yes bubblewrap binutils[0m
2026-09-08T07:31:17.0775705Z [36;1mmix local.hex --force[0m
2026-09-08T07:31:17.0822562Z shell: /usr/bin/bash -e {0}
2026-09-08T07:31:17.0822843Z env:
2026-09-08T07:31:17.0823135Z   pythonLocation: /opt/hostedtoolcache/Python/3.14.7/x64
2026-09-08T07:31:17.0823594Z   PKG_CONFIG_PATH: /opt/hostedtoolcache/Python/3.14.7/x64/lib/pkgconfig
2026-09-08T07:31:17.0824048Z   Python_ROOT_DIR: /opt/hostedtoolcache/Python/3.14.7/x64
2026-09-08T07:31:17.0824443Z   Python2_ROOT_DIR: /opt/hostedtoolcache/Python/3.14.7/x64
2026-09-08T07:31:17.0824848Z   Python3_ROOT_DIR: /opt/hostedtoolcache/Python/3.14.7/x64
2026-09-08T07:31:17.0825601Z   LD_LIBRARY_PATH: /opt/hostedtoolcache/Python/3.14.7/x64/lib
2026-09-08T07:31:17.0826044Z   INSTALL_DIR_FOR_OTP: /home/runner/work/_temp/.setup-beam/otp
2026-09-08T07:31:17.0826541Z   INSTALL_DIR_FOR_ELIXIR: /home/runner/work/_temp/.setup-beam/elixir
2026-09-08T07:31:17.0826913Z ##[endgroup]
2026-09-08T07:31:17.1772885Z Get:1 file:/etc/apt/apt-mirrors.txt Mirrorlist [144 B]
2026-09-08T07:31:17.2154734Z Hit:2 http://azure.archive.ubuntu.com/ubuntu noble InRelease
2026-09-08T07:31:17.2246721Z Get:3 http://azure.archive.ubuntu.com/ubuntu noble-updates InRelease [126 kB]
2026-09-08T07:31:17.2254003Z Get:6 https://packages.microsoft.com/ubuntu/24.04/prod noble InRelease [3600 B]
2026-09-08T07:31:17.2286166Z Get:4 http://azure.archive.ubuntu.com/ubuntu noble-backports InRelease [126 kB]
2026-09-08T07:31:17.2287762Z Get:5 http://azure.archive.ubuntu.com/ubuntu noble-security InRelease [126 kB]
2026-09-08T07:31:17.2804899Z Get:7 https://dl.google.com/linux/chrome-stable/deb stable InRelease [2548 B]
2026-09-08T07:31:17.3601346Z Get:8 http://azure.archive.ubuntu.com/ubuntu noble-updates/main amd64 Packages [1260 kB]
2026-09-08T07:31:17.3745570Z Get:9 http://azure.archive.ubuntu.com/ubuntu noble-updates/main Translation-en [292 kB]
2026-09-08T07:31:17.3771625Z Get:10 http://azure.archive.ubuntu.com/ubuntu noble-updates/main amd64 Components [180 kB]
2026-09-08T07:31:17.3790788Z Get:11 http://azure.archive.ubuntu.com/ubuntu noble-updates/universe amd64 Packages [1691 kB]
2026-09-08T07:31:17.3881805Z Get:12 http://azure.archive.ubuntu.com/ubuntu noble-updates/universe Translation-en [339 kB]
2026-09-08T07:31:17.3904585Z Get:13 http://azure.archive.ubuntu.com/ubuntu noble-updates/universe amd64 Components [388 kB]
2026-09-08T07:31:17.3932886Z Get:14 http://azure.archive.ubuntu.com/ubuntu noble-updates/restricted amd64 Packages [1536 kB]
2026-09-08T07:31:17.4039260Z Get:15 http://azure.archive.ubuntu.com/ubuntu noble-updates/restricted Translation-en [352 kB]
2026-09-08T07:31:17.4050168Z Get:16 http://azure.archive.ubuntu.com/ubuntu noble-updates/multiverse amd64 Components [940 B]
2026-09-08T07:31:17.4239614Z Get:17 https://packages.microsoft.com/ubuntu/24.04/prod noble/main amd64 Packages [441 kB]
2026-09-08T07:31:17.4331417Z Get:18 https://packages.microsoft.com/ubuntu/24.04/prod noble/main arm64 Packages [394 kB]
2026-09-08T07:31:17.4787499Z Get:19 http://azure.archive.ubuntu.com/ubuntu noble-backports/main amd64 Components [5760 B]
2026-09-08T07:31:17.5244979Z Get:20 http://azure.archive.ubuntu.com/ubuntu noble-backports/universe amd64 Components [12.6 kB]
2026-09-08T07:31:17.5607634Z Get:21 http://azure.archive.ubuntu.com/ubuntu noble-security/main amd64 Packages [1002 kB]
2026-09-08T07:31:17.5646737Z Get:22 http://azure.archive.ubuntu.com/ubuntu noble-security/main Translation-en [212 kB]
2026-09-08T07:31:17.5667864Z Get:23 http://azure.archive.ubuntu.com/ubuntu noble-security/main amd64 Components [46.3 kB]
2026-09-08T07:31:17.5682723Z Get:24 http://azure.archive.ubuntu.com/ubuntu noble-security/universe amd64 Packages [1206 kB]
2026-09-08T07:31:17.5780878Z Get:25 http://azure.archive.ubuntu.com/ubuntu noble-security/universe Translation-en [241 kB]
2026-09-08T07:31:17.5798295Z Get:26 http://azure.archive.ubuntu.com/ubuntu noble-security/universe amd64 Components [76.2 kB]
2026-09-08T07:31:17.5808269Z Get:27 http://azure.archive.ubuntu.com/ubuntu noble-security/restricted amd64 Packages [1437 kB]
2026-09-08T07:31:17.5886804Z Get:28 http://azure.archive.ubuntu.com/ubuntu noble-security/restricted Translation-en [334 kB]
2026-09-08T07:31:17.6661453Z Get:29 https://dl.google.com/linux/chrome-stable/deb stable/main amd64 Packages [1403 B]
2026-09-08T07:31:22.2832065Z Fetched 11.8 MB in 1s (8930 kB/s)
2026-09-08T07:31:23.1854075Z Reading package lists...
2026-09-08T07:31:23.2178004Z Reading package lists...
2026-09-08T07:31:23.4522292Z Building dependency tree...
2026-09-08T07:31:23.4530148Z Reading state information...
2026-09-08T07:31:23.6906779Z binutils is already the newest version (2.42-4ubuntu2.10).
2026-09-08T07:31:23.6907400Z The following NEW packages will be installed:
2026-09-08T07:31:23.6916255Z   bubblewrap
2026-09-08T07:31:23.7100525Z 0 upgraded, 1 newly installed, 0 to remove and 44 not upgraded.
2026-09-08T07:31:23.7101310Z Need to get 50.2 kB of archives.
2026-09-08T07:31:23.7102518Z After this operation, 133 kB of additional disk space will be used.
2026-09-08T07:31:23.7103319Z Get:1 file:/etc/apt/apt-mirrors.txt Mirrorlist [144 B]
2026-09-08T07:31:23.8320421Z Get:2 http://azure.archive.ubuntu.com/ubuntu noble-updates/main amd64 bubblewrap amd64 0.9.0-1ubuntu0.1 [50.2 kB]
2026-09-08T07:31:24.2054564Z Fetched 50.2 kB in 0s (221 kB/s)
2026-09-08T07:31:24.2281159Z Selecting previously unselected package bubblewrap.
2026-09-08T07:31:24.2581770Z (Reading database ... 
2026-09-08T07:31:24.2582599Z (Reading database ... 5%
2026-09-08T07:31:24.2583117Z (Reading database ... 10%
2026-09-08T07:31:24.2583523Z (Reading database ... 15%
2026-09-08T07:31:24.2584050Z (Reading database ... 20%
2026-09-08T07:31:24.2584533Z (Reading database ... 25%
2026-09-08T07:31:24.2585209Z (Reading database ... 30%
2026-09-08T07:31:24.2585727Z (Reading database ... 35%
2026-09-08T07:31:24.2586224Z (Reading database ... 40%
2026-09-08T07:31:24.2586823Z (Reading database ... 45%
2026-09-08T07:31:24.2587297Z (Reading database ... 50%
2026-09-08T07:31:24.2626408Z (Reading database ... 55%
2026-09-08T07:31:24.4636291Z (Reading database ... 60%
2026-09-08T07:31:24.6178859Z (Reading database ... 65%
2026-09-08T07:31:24.7703067Z (Reading database ... 70%
2026-09-08T07:31:24.9213697Z (Reading database ... 75%
2026-09-08T07:31:25.1149744Z (Reading database ... 80%
2026-09-08T07:31:25.3184024Z (Reading database ... 85%
2026-09-08T07:31:25.5170974Z (Reading database ... 90%
2026-09-08T07:31:25.6319337Z (Reading database ... 95%
2026-09-08T07:31:25.6320029Z (Reading database ... 100%
2026-09-08T07:31:25.6320819Z (Reading database ... 201676 files and directories currently installed.)
2026-09-08T07:31:25.6366809Z Preparing to unpack .../bubblewrap_0.9.0-1ubuntu0.1_amd64.deb ...
2026-09-08T07:31:25.6398140Z Unpacking bubblewrap (0.9.0-1ubuntu0.1) ...
2026-09-08T07:31:25.6861528Z Setting up bubblewrap (0.9.0-1ubuntu0.1) ...
2026-09-08T07:31:25.6922423Z Processing triggers for man-db (2.12.0-4build2) ...
2026-09-08T07:31:25.6945979Z Not building database; man-db/auto-update is not 'true'.
2026-09-08T07:31:26.3611196Z 
2026-09-08T07:31:26.3611967Z Running kernel seems to be up-to-date.
2026-09-08T07:31:26.3612328Z 
2026-09-08T07:31:26.3612509Z No services need to be restarted.
2026-09-08T07:31:26.3612770Z 
2026-09-08T07:31:26.3612946Z No containers need to be restarted.
2026-09-08T07:31:26.3613190Z 
2026-09-08T07:31:26.3613382Z No user sessions are running outdated binaries.
2026-09-08T07:31:26.3613672Z 
2026-09-08T07:31:26.3613961Z No VM guests are running outdated hypervisor (qemu) binaries on this host.
2026-09-08T07:31:28.7359294Z * creating /home/runner/.mix/archives/hex-2.5.1
2026-09-08T07:31:28.7490820Z ##[group]Run set -o pipefail
2026-09-08T07:31:28.7491149Z [36;1mset -o pipefail[0m
2026-09-08T07:31:28.7491836Z [36;1mpython3 -u scripts/linux_consumer_ci.py --target "$APHID_TARGET" --work "$RUNNER_TEMP/aphid-current-consumer" 2>&1 | tee "$RUNNER_TEMP/current-consumer.log"[0m
2026-09-08T07:31:28.7531323Z shell: /usr/bin/bash -e {0}
2026-09-08T07:31:28.7531586Z env:
2026-09-08T07:31:28.7531857Z   pythonLocation: /opt/hostedtoolcache/Python/3.14.7/x64
2026-09-08T07:31:28.7532306Z   PKG_CONFIG_PATH: /opt/hostedtoolcache/Python/3.14.7/x64/lib/pkgconfig
2026-09-08T07:31:28.7532743Z   Python_ROOT_DIR: /opt/hostedtoolcache/Python/3.14.7/x64
2026-09-08T07:31:28.7533145Z   Python2_ROOT_DIR: /opt/hostedtoolcache/Python/3.14.7/x64
2026-09-08T07:31:28.7533540Z   Python3_ROOT_DIR: /opt/hostedtoolcache/Python/3.14.7/x64
2026-09-08T07:31:28.7533930Z   LD_LIBRARY_PATH: /opt/hostedtoolcache/Python/3.14.7/x64/lib
2026-09-08T07:31:28.7534875Z   INSTALL_DIR_FOR_OTP: /home/runner/work/_temp/.setup-beam/otp
2026-09-08T07:31:28.7535893Z   INSTALL_DIR_FOR_ELIXIR: /home/runner/work/_temp/.setup-beam/elixir
2026-09-08T07:31:28.7538819Z   GH_TOKEN: ***
2026-09-08T07:31:28.7539049Z   APHID_TARGET: x86_64-linux-gnu
2026-09-08T07:31:28.7539300Z ##[endgroup]
2026-09-08T07:31:32.3612731Z {"command": ["gh", "run", "download", "34193449987", "--repo", "catethos/Aphid", "--name", "validation-x86_64-linux-gnu-34193449987-1", "--dir", "/home/runner/work/_temp/aphid-current-consumer/retained"], "cwd": "/home/runner/work/Aphid/Aphid", "exit": 0, "seconds": 2.672}
2026-09-08T07:31:32.9946355Z Building aphid 0.1.0-dev
2026-09-08T07:31:32.9947477Z   Dependencies:
2026-09-08T07:31:32.9948051Z     zigler == 0.16.0 (app: zigler)
2026-09-08T07:31:32.9948778Z     telemetry ~> 1.3 (app: telemetry)
2026-09-08T07:31:32.9988605Z   App: aphid
2026-09-08T07:31:32.9989589Z   Name: aphid
2026-09-08T07:31:32.9990522Z   Files:
2026-09-08T07:31:32.9991399Z     mix.exs
2026-09-08T07:31:32.9992538Z     mix.lock
2026-09-08T07:31:32.9993759Z     mix/aphid_bundle.exs
2026-09-08T07:31:32.9994469Z     lib/aphid.ex
2026-09-08T07:31:32.9995620Z     lib/aphid/application.ex
2026-09-08T07:31:32.9996809Z     lib/aphid/bundle_loader.ex
2026-09-08T07:31:32.9997940Z     lib/aphid/database.ex
2026-09-08T07:31:32.9998643Z     lib/aphid/error.ex
2026-09-08T07:31:32.9999794Z     lib/aphid/native.ex
2026-09-08T07:31:33.0000794Z     lib/aphid/options.ex
2026-09-08T07:31:33.0001382Z     lib/aphid/proof.ex
2026-09-08T07:31:33.0002372Z     lib/aphid/result.ex
2026-09-08T07:31:33.0003368Z     lib/aphid/stream.ex
2026-09-08T07:31:33.0003773Z     lib/aphid/telemetry.ex
2026-09-08T07:31:33.0004633Z     lib/aphid/transaction.ex
2026-09-08T07:31:33.0004998Z     lib/aphid/value.ex
2026-09-08T07:31:33.0006246Z     README.md
2026-09-08T07:31:33.0006948Z     LICENSE
2026-09-08T07:31:33.0007167Z     THIRD_PARTY.md
2026-09-08T07:31:33.0007924Z     docs/architecture.md
2026-09-08T07:31:33.0008179Z     docs/extensions.md
2026-09-08T07:31:33.0008945Z     docs/github-release.md
2026-09-08T07:31:33.0009227Z     docs/local-installation.md
2026-09-08T07:31:33.0010020Z     docs/release-checklist.md
2026-09-08T07:31:33.0010306Z     docs/source-installation.md
2026-09-08T07:31:33.0011080Z     docs/status.md
2026-09-08T07:31:33.0011678Z     docs/telemetry.md
2026-09-08T07:31:33.0012475Z     docs/types.md
2026-09-08T07:31:33.0012708Z     native/lock.json
2026-09-08T07:31:33.0013470Z     native/local-bundle.json
2026-09-08T07:31:33.0013741Z     native/linux-bundles.json
2026-09-08T07:31:33.0014535Z     native/aphid_nif.zig
2026-09-08T07:31:33.0014784Z     native/bridge.h
2026-09-08T07:31:33.0015703Z     native/bridge.cpp
2026-09-08T07:31:33.0015947Z     native/CMakeLists.txt
2026-09-08T07:31:33.0016771Z     native/patches/aggregate-state-alignment.patch
2026-09-08T07:31:33.0017177Z     native/patches/alp-conversion-range.patch
2026-09-08T07:31:33.0018061Z     native/patches/detach-clear-default.patch
2026-09-08T07:31:33.0018449Z     native/patches/duckdb-tabular-only.patch
2026-09-08T07:31:33.0019524Z     native/patches/fts-atomic-create.patch
2026-09-08T07:31:33.0019932Z     native/patches/join-row-alignment.patch
2026-09-08T07:31:33.0020817Z     native/patches/node-delete-finalize.patch
2026-09-08T07:31:33.0021193Z     native/patches/row-value-alignment.patch
2026-09-08T07:31:33.0022084Z     native/patches/sort-key-alignment.patch
2026-09-08T07:31:33.0022455Z     native/patches/string-hash-alignment.patch
2026-09-08T07:31:33.0023303Z     native/patches/vector-drop-auto-transaction.patch
2026-09-08T07:31:33.0023670Z     scripts/build.py
2026-09-08T07:31:33.0024374Z     scripts/proof.py
2026-09-08T07:31:33.0024619Z     scripts/source_preflight.py
2026-09-08T07:31:33.0025494Z     native/proof.zig
2026-09-08T07:31:33.0026327Z     native/proof.h
2026-09-08T07:31:33.0026719Z     native/proof.cpp
2026-09-08T07:31:33.0027122Z   Version: 0.1.0-dev
2026-09-08T07:31:33.0027493Z   Build tools: mix
2026-09-08T07:31:33.0027940Z   Description: LadybugDB for Elixir through Zigler
2026-09-08T07:31:33.0028487Z   Licenses: MIT
2026-09-08T07:31:33.0028823Z   Links: 
2026-09-08T07:31:33.0029226Z     GitHub: https://github.com/catethos/Aphid
2026-09-08T07:31:33.0029849Z   Elixir: ~> 1.20
2026-09-08T07:31:33.0512778Z Package checksum: b85967b047662ccdc66851d246a9a7301fe8c797225d7e479948653838dc57df
2026-09-08T07:31:33.0513966Z Saved to /home/runner/work/_temp/aphid-current-consumer/aphid-0.1.0-dev-combined.tar
2026-09-08T07:31:33.0666555Z {"command": ["mix", "hex.build", "--output", "/home/runner/work/_temp/aphid-current-consumer/aphid-0.1.0-dev-combined.tar"], "cwd": "/home/runner/work/Aphid/Aphid", "exit": 0, "seconds": 0.666}
2026-09-08T07:31:33.0669978Z {"source_package_sha256": "b85967b047662ccdc66851d246a9a7301fe8c797225d7e479948653838dc57df", "native_archive_sha256": "fa9535c7e8f3b149658ed0f5f98329f7142cfd21f30f20fef765c74c42b798cc", "native_qualification": {"run_id": 34193449987, "attempt": 1, "commit": "c37c458211d0bff7e4054f90bf5d429f29ece2ef"}}
2026-09-08T07:31:34.4811313Z using exact local Hex source package: b85967b047662ccdc66851d246a9a7301fe8c797225d7e479948653838dc57df
2026-09-08T07:31:34.5544635Z fresh caches; pinned source dependencies: [{"name": "earmark_parser", "version": "1.4.46", "sha256": "9c44636e8a1c68c62f526b2dcd85d941dbbcee7ab82cf64ba06ce28bef8e89f5"}, {"name": "ex_doc", "version": "0.39.1", "sha256": "8abf0ed3e3ca87c0847dfc4168ceab5bedfe881692f1b7c45f4a11b232806865"}, {"name": "makeup", "version": "1.2.2", "sha256": "9a1a24e5b343b8ae16abea0822c10a6f75da27af7fa802ada5251f7579bfccfa"}, {"name": "makeup_elixir", "version": "1.0.1", "sha256": "7284900d412a3e5cfd97fdaed4f5ed389b8f2b4cb49efc0eb3bd10e2febf9507"}, {"name": "makeup_erlang", "version": "1.1.0", "sha256": "1cd6780fb1dd1a03979abaed0fe82712b0625118fd5257d3ebbf73f960c73c3c"}, {"name": "nimble_parsec", "version": "1.4.2", "sha256": "4b21398942dda052b403bbe1da991ccd03a053668d147d53fb8c4e0efe09c973"}, {"name": "pegasus", "version": "0.2.6", "sha256": "0ac159f0ccab7967cf90208327cc8a35788874814c8d78e19d47104d3fc049b9"}, {"name": "protoss", "version": "1.1.0", "sha256": "c2f874383dd047fcfdf467b814dd33a208a4d24a467aef90d86185b41a0752ad"}, {"name": "telemetry", "version": "1.4.2", "sha256": "928f6495066506077862c0d1646609eed891a4326bee3126ba54b60af61febb1"}, {"name": "zig_doc", "version": "0.7.0", "sha256": "28b57b0bc12f241fc855b6514fe5198f3067fbab2555a3e3a83f6f9ed4699f4c"}, {"name": "zig_get", "version": "0.16.0", "sha256": "2841127cf2005da74fb28d3cc68397a393d3d71df5f45752b974345e696beb01"}, {"name": "zig_parser", "version": "0.7.0", "sha256": "fd0b2fc343820a202787a78a40feae372386b4303717b099223d5f5c5f21f0bb"}, {"name": "zigler", "version": "0.16.0", "sha256": "867ce49289568a7fabff400cb9f1636a429defcd488f3302a82c4b51b2bc7741"}]
2026-09-08T07:31:34.6559686Z Linux namespace probe passed: build trees hidden, compiler paths masked, external network unavailable
2026-09-08T07:31:34.7037807Z {"command": ["sudo", "-E", "bwrap", "--die-with-parent", "--unshare-pid", "--ro-bind", "/", "/", "--dev", "/dev", "--proc", "/proc", "--bind", "/home/runner/work/_temp/aphid-current-consumer/fresh", "/home/runner/work/_temp/aphid-current-consumer/fresh", "--unshare-net", "--tmpfs", "/home/runner/work/Aphid/Aphid", "--tmpfs", "/home/runner/work/_temp/aphid-current-consumer/retained", "--ro-bind", "/dev/null", "/usr/bin/c89-gcc", "--ro-bind", "/dev/null", "/usr/bin/c99-gcc", "--ro-bind", "/dev/null", "/usr/bin/make", "--ro-bind", "/dev/null", "/usr/bin/x86_64-linux-gnu-as", "--ro-bind", "/dev/null", "/usr/bin/x86_64-linux-gnu-g++-12", "--ro-bind", "/dev/null", "/usr/bin/x86_64-linux-gnu-g++-13", "--ro-bind", "/dev/null", "/usr/bin/x86_64-linux-gnu-g++-14", "--ro-bind", "/dev/null", "/usr/bin/x86_64-linux-gnu-gcc-12", "--ro-bind", "/dev/null", "/usr/bin/x86_64-linux-gnu-gcc-13", "--ro-bind", "/dev/null", "/usr/bin/x86_64-linux-gnu-gcc-14", "--ro-bind", "/dev/null", "/usr/bin/x86_64-linux-gnu-ld.bfd", "--ro-bind", "/dev/null", "/usr/lib/llvm-16/bin/clang", "--ro-bind", "/dev/null", "/usr/lib/llvm-16/bin/lld", "--ro-bind", "/dev/null", "/usr/lib/llvm-16/bin/llvm-as", "--ro-bind", "/dev/null", "/usr/lib/llvm-17/bin/clang", "--ro-bind", "/dev/null", "/usr/lib/llvm-17/bin/lld", "--ro-bind", "/dev/null", "/usr/lib/llvm-17/bin/llvm-as", "--ro-bind", "/dev/null", "/usr/lib/llvm-18/bin/clang", "--ro-bind", "/dev/null", "/usr/lib/llvm-18/bin/lld", "--ro-bind", "/dev/null", "/usr/lib/llvm-18/bin/llvm-as", "--ro-bind", "/dev/null", "/usr/local/bin/cmake", "--ro-bind", "/dev/null", "/usr/local/bin/ninja", "--cap-add", "CAP_SETUID", "--cap-add", "CAP_SETGID", "--cap-add", "CAP_SETPCAP", "--clearenv", "--setenv", "LANG", "C.UTF-8", "--setenv", "HOME", "/home/runner", "--setenv", "PATH", "/home/runner/work/_temp/.setup-beam/elixir/bin:/home/runner/.mix/escripts:/home/runner/work/_temp/.setup-beam/otp/bin:/opt/hostedtoolcache/Python/3.14.7/x64/bin:/opt/hostedtoolcache/Python/3.14.7/x64:/snap/bin:/home/runner/.local/bin:/opt/pipx_bin:/home/runner/.cargo/bin:/home/runner/.config/composer/vendor/bin:/usr/local/.ghcup/bin:/home/runner/.dotnet/tools:/usr/local/sbin:/usr/local/bin:/usr/sbin:/usr/bin:/sbin:/bin:/usr/games:/usr/local/games:/snap/bin", "--", "/usr/bin/setpriv", "--reuid", "1001", "--regid", "1001", "--clear-groups", "--bounding-set=-all", "--no-new-privs", "--", "/opt/hostedtoolcache/Python/3.14.7/x64/bin/python3", "/home/runner/work/_temp/aphid-current-consumer/fresh/isolation-check.py"], "cwd": "/home/runner/work/_temp/aphid-current-consumer/fresh", "exit": 0, "seconds": 0.114}
2026-09-08T07:31:34.9860842Z UTF-8 runtime filename mode verified
2026-09-08T07:31:35.0193059Z {"command": ["sudo", "-E", "bwrap", "--die-with-parent", "--unshare-pid", "--ro-bind", "/", "/", "--dev", "/dev", "--proc", "/proc", "--bind", "/home/runner/work/_temp/aphid-current-consumer/fresh", "/home/runner/work/_temp/aphid-current-consumer/fresh", "--unshare-net", "--tmpfs", "/home/runner/work/Aphid/Aphid", "--tmpfs", "/home/runner/work/_temp/aphid-current-consumer/retained", "--ro-bind", "/dev/null", "/usr/bin/c89-gcc", "--ro-bind", "/dev/null", "/usr/bin/c99-gcc", "--ro-bind", "/dev/null", "/usr/bin/make", "--ro-bind", "/dev/null", "/usr/bin/x86_64-linux-gnu-as", "--ro-bind", "/dev/null", "/usr/bin/x86_64-linux-gnu-g++-12", "--ro-bind", "/dev/null", "/usr/bin/x86_64-linux-gnu-g++-13", "--ro-bind", "/dev/null", "/usr/bin/x86_64-linux-gnu-g++-14", "--ro-bind", "/dev/null", "/usr/bin/x86_64-linux-gnu-gcc-12", "--ro-bind", "/dev/null", "/usr/bin/x86_64-linux-gnu-gcc-13", "--ro-bind", "/dev/null", "/usr/bin/x86_64-linux-gnu-gcc-14", "--ro-bind", "/dev/null", "/usr/bin/x86_64-linux-gnu-ld.bfd", "--ro-bind", "/dev/null", "/usr/lib/llvm-16/bin/clang", "--ro-bind", "/dev/null", "/usr/lib/llvm-16/bin/lld", "--ro-bind", "/dev/null", "/usr/lib/llvm-16/bin/llvm-as", "--ro-bind", "/dev/null", "/usr/lib/llvm-17/bin/clang", "--ro-bind", "/dev/null", "/usr/lib/llvm-17/bin/lld", "--ro-bind", "/dev/null", "/usr/lib/llvm-17/bin/llvm-as", "--ro-bind", "/dev/null", "/usr/lib/llvm-18/bin/clang", "--ro-bind", "/dev/null", "/usr/lib/llvm-18/bin/lld", "--ro-bind", "/dev/null", "/usr/lib/llvm-18/bin/llvm-as", "--ro-bind", "/dev/null", "/usr/local/bin/cmake", "--ro-bind", "/dev/null", "/usr/local/bin/ninja", "--cap-add", "CAP_SETUID", "--cap-add", "CAP_SETGID", "--cap-add", "CAP_SETPCAP", "--clearenv", "--setenv", "LANG", "C.UTF-8", "--setenv", "HOME", "/home/runner", "--setenv", "PATH", "/home/runner/work/_temp/.setup-beam/elixir/bin:/home/runner/.mix/escripts:/home/runner/work/_temp/.setup-beam/otp/bin:/opt/hostedtoolcache/Python/3.14.7/x64/bin:/opt/hostedtoolcache/Python/3.14.7/x64:/snap/bin:/home/runner/.local/bin:/opt/pipx_bin:/home/runner/.cargo/bin:/home/runner/.config/composer/vendor/bin:/usr/local/.ghcup/bin:/home/runner/.dotnet/tools:/usr/local/sbin:/usr/local/bin:/usr/sbin:/usr/bin:/sbin:/bin:/usr/games:/usr/local/games:/snap/bin", "--", "/usr/bin/setpriv", "--reuid", "1001", "--regid", "1001", "--clear-groups", "--bounding-set=-all", "--no-new-privs", "--", "/home/runner/work/_temp/.setup-beam/elixir/bin/elixir", "-e", ":utf8 = :file.native_name_encoding(); IO.puts(\"UTF-8 runtime filename mode verified\")"], "cwd": "/home/runner/work/_temp/aphid-current-consumer/fresh", "exit": 0, "seconds": 0.315}
2026-09-08T07:31:36.2649005Z Resolving Hex dependencies...
2026-09-08T07:31:36.2872693Z Resolution completed in 0.021s
2026-09-08T07:31:36.2889979Z Unchanged:
2026-09-08T07:31:36.2890473Z   earmark_parser 1.4.46
2026-09-08T07:31:36.2899072Z   ex_doc 0.39.1
2026-09-08T07:31:36.2899661Z   makeup 1.2.2
2026-09-08T07:31:36.2900163Z   makeup_elixir 1.0.1
2026-09-08T07:31:36.2900783Z   makeup_erlang 1.1.0
2026-09-08T07:31:36.2901388Z   nimble_parsec 1.4.2
2026-09-08T07:31:36.2901975Z   pegasus 0.2.6
2026-09-08T07:31:36.2902485Z   protoss 1.1.0
2026-09-08T07:31:36.2903112Z   telemetry 1.4.2
2026-09-08T07:31:36.2903535Z   zig_doc 0.7.0
2026-09-08T07:31:36.2909596Z   zig_get 0.16.0
2026-09-08T07:31:36.2910173Z   zig_parser 0.7.0
2026-09-08T07:31:36.2911243Z   zigler 0.16.0
2026-09-08T07:31:36.2948764Z * Getting zigler (Hex package)
2026-09-08T07:31:36.4840735Z * Getting telemetry (Hex package)
2026-09-08T07:31:36.7618092Z * creating /home/runner/work/_temp/aphid-current-consumer/fresh/mix-home/elixir/1-20-otp-29/rebar3
2026-09-08T07:31:36.7626383Z * Getting protoss (Hex package)
2026-09-08T07:31:36.7686333Z * Getting zig_doc (Hex package)
2026-09-08T07:31:36.7769304Z * Getting zig_get (Hex package)
2026-09-08T07:31:36.7816205Z * Getting zig_parser (Hex package)
2026-09-08T07:31:36.8066250Z * Getting pegasus (Hex package)
2026-09-08T07:31:36.8179407Z * Getting nimble_parsec (Hex package)
2026-09-08T07:31:36.8261450Z * Getting ex_doc (Hex package)
2026-09-08T07:31:36.8658128Z * Getting earmark_parser (Hex package)
2026-09-08T07:31:36.8864213Z * Getting makeup_elixir (Hex package)
2026-09-08T07:31:36.8963746Z * Getting makeup_erlang (Hex package)
2026-09-08T07:31:36.9036566Z * Getting makeup (Hex package)
2026-09-08T07:31:36.9449389Z {"command": ["sudo", "-E", "bwrap", "--die-with-parent", "--unshare-pid", "--ro-bind", "/", "/", "--dev", "/dev", "--proc", "/proc", "--bind", "/home/runner/work/_temp/aphid-current-consumer/fresh", "/home/runner/work/_temp/aphid-current-consumer/fresh", "--tmpfs", "/home/runner/work/Aphid/Aphid", "--tmpfs", "/home/runner/work/_temp/aphid-current-consumer/retained", "--ro-bind", "/dev/null", "/usr/bin/c89-gcc", "--ro-bind", "/dev/null", "/usr/bin/c99-gcc", "--ro-bind", "/dev/null", "/usr/bin/make", "--ro-bind", "/dev/null", "/usr/bin/x86_64-linux-gnu-as", "--ro-bind", "/dev/null", "/usr/bin/x86_64-linux-gnu-g++-12", "--ro-bind", "/dev/null", "/usr/bin/x86_64-linux-gnu-g++-13", "--ro-bind", "/dev/null", "/usr/bin/x86_64-linux-gnu-g++-14", "--ro-bind", "/dev/null", "/usr/bin/x86_64-linux-gnu-gcc-12", "--ro-bind", "/dev/null", "/usr/bin/x86_64-linux-gnu-gcc-13", "--ro-bind", "/dev/null", "/usr/bin/x86_64-linux-gnu-gcc-14", "--ro-bind", "/dev/null", "/usr/bin/x86_64-linux-gnu-ld.bfd", "--ro-bind", "/dev/null", "/usr/lib/llvm-16/bin/clang", "--ro-bind", "/dev/null", "/usr/lib/llvm-16/bin/lld", "--ro-bind", "/dev/null", "/usr/lib/llvm-16/bin/llvm-as", "--ro-bind", "/dev/null", "/usr/lib/llvm-17/bin/clang", "--ro-bind", "/dev/null", "/usr/lib/llvm-17/bin/lld", "--ro-bind", "/dev/null", "/usr/lib/llvm-17/bin/llvm-as", "--ro-bind", "/dev/null", "/usr/lib/llvm-18/bin/clang", "--ro-bind", "/dev/null", "/usr/lib/llvm-18/bin/lld", "--ro-bind", "/dev/null", "/usr/lib/llvm-18/bin/llvm-as", "--ro-bind", "/dev/null", "/usr/local/bin/cmake", "--ro-bind", "/dev/null", "/usr/local/bin/ninja", "--cap-add", "CAP_SETUID", "--cap-add", "CAP_SETGID", "--cap-add", "CAP_SETPCAP", "--clearenv", "--setenv", "LANG", "C.UTF-8", "--setenv", "HOME", "/home/runner/work/_temp/aphid-current-consumer/fresh/home", "--setenv", "PATH", "/home/runner/work/_temp/aphid-current-consumer/fresh/tools:/home/runner/work/_temp/.setup-beam/elixir/bin:/home/runner/work/_temp/.setup-beam/elixir/bin:/home/runner/work/_temp/.setup-beam/otp/bin:/usr/bin:/bin:/usr/sbin:/sbin", "--setenv", "MIX_HOME", "/home/runner/work/_temp/aphid-current-consumer/fresh/mix-home", "--setenv", "HEX_HOME", "/home/runner/work/_temp/aphid-current-consumer/fresh/hex-home", "--setenv", "MIX_ENV", "prod", "--setenv", "ZIG_EXECUTABLE_PATH", "/home/runner/work/_temp/aphid-current-consumer/fresh/tools/zig", "--setenv", "ZIG_GLOBAL_CACHE_DIR", "/home/runner/work/_temp/aphid-current-consumer/fresh/zig-cache", "--setenv", "ZIGLER_STAGING_ROOT", "/home/runner/work/_temp/aphid-current-consumer/fresh/staging", "--setenv", "ERL_FLAGS", "+S 1:1 +SDcpu 1:1", "--setenv", "APHID_INSTALL", "precompiled", "--setenv", "APHID_BUNDLE_ARCHIVE", "/home/runner/work/_temp/aphid-current-consumer/fresh/candidate.tar.gz", "--setenv", "APHID_BUNDLE_SHA256", "fa9535c7e8f3b149658ed0f5f98329f7142cfd21f30f20fef765c74c42b798cc", "--setenv", "TMPDIR", "/home/runner/work/_temp/aphid-current-consumer/fresh/tmp", "--", "/usr/bin/setpriv", "--reuid", "1001", "--regid", "1001", "--clear-groups", "--bounding-set=-all", "--no-new-privs", "--", "mix", "deps.get", "--check-locked"], "cwd": "/home/runner/work/_temp/aphid-current-consumer/fresh/consumer", "exit": 0, "seconds": 1.868}
2026-09-08T07:31:36.9461787Z Normal Hex acquisition verified: 13 locked archives; switching to loopback-only networking
2026-09-08T07:31:37.5884142Z ==> earmark_parser
2026-09-08T07:31:37.5894458Z Compiling 2 files (.xrl)
2026-09-08T07:31:37.6400444Z Compiling 1 file (.yrl)
2026-09-08T07:31:37.6777569Z Compiling 3 files (.erl)
2026-09-08T07:31:37.9799516Z Compiling 32 files (.ex)
2026-09-08T07:31:39.2005745Z Generated earmark_parser app
2026-09-08T07:31:39.2177498Z ==> protoss
2026-09-08T07:31:39.2177930Z Compiling 1 file (.ex)
2026-09-08T07:31:39.2715835Z Generated protoss app
2026-09-08T07:31:39.2930400Z ==> zig_get
2026-09-08T07:31:39.2930879Z Compiling 1 file (.ex)
2026-09-08T07:31:39.3766904Z Generated zig_get app
2026-09-08T07:31:39.3929216Z ==> nimble_parsec
2026-09-08T07:31:39.3929935Z Compiling 4 files (.ex)
2026-09-08T07:31:39.9356683Z Generated nimble_parsec app
2026-09-08T07:31:39.9807928Z ==> pegasus
2026-09-08T07:31:39.9808387Z Compiling 11 files (.ex)
2026-09-08T07:31:42.3410925Z Generated pegasus app
2026-09-08T07:31:42.3570036Z ==> zig_parser
2026-09-08T07:31:42.3570560Z Compiling 37 files (.ex)
2026-09-08T07:31:47.3690924Z     warning: incompatible types given to Map.replace!/3:
2026-09-08T07:31:47.3691663Z 
2026-09-08T07:31:47.3692241Z         Map.replace!(parse(args), :doc_comment, comment)
2026-09-08T07:31:47.3692919Z 
2026-09-08T07:31:47.3693765Z     the map:
2026-09-08T07:31:47.3694191Z 
2026-09-08T07:31:47.3694760Z         dynamic(%Zig.Parser.Test{block: %Zig.Parser.Block{}, location: nil})
2026-09-08T07:31:47.3695981Z 
2026-09-08T07:31:47.3696377Z     does not have all required keys:
2026-09-08T07:31:47.3696940Z 
2026-09-08T07:31:47.3697303Z         :doc_comment
2026-09-08T07:31:47.3697773Z 
2026-09-08T07:31:47.3698213Z     therefore this function will always raise
2026-09-08T07:31:47.3698789Z 
2026-09-08T07:31:47.3699143Z     where "args" was given the type:
2026-09-08T07:31:47.3699654Z 
2026-09-08T07:31:47.3700070Z         # type: dynamic(non_empty_list(term()))
2026-09-08T07:31:47.3700867Z         # from: lib/zig.parser/test.ex:16:10
2026-09-08T07:31:47.3701923Z         parse(args)
2026-09-08T07:31:47.3702569Z 
2026-09-08T07:31:47.3703053Z     where "comment" was given the type:
2026-09-08T07:31:47.3703780Z 
2026-09-08T07:31:47.3704219Z         # type: dynamic()
2026-09-08T07:31:47.3704962Z         # from: lib/zig.parser/test.ex
2026-09-08T07:31:47.3706180Z         [{:TestDecl, [start, {:doc_comment, comment} | args]} | rest_args]
2026-09-08T07:31:47.3706949Z 
2026-09-08T07:31:47.3707303Z     type warning found at:
2026-09-08T07:31:47.3708154Z     │
2026-09-08T07:31:47.3709173Z  17 │       |> Map.replace!(:doc_comment, comment)
2026-09-08T07:31:47.3710064Z     │              ~
2026-09-08T07:31:47.3710671Z     │
2026-09-08T07:31:47.3711551Z     └─ lib/zig.parser/test.ex:17:14: Zig.Parser.Test.post_traverse/5
2026-09-08T07:31:47.3712320Z 
2026-09-08T07:31:47.6918531Z Generated zig_parser app
2026-09-08T07:31:47.7132656Z ==> makeup
2026-09-08T07:31:47.7133466Z Compiling 15 files (.ex)
2026-09-08T07:31:48.2371271Z Generated makeup app
2026-09-08T07:31:48.2552247Z ==> makeup_elixir
2026-09-08T07:31:48.2553165Z Compiling 6 files (.ex)
2026-09-08T07:31:59.2166575Z Generated makeup_elixir app
2026-09-08T07:31:59.2380653Z ==> makeup_erlang
2026-09-08T07:31:59.2462647Z Compiling 4 files (.ex)
2026-09-08T07:32:09.3328738Z Compiling lib/makeup/lexers/erlang_lexer.ex (it's taking more than 10s)
2026-09-08T07:32:09.6903858Z Generated makeup_erlang app
2026-09-08T07:32:09.7246485Z ==> ex_doc
2026-09-08T07:32:09.7247004Z Compiling 27 files (.ex)
2026-09-08T07:32:11.7506369Z      warning: this clause of defp favicon_path/1 is never used (or it will always fail/warn when invoked)
2026-09-08T07:32:11.7507903Z      │
2026-09-08T07:32:11.7508910Z  153 │   defp favicon_path(%{favicon: nil}), do: nil
2026-09-08T07:32:11.7509555Z      │        ~
2026-09-08T07:32:11.7509945Z      │
2026-09-08T07:32:11.7510894Z      └─ lib/ex_doc/formatter/html/templates.ex:153:8: ExDoc.Formatter.HTML.Templates.favicon_path/1
2026-09-08T07:32:11.7511663Z 
2026-09-08T07:32:11.7512372Z      warning: the following clause cannot match because the previous clauses already matched all possible values:
2026-09-08T07:32:11.7513195Z 
2026-09-08T07:32:11.7513361Z          _ ->
2026-09-08T07:32:11.7513583Z 
2026-09-08T07:32:11.7513793Z      it attempts to match on the result of:
2026-09-08T07:32:11.7514180Z 
2026-09-08T07:32:11.7514344Z          result
2026-09-08T07:32:11.7514552Z 
2026-09-08T07:32:11.7514761Z      which has the already matched type:
2026-09-08T07:32:11.7515534Z 
2026-09-08T07:32:11.7515951Z          dynamic({:docs_v1, term(), term(), term(), term(), term(), term()} or {:error, term()})
2026-09-08T07:32:11.7516591Z 
2026-09-08T07:32:11.7516755Z      type warning found at:
2026-09-08T07:32:11.7517087Z      │
2026-09-08T07:32:11.7517336Z  124 │       _ ->
2026-09-08T07:32:11.7517572Z      │         ~
2026-09-08T07:32:11.7517777Z      │
2026-09-08T07:32:11.7518305Z      └─ lib/ex_doc/retriever.ex:124:9: ExDoc.Retriever.docs_chunk/1
2026-09-08T07:32:11.7518588Z 
2026-09-08T07:32:11.7581742Z      warning: this clause of defp logo_path/1 is never used (or it will always fail/warn when invoked)
2026-09-08T07:32:11.7582517Z      │
2026-09-08T07:32:11.7582916Z  156 │   defp logo_path(%{logo: nil}), do: nil
2026-09-08T07:32:11.7583545Z      │        ~
2026-09-08T07:32:11.7584550Z      │
2026-09-08T07:32:11.7585585Z      └─ lib/ex_doc/formatter/html/templates.ex:156:8: ExDoc.Formatter.HTML.Templates.logo_path/1
2026-09-08T07:32:11.7586222Z 
2026-09-08T07:32:11.7675298Z      warning: the following clause will never match:
2026-09-08T07:32:11.7675815Z 
2026-09-08T07:32:11.7676015Z          nil ->
2026-09-08T07:32:11.7676267Z 
2026-09-08T07:32:11.7676545Z      because it attempts to match on the result of:
2026-09-08T07:32:11.7676943Z 
2026-09-08T07:32:11.7677272Z          ExDoc.Language.Source.fetch_type!(module_data, name, arity)
2026-09-08T07:32:11.7677800Z 
2026-09-08T07:32:11.7677981Z      which has type:
2026-09-08T07:32:11.7678247Z 
2026-09-08T07:32:11.7678453Z          dynamic(not false and not nil)
2026-09-08T07:32:11.7678819Z 
2026-09-08T07:32:11.7679637Z      type warning found at:
2026-09-08T07:32:11.7680286Z      │
2026-09-08T07:32:11.7680736Z  150 │         nil ->
2026-09-08T07:32:11.7681175Z      │         ~~~~~~
2026-09-08T07:32:11.7681551Z      │
2026-09-08T07:32:11.7682314Z      └─ lib/ex_doc/language/erlang.ex:150: ExDoc.Language.Erlang.type_data/6
2026-09-08T07:32:11.7682955Z 
2026-09-08T07:32:11.7847876Z      warning: the following clause is redundant:
2026-09-08T07:32:11.7848428Z 
2026-09-08T07:32:11.7848669Z          defp to_var({:<<>>, _, _}, _)
2026-09-08T07:32:11.7848943Z 
2026-09-08T07:32:11.7849085Z      it has type:
2026-09-08T07:32:11.7849279Z 
2026-09-08T07:32:11.7849571Z          dynamic({:<<>>, term(), term()}), dynamic()
2026-09-08T07:32:11.7849893Z 
2026-09-08T07:32:11.7850174Z      previous clauses have already matched on the following types:
2026-09-08T07:32:11.7850689Z 
2026-09-08T07:32:11.7850849Z          {:%{}, term(), term()}, term()
2026-09-08T07:32:11.7851330Z          {atom(), term(), term()}, term()
2026-09-08T07:32:11.7851664Z 
2026-09-08T07:32:11.7851967Z      │
2026-09-08T07:32:11.7852423Z  569 │   defp to_var({:<<>>, _, _}, _), do: {:binary, [], nil}
2026-09-08T07:32:11.7852924Z      │        ~
2026-09-08T07:32:11.7853333Z      │
2026-09-08T07:32:11.7853894Z      └─ lib/ex_doc/language/elixir.ex:569:8: ExDoc.Language.Elixir.to_var/2
2026-09-08T07:32:11.7854342Z 
2026-09-08T07:32:11.7950453Z      warning: the following clause is redundant:
2026-09-08T07:32:11.7950943Z 
2026-09-08T07:32:11.7951163Z          defp to_var({:{}, _, _}, _)
2026-09-08T07:32:11.7951530Z 
2026-09-08T07:32:11.7951717Z      it has type:
2026-09-08T07:32:11.7951901Z 
2026-09-08T07:32:11.7952064Z          dynamic({:{}, term(), term()}), dynamic()
2026-09-08T07:32:11.7952343Z 
2026-09-08T07:32:11.7952592Z      previous clauses have already matched on the following types:
2026-09-08T07:32:11.7952959Z 
2026-09-08T07:32:11.7953098Z          {:%{}, term(), term()}, term()
2026-09-08T07:32:11.7953496Z          {atom(), term(), term()}, term()
2026-09-08T07:32:11.7953743Z 
2026-09-08T07:32:11.7954003Z      │
2026-09-08T07:32:11.7954401Z  570 │   defp to_var({:{}, _, _}, _), do: {:tuple, [], nil}
2026-09-08T07:32:11.7954844Z      │        ~
2026-09-08T07:32:11.7955462Z      │
2026-09-08T07:32:11.7956312Z      └─ lib/ex_doc/language/elixir.ex:570:8: ExDoc.Language.Elixir.to_var/2
2026-09-08T07:32:11.7956765Z 
2026-09-08T07:32:11.7971054Z      warning: the following clause is redundant:
2026-09-08T07:32:11.7971633Z 
2026-09-08T07:32:11.7972083Z          defp to_var(float, _) when is_integer(float)
2026-09-08T07:32:11.7972403Z 
2026-09-08T07:32:11.7972514Z      it has type:
2026-09-08T07:32:11.7972659Z 
2026-09-08T07:32:11.7972781Z          integer(), dynamic()
2026-09-08T07:32:11.7972961Z 
2026-09-08T07:32:11.7973177Z      previous clauses have already matched on the following types:
2026-09-08T07:32:11.7973498Z 
2026-09-08T07:32:11.7973621Z          {:%{}, term(), term()}, term()
2026-09-08T07:32:11.7974171Z          {atom(), term(), term()}, term()
2026-09-08T07:32:11.7974657Z          {term(), term()}, term()
2026-09-08T07:32:11.7975384Z          integer(), term()
2026-09-08T07:32:11.7975676Z 
2026-09-08T07:32:11.7975909Z      │
2026-09-08T07:32:11.7976581Z  573 │   defp to_var(float, _) when is_integer(float), do: {:float, [], nil}
2026-09-08T07:32:11.7977706Z      │        ~
2026-09-08T07:32:11.7978073Z      │
2026-09-08T07:32:11.7978538Z      └─ lib/ex_doc/language/elixir.ex:573:8: ExDoc.Language.Elixir.to_var/2
2026-09-08T07:32:11.7978970Z 
2026-09-08T07:32:11.8012036Z Generated ex_doc app
2026-09-08T07:32:12.1608198Z ==> aphid_consumer
2026-09-08T07:32:12.1609308Z ===> Analyzing applications...
2026-09-08T07:32:12.2258448Z ===> Compiling telemetry
2026-09-08T07:32:12.5951885Z ==> zig_doc
2026-09-08T07:32:12.5952453Z Compiling 5 files (.ex)
2026-09-08T07:32:12.8892198Z     warning: the following clause will never match:
2026-09-08T07:32:12.8892651Z 
2026-09-08T07:32:12.8892876Z         {{:error, reason}, path} ->
2026-09-08T07:32:12.8893608Z 
2026-09-08T07:32:12.8893828Z     it is expected to match on type:
2026-09-08T07:32:12.8894158Z 
2026-09-08T07:32:12.8894328Z         dynamic(
2026-09-08T07:32:12.8894723Z           :error or
2026-09-08T07:32:12.8895624Z             ({term(), :read, binary() or empty_list() or non_empty_list(term(), term())} and
2026-09-08T07:32:12.8896668Z                not {{:ok, term()}, :read, binary() or empty_list() or non_empty_list(term(), term())})
2026-09-08T07:32:12.8897384Z         )
2026-09-08T07:32:12.8897585Z 
2026-09-08T07:32:12.8897763Z     type warning found at:
2026-09-08T07:32:12.8898381Z     │
2026-09-08T07:32:12.8898833Z  69 │       {{:error, reason}, path} ->
2026-09-08T07:32:12.8899389Z     │       ~~~~~~~~~~~~~~~~~~~~~~~~~~~
2026-09-08T07:32:12.8899845Z     │
2026-09-08T07:32:12.8900550Z     └─ lib/zig.doc/generator.ex:69: Zig.Doc.Generator.modulenode_from_config/3
2026-09-08T07:32:12.8901130Z 
2026-09-08T07:32:12.8922580Z Generated zig_doc app
2026-09-08T07:32:12.9161572Z ==> zigler
2026-09-08T07:32:12.9162487Z Compiling 50 files (.ex)
2026-09-08T07:32:12.9304555Z 
2026-09-08T07:32:12.9305535Z 07:32:12.927 [warning] not cross-compiling windows-msvc
2026-09-08T07:32:13.0417355Z      warning: clauses with the same name and arity (number of arguments) should be grouped together, "def render_elixir_spec/1" was previously defined (lib/zig/_nif.ex:373)
2026-09-08T07:32:13.0418631Z      │
2026-09-08T07:32:13.0419074Z  386 │   def render_elixir_spec(nif) do
2026-09-08T07:32:13.0419466Z      │       ~
2026-09-08T07:32:13.0419736Z      │
2026-09-08T07:32:13.0420151Z      └─ lib/zig/_nif.ex:386:7
2026-09-08T07:32:13.0420375Z 
2026-09-08T07:32:15.5410393Z 
2026-09-08T07:32:15.5411862Z 07:32:15.540 [debug] creating staging directory /home/runner/work/_temp/aphid-current-consumer/fresh/staging/Elixir.Zig.Formatter
2026-09-08T07:32:15.5503898Z 
2026-09-08T07:32:15.5504970Z 07:32:15.549 [info] searching for zig in /home/runner/work/_temp/aphid-current-consumer/fresh/home/.cache/zigler/zig-x86_64-linux-0.16.0/zig
2026-09-08T07:32:15.5854815Z      warning: unused require EEx
2026-09-08T07:32:15.5856330Z      │
2026-09-08T07:32:15.5856813Z  437 │   require EEx
2026-09-08T07:32:15.5857258Z      │   ~
2026-09-08T07:32:15.5857632Z      │
2026-09-08T07:32:15.5858092Z      └─ lib/zig/_nif.ex:437:3
2026-09-08T07:32:15.5858385Z 
2026-09-08T07:32:16.2304487Z warning: Zig.Formatter not active (%CompileError{file: nil, line: nil, description: "zig executable not found"}).  If you need Formatter function, and zig is not available, Please run `mix zig.get` to install it.
2026-09-08T07:32:16.2329161Z ##[warning]  lib/zig/formatter.ex:46: (file)
2026-09-08T07:32:16.2341998Z   (elixir 1.20.0) src/elixir_compiler.erl:102: :elixir_compiler.dispatch/4
2026-09-08T07:32:16.2342847Z   (elixir 1.20.0) src/elixir_compiler.erl:76: :elixir_compiler.compile/4
2026-09-08T07:32:16.2343735Z   (elixir 1.20.0) src/elixir_compiler.erl:42: :elixir_compiler.optimize_defmodule/2
2026-09-08T07:32:16.2344620Z   (elixir 1.20.0) src/elixir_lexical.erl:18: :elixir_lexical.run/3
2026-09-08T07:32:16.2345642Z   (elixir 1.20.0) src/elixir_compiler.erl:21: :elixir_compiler.quoted/3
2026-09-08T07:32:16.2346135Z 
2026-09-08T07:32:16.3254833Z Generated zigler app
2026-09-08T07:32:17.9895819Z ==> aphid
2026-09-08T07:32:17.9897329Z Aphid local bundle verified and installed: SHA256 fa9535c7e8f3b149658ed0f5f98329f7142cfd21f30f20fef765c74c42b798cc
2026-09-08T07:32:17.9938555Z Compiling 13 files (.ex)
2026-09-08T07:32:18.1759397Z 
2026-09-08T07:32:18.1761648Z 07:32:18.175 [debug] skipping compile step for precompiled module Elixir.Aphid.Proof, at /home/runner/work/_temp/aphid-current-consumer/fresh/consumer/_build/prod/lib/aphid/priv/lib/Elixir.Aphid.Proof.so
2026-09-08T07:32:18.1776693Z 
2026-09-08T07:32:18.1777648Z 07:32:18.177 [debug] destination library path: /home/runner/work/_temp/aphid-current-consumer/fresh/consumer/_build/prod/lib/aphid/priv/lib/Elixir.Aphid.Proof.so
2026-09-08T07:32:18.5311885Z 
2026-09-08T07:32:18.5314018Z 07:32:18.530 [debug] skipping compile step for precompiled module Elixir.Aphid.Native, at /home/runner/work/_temp/aphid-current-consumer/fresh/consumer/_build/prod/lib/aphid/priv/lib/Elixir.Aphid.Native.so
2026-09-08T07:32:18.5325447Z 
2026-09-08T07:32:18.5326671Z 07:32:18.530 [debug] destination library path: /home/runner/work/_temp/aphid-current-consumer/fresh/consumer/_build/prod/lib/aphid/priv/lib/Elixir.Aphid.Native.so
2026-09-08T07:32:19.3642904Z Generated aphid app
2026-09-08T07:32:19.4160828Z {"command": ["sudo", "-E", "bwrap", "--die-with-parent", "--unshare-pid", "--ro-bind", "/", "/", "--dev", "/dev", "--proc", "/proc", "--bind", "/home/runner/work/_temp/aphid-current-consumer/fresh", "/home/runner/work/_temp/aphid-current-consumer/fresh", "--unshare-net", "--tmpfs", "/home/runner/work/Aphid/Aphid", "--tmpfs", "/home/runner/work/_temp/aphid-current-consumer/retained", "--ro-bind", "/dev/null", "/usr/bin/c89-gcc", "--ro-bind", "/dev/null", "/usr/bin/c99-gcc", "--ro-bind", "/dev/null", "/usr/bin/make", "--ro-bind", "/dev/null", "/usr/bin/x86_64-linux-gnu-as", "--ro-bind", "/dev/null", "/usr/bin/x86_64-linux-gnu-g++-12", "--ro-bind", "/dev/null", "/usr/bin/x86_64-linux-gnu-g++-13", "--ro-bind", "/dev/null", "/usr/bin/x86_64-linux-gnu-g++-14", "--ro-bind", "/dev/null", "/usr/bin/x86_64-linux-gnu-gcc-12", "--ro-bind", "/dev/null", "/usr/bin/x86_64-linux-gnu-gcc-13", "--ro-bind", "/dev/null", "/usr/bin/x86_64-linux-gnu-gcc-14", "--ro-bind", "/dev/null", "/usr/bin/x86_64-linux-gnu-ld.bfd", "--ro-bind", "/dev/null", "/usr/lib/llvm-16/bin/clang", "--ro-bind", "/dev/null", "/usr/lib/llvm-16/bin/lld", "--ro-bind", "/dev/null", "/usr/lib/llvm-16/bin/llvm-as", "--ro-bind", "/dev/null", "/usr/lib/llvm-17/bin/clang", "--ro-bind", "/dev/null", "/usr/lib/llvm-17/bin/lld", "--ro-bind", "/dev/null", "/usr/lib/llvm-17/bin/llvm-as", "--ro-bind", "/dev/null", "/usr/lib/llvm-18/bin/clang", "--ro-bind", "/dev/null", "/usr/lib/llvm-18/bin/lld", "--ro-bind", "/dev/null", "/usr/lib/llvm-18/bin/llvm-as", "--ro-bind", "/dev/null", "/usr/local/bin/cmake", "--ro-bind", "/dev/null", "/usr/local/bin/ninja", "--cap-add", "CAP_SETUID", "--cap-add", "CAP_SETGID", "--cap-add", "CAP_SETPCAP", "--clearenv", "--setenv", "LANG", "C.UTF-8", "--setenv", "HOME", "/home/runner/work/_temp/aphid-current-consumer/fresh/home", "--setenv", "PATH", "/home/runner/work/_temp/aphid-current-consumer/fresh/tools:/home/runner/work/_temp/.setup-beam/elixir/bin:/home/runner/work/_temp/.setup-beam/elixir/bin:/home/runner/work/_temp/.setup-beam/otp/bin:/usr/bin:/bin:/usr/sbin:/sbin", "--setenv", "MIX_HOME", "/home/runner/work/_temp/aphid-current-consumer/fresh/mix-home", "--setenv", "HEX_HOME", "/home/runner/work/_temp/aphid-current-consumer/fresh/hex-home", "--setenv", "MIX_ENV", "prod", "--setenv", "ZIG_EXECUTABLE_PATH", "/home/runner/work/_temp/aphid-current-consumer/fresh/tools/zig", "--setenv", "ZIG_GLOBAL_CACHE_DIR", "/home/runner/work/_temp/aphid-current-consumer/fresh/zig-cache", "--setenv", "ZIGLER_STAGING_ROOT", "/home/runner/work/_temp/aphid-current-consumer/fresh/staging", "--setenv", "ERL_FLAGS", "+S 1:1 +SDcpu 1:1", "--setenv", "APHID_INSTALL", "precompiled", "--setenv", "APHID_BUNDLE_ARCHIVE", "/home/runner/work/_temp/aphid-current-consumer/fresh/candidate.tar.gz", "--setenv", "APHID_BUNDLE_SHA256", "fa9535c7e8f3b149658ed0f5f98329f7142cfd21f30f20fef765c74c42b798cc", "--setenv", "TMPDIR", "/home/runner/work/_temp/aphid-current-consumer/fresh/tmp", "--", "/usr/bin/setpriv", "--reuid", "1001", "--regid", "1001", "--clear-groups", "--bounding-set=-all", "--no-new-privs", "--", "mix", "deps.compile"], "cwd": "/home/runner/work/_temp/aphid-current-consumer/fresh/consumer", "exit": 0, "seconds": 42.47}
2026-09-08T07:32:21.8181735Z ==> aphid
2026-09-08T07:32:21.8194582Z Aphid local bundle verified and installed: SHA256 fa9535c7e8f3b149658ed0f5f98329f7142cfd21f30f20fef765c74c42b798cc
2026-09-08T07:32:22.3625413Z ==> aphid_consumer
2026-09-08T07:32:22.3626025Z Generated aphid_consumer app
2026-09-08T07:32:22.3887017Z {"command": ["sudo", "-E", "bwrap", "--die-with-parent", "--unshare-pid", "--ro-bind", "/", "/", "--dev", "/dev", "--proc", "/proc", "--bind", "/home/runner/work/_temp/aphid-current-consumer/fresh", "/home/runner/work/_temp/aphid-current-consumer/fresh", "--unshare-net", "--tmpfs", "/home/runner/work/Aphid/Aphid", "--tmpfs", "/home/runner/work/_temp/aphid-current-consumer/retained", "--ro-bind", "/dev/null", "/usr/bin/c89-gcc", "--ro-bind", "/dev/null", "/usr/bin/c99-gcc", "--ro-bind", "/dev/null", "/usr/bin/make", "--ro-bind", "/dev/null", "/usr/bin/x86_64-linux-gnu-as", "--ro-bind", "/dev/null", "/usr/bin/x86_64-linux-gnu-g++-12", "--ro-bind", "/dev/null", "/usr/bin/x86_64-linux-gnu-g++-13", "--ro-bind", "/dev/null", "/usr/bin/x86_64-linux-gnu-g++-14", "--ro-bind", "/dev/null", "/usr/bin/x86_64-linux-gnu-gcc-12", "--ro-bind", "/dev/null", "/usr/bin/x86_64-linux-gnu-gcc-13", "--ro-bind", "/dev/null", "/usr/bin/x86_64-linux-gnu-gcc-14", "--ro-bind", "/dev/null", "/usr/bin/x86_64-linux-gnu-ld.bfd", "--ro-bind", "/dev/null", "/usr/lib/llvm-16/bin/clang", "--ro-bind", "/dev/null", "/usr/lib/llvm-16/bin/lld", "--ro-bind", "/dev/null", "/usr/lib/llvm-16/bin/llvm-as", "--ro-bind", "/dev/null", "/usr/lib/llvm-17/bin/clang", "--ro-bind", "/dev/null", "/usr/lib/llvm-17/bin/lld", "--ro-bind", "/dev/null", "/usr/lib/llvm-17/bin/llvm-as", "--ro-bind", "/dev/null", "/usr/lib/llvm-18/bin/clang", "--ro-bind", "/dev/null", "/usr/lib/llvm-18/bin/lld", "--ro-bind", "/dev/null", "/usr/lib/llvm-18/bin/llvm-as", "--ro-bind", "/dev/null", "/usr/local/bin/cmake", "--ro-bind", "/dev/null", "/usr/local/bin/ninja", "--cap-add", "CAP_SETUID", "--cap-add", "CAP_SETGID", "--cap-add", "CAP_SETPCAP", "--clearenv", "--setenv", "LANG", "C.UTF-8", "--setenv", "HOME", "/home/runner/work/_temp/aphid-current-consumer/fresh/home", "--setenv", "PATH", "/home/runner/work/_temp/aphid-current-consumer/fresh/tools:/home/runner/work/_temp/.setup-beam/elixir/bin:/home/runner/work/_temp/.setup-beam/elixir/bin:/home/runner/work/_temp/.setup-beam/otp/bin:/usr/bin:/bin:/usr/sbin:/sbin", "--setenv", "MIX_HOME", "/home/runner/work/_temp/aphid-current-consumer/fresh/mix-home", "--setenv", "HEX_HOME", "/home/runner/work/_temp/aphid-current-consumer/fresh/hex-home", "--setenv", "MIX_ENV", "prod", "--setenv", "ZIG_EXECUTABLE_PATH", "/home/runner/work/_temp/aphid-current-consumer/fresh/tools/zig", "--setenv", "ZIG_GLOBAL_CACHE_DIR", "/home/runner/work/_temp/aphid-current-consumer/fresh/zig-cache", "--setenv", "ZIGLER_STAGING_ROOT", "/home/runner/work/_temp/aphid-current-consumer/fresh/staging", "--setenv", "ERL_FLAGS", "+S 1:1 +SDcpu 1:1", "--setenv", "APHID_INSTALL", "precompiled", "--setenv", "APHID_BUNDLE_ARCHIVE", "/home/runner/work/_temp/aphid-current-consumer/fresh/candidate.tar.gz", "--setenv", "APHID_BUNDLE_SHA256", "fa9535c7e8f3b149658ed0f5f98329f7142cfd21f30f20fef765c74c42b798cc", "--setenv", "TMPDIR", "/home/runner/work/_temp/aphid-current-consumer/fresh/tmp", "--", "/usr/bin/setpriv", "--reuid", "1001", "--regid", "1001", "--clear-groups", "--bounding-set=-all", "--no-new-privs", "--", "mix", "compile"], "cwd": "/home/runner/work/_temp/aphid-current-consumer/fresh/consumer", "exit": 0, "seconds": 2.972}
2026-09-08T07:32:23.2751244Z runtime identity: {"1.20.0", ~c"29", ~c"2.18"}
2026-09-08T07:32:25.3874593Z Running ExUnit with seed: 0, max_cases: 2
2026-09-08T07:32:30.3695754Z 
2026-09-08T07:32:30.3696901Z ................Aphid basic example passed
2026-09-08T07:32:30.4025584Z .Aphid transaction example passed
2026-09-08T07:32:30.4286166Z .Aphid stream example passed
2026-09-08T07:32:30.5096377Z .Aphid FTS example passed
2026-09-08T07:32:30.5486579Z .Aphid vector example passed
2026-09-08T07:32:30.6430177Z .Aphid DuckDB example passed
2026-09-08T07:32:36.8513516Z .............stale-cancel race: 30 iterations; maximum cancel-to-idle 229005 us
2026-09-08T07:32:41.5876187Z ........heartbeat: 11 samples; maximum gap 6 ms
2026-09-08T07:32:41.6943307Z .
2026-09-08T07:32:41.6945540Z 07:32:41.692 [error] Aphid artifact [unloadable]: /home/runner/work/_temp/aphid-current-consumer/fresh/consumer/_build/prod/lib/aphid/priv/lib/Elixir.Aphid.Native: {:upgrade, ~c"Library upgrade-call unsuccessful (-1)."}; use the matching complete bundle and runtime. No source fallback.
2026-09-08T07:32:41.6980226Z 
2026-09-08T07:32:41.6981117Z 07:32:41.695 [warning] The on_load function for module Elixir.Aphid.Native returned:
2026-09-08T07:32:41.6982406Z {:error, {:upgrade, ~c"Library upgrade-call unsuccessful (-1)."}}
2026-09-08T07:32:41.6983151Z 
2026-09-08T07:32:44.2144914Z .................................................
2026-09-08T07:32:44.2168195Z Finished in 20.9 seconds (2.1s on load, 0.00s async, 18.8s sync)
2026-09-08T07:32:44.2169092Z 
2026-09-08T07:32:44.2169497Z Result: 92 passed
2026-09-08T07:32:44.2328636Z {"command": ["sudo", "-E", "bwrap", "--die-with-parent", "--unshare-pid", "--ro-bind", "/", "/", "--dev", "/dev", "--proc", "/proc", "--bind", "/home/runner/work/_temp/aphid-current-consumer/fresh", "/home/runner/work/_temp/aphid-current-consumer/fresh", "--unshare-net", "--tmpfs", "/home/runner/work/Aphid/Aphid", "--tmpfs", "/home/runner/work/_temp/aphid-current-consumer/retained", "--ro-bind", "/dev/null", "/usr/bin/c89-gcc", "--ro-bind", "/dev/null", "/usr/bin/c99-gcc", "--ro-bind", "/dev/null", "/usr/bin/make", "--ro-bind", "/dev/null", "/usr/bin/x86_64-linux-gnu-as", "--ro-bind", "/dev/null", "/usr/bin/x86_64-linux-gnu-g++-12", "--ro-bind", "/dev/null", "/usr/bin/x86_64-linux-gnu-g++-13", "--ro-bind", "/dev/null", "/usr/bin/x86_64-linux-gnu-g++-14", "--ro-bind", "/dev/null", "/usr/bin/x86_64-linux-gnu-gcc-12", "--ro-bind", "/dev/null", "/usr/bin/x86_64-linux-gnu-gcc-13", "--ro-bind", "/dev/null", "/usr/bin/x86_64-linux-gnu-gcc-14", "--ro-bind", "/dev/null", "/usr/bin/x86_64-linux-gnu-ld.bfd", "--ro-bind", "/dev/null", "/usr/lib/llvm-16/bin/clang", "--ro-bind", "/dev/null", "/usr/lib/llvm-16/bin/lld", "--ro-bind", "/dev/null", "/usr/lib/llvm-16/bin/llvm-as", "--ro-bind", "/dev/null", "/usr/lib/llvm-17/bin/clang", "--ro-bind", "/dev/null", "/usr/lib/llvm-17/bin/lld", "--ro-bind", "/dev/null", "/usr/lib/llvm-17/bin/llvm-as", "--ro-bind", "/dev/null", "/usr/lib/llvm-18/bin/clang", "--ro-bind", "/dev/null", "/usr/lib/llvm-18/bin/lld", "--ro-bind", "/dev/null", "/usr/lib/llvm-18/bin/llvm-as", "--ro-bind", "/dev/null", "/usr/local/bin/cmake", "--ro-bind", "/dev/null", "/usr/local/bin/ninja", "--cap-add", "CAP_SETUID", "--cap-add", "CAP_SETGID", "--cap-add", "CAP_SETPCAP", "--clearenv", "--setenv", "LANG", "C.UTF-8", "--setenv", "HOME", "/home/runner/work/_temp/aphid-current-consumer/fresh/home", "--setenv", "PATH", "/home/runner/work/_temp/aphid-current-consumer/fresh/tools:/home/runner/work/_temp/.setup-beam/elixir/bin:/home/runner/work/_temp/.setup-beam/elixir/bin:/home/runner/work/_temp/.setup-beam/otp/bin:/usr/bin:/bin:/usr/sbin:/sbin", "--setenv", "MIX_HOME", "/home/runner/work/_temp/aphid-current-consumer/fresh/mix-home", "--setenv", "HEX_HOME", "/home/runner/work/_temp/aphid-current-consumer/fresh/hex-home", "--setenv", "MIX_ENV", "prod", "--setenv", "ZIG_EXECUTABLE_PATH", "/home/runner/work/_temp/aphid-current-consumer/fresh/tools/zig", "--setenv", "ZIG_GLOBAL_CACHE_DIR", "/home/runner/work/_temp/aphid-current-consumer/fresh/zig-cache", "--setenv", "ZIGLER_STAGING_ROOT", "/home/runner/work/_temp/aphid-current-consumer/fresh/staging", "--setenv", "ERL_FLAGS", "+S 1:1 +SDcpu 1:1", "--setenv", "TMPDIR", "/home/runner/work/_temp/aphid-current-consumer/fresh/tmp", "--", "/usr/bin/setpriv", "--reuid", "1001", "--regid", "1001", "--clear-groups", "--bounding-set=-all", "--no-new-privs", "--", "mix", "run", "--no-compile", "check.exs"], "cwd": "/home/runner/work/_temp/aphid-current-consumer/fresh/consumer", "exit": 0, "seconds": 21.815}
2026-09-08T07:32:44.4109893Z fresh Mix consumer passed; native files unchanged; no native compiler invocation
2026-09-08T07:32:44.4559483Z {"command": ["/opt/hostedtoolcache/Python/3.14.7/x64/bin/python3", "scripts/precompiled_consumer.py", "--archive", "/home/runner/work/_temp/aphid-current-consumer/retained/aphid-linux-distribution/packaged/aphid-0.1.0-dev-x86_64-linux-gnu.tar.gz", "--sha256", "fa9535c7e8f3b149658ed0f5f98329f7142cfd21f30f20fef765c74c42b798cc", "--package", "/home/runner/work/_temp/aphid-current-consumer/aphid-0.1.0-dev-combined.tar", "--package-sha256", "b85967b047662ccdc66851d246a9a7301fe8c797225d7e479948653838dc57df", "--destination", "/home/runner/work/_temp/aphid-current-consumer/fresh", "--hex-dependencies", "--hide-build", "/home/runner/work/_temp/aphid-current-consumer/retained"], "cwd": "/home/runner/work/Aphid/Aphid", "exit": 0, "seconds": 71.388}
2026-09-08T07:32:44.5313207Z CASE missing
2026-09-08T07:32:45.0604723Z Aphid artifact [missing]: set APHID_BUNDLE_ARCHIVE to an existing local .tar.gz. No source fallback.
2026-09-08T07:32:45.0972508Z {"command": ["elixir", "/home/runner/work/_temp/aphid-current-consumer/failures/reject.exs"], "cwd": "/home/runner/work/_temp/aphid-current-consumer/failures", "exit": 0, "seconds": 0.566}
2026-09-08T07:32:45.0975464Z CASE missing-pin
2026-09-08T07:32:45.6318566Z Aphid artifact [corrupt]: set APHID_BUNDLE_SHA256 to an independently trusted 64-digit SHA256. No source fallback.
2026-09-08T07:32:45.6637123Z {"command": ["elixir", "/home/runner/work/_temp/aphid-current-consumer/failures/reject.exs"], "cwd": "/home/runner/work/_temp/aphid-current-consumer/failures", "exit": 0, "seconds": 0.566}
2026-09-08T07:32:45.6639580Z CASE checksum
2026-09-08T07:32:46.2073603Z Aphid artifact [corrupt]: archive SHA256 mismatch; obtain the pinned archive again. No source fallback.
2026-09-08T07:32:46.2296092Z {"command": ["elixir", "/home/runner/work/_temp/aphid-current-consumer/failures/reject.exs"], "cwd": "/home/runner/work/_temp/aphid-current-consumer/failures", "exit": 0, "seconds": 0.565}
2026-09-08T07:32:46.2297791Z CASE target
2026-09-08T07:32:46.7740556Z Aphid artifact [unsupported-target]: the artifact does not match this operating system. No source fallback.
2026-09-08T07:32:46.7952892Z {"command": ["elixir", "/home/runner/work/_temp/aphid-current-consumer/failures/reject.exs"], "cwd": "/home/runner/work/_temp/aphid-current-consumer/failures", "exit": 0, "seconds": 0.565}
2026-09-08T07:32:46.7954744Z CASE engine
2026-09-08T07:32:47.3458542Z Aphid artifact [incompatible-engine]: native lock differs; obtain the bundle for this Aphid source package. No source fallback.
2026-09-08T07:32:47.3626367Z {"command": ["elixir", "/home/runner/work/_temp/aphid-current-consumer/failures/reject.exs"], "cwd": "/home/runner/work/_temp/aphid-current-consumer/failures", "exit": 0, "seconds": 0.567}
2026-09-08T07:32:47.3629029Z CASE manifest
2026-09-08T07:32:47.9240284Z Aphid artifact [corrupt]: content manifest mismatch; obtain the pinned archive again. No source fallback.
2026-09-08T07:32:47.9787384Z {"command": ["elixir", "/home/runner/work/_temp/aphid-current-consumer/failures/reject.exs"], "cwd": "/home/runner/work/_temp/aphid-current-consumer/failures", "exit": 0, "seconds": 0.616}
2026-09-08T07:32:47.9789798Z CASE missing-sidecar
2026-09-08T07:32:48.5344563Z Aphid artifact [missing]: bundle lacks liblbug.so; obtain the complete 0.1.0-dev bundle. No source fallback.
2026-09-08T07:32:48.5446379Z {"command": ["elixir", "/home/runner/work/_temp/aphid-current-consumer/failures/reject.exs"], "cwd": "/home/runner/work/_temp/aphid-current-consumer/failures", "exit": 0, "seconds": 0.565}
2026-09-08T07:32:48.5447979Z CASE architecture
2026-09-08T07:32:49.1082894Z Aphid artifact [wrong-architecture]: Elixir.Aphid.Native.so has the wrong ELF machine architecture. No source fallback.
2026-09-08T07:32:49.1606707Z {"command": ["elixir", "/home/runner/work/_temp/aphid-current-consumer/failures/reject.exs"], "cwd": "/home/runner/work/_temp/aphid-current-consumer/failures", "exit": 0, "seconds": 0.615}
2026-09-08T07:32:49.1608575Z CASE unloadable-header
2026-09-08T07:32:49.7110317Z Aphid artifact [unloadable]: Elixir.Aphid.Native.so is not a native shared library for this target; obtain a valid bundle. No source fallback.
2026-09-08T07:32:49.7272717Z {"command": ["elixir", "/home/runner/work/_temp/aphid-current-consumer/failures/reject.exs"], "cwd": "/home/runner/work/_temp/aphid-current-consumer/failures", "exit": 0, "seconds": 0.566}
2026-09-08T07:32:49.7274475Z CASE native-fingerprint
2026-09-08T07:32:50.2816576Z Aphid artifact [incompatible-engine]: native fingerprint differs from this package's reviewed local-bundle.json; use the matching candidate. No source fallback.
2026-09-08T07:32:50.2931364Z {"command": ["elixir", "/home/runner/work/_temp/aphid-current-consumer/failures/reject.exs"], "cwd": "/home/runner/work/_temp/aphid-current-consumer/failures", "exit": 0, "seconds": 0.565}
2026-09-08T07:32:50.2938114Z CASE lost-selection
2026-09-08T07:32:50.8291518Z Aphid artifact [selection]: this build contains a local bundle; keep its archive/checksum selection or use an empty source build path. No source fallback.
2026-09-08T07:32:50.8596677Z {"command": ["elixir", "/home/runner/work/_temp/aphid-current-consumer/failures/reject.exs"], "cwd": "/home/runner/work/_temp/aphid-current-consumer/failures", "exit": 0, "seconds": 0.566}
2026-09-08T07:32:50.8599006Z CASE force-source
2026-09-08T07:32:51.4107328Z Aphid artifact [selection]: unset ZIGLER_PRECOMPILE_FORCE_RECOMPILE; local bundle mode never falls back to source. No source fallback.
2026-09-08T07:32:51.4254513Z {"command": ["elixir", "/home/runner/work/_temp/aphid-current-consumer/failures/reject.exs"], "cwd": "/home/runner/work/_temp/aphid-current-consumer/failures", "exit": 0, "seconds": 0.565}
2026-09-08T07:32:51.4257233Z CASE conflicting-source
2026-09-08T07:32:51.9593363Z Aphid artifact [selection]: use APHID_INSTALL=precompiled with archive or HTTPS URL and SHA256, or explicit source without bundle inputs. No source fallback.
2026-09-08T07:32:51.9914928Z {"command": ["elixir", "/home/runner/work/_temp/aphid-current-consumer/failures/reject.exs"], "cwd": "/home/runner/work/_temp/aphid-current-consumer/failures", "exit": 0, "seconds": 0.565}
2026-09-08T07:32:51.9917195Z CASE invalid-tar
2026-09-08T07:32:52.5470245Z Aphid artifact [corrupt]: invalid tar archive: :eof. No source fallback.
2026-09-08T07:32:52.5573132Z {"command": ["elixir", "/home/runner/work/_temp/aphid-current-consumer/failures/reject.exs"], "cwd": "/home/runner/work/_temp/aphid-current-consumer/failures", "exit": 0, "seconds": 0.565}
2026-09-08T07:32:52.5574707Z CASE traversal
2026-09-08T07:32:53.1236999Z Aphid artifact [unsafe]: archive contains a link, special file or unsafe path: "../escape". No source fallback.
2026-09-08T07:32:53.1733741Z {"command": ["elixir", "/home/runner/work/_temp/aphid-current-consumer/failures/reject.exs"], "cwd": "/home/runner/work/_temp/aphid-current-consumer/failures", "exit": 0, "seconds": 0.616}
2026-09-08T07:32:53.1736250Z CASE absolute
2026-09-08T07:32:53.7400968Z Aphid artifact [unsafe]: archive contains a link, special file or unsafe path: "/tmp/aphid-escape". No source fallback.
2026-09-08T07:32:53.7896960Z {"command": ["elixir", "/home/runner/work/_temp/aphid-current-consumer/failures/reject.exs"], "cwd": "/home/runner/work/_temp/aphid-current-consumer/failures", "exit": 0, "seconds": 0.616}
2026-09-08T07:32:53.7898705Z CASE duplicate
2026-09-08T07:32:54.3357175Z Aphid artifact [unsafe]: duplicate or case-colliding archive member. No source fallback.
2026-09-08T07:32:54.3554091Z {"command": ["elixir", "/home/runner/work/_temp/aphid-current-consumer/failures/reject.exs"], "cwd": "/home/runner/work/_temp/aphid-current-consumer/failures", "exit": 0, "seconds": 0.565}
2026-09-08T07:32:54.3556310Z CASE case-collision
2026-09-08T07:32:54.9121540Z Aphid artifact [unsafe]: duplicate or case-colliding archive member. No source fallback.
2026-09-08T07:32:54.9211638Z {"command": ["elixir", "/home/runner/work/_temp/aphid-current-consumer/failures/reject.exs"], "cwd": "/home/runner/work/_temp/aphid-current-consumer/failures", "exit": 0, "seconds": 0.565}
2026-09-08T07:32:54.9213271Z CASE file-directory
2026-09-08T07:32:55.4742112Z Aphid artifact [unsafe]: archive file is also used as a directory. No source fallback.
2026-09-08T07:32:55.4872530Z {"command": ["elixir", "/home/runner/work/_temp/aphid-current-consumer/failures/reject.exs"], "cwd": "/home/runner/work/_temp/aphid-current-consumer/failures", "exit": 0, "seconds": 0.565}
2026-09-08T07:32:55.4873677Z CASE dot-path
2026-09-08T07:32:56.0586299Z Aphid artifact [unsafe]: archive contains a link, special file or unsafe path: "./escape". No source fallback.
2026-09-08T07:32:56.1029063Z {"command": ["elixir", "/home/runner/work/_temp/aphid-current-consumer/failures/reject.exs"], "cwd": "/home/runner/work/_temp/aphid-current-consumer/failures", "exit": 0, "seconds": 0.615}
2026-09-08T07:32:56.1030864Z CASE symlink
2026-09-08T07:32:56.6668148Z Aphid artifact [unsafe]: archive contains a link, special file or unsafe path: "link". No source fallback.
2026-09-08T07:32:56.7190920Z {"command": ["elixir", "/home/runner/work/_temp/aphid-current-consumer/failures/reject.exs"], "cwd": "/home/runner/work/_temp/aphid-current-consumer/failures", "exit": 0, "seconds": 0.616}
2026-09-08T07:32:56.7192459Z CASE hardlink
2026-09-08T07:32:57.2694098Z Aphid artifact [unsafe]: archive contains a link, special file or unsafe path: "hard". No source fallback.
2026-09-08T07:32:57.2848923Z {"command": ["elixir", "/home/runner/work/_temp/aphid-current-consumer/failures/reject.exs"], "cwd": "/home/runner/work/_temp/aphid-current-consumer/failures", "exit": 0, "seconds": 0.565}
2026-09-08T07:32:57.2851348Z CASE fifo
2026-09-08T07:32:57.8415698Z Aphid artifact [unsafe]: archive contains a link, special file or unsafe path: "fifo". No source fallback.
2026-09-08T07:32:57.8508981Z {"command": ["elixir", "/home/runner/work/_temp/aphid-current-consumer/failures/reject.exs"], "cwd": "/home/runner/work/_temp/aphid-current-consumer/failures", "exit": 0, "seconds": 0.565}
2026-09-08T07:32:57.9121548Z REAL LOADER missing
2026-09-08T07:32:58.3085758Z 
2026-09-08T07:32:58.3087424Z 07:32:58.305 [error] Aphid artifact [missing]: /home/runner/work/_temp/aphid-current-consumer/failures/load-missing/aphid/priv/lib/liblbug.so; reinstall the complete pinned bundle. No source fallback.
2026-09-08T07:32:58.3102732Z real loader rejected artifact: Elixir.Aphid.Native
2026-09-08T07:32:58.3212522Z 
2026-09-08T07:32:58.3213315Z 07:32:58.309 [warning] The on_load function for module Elixir.Aphid.Native returned:
2026-09-08T07:32:58.3214039Z {:error,
2026-09-08T07:32:58.3214358Z  {:missing,
2026-09-08T07:32:58.3215305Z   "/home/runner/work/_temp/aphid-current-consumer/failures/load-missing/aphid/priv/lib/liblbug.so"}}
2026-09-08T07:32:58.3216041Z 
2026-09-08T07:32:58.3312745Z 
2026-09-08T07:32:58.3314453Z 07:32:58.330 [error] Aphid artifact [missing]: /home/runner/work/_temp/aphid-current-consumer/failures/load-missing/aphid/priv/lib/liblbug.so; reinstall the complete pinned bundle. No source fallback.
2026-09-08T07:32:58.3330737Z real loader rejected artifact: Elixir.Aphid.Proof
2026-09-08T07:32:58.3331771Z 
2026-09-08T07:32:58.3332245Z 07:32:58.332 [warning] The on_load function for module Elixir.Aphid.Proof returned:
2026-09-08T07:32:58.3332984Z {:error,
2026-09-08T07:32:58.3333321Z  {:missing,
2026-09-08T07:32:58.3334098Z   "/home/runner/work/_temp/aphid-current-consumer/failures/load-missing/aphid/priv/lib/liblbug.so"}}
2026-09-08T07:32:58.3334842Z 
2026-09-08T07:32:58.3776782Z {"command": ["elixir", "-pa", "/home/runner/work/_temp/aphid-current-consumer/failures/load-missing/aphid/ebin", "/home/runner/work/_temp/aphid-current-consumer/failures/load.exs"], "cwd": "/home/runner/work/_temp/aphid-current-consumer/failures", "exit": 0, "seconds": 0.465}
2026-09-08T07:32:58.4366207Z REAL LOADER corrupt
2026-09-08T07:32:58.8237989Z 
2026-09-08T07:32:58.8239608Z 07:32:58.820 [error] Aphid artifact [corrupt]: /home/runner/work/_temp/aphid-current-consumer/failures/load-corrupt/aphid/priv/lib/liblbug.so; reinstall the complete pinned bundle. No source fallback.
2026-09-08T07:32:58.8255304Z real loader rejected artifact: Elixir.Aphid.Native
2026-09-08T07:32:58.8369322Z 
2026-09-08T07:32:58.8370167Z 07:32:58.825 [warning] The on_load function for module Elixir.Aphid.Native returned:
2026-09-08T07:32:58.8370901Z {:error,
2026-09-08T07:32:58.8371199Z  {:corrupt,
2026-09-08T07:32:58.8372270Z   "/home/runner/work/_temp/aphid-current-consumer/failures/load-corrupt/aphid/priv/lib/liblbug.so"}}
2026-09-08T07:32:58.8372985Z 
2026-09-08T07:32:58.8474692Z 
2026-09-08T07:32:58.8476716Z 07:32:58.846 [error] Aphid artifact [corrupt]: /home/runner/work/_temp/aphid-current-consumer/failures/load-corrupt/aphid/priv/lib/liblbug.so; reinstall the complete pinned bundle. No source fallback.
2026-09-08T07:32:58.8492187Z real loader rejected artifact: Elixir.Aphid.Proof
2026-09-08T07:32:58.8493382Z 
2026-09-08T07:32:58.8494061Z 07:32:58.848 [warning] The on_load function for module Elixir.Aphid.Proof returned:
2026-09-08T07:32:58.8494809Z {:error,
2026-09-08T07:32:58.8495357Z  {:corrupt,
2026-09-08T07:32:58.8496155Z   "/home/runner/work/_temp/aphid-current-consumer/failures/load-corrupt/aphid/priv/lib/liblbug.so"}}
2026-09-08T07:32:58.8496923Z 
2026-09-08T07:32:58.9021357Z {"command": ["elixir", "-pa", "/home/runner/work/_temp/aphid-current-consumer/failures/load-corrupt/aphid/ebin", "/home/runner/work/_temp/aphid-current-consumer/failures/load.exs"], "cwd": "/home/runner/work/_temp/aphid-current-consumer/failures", "exit": 0, "seconds": 0.465}
2026-09-08T07:32:58.9564600Z REAL LOADER unloadable
2026-09-08T07:32:59.4518353Z 
2026-09-08T07:32:59.4521464Z 07:32:59.448 [error] Aphid artifact [unloadable]: /home/runner/work/_temp/aphid-current-consumer/failures/load-unloadable/aphid/priv/lib/Elixir.Aphid.Native: {:load_failed, ~c"Failed to load NIF library: '/home/runner/work/_temp/aphid-current-consumer/failures/load-unloadable/aphid/priv/lib/Elixir.Aphid.Native.so: failed to map segment from shared object'"}; use the matching complete bundle and runtime. No source fallback.
2026-09-08T07:32:59.4554430Z real loader rejected artifact: Elixir.Aphid.Native
2026-09-08T07:32:59.4555189Z 
2026-09-08T07:32:59.4555732Z 07:32:59.453 [warning] The on_load function for module Elixir.Aphid.Native returned:
2026-09-08T07:32:59.4556519Z {:error,
2026-09-08T07:32:59.4557030Z  {:load_failed,
2026-09-08T07:32:59.4558634Z   ~c"Failed to load NIF library: '/home/runner/work/_temp/aphid-current-consumer/failures/load-unloadable/aphid/priv/lib/Elixir.Aphid.Native.so: failed to map segment from shared object'"}}
2026-09-08T07:32:59.4560167Z 
2026-09-08T07:32:59.5526644Z 
2026-09-08T07:32:59.5530464Z 07:32:59.552 [error] Aphid artifact [unloadable]: /home/runner/work/_temp/aphid-current-consumer/failures/load-unloadable/aphid/priv/lib/Elixir.Aphid.Proof: {:load_failed, ~c"Failed to load NIF library: '/home/runner/work/_temp/aphid-current-consumer/failures/load-unloadable/aphid/priv/lib/Elixir.Aphid.Proof.so: failed to map segment from shared object'"}; use the matching complete bundle and runtime. No source fallback.
2026-09-08T07:32:59.5542030Z real loader rejected artifact: Elixir.Aphid.Proof
2026-09-08T07:32:59.5543857Z 
2026-09-08T07:32:59.5544267Z 07:32:59.553 [warning] The on_load function for module Elixir.Aphid.Proof returned:
2026-09-08T07:32:59.5544784Z {:error,
2026-09-08T07:32:59.5545317Z  {:load_failed,
2026-09-08T07:32:59.5546618Z   ~c"Failed to load NIF library: '/home/runner/work/_temp/aphid-current-consumer/failures/load-unloadable/aphid/priv/lib/Elixir.Aphid.Proof.so: failed to map segment from shared object'"}}
2026-09-08T07:32:59.5547955Z 
2026-09-08T07:32:59.5727879Z {"command": ["sudo", "-E", "unshare", "--mount", "--fork", "--propagation", "private", "sh", "-c", "mount --bind \"$1\" \"$1\" && mount -o remount,bind,noexec \"$1\" && shift && exec \"$@\"", "noexec-proof", "/home/runner/work/_temp/aphid-current-consumer/failures/load-unloadable/aphid/priv/lib", "/usr/bin/setpriv", "--reuid", "1001", "--regid", "1001", "--clear-groups", "--no-new-privs", "--", "/usr/bin/env", "PATH=/home/runner/work/_temp/.setup-beam/elixir/bin:/home/runner/.mix/escripts:/home/runner/work/_temp/.setup-beam/otp/bin:/opt/hostedtoolcache/Python/3.14.7/x64/bin:/opt/hostedtoolcache/Python/3.14.7/x64:/snap/bin:/home/runner/.local/bin:/opt/pipx_bin:/home/runner/.cargo/bin:/home/runner/.config/composer/vendor/bin:/usr/local/.ghcup/bin:/home/runner/.dotnet/tools:/usr/local/sbin:/usr/local/bin:/usr/sbin:/usr/bin:/sbin:/bin:/usr/games:/usr/local/games:/snap/bin", "/home/runner/work/_temp/.setup-beam/elixir/bin/elixir", "-pa", "/home/runner/work/_temp/aphid-current-consumer/failures/load-unloadable/aphid/ebin", "/home/runner/work/_temp/aphid-current-consumer/failures/load.exs"], "cwd": "/home/runner/work/_temp/aphid-current-consumer/failures", "exit": 0, "seconds": 0.615}
2026-09-08T07:32:59.5735957Z real Mix adapter rejection cases and loader processes passed
2026-09-08T07:32:59.6105833Z {"command": ["/opt/hostedtoolcache/Python/3.14.7/x64/bin/python3", "scripts/local_bundle_failures.py", "--destination", "/home/runner/work/_temp/aphid-current-consumer/failures", "--consumer", "/home/runner/work/_temp/aphid-current-consumer/fresh"], "cwd": "/home/runner/work/Aphid/Aphid", "exit": 0, "seconds": 15.155}
2026-09-08T07:33:00.7461922Z * assembling aphid_consumer-0.0.0 on MIX_ENV=prod
2026-09-08T07:33:00.7467516Z * skipping runtime configuration (config/runtime.exs not found)
2026-09-08T07:33:00.8721319Z * creating /home/runner/work/_temp/aphid-current-consumer/mix-release-proof/assembled/releases/0.0.0/env.sh
2026-09-08T07:33:01.2432372Z * building /home/runner/work/_temp/aphid-current-consumer/mix-release-proof/assembled/aphid_consumer-0.0.0.tar.gz
2026-09-08T07:33:19.6842707Z 
2026-09-08T07:33:19.6843583Z Release created at /home/runner/work/_temp/aphid-current-consumer/mix-release-proof/assembled
2026-09-08T07:33:19.6844266Z 
2026-09-08T07:33:19.6844542Z     # To start your system
2026-09-08T07:33:19.6845974Z     /home/runner/work/_temp/aphid-current-consumer/mix-release-proof/assembled/bin/aphid_consumer start
2026-09-08T07:33:19.6846677Z 
2026-09-08T07:33:19.6846937Z Once the release is running:
2026-09-08T07:33:19.6847246Z 
2026-09-08T07:33:19.6847484Z     # To connect to it remotely
2026-09-08T07:33:19.6848174Z     /home/runner/work/_temp/aphid-current-consumer/mix-release-proof/assembled/bin/aphid_consumer remote
2026-09-08T07:33:19.6848830Z 
2026-09-08T07:33:19.6849250Z     # To stop it gracefully (you may also send SIGINT/SIGTERM)
2026-09-08T07:33:19.6851459Z     /home/runner/work/_temp/aphid-current-consumer/mix-release-proof/assembled/bin/aphid_consumer stop
2026-09-08T07:33:19.6852251Z 
2026-09-08T07:33:19.6852548Z To list all commands:
2026-09-08T07:33:19.6852890Z 
2026-09-08T07:33:19.6853513Z     /home/runner/work/_temp/aphid-current-consumer/mix-release-proof/assembled/bin/aphid_consumer
2026-09-08T07:33:19.6854243Z 
2026-09-08T07:33:19.7064119Z {"command": ["sudo", "-E", "bwrap", "--die-with-parent", "--unshare-pid", "--ro-bind", "/", "/", "--dev", "/dev", "--proc", "/proc", "--bind", "/home/runner/work/_temp/aphid-current-consumer/mix-release-proof", "/home/runner/work/_temp/aphid-current-consumer/mix-release-proof", "--unshare-net", "--tmpfs", "/home/runner/work/Aphid/Aphid", "--tmpfs", "/home/runner/work/_temp/aphid-current-consumer/fresh", "--ro-bind", "/dev/null", "/usr/bin/c89-gcc", "--ro-bind", "/dev/null", "/usr/bin/c99-gcc", "--ro-bind", "/dev/null", "/usr/bin/make", "--ro-bind", "/dev/null", "/usr/bin/x86_64-linux-gnu-as", "--ro-bind", "/dev/null", "/usr/bin/x86_64-linux-gnu-g++-12", "--ro-bind", "/dev/null", "/usr/bin/x86_64-linux-gnu-g++-13", "--ro-bind", "/dev/null", "/usr/bin/x86_64-linux-gnu-g++-14", "--ro-bind", "/dev/null", "/usr/bin/x86_64-linux-gnu-gcc-12", "--ro-bind", "/dev/null", "/usr/bin/x86_64-linux-gnu-gcc-13", "--ro-bind", "/dev/null", "/usr/bin/x86_64-linux-gnu-gcc-14", "--ro-bind", "/dev/null", "/usr/bin/x86_64-linux-gnu-ld.bfd", "--ro-bind", "/dev/null", "/usr/lib/llvm-16/bin/clang", "--ro-bind", "/dev/null", "/usr/lib/llvm-16/bin/lld", "--ro-bind", "/dev/null", "/usr/lib/llvm-16/bin/llvm-as", "--ro-bind", "/dev/null", "/usr/lib/llvm-17/bin/clang", "--ro-bind", "/dev/null", "/usr/lib/llvm-17/bin/lld", "--ro-bind", "/dev/null", "/usr/lib/llvm-17/bin/llvm-as", "--ro-bind", "/dev/null", "/usr/lib/llvm-18/bin/clang", "--ro-bind", "/dev/null", "/usr/lib/llvm-18/bin/lld", "--ro-bind", "/dev/null", "/usr/lib/llvm-18/bin/llvm-as", "--ro-bind", "/dev/null", "/usr/local/bin/cmake", "--ro-bind", "/dev/null", "/usr/local/bin/ninja", "--cap-add", "CAP_SETUID", "--cap-add", "CAP_SETGID", "--cap-add", "CAP_SETPCAP", "--clearenv", "--setenv", "LANG", "C.UTF-8", "--setenv", "HOME", "/home/runner/work/_temp/aphid-current-consumer/mix-release-proof/home", "--setenv", "PATH", "/home/runner/work/_temp/aphid-current-consumer/mix-release-proof/tools:/home/runner/work/_temp/.setup-beam/elixir/bin:/home/runner/work/_temp/.setup-beam/elixir/bin:/home/runner/work/_temp/.setup-beam/otp/bin:/usr/bin:/bin:/usr/sbin:/sbin", "--setenv", "MIX_HOME", "/home/runner/work/_temp/aphid-current-consumer/mix-release-proof/mix-home", "--setenv", "HEX_HOME", "/home/runner/work/_temp/aphid-current-consumer/mix-release-proof/hex-home", "--setenv", "MIX_ENV", "prod", "--setenv", "TMPDIR", "/home/runner/work/_temp/aphid-current-consumer/mix-release-proof/tmp", "--setenv", "ZIG_EXECUTABLE_PATH", "/home/runner/work/_temp/aphid-current-consumer/mix-release-proof/tools/zig", "--setenv", "ZIG_GLOBAL_CACHE_DIR", "/home/runner/work/_temp/aphid-current-consumer/mix-release-proof/zig-cache", "--setenv", "ERL_FLAGS", "+S 1:1 +SDcpu 1:1", "--setenv", "RELEASE_DISTRIBUTION", "none", "--", "/usr/bin/setpriv", "--reuid", "1001", "--regid", "1001", "--clear-groups", "--bounding-set=-all", "--no-new-privs", "--", "mix", "release", "--no-compile", "--path", "/home/runner/work/_temp/aphid-current-consumer/mix-release-proof/assembled"], "cwd": "/home/runner/work/_temp/aphid-current-consumer/mix-release-proof/build", "exit": 0, "seconds": 19.604}
2026-09-08T07:33:19.8681484Z {"release_archive": "/home/runner/work/_temp/aphid-current-consumer/mix-release-validation.tar.gz", "sha256": "3d1d96b2035e7ee180be29283033c638496912199370c0abbb0306adfead2499", "bytes": 140505087}
2026-09-08T07:33:23.9170526Z audited shipped native files: 23
2026-09-08T07:33:23.9218450Z {"release_native_audit": {"erts-17.0.4/bin/beam.smp": {"sha256": "ea381ccea7272214b927b811f33648d64f2e9def91cab7dfce3219f898c8ebfa", "libraries": "\tlinux-vdso.so.1 (0x00007f99c8b66000)\n\tlibtinfo.so.6 => /lib/x86_64-linux-gnu/libtinfo.so.6 (0x00007f99c8b20000)\n\tlibz.so.1 => /lib/x86_64-linux-gnu/libz.so.1 (0x00007f99c8b04000)\n\tlibstdc++.so.6 => /lib/x86_64-linux-gnu/libstdc++.so.6 (0x00007f99c7a00000)\n\tlibm.so.6 => /lib/x86_64-linux-gnu/libm.so.6 (0x00007f99c7d17000)\n\tlibgcc_s.so.1 => /lib/x86_64-linux-gnu/libgcc_s.so.1 (0x00007f99c8ad6000)\n\tlibc.so.6 => /lib/x86_64-linux-gnu/libc.so.6 (0x00007f99c7600000)\n\t/lib64/ld-linux-x86-64.so.2 (0x00007f99c8b68000)\n", "glibc": ["GLIBC_2.10", "GLIBC_2.11", "GLIBC_2.12", "GLIBC_2.14", "GLIBC_2.15", "GLIBC_2.17", "GLIBC_2.2.5", "GLIBC_2.29", "GLIBC_2.3", "GLIBC_2.3.2", "GLIBC_2.3.4", "GLIBC_2.32", "GLIBC_2.33", "GLIBC_2.34", "GLIBC_2.38", "GLIBC_2.4", "GLIBC_2.8"]}, "erts-17.0.4/bin/ct_run": {"sha256": "8df424da32f77a843ea4a5bb76d458c36cc921509c3d61ca6cb15e66dba26cad", "libraries": "\tlinux-vdso.so.1 (0x00007fac9a3ba000)\n\tlibm.so.6 => /lib/x86_64-linux-gnu/libm.so.6 (0x00007fac9a2b5000)\n\tlibc.so.6 => /lib/x86_64-linux-gnu/libc.so.6 (0x00007fac9a000000)\n\t/lib64/ld-linux-x86-64.so.2 (0x00007fac9a3bc000)\n", "glibc": ["GLIBC_2.14", "GLIBC_2.2.5", "GLIBC_2.3", "GLIBC_2.3.4", "GLIBC_2.34", "GLIBC_2.4"]}, "erts-17.0.4/bin/dialyzer": {"sha256": "28e182db94aa2685606dd4bf64ee41e63730d801dc9d952fa5c88c01140c83f5", "libraries": "\tlinux-vdso.so.1 (0x00007f6870e37000)\n\tlibm.so.6 => /lib/x86_64-linux-gnu/libm.so.6 (0x00007f6870d33000)\n\tlibc.so.6 => /lib/x86_64-linux-gnu/libc.so.6 (0x00007f6870a00000)\n\t/lib64/ld-linux-x86-64.so.2 (0x00007f6870e39000)\n", "glibc": ["GLIBC_2.14", "GLIBC_2.2.5", "GLIBC_2.3", "GLIBC_2.3.4", "GLIBC_2.34", "GLIBC_2.4"]}, "erts-17.0.4/bin/epmd": {"sha256": "cd5bf23ff0e30330135ccc0637f925f45382c3f83bcdccd2ab8073e359a5513e", "libraries": "\tlinux-vdso.so.1 (0x00007f64eea2e000)\n\tlibm.so.6 => /lib/x86_64-linux-gnu/libm.so.6 (0x00007f64ee923000)\n\tlibc.so.6 => /lib/x86_64-linux-gnu/libc.so.6 (0x00007f64ee600000)\n\t/lib64/ld-linux-x86-64.so.2 (0x00007f64eea30000)\n", "glibc": ["GLIBC_2.14", "GLIBC_2.15", "GLIBC_2.2.5", "GLIBC_2.3", "GLIBC_2.3.4", "GLIBC_2.34", "GLIBC_2.38", "GLIBC_2.4"]}, "erts-17.0.4/bin/erl_call": {"sha256": "486635c6d074c2fe8f7c7fcd165319dd0f5a00e01dcb1ff19c3743d71d7b3d60", "libraries": "\tlinux-vdso.so.1 (0x00007f67b12fe000)\n\tlibc.so.6 => /lib/x86_64-linux-gnu/libc.so.6 (0x00007f67b1000000)\n\t/lib64/ld-linux-x86-64.so.2 (0x00007f67b1300000)\n", "glibc": ["GLIBC_2.14", "GLIBC_2.15", "GLIBC_2.2.5", "GLIBC_2.3", "GLIBC_2.3.4", "GLIBC_2.34", "GLIBC_2.38", "GLIBC_2.4"]}, "erts-17.0.4/bin/erl_child_setup": {"sha256": "6aa689224c5fcbf415dafe3068897518778e57f805faff63d4a9fea5f75c3312", "libraries": "\tlinux-vdso.so.1 (0x00007fb4cbec4000)\n\tlibc.so.6 => /lib/x86_64-linux-gnu/libc.so.6 (0x00007fb4cbc00000)\n\t/lib64/ld-linux-x86-64.so.2 (0x00007fb4cbec6000)\n", "glibc": ["GLIBC_2.15", "GLIBC_2.2.5", "GLIBC_2.3.4", "GLIBC_2.34", "GLIBC_2.38", "GLIBC_2.4"]}, "erts-17.0.4/bin/erlc": {"sha256": "a89ac52d5a448246e3bf08b26bc35d9e25923d87b3bbeefde8b7d50d2e78031b", "libraries": "\tlinux-vdso.so.1 (0x00007f656103b000)\n\tlibm.so.6 => /lib/x86_64-linux-gnu/libm.so.6 (0x00007f6560f21000)\n\tlibc.so.6 => /lib/x86_64-linux-gnu/libc.so.6 (0x00007f6560c00000)\n\t/lib64/ld-linux-x86-64.so.2 (0x00007f656103d000)\n", "glibc": ["GLIBC_2.14", "GLIBC_2.15", "GLIBC_2.2.5", "GLIBC_2.3", "GLIBC_2.3.4", "GLIBC_2.33", "GLIBC_2.34", "GLIBC_2.38", "GLIBC_2.4"]}, "erts-17.0.4/bin/erlexec": {"sha256": "5442d02575f7d4390bc50addc2621aadf8aeb4bd53316594b2bdb3a82e692708", "libraries": "\tlinux-vdso.so.1 (0x00007f57ef0b4000)\n\tlibm.so.6 => /lib/x86_64-linux-gnu/libm.so.6 (0x00007f57eefa9000)\n\tlibc.so.6 => /lib/x86_64-linux-gnu/libc.so.6 (0x00007f57eec00000)\n\t/lib64/ld-linux-x86-64.so.2 (0x00007f57ef0b6000)\n", "glibc": ["GLIBC_2.14", "GLIBC_2.2.5", "GLIBC_2.3", "GLIBC_2.3.4", "GLIBC_2.34", "GLIBC_2.4", "GLIBC_2.7"]}, "erts-17.0.4/bin/escript": {"sha256": "ed06e2bcecaf6821e3d8afcc7cf4aa5b2f8ce7252c8e4c9aeb005f881693c29d", "libraries": "\tlinux-vdso.so.1 (0x00007f196bf3e000)\n\tlibm.so.6 => /lib/x86_64-linux-gnu/libm.so.6 (0x00007f196be39000)\n\tlibc.so.6 => /lib/x86_64-linux-gnu/libc.so.6 (0x00007f196bc00000)\n\t/lib64/ld-linux-x86-64.so.2 (0x00007f196bf40000)\n", "glibc": ["GLIBC_2.14", "GLIBC_2.2.5", "GLIBC_2.3", "GLIBC_2.3.4", "GLIBC_2.34", "GLIBC_2.4"]}, "erts-17.0.4/bin/heart": {"sha256": "6f07f8d7d419764938da21a7f09fdeb1f678b762af45f370d8a81839b773d3e9", "libraries": "\tlinux-vdso.so.1 (0x00007fa2584e8000)\n\tlibc.so.6 => /lib/x86_64-linux-gnu/libc.so.6 (0x00007fa258200000)\n\t/lib64/ld-linux-x86-64.so.2 (0x00007fa2584ea000)\n", "glibc": ["GLIBC_2.15", "GLIBC_2.17", "GLIBC_2.2.5", "GLIBC_2.3.4", "GLIBC_2.34", "GLIBC_2.38", "GLIBC_2.4"]}, "erts-17.0.4/bin/inet_gethost": {"sha256": "054787181645e4b7a47b1df1d55af52409c272e2986111ae08f922ecb370f4a1", "libraries": "\tlinux-vdso.so.1 (0x00007fbab5813000)\n\tlibm.so.6 => /lib/x86_64-linux-gnu/libm.so.6 (0x00007fbab5708000)\n\tlibc.so.6 => /lib/x86_64-linux-gnu/libc.so.6 (0x00007fbab5400000)\n\t/lib64/ld-linux-x86-64.so.2 (0x00007fbab5815000)\n", "glibc": ["GLIBC_2.14", "GLIBC_2.15", "GLIBC_2.2.5", "GLIBC_2.3", "GLIBC_2.3.4", "GLIBC_2.34", "GLIBC_2.38", "GLIBC_2.4"]}, "erts-17.0.4/bin/run_erl": {"sha256": "bed4a1e654f397167e7120f5359943fdb8b13eedbd1f144bfc4ba784cfe1fa86", "libraries": "\tlinux-vdso.so.1 (0x00007f8b9a976000)\n\tlibc.so.6 => /lib/x86_64-linux-gnu/libc.so.6 (0x00007f8b9a600000)\n\t/lib64/ld-linux-x86-64.so.2 (0x00007f8b9a978000)\n", "glibc": ["GLIBC_2.14", "GLIBC_2.15", "GLIBC_2.2.5", "GLIBC_2.3.4", "GLIBC_2.34", "GLIBC_2.38", "GLIBC_2.4"]}, "erts-17.0.4/bin/to_erl": {"sha256": "165e690e199191c2659412adeb2608edef2f2f3343640e1546925bf32d268a11", "libraries": "\tlinux-vdso.so.1 (0x00007f010e980000)\n\tlibc.so.6 => /lib/x86_64-linux-gnu/libc.so.6 (0x00007f010e600000)\n\t/lib64/ld-linux-x86-64.so.2 (0x00007f010e982000)\n", "glibc": ["GLIBC_2.15", "GLIBC_2.2.5", "GLIBC_2.3.4", "GLIBC_2.34", "GLIBC_2.38", "GLIBC_2.4"]}, "erts-17.0.4/bin/typer": {"sha256": "a7e1676924d6afb80fdaaadb3f8ebbf97c74139404addf8e9e1e7947ec1f86de", "libraries": "\tlinux-vdso.so.1 (0x00007fb372bc4000)\n\tlibm.so.6 => /lib/x86_64-linux-gnu/libm.so.6 (0x00007fb372ac0000)\n\tlibc.so.6 => /lib/x86_64-linux-gnu/libc.so.6 (0x00007fb372800000)\n\t/lib64/ld-linux-x86-64.so.2 (0x00007fb372bc6000)\n", "glibc": ["GLIBC_2.14", "GLIBC_2.2.5", "GLIBC_2.3", "GLIBC_2.3.4", "GLIBC_2.34", "GLIBC_2.4"]}, "erts-17.0.4/bin/yielding_c_fun": {"sha256": "fdc7fb07a0ca1da82eeee84bc3f2814905f702cd069fc0607d86f781322ce09e", "libraries": "\tlinux-vdso.so.1 (0x00007f6d416c7000)\n\tlibc.so.6 => /lib/x86_64-linux-gnu/libc.so.6 (0x00007f6d41400000)\n\t/lib64/ld-linux-x86-64.so.2 (0x00007f6d416c9000)\n", "glibc": ["GLIBC_2.2.5", "GLIBC_2.3.4", "GLIBC_2.34", "GLIBC_2.4"]}, "lib/aphid-0.1.0-dev/priv/lib/Elixir.Aphid.Native.so": {"sha256": "06a3cb88eb37630d2e31e94401325f81acc4862016c9ed30490e0668595b582a", "libraries": "\tlinux-vdso.so.1 (0x00007fcbcfc1f000)\n\tlibaphid_bridge.so => /home/runner/work/_temp/aphid-current-consumer/mix-release-proof/relocated caf\u00e9 release/lib/aphid-0.1.0-dev/priv/lib/libaphid_bridge.so (0x00007fcbcfbf9000)\n\tlibc.so.6 => /lib/x86_64-linux-gnu/libc.so.6 (0x00007fcbcf400000)\n\t/lib64/ld-linux-x86-64.so.2 (0x00007fcbcfc21000)\n\tlibpthread.so.0 => /lib/x86_64-linux-gnu/libpthread.so.0 (0x00007fcbcfbea000)\n\tliblbug.so => /home/runner/work/_temp/aphid-current-consumer/mix-release-proof/relocated caf\u00e9 release/lib/aphid-0.1.0-dev/priv/lib/liblbug.so (0x00007fcbc9e00000)\n\tlibstdc++.so.6 => /lib/x86_64-linux-gnu/libstdc++.so.6 (0x00007fcbc9a00000)\n\tlibgcc_s.so.1 => /lib/x86_64-linux-gnu/libgcc_s.so.1 (0x00007fcbcfbba000)\n\tlibm.so.6 => /lib/x86_64-linux-gnu/libm.so.6 (0x00007fcbcf717000)\n", "glibc": ["GLIBC_2.10", "GLIBC_2.14", "GLIBC_2.17", "GLIBC_2.2.5", "GLIBC_2.25", "GLIBC_2.27", "GLIBC_2.28", "GLIBC_2.3", "GLIBC_2.4", "GLIBC_2.6", "GLIBC_2.9"]}, "lib/aphid-0.1.0-dev/priv/lib/Elixir.Aphid.Proof.so": {"sha256": "a34a22bdf2a5f0467130395fc1048e150c53f73c373f536c2c2b4131c8b367dc", "libraries": "\tlinux-vdso.so.1 (0x00007fd8c9541000)\n\tlibc.so.6 => /lib/x86_64-linux-gnu/libc.so.6 (0x00007fd8c8e00000)\n\t/lib64/ld-linux-x86-64.so.2 (0x00007fd8c9543000)\n\tlibpthread.so.0 => /lib/x86_64-linux-gnu/libpthread.so.0 (0x00007fd8c952a000)\n", "glibc": ["GLIBC_2.10", "GLIBC_2.14", "GLIBC_2.17", "GLIBC_2.2.5", "GLIBC_2.25", "GLIBC_2.27", "GLIBC_2.28", "GLIBC_2.3", "GLIBC_2.4", "GLIBC_2.6", "GLIBC_2.9"]}, "lib/aphid-0.1.0-dev/priv/lib/libaphid_bridge.so": {"sha256": "dbd5a55239a9dc5e55ed8fea805036451bb1ab055ad88afbe64c607c89ed628a", "libraries": "\tlinux-vdso.so.1 (0x00007f7cd8bb4000)\n\tliblbug.so => /home/runner/work/_temp/aphid-current-consumer/mix-release-proof/relocated caf\u00e9 release/lib/aphid-0.1.0-dev/priv/lib/liblbug.so (0x00007f7cd3400000)\n\tlibstdc++.so.6 => /lib/x86_64-linux-gnu/libstdc++.so.6 (0x00007f7cd3000000)\n\tlibgcc_s.so.1 => /lib/x86_64-linux-gnu/libgcc_s.so.1 (0x00007f7cd8b56000)\n\tlibc.so.6 => /lib/x86_64-linux-gnu/libc.so.6 (0x00007f7cd2c00000)\n\tlibm.so.6 => /lib/x86_64-linux-gnu/libm.so.6 (0x00007f7cd8a6d000)\n\t/lib64/ld-linux-x86-64.so.2 (0x00007f7cd8bb6000)\n", "glibc": ["GLIBC_2.14", "GLIBC_2.2.5", "GLIBC_2.32", "GLIBC_2.4"]}, "lib/aphid-0.1.0-dev/priv/lib/liblbug.so": {"sha256": "d2df30571a10de48d4804ca87fce0ab2374ccce5cb24d74df460637abf2a5fa3", "libraries": "\tlinux-vdso.so.1 (0x00007f7fc73c1000)\n\tlibstdc++.so.6 => /lib/x86_64-linux-gnu/libstdc++.so.6 (0x00007f7fc1800000)\n\tlibm.so.6 => /lib/x86_64-linux-gnu/libm.so.6 (0x00007f7fc72c6000)\n\tlibgcc_s.so.1 => /lib/x86_64-linux-gnu/libgcc_s.so.1 (0x00007f7fc7298000)\n\tlibc.so.6 => /lib/x86_64-linux-gnu/libc.so.6 (0x00007f7fc1400000)\n\t/lib64/ld-linux-x86-64.so.2 (0x00007f7fc73c3000)\n", "glibc": ["GLIBC_2.10", "GLIBC_2.12", "GLIBC_2.14", "GLIBC_2.15", "GLIBC_2.17", "GLIBC_2.2.5", "GLIBC_2.23", "GLIBC_2.25", "GLIBC_2.29", "GLIBC_2.3", "GLIBC_2.3.2", "GLIBC_2.3.4", "GLIBC_2.32", "GLIBC_2.33", "GLIBC_2.34", "GLIBC_2.38", "GLIBC_2.4", "GLIBC_2.6", "GLIBC_2.7"]}, "lib/crypto-5.9.2/priv/lib/crypto.so": {"sha256": "8772cc2d259f339476ab483a4d29df47fbf86af246b15cb7bdaea0db2a3727b3", "libraries": "\tlinux-vdso.so.1 (0x00007f43f496f000)\n\tlibcrypto.so.3 => /usr/lib/x86_64-linux-gnu/libcrypto.so.3 (0x00007f43f4400000)\n\tlibc.so.6 => /usr/lib/x86_64-linux-gnu/libc.so.6 (0x00007f43f4000000)\n\t/lib64/ld-linux-x86-64.so.2 (0x00007f43f4971000)\n", "glibc": ["GLIBC_2.14", "GLIBC_2.2.5", "GLIBC_2.3.4", "GLIBC_2.4"]}, "lib/crypto-5.9.2/priv/lib/crypto_callback.so": {"sha256": "b92986541a8dc03d0c014f391a1beb808fbd4a4ca54a12b437f34cbcf41b7c23", "libraries": "\tlinux-vdso.so.1 (0x00007fa1987df000)\n\tlibc.so.6 => /lib/x86_64-linux-gnu/libc.so.6 (0x00007fa198400000)\n\t/lib64/ld-linux-x86-64.so.2 (0x00007fa1987e1000)\n", "glibc": ["GLIBC_2.2.5", "GLIBC_2.3.4"]}, "lib/crypto-5.9.2/priv/lib/otp_test_engine.so": {"sha256": "907469515659e3330db6e4fb0e6d6d5109601e8a95056938e6149aa2d0b72739", "libraries": "\tlinux-vdso.so.1 (0x00007fc451da1000)\n\tlibcrypto.so.3 => /usr/lib/x86_64-linux-gnu/libcrypto.so.3 (0x00007fc451800000)\n\tlibc.so.6 => /usr/lib/x86_64-linux-gnu/libc.so.6 (0x00007fc451400000)\n\t/lib64/ld-linux-x86-64.so.2 (0x00007fc451da3000)\n", "glibc": ["GLIBC_2.14", "GLIBC_2.2.5", "GLIBC_2.3.4"]}, "validation/_build/native/tests/fixture": {"sha256": "97dfa673adb35181ef009cc851f0c5ceeebef180a8de012b9dcd995526c37dbf", "libraries": "\tlinux-vdso.so.1 (0x00007fd7ce5de000)\n\tlibstdc++.so.6 => /lib/x86_64-linux-gnu/libstdc++.so.6 (0x00007fd7cb200000)\n\tlibm.so.6 => /lib/x86_64-linux-gnu/libm.so.6 (0x00007fd7cb517000)\n\tlibgcc_s.so.1 => /lib/x86_64-linux-gnu/libgcc_s.so.1 (0x00007fd7ce59e000)\n\tlibc.so.6 => /lib/x86_64-linux-gnu/libc.so.6 (0x00007fd7cae00000)\n\t/lib64/ld-linux-x86-64.so.2 (0x00007fd7ce5e0000)\n", "glibc": ["GLIBC_2.10", "GLIBC_2.14", "GLIBC_2.17", "GLIBC_2.2.5", "GLIBC_2.23", "GLIBC_2.25", "GLIBC_2.29", "GLIBC_2.3", "GLIBC_2.3.2", "GLIBC_2.3.4", "GLIBC_2.32", "GLIBC_2.33", "GLIBC_2.34", "GLIBC_2.38", "GLIBC_2.4", "GLIBC_2.6"]}}}
2026-09-08T07:33:24.3316905Z Linux release guards verified: no network routes, hidden build/host runtimes, compiler denied
2026-09-08T07:33:24.3641823Z {"command": ["sudo", "-E", "bwrap", "--die-with-parent", "--unshare-pid", "--ro-bind", "/", "/", "--dev", "/dev", "--proc", "/proc", "--bind", "/home/runner/work/_temp/aphid-current-consumer/mix-release-proof", "/home/runner/work/_temp/aphid-current-consumer/mix-release-proof", "--unshare-net", "--tmpfs", "/home/runner/work/Aphid/Aphid", "--tmpfs", "/home/runner/work/Aphid", "--tmpfs", "/home/runner/work/_temp/aphid-current-consumer/fresh", "--tmpfs", "/home/runner/work/_temp/aphid-current-consumer/mix-release-proof/build", "--tmpfs", "/home/runner/work/_temp/aphid-current-consumer/mix-release-proof/assembled", "--tmpfs", "/home/runner/work/_temp/.setup-beam/otp", "--tmpfs", "/home/runner/work/_temp/.setup-beam/elixir", "--tmpfs", "/home/runner/.mix", "--ro-bind", "/dev/null", "/usr/bin/c89-gcc", "--ro-bind", "/dev/null", "/usr/bin/c99-gcc", "--ro-bind", "/dev/null", "/usr/bin/make", "--ro-bind", "/dev/null", "/usr/bin/x86_64-linux-gnu-as", "--ro-bind", "/dev/null", "/usr/bin/x86_64-linux-gnu-g++-12", "--ro-bind", "/dev/null", "/usr/bin/x86_64-linux-gnu-g++-13", "--ro-bind", "/dev/null", "/usr/bin/x86_64-linux-gnu-g++-14", "--ro-bind", "/dev/null", "/usr/bin/x86_64-linux-gnu-gcc-12", "--ro-bind", "/dev/null", "/usr/bin/x86_64-linux-gnu-gcc-13", "--ro-bind", "/dev/null", "/usr/bin/x86_64-linux-gnu-gcc-14", "--ro-bind", "/dev/null", "/usr/bin/x86_64-linux-gnu-ld.bfd", "--ro-bind", "/dev/null", "/usr/lib/llvm-16/bin/clang", "--ro-bind", "/dev/null", "/usr/lib/llvm-16/bin/lld", "--ro-bind", "/dev/null", "/usr/lib/llvm-16/bin/llvm-as", "--ro-bind", "/dev/null", "/usr/lib/llvm-17/bin/clang", "--ro-bind", "/dev/null", "/usr/lib/llvm-17/bin/lld", "--ro-bind", "/dev/null", "/usr/lib/llvm-17/bin/llvm-as", "--ro-bind", "/dev/null", "/usr/lib/llvm-18/bin/clang", "--ro-bind", "/dev/null", "/usr/lib/llvm-18/bin/lld", "--ro-bind", "/dev/null", "/usr/lib/llvm-18/bin/llvm-as", "--ro-bind", "/dev/null", "/usr/local/bin/cmake", "--ro-bind", "/dev/null", "/usr/local/bin/ninja", "--cap-add", "CAP_SETUID", "--cap-add", "CAP_SETGID", "--cap-add", "CAP_SETPCAP", "--clearenv", "--setenv", "LANG", "C.UTF-8", "--setenv", "HOME", "/home/runner/work/_temp/aphid-current-consumer/mix-release-proof/home", "--setenv", "PATH", "/usr/bin:/bin:/usr/sbin:/sbin", "--setenv", "TMPDIR", "/home/runner/work/_temp/aphid-current-consumer/mix-release-proof/tmp", "--setenv", "ERL_FLAGS", "+S 1:1 +SDcpu 1:1", "--setenv", "RELEASE_DISTRIBUTION", "none", "--setenv", "PROOF_DATABASE", "/home/runner/work/_temp/aphid-current-consumer/mix-release-proof/persistent.db", "--setenv", "PROOF_DENIED_FILES", "/home/runner/work/Aphid/Aphid/mix.exs|/home/runner/work/_temp/aphid-current-consumer/mix-release-proof/build/mix.exs|/home/runner/work/_temp/aphid-current-consumer/fresh/consumer/mix.exs|/home/runner/work/_temp/.setup-beam/elixir/bin/elixir", "--", "/usr/bin/setpriv", "--reuid", "1001", "--regid", "1001", "--clear-groups", "--bounding-set=-all", "--no-new-privs", "--", "/home/runner/work/_temp/aphid-current-consumer/mix-release-proof/relocated caf\u00e9 release/bin/aphid_consumer", "eval", "Code.require_file(\"guards.exs\")"], "cwd": "/home/runner/work/_temp/aphid-current-consumer/mix-release-proof/relocated caf\u00e9 release/validation", "exit": 0, "seconds": 0.415}
2026-09-08T07:33:24.9522132Z bundled release runtime: {"1.20.0", ~c"17.0.4",
2026-09-08T07:33:24.9523477Z  "/home/runner/work/_temp/aphid-current-consumer/mix-release-proof/relocated café release"}
2026-09-08T07:33:26.9533986Z Running ExUnit with seed: 0, max_cases: 2
2026-09-08T07:33:26.9534677Z 
2026-09-08T07:33:31.8457111Z ................Aphid basic example passed
2026-09-08T07:33:31.8776129Z .Aphid transaction example passed
2026-09-08T07:33:31.9035772Z .Aphid stream example passed
2026-09-08T07:33:31.9777326Z .Aphid FTS example passed
2026-09-08T07:33:32.0155962Z .Aphid vector example passed
2026-09-08T07:33:32.1089999Z .Aphid DuckDB example passed
2026-09-08T07:33:38.5993549Z .............stale-cancel race: 30 iterations; maximum cancel-to-idle 234913 us
2026-09-08T07:33:42.3706493Z ........heartbeat: 11 samples; maximum gap 6 ms
2026-09-08T07:33:42.4726297Z .
2026-09-08T07:33:42.4729159Z 07:33:42.470 [error] Aphid artifact [unloadable]: /home/runner/work/_temp/aphid-current-consumer/mix-release-proof/relocated café release/lib/aphid-0.1.0-dev/priv/lib/Elixir.Aphid.Native: {:upgrade, ~c"Library upgrade-call unsuccessful (-1)."}; use the matching complete bundle and runtime. No source fallback.
2026-09-08T07:33:42.4765922Z 
2026-09-08T07:33:42.4766451Z 07:33:42.473 [warning] The on_load function for module Elixir.Aphid.Native returned:
2026-09-08T07:33:42.4767341Z {:error, {:upgrade, ~c"Library upgrade-call unsuccessful (-1)."}}
2026-09-08T07:33:42.4767801Z 
2026-09-08T07:33:45.0992477Z .................................................
2026-09-08T07:33:45.1014061Z Finished in 18.1 seconds (0.00s async, 18.1s sync)
2026-09-08T07:33:45.1014512Z 
2026-09-08T07:33:45.1014723Z Result: 92 passed
2026-09-08T07:33:45.1015678Z relocated Mix release: all 92 tests passed
2026-09-08T07:33:45.1227575Z {"command": ["sudo", "-E", "bwrap", "--die-with-parent", "--unshare-pid", "--ro-bind", "/", "/", "--dev", "/dev", "--proc", "/proc", "--bind", "/home/runner/work/_temp/aphid-current-consumer/mix-release-proof", "/home/runner/work/_temp/aphid-current-consumer/mix-release-proof", "--unshare-net", "--tmpfs", "/home/runner/work/Aphid/Aphid", "--tmpfs", "/home/runner/work/Aphid", "--tmpfs", "/home/runner/work/_temp/aphid-current-consumer/fresh", "--tmpfs", "/home/runner/work/_temp/aphid-current-consumer/mix-release-proof/build", "--tmpfs", "/home/runner/work/_temp/aphid-current-consumer/mix-release-proof/assembled", "--tmpfs", "/home/runner/work/_temp/.setup-beam/otp", "--tmpfs", "/home/runner/work/_temp/.setup-beam/elixir", "--tmpfs", "/home/runner/.mix", "--ro-bind", "/dev/null", "/usr/bin/c89-gcc", "--ro-bind", "/dev/null", "/usr/bin/c99-gcc", "--ro-bind", "/dev/null", "/usr/bin/make", "--ro-bind", "/dev/null", "/usr/bin/x86_64-linux-gnu-as", "--ro-bind", "/dev/null", "/usr/bin/x86_64-linux-gnu-g++-12", "--ro-bind", "/dev/null", "/usr/bin/x86_64-linux-gnu-g++-13", "--ro-bind", "/dev/null", "/usr/bin/x86_64-linux-gnu-g++-14", "--ro-bind", "/dev/null", "/usr/bin/x86_64-linux-gnu-gcc-12", "--ro-bind", "/dev/null", "/usr/bin/x86_64-linux-gnu-gcc-13", "--ro-bind", "/dev/null", "/usr/bin/x86_64-linux-gnu-gcc-14", "--ro-bind", "/dev/null", "/usr/bin/x86_64-linux-gnu-ld.bfd", "--ro-bind", "/dev/null", "/usr/lib/llvm-16/bin/clang", "--ro-bind", "/dev/null", "/usr/lib/llvm-16/bin/lld", "--ro-bind", "/dev/null", "/usr/lib/llvm-16/bin/llvm-as", "--ro-bind", "/dev/null", "/usr/lib/llvm-17/bin/clang", "--ro-bind", "/dev/null", "/usr/lib/llvm-17/bin/lld", "--ro-bind", "/dev/null", "/usr/lib/llvm-17/bin/llvm-as", "--ro-bind", "/dev/null", "/usr/lib/llvm-18/bin/clang", "--ro-bind", "/dev/null", "/usr/lib/llvm-18/bin/lld", "--ro-bind", "/dev/null", "/usr/lib/llvm-18/bin/llvm-as", "--ro-bind", "/dev/null", "/usr/local/bin/cmake", "--ro-bind", "/dev/null", "/usr/local/bin/ninja", "--cap-add", "CAP_SETUID", "--cap-add", "CAP_SETGID", "--cap-add", "CAP_SETPCAP", "--clearenv", "--setenv", "LANG", "C.UTF-8", "--setenv", "HOME", "/home/runner/work/_temp/aphid-current-consumer/mix-release-proof/home", "--setenv", "PATH", "/usr/bin:/bin:/usr/sbin:/sbin", "--setenv", "TMPDIR", "/home/runner/work/_temp/aphid-current-consumer/mix-release-proof/tmp", "--setenv", "ERL_FLAGS", "+S 1:1 +SDcpu 1:1", "--setenv", "RELEASE_DISTRIBUTION", "none", "--setenv", "PROOF_DATABASE", "/home/runner/work/_temp/aphid-current-consumer/mix-release-proof/persistent.db", "--setenv", "PROOF_DENIED_FILES", "/home/runner/work/Aphid/Aphid/mix.exs|/home/runner/work/_temp/aphid-current-consumer/mix-release-proof/build/mix.exs|/home/runner/work/_temp/aphid-current-consumer/fresh/consumer/mix.exs|/home/runner/work/_temp/.setup-beam/elixir/bin/elixir", "--", "/usr/bin/setpriv", "--reuid", "1001", "--regid", "1001", "--clear-groups", "--bounding-set=-all", "--no-new-privs", "--", "/home/runner/work/_temp/aphid-current-consumer/mix-release-proof/relocated caf\u00e9 release/bin/aphid_consumer", "eval", "Code.require_file(\"suite.exs\")"], "cwd": "/home/runner/work/_temp/aphid-current-consumer/mix-release-proof/relocated caf\u00e9 release/validation", "exit": 0, "seconds": 20.758}
2026-09-08T07:33:46.0367649Z 
2026-09-08T07:33:46.0368411Z 07:33:46.036 [notice] Application aphid exited: :stopped
2026-09-08T07:33:46.0369584Z embedded activation passed; application restart did not reload NIFs
2026-09-08T07:33:46.0667813Z release start booted applications, loaded both NIFs, persisted data and closed database
2026-09-08T07:33:46.1212668Z {"command": ["sudo", "-E", "bwrap", "--die-with-parent", "--unshare-pid", "--ro-bind", "/", "/", "--dev", "/dev", "--proc", "/proc", "--bind", "/home/runner/work/_temp/aphid-current-consumer/mix-release-proof", "/home/runner/work/_temp/aphid-current-consumer/mix-release-proof", "--unshare-net", "--tmpfs", "/home/runner/work/Aphid/Aphid", "--tmpfs", "/home/runner/work/Aphid", "--tmpfs", "/home/runner/work/_temp/aphid-current-consumer/fresh", "--tmpfs", "/home/runner/work/_temp/aphid-current-consumer/mix-release-proof/build", "--tmpfs", "/home/runner/work/_temp/aphid-current-consumer/mix-release-proof/assembled", "--tmpfs", "/home/runner/work/_temp/.setup-beam/otp", "--tmpfs", "/home/runner/work/_temp/.setup-beam/elixir", "--tmpfs", "/home/runner/.mix", "--ro-bind", "/dev/null", "/usr/bin/c89-gcc", "--ro-bind", "/dev/null", "/usr/bin/c99-gcc", "--ro-bind", "/dev/null", "/usr/bin/make", "--ro-bind", "/dev/null", "/usr/bin/x86_64-linux-gnu-as", "--ro-bind", "/dev/null", "/usr/bin/x86_64-linux-gnu-g++-12", "--ro-bind", "/dev/null", "/usr/bin/x86_64-linux-gnu-g++-13", "--ro-bind", "/dev/null", "/usr/bin/x86_64-linux-gnu-g++-14", "--ro-bind", "/dev/null", "/usr/bin/x86_64-linux-gnu-gcc-12", "--ro-bind", "/dev/null", "/usr/bin/x86_64-linux-gnu-gcc-13", "--ro-bind", "/dev/null", "/usr/bin/x86_64-linux-gnu-gcc-14", "--ro-bind", "/dev/null", "/usr/bin/x86_64-linux-gnu-ld.bfd", "--ro-bind", "/dev/null", "/usr/lib/llvm-16/bin/clang", "--ro-bind", "/dev/null", "/usr/lib/llvm-16/bin/lld", "--ro-bind", "/dev/null", "/usr/lib/llvm-16/bin/llvm-as", "--ro-bind", "/dev/null", "/usr/lib/llvm-17/bin/clang", "--ro-bind", "/dev/null", "/usr/lib/llvm-17/bin/lld", "--ro-bind", "/dev/null", "/usr/lib/llvm-17/bin/llvm-as", "--ro-bind", "/dev/null", "/usr/lib/llvm-18/bin/clang", "--ro-bind", "/dev/null", "/usr/lib/llvm-18/bin/lld", "--ro-bind", "/dev/null", "/usr/lib/llvm-18/bin/llvm-as", "--ro-bind", "/dev/null", "/usr/local/bin/cmake", "--ro-bind", "/dev/null", "/usr/local/bin/ninja", "--cap-add", "CAP_SETUID", "--cap-add", "CAP_SETGID", "--cap-add", "CAP_SETPCAP", "--clearenv", "--setenv", "LANG", "C.UTF-8", "--setenv", "HOME", "/home/runner/work/_temp/aphid-current-consumer/mix-release-proof/home", "--setenv", "PATH", "/usr/bin:/bin:/usr/sbin:/sbin", "--setenv", "TMPDIR", "/home/runner/work/_temp/aphid-current-consumer/mix-release-proof/tmp", "--setenv", "ERL_FLAGS", "+S 1:1 +SDcpu 1:1", "--setenv", "RELEASE_DISTRIBUTION", "none", "--setenv", "PROOF_DATABASE", "/home/runner/work/_temp/aphid-current-consumer/mix-release-proof/persistent.db", "--setenv", "PROOF_DENIED_FILES", "/home/runner/work/Aphid/Aphid/mix.exs|/home/runner/work/_temp/aphid-current-consumer/mix-release-proof/build/mix.exs|/home/runner/work/_temp/aphid-current-consumer/fresh/consumer/mix.exs|/home/runner/work/_temp/.setup-beam/elixir/bin/elixir", "--setenv", "RELEASE_VM_ARGS", "/home/runner/work/_temp/aphid-current-consumer/mix-release-proof/start.vm.args", "--setenv", "PROOF_START_SCRIPT", "/home/runner/work/_temp/aphid-current-consumer/mix-release-proof/relocated caf\u00e9 release/validation/start.exs", "--", "/usr/bin/setpriv", "--reuid", "1001", "--regid", "1001", "--clear-groups", "--bounding-set=-all", "--no-new-privs", "--", "/home/runner/work/_temp/aphid-current-consumer/mix-release-proof/relocated caf\u00e9 release/bin/aphid_consumer", "start"], "cwd": "/home/runner/work/_temp/aphid-current-consumer/mix-release-proof/relocated caf\u00e9 release/validation", "exit": 0, "seconds": 0.968}
2026-09-08T07:33:46.7270037Z new release VM reopened persisted database after graceful shutdown
2026-09-08T07:33:46.7372802Z {"command": ["sudo", "-E", "bwrap", "--die-with-parent", "--unshare-pid", "--ro-bind", "/", "/", "--dev", "/dev", "--proc", "/proc", "--bind", "/home/runner/work/_temp/aphid-current-consumer/mix-release-proof", "/home/runner/work/_temp/aphid-current-consumer/mix-release-proof", "--unshare-net", "--tmpfs", "/home/runner/work/Aphid/Aphid", "--tmpfs", "/home/runner/work/Aphid", "--tmpfs", "/home/runner/work/_temp/aphid-current-consumer/fresh", "--tmpfs", "/home/runner/work/_temp/aphid-current-consumer/mix-release-proof/build", "--tmpfs", "/home/runner/work/_temp/aphid-current-consumer/mix-release-proof/assembled", "--tmpfs", "/home/runner/work/_temp/.setup-beam/otp", "--tmpfs", "/home/runner/work/_temp/.setup-beam/elixir", "--tmpfs", "/home/runner/.mix", "--ro-bind", "/dev/null", "/usr/bin/c89-gcc", "--ro-bind", "/dev/null", "/usr/bin/c99-gcc", "--ro-bind", "/dev/null", "/usr/bin/make", "--ro-bind", "/dev/null", "/usr/bin/x86_64-linux-gnu-as", "--ro-bind", "/dev/null", "/usr/bin/x86_64-linux-gnu-g++-12", "--ro-bind", "/dev/null", "/usr/bin/x86_64-linux-gnu-g++-13", "--ro-bind", "/dev/null", "/usr/bin/x86_64-linux-gnu-g++-14", "--ro-bind", "/dev/null", "/usr/bin/x86_64-linux-gnu-gcc-12", "--ro-bind", "/dev/null", "/usr/bin/x86_64-linux-gnu-gcc-13", "--ro-bind", "/dev/null", "/usr/bin/x86_64-linux-gnu-gcc-14", "--ro-bind", "/dev/null", "/usr/bin/x86_64-linux-gnu-ld.bfd", "--ro-bind", "/dev/null", "/usr/lib/llvm-16/bin/clang", "--ro-bind", "/dev/null", "/usr/lib/llvm-16/bin/lld", "--ro-bind", "/dev/null", "/usr/lib/llvm-16/bin/llvm-as", "--ro-bind", "/dev/null", "/usr/lib/llvm-17/bin/clang", "--ro-bind", "/dev/null", "/usr/lib/llvm-17/bin/lld", "--ro-bind", "/dev/null", "/usr/lib/llvm-17/bin/llvm-as", "--ro-bind", "/dev/null", "/usr/lib/llvm-18/bin/clang", "--ro-bind", "/dev/null", "/usr/lib/llvm-18/bin/lld", "--ro-bind", "/dev/null", "/usr/lib/llvm-18/bin/llvm-as", "--ro-bind", "/dev/null", "/usr/local/bin/cmake", "--ro-bind", "/dev/null", "/usr/local/bin/ninja", "--cap-add", "CAP_SETUID", "--cap-add", "CAP_SETGID", "--cap-add", "CAP_SETPCAP", "--clearenv", "--setenv", "LANG", "C.UTF-8", "--setenv", "HOME", "/home/runner/work/_temp/aphid-current-consumer/mix-release-proof/home", "--setenv", "PATH", "/usr/bin:/bin:/usr/sbin:/sbin", "--setenv", "TMPDIR", "/home/runner/work/_temp/aphid-current-consumer/mix-release-proof/tmp", "--setenv", "ERL_FLAGS", "+S 1:1 +SDcpu 1:1", "--setenv", "RELEASE_DISTRIBUTION", "none", "--setenv", "PROOF_DATABASE", "/home/runner/work/_temp/aphid-current-consumer/mix-release-proof/persistent.db", "--setenv", "PROOF_DENIED_FILES", "/home/runner/work/Aphid/Aphid/mix.exs|/home/runner/work/_temp/aphid-current-consumer/mix-release-proof/build/mix.exs|/home/runner/work/_temp/aphid-current-consumer/fresh/consumer/mix.exs|/home/runner/work/_temp/.setup-beam/elixir/bin/elixir", "--", "/usr/bin/setpriv", "--reuid", "1001", "--regid", "1001", "--clear-groups", "--bounding-set=-all", "--no-new-privs", "--", "/home/runner/work/_temp/aphid-current-consumer/mix-release-proof/relocated caf\u00e9 release/bin/aphid_consumer", "eval", "Code.require_file(\"reopen.exs\")"], "cwd": "/home/runner/work/_temp/aphid-current-consumer/mix-release-proof/relocated caf\u00e9 release/validation", "exit": 0, "seconds": 0.616}
2026-09-08T07:33:46.9618581Z retained ExUnit scratch databases (not archive contents): ['validation/tmp/Aphid.TransactionTest/test-supervisor-death-stops-even-an-exit-trapping-callback-before-persistent-reopen-cc171fa5/graph', 'validation/tmp/AphidTest/test-supervisor-restart-preserves-data-and-waits-for-the-retiring-native-owner-1f95b412/graph']
2026-09-08T07:33:47.0877402Z relocated Mix release passed: closure unchanged, compiler-free, offline start/shutdown/reopen, 92 tests; no release support claim
2026-09-08T07:33:47.1246721Z {"command": ["/opt/hostedtoolcache/Python/3.14.7/x64/bin/python3", "scripts/mix_release.py", "--consumer", "/home/runner/work/_temp/aphid-current-consumer/fresh", "--destination", "/home/runner/work/_temp/aphid-current-consumer/mix-release-proof", "--output", "/home/runner/work/_temp/aphid-current-consumer/mix-release-validation.tar.gz"], "cwd": "/home/runner/work/Aphid/Aphid", "exit": 0, "seconds": 47.514}
2026-09-08T07:33:48.6839990Z missing embedded startup rejected 1
2026-09-08T07:33:48.7224714Z {"command": ["/opt/hostedtoolcache/Python/3.14.7/x64/bin/python3", "/home/runner/work/_temp/aphid-current-consumer/embedded-failures/check.py", "/home/runner/work/_temp/aphid-current-consumer/embedded-failures/missing.log", "missing", "/home/runner/work/_temp/aphid-current-consumer/mix-release-proof/relocated caf\u00e9 release/bin/aphid_consumer", "start"], "cwd": "/home/runner/work/_temp/aphid-current-consumer/embedded-failures", "exit": 0, "seconds": 1.417}
2026-09-08T07:33:50.3659667Z corrupt embedded startup rejected 1
2026-09-08T07:33:50.4211512Z {"command": ["/opt/hostedtoolcache/Python/3.14.7/x64/bin/python3", "/home/runner/work/_temp/aphid-current-consumer/embedded-failures/check.py", "/home/runner/work/_temp/aphid-current-consumer/embedded-failures/corrupt.log", "corrupt", "/home/runner/work/_temp/aphid-current-consumer/mix-release-proof/relocated caf\u00e9 release/bin/aphid_consumer", "start"], "cwd": "/home/runner/work/_temp/aphid-current-consumer/embedded-failures", "exit": 0, "seconds": 1.517}
2026-09-08T07:33:52.0621797Z unloadable embedded startup rejected 1
2026-09-08T07:33:52.0974702Z {"command": ["/opt/hostedtoolcache/Python/3.14.7/x64/bin/python3", "/home/runner/work/_temp/aphid-current-consumer/embedded-failures/check.py", "/home/runner/work/_temp/aphid-current-consumer/embedded-failures/unloadable.log", "unloadable", "sudo", "-E", "unshare", "--mount", "--fork", "--propagation", "private", "sh", "-c", "mount --bind \"$1\" \"$1\" && mount -o remount,bind,noexec \"$1\" && shift && exec \"$@\"", "noexec-proof", "/home/runner/work/_temp/aphid-current-consumer/mix-release-proof/relocated caf\u00e9 release/lib/aphid-0.1.0-dev/priv/lib", "/usr/bin/setpriv", "--reuid", "1001", "--regid", "1001", "--clear-groups", "--no-new-privs", "--", "/usr/bin/env", "PATH=/home/runner/work/_temp/.setup-beam/elixir/bin:/home/runner/.mix/escripts:/home/runner/work/_temp/.setup-beam/otp/bin:/opt/hostedtoolcache/Python/3.14.7/x64/bin:/opt/hostedtoolcache/Python/3.14.7/x64:/snap/bin:/home/runner/.local/bin:/opt/pipx_bin:/home/runner/.cargo/bin:/home/runner/.config/composer/vendor/bin:/usr/local/.ghcup/bin:/home/runner/.dotnet/tools:/usr/local/sbin:/usr/local/bin:/usr/sbin:/usr/bin:/sbin:/bin:/usr/games:/usr/local/games:/snap/bin", "/home/runner/work/_temp/aphid-current-consumer/mix-release-proof/relocated caf\u00e9 release/bin/aphid_consumer", "start"], "cwd": "/home/runner/work/_temp/aphid-current-consumer/embedded-failures", "exit": 0, "seconds": 1.517}
2026-09-08T07:33:52.2273338Z embedded missing/corrupt/unloadable startup failures passed; native closure restored unchanged
2026-09-08T07:33:52.2492176Z {"command": ["/opt/hostedtoolcache/Python/3.14.7/x64/bin/python3", "scripts/embedded_failures.py", "--release-work", "/home/runner/work/_temp/aphid-current-consumer/mix-release-proof", "--destination", "/home/runner/work/_temp/aphid-current-consumer/embedded-failures"], "cwd": "/home/runner/work/Aphid/Aphid", "exit": 0, "seconds": 5.125}
2026-09-08T07:33:52.2494410Z Current combined source package passed with the unchanged qualified Linux bundle; no native build or artifact upload.
2026-09-08T07:33:52.2706566Z Node 20 is being deprecated. This workflow is running with Node 24 by default. If you need to temporarily use Node 20, you can set the ACTIONS_ALLOW_USE_UNSECURE_NODE_VERSION=true environment variable. For more information see: https://github.blog/changelog/2025-09-19-deprecation-of-node-20-on-github-actions-runners/
2026-09-08T07:33:52.2707954Z ##[group]Run actions/upload-artifact@ea165f8d65b6e75b540449e92b4886f43607fa02
2026-09-08T07:33:52.2708342Z with:
2026-09-08T07:33:52.2708549Z   name: combined-source-34199713798
2026-09-08T07:33:52.2708809Z   retention-days: 7
2026-09-08T07:33:52.2709021Z   if-no-files-found: error
2026-09-08T07:33:52.2709788Z   path: /home/runner/work/_temp/aphid-current-consumer/aphid-0.1.0-dev-combined.tar
/home/runner/work/_temp/aphid-current-consumer/fresh/inputs.json
/home/runner/work/_temp/current-consumer.log

2026-09-08T07:33:52.2710577Z   compression-level: 6
2026-09-08T07:33:52.2710787Z   overwrite: false
2026-09-08T07:33:52.2711024Z   include-hidden-files: false
2026-09-08T07:33:52.2711269Z env:
2026-09-08T07:33:52.2711514Z   pythonLocation: /opt/hostedtoolcache/Python/3.14.7/x64
2026-09-08T07:33:52.2711933Z   PKG_CONFIG_PATH: /opt/hostedtoolcache/Python/3.14.7/x64/lib/pkgconfig
2026-09-08T07:33:52.2712341Z   Python_ROOT_DIR: /opt/hostedtoolcache/Python/3.14.7/x64
2026-09-08T07:33:52.2712703Z   Python2_ROOT_DIR: /opt/hostedtoolcache/Python/3.14.7/x64
2026-09-08T07:33:52.2713066Z   Python3_ROOT_DIR: /opt/hostedtoolcache/Python/3.14.7/x64
2026-09-08T07:33:52.2713438Z   LD_LIBRARY_PATH: /opt/hostedtoolcache/Python/3.14.7/x64/lib
2026-09-08T07:33:52.2713825Z   INSTALL_DIR_FOR_OTP: /home/runner/work/_temp/.setup-beam/otp
2026-09-08T07:33:52.2714232Z   INSTALL_DIR_FOR_ELIXIR: /home/runner/work/_temp/.setup-beam/elixir
2026-09-08T07:33:52.2714575Z ##[endgroup]
2026-09-08T07:33:52.4420041Z (node:6026) [DEP0040] DeprecationWarning: The `punycode` module is deprecated. Please use a userland alternative instead.
2026-09-08T07:33:52.4421036Z (Use `node --trace-deprecation ...` to show where the warning was created)
2026-09-08T07:33:52.4491203Z Multiple search paths detected. Calculating the least common ancestor of all paths
2026-09-08T07:33:52.4494122Z The least common ancestor is /home/runner/work/_temp. This will be the root directory of the artifact
2026-09-08T07:33:52.4495362Z With the provided path, there will be 3 files uploaded
2026-09-08T07:33:52.4496252Z Artifact name is valid!
2026-09-08T07:33:52.4497485Z Root directory input is valid!
2026-09-08T07:33:52.7675810Z Beginning upload of artifact content to blob storage
2026-09-08T07:33:52.7964878Z (node:6026) [DEP0169] DeprecationWarning: `url.parse()` behavior is not standardized and prone to errors that have security implications. Use the WHATWG URL API instead. CVEs are not issued for `url.parse()` vulnerabilities.
2026-09-08T07:33:53.1432924Z Uploaded bytes 120117
2026-09-08T07:33:53.2023565Z Finished uploading artifact content to blob storage!
2026-09-08T07:33:53.2024778Z SHA256 digest of uploaded artifact zip is bac44433f532bebbdbf1595b64982af07147b168785f4f95bdd0a98fa572ab8a
2026-09-08T07:33:53.2025980Z Finalizing artifact upload
2026-09-08T07:33:53.4629812Z Artifact combined-source-34199713798.zip successfully finalized. Artifact ID 10045390479
2026-09-08T07:33:53.4630934Z Artifact combined-source-34199713798 has been successfully uploaded! Final size is 120117 bytes. Artifact ID is 10045390479
2026-09-08T07:33:53.4637727Z Artifact download URL: https://github.com/catethos/Aphid/actions/runs/34199713798/artifacts/10045390479
2026-09-08T07:33:53.4829926Z Post job cleanup.
2026-09-08T07:33:53.6285667Z Post job cleanup.
2026-09-08T07:33:53.7189464Z [command]/usr/bin/git version
2026-09-08T07:33:53.7234774Z git version 2.55.0
2026-09-08T07:33:53.7275282Z Temporarily overriding HOME='/home/runner/work/_temp/7417a1a9-e8ad-426a-bc32-168a726db5d3' before making global git config changes
2026-09-08T07:33:53.7276780Z Adding repository directory to the temporary git global config as a safe directory
2026-09-08T07:33:53.7280877Z [command]/usr/bin/git config --global --add safe.directory /home/runner/work/Aphid/Aphid
2026-09-08T07:33:53.7315379Z Removing SSH command configuration
2026-09-08T07:33:53.7322740Z [command]/usr/bin/git config --local --name-only --get-regexp core\.sshCommand
2026-09-08T07:33:53.7358604Z [command]/usr/bin/git submodule foreach --recursive sh -c "git config --local --name-only --get-regexp 'core\.sshCommand' && git config --local --unset-all 'core.sshCommand' || :"
2026-09-08T07:33:53.7611365Z Removing HTTP extra header
2026-09-08T07:33:53.7619212Z [command]/usr/bin/git config --local --name-only --get-regexp http\.https\:\/\/github\.com\/\.extraheader
2026-09-08T07:33:53.7657602Z [command]/usr/bin/git submodule foreach --recursive sh -c "git config --local --name-only --get-regexp 'http\.https\:\/\/github\.com\/\.extraheader' && git config --local --unset-all 'http.https://github.com/.extraheader' || :"
2026-09-08T07:33:53.7916180Z Removing includeIf entries pointing to credentials config files
2026-09-08T07:33:53.7936124Z [command]/usr/bin/git config --local --name-only --get-regexp ^includeIf\.gitdir:
2026-09-08T07:33:53.7986301Z [command]/usr/bin/git submodule foreach --recursive git config --local --show-origin --name-only --get-regexp remote.origin.url
2026-09-08T07:33:53.8400958Z Cleaning up orphan processes
2026-09-08T07:33:53.8712636Z ##[warning]Node.js 20 is deprecated. The following actions target Node.js 20 but are being forced to run on Node.js 24: actions/upload-artifact@ea165f8d65b6e75b540449e92b4886f43607fa02. For more information see: https://github.blog/changelog/2025-09-19-deprecation-of-node-20-on-github-actions-runners/
