^Ddyld[5513]: <0C7BEC99-4415-34AA-AFC7-23F8C68EA1A9> /Users/catethos/workspace/ladybugex/zig_library/_build/sanitizers-clt21/tests/fts_failure_recovery
dyld[5513]: <48DDF1AA-5774-3AF2-B214-89E57C305097> /Users/catethos/workspace/ladybugex/zig_library/_build/fts-candidate-sanitizers-clt21-late/liblbug.0.dylib
dyld[5513]: <13FCB0EB-FF74-39B5-92ED-980AB6E76C5C> /Library/Developer/CommandLineTools/usr/lib/clang/21/lib/darwin/libclang_rt.asan_osx_dynamic.dylib
dyld[5513]: <4CC4CAD6-45A6-361E-9343-DE636A0B5C02> /usr/lib/libSystem.B.dylib
dyld[5513]: <EA7C2E0B-52BF-3D45-9A33-38F54A535452> /usr/lib/system/libcache.dylib
dyld[5513]: <72D94140-1281-3886-971B-37C810403C03> /usr/lib/system/libcommonCrypto.dylib
dyld[5513]: <D60A9B54-A909-3FD5-93B9-3F38BE0A2BE8> /usr/lib/system/libcompiler_rt.dylib
dyld[5513]: <58F425CF-7D4F-34FD-9620-706A2A7F8BDC> /usr/lib/system/libcopyfile.dylib
dyld[5513]: <D54389FC-4078-370D-A863-9FEF16E00DFD> /usr/lib/system/libcorecrypto.dylib
dyld[5513]: <243E06A0-7BFF-3C3F-8A9B-D7732729B361> /usr/lib/system/libdispatch.dylib
dyld[5513]: <634959D0-592E-349C-B549-B91F2FF09858> /usr/lib/system/libdyld.dylib
dyld[5513]: <18EFA1CE-C535-3EAC-BC2C-7955593B7382> /usr/lib/system/libkeymgr.dylib
dyld[5513]: <3E43AF47-AD89-3BB4-82B9-A9533F4334DF> /usr/lib/system/libmacho.dylib
dyld[5513]: <78C5B827-8152-358D-90E9-B02F02A68B17> /usr/lib/system/libquarantine.dylib
dyld[5513]: <DA9C2B48-7A9C-32EA-888D-6C7AEB5250E6> /usr/lib/system/libremovefile.dylib
dyld[5513]: <FF57F6FA-F3A1-343D-815D-57B769D31445> /usr/lib/system/libsystem_asl.dylib
dyld[5513]: <A712B95E-BCEE-3F12-9F9B-58E6C2060E53> /usr/lib/system/libsystem_blocks.dylib
dyld[5513]: <FDC4E366-5C14-3A1E-BC35-D933D28CDCF3> /usr/lib/system/libsystem_c.dylib
dyld[5513]: <BDA28F78-F479-3C22-B9C7-4ABCB6801592> /usr/lib/system/libsystem_collections.dylib
dyld[5513]: <A14ED142-2F56-33A6-A23C-EEB8417DC90E> /usr/lib/system/libsystem_configuration.dylib
dyld[5513]: <2E14025A-52C2-361D-8A8F-5DD45825A2C9> /usr/lib/system/libsystem_containermanager.dylib
dyld[5513]: <F335DA14-69E8-336E-85A3-11EE239255F0> /usr/lib/system/libsystem_coreservices.dylib
dyld[5513]: <A095E4FE-0EE1-34DF-B00A-7D349FBC55E0> /usr/lib/system/libsystem_darwin.dylib
dyld[5513]: <6C03D78B-BFAB-3C7A-B713-50881791EE08> /usr/lib/system/libsystem_darwindirectory.dylib
dyld[5513]: <2C4C3043-008E-3BD8-BC29-AB9AD235DBA9> /usr/lib/system/libsystem_dnssd.dylib
dyld[5513]: <A279E124-8499-3FFC-A788-655070028F97> /usr/lib/system/libsystem_eligibility.dylib
dyld[5513]: <5E7CDBD5-44AB-34C0-A0F5-FC72F6116CDC> /usr/lib/system/libsystem_featureflags.dylib
dyld[5513]: <7402662E-F235-3F48-BB65-F64C8CF0F2BB> /usr/lib/system/libsystem_info.dylib
dyld[5513]: <3739A40F-2C17-3503-92D6-098141E56E89> /usr/lib/system/libsystem_m.dylib
dyld[5513]: <971CDCFE-4D20-300E-A1D6-EC8672FDD258> /usr/lib/system/libsystem_malloc.dylib
dyld[5513]: <01D14A9E-16DC-372C-8AA8-CC7AD39E797F> /usr/lib/system/libsystem_networkextension.dylib
dyld[5513]: <F9B1BAFF-4D09-3A1F-839B-189C21EB5FBB> /usr/lib/system/libsystem_notify.dylib
dyld[5513]: <6592D3CE-38C6-3C08-9EA5-75D64F37993F> /usr/lib/system/libsystem_sandbox.dylib
dyld[5513]: <C92FAEE5-DAED-3340-96B3-0C42B005ADF9> /usr/lib/system/libsystem_sanitizers.dylib
dyld[5513]: <C85AF062-AA9B-35BB-904C-C055B2C21602> /usr/lib/system/libsystem_secinit.dylib
dyld[5513]: <7CFB3A10-ADB2-32C4-99B5-922A111B3224> /usr/lib/system/libsystem_kernel.dylib
dyld[5513]: <4C6BD0FE-25F2-38D8-BE5C-24DAC1DEDCFB> /usr/lib/system/libsystem_platform.dylib
dyld[5513]: <12342372-0084-37A5-9EA6-2E4DC940C685> /usr/lib/system/libsystem_pthread.dylib
dyld[5513]: <CE07A0DF-31B6-3528-B7CE-91CAD89AA519> /usr/lib/system/libsystem_symptoms.dylib
dyld[5513]: <E043667E-AD01-3228-837F-A381F32F2B30> /usr/lib/system/libsystem_trace.dylib
dyld[5513]: <2FF186A6-F448-38CD-9A30-8B5B1AEFCA10> /usr/lib/system/libsystem_trial.dylib
dyld[5513]: <B21A1015-83D4-31D8-BA41-88688962D9A6> /usr/lib/system/libunwind.dylib
dyld[5513]: <40BBE226-77D4-332E-9DA8-F0B5BACFB86D> /usr/lib/system/libxpc.dylib
dyld[5513]: <40277974-D20C-3EC8-B25C-43AE30D8CC60> /usr/lib/libobjc.A.dylib
dyld[5513]: <5BCE8CB3-4EF5-3181-B96B-8E8130851510> /System/Library/PrivateFrameworks/XPCSupport.framework/Versions/A/XPCSupport
dyld[5513]: <FDBA2243-A7AB-3524-9B94-F3034AC36E41> /System/Library/Frameworks/CoreFoundation.framework/Versions/A/CoreFoundation
dyld[5513]: <81895735-AEE8-36CF-B7ED-370A80C4E78A> /usr/lib/swift/libswiftCore.dylib
dyld[5513]: <DDE77B06-5E25-380B-85B7-BA1A27D09021> /usr/lib/libc++abi.dylib
dyld[5513]: <F41D814B-FE1F-311A-A778-5F0699628188> /usr/lib/libRosetta.dylib
dyld[5513]: <C6DC2145-7B94-3E01-ADE5-96A6C2D078BC> /usr/lib/libc++.1.dylib
dyld[5513]: <2E3EA3FE-B1EF-3EDA-B94E-C7FC54E30C13> /System/Library/Frameworks/Foundation.framework/Versions/C/Foundation
dyld[5513]: <4A2A8D5B-A79D-36B3-A688-1792E7A98EA6> /usr/lib/swift/libswiftObjectiveC.dylib
dyld[5513]: <CB44DEF4-FCFF-36ED-8E9D-BB26E0DFACAC> /usr/lib/libswiftPrespecialized.dylib
dyld[5513]: <7C419E70-AC1A-3BF9-913F-D2F87F60680B> /System/Library/Frameworks/SystemConfiguration.framework/Versions/A/SystemConfiguration
dyld[5513]: <03BEB01C-EE74-3952-80FC-D2B7CF9C798D> /usr/lib/libz.1.dylib
dyld[5513]: <1C295E81-112C-3641-8846-101E1BD9471D> /System/Library/PrivateFrameworks/CoreAutoLayout.framework/Versions/A/CoreAutoLayout
dyld[5513]: <B0B762DB-DEE4-368F-94E4-6BCFEC98E286> /usr/lib/libcmark-gfm.dylib
dyld[5513]: <4A5173C4-2F2F-3503-9FED-70C4E5BEFA0F> /usr/lib/libfakelink.dylib
dyld[5513]: <88B2498F-674F-34B8-AC5F-048E050518E5> /usr/lib/libcompression.dylib
dyld[5513]: <49C50CC0-E432-3C8D-84D5-F6AA825941A3> /System/Library/Frameworks/CFNetwork.framework/Versions/A/CFNetwork
dyld[5513]: <ECE02111-DA6A-386C-B109-699F01824273> /System/Library/Frameworks/DiskArbitration.framework/Versions/A/DiskArbitration
dyld[5513]: <CE6444C3-4DCC-3F04-B4EC-AE78233CD4C8> /usr/lib/libarchive.2.dylib
dyld[5513]: <E681BCDD-6DE1-3079-8AD8-DB80F389420D> /usr/lib/libDiagnosticMessagesClient.dylib
dyld[5513]: <700597A5-5992-3705-9F22-3E970E735653> /usr/lib/libicucore.A.dylib
dyld[5513]: <E706ECFF-E18C-3E27-B22D-B8307DE9C6D2> /usr/lib/libxml2.2.dylib
dyld[5513]: <B20E2809-8922-3D51-9CF9-1EF7DFDFBE1D> /System/Library/Frameworks/CoreServices.framework/Versions/A/CoreServices
dyld[5513]: <A316E5EC-C7E2-3D1C-A36A-7075E38735A8> /usr/lib/liblangid.dylib
dyld[5513]: <93FF2D40-D3DB-37A6-A827-8C8947B0BDCF> /System/Library/Frameworks/IOKit.framework/Versions/A/IOKit
dyld[5513]: <EBB4454A-765B-38CF-8B9D-71FF1B53D290> /System/Library/Frameworks/Combine.framework/Versions/A/Combine
dyld[5513]: <FD544864-C6FA-3FB3-B8EA-7ECAA412D97F> /System/Library/PrivateFrameworks/CollectionsInternal.framework/Versions/A/CollectionsInternal
dyld[5513]: <B66B4EC0-DF77-317E-B57C-9005FCA3B3E1> /System/Library/PrivateFrameworks/ReflectionInternal.framework/Versions/A/ReflectionInternal
dyld[5513]: <8D664FD8-9C6D-35F2-A0CB-C7E22ABEB804> /System/Library/PrivateFrameworks/RuntimeInternal.framework/Versions/A/RuntimeInternal
dyld[5513]: <105FF8F1-5BE6-387D-B850-ECE87B4BFE9C> /System/Library/PrivateFrameworks/SoftLinking.framework/Versions/A/SoftLinking
dyld[5513]: <EE71FC23-45F1-30AE-B49C-74D2DE7882BA> /usr/lib/swift/libswiftCoreFoundation.dylib
dyld[5513]: <70D613F2-BFE7-38FC-A7E8-80779478F554> /usr/lib/swift/libswiftDarwin.dylib
dyld[5513]: <F272890D-9996-3BD0-A5AA-67CE47819FE4> /usr/lib/swift/libswiftDispatch.dylib
dyld[5513]: <1A55E5A8-85E6-3067-AB87-4AC87B8C6530> /usr/lib/swift/libswiftIOKit.dylib
dyld[5513]: <92A7149B-3E19-38D2-BD36-3360D56F3096> /usr/lib/swift/libswiftSystem.dylib
dyld[5513]: <75A38F4A-06EE-3FD1-87A3-8F9FF972CE47> /usr/lib/swift/libswiftXPC.dylib
dyld[5513]: <4C680D47-D53D-3E82-9575-B04943349B45> /usr/lib/swift/libswift_Builtin_float.dylib
dyld[5513]: <E202745F-BFF6-3F29-A171-5C8DDE11779C> /usr/lib/swift/libswift_Concurrency.dylib
dyld[5513]: <4A0A069F-D0C0-3F0A-BE4F-4AFE0DF78D58> /usr/lib/swift/libswift_DarwinFoundation1.dylib
dyld[5513]: <2B54D7C1-96A9-350E-B680-2CEC48FE32AE> /usr/lib/swift/libswift_StringProcessing.dylib
dyld[5513]: <C191573D-AF50-3C8E-840C-F64782CC2BFC> /usr/lib/swift/libswiftos.dylib
dyld[5513]: <48EB2100-B5F6-3150-A424-5FD9EEC9B77B> /System/Library/PrivateFrameworks/CoreServicesInternal.framework/Versions/A/CoreServicesInternal
dyld[5513]: <F41D814B-FE1F-311A-A778-5F0699628188> /usr/lib/liboah.dylib
dyld[5513]: <A4C45770-BA54-3D2C-9DA3-077F5A497C32> /System/Library/Frameworks/Security.framework/Versions/A/Security
dyld[5513]: <D3D5DEE9-258B-33B9-A688-CF81D495E88D> /System/Library/PrivateFrameworks/GenerationalStorage.framework/Versions/A/GenerationalStorage
dyld[5513]: <02498F6E-F56A-35EC-BBFD-09E0739F330E> /System/Library/PrivateFrameworks/CacheDelete.framework/Versions/A/CacheDelete
dyld[5513]: <5879E066-73C2-3C08-9571-57A56D8FC106> /System/Library/Frameworks/QuickLookThumbnailing.framework/Versions/A/QuickLookThumbnailing
dyld[5513]: <56C602D6-EE17-31C4-BACC-962E392B7A14> /System/Library/Frameworks/FileProvider.framework/Versions/A/FileProvider
dyld[5513]: <1D861D5E-F6F8-3B0C-97F0-6F7DA8174A13> /System/Library/PrivateFrameworks/DiskImages.framework/Versions/A/DiskImages
dyld[5513]: <8B049FBF-B02F-3B65-B252-36DD33AE4DCB> /System/Library/Frameworks/NetFS.framework/Versions/A/NetFS
dyld[5513]: <8A8560B9-089E-3AB8-996F-C1E6F335D567> /System/Library/PrivateFrameworks/DesktopServicesPriv.framework/Versions/A/DesktopServicesPriv
dyld[5513]: <4DF5833E-170E-391E-8068-334A1619B6EC> /System/Library/Frameworks/CoreServices.framework/Versions/A/Frameworks/FSEvents.framework/Versions/A/FSEvents
dyld[5513]: <C3100FC0-CB90-375E-8228-7AD3095F70CC> /System/Library/Frameworks/CoreServices.framework/Versions/A/Frameworks/CarbonCore.framework/Versions/A/CarbonCore
dyld[5513]: <20352036-F9BF-311D-BF2B-4BE56DE35A4C> /System/Library/Frameworks/CoreServices.framework/Versions/A/Frameworks/Metadata.framework/Versions/A/Metadata
dyld[5513]: <C43D9113-B804-3617-AB4E-18B9746C3FD7> /System/Library/Frameworks/CoreServices.framework/Versions/A/Frameworks/OSServices.framework/Versions/A/OSServices
dyld[5513]: <DB2FEE7A-4E93-3C0A-A1BC-1A7915D7F824> /System/Library/Frameworks/CoreServices.framework/Versions/A/Frameworks/SearchKit.framework/Versions/A/SearchKit
dyld[5513]: <1FE41C73-319E-31D6-8AB9-5D9725C29840> /System/Library/Frameworks/CoreServices.framework/Versions/A/Frameworks/AE.framework/Versions/A/AE
dyld[5513]: <F672AF6B-712F-3E94-A30C-D962C961B1AE> /System/Library/Frameworks/CoreServices.framework/Versions/A/Frameworks/LaunchServices.framework/Versions/A/LaunchServices
dyld[5513]: <89B35D84-BCB4-32EA-B793-BB3563BA6C7E> /System/Library/Frameworks/CoreServices.framework/Versions/A/Frameworks/DictionaryServices.framework/Versions/A/DictionaryServices
dyld[5513]: <11D1A903-7E02-365D-B434-CF1F6928B9C8> /System/Library/Frameworks/CoreServices.framework/Versions/A/Frameworks/SharedFileList.framework/Versions/A/SharedFileList
dyld[5513]: <37EB8634-C367-3986-951F-FE6CE034F9B8> /usr/lib/libapple_nghttp2.dylib
dyld[5513]: <FFED8D03-933A-3E77-A298-899189CFDDEE> /usr/lib/libsqlite3.dylib
dyld[5513]: <480932A5-4C8C-3AEF-AFC3-31D7D5A6DFB7> /System/Library/Frameworks/Accounts.framework/Versions/A/Accounts
dyld[5513]: <277306E7-DBCE-3D31-8E19-1A959860E47C> /System/Library/PrivateFrameworks/AOSKit.framework/Versions/A/AOSKit
dyld[5513]: <F1614AEF-411C-3D85-B147-122B24A52BD2> /System/Library/PrivateFrameworks/AppSSOCore.framework/Versions/A/AppSSOCore
dyld[5513]: <E49883EF-0C5A-34B3-940E-6CDED347A361> /System/Library/PrivateFrameworks/AppSupport.framework/Versions/A/AppSupport
dyld[5513]: <2B4C89E8-6D61-382F-8596-400AFD5DFAED> /System/Library/Frameworks/AVFoundation.framework/Versions/A/AVFoundation
dyld[5513]: <D6494026-1CF4-365F-9D35-BD3C0FAE8463> /System/Library/PrivateFrameworks/BackgroundSystemTasks.framework/Versions/A/BackgroundSystemTasks
dyld[5513]: <5B6BC0A9-527D-3D06-B19A-59A55830D0C2> /System/Library/PrivateFrameworks/CoreAnalytics.framework/Versions/A/CoreAnalytics
dyld[5513]: <86707213-12B9-3943-AF6A-FBFDF1209FCA> /System/Library/Frameworks/CoreGraphics.framework/Versions/A/CoreGraphics
dyld[5513]: <43674C87-ADFF-3F60-9DDD-8CE9CAFA39D5> /System/Library/PrivateFrameworks/DuetActivityScheduler.framework/Versions/A/DuetActivityScheduler
dyld[5513]: <8220298F-96F2-3CED-82CF-C07E11DA38F9> /System/Library/PrivateFrameworks/FTServices.framework/Versions/A/FTServices
dyld[5513]: <6A676BE5-DAA2-3923-8B2D-9183A79D8FCF> /System/Library/Frameworks/GSS.framework/Versions/A/GSS
dyld[5513]: <B9C46934-ECEA-360F-BD4D-39025C7947C9> /System/Library/PrivateFrameworks/InternationalSupport.framework/Versions/A/InternationalSupport
dyld[5513]: <F64C374B-7C49-32B2-BD2E-8822A3F14163> /usr/lib/libMemoryResourceException.dylib
dyld[5513]: <A3C34F06-7BB2-3881-8DD1-775BB79E14B3> /System/Library/PrivateFrameworks/NetworkScore.framework/Versions/A/NetworkScore
dyld[5513]: <31C663CB-E303-3669-A2D3-17AB24A16940> /System/Library/PrivateFrameworks/NetworkServiceProxy.framework/Versions/A/NetworkServiceProxy
dyld[5513]: <949C594B-FE78-3E1A-B40C-4720CF994C75> /System/Library/PrivateFrameworks/RunningBoardServices.framework/Versions/A/RunningBoardServices
dyld[5513]: <291F2CDF-90AA-36D2-94BB-1318387C54C5> /System/Library/PrivateFrameworks/StreamingExtractor.framework/Versions/A/StreamingExtractor
dyld[5513]: <A266C210-8869-390E-93D0-5AC15408C80D> /System/Library/PrivateFrameworks/StreamingZip.framework/Versions/A/StreamingZip
dyld[5513]: <DB7270A8-9BB5-3EBE-B2FD-54F6641D56DE> /System/Library/PrivateFrameworks/SymptomReporter.framework/Versions/A/SymptomReporter
dyld[5513]: <87E902A1-34F8-3ED8-8A5B-00F346A553AE> /usr/lib/libenergytrace.dylib
dyld[5513]: <076C8183-DBAF-3FE4-8019-C95855620AD9> /usr/lib/libnetworkextension.dylib
dyld[5513]: <4A16436D-E026-380A-ADED-84C279C05285> /System/Library/Frameworks/Network.framework/Versions/A/Network
dyld[5513]: <7E84A4E7-383B-33B9-B604-D707E8E0C76A> /usr/lib/libbsm.0.dylib
dyld[5513]: <B20E8F67-6646-3050-AB29-44575B24BB6D> /usr/lib/system/libkxld.dylib
dyld[5513]: <2D2A4D15-9634-3D30-8D50-845C65536968> /System/Library/PrivateFrameworks/AppleKeyStore.framework/Versions/A/AppleKeyStore
dyld[5513]: <CFECAA0B-0E59-3E9B-BE28-7247E52F32BC> /usr/lib/libCoreEntitlements.dylib
dyld[5513]: <DDEA8F2A-0D8C-3136-A60F-159B3BF6BB14> /System/Library/PrivateFrameworks/MessageSecurity.framework/Versions/A/MessageSecurity
dyld[5513]: <4AB73CF2-A262-3297-A4ED-F98885686564> /System/Library/PrivateFrameworks/ProtocolBuffer.framework/Versions/A/ProtocolBuffer
dyld[5513]: <9E416667-BB78-36EB-9B5D-886652738B8E> /System/Library/PrivateFrameworks/CloudServices.framework/Versions/A/CloudServices
dyld[5513]: <88586001-D9A2-3BCE-A0B3-F66B962A5FCD> /System/Library/PrivateFrameworks/SymptomDiagnosticReporter.framework/Versions/A/SymptomDiagnosticReporter
dyld[5513]: <E76B3969-60BD-3EBD-8419-B6D16CB330C2> /System/Library/PrivateFrameworks/CrashReporterSupport.framework/Versions/A/CrashReporterSupport
dyld[5513]: <E0F8AF6B-104D-3F9D-A8FB-49EF7C45EAAE> /usr/lib/libMobileGestalt.dylib
dyld[5513]: <903E85C5-7923-3276-8CD3-439E896B7C6B> /System/Library/PrivateFrameworks/AppleFSCompression.framework/Versions/A/AppleFSCompression
dyld[5513]: <5CF64670-CDC0-3AF0-930A-38522A8573EC> /usr/lib/libcoretls.dylib
dyld[5513]: <88C8B8CF-FC4A-3278-9FD7-A2B90B2F600F> /usr/lib/libcoretls_cfhelpers.dylib
dyld[5513]: <4653F0C2-72CB-3C35-AEB9-AAFD63A5B721> /usr/lib/libpam.2.dylib
dyld[5513]: <47C6FF5C-2E46-3B5A-A3AF-157D64AA89B0> /usr/lib/libxar.1.dylib
dyld[5513]: <715B7DF2-B40D-3EBA-BFC9-13276492ED33> /System/Library/PrivateFrameworks/APFS.framework/Versions/A/APFS
dyld[5513]: <C01C6663-DD1C-3855-AB40-23B40F988E8E> /System/Library/PrivateFrameworks/SwiftASN1Internal.framework/Versions/A/SwiftASN1Internal
dyld[5513]: <AAB4E5F3-8EF1-39BE-A32B-8B4ABF8F390D> /usr/lib/libutil.dylib
dyld[5513]: <389F3921-719F-3A03-BD22-3A711B27FB35> /System/Library/PrivateFrameworks/AppleSystemInfo.framework/Versions/A/AppleSystemInfo
dyld[5513]: <2CFBD4DF-9E6B-34A5-9B6C-BCD05F40F139> /System/Library/PrivateFrameworks/IOMobileFramebuffer.framework/Versions/A/IOMobileFramebuffer
dyld[5513]: <C30F04DE-ADD7-3DBC-A1B2-C7D1EFA08CC6> /System/Library/Frameworks/IOSurface.framework/Versions/A/IOSurface
dyld[5513]: <B73AC390-0D5D-3EDA-A81F-709B68F0E37A> /System/Library/PrivateFrameworks/CoreWiFi.framework/Versions/A/CoreWiFi
dyld[5513]: <E39BD6CE-35C2-3F90-BBC1-F68EB3C71E52> /System/Library/PrivateFrameworks/LoggingSupport.framework/Versions/A/LoggingSupport
dyld[5513]: <B7154554-8A67-3354-B992-14441B39FF71> /System/Library/PrivateFrameworks/MobileAsset.framework/Versions/A/MobileAsset
dyld[5513]: <604DB01F-E423-31DC-A4A1-792F6701BA2D> /System/Library/PrivateFrameworks/PowerLog.framework/Versions/A/PowerLog
dyld[5513]: <BE98D10A-67D4-311C-B556-8D3838CF6F81> /System/Library/PrivateFrameworks/Rapport.framework/Versions/A/Rapport
dyld[5513]: <58E4A38D-47FB-3EAC-B7E0-6818F49D24EA> /System/Library/Frameworks/SwiftData.framework/Versions/A/SwiftData
dyld[5513]: <540009BA-D3E5-3F67-8DE8-ED0033FE9215> /System/Library/PrivateFrameworks/Symptoms.framework/Versions/A/Frameworks/SymptomAnalytics.framework/Versions/A/SymptomAnalytics
dyld[5513]: <743056F4-24EC-3A70-8282-C6F20407C193> /System/Library/Frameworks/UniformTypeIdentifiers.framework/Versions/A/UniformTypeIdentifiers
dyld[5513]: <4C89B3C9-F76E-3ED3-9515-E770E4E0E04A> /System/Library/PrivateFrameworks/UserManagement.framework/Versions/A/UserManagement
dyld[5513]: <0767E249-3DD3-375B-8E61-F5DB8309C5BA> /usr/lib/libboringssl.dylib
dyld[5513]: <819F23DB-90BE-3F09-8647-29C8F3CF929E> /usr/lib/libcupolicy.dylib
dyld[5513]: <B079C73B-474D-3A35-B9FC-C417A2FAAC2D> /usr/lib/libdns_services.dylib
dyld[5513]: <9BFCCC8E-40E3-33F3-8108-ED956930D9B0> /System/Library/Frameworks/NetworkExtension.framework/Versions/A/NetworkExtension
dyld[5513]: <2C368B24-1063-37A2-9815-6392CE0D28FA> /usr/lib/libnwswifttls.dylib
dyld[5513]: <0A92F1D9-34F1-35A9-A293-57BED013A7C7> /usr/lib/libpcap.A.dylib
dyld[5513]: <A88B0E2C-9449-37D5-AA62-8533346704D8> /usr/lib/libquic.dylib
dyld[5513]: <35A0D004-85A7-324D-A597-61F1AA1203B8> /usr/lib/libusrtcp.dylib
dyld[5513]: <AD7AC28E-DF43-3FE2-9F95-1A55421FE21B> /System/Library/PrivateFrameworks/AtomicsInternal.framework/Versions/A/AtomicsInternal
dyld[5513]: <4AFF9D01-B152-3754-917D-FEB9B6EDB074> /System/Library/PrivateFrameworks/InternalSwiftProtobuf.framework/Versions/A/InternalSwiftProtobuf
dyld[5513]: <939A84CD-B303-36D6-89D4-0CA6FE6C9335> /usr/lib/swift/libswiftDistributed.dylib
dyld[5513]: <69B34359-C025-3674-9127-6FE565701511> /usr/lib/swift/libswiftObservation.dylib
dyld[5513]: <7626547E-9425-3FAE-A895-04A4C0B5A24C> /usr/lib/swift/libswiftSynchronization.dylib
dyld[5513]: <61779A8C-8FAF-3B30-88EB-F8B1F7965DA6> /System/Library/PrivateFrameworks/AggregateDictionary.framework/Versions/A/AggregateDictionary
dyld[5513]: <ACB84D0D-0179-32B7-8F5C-53BD2AC740D5> /System/Library/PrivateFrameworks/CoreDuetContext.framework/Versions/A/CoreDuetContext
dyld[5513]: <ED2927D1-85F9-346D-9054-C9008EEFC205> /System/Library/PrivateFrameworks/BiomeLibrary.framework/Versions/A/BiomeLibrary
dyld[5513]: <0F02B28D-130E-3D48-A02E-D62C960731A0> /System/Library/PrivateFrameworks/CoreDuet.framework/Versions/A/CoreDuet
dyld[5513]: <0C2B5247-3909-390E-89D1-CD10B5986FDB> /System/Library/PrivateFrameworks/BiomeStreams.framework/Versions/A/BiomeStreams
dyld[5513]: <ECD6B305-5576-372C-A6C2-6FB8B3449B16> /System/Library/PrivateFrameworks/BiomeFoundation.framework/Versions/A/BiomeFoundation
dyld[5513]: <56BD2841-6328-3882-839C-512E9AEC3220> /System/Library/PrivateFrameworks/BiomePubSub.framework/Versions/A/BiomePubSub
dyld[5513]: <26BCA90F-FDB6-3162-8398-B204D85CFE5B> /System/Library/Frameworks/CoreData.framework/Versions/A/CoreData
dyld[5513]: <5C05FB7B-7E85-3E88-B482-B08EBADE6C7C> /System/Library/PrivateFrameworks/ProactiveSupport.framework/Versions/A/ProactiveSupport
dyld[5513]: <8984813E-20DC-39D0-8760-81CF047BEA77> /System/Library/Frameworks/CoreLocation.framework/Versions/A/CoreLocation
dyld[5513]: <71576C7F-398C-30F3-8B15-E71BBEFCBF40> /System/Library/Frameworks/Intents.framework/Versions/A/Intents
dyld[5513]: <9C3CA246-0044-37F0-9C69-6A72E1434912> /System/Library/Frameworks/_LocationEssentials.framework/Versions/A/_LocationEssentials
dyld[5513]: <6DB9D3C0-C6E8-34F1-BECE-E13E769A8FDB> /usr/lib/liblzma.5.dylib
dyld[5513]: <69865F9B-6DB8-3638-8A23-072E1E349C72> /System/Library/Frameworks/Accelerate.framework/Versions/A/Accelerate
dyld[5513]: <0542EA91-C289-3EEB-A7BD-E3FDC5F48622> /System/Library/PrivateFrameworks/MobileKeyBag.framework/Versions/A/MobileKeyBag
dyld[5513]: <504121FD-73F2-3024-93D0-E8A7C806E94B> /System/Library/PrivateFrameworks/InternationalTextSearch.framework/Versions/A/InternationalTextSearch
dyld[5513]: <6DD8264D-A08C-3E81-A4DC-DF6F92BDE42B> /System/Library/PrivateFrameworks/SoftwareUpdateCoreSupport.framework/Versions/A/SoftwareUpdateCoreSupport
dyld[5513]: <BE013477-FD5C-36B1-9127-66C2080DE35E> /System/Library/PrivateFrameworks/SoftwareUpdateCoreConnect.framework/Versions/A/SoftwareUpdateCoreConnect
dyld[5513]: <B9FE5420-1BC3-3001-ACAF-2E917BFFBDD0> /System/Library/PrivateFrameworks/RemoteServiceDiscovery.framework/Versions/A/RemoteServiceDiscovery
dyld[5513]: <135C2628-BD95-3432-8D97-32C8FDABD1E3> /System/Library/PrivateFrameworks/MSUDataAccessor.framework/Versions/A/MSUDataAccessor
dyld[5513]: <7817458F-E833-3825-A04B-03A79AD8739B> /usr/lib/libbootpolicy.dylib
dyld[5513]: <ED17CD59-DDEC-3BDE-9267-201A02407BAD> /System/Library/PrivateFrameworks/RemoteXPC.framework/Versions/A/RemoteXPC
dyld[5513]: <A1DBFEC9-D0A6-3B2E-99D2-EC6B5B9B960D> /usr/lib/libFDR.dylib
dyld[5513]: <A73B43E8-985F-3BB1-AD2B-DAF39BFF4E95> /usr/lib/libamsupport.dylib
dyld[5513]: <2C923B2B-EB1C-3FD1-8272-4AD141AEE322> /usr/lib/libReverseProxyDevice.dylib
dyld[5513]: <A1751466-FD99-3C13-9DAE-8EE39A575C75> /System/Library/PrivateFrameworks/AppleDeviceQuerySupport.framework/Versions/A/AppleDeviceQuerySupport
dyld[5513]: <6B2536A0-FB99-3B72-BF72-C8A230F76C2F> /usr/lib/libpartition2_dynamic.dylib
dyld[5513]: <50A785A8-C474-3A6D-A6CB-DFD2D0E93B43> /System/Library/PrivateFrameworks/AppleSauce.framework/Versions/A/AppleSauce
dyld[5513]: <4C0A66D2-B313-3A88-B438-3B2FBAFD7994> /usr/lib/libAppleArchive.dylib
dyld[5513]: <F8B99793-2A42-3B06-A92E-C84D8679459A> /usr/lib/libbz2.1.0.dylib
dyld[5513]: <87180846-15A0-3AE6-9375-8986922E7704> /System/Library/Frameworks/Accelerate.framework/Versions/A/Frameworks/vImage.framework/Versions/A/vImage
dyld[5513]: <F9DA17B8-BF0E-3D0E-8D51-8895A09E76CA> /System/Library/Frameworks/Accelerate.framework/Versions/A/Frameworks/vecLib.framework/Versions/A/vecLib
dyld[5513]: <E5B95953-1269-352C-B085-3BC6406E41D9> /System/Library/Frameworks/Accelerate.framework/Versions/A/Frameworks/vecLib.framework/Versions/A/libvMisc.dylib
dyld[5513]: <C127566F-507D-3087-8945-973441413016> /System/Library/Frameworks/Accelerate.framework/Versions/A/Frameworks/vImage.framework/Versions/A/Libraries/libCGInterfaces.dylib
dyld[5513]: <48BF39E9-074A-3BD8-80DD-DEB901859383> /System/Library/PrivateFrameworks/AccelerateGPU.framework/Versions/A/AccelerateGPU
dyld[5513]: <B8AEEB6D-A458-37C3-B22A-99C768B155EA> /System/Library/Frameworks/Accelerate.framework/Versions/A/Frameworks/vecLib.framework/Versions/A/libBLAS.dylib
dyld[5513]: <305A0A92-364D-3C8B-8BC4-DAE07A4E2918> /System/Library/Frameworks/ApplicationServices.framework/Versions/A/ApplicationServices
dyld[5513]: <9C44ABC3-19CD-32AB-A7AA-098813317900> /System/Library/Frameworks/CoreVideo.framework/Versions/A/CoreVideo
dyld[5513]: <96471F96-B3C6-3783-B8BB-17C1E48C46B7> /System/Library/Frameworks/ColorSync.framework/Versions/A/ColorSync
dyld[5513]: <22A4F922-8523-396D-AD9B-DA6FF15DA432> /System/Library/Frameworks/CoreText.framework/Versions/A/CoreText
dyld[5513]: <0CD49F9D-A8E2-303D-98A7-7E9602B00B90> /System/Library/Frameworks/ImageIO.framework/Versions/A/ImageIO
dyld[5513]: <63A93F8B-EBA5-37CF-A171-7B220B8C6A70> /System/Library/Frameworks/ApplicationServices.framework/Versions/A/Frameworks/ATS.framework/Versions/A/ATS
dyld[5513]: <0B0164B2-3069-3AF2-B2C5-8A5F1E81BFD6> /System/Library/Frameworks/ApplicationServices.framework/Versions/A/Frameworks/HIServices.framework/Versions/A/HIServices
dyld[5513]: <395625EB-39F6-392B-88CB-C8679C3A844C> /System/Library/Frameworks/ApplicationServices.framework/Versions/A/Frameworks/PrintCore.framework/Versions/A/PrintCore
dyld[5513]: <2CC38837-4DB6-3BBB-A3C9-75D083BD5C61> /System/Library/Frameworks/ApplicationServices.framework/Versions/A/Frameworks/QD.framework/Versions/A/QD
dyld[5513]: <7E09AC41-9944-3061-BC9A-23B6F977BE3A> /System/Library/Frameworks/ApplicationServices.framework/Versions/A/Frameworks/ColorSyncLegacy.framework/Versions/A/ColorSyncLegacy
dyld[5513]: <26B44C48-BC70-38A8-AAF1-7EC18393E11F> /System/Library/Frameworks/ApplicationServices.framework/Versions/A/Frameworks/SpeechSynthesis.framework/Versions/A/SpeechSynthesis
dyld[5513]: <898384F5-D43B-3BCA-8383-3039E80CFA6D> /System/Library/PrivateFrameworks/SkyLight.framework/Versions/A/SkyLight
dyld[5513]: <27A05596-EDE4-3576-B061-D68EB1B6CAD5> /System/Library/PrivateFrameworks/FontServices.framework/libFontParser.dylib
dyld[5513]: <0C76F3C5-CD3B-3837-BAEB-0226751512F6> /System/Library/PrivateFrameworks/BaseBoard.framework/Versions/A/BaseBoard
dyld[5513]: <35DD2B0B-E814-3C04-89AE-04EB53AB64B2> /System/Library/PrivateFrameworks/BoardServices.framework/Versions/A/BoardServices
dyld[5513]: <822C92A9-C200-3DF8-A48F-04F6FC444EA2> /System/Library/PrivateFrameworks/BackBoardServices.framework/Versions/A/BackBoardServices
dyld[5513]: <83EA7238-159B-3156-8F5D-D84E4D94FAD2> /System/Library/PrivateFrameworks/BackBoardHIDEventFoundation.framework/Versions/A/BackBoardHIDEventFoundation
dyld[5513]: <197CDF27-438E-3EB7-BC35-0C466CCF17CD> /System/Library/Frameworks/CoreDisplay.framework/Versions/A/CoreDisplay
dyld[5513]: <586DC60D-A727-38F7-9156-CC98E30F284D> /System/Library/Frameworks/VideoToolbox.framework/Versions/A/VideoToolbox
dyld[5513]: <7835C05F-D662-38A0-83A8-CA317D2C915B> /System/Library/Frameworks/MetalPerformanceShaders.framework/Versions/A/MetalPerformanceShaders
dyld[5513]: <3B0EC42B-483E-3B2E-9320-4CB6664A302B> /System/Library/PrivateFrameworks/ProDisplayLibrary.framework/Versions/A/ProDisplayLibrary
dyld[5513]: <A4FA1F92-D834-3716-89C5-F0B7C0609744> /System/Library/PrivateFrameworks/IOSurfaceAccelerator.framework/Versions/A/IOSurfaceAccelerator
dyld[5513]: <E62B6554-CA42-3D79-B048-C5F6DEFA20CC> /System/Library/Frameworks/Metal.framework/Versions/A/Metal
dyld[5513]: <61E0BB2C-2B28-3B5A-8548-B2C19521DCAD> /System/Library/PrivateFrameworks/IOAccelerator.framework/Versions/A/IOAccelerator
dyld[5513]: <8149A6D5-5D34-3DE8-9F49-0C13EBA54A00> /System/Library/Frameworks/CoreMedia.framework/Versions/A/CoreMedia
dyld[5513]: <312C79A8-E961-3646-8528-3FC190FAAEA3> /System/Library/PrivateFrameworks/TCC.framework/Versions/A/TCC
dyld[5513]: <C3A8BEDA-D443-3239-93BC-1F77D6307526> /System/Library/PrivateFrameworks/WatchdogClient.framework/Versions/A/WatchdogClient
dyld[5513]: <F1BA3189-E95A-3ECA-B59A-5A6872754484> /System/Library/Frameworks/QuartzCore.framework/Versions/A/QuartzCore
dyld[5513]: <9A09DE9B-0772-325A-BBA2-8164DAB189BE> /System/Library/PrivateFrameworks/MultitouchSupport.framework/Versions/A/MultitouchSupport
dyld[5513]: <DDA5A4B3-59E6-319C-8061-FEFD39ADC8C7> /usr/lib/swift/libswiftAccelerate.dylib
dyld[5513]: <EFBE5ADA-3929-35CF-988E-7AED8B7FDE51> /usr/lib/swift/libswiftCoreAudio.dylib
dyld[5513]: <D1491CD7-17C3-36DB-8775-211B2F22C80F> /usr/lib/swift/libswiftCoreMedia.dylib
dyld[5513]: <10BCDD43-C5E6-38BF-99CA-54B6AD7A3EEA> /usr/lib/swift/libswiftMetal.dylib
dyld[5513]: <57A2CE5E-DAC3-35D2-9BED-6188DF518B70> /usr/lib/swift/libswiftOSLog.dylib
dyld[5513]: <C348816E-C511-356C-830B-5F690FA3AA69> /usr/lib/swift/libswiftQuartzCore.dylib
dyld[5513]: <D02B3C6D-7F89-3910-B160-7339E13B7778> /usr/lib/swift/libswiftUniformTypeIdentifiers.dylib
dyld[5513]: <E0458D1A-E650-3E6B-99A1-1882CC4A159A> /usr/lib/swift/libswiftVideoToolbox.dylib
dyld[5513]: <F83F1836-73D8-3B30-A8C4-FED0DA5E8CEC> /usr/lib/swift/libswiftsimd.dylib
dyld[5513]: <9A1B7F95-CF13-3127-85D4-9AAF491AF821> /System/Library/PrivateFrameworks/BiomeStorage.framework/Versions/A/BiomeStorage
dyld[5513]: <5DA57389-B626-3B6E-89E3-C724B0468F10> /System/Library/PrivateFrameworks/IntelligencePlatformLibrary.framework/Versions/A/IntelligencePlatformLibrary
dyld[5513]: <2E3DEAB0-737E-3412-9437-32EDB3086EA3> /System/Library/PrivateFrameworks/PoirotSchematizer.framework/Versions/A/PoirotSchematizer
dyld[5513]: <6D9F3228-2B0C-36ED-B43E-BC4148212971> /System/Library/PrivateFrameworks/BiomeSync.framework/Versions/A/BiomeSync
dyld[5513]: <D25EE534-F145-3A91-B92E-2BBDE76BB0B1> /System/Library/PrivateFrameworks/BiomeDSL.framework/Versions/A/BiomeDSL
dyld[5513]: <BC98F8FE-E39A-31DC-B2BB-F129D1352E1E> /System/Library/PrivateFrameworks/FeatureFlags.framework/Versions/A/FeatureFlags
dyld[5513]: <4B0C858E-68AE-32CF-8F62-B44B1838BBB6> /System/Library/PrivateFrameworks/PoirotUDFs.framework/Versions/A/PoirotUDFs
dyld[5513]: <866DBB51-99DA-38A9-A712-4E26BB5A5CE0> /usr/lib/swift/libswift_DarwinFoundation2.dylib
dyld[5513]: <995CB65C-A58D-38B3-A271-917FDB9F8C57> /usr/lib/swift/libswift_DarwinFoundation3.dylib
dyld[5513]: <89179061-46AF-3E0C-8F03-FF9F5ACEE211> /System/Library/PrivateFrameworks/CoreTime.framework/Versions/A/CoreTime
dyld[5513]: <2D429111-B58B-365E-8D8D-68DA82D20589> /usr/lib/libiconv.2.dylib
dyld[5513]: <7704B548-DB2D-3468-B301-82E8F026DDCE> /usr/lib/libcharset.1.dylib
dyld[5513]: <07B78F81-0131-32DA-9961-316C1C248338> /System/Library/PrivateFrameworks/PoirotSQLite.framework/Versions/A/PoirotSQLite
dyld[5513]: <6BA1B88C-B16D-3296-9322-F98613487F18> /usr/lib/swift/libswift_RegexParser.dylib
dyld[5513]: <327752A7-9364-352C-B3FD-79457DC3145C> /System/Library/PrivateFrameworks/CascadeSets.framework/Versions/A/CascadeSets
dyld[5513]: <39D6BD21-AFD7-3068-B747-B94A5D9F1C27> /System/Library/PrivateFrameworks/CorePhoneNumbers.framework/Versions/A/CorePhoneNumbers
dyld[5513]: <72E56855-8FE6-3262-9A11-B2F475119A93> /System/Library/PrivateFrameworks/AppleJPEG.framework/Versions/A/AppleJPEG
dyld[5513]: <6D02979F-089C-3FF7-B3EA-939E8810EDE7> /usr/lib/libexpat.1.dylib
dyld[5513]: <5855ECAC-2298-3B0A-A859-9E643E12010D> /System/Library/Frameworks/ImageIO.framework/Versions/A/Resources/libPng.dylib
dyld[5513]: <2E5FD6A0-0646-3F84-84A8-09F2BD58C56D> /System/Library/Frameworks/ImageIO.framework/Versions/A/Resources/libTIFF.dylib
dyld[5513]: <A4D144D0-C3D8-3BB6-962F-FDBC6DACC105> /System/Library/Frameworks/ImageIO.framework/Versions/A/Resources/libGIF.dylib
dyld[5513]: <FCBA3CD1-64C8-3BE1-AB50-450070167FA3> /System/Library/Frameworks/ImageIO.framework/Versions/A/Resources/libJP2.dylib
dyld[5513]: <8331A311-1C3F-37E5-A6FB-74FEB6D31D57> /usr/lib/libate.dylib
dyld[5513]: <30EA44B1-2A44-3415-A1B6-DD0ED2B7B306> /System/Library/Frameworks/ImageIO.framework/Versions/A/Resources/libJPEG.dylib
dyld[5513]: <2C186C82-66E0-369C-B2D4-1815FAB8AFB3> /System/Library/Frameworks/ImageIO.framework/Versions/A/Resources/libRadiance.dylib
dyld[5513]: <0E239D6E-4F69-3A3C-8F10-207AB9E53626> /System/Library/PrivateFrameworks/GPUCompiler.framework/Versions/32023/Libraries/libllvm-flatbuffers.dylib
dyld[5513]: <E0E4527F-02A1-3B8E-BC59-50596B14C725> /System/Library/PrivateFrameworks/FramePacing.framework/Versions/A/FramePacing
dyld[5513]: <A7E06810-96A7-320B-90FF-41FEC8996481> /System/Library/Frameworks/OpenGL.framework/Versions/A/Libraries/libCoreFSCache.dylib
dyld[5513]: <54727168-9032-3AF7-B571-3A52A508B761> /System/Library/PrivateFrameworks/GPUCompiler.framework/Versions/32023/Libraries/libGPUCompilerUtils.dylib
dyld[5513]: <3877C6C1-2A1C-3971-A39B-BFBCBD2316E4> /System/Library/PrivateFrameworks/GraphicsServices.framework/Versions/A/GraphicsServices
dyld[5513]: <4441E600-26A0-3A7E-A20A-4A4F239AA0D0> /System/Library/Frameworks/OpenGL.framework/Versions/A/OpenGL
dyld[5513]: <D7A8D43B-01FB-363F-9E04-E3AE9712247B> /System/Library/Frameworks/OpenGL.framework/Versions/A/Libraries/libGLU.dylib
dyld[5513]: <82D99F0A-0AE0-3187-AED3-F8EA8602892E> /System/Library/Frameworks/OpenGL.framework/Versions/A/Libraries/libGFXShared.dylib
dyld[5513]: <0467762E-9A84-3C53-B0F4-CA179E29A8CE> /System/Library/Frameworks/OpenGL.framework/Versions/A/Libraries/libGL.dylib
dyld[5513]: <CF163ACB-2E12-3036-AFBE-AAEC42E32A95> /System/Library/Frameworks/OpenGL.framework/Versions/A/Libraries/libGLImage.dylib
dyld[5513]: <DCF9371C-4D04-3524-B0A0-0E0A93183BFB> /System/Library/Frameworks/OpenGL.framework/Versions/A/Libraries/libCVMSPluginSupport.dylib
dyld[5513]: <9879D439-C0AD-3A93-9050-4C0AE6C7DD07> /System/Library/Frameworks/OpenGL.framework/Versions/A/Libraries/libCoreVMClient.dylib
dyld[5513]: <FB88FA95-68C1-3573-B8A4-815488BDA4E6> /System/Library/PrivateFrameworks/GPUWrangler.framework/Versions/A/GPUWrangler
dyld[5513]: <60E38601-35DB-3D90-80C0-BB19848CFED7> /System/Library/PrivateFrameworks/IOPresentment.framework/Versions/A/IOPresentment
dyld[5513]: <F5D64A73-D6D9-380E-BF44-10544E2465B6> /System/Library/PrivateFrameworks/DSExternalDisplay.framework/Versions/A/DSExternalDisplay
dyld[5513]: <9FD68D8C-8D94-32D2-A41C-97A66C2E4BB6> /System/Library/PrivateFrameworks/VideoToolboxParavirtualizationSupport.framework/Versions/A/VideoToolboxParavirtualizationSupport
dyld[5513]: <7EB7686D-74B9-385B-A60F-25F9C97AD46B> /System/Library/PrivateFrameworks/AppleVA.framework/Versions/A/AppleVA
dyld[5513]: <1E88A46B-6D6B-3648-968B-01532612E28C> /System/Library/Frameworks/ExtensionFoundation.framework/Versions/A/ExtensionFoundation
dyld[5513]: <7AEF5F35-87FB-36B6-9347-BFB7DE09B133> /System/Library/PrivateFrameworks/CMCaptureCore.framework/Versions/A/CMCaptureCore
dyld[5513]: <866F4ACD-D94B-3BD7-8B90-573A51A8CEDF> /usr/lib/libspindump.dylib
dyld[5513]: <2E3313F7-C583-3D6C-A88B-37AF8B4C56F0> /System/Library/Frameworks/CoreAudio.framework/Versions/A/CoreAudio
dyld[5513]: <D54F06FB-C477-3A05-9C9F-A02CF013F926> /System/Library/PrivateFrameworks/AppServerSupport.framework/Versions/A/AppServerSupport
dyld[5513]: <8BDF1C32-455B-3FEF-A6E4-ECD49074CA07> /System/Library/PrivateFrameworks/perfdata.framework/Versions/A/perfdata
dyld[5513]: <71BD1CD7-CD33-3689-9EFF-12FAD75B97E5> /System/Library/PrivateFrameworks/AudioDSPGraph.framework/Versions/A/AudioDSPGraph
dyld[5513]: <668AAB07-F503-3EB4-A382-F01FB60269FB> /System/Library/PrivateFrameworks/AudioToolboxCore.framework/Versions/A/AudioToolboxCore
dyld[5513]: <725DE236-E4BB-34E0-A155-46A974629A81> /System/Library/PrivateFrameworks/caulk.framework/Versions/A/caulk
dyld[5513]: <573E42C2-BB6F-3E6C-BA4C-A7689728B174> /usr/lib/libAudioStatistics.dylib
dyld[5513]: <99C955D1-07A3-3FE9-922A-BC678E2EA454> /System/Library/PrivateFrameworks/SystemPolicy.framework/Versions/A/SystemPolicy
dyld[5513]: <08EEC0C2-F56C-3BB9-992A-160E5AAAEB56> /usr/lib/libSMC.dylib
dyld[5513]: <5491E4A8-56A3-3EBC-AC8E-B2D69CB34E32> /usr/lib/swift/libswiftCoreMIDI.dylib
dyld[5513]: <29F750A3-0A23-3C21-8C79-4A2D22F7BE8B> /System/Library/Frameworks/CoreMIDI.framework/Versions/A/CoreMIDI
dyld[5513]: <E83E83E4-F6D9-36B1-A7C8-1391F6E5D4E7> /usr/lib/libAudioToolboxUtility.dylib
dyld[5513]: <0D2BC538-CE70-3EFD-B277-6B12CEED8EC7> /usr/lib/libperfcheck.dylib
dyld[5513]: <AAD9FBE3-5777-3ED9-930F-1B5F492CDFA6> /System/Library/PrivateFrameworks/AudioAnalytics.framework/Versions/A/AudioAnalytics
dyld[5513]: <BFBCF2EC-4BC5-3941-AE6B-3F5BEF2C2296> /System/Library/Frameworks/OSLog.framework/Versions/A/OSLog
dyld[5513]: <C6FCA282-6ABB-38D2-9683-C6A229CCD92B> /System/Library/PrivateFrameworks/OSEligibility.framework/Versions/A/OSEligibility
dyld[5513]: <D170449C-D007-358E-A189-0CAA6CF8D01F> /System/Library/PrivateFrameworks/IconServices.framework/Versions/A/IconServices
dyld[5513]: <FAF6A95A-EDAC-3CEF-AE8A-44C9A4C12AA2> /System/Library/Frameworks/LightweightCodeRequirements.framework/Versions/A/LightweightCodeRequirements
dyld[5513]: <0F0E3B26-14CC-3248-B8FC-F55458E643C1> /System/Library/PrivateFrameworks/PlugInKit.framework/Versions/A/PlugInKit
dyld[5513]: <5F47F3F1-ADF5-35A7-8ADF-9C850F05C96E> /System/Library/PrivateFrameworks/AssertionServices.framework/Versions/A/AssertionServices
dyld[5513]: <4575E49F-BCA8-34CC-8027-BCE51ACDB678> /System/Library/PrivateFrameworks/IconFoundation.framework/Versions/A/IconFoundation
dyld[5513]: <55C4846B-FB15-31BB-81A1-FE1EE773650D> /System/Library/PrivateFrameworks/AssistantServices.framework/Versions/A/AssistantServices
dyld[5513]: <F4165CF9-0759-306E-8253-D5A316F8C87C> /System/Library/PrivateFrameworks/IconRendering.framework/Versions/A/IconRendering
dyld[5513]: <4866A12C-9F52-3ECE-A0C4-55F9E0FD065C> /System/Library/PrivateFrameworks/CoreUI.framework/Versions/A/CoreUI
dyld[5513]: <0B0C1F98-570E-38B6-A749-5A2239DCB0B7> /System/Library/Frameworks/CoreImage.framework/Versions/A/CoreImage
dyld[5513]: <262D0D2A-7A75-3343-AEB9-1294F6DC8118> /System/Library/PrivateFrameworks/SFSymbols.framework/Versions/A/SFSymbols
dyld[5513]: <CB99B5A9-3254-3174-A216-CCE7299B7E49> /System/Library/Frameworks/DeveloperToolsSupport.framework/Versions/A/DeveloperToolsSupport
dyld[5513]: <F7ECFEE8-BD23-380C-B96F-D1C588B8E735> /System/Library/PrivateFrameworks/RenderBox.framework/Versions/A/RenderBox
dyld[5513]: <3F803C87-C3A7-3DF6-B51B-8AADBFEC915C> /System/Library/PrivateFrameworks/CoreSVG.framework/Versions/A/CoreSVG
dyld[5513]: <2EA07A48-1ADC-3A77-9A3A-596142804F26> /System/Library/PrivateFrameworks/TextureIO.framework/Versions/A/TextureIO
dyld[5513]: <804A03E9-5942-312F-A1AA-8638FD385C1C> /usr/lib/swift/libswiftCoreImage.dylib
dyld[5513]: <BCE53558-0DC1-3670-8AD8-00315C2C7A8B> /System/Library/PrivateFrameworks/GraphVisualizer.framework/Versions/A/GraphVisualizer
dyld[5513]: <76B6A89A-771D-3946-8628-2DECF6188233> /System/Library/PrivateFrameworks/FontServices.framework/Versions/A/FontServices
dyld[5513]: <3CBB2906-8FEF-300A-8F84-1A61263AAB2C> /System/Library/PrivateFrameworks/OTSVG.framework/Versions/A/OTSVG
dyld[5513]: <2E43B513-D03C-3AE1-81C4-7B2ADBB6369E> /System/Library/Frameworks/ApplicationServices.framework/Versions/A/Frameworks/ATS.framework/Versions/A/Resources/libFontRegistry.dylib
dyld[5513]: <D0AD39A1-B981-345D-A8AE-F4DD33ACD224> /usr/lib/libhvf.dylib
dyld[5513]: <DC0A782B-37B2-3DB2-929B-C355C657DBA0> /System/Library/PrivateFrameworks/ParsingInternal.framework/Versions/A/ParsingInternal
dyld[5513]: <749892C3-5510-33F1-A268-8C2EBCAA0F35> /System/Library/PrivateFrameworks/FontServices.framework/libXTFontStaticRegistryData.dylib
dyld[5513]: <1C8768D1-ADC9-32F8-9B19-75F5B361342C> /System/Library/Frameworks/MetalPerformanceShaders.framework/Versions/A/Frameworks/MPSCore.framework/Versions/A/MPSCore
dyld[5513]: <C36504AE-AF4B-3BBB-B4C4-2AF4E3180B9C> /System/Library/Frameworks/MetalPerformanceShaders.framework/Versions/A/Frameworks/MPSImage.framework/Versions/A/MPSImage
dyld[5513]: <16ECC4C3-132A-3566-BA81-3A9857E6ECA3> /System/Library/Frameworks/MetalPerformanceShaders.framework/Versions/A/Frameworks/MPSNeuralNetwork.framework/Versions/A/MPSNeuralNetwork
dyld[5513]: <306ACCB4-2F1F-3292-87FD-0E65488119D9> /System/Library/Frameworks/MetalPerformanceShaders.framework/Versions/A/Frameworks/MPSMatrix.framework/Versions/A/MPSMatrix
dyld[5513]: <E53B1901-AED1-3258-9EBD-06F0A617F8CC> /System/Library/Frameworks/MetalPerformanceShaders.framework/Versions/A/Frameworks/MPSRayIntersector.framework/Versions/A/MPSRayIntersector
dyld[5513]: <EE7ACF8A-08BA-38FB-BAF9-A041B5C1647F> /System/Library/Frameworks/MetalPerformanceShaders.framework/Versions/A/Frameworks/MPSNDArray.framework/Versions/A/MPSNDArray
dyld[5513]: <BF31F15F-31CD-395D-AC73-4184B3B369BA> /System/Library/Frameworks/MetalPerformanceShaders.framework/Versions/A/Frameworks/MPSFunctions.framework/Versions/A/MPSFunctions
dyld[5513]: <64E0C8EB-73F2-3B9F-BA62-5011816127E5> /System/Library/Frameworks/MetalPerformanceShaders.framework/Versions/A/Frameworks/MPSBenchmarkLoop.framework/Versions/A/MPSBenchmarkLoop
dyld[5513]: <017CF55F-3554-395F-96CE-3162C11DF459> /System/Library/Frameworks/MetalPerformanceShaders.framework/Versions/A/Frameworks/MPSHost.framework/Versions/A/MPSHost
dyld[5513]: <828164D8-1D9C-3284-BEB6-94E4A14D789F> /System/Library/PrivateFrameworks/MetalTools.framework/Versions/A/MetalTools
dyld[5513]: <818ED21F-78B0-35A6-8759-A7ECABF2BFC8> /System/Library/PrivateFrameworks/IOAccelMemoryInfo.framework/Versions/A/IOAccelMemoryInfo
dyld[5513]: <983D9B3D-E395-3028-A6C5-53A3A18B6604> /System/Library/PrivateFrameworks/kperf.framework/Versions/A/kperf
dyld[5513]: <F8E5C533-6122-3B5D-B88A-A47C32109A9A> /System/Library/PrivateFrameworks/GPURawCounter.framework/Versions/A/GPURawCounter
dyld[5513]: <1DB46CCA-B13C-3959-BC00-924F576CB767> /System/Library/PrivateFrameworks/ASEProcessing.framework/Versions/A/ASEProcessing
dyld[5513]: <4102CB7D-49E9-345A-A779-3AE810B87268> /System/Library/PrivateFrameworks/Symbolication.framework/Versions/A/Symbolication
dyld[5513]: <1D4A69BF-58CF-3D49-A5FE-060A6882656F> /System/Library/PrivateFrameworks/PhotosensitivityProcessing.framework/Versions/A/PhotosensitivityProcessing
dyld[5513]: <AE03A46C-9FB6-374D-B37E-9718D375A651> /System/Library/PrivateFrameworks/SILManager.framework/Versions/A/SILManager
dyld[5513]: <330E7EFA-BC89-312E-BCB8-7B1DF5D9DE3A> /System/Library/PrivateFrameworks/CoreSymbolication.framework/Versions/A/CoreSymbolication
dyld[5513]: <8719F16D-7F55-3975-998C-06005D5DDC68> /System/Library/PrivateFrameworks/MallocStackLogging.framework/Versions/A/MallocStackLogging
dyld[5513]: <9B8E1A80-3FE3-39C1-A2FD-47BA6DFA959D> /System/Library/PrivateFrameworks/DebugSymbols.framework/Versions/A/DebugSymbols
dyld[5513]: <D89BF7AA-5A74-3F60-B20C-8250BD62F6B4> /System/Library/PrivateFrameworks/OSAnalytics.framework/Versions/A/OSAnalytics
dyld[5513]: <34A24CD5-073C-3E55-8D5F-83818DFCB057> /System/Library/PrivateFrameworks/DeviceRecovery.framework/Versions/A/DeviceRecovery
dyld[5513]: <5BD8491A-8C15-3964-9B0F-B1C9369DC3FC> /System/Library/PrivateFrameworks/Tightbeam.framework/Versions/A/Tightbeam
dyld[5513]: <B5EAFB22-7AE0-343B-95BB-7BB58955A702> /usr/lib/swift/libswiftCompression.dylib
dyld[5513]: <5F0A0B0B-7997-351F-99D8-0517689BBABD> /System/Library/PrivateFrameworks/AFKUser.framework/Versions/A/AFKUser
dyld[5513]: <CA3F2D29-2FCB-3DF4-ADA9-94072A8A6CBD> /System/Library/Frameworks/ApplicationServices.framework/Versions/A/Frameworks/ATSUI.framework/Versions/A/ATSUI
dyld[5513]: <85AB42E3-076F-3B68-ACCF-98625AA5E3D9> /System/Library/PrivateFrameworks/SAObjects.framework/Versions/A/SAObjects
dyld[5513]: <A329E39B-D87D-356B-AA05-3A30CC0DBEEF> /System/Library/Frameworks/AudioToolbox.framework/Versions/A/AudioToolbox
dyld[5513]: <459BA19D-9D3F-32BB-9BE4-176D95B85BCF> /System/Library/PrivateFrameworks/MediaRemote.framework/Versions/A/MediaRemote
dyld[5513]: <DCCDD83A-C276-3DD3-8F2E-6D3B899BB586> /System/Library/Frameworks/UserNotifications.framework/Versions/A/UserNotifications
dyld[5513]: <F12A1855-5F99-3D8A-AA13-23CA64268CD7> /System/Library/PrivateFrameworks/SiriInstrumentation.framework/Versions/A/SiriInstrumentation
dyld[5513]: <10891579-226D-3750-91A9-D98D111EA3BA> /System/Library/PrivateFrameworks/SiriAnalytics.framework/Versions/A/SiriAnalytics
dyld[5513]: <0C21B87C-6478-362B-AF45-D3A1D4A83FCF> /System/Library/PrivateFrameworks/SiriTTSService.framework/Versions/A/SiriTTSService
dyld[5513]: <5D8E0ADB-8A76-34C1-92D6-AF35C7EA73CF> /System/Library/PrivateFrameworks/SiriCrossDeviceArbitration.framework/Versions/A/SiriCrossDeviceArbitration
dyld[5513]: <784C4442-B822-3412-AF09-A1E753DDFFA3> /System/Library/PrivateFrameworks/FeedbackLogger.framework/Versions/A/FeedbackLogger
dyld[5513]: <760531A3-5E19-39C5-84B1-A445B2A50129> /System/Library/PrivateFrameworks/FaceTimeNameUtility.framework/Versions/A/FaceTimeNameUtility
dyld[5513]: <033D0C7B-216E-3D54-AD8C-B83BDE9B4F2D> /System/Library/PrivateFrameworks/AuthKit.framework/Versions/A/AuthKit
dyld[5513]: <D04C8621-DE39-35FD-9351-1627B71F02DC> /System/Library/PrivateFrameworks/SiriCrossDeviceArbitrationFeedback.framework/Versions/A/SiriCrossDeviceArbitrationFeedback
dyld[5513]: <E410F3F8-843C-3FCA-968C-3C864D829AF2> /usr/lib/swift/libswiftCoreLocation.dylib
dyld[5513]: <373189AA-6180-34D7-BA84-6BE401E4E1B9> /usr/lib/swift/libswiftAVFoundation.dylib
dyld[5513]: <3E7267BC-3D63-3785-8279-A8823C9C758F> /System/Library/PrivateFrameworks/UIKitServices.framework/Versions/A/UIKitServices
dyld[5513]: <83745C57-DE3B-394D-A83A-D71C79F3A8B9> /System/Library/PrivateFrameworks/UnifiedAssetFramework.framework/Versions/A/UnifiedAssetFramework
dyld[5513]: <5FEF75E9-F1DD-3FA9-A8B0-81277371B8FC> /System/Library/PrivateFrameworks/AudioSession.framework/Versions/A/AudioSession
dyld[5513]: <FA90EFCA-B936-357B-BF18-16A0FB34B9E9> /System/Library/PrivateFrameworks/MediaExperience.framework/Versions/A/MediaExperience
dyld[5513]: <BBC3CD71-264B-3C66-A2C0-5D4D266256EA> /System/Library/PrivateFrameworks/AudioSession.framework/libSessionUtility.dylib
dyld[5513]: <DD4B10E2-D4D6-3490-A745-33527E18CAAA> /System/Library/PrivateFrameworks/AudioAccessoryServices.framework/Versions/A/AudioAccessoryServices
dyld[5513]: <E3CE1636-EE20-35AF-B55A-F42B7B266EA4> /System/Library/Frameworks/CoreBluetooth.framework/Versions/A/CoreBluetooth
dyld[5513]: <51458515-C89E-317A-850D-182764F322EE> /System/Library/PrivateFrameworks/CoreUtils.framework/Versions/A/CoreUtils
dyld[5513]: <C9A86813-25EE-3439-8F66-A83F1A5015EC> /System/Library/PrivateFrameworks/HID.framework/Versions/A/HID
dyld[5513]: <F1FB23C7-7BB9-3B7C-87A2-7CA7F343ED61> /System/Library/PrivateFrameworks/Sharing.framework/Versions/A/Sharing
dyld[5513]: <D18AF20A-1BF0-383C-9E97-96CDCECE07A7> /System/Library/PrivateFrameworks/CoreUtilsExtras.framework/Versions/A/CoreUtilsExtras
dyld[5513]: <5A300AF2-96D7-3A85-ACA6-9084A7C40C6D> /System/Library/PrivateFrameworks/IO80211.framework/Versions/A/IO80211
dyld[5513]: <963A1CA0-DEBD-3341-81A2-DB5B34283C7B> /System/Library/PrivateFrameworks/IDSFoundation.framework/Versions/A/IDSFoundation
dyld[5513]: <8F99AE0B-A693-349F-8904-B70ECB1C86AA> /System/Library/PrivateFrameworks/Apple80211.framework/Versions/A/Apple80211
dyld[5513]: <9C05D8FD-3F10-3476-8A3C-501966EA13D2> /System/Library/Frameworks/CoreWLAN.framework/Versions/A/CoreWLAN
dyld[5513]: <604B1733-3682-3AF6-9F07-C85C999F3131> /System/Library/Frameworks/IOBluetooth.framework/Versions/A/IOBluetooth
dyld[5513]: <F11740D9-FE8D-38B3-99A9-666EE022F7A7> /usr/lib/swift/libswiftRegexBuilder.dylib
dyld[5513]: <1F2E4950-8060-35D0-B598-D2196F2728B3> /System/Library/PrivateFrameworks/IMFoundation.framework/Versions/A/IMFoundation
dyld[5513]: <462A888C-46C7-324A-8A18-4053C6CB2961> /System/Library/PrivateFrameworks/Marco.framework/Versions/A/Marco
dyld[5513]: <736A1792-0123-3722-822B-495B27044953> /System/Library/PrivateFrameworks/CommonUtilities.framework/Versions/A/CommonUtilities
dyld[5513]: <E78D4693-B886-3DE1-A029-497B47261DA3> /System/Library/PrivateFrameworks/Engram.framework/Versions/A/Engram
dyld[5513]: <1ACD9883-DEC9-3AF0-9E28-B11F4E1DC3F9> /System/Library/PrivateFrameworks/XPCDistributed.framework/Versions/A/XPCDistributed
dyld[5513]: <AFE528E7-451E-3EE9-8E02-7693A2C391B9> /usr/lib/libtidy.A.dylib
dyld[5513]: <C579F691-0120-3BEC-9993-E3CD5F7105A3> /System/Library/PrivateFrameworks/Bom.framework/Versions/A/Bom
dyld[5513]: <82153ECE-36A2-3514-87DE-3B8A53E96727> /usr/lib/libParallelCompression.dylib
dyld[5513]: <68CCF67B-1C66-30C0-9135-00BA5B75586F> /usr/lib/libIOReport.dylib
dyld[5513]: <0D7C76A0-047B-398E-B2A8-FD4705F72E5D> /System/Library/PrivateFrameworks/WiFiPeerToPeer.framework/Versions/A/WiFiPeerToPeer
dyld[5513]: <E5FF4EE4-5A8B-3CBA-BA37-3FE6C7012B0D> /System/Library/Frameworks/SecurityFoundation.framework/Versions/A/SecurityFoundation
dyld[5513]: <E2954A31-B31C-3C9B-A7F9-12CAEC0D1D4E> /System/Library/PrivateFrameworks/Centauri.framework/Versions/A/Centauri
dyld[5513]: <65CFA8A7-E7D2-383A-9C47-D2AF8A46AA22> /System/Library/PrivateFrameworks/Lexicon.framework/Versions/A/Lexicon
dyld[5513]: <188D929F-E81D-3922-BCB4-8D34B4E75EA7> /usr/lib/libmrc.dylib
dyld[5513]: <783A3989-84DE-3340-9292-052A10B7DAD7> /System/Library/PrivateFrameworks/IPConfiguration.framework/Versions/A/IPConfiguration
dyld[5513]: <ECFD5323-6A6A-3231-B90E-57E1332B0122> /System/Library/PrivateFrameworks/Netrb.framework/Versions/A/Netrb
dyld[5513]: <A34C688D-A13A-3625-934C-801A13990594> /System/Library/PrivateFrameworks/FrontBoardServices.framework/Versions/A/FrontBoardServices
dyld[5513]: <604E97FC-C938-306C-9DBB-36B10AFFBA39> /usr/lib/libgermantok.dylib
dyld[5513]: <B5E076A6-50D6-3B48-AACD-E1FC575BDCEE> /System/Library/PrivateFrameworks/LinguisticData.framework/Versions/A/LinguisticData
dyld[5513]: <7EDD9E23-5D91-344A-812B-CFD814180C55> /System/Library/PrivateFrameworks/MultiverseSupport.framework/Versions/A/MultiverseSupport
dyld[5513]: <1AFFCA76-E71A-385E-A3C8-968CDBE9E57D> /System/Library/PrivateFrameworks/DiskManagement.framework/Versions/A/DiskManagement
dyld[5513]: <4B693927-5B0A-364E-BC11-F560B1D707FE> /System/Library/PrivateFrameworks/AppleIDAuthSupport.framework/Versions/A/AppleIDAuthSupport
dyld[5513]: <0E5752E3-313E-3B50-9FB4-DB13FECB0BD7> /System/Library/PrivateFrameworks/AAAFoundation.framework/Versions/A/AAAFoundation
dyld[5513]: <B9966194-B1A6-3ED2-98C9-0D4B49D2617E> /System/Library/PrivateFrameworks/KeychainCircle.framework/Versions/A/KeychainCircle
dyld[5513]: <5ED2FD61-010A-3627-92E8-151E71B739D8> /System/Library/PrivateFrameworks/URLFormatting.framework/Versions/A/URLFormatting
dyld[5513]: <7EE79F42-1420-301B-A9FF-2A63A4023C91> /usr/lib/libcsfde.dylib
dyld[5513]: <AA8EDD1F-E406-3164-9FB9-BB0C61256AFF> /usr/lib/libCoreStorage.dylib
dyld[5513]: <80627B52-C5CE-3DC4-A12D-D15FE46A62BA> /System/Library/PrivateFrameworks/MediaKit.framework/Versions/A/MediaKit
dyld[5513]: <4C6BBB60-2884-3DC8-9FCB-472BCD087D84> /System/Library/Frameworks/DiscRecording.framework/Versions/A/DiscRecording
dyld[5513]: <96666EFB-8A3D-30BB-950A-9DDC1DB3F59D> /System/Library/PrivateFrameworks/ProtectedCloudStorage.framework/Versions/A/ProtectedCloudStorage
dyld[5513]: <1E0D7C92-7F70-34BE-9D61-9F7F4781EBE4> /System/Library/PrivateFrameworks/EFILogin.framework/Versions/A/EFILogin
dyld[5513]: <E1A205BF-B3FB-31BF-8685-6D46BA78891E> /usr/lib/libheimdal-asn1.dylib
dyld[5513]: <E2BDB12D-C844-3770-9411-0E35049ECB5E> /System/Library/PrivateFrameworks/OctagonTrust.framework/Versions/A/OctagonTrust
dyld[5513]: <2DF001A3-1D2B-3847-A2FC-79104BDC0783> /System/Library/Frameworks/AudioUnit.framework/Versions/A/AudioUnit
dyld[5513]: <EE42062E-8EDF-332C-98C1-03464732CA4A> /System/Library/Frameworks/OpenDirectory.framework/Versions/A/OpenDirectory
dyld[5513]: <90CA166B-D72F-3584-BF0B-8797CFFA959E> /System/Library/Frameworks/OpenDirectory.framework/Versions/A/Frameworks/CFOpenDirectory.framework/Versions/A/CFOpenDirectory
dyld[5513]: <40753222-0047-3DE4-954C-5879C584A975> /System/Library/PrivateFrameworks/GeoServices.framework/Versions/A/GeoServices
dyld[5513]: <FDD11407-B7F3-331B-B53D-32081A2D1AED> /System/Library/PrivateFrameworks/LocationSupport.framework/Versions/A/LocationSupport
dyld[5513]: <23D11648-1076-3BD7-BFD5-CA4A6B9AE066> /System/Library/PrivateFrameworks/GeoServicesCore.framework/Versions/A/GeoServicesCore
dyld[5513]: <524F80A2-1ACD-3FA7-9D74-1F47697294EB> /System/Library/PrivateFrameworks/PhoneNumbers.framework/Versions/A/PhoneNumbers
dyld[5513]: <2A2AE353-0BCE-3AF5-8C2B-1B5F1F0656E7> /System/Library/PrivateFrameworks/LocationLogEncryption.framework/Versions/A/LocationLogEncryption
dyld[5513]: <CF6E08AD-C2EC-3A40-8537-0D2BDA291D31> /System/Library/Frameworks/AVFAudio.framework/Versions/A/AVFAudio
dyld[5513]: <7924633C-6200-3B69-884D-A6E5527CA4B5> /System/Library/Frameworks/AVRouting.framework/Versions/A/AVRouting
dyld[5513]: <2FFD2C50-D8C7-3D4F-AB17-10C8DDD4ECC0> /usr/lib/libAccessibility.dylib
dyld[5513]: <E47B5590-4F10-352D-806F-E1FAACE16809> /System/Library/PrivateFrameworks/MediaServices.framework/Versions/A/MediaServices
dyld[5513]: <1F5A6198-4F24-3980-A96A-DA16430B882B> /System/Library/PrivateFrameworks/IDS.framework/Versions/A/IDS
dyld[5513]: <4228A6FB-1852-34DA-A9A6-9B22346DC839> /System/Library/PrivateFrameworks/IsolatedCoreAudioClient.framework/Versions/A/IsolatedCoreAudioClient
dyld[5513]: <9B662466-E585-34C6-9A2F-38F865966314> /System/Library/PrivateFrameworks/CoreAudioOrchestration.framework/Versions/A/CoreAudioOrchestration
dyld[5513]: <BE8AD136-C9D0-3589-A37D-4A93E7646FC5> /System/Library/Frameworks/MediaToolbox.framework/Versions/A/MediaToolbox
dyld[5513]: <C024D081-EF4D-347B-B00F-08CE310BC6E6> /System/Library/PrivateFrameworks/CoreAVCHD.framework/Versions/A/CoreAVCHD
dyld[5513]: <544DDE9D-EF38-3D98-B16A-00361208DABA> /System/Library/Frameworks/MediaAccessibility.framework/Versions/A/MediaAccessibility
dyld[5513]: <1845678B-2A2E-3D8F-B05E-3D5054E40973> /System/Library/PrivateFrameworks/Mangrove.framework/Versions/A/Mangrove
dyld[5513]: <83720246-3181-37EB-AE16-01967CC80DAF> /System/Library/PrivateFrameworks/CMPhoto.framework/Versions/A/CMPhoto
dyld[5513]: <C6CCE499-C57B-3499-8BBF-B1F036A037F3> /System/Library/Frameworks/CoreTelephony.framework/Versions/A/CoreTelephony
dyld[5513]: <7C1C3A7F-6247-33D2-B4B8-375AA417817E> /System/Library/PrivateFrameworks/CoreAUC.framework/Versions/A/CoreAUC
dyld[5513]: <BF6FC404-E3BB-3740-896C-B7BF4193B547> /System/Library/PrivateFrameworks/AppleJPEGXL.framework/Versions/A/AppleJPEGXL
dyld[5513]: <3AD5EDAE-8A75-3E29-AA40-63912718CEC9> /usr/lib/libTelephonyUtilDynamic.dylib
dyld[5513]: <8A415D0E-18E7-3C99-B89D-14805F500FB0> /System/Library/Frameworks/CryptoKit.framework/Versions/A/CryptoKit
dyld[5513]: <73EA0865-BCC3-3084-A011-93CD0A55C4EF> /System/Library/PrivateFrameworks/CryptoKitCBridging.framework/Versions/A/CryptoKitCBridging
dyld[5513]: <B214381B-F0CF-3F0E-B2B5-187CBF29616F> /System/Library/Frameworks/CryptoTokenKit.framework/Versions/A/CryptoTokenKit
dyld[5513]: <A68DE487-B65B-390A-A82B-6B62956B353F> /System/Library/Frameworks/LocalAuthentication.framework/Versions/A/LocalAuthentication
dyld[5513]: <53C1AF34-43D2-3DAA-9062-D295F72BFDF3> /System/Library/PrivateFrameworks/LocalAuthenticationCore.framework/Versions/A/LocalAuthenticationCore
dyld[5513]: <251AA620-1546-3DF5-8EFF-B9F9463112D0> /System/Library/PrivateFrameworks/LocalAuthenticationCredentialServices.framework/Versions/A/LocalAuthenticationCredentialServices
dyld[5513]: <957A2E58-89EE-36DE-9213-2E23DB420C7F> /System/Library/Frameworks/LocalAuthentication.framework/Support/SharedUtils.framework/Versions/A/SharedUtils
dyld[5513]: <8A83CAEF-70FC-39B2-A1C9-F312BD81B8D5> /System/Library/PrivateFrameworks/PersistentConnection.framework/Versions/A/PersistentConnection
dyld[5513]: <DA5DF9EF-9649-3931-B1CF-606D0B1A2BE5> /System/Library/PrivateFrameworks/SonicFoundation.framework/Versions/A/SonicFoundation
dyld[5513]: <9F9CDD5B-1D43-3CF4-8B88-4938A6637AF5> /System/Library/PrivateFrameworks/AsyncAlgorithmsInternal.framework/Versions/A/AsyncAlgorithmsInternal
dyld[5513]: <95BAC2EC-84F7-3448-A4C3-AA2F920867C6> /System/Library/PrivateFrameworks/FTAWD.framework/Versions/A/FTAWD
dyld[5513]: <EDAA9D64-779E-34FE-83D2-DF4EF35BAA59> /System/Library/PrivateFrameworks/Dendrite.framework/Versions/A/Dendrite
dyld[5513]: <924805FA-0938-34FA-B76A-4051A087CD65> /usr/lib/libtailspin.dylib
dyld[5513]: <4FB12471-97FF-306E-B552-B481203A8E1B> /System/Library/PrivateFrameworks/Osprey.framework/Versions/A/Osprey
dyld[5513]: <7EE764AE-8E9B-35DB-8839-EE01750F25AB> /System/Library/PrivateFrameworks/SiriTTS.framework/Versions/A/SiriTTS
dyld[5513]: <A896B215-2D9E-37D6-8803-9316AEBF6AF5> /System/Library/Frameworks/NaturalLanguage.framework/Versions/A/NaturalLanguage
dyld[5513]: <478FDFD4-2C36-32BB-9087-F466F0242B69> /System/Library/PrivateFrameworks/GenerativeModels.framework/Versions/A/GenerativeModels
dyld[5513]: <6B95CE76-E69D-3598-AADC-E738C94A43BD> /System/Library/PrivateFrameworks/SiriPowerInstrumentation.framework/Versions/A/SiriPowerInstrumentation
dyld[5513]: <7BC8461C-23ED-39CA-868E-17A68FAFC5AE> /usr/lib/swift/libswiftNaturalLanguage.dylib
dyld[5513]: <247E2F35-65F7-3834-AF0C-532F577FDF23> /System/Library/PrivateFrameworks/TailspinSymbolication.framework/Versions/A/TailspinSymbolication
dyld[5513]: <F0BAA541-E9E2-307A-89AE-42558D70DF45> /System/Library/PrivateFrameworks/Darwinup.framework/Versions/A/Darwinup
dyld[5513]: <ED143A95-22A5-38A0-AFC5-DA00945392EC> /System/Library/PrivateFrameworks/SignpostSupport.framework/Versions/A/SignpostSupport
dyld[5513]: <3DB3AF5E-12BD-3E05-92D8-6DDC488D5633> /System/Library/PrivateFrameworks/FeatureFlagsSupport.framework/Versions/A/FeatureFlagsSupport
dyld[5513]: <86614A25-EE71-3F84-9F47-99671A11803D> /System/Library/PrivateFrameworks/ktrace.framework/Versions/A/ktrace
dyld[5513]: <3C627164-84D9-35A4-AC4D-52A99B7652F0> /System/Library/PrivateFrameworks/SampleAnalysis.framework/Versions/A/SampleAnalysis
dyld[5513]: <4517DDDB-265A-3561-82F9-41E06C6A17A8> /System/Library/PrivateFrameworks/kperfdata.framework/Versions/A/kperfdata
dyld[5513]: <3F0E2B57-6317-3262-BA3D-8A069524F8A5> /usr/lib/libdscsym.dylib
dyld[5513]: <8DCD3201-0098-3106-8870-62A8504F26CE> /System/Library/PrivateFrameworks/AppleMobileFileIntegrity.framework/Versions/A/AppleMobileFileIntegrity
dyld[5513]: <FC95DB95-FCA7-3F42-B435-20575B99CF3A> /System/Library/PrivateFrameworks/BulkSymbolication.framework/Versions/A/BulkSymbolication
dyld[5513]: <142382DC-3D11-3191-84F4-6F39BD1C622C> /usr/lib/libTLE.dylib
dyld[5513]: <0E970B22-63D9-3794-9766-24A3FD8BD273> /usr/lib/libmis.dylib
dyld[5513]: <5FD96939-8D4B-3228-A1F8-100EF174A0D4> /System/Library/PrivateFrameworks/ConfigProfileHelper.framework/Versions/A/ConfigProfileHelper
dyld[5513]: <51BD41DD-616A-382D-B1B2-C11BE8C9953A> /System/Library/PrivateFrameworks/Espresso.framework/Versions/A/Espresso
dyld[5513]: <EDA0F204-8438-3398-91ED-C0E4212C8734> /System/Library/Frameworks/CoreML.framework/Versions/A/CoreML
dyld[5513]: <308A1DB0-C29C-33AF-9AE2-1F8E4E607152> /usr/lib/libedit.3.dylib
dyld[5513]: <BABCC719-40D5-3EAB-B20F-F0F1EB329A3E> /System/Library/PrivateFrameworks/ANECompiler.framework/Versions/A/ANECompiler
dyld[5513]: <1969F88C-4A7F-3B4B-BC08-D3EE33F4D27D> /System/Library/PrivateFrameworks/AppleNeuralEngine.framework/Versions/A/AppleNeuralEngine
dyld[5513]: <E72BAD3A-0E33-3FC5-8356-3B3176382CB1> /System/Library/PrivateFrameworks/MIL.framework/Versions/A/MIL
dyld[5513]: <BBB4C092-A3B1-354B-8C32-147F6EB0256D> /System/Library/Frameworks/MetalPerformanceShadersGraph.framework/Versions/A/MetalPerformanceShadersGraph
dyld[5513]: <54D280F0-3335-3487-AA0D-6A09FFEAEDF7> /System/Library/PrivateFrameworks/MLCompilerServices.framework/Versions/A/MLCompilerServices
dyld[5513]: <A80CE19E-EA8D-363D-A8F4-409455BECE9B> /System/Library/PrivateFrameworks/ANEServices.framework/Versions/A/ANEServices
dyld[5513]: <22F988EF-E518-3F7A-BC3D-E44B9D09627D> /usr/lib/libncurses.5.4.dylib
dyld[5513]: <0A381CB4-37D0-3B5C-ADE0-2C5B4F47D169> /usr/lib/libsandbox.1.dylib
dyld[5513]: <042A6E19-8B2A-3342-B4C1-AD44661B7E26> /usr/lib/libMatch.1.dylib
dyld[5513]: <AB03B991-E6D9-3BAF-AA7D-DBFC815699F3> /System/Library/PrivateFrameworks/ODIE.framework/Versions/A/ODIE
dyld[5513]: <5592BC99-D6A7-303C-8C4C-B839FA6B7508> /System/Library/PrivateFrameworks/MLModelAsset.framework/Versions/A/MLModelAsset
dyld[5513]: <59B92160-FE47-3CEA-B03A-0099F3901A34> /System/Library/PrivateFrameworks/MLCompilerRuntime.framework/Versions/A/MLCompilerRuntime
dyld[5513]: <D62682EC-5F79-397C-855C-569554A4AEF8> /System/Library/Frameworks/MLCompute.framework/Versions/A/MLCompute
dyld[5513]: <873E56C6-57E8-3AD2-A630-B88B0A9669E8> /System/Library/PrivateFrameworks/MLAssetIO.framework/Versions/A/MLAssetIO
dyld[5513]: <847E52FC-37C0-30DA-88CD-4561DD03C06F> /usr/lib/swift/libswiftMLCompute.dylib
dyld[5513]: <DC46545D-E02B-3F2D-BEEC-E1BF5735174F> /System/Library/PrivateFrameworks/AVFCore.framework/Versions/A/AVFCore
dyld[5513]: <3611A176-00BB-35D9-8C0A-9A9A68A8EE9D> /System/Library/PrivateFrameworks/AVFCapture.framework/Versions/A/AVFCapture
dyld[5513]: <2DEE9322-922F-3B85-82C1-5E3249E3E652> /System/Library/PrivateFrameworks/CMImaging.framework/Versions/A/CMImaging
dyld[5513]: <072F9166-25F8-3FBF-9002-23E98E8B7C05> /System/Library/PrivateFrameworks/Quagga.framework/Versions/A/Quagga
dyld[5513]: <FA34827D-C8E0-3BDF-9A4E-FBBF430AD095> /System/Library/PrivateFrameworks/CMCapture.framework/Versions/A/CMCapture
dyld[5513]: <DD237508-D432-30A0-A553-C4AF2D9F40B6> /System/Library/Frameworks/CoreMediaIO.framework/Versions/A/CoreMediaIO
dyld[5513]: <D6788223-2453-39F7-9F00-90EE866A3CDA> /System/Library/PrivateFrameworks/CMCaptureDevice.framework/Versions/A/CMCaptureDevice
dyld[5513]: <68A522A3-ACE1-3597-B6D7-E058D36536FB> /System/Library/PrivateFrameworks/CoreBrightness.framework/Versions/A/CoreBrightness
dyld[5513]: <02711E78-960E-329A-B5C0-5E38615F2698> /System/Library/PrivateFrameworks/CinematicFraming.framework/Versions/A/CinematicFraming
dyld[5513]: <735CE046-E62E-3FA5-B38D-1FD82AA32BA8> /System/Library/PrivateFrameworks/ModelManagerServices.framework/Versions/A/ModelManagerServices
dyld[5513]: <F0165C3A-8601-3789-A114-836489784A93> /System/Library/PrivateFrameworks/CPMS.framework/Versions/A/CPMS
dyld[5513]: <8B0AAC46-6F12-36F0-9A1C-90D56F41BA09> /System/Library/PrivateFrameworks/SystemStatus.framework/Versions/A/SystemStatus
dyld[5513]: <FCEB6F4E-E222-3F9B-8226-8E80A789B21B> /System/Library/Frameworks/CoreMotion.framework/Versions/A/CoreMotion
dyld[5513]: <54DEA4E5-FD31-3AE3-8FEE-3CD99ACFC45B> /System/Library/PrivateFrameworks/TimeSync.framework/Versions/A/TimeSync
dyld[5513]: <2602D902-9B35-32D2-8F22-8BF2B330B298> /System/Library/PrivateFrameworks/DistributedSensing.framework/Versions/A/DistributedSensing
dyld[5513]: <0EEAE872-ADDF-3FE0-9601-C56C453597BB> /System/Library/PrivateFrameworks/MobileBluetooth.framework/Versions/A/MobileBluetooth
dyld[5513]: <FF001948-E029-3473-B7B8-22A4ECFD6560> /System/Library/PrivateFrameworks/IOKitten.framework/Versions/A/IOKitten
dyld[5513]: <45E1CEA1-A60E-30F3-A90F-B7BFB5C5CC17> /System/Library/PrivateFrameworks/AppleIntelligenceReporting.framework/Versions/A/AppleIntelligenceReporting
dyld[5513]: <4BC01F57-2373-3DC9-8B71-308A282D7030> /System/Library/PrivateFrameworks/CoreEmoji.framework/Versions/A/CoreEmoji
dyld[5513]: <8AF3BAA3-66FA-3CEF-A44B-FD79CAC8263F> /usr/lib/libCRFSuite.dylib
dyld[5513]: <4CD4216A-7270-300F-A31D-70FFACD92E12> /System/Library/PrivateFrameworks/LanguageModeling.framework/Versions/A/LanguageModeling
dyld[5513]: <E89ACADA-C30F-3E26-9775-E8BAC21A83AA> /System/Library/PrivateFrameworks/CoreNLP.framework/Versions/A/CoreNLP
dyld[5513]: <3C34BB08-BC5C-397C-A9B5-18A342838CA1> /System/Library/PrivateFrameworks/Montreal.framework/Versions/A/Montreal
dyld[5513]: <2DED54B9-9B5C-3FB3-859E-AAC46074CC8B> /usr/lib/libcmph.dylib
dyld[5513]: <5B76CDD8-6E1F-35F6-AF5E-CE4CDA81957E> /usr/lib/libmecab.dylib
dyld[5513]: <56091C21-AEA9-36A2-A3E3-D50AEC8FFE32> /usr/lib/libThaiTokenizer.dylib
dyld[5513]: <74E54F2B-B7A6-35D9-8101-F30C7F0C1979> /System/Library/PrivateFrameworks/GenerativeModelsFoundation.framework/Versions/A/GenerativeModelsFoundation
dyld[5513]: <63409EB4-B247-3B62-835C-80DD1FCB91A2> /System/Library/PrivateFrameworks/TokenGeneration.framework/Versions/A/TokenGeneration
dyld[5513]: <54D335C7-5679-3ED5-A0E1-C3B9DBF16A9C> /System/Library/PrivateFrameworks/GenerativeFunctions.framework/Versions/A/GenerativeFunctions
dyld[5513]: <AB49FED6-D7FD-3A6B-B4CF-F73AC4165CE0> /System/Library/PrivateFrameworks/GenerativeFunctionsFoundation.framework/Versions/A/GenerativeFunctionsFoundation
dyld[5513]: <790009CA-CA2D-3245-B7B1-71C370D33BDB> /System/Library/PrivateFrameworks/ModelCatalog.framework/Versions/A/ModelCatalog
dyld[5513]: <24F7CF25-24F4-395E-B89D-5C17AE8CE281> /System/Library/PrivateFrameworks/SensitiveContentAnalysisML.framework/Versions/A/SensitiveContentAnalysisML
dyld[5513]: <A2E625ED-90FF-3BCA-BD28-16F062B82C02> /System/Library/PrivateFrameworks/GenerativeFunctionsInstrumentation.framework/Versions/A/GenerativeFunctionsInstrumentation
dyld[5513]: <4851991B-9681-37D8-8A62-005249AD29C7> /System/Library/PrivateFrameworks/PromptKit.framework/Versions/A/PromptKit
dyld[5513]: <A4C38BBC-95E3-38DD-B873-243C53B83A4F> /System/Library/PrivateFrameworks/ProactiveDaemonSupport.framework/Versions/A/ProactiveDaemonSupport
dyld[5513]: <832BF595-350A-3753-8721-D894475016CB> /System/Library/PrivateFrameworks/TokenGenerationCore.framework/Versions/A/TokenGenerationCore
dyld[5513]: <E65C3A22-B998-3185-9DE5-3169814179BF> /System/Library/PrivateFrameworks/Trial.framework/Versions/A/Trial
dyld[5513]: <F66F08E4-F915-3CAE-AF88-70F76AD35303> /System/Library/PrivateFrameworks/TrialProto.framework/Versions/A/TrialProto
dyld[5513]: <4BE321D2-8DF6-3D5E-A531-4E2F77BEE441> /System/Library/PrivateFrameworks/AppleFlatBuffers.framework/Versions/A/AppleFlatBuffers
dyld[5513]: <92A1FE17-1D6F-347B-B1C3-D2C03B6C0DCE> /System/Library/PrivateFrameworks/SentencePieceInternal.framework/Versions/A/SentencePieceInternal
dyld[5513]: <4FFA7ECB-BCA8-3B4D-86F9-9F2C9E084944> /System/Library/Frameworks/Vision.framework/Versions/A/Vision
dyld[5513]: <0A6304CC-6DC4-3079-9FAB-8B9F001C8545> /System/Library/PrivateFrameworks/CoreSceneUnderstanding.framework/Versions/A/CoreSceneUnderstanding
dyld[5513]: <5E086014-D330-3672-9776-E23E8325DD67> /System/Library/PrivateFrameworks/VisionCore.framework/Versions/A/VisionCore
dyld[5513]: <A20BF0E3-F8A9-36AA-B28B-2EF282FC9BF5> /System/Library/PrivateFrameworks/DataDetectorsCore.framework/Versions/A/DataDetectorsCore
dyld[5513]: <23068BF1-0F33-3129-9965-57B1621737DE> /System/Library/Frameworks/Vision.framework/libfaceCore.dylib
dyld[5513]: <5F8738D4-6C03-3DEA-953D-9E31C389E7E1> /System/Library/PrivateFrameworks/Futhark.framework/Versions/A/Futhark
dyld[5513]: <2849D0C3-42A0-3D94-A2B7-F686BD7F760D> /System/Library/PrivateFrameworks/InertiaCam.framework/Versions/A/InertiaCam
dyld[5513]: <393E9D23-8D8D-373B-A8D8-6CF2652D2DAF> /System/Library/PrivateFrameworks/TextRecognition.framework/Versions/A/TextRecognition
dyld[5513]: <0872179E-DB9E-39FF-B22A-05EA62FC0F88> /System/Library/Frameworks/DataDetection.framework/Versions/A/DataDetection
dyld[5513]: <5D3DDFC0-3341-3DAC-A80C-0DFBD0421669> /System/Library/PrivateFrameworks/TextInput.framework/Versions/A/TextInput
dyld[5513]: <A37EF3CE-63A5-3AB5-B3E2-E089F818FF35> /System/Library/PrivateFrameworks/CVNLP.framework/Versions/A/CVNLP
dyld[5513]: <256C79BC-8BEB-390C-95D4-BFEFB95E66A1> /System/Library/PrivateFrameworks/IntentsFoundation.framework/Versions/A/IntentsFoundation
dyld[5513]: <E12CB54A-E895-3D38-8D62-01C5DF8430AB> /System/Library/PrivateFrameworks/HIDDisplay.framework/Versions/A/HIDDisplay
dyld[5513]: <A9F79F7C-A5F8-3164-BEEC-60B19D90DCF2> /usr/lib/libcups.2.dylib
dyld[5513]: <74F49C08-DE60-3E55-A037-F0A34E81BF04> /System/Library/Frameworks/Kerberos.framework/Versions/A/Kerberos
dyld[5513]: <F71E234F-8D15-388D-8819-709BB2AE1ACC> /usr/lib/libresolv.9.dylib
dyld[5513]: <139B1DBE-2FDA-3AE7-9BDE-12D5BA3C8D22> /System/Library/PrivateFrameworks/Heimdal.framework/Versions/A/Heimdal
dyld[5513]: <9BBF5DE9-CCD9-3CF3-8C05-45FB5CCEFEC3> /System/Library/Frameworks/Kerberos.framework/Versions/A/Libraries/libHeimdalProxy.dylib
dyld[5513]: <FFE98159-EDC3-3520-ADAC-F9001408ADD5> /System/Library/PrivateFrameworks/CommonAuth.framework/Versions/A/CommonAuth
dyld[5513]: <17C4F6B8-0A9A-3BF8-8D40-35ABCF9F0D89> /System/Library/PrivateFrameworks/AXCoreUtilities.framework/Versions/A/AXCoreUtilities
dyld[5513]: <8EB0DEAA-CD94-3710-AF80-DBF6947A8250> /System/Library/PrivateFrameworks/AttributeGraph.framework/Versions/A/AttributeGraph
dyld[5513]: <D4766E61-EB81-3FA1-9C48-31BC986B0607> /usr/lib/libAXSafeCategoryBundle.dylib
dyld[5513]: <6E4CAEF6-667C-3A56-9BE2-892F689894E4> /System/Library/Frameworks/TabularData.framework/Versions/A/TabularData
dyld[5513]: <00E79E4B-C0FD-3DF8-A8C3-9C812A9DB049> /System/Library/PrivateFrameworks/ArgumentParserInternal.framework/Versions/A/ArgumentParserInternal
dyld[5513]: <CB222F12-FB2E-3310-88A1-A5AE7EFF8CAE> /System/Library/Frameworks/Accelerate.framework/Versions/A/Frameworks/vecLib.framework/Versions/A/libvDSP.dylib
dyld[5513]: <C2F81286-0ED4-319D-A96D-10591BD15F4E> /System/Library/Frameworks/Accelerate.framework/Versions/A/Frameworks/vecLib.framework/Versions/A/libLAPACK.dylib
dyld[5513]: <424CA6AD-D7AA-3297-B069-745682F71E84> /System/Library/Frameworks/Accelerate.framework/Versions/A/Frameworks/vecLib.framework/Versions/A/libLinearAlgebra.dylib
dyld[5513]: <BDF370A4-972F-34A4-AED7-89885C35D933> /System/Library/Frameworks/Accelerate.framework/Versions/A/Frameworks/vecLib.framework/Versions/A/libSparseBLAS.dylib
dyld[5513]: <F2B12F6B-6C47-3B39-BE8F-68EB37545F72> /System/Library/Frameworks/Accelerate.framework/Versions/A/Frameworks/vecLib.framework/Versions/A/libQuadrature.dylib
dyld[5513]: <811E61C5-2282-3FA8-939D-D1B9C75ECC62> /System/Library/Frameworks/Accelerate.framework/Versions/A/Frameworks/vecLib.framework/Versions/A/libBNNS.dylib
dyld[5513]: <C7FD2C22-55FC-3D31-8AF3-BF842A039AF9> /System/Library/Frameworks/Accelerate.framework/Versions/A/Frameworks/vecLib.framework/Versions/A/libSparse.dylib
dyld[5513]: <7A483FDA-AB8C-3E7C-92E6-07347F67B678> /System/Library/PrivateFrameworks/ApplePushService.framework/Versions/A/ApplePushService
dyld[5513]: <C5A18DFA-6B18-3455-830A-E372A495FB1D> /System/Library/Frameworks/CloudKit.framework/Versions/A/CloudKit
dyld[5513]: <0A7A4F54-298F-384E-86C0-0E9A5C69E9E5> /System/Library/PrivateFrameworks/CoreDuetDaemonProtocol.framework/Versions/A/CoreDuetDaemonProtocol
dyld[5513]: <17D0003A-F405-3CCF-832D-BCADB65BC83F> /System/Library/PrivateFrameworks/DeviceIdentity.framework/Versions/A/DeviceIdentity
dyld[5513]: <E26F180A-1868-3E33-9277-1C73F917DE55> /System/Library/Frameworks/SharedWithYouCore.framework/Versions/A/SharedWithYouCore
dyld[5513]: <7B5C93A3-1AF7-3273-9182-60B965FBB279> /System/Library/PrivateFrameworks/CloudTelemetry.framework/Versions/A/CloudTelemetry
dyld[5513]: <CD1BB171-94DA-350C-8276-04EA8B71C6E7> /System/Library/PrivateFrameworks/AppleAccount.framework/Versions/A/AppleAccount
dyld[5513]: <6D910C58-E7C6-34AB-907F-89C2EA3E8B5C> /System/Library/PrivateFrameworks/C2.framework/Versions/A/C2
dyld[5513]: <1BE4EC57-9B8A-34C4-BFC9-BC9A229BBB08> /System/Library/PrivateFrameworks/CloudCoreInternal.framework/Versions/A/CloudCoreInternal
dyld[5513]: <EDB20CBF-D173-3BD4-A483-3C509C15D24D> /System/Library/PrivateFrameworks/CloudAsset.framework/Versions/A/CloudAsset
dyld[5513]: <696E88E7-5CF6-3095-80C0-57B9A913887A> /System/Library/Frameworks/PushKit.framework/Versions/A/PushKit
dyld[5513]: <100BE8FB-6C47-33E3-9FC4-A45A5106721A> /System/Library/Frameworks/CoreTransferable.framework/Versions/A/CoreTransferable
dyld[5513]: <08675344-FA9F-3CC2-8ED8-C572C841B504> /System/Library/PrivateFrameworks/NetAuth.framework/Versions/A/NetAuth
dyld[5513]: <8E702F90-53C5-3A91-A0F8-94409A59BAF3> /System/Library/PrivateFrameworks/login.framework/Versions/A/Frameworks/loginsupport.framework/Versions/A/loginsupport
dyld[5513]: <78C04A6C-63CF-339A-90C8-F25BA9C4C1CE> /System/Library/PrivateFrameworks/CloudTelemetryTools.framework/Versions/A/CloudTelemetryTools
dyld[5513]: <A23C0860-6454-3F01-A064-C8982EBBFF48> /System/Library/PrivateFrameworks/CloudTelemetryShared.dylib
dyld[5513]: <907F9C53-06D9-3604-A13D-183642237619> /System/Library/PrivateFrameworks/RTCReporting.framework/Versions/A/RTCReporting
dyld[5513]: <90B0724C-CBDF-35B7-91AA-38F8E07E543D> /System/Library/PrivateFrameworks/AAAFoundationSwift.framework/Versions/A/AAAFoundationSwift
dyld[5513]: <95A65CAD-54BC-3CDD-B27A-90572D2A848F> /System/Library/PrivateFrameworks/AppleIDSSOAuthentication.framework/Versions/A/AppleIDSSOAuthentication
dyld[5513]: <B2BA9719-73C5-3061-9915-25FC68C198D6> /System/Library/PrivateFrameworks/UIFoundation.framework/Versions/A/UIFoundation
dyld[5513]: <6784252E-9BE1-332F-8D0C-CF7FB6C9FB56> /System/Library/PrivateFrameworks/CaptiveNetwork.framework/Versions/A/CaptiveNetwork
dyld[5513]: <2DFBEDC5-0C41-3FF8-B1AB-334EE3621FC9> /System/Library/PrivateFrameworks/EAP8021X.framework/Versions/A/EAP8021X
dyld[5513]: <D828B798-9303-3C0A-9F83-5B24A36E1670> /System/Library/PrivateFrameworks/CryptoKitPrivate.framework/Versions/A/CryptoKitPrivate
dyld[5513]: <7B08EA3F-6BA2-39B2-979D-D36A03961343> /System/Library/PrivateFrameworks/FindMyDevice.framework/Versions/A/FindMyDevice
dyld[5513]: <57FD92AE-E8D7-3D48-AF71-F74CD3D2AD56> /System/Library/PrivateFrameworks/FMCoreLite.framework/Versions/A/FMCoreLite
dyld[5513]: <0B4562F4-D2B8-362C-AC29-8E9B106F937C> /System/Library/Frameworks/ServiceManagement.framework/Versions/A/ServiceManagement
dyld[5513]: <4428FA9C-988B-3235-98EB-1FC596D283D1> /usr/lib/libCheckFix.dylib
dyld[5513]: <7CA1C787-8112-3F53-9419-1EA66ECF08B3> /System/Library/PrivateFrameworks/MetadataUtilities.framework/Versions/A/MetadataUtilities
dyld[5513]: <B820DEFE-59D8-3A6A-BB23-56E594F57F9C> /System/Library/PrivateFrameworks/InstalledContentLibrary.framework/Versions/A/InstalledContentLibrary
dyld[5513]: <9B52CDCA-8EFD-3512-A265-C5D8CE2B8998> /System/Library/PrivateFrameworks/CoreServicesStore.framework/Versions/A/CoreServicesStore
dyld[5513]: <3BD7BCA8-66D2-34D7-BA3F-A3B3197E1F44> /usr/lib/libapp_launch_measurement.dylib
dyld[5513]: <7783C2DD-5853-312A-8EF1-B5DDC441531D> /System/Library/PrivateFrameworks/MobileSystemServices.framework/Versions/A/MobileSystemServices
dyld[5513]: <C428B34A-AB0B-34ED-9C94-8DC908D4A12B> /usr/lib/libxslt.1.dylib
dyld[5513]: <F1725141-8B9B-363A-838E-17B20313568E> /System/Library/PrivateFrameworks/BackgroundTaskManagement.framework/Versions/A/BackgroundTaskManagement
dyld[5513]: <957F947F-00ED-3468-B07B-20900D64DB71> /usr/lib/libcurl.4.dylib
dyld[5513]: <FE236487-745A-39C9-A6A5-D937AD7BDC2E> /usr/lib/libcrypto.46.dylib
dyld[5513]: <6E6A6A29-3741-365F-A90D-785C2C86D71A> /usr/lib/libssl.48.dylib
dyld[5513]: <9AC45415-37D3-369E-846C-6C2F072899F9> /System/Library/Frameworks/LDAP.framework/Versions/A/LDAP
dyld[5513]: <48980122-ECA5-383C-A043-6F2BE6BAA017> /System/Library/PrivateFrameworks/TrustEvaluationAgent.framework/Versions/A/TrustEvaluationAgent
dyld[5513]: <65BCF638-CADE-3CB2-97FB-D33E91D93C8D> /usr/lib/libsasl2.2.dylib
dyld[5513]: has interposing tuples so cannot be delayed: libclang_rt.asan_osx_dynamic.dylib
dyld[5513]: move loaded to delayed: XPCSupport
dyld[5513]: move loaded to delayed: CoreFoundation
dyld[5513]: move loaded to delayed: libswiftCore.dylib
dyld[5513]: move loaded to delayed: Foundation
dyld[5513]: move loaded to delayed: libswiftObjectiveC.dylib
dyld[5513]: move loaded to delayed: libswiftPrespecialized.dylib
dyld[5513]: move loaded to delayed: SystemConfiguration
dyld[5513]: move loaded to delayed: libz.1.dylib
dyld[5513]: move loaded to delayed: CoreAutoLayout
dyld[5513]: move loaded to delayed: libcmark-gfm.dylib
dyld[5513]: move loaded to delayed: libfakelink.dylib
dyld[5513]: move loaded to delayed: libcompression.dylib
dyld[5513]: move loaded to delayed: CFNetwork
dyld[5513]: move loaded to delayed: DiskArbitration
dyld[5513]: move loaded to delayed: libarchive.2.dylib
dyld[5513]: move loaded to delayed: libDiagnosticMessagesClient.dylib
dyld[5513]: move loaded to delayed: libicucore.A.dylib
dyld[5513]: move loaded to delayed: libxml2.2.dylib
dyld[5513]: move loaded to delayed: CoreServices
dyld[5513]: move loaded to delayed: liblangid.dylib
dyld[5513]: move loaded to delayed: IOKit
dyld[5513]: move loaded to delayed: Combine
dyld[5513]: move loaded to delayed: CollectionsInternal
dyld[5513]: move loaded to delayed: ReflectionInternal
dyld[5513]: move loaded to delayed: RuntimeInternal
dyld[5513]: move loaded to delayed: SoftLinking
dyld[5513]: move loaded to delayed: libswiftCoreFoundation.dylib
dyld[5513]: move loaded to delayed: libswiftDarwin.dylib
dyld[5513]: move loaded to delayed: libswiftDispatch.dylib
dyld[5513]: move loaded to delayed: libswiftIOKit.dylib
dyld[5513]: move loaded to delayed: libswiftSystem.dylib
dyld[5513]: move loaded to delayed: libswiftXPC.dylib
dyld[5513]: move loaded to delayed: libswift_Builtin_float.dylib
dyld[5513]: move loaded to delayed: libswift_Concurrency.dylib
dyld[5513]: move loaded to delayed: libswift_DarwinFoundation1.dylib
dyld[5513]: move loaded to delayed: libswift_StringProcessing.dylib
dyld[5513]: move loaded to delayed: libswiftos.dylib
dyld[5513]: move loaded to delayed: CoreServicesInternal
dyld[5513]: move loaded to delayed: liboah.dylib
dyld[5513]: move loaded to delayed: Security
dyld[5513]: move loaded to delayed: GenerationalStorage
dyld[5513]: move loaded to delayed: CacheDelete
dyld[5513]: move loaded to delayed: QuickLookThumbnailing
dyld[5513]: move loaded to delayed: FileProvider
dyld[5513]: move loaded to delayed: DiskImages
dyld[5513]: move loaded to delayed: NetFS
dyld[5513]: move loaded to delayed: DesktopServicesPriv
dyld[5513]: move loaded to delayed: FSEvents
dyld[5513]: move loaded to delayed: CarbonCore
dyld[5513]: move loaded to delayed: Metadata
dyld[5513]: move loaded to delayed: OSServices
dyld[5513]: move loaded to delayed: SearchKit
dyld[5513]: move loaded to delayed: AE
dyld[5513]: move loaded to delayed: LaunchServices
dyld[5513]: move loaded to delayed: DictionaryServices
dyld[5513]: move loaded to delayed: SharedFileList
dyld[5513]: move loaded to delayed: libapple_nghttp2.dylib
dyld[5513]: move loaded to delayed: libsqlite3.dylib
dyld[5513]: move loaded to delayed: Accounts
dyld[5513]: move loaded to delayed: AOSKit
dyld[5513]: move loaded to delayed: AppSSOCore
dyld[5513]: move loaded to delayed: AppSupport
dyld[5513]: move loaded to delayed: AVFoundation
dyld[5513]: move loaded to delayed: BackgroundSystemTasks
dyld[5513]: move loaded to delayed: CoreAnalytics
dyld[5513]: move loaded to delayed: CoreGraphics
dyld[5513]: move loaded to delayed: DuetActivityScheduler
dyld[5513]: move loaded to delayed: FTServices
dyld[5513]: move loaded to delayed: GSS
dyld[5513]: move loaded to delayed: InternationalSupport
dyld[5513]: move loaded to delayed: libMemoryResourceException.dylib
dyld[5513]: move loaded to delayed: NetworkScore
dyld[5513]: move loaded to delayed: NetworkServiceProxy
dyld[5513]: move loaded to delayed: RunningBoardServices
dyld[5513]: move loaded to delayed: StreamingExtractor
dyld[5513]: move loaded to delayed: StreamingZip
dyld[5513]: move loaded to delayed: SymptomReporter
dyld[5513]: move loaded to delayed: libenergytrace.dylib
dyld[5513]: move loaded to delayed: libnetworkextension.dylib
dyld[5513]: move loaded to delayed: Network
dyld[5513]: move loaded to delayed: libbsm.0.dylib
dyld[5513]: move loaded to delayed: libkxld.dylib
dyld[5513]: move loaded to delayed: AppleKeyStore
dyld[5513]: move loaded to delayed: libCoreEntitlements.dylib
dyld[5513]: move loaded to delayed: MessageSecurity
dyld[5513]: move loaded to delayed: ProtocolBuffer
dyld[5513]: move loaded to delayed: CloudServices
dyld[5513]: move loaded to delayed: SymptomDiagnosticReporter
dyld[5513]: move loaded to delayed: CrashReporterSupport
dyld[5513]: move loaded to delayed: libMobileGestalt.dylib
dyld[5513]: move loaded to delayed: AppleFSCompression
dyld[5513]: move loaded to delayed: libcoretls.dylib
dyld[5513]: move loaded to delayed: libcoretls_cfhelpers.dylib
dyld[5513]: move loaded to delayed: libpam.2.dylib
dyld[5513]: move loaded to delayed: libxar.1.dylib
dyld[5513]: move loaded to delayed: APFS
dyld[5513]: move loaded to delayed: SwiftASN1Internal
dyld[5513]: move loaded to delayed: libutil.dylib
dyld[5513]: move loaded to delayed: AppleSystemInfo
dyld[5513]: move loaded to delayed: IOMobileFramebuffer
dyld[5513]: move loaded to delayed: IOSurface
dyld[5513]: move loaded to delayed: CoreWiFi
dyld[5513]: move loaded to delayed: LoggingSupport
dyld[5513]: move loaded to delayed: MobileAsset
dyld[5513]: move loaded to delayed: PowerLog
dyld[5513]: move loaded to delayed: Rapport
dyld[5513]: move loaded to delayed: SwiftData
dyld[5513]: move loaded to delayed: SymptomAnalytics
dyld[5513]: move loaded to delayed: UniformTypeIdentifiers
dyld[5513]: move loaded to delayed: UserManagement
dyld[5513]: move loaded to delayed: libboringssl.dylib
dyld[5513]: move loaded to delayed: libcupolicy.dylib
dyld[5513]: move loaded to delayed: libdns_services.dylib
dyld[5513]: move loaded to delayed: NetworkExtension
dyld[5513]: move loaded to delayed: libnwswifttls.dylib
dyld[5513]: move loaded to delayed: libpcap.A.dylib
dyld[5513]: move loaded to delayed: libquic.dylib
dyld[5513]: move loaded to delayed: libusrtcp.dylib
dyld[5513]: move loaded to delayed: AtomicsInternal
dyld[5513]: move loaded to delayed: InternalSwiftProtobuf
dyld[5513]: move loaded to delayed: libswiftDistributed.dylib
dyld[5513]: move loaded to delayed: libswiftObservation.dylib
dyld[5513]: move loaded to delayed: libswiftSynchronization.dylib
dyld[5513]: move loaded to delayed: AggregateDictionary
dyld[5513]: move loaded to delayed: CoreDuetContext
dyld[5513]: move loaded to delayed: BiomeLibrary
dyld[5513]: move loaded to delayed: CoreDuet
dyld[5513]: move loaded to delayed: BiomeStreams
dyld[5513]: move loaded to delayed: BiomeFoundation
dyld[5513]: move loaded to delayed: BiomePubSub
dyld[5513]: move loaded to delayed: CoreData
dyld[5513]: move loaded to delayed: ProactiveSupport
dyld[5513]: move loaded to delayed: CoreLocation
dyld[5513]: move loaded to delayed: Intents
dyld[5513]: move loaded to delayed: _LocationEssentials
dyld[5513]: move loaded to delayed: liblzma.5.dylib
dyld[5513]: move loaded to delayed: Accelerate
dyld[5513]: move loaded to delayed: MobileKeyBag
dyld[5513]: move loaded to delayed: InternationalTextSearch
dyld[5513]: move loaded to delayed: SoftwareUpdateCoreSupport
dyld[5513]: move loaded to delayed: SoftwareUpdateCoreConnect
dyld[5513]: move loaded to delayed: RemoteServiceDiscovery
dyld[5513]: move loaded to delayed: MSUDataAccessor
dyld[5513]: move loaded to delayed: libbootpolicy.dylib
dyld[5513]: move loaded to delayed: RemoteXPC
dyld[5513]: move loaded to delayed: libFDR.dylib
dyld[5513]: move loaded to delayed: libamsupport.dylib
dyld[5513]: move loaded to delayed: libReverseProxyDevice.dylib
dyld[5513]: move loaded to delayed: AppleDeviceQuerySupport
dyld[5513]: move loaded to delayed: libpartition2_dynamic.dylib
dyld[5513]: move loaded to delayed: AppleSauce
dyld[5513]: move loaded to delayed: libAppleArchive.dylib
dyld[5513]: move loaded to delayed: libbz2.1.0.dylib
dyld[5513]: move loaded to delayed: vImage
dyld[5513]: move loaded to delayed: vecLib
dyld[5513]: move loaded to delayed: libvMisc.dylib
dyld[5513]: move loaded to delayed: libCGInterfaces.dylib
dyld[5513]: move loaded to delayed: AccelerateGPU
dyld[5513]: move loaded to delayed: libBLAS.dylib
dyld[5513]: move loaded to delayed: ApplicationServices
dyld[5513]: move loaded to delayed: CoreVideo
dyld[5513]: move loaded to delayed: ColorSync
dyld[5513]: move loaded to delayed: CoreText
dyld[5513]: move loaded to delayed: ImageIO
dyld[5513]: move loaded to delayed: ATS
dyld[5513]: move loaded to delayed: HIServices
dyld[5513]: move loaded to delayed: PrintCore
dyld[5513]: move loaded to delayed: QD
dyld[5513]: move loaded to delayed: ColorSyncLegacy
dyld[5513]: move loaded to delayed: SpeechSynthesis
dyld[5513]: move loaded to delayed: SkyLight
dyld[5513]: move loaded to delayed: libFontParser.dylib
dyld[5513]: move loaded to delayed: BaseBoard
dyld[5513]: move loaded to delayed: BoardServices
dyld[5513]: move loaded to delayed: BackBoardServices
dyld[5513]: move loaded to delayed: BackBoardHIDEventFoundation
dyld[5513]: move loaded to delayed: CoreDisplay
dyld[5513]: move loaded to delayed: VideoToolbox
dyld[5513]: move loaded to delayed: MetalPerformanceShaders
dyld[5513]: move loaded to delayed: ProDisplayLibrary
dyld[5513]: move loaded to delayed: IOSurfaceAccelerator
dyld[5513]: move loaded to delayed: Metal
dyld[5513]: move loaded to delayed: IOAccelerator
dyld[5513]: move loaded to delayed: CoreMedia
dyld[5513]: move loaded to delayed: TCC
dyld[5513]: move loaded to delayed: WatchdogClient
dyld[5513]: move loaded to delayed: QuartzCore
dyld[5513]: move loaded to delayed: MultitouchSupport
dyld[5513]: move loaded to delayed: libswiftAccelerate.dylib
dyld[5513]: move loaded to delayed: libswiftCoreAudio.dylib
dyld[5513]: move loaded to delayed: libswiftCoreMedia.dylib
dyld[5513]: move loaded to delayed: libswiftMetal.dylib
dyld[5513]: move loaded to delayed: libswiftOSLog.dylib
dyld[5513]: move loaded to delayed: libswiftQuartzCore.dylib
dyld[5513]: move loaded to delayed: libswiftUniformTypeIdentifiers.dylib
dyld[5513]: move loaded to delayed: libswiftVideoToolbox.dylib
dyld[5513]: move loaded to delayed: libswiftsimd.dylib
dyld[5513]: move loaded to delayed: BiomeStorage
dyld[5513]: move loaded to delayed: IntelligencePlatformLibrary
dyld[5513]: move loaded to delayed: PoirotSchematizer
dyld[5513]: move loaded to delayed: BiomeSync
dyld[5513]: move loaded to delayed: BiomeDSL
dyld[5513]: move loaded to delayed: FeatureFlags
dyld[5513]: move loaded to delayed: PoirotUDFs
dyld[5513]: move loaded to delayed: libswift_DarwinFoundation2.dylib
dyld[5513]: move loaded to delayed: libswift_DarwinFoundation3.dylib
dyld[5513]: move loaded to delayed: CoreTime
dyld[5513]: move loaded to delayed: libiconv.2.dylib
dyld[5513]: move loaded to delayed: libcharset.1.dylib
dyld[5513]: move loaded to delayed: PoirotSQLite
dyld[5513]: move loaded to delayed: libswift_RegexParser.dylib
dyld[5513]: move loaded to delayed: CascadeSets
dyld[5513]: move loaded to delayed: CorePhoneNumbers
dyld[5513]: move loaded to delayed: AppleJPEG
dyld[5513]: move loaded to delayed: libexpat.1.dylib
dyld[5513]: move loaded to delayed: libPng.dylib
dyld[5513]: move loaded to delayed: libTIFF.dylib
dyld[5513]: move loaded to delayed: libGIF.dylib
dyld[5513]: move loaded to delayed: libJP2.dylib
dyld[5513]: move loaded to delayed: libate.dylib
dyld[5513]: move loaded to delayed: libJPEG.dylib
dyld[5513]: move loaded to delayed: libRadiance.dylib
dyld[5513]: move loaded to delayed: libllvm-flatbuffers.dylib
dyld[5513]: move loaded to delayed: FramePacing
dyld[5513]: move loaded to delayed: libCoreFSCache.dylib
dyld[5513]: move loaded to delayed: libGPUCompilerUtils.dylib
dyld[5513]: move loaded to delayed: GraphicsServices
dyld[5513]: move loaded to delayed: OpenGL
dyld[5513]: move loaded to delayed: libGLU.dylib
dyld[5513]: move loaded to delayed: libGFXShared.dylib
dyld[5513]: move loaded to delayed: libGL.dylib
dyld[5513]: move loaded to delayed: libGLImage.dylib
dyld[5513]: move loaded to delayed: libCVMSPluginSupport.dylib
dyld[5513]: move loaded to delayed: libCoreVMClient.dylib
dyld[5513]: move loaded to delayed: GPUWrangler
dyld[5513]: move loaded to delayed: IOPresentment
dyld[5513]: move loaded to delayed: DSExternalDisplay
dyld[5513]: move loaded to delayed: VideoToolboxParavirtualizationSupport
dyld[5513]: move loaded to delayed: AppleVA
dyld[5513]: move loaded to delayed: ExtensionFoundation
dyld[5513]: move loaded to delayed: CMCaptureCore
dyld[5513]: move loaded to delayed: libspindump.dylib
dyld[5513]: move loaded to delayed: CoreAudio
dyld[5513]: move loaded to delayed: AppServerSupport
dyld[5513]: move loaded to delayed: perfdata
dyld[5513]: move loaded to delayed: AudioDSPGraph
dyld[5513]: move loaded to delayed: AudioToolboxCore
dyld[5513]: move loaded to delayed: caulk
dyld[5513]: move loaded to delayed: libAudioStatistics.dylib
dyld[5513]: move loaded to delayed: SystemPolicy
dyld[5513]: move loaded to delayed: libSMC.dylib
dyld[5513]: move loaded to delayed: libswiftCoreMIDI.dylib
dyld[5513]: move loaded to delayed: CoreMIDI
dyld[5513]: move loaded to delayed: libAudioToolboxUtility.dylib
dyld[5513]: move loaded to delayed: libperfcheck.dylib
dyld[5513]: move loaded to delayed: AudioAnalytics
dyld[5513]: move loaded to delayed: OSLog
dyld[5513]: move loaded to delayed: OSEligibility
dyld[5513]: move loaded to delayed: IconServices
dyld[5513]: move loaded to delayed: LightweightCodeRequirements
dyld[5513]: move loaded to delayed: PlugInKit
dyld[5513]: move loaded to delayed: AssertionServices
dyld[5513]: move loaded to delayed: IconFoundation
dyld[5513]: move loaded to delayed: AssistantServices
dyld[5513]: move loaded to delayed: IconRendering
dyld[5513]: move loaded to delayed: CoreUI
dyld[5513]: move loaded to delayed: CoreImage
dyld[5513]: move loaded to delayed: SFSymbols
dyld[5513]: move loaded to delayed: DeveloperToolsSupport
dyld[5513]: move loaded to delayed: RenderBox
dyld[5513]: move loaded to delayed: CoreSVG
dyld[5513]: move loaded to delayed: TextureIO
dyld[5513]: move loaded to delayed: libswiftCoreImage.dylib
dyld[5513]: move loaded to delayed: GraphVisualizer
dyld[5513]: move loaded to delayed: FontServices
dyld[5513]: move loaded to delayed: OTSVG
dyld[5513]: move loaded to delayed: libFontRegistry.dylib
dyld[5513]: move loaded to delayed: libhvf.dylib
dyld[5513]: move loaded to delayed: ParsingInternal
dyld[5513]: move loaded to delayed: libXTFontStaticRegistryData.dylib
dyld[5513]: move loaded to delayed: MPSCore
dyld[5513]: move loaded to delayed: MPSImage
dyld[5513]: move loaded to delayed: MPSNeuralNetwork
dyld[5513]: move loaded to delayed: MPSMatrix
dyld[5513]: move loaded to delayed: MPSRayIntersector
dyld[5513]: move loaded to delayed: MPSNDArray
dyld[5513]: move loaded to delayed: MPSFunctions
dyld[5513]: move loaded to delayed: MPSBenchmarkLoop
dyld[5513]: move loaded to delayed: MPSHost
dyld[5513]: move loaded to delayed: MetalTools
dyld[5513]: move loaded to delayed: IOAccelMemoryInfo
dyld[5513]: move loaded to delayed: kperf
dyld[5513]: move loaded to delayed: GPURawCounter
dyld[5513]: move loaded to delayed: ASEProcessing
dyld[5513]: move loaded to delayed: Symbolication
dyld[5513]: move loaded to delayed: PhotosensitivityProcessing
dyld[5513]: move loaded to delayed: SILManager
dyld[5513]: move loaded to delayed: CoreSymbolication
dyld[5513]: move loaded to delayed: MallocStackLogging
dyld[5513]: move loaded to delayed: DebugSymbols
dyld[5513]: move loaded to delayed: OSAnalytics
dyld[5513]: move loaded to delayed: DeviceRecovery
dyld[5513]: move loaded to delayed: Tightbeam
dyld[5513]: move loaded to delayed: libswiftCompression.dylib
dyld[5513]: move loaded to delayed: AFKUser
dyld[5513]: move loaded to delayed: ATSUI
dyld[5513]: move loaded to delayed: SAObjects
dyld[5513]: move loaded to delayed: AudioToolbox
dyld[5513]: move loaded to delayed: MediaRemote
dyld[5513]: move loaded to delayed: UserNotifications
dyld[5513]: move loaded to delayed: SiriInstrumentation
dyld[5513]: move loaded to delayed: SiriAnalytics
dyld[5513]: move loaded to delayed: SiriTTSService
dyld[5513]: move loaded to delayed: SiriCrossDeviceArbitration
dyld[5513]: move loaded to delayed: FeedbackLogger
dyld[5513]: move loaded to delayed: FaceTimeNameUtility
dyld[5513]: move loaded to delayed: AuthKit
dyld[5513]: move loaded to delayed: SiriCrossDeviceArbitrationFeedback
dyld[5513]: move loaded to delayed: libswiftCoreLocation.dylib
dyld[5513]: move loaded to delayed: libswiftAVFoundation.dylib
dyld[5513]: move loaded to delayed: UIKitServices
dyld[5513]: move loaded to delayed: UnifiedAssetFramework
dyld[5513]: move loaded to delayed: AudioSession
dyld[5513]: move loaded to delayed: MediaExperience
dyld[5513]: move loaded to delayed: libSessionUtility.dylib
dyld[5513]: move loaded to delayed: AudioAccessoryServices
dyld[5513]: move loaded to delayed: CoreBluetooth
dyld[5513]: move loaded to delayed: CoreUtils
dyld[5513]: move loaded to delayed: HID
dyld[5513]: move loaded to delayed: Sharing
dyld[5513]: move loaded to delayed: CoreUtilsExtras
dyld[5513]: move loaded to delayed: IO80211
dyld[5513]: move loaded to delayed: IDSFoundation
dyld[5513]: move loaded to delayed: Apple80211
dyld[5513]: move loaded to delayed: CoreWLAN
dyld[5513]: move loaded to delayed: IOBluetooth
dyld[5513]: move loaded to delayed: libswiftRegexBuilder.dylib
dyld[5513]: move loaded to delayed: IMFoundation
dyld[5513]: move loaded to delayed: Marco
dyld[5513]: move loaded to delayed: CommonUtilities
dyld[5513]: move loaded to delayed: Engram
dyld[5513]: move loaded to delayed: XPCDistributed
dyld[5513]: move loaded to delayed: libtidy.A.dylib
dyld[5513]: move loaded to delayed: Bom
dyld[5513]: move loaded to delayed: libParallelCompression.dylib
dyld[5513]: move loaded to delayed: libIOReport.dylib
dyld[5513]: move loaded to delayed: WiFiPeerToPeer
dyld[5513]: move loaded to delayed: SecurityFoundation
dyld[5513]: move loaded to delayed: Centauri
dyld[5513]: move loaded to delayed: Lexicon
dyld[5513]: move loaded to delayed: libmrc.dylib
dyld[5513]: move loaded to delayed: IPConfiguration
dyld[5513]: move loaded to delayed: Netrb
dyld[5513]: move loaded to delayed: FrontBoardServices
dyld[5513]: move loaded to delayed: libgermantok.dylib
dyld[5513]: move loaded to delayed: LinguisticData
dyld[5513]: move loaded to delayed: MultiverseSupport
dyld[5513]: move loaded to delayed: DiskManagement
dyld[5513]: move loaded to delayed: AppleIDAuthSupport
dyld[5513]: move loaded to delayed: AAAFoundation
dyld[5513]: move loaded to delayed: KeychainCircle
dyld[5513]: move loaded to delayed: URLFormatting
dyld[5513]: move loaded to delayed: libcsfde.dylib
dyld[5513]: move loaded to delayed: libCoreStorage.dylib
dyld[5513]: move loaded to delayed: MediaKit
dyld[5513]: move loaded to delayed: DiscRecording
dyld[5513]: move loaded to delayed: ProtectedCloudStorage
dyld[5513]: move loaded to delayed: EFILogin
dyld[5513]: move loaded to delayed: libheimdal-asn1.dylib
dyld[5513]: move loaded to delayed: OctagonTrust
dyld[5513]: move loaded to delayed: AudioUnit
dyld[5513]: move loaded to delayed: OpenDirectory
dyld[5513]: move loaded to delayed: CFOpenDirectory
dyld[5513]: move loaded to delayed: GeoServices
dyld[5513]: move loaded to delayed: LocationSupport
dyld[5513]: move loaded to delayed: GeoServicesCore
dyld[5513]: move loaded to delayed: PhoneNumbers
dyld[5513]: move loaded to delayed: LocationLogEncryption
dyld[5513]: move loaded to delayed: AVFAudio
dyld[5513]: move loaded to delayed: AVRouting
dyld[5513]: move loaded to delayed: libAccessibility.dylib
dyld[5513]: move loaded to delayed: MediaServices
dyld[5513]: move loaded to delayed: IDS
dyld[5513]: move loaded to delayed: IsolatedCoreAudioClient
dyld[5513]: move loaded to delayed: CoreAudioOrchestration
dyld[5513]: move loaded to delayed: MediaToolbox
dyld[5513]: move loaded to delayed: CoreAVCHD
dyld[5513]: move loaded to delayed: MediaAccessibility
dyld[5513]: move loaded to delayed: Mangrove
dyld[5513]: move loaded to delayed: CMPhoto
dyld[5513]: move loaded to delayed: CoreTelephony
dyld[5513]: move loaded to delayed: CoreAUC
dyld[5513]: move loaded to delayed: AppleJPEGXL
dyld[5513]: move loaded to delayed: libTelephonyUtilDynamic.dylib
dyld[5513]: move loaded to delayed: CryptoKit
dyld[5513]: move loaded to delayed: CryptoKitCBridging
dyld[5513]: move loaded to delayed: CryptoTokenKit
dyld[5513]: move loaded to delayed: LocalAuthentication
dyld[5513]: move loaded to delayed: LocalAuthenticationCore
dyld[5513]: move loaded to delayed: LocalAuthenticationCredentialServices
dyld[5513]: move loaded to delayed: SharedUtils
dyld[5513]: move loaded to delayed: PersistentConnection
dyld[5513]: move loaded to delayed: SonicFoundation
dyld[5513]: move loaded to delayed: AsyncAlgorithmsInternal
dyld[5513]: move loaded to delayed: FTAWD
dyld[5513]: move loaded to delayed: Dendrite
dyld[5513]: move loaded to delayed: libtailspin.dylib
dyld[5513]: move loaded to delayed: Osprey
dyld[5513]: move loaded to delayed: SiriTTS
dyld[5513]: move loaded to delayed: NaturalLanguage
dyld[5513]: move loaded to delayed: GenerativeModels
dyld[5513]: move loaded to delayed: SiriPowerInstrumentation
dyld[5513]: move loaded to delayed: libswiftNaturalLanguage.dylib
dyld[5513]: move loaded to delayed: TailspinSymbolication
dyld[5513]: move loaded to delayed: Darwinup
dyld[5513]: move loaded to delayed: SignpostSupport
dyld[5513]: move loaded to delayed: FeatureFlagsSupport
dyld[5513]: move loaded to delayed: ktrace
dyld[5513]: move loaded to delayed: SampleAnalysis
dyld[5513]: move loaded to delayed: kperfdata
dyld[5513]: move loaded to delayed: libdscsym.dylib
dyld[5513]: move loaded to delayed: AppleMobileFileIntegrity
dyld[5513]: move loaded to delayed: BulkSymbolication
dyld[5513]: move loaded to delayed: libTLE.dylib
dyld[5513]: move loaded to delayed: libmis.dylib
dyld[5513]: move loaded to delayed: ConfigProfileHelper
dyld[5513]: move loaded to delayed: Espresso
dyld[5513]: move loaded to delayed: CoreML
dyld[5513]: move loaded to delayed: libedit.3.dylib
dyld[5513]: move loaded to delayed: ANECompiler
dyld[5513]: move loaded to delayed: AppleNeuralEngine
dyld[5513]: move loaded to delayed: MIL
dyld[5513]: move loaded to delayed: MetalPerformanceShadersGraph
dyld[5513]: move loaded to delayed: MLCompilerServices
dyld[5513]: move loaded to delayed: ANEServices
dyld[5513]: move loaded to delayed: libncurses.5.4.dylib
dyld[5513]: move loaded to delayed: libsandbox.1.dylib
dyld[5513]: move loaded to delayed: libMatch.1.dylib
dyld[5513]: move loaded to delayed: ODIE
dyld[5513]: move loaded to delayed: MLModelAsset
dyld[5513]: move loaded to delayed: MLCompilerRuntime
dyld[5513]: move loaded to delayed: MLCompute
dyld[5513]: move loaded to delayed: MLAssetIO
dyld[5513]: move loaded to delayed: libswiftMLCompute.dylib
dyld[5513]: move loaded to delayed: AVFCore
dyld[5513]: move loaded to delayed: AVFCapture
dyld[5513]: move loaded to delayed: CMImaging
dyld[5513]: move loaded to delayed: Quagga
dyld[5513]: move loaded to delayed: CMCapture
dyld[5513]: move loaded to delayed: CoreMediaIO
dyld[5513]: move loaded to delayed: CMCaptureDevice
dyld[5513]: move loaded to delayed: CoreBrightness
dyld[5513]: move loaded to delayed: CinematicFraming
dyld[5513]: move loaded to delayed: ModelManagerServices
dyld[5513]: move loaded to delayed: CPMS
dyld[5513]: move loaded to delayed: SystemStatus
dyld[5513]: move loaded to delayed: CoreMotion
dyld[5513]: move loaded to delayed: TimeSync
dyld[5513]: move loaded to delayed: DistributedSensing
dyld[5513]: move loaded to delayed: MobileBluetooth
dyld[5513]: move loaded to delayed: IOKitten
dyld[5513]: move loaded to delayed: AppleIntelligenceReporting
dyld[5513]: move loaded to delayed: CoreEmoji
dyld[5513]: move loaded to delayed: libCRFSuite.dylib
dyld[5513]: move loaded to delayed: LanguageModeling
dyld[5513]: move loaded to delayed: CoreNLP
dyld[5513]: move loaded to delayed: Montreal
dyld[5513]: move loaded to delayed: libcmph.dylib
dyld[5513]: move loaded to delayed: libmecab.dylib
dyld[5513]: move loaded to delayed: libThaiTokenizer.dylib
dyld[5513]: move loaded to delayed: GenerativeModelsFoundation
dyld[5513]: move loaded to delayed: TokenGeneration
dyld[5513]: move loaded to delayed: GenerativeFunctions
dyld[5513]: move loaded to delayed: GenerativeFunctionsFoundation
dyld[5513]: move loaded to delayed: ModelCatalog
dyld[5513]: move loaded to delayed: SensitiveContentAnalysisML
dyld[5513]: move loaded to delayed: GenerativeFunctionsInstrumentation
dyld[5513]: move loaded to delayed: PromptKit
dyld[5513]: move loaded to delayed: ProactiveDaemonSupport
dyld[5513]: move loaded to delayed: TokenGenerationCore
dyld[5513]: move loaded to delayed: Trial
dyld[5513]: move loaded to delayed: TrialProto
dyld[5513]: move loaded to delayed: AppleFlatBuffers
dyld[5513]: move loaded to delayed: SentencePieceInternal
dyld[5513]: move loaded to delayed: Vision
dyld[5513]: move loaded to delayed: CoreSceneUnderstanding
dyld[5513]: move loaded to delayed: VisionCore
dyld[5513]: move loaded to delayed: DataDetectorsCore
dyld[5513]: move loaded to delayed: libfaceCore.dylib
dyld[5513]: move loaded to delayed: Futhark
dyld[5513]: move loaded to delayed: InertiaCam
dyld[5513]: move loaded to delayed: TextRecognition
dyld[5513]: move loaded to delayed: DataDetection
dyld[5513]: move loaded to delayed: TextInput
dyld[5513]: move loaded to delayed: CVNLP
dyld[5513]: move loaded to delayed: IntentsFoundation
dyld[5513]: move loaded to delayed: HIDDisplay
dyld[5513]: move loaded to delayed: libcups.2.dylib
dyld[5513]: move loaded to delayed: Kerberos
dyld[5513]: move loaded to delayed: libresolv.9.dylib
dyld[5513]: move loaded to delayed: Heimdal
dyld[5513]: move loaded to delayed: libHeimdalProxy.dylib
dyld[5513]: move loaded to delayed: CommonAuth
dyld[5513]: move loaded to delayed: AXCoreUtilities
dyld[5513]: move loaded to delayed: AttributeGraph
dyld[5513]: move loaded to delayed: libAXSafeCategoryBundle.dylib
dyld[5513]: move loaded to delayed: TabularData
dyld[5513]: move loaded to delayed: ArgumentParserInternal
dyld[5513]: move loaded to delayed: libvDSP.dylib
dyld[5513]: move loaded to delayed: libLAPACK.dylib
dyld[5513]: move loaded to delayed: libLinearAlgebra.dylib
dyld[5513]: move loaded to delayed: libSparseBLAS.dylib
dyld[5513]: move loaded to delayed: libQuadrature.dylib
dyld[5513]: move loaded to delayed: libBNNS.dylib
dyld[5513]: move loaded to delayed: libSparse.dylib
dyld[5513]: move loaded to delayed: ApplePushService
dyld[5513]: move loaded to delayed: CloudKit
dyld[5513]: move loaded to delayed: CoreDuetDaemonProtocol
dyld[5513]: move loaded to delayed: DeviceIdentity
dyld[5513]: move loaded to delayed: SharedWithYouCore
dyld[5513]: move loaded to delayed: CloudTelemetry
dyld[5513]: move loaded to delayed: AppleAccount
dyld[5513]: move loaded to delayed: C2
dyld[5513]: move loaded to delayed: CloudCoreInternal
dyld[5513]: move loaded to delayed: CloudAsset
dyld[5513]: move loaded to delayed: PushKit
dyld[5513]: move loaded to delayed: CoreTransferable
dyld[5513]: move loaded to delayed: NetAuth
dyld[5513]: move loaded to delayed: loginsupport
dyld[5513]: move loaded to delayed: CloudTelemetryTools
dyld[5513]: move loaded to delayed: CloudTelemetryShared.dylib
dyld[5513]: move loaded to delayed: RTCReporting
dyld[5513]: move loaded to delayed: AAAFoundationSwift
dyld[5513]: move loaded to delayed: AppleIDSSOAuthentication
dyld[5513]: move loaded to delayed: UIFoundation
dyld[5513]: move loaded to delayed: CaptiveNetwork
dyld[5513]: move loaded to delayed: EAP8021X
dyld[5513]: move loaded to delayed: CryptoKitPrivate
dyld[5513]: move loaded to delayed: FindMyDevice
dyld[5513]: move loaded to delayed: FMCoreLite
dyld[5513]: move loaded to delayed: ServiceManagement
dyld[5513]: move loaded to delayed: libCheckFix.dylib
dyld[5513]: move loaded to delayed: MetadataUtilities
dyld[5513]: move loaded to delayed: InstalledContentLibrary
dyld[5513]: move loaded to delayed: CoreServicesStore
dyld[5513]: move loaded to delayed: libapp_launch_measurement.dylib
dyld[5513]: move loaded to delayed: MobileSystemServices
dyld[5513]: move loaded to delayed: libxslt.1.dylib
dyld[5513]: move loaded to delayed: BackgroundTaskManagement
dyld[5513]: move loaded to delayed: libcurl.4.dylib
dyld[5513]: move loaded to delayed: libcrypto.46.dylib
dyld[5513]: move loaded to delayed: libssl.48.dylib
dyld[5513]: move loaded to delayed: LDAP
dyld[5513]: move loaded to delayed: TrustEvaluationAgent
dyld[5513]: move loaded to delayed: libsasl2.2.dylib
FTS late-create recovery passed
{"command": ["_build/sanitizers-clt21/tests/fts_failure_recovery", "late-create", ""], "cwd": "/Users/catethos/workspace/ladybugex/zig_library", "exit": 0, "seconds": 2.247}
dyld[5528]: <0C7BEC99-4415-34AA-AFC7-23F8C68EA1A9> /Users/catethos/workspace/ladybugex/zig_library/_build/sanitizers-clt21/tests/fts_failure_recovery
dyld[5528]: <48DDF1AA-5774-3AF2-B214-89E57C305097> /Users/catethos/workspace/ladybugex/zig_library/_build/fts-candidate-sanitizers-clt21-late/liblbug.0.dylib
dyld[5528]: <13FCB0EB-FF74-39B5-92ED-980AB6E76C5C> /Library/Developer/CommandLineTools/usr/lib/clang/21/lib/darwin/libclang_rt.asan_osx_dynamic.dylib
dyld[5528]: <4CC4CAD6-45A6-361E-9343-DE636A0B5C02> /usr/lib/libSystem.B.dylib
dyld[5528]: <EA7C2E0B-52BF-3D45-9A33-38F54A535452> /usr/lib/system/libcache.dylib
dyld[5528]: <72D94140-1281-3886-971B-37C810403C03> /usr/lib/system/libcommonCrypto.dylib
dyld[5528]: <D60A9B54-A909-3FD5-93B9-3F38BE0A2BE8> /usr/lib/system/libcompiler_rt.dylib
dyld[5528]: <58F425CF-7D4F-34FD-9620-706A2A7F8BDC> /usr/lib/system/libcopyfile.dylib
dyld[5528]: <D54389FC-4078-370D-A863-9FEF16E00DFD> /usr/lib/system/libcorecrypto.dylib
dyld[5528]: <243E06A0-7BFF-3C3F-8A9B-D7732729B361> /usr/lib/system/libdispatch.dylib
dyld[5528]: <634959D0-592E-349C-B549-B91F2FF09858> /usr/lib/system/libdyld.dylib
dyld[5528]: <18EFA1CE-C535-3EAC-BC2C-7955593B7382> /usr/lib/system/libkeymgr.dylib
dyld[5528]: <3E43AF47-AD89-3BB4-82B9-A9533F4334DF> /usr/lib/system/libmacho.dylib
dyld[5528]: <78C5B827-8152-358D-90E9-B02F02A68B17> /usr/lib/system/libquarantine.dylib
dyld[5528]: <DA9C2B48-7A9C-32EA-888D-6C7AEB5250E6> /usr/lib/system/libremovefile.dylib
dyld[5528]: <FF57F6FA-F3A1-343D-815D-57B769D31445> /usr/lib/system/libsystem_asl.dylib
dyld[5528]: <A712B95E-BCEE-3F12-9F9B-58E6C2060E53> /usr/lib/system/libsystem_blocks.dylib
dyld[5528]: <FDC4E366-5C14-3A1E-BC35-D933D28CDCF3> /usr/lib/system/libsystem_c.dylib
dyld[5528]: <BDA28F78-F479-3C22-B9C7-4ABCB6801592> /usr/lib/system/libsystem_collections.dylib
dyld[5528]: <A14ED142-2F56-33A6-A23C-EEB8417DC90E> /usr/lib/system/libsystem_configuration.dylib
dyld[5528]: <2E14025A-52C2-361D-8A8F-5DD45825A2C9> /usr/lib/system/libsystem_containermanager.dylib
dyld[5528]: <F335DA14-69E8-336E-85A3-11EE239255F0> /usr/lib/system/libsystem_coreservices.dylib
dyld[5528]: <A095E4FE-0EE1-34DF-B00A-7D349FBC55E0> /usr/lib/system/libsystem_darwin.dylib
dyld[5528]: <6C03D78B-BFAB-3C7A-B713-50881791EE08> /usr/lib/system/libsystem_darwindirectory.dylib
dyld[5528]: <2C4C3043-008E-3BD8-BC29-AB9AD235DBA9> /usr/lib/system/libsystem_dnssd.dylib
dyld[5528]: <A279E124-8499-3FFC-A788-655070028F97> /usr/lib/system/libsystem_eligibility.dylib
dyld[5528]: <5E7CDBD5-44AB-34C0-A0F5-FC72F6116CDC> /usr/lib/system/libsystem_featureflags.dylib
dyld[5528]: <7402662E-F235-3F48-BB65-F64C8CF0F2BB> /usr/lib/system/libsystem_info.dylib
dyld[5528]: <3739A40F-2C17-3503-92D6-098141E56E89> /usr/lib/system/libsystem_m.dylib
dyld[5528]: <971CDCFE-4D20-300E-A1D6-EC8672FDD258> /usr/lib/system/libsystem_malloc.dylib
dyld[5528]: <01D14A9E-16DC-372C-8AA8-CC7AD39E797F> /usr/lib/system/libsystem_networkextension.dylib
dyld[5528]: <F9B1BAFF-4D09-3A1F-839B-189C21EB5FBB> /usr/lib/system/libsystem_notify.dylib
dyld[5528]: <6592D3CE-38C6-3C08-9EA5-75D64F37993F> /usr/lib/system/libsystem_sandbox.dylib
dyld[5528]: <C92FAEE5-DAED-3340-96B3-0C42B005ADF9> /usr/lib/system/libsystem_sanitizers.dylib
dyld[5528]: <C85AF062-AA9B-35BB-904C-C055B2C21602> /usr/lib/system/libsystem_secinit.dylib
dyld[5528]: <7CFB3A10-ADB2-32C4-99B5-922A111B3224> /usr/lib/system/libsystem_kernel.dylib
dyld[5528]: <4C6BD0FE-25F2-38D8-BE5C-24DAC1DEDCFB> /usr/lib/system/libsystem_platform.dylib
dyld[5528]: <12342372-0084-37A5-9EA6-2E4DC940C685> /usr/lib/system/libsystem_pthread.dylib
dyld[5528]: <CE07A0DF-31B6-3528-B7CE-91CAD89AA519> /usr/lib/system/libsystem_symptoms.dylib
dyld[5528]: <E043667E-AD01-3228-837F-A381F32F2B30> /usr/lib/system/libsystem_trace.dylib
dyld[5528]: <2FF186A6-F448-38CD-9A30-8B5B1AEFCA10> /usr/lib/system/libsystem_trial.dylib
dyld[5528]: <B21A1015-83D4-31D8-BA41-88688962D9A6> /usr/lib/system/libunwind.dylib
dyld[5528]: <40BBE226-77D4-332E-9DA8-F0B5BACFB86D> /usr/lib/system/libxpc.dylib
dyld[5528]: <40277974-D20C-3EC8-B25C-43AE30D8CC60> /usr/lib/libobjc.A.dylib
dyld[5528]: <5BCE8CB3-4EF5-3181-B96B-8E8130851510> /System/Library/PrivateFrameworks/XPCSupport.framework/Versions/A/XPCSupport
dyld[5528]: <FDBA2243-A7AB-3524-9B94-F3034AC36E41> /System/Library/Frameworks/CoreFoundation.framework/Versions/A/CoreFoundation
dyld[5528]: <81895735-AEE8-36CF-B7ED-370A80C4E78A> /usr/lib/swift/libswiftCore.dylib
dyld[5528]: <DDE77B06-5E25-380B-85B7-BA1A27D09021> /usr/lib/libc++abi.dylib
dyld[5528]: <F41D814B-FE1F-311A-A778-5F0699628188> /usr/lib/libRosetta.dylib
dyld[5528]: <C6DC2145-7B94-3E01-ADE5-96A6C2D078BC> /usr/lib/libc++.1.dylib
dyld[5528]: <2E3EA3FE-B1EF-3EDA-B94E-C7FC54E30C13> /System/Library/Frameworks/Foundation.framework/Versions/C/Foundation
dyld[5528]: <4A2A8D5B-A79D-36B3-A688-1792E7A98EA6> /usr/lib/swift/libswiftObjectiveC.dylib
dyld[5528]: <CB44DEF4-FCFF-36ED-8E9D-BB26E0DFACAC> /usr/lib/libswiftPrespecialized.dylib
dyld[5528]: <7C419E70-AC1A-3BF9-913F-D2F87F60680B> /System/Library/Frameworks/SystemConfiguration.framework/Versions/A/SystemConfiguration
dyld[5528]: <03BEB01C-EE74-3952-80FC-D2B7CF9C798D> /usr/lib/libz.1.dylib
dyld[5528]: <1C295E81-112C-3641-8846-101E1BD9471D> /System/Library/PrivateFrameworks/CoreAutoLayout.framework/Versions/A/CoreAutoLayout
dyld[5528]: <B0B762DB-DEE4-368F-94E4-6BCFEC98E286> /usr/lib/libcmark-gfm.dylib
dyld[5528]: <4A5173C4-2F2F-3503-9FED-70C4E5BEFA0F> /usr/lib/libfakelink.dylib
dyld[5528]: <88B2498F-674F-34B8-AC5F-048E050518E5> /usr/lib/libcompression.dylib
dyld[5528]: <49C50CC0-E432-3C8D-84D5-F6AA825941A3> /System/Library/Frameworks/CFNetwork.framework/Versions/A/CFNetwork
dyld[5528]: <ECE02111-DA6A-386C-B109-699F01824273> /System/Library/Frameworks/DiskArbitration.framework/Versions/A/DiskArbitration
dyld[5528]: <CE6444C3-4DCC-3F04-B4EC-AE78233CD4C8> /usr/lib/libarchive.2.dylib
dyld[5528]: <E681BCDD-6DE1-3079-8AD8-DB80F389420D> /usr/lib/libDiagnosticMessagesClient.dylib
dyld[5528]: <700597A5-5992-3705-9F22-3E970E735653> /usr/lib/libicucore.A.dylib
dyld[5528]: <E706ECFF-E18C-3E27-B22D-B8307DE9C6D2> /usr/lib/libxml2.2.dylib
dyld[5528]: <B20E2809-8922-3D51-9CF9-1EF7DFDFBE1D> /System/Library/Frameworks/CoreServices.framework/Versions/A/CoreServices
dyld[5528]: <A316E5EC-C7E2-3D1C-A36A-7075E38735A8> /usr/lib/liblangid.dylib
dyld[5528]: <93FF2D40-D3DB-37A6-A827-8C8947B0BDCF> /System/Library/Frameworks/IOKit.framework/Versions/A/IOKit
dyld[5528]: <EBB4454A-765B-38CF-8B9D-71FF1B53D290> /System/Library/Frameworks/Combine.framework/Versions/A/Combine
dyld[5528]: <FD544864-C6FA-3FB3-B8EA-7ECAA412D97F> /System/Library/PrivateFrameworks/CollectionsInternal.framework/Versions/A/CollectionsInternal
dyld[5528]: <B66B4EC0-DF77-317E-B57C-9005FCA3B3E1> /System/Library/PrivateFrameworks/ReflectionInternal.framework/Versions/A/ReflectionInternal
dyld[5528]: <8D664FD8-9C6D-35F2-A0CB-C7E22ABEB804> /System/Library/PrivateFrameworks/RuntimeInternal.framework/Versions/A/RuntimeInternal
dyld[5528]: <105FF8F1-5BE6-387D-B850-ECE87B4BFE9C> /System/Library/PrivateFrameworks/SoftLinking.framework/Versions/A/SoftLinking
dyld[5528]: <EE71FC23-45F1-30AE-B49C-74D2DE7882BA> /usr/lib/swift/libswiftCoreFoundation.dylib
dyld[5528]: <70D613F2-BFE7-38FC-A7E8-80779478F554> /usr/lib/swift/libswiftDarwin.dylib
dyld[5528]: <F272890D-9996-3BD0-A5AA-67CE47819FE4> /usr/lib/swift/libswiftDispatch.dylib
dyld[5528]: <1A55E5A8-85E6-3067-AB87-4AC87B8C6530> /usr/lib/swift/libswiftIOKit.dylib
dyld[5528]: <92A7149B-3E19-38D2-BD36-3360D56F3096> /usr/lib/swift/libswiftSystem.dylib
dyld[5528]: <75A38F4A-06EE-3FD1-87A3-8F9FF972CE47> /usr/lib/swift/libswiftXPC.dylib
dyld[5528]: <4C680D47-D53D-3E82-9575-B04943349B45> /usr/lib/swift/libswift_Builtin_float.dylib
dyld[5528]: <E202745F-BFF6-3F29-A171-5C8DDE11779C> /usr/lib/swift/libswift_Concurrency.dylib
dyld[5528]: <4A0A069F-D0C0-3F0A-BE4F-4AFE0DF78D58> /usr/lib/swift/libswift_DarwinFoundation1.dylib
dyld[5528]: <2B54D7C1-96A9-350E-B680-2CEC48FE32AE> /usr/lib/swift/libswift_StringProcessing.dylib
dyld[5528]: <C191573D-AF50-3C8E-840C-F64782CC2BFC> /usr/lib/swift/libswiftos.dylib
dyld[5528]: <48EB2100-B5F6-3150-A424-5FD9EEC9B77B> /System/Library/PrivateFrameworks/CoreServicesInternal.framework/Versions/A/CoreServicesInternal
dyld[5528]: <F41D814B-FE1F-311A-A778-5F0699628188> /usr/lib/liboah.dylib
dyld[5528]: <A4C45770-BA54-3D2C-9DA3-077F5A497C32> /System/Library/Frameworks/Security.framework/Versions/A/Security
dyld[5528]: <D3D5DEE9-258B-33B9-A688-CF81D495E88D> /System/Library/PrivateFrameworks/GenerationalStorage.framework/Versions/A/GenerationalStorage
dyld[5528]: <02498F6E-F56A-35EC-BBFD-09E0739F330E> /System/Library/PrivateFrameworks/CacheDelete.framework/Versions/A/CacheDelete
dyld[5528]: <5879E066-73C2-3C08-9571-57A56D8FC106> /System/Library/Frameworks/QuickLookThumbnailing.framework/Versions/A/QuickLookThumbnailing
dyld[5528]: <56C602D6-EE17-31C4-BACC-962E392B7A14> /System/Library/Frameworks/FileProvider.framework/Versions/A/FileProvider
dyld[5528]: <1D861D5E-F6F8-3B0C-97F0-6F7DA8174A13> /System/Library/PrivateFrameworks/DiskImages.framework/Versions/A/DiskImages
dyld[5528]: <8B049FBF-B02F-3B65-B252-36DD33AE4DCB> /System/Library/Frameworks/NetFS.framework/Versions/A/NetFS
dyld[5528]: <8A8560B9-089E-3AB8-996F-C1E6F335D567> /System/Library/PrivateFrameworks/DesktopServicesPriv.framework/Versions/A/DesktopServicesPriv
dyld[5528]: <4DF5833E-170E-391E-8068-334A1619B6EC> /System/Library/Frameworks/CoreServices.framework/Versions/A/Frameworks/FSEvents.framework/Versions/A/FSEvents
dyld[5528]: <C3100FC0-CB90-375E-8228-7AD3095F70CC> /System/Library/Frameworks/CoreServices.framework/Versions/A/Frameworks/CarbonCore.framework/Versions/A/CarbonCore
dyld[5528]: <20352036-F9BF-311D-BF2B-4BE56DE35A4C> /System/Library/Frameworks/CoreServices.framework/Versions/A/Frameworks/Metadata.framework/Versions/A/Metadata
dyld[5528]: <C43D9113-B804-3617-AB4E-18B9746C3FD7> /System/Library/Frameworks/CoreServices.framework/Versions/A/Frameworks/OSServices.framework/Versions/A/OSServices
dyld[5528]: <DB2FEE7A-4E93-3C0A-A1BC-1A7915D7F824> /System/Library/Frameworks/CoreServices.framework/Versions/A/Frameworks/SearchKit.framework/Versions/A/SearchKit
dyld[5528]: <1FE41C73-319E-31D6-8AB9-5D9725C29840> /System/Library/Frameworks/CoreServices.framework/Versions/A/Frameworks/AE.framework/Versions/A/AE
dyld[5528]: <F672AF6B-712F-3E94-A30C-D962C961B1AE> /System/Library/Frameworks/CoreServices.framework/Versions/A/Frameworks/LaunchServices.framework/Versions/A/LaunchServices
dyld[5528]: <89B35D84-BCB4-32EA-B793-BB3563BA6C7E> /System/Library/Frameworks/CoreServices.framework/Versions/A/Frameworks/DictionaryServices.framework/Versions/A/DictionaryServices
dyld[5528]: <11D1A903-7E02-365D-B434-CF1F6928B9C8> /System/Library/Frameworks/CoreServices.framework/Versions/A/Frameworks/SharedFileList.framework/Versions/A/SharedFileList
dyld[5528]: <37EB8634-C367-3986-951F-FE6CE034F9B8> /usr/lib/libapple_nghttp2.dylib
dyld[5528]: <FFED8D03-933A-3E77-A298-899189CFDDEE> /usr/lib/libsqlite3.dylib
dyld[5528]: <480932A5-4C8C-3AEF-AFC3-31D7D5A6DFB7> /System/Library/Frameworks/Accounts.framework/Versions/A/Accounts
dyld[5528]: <277306E7-DBCE-3D31-8E19-1A959860E47C> /System/Library/PrivateFrameworks/AOSKit.framework/Versions/A/AOSKit
dyld[5528]: <F1614AEF-411C-3D85-B147-122B24A52BD2> /System/Library/PrivateFrameworks/AppSSOCore.framework/Versions/A/AppSSOCore
dyld[5528]: <E49883EF-0C5A-34B3-940E-6CDED347A361> /System/Library/PrivateFrameworks/AppSupport.framework/Versions/A/AppSupport
dyld[5528]: <2B4C89E8-6D61-382F-8596-400AFD5DFAED> /System/Library/Frameworks/AVFoundation.framework/Versions/A/AVFoundation
dyld[5528]: <D6494026-1CF4-365F-9D35-BD3C0FAE8463> /System/Library/PrivateFrameworks/BackgroundSystemTasks.framework/Versions/A/BackgroundSystemTasks
dyld[5528]: <5B6BC0A9-527D-3D06-B19A-59A55830D0C2> /System/Library/PrivateFrameworks/CoreAnalytics.framework/Versions/A/CoreAnalytics
dyld[5528]: <86707213-12B9-3943-AF6A-FBFDF1209FCA> /System/Library/Frameworks/CoreGraphics.framework/Versions/A/CoreGraphics
dyld[5528]: <43674C87-ADFF-3F60-9DDD-8CE9CAFA39D5> /System/Library/PrivateFrameworks/DuetActivityScheduler.framework/Versions/A/DuetActivityScheduler
dyld[5528]: <8220298F-96F2-3CED-82CF-C07E11DA38F9> /System/Library/PrivateFrameworks/FTServices.framework/Versions/A/FTServices
dyld[5528]: <6A676BE5-DAA2-3923-8B2D-9183A79D8FCF> /System/Library/Frameworks/GSS.framework/Versions/A/GSS
dyld[5528]: <B9C46934-ECEA-360F-BD4D-39025C7947C9> /System/Library/PrivateFrameworks/InternationalSupport.framework/Versions/A/InternationalSupport
dyld[5528]: <F64C374B-7C49-32B2-BD2E-8822A3F14163> /usr/lib/libMemoryResourceException.dylib
dyld[5528]: <A3C34F06-7BB2-3881-8DD1-775BB79E14B3> /System/Library/PrivateFrameworks/NetworkScore.framework/Versions/A/NetworkScore
dyld[5528]: <31C663CB-E303-3669-A2D3-17AB24A16940> /System/Library/PrivateFrameworks/NetworkServiceProxy.framework/Versions/A/NetworkServiceProxy
dyld[5528]: <949C594B-FE78-3E1A-B40C-4720CF994C75> /System/Library/PrivateFrameworks/RunningBoardServices.framework/Versions/A/RunningBoardServices
dyld[5528]: <291F2CDF-90AA-36D2-94BB-1318387C54C5> /System/Library/PrivateFrameworks/StreamingExtractor.framework/Versions/A/StreamingExtractor
dyld[5528]: <A266C210-8869-390E-93D0-5AC15408C80D> /System/Library/PrivateFrameworks/StreamingZip.framework/Versions/A/StreamingZip
dyld[5528]: <DB7270A8-9BB5-3EBE-B2FD-54F6641D56DE> /System/Library/PrivateFrameworks/SymptomReporter.framework/Versions/A/SymptomReporter
dyld[5528]: <87E902A1-34F8-3ED8-8A5B-00F346A553AE> /usr/lib/libenergytrace.dylib
dyld[5528]: <076C8183-DBAF-3FE4-8019-C95855620AD9> /usr/lib/libnetworkextension.dylib
dyld[5528]: <4A16436D-E026-380A-ADED-84C279C05285> /System/Library/Frameworks/Network.framework/Versions/A/Network
dyld[5528]: <7E84A4E7-383B-33B9-B604-D707E8E0C76A> /usr/lib/libbsm.0.dylib
dyld[5528]: <B20E8F67-6646-3050-AB29-44575B24BB6D> /usr/lib/system/libkxld.dylib
dyld[5528]: <2D2A4D15-9634-3D30-8D50-845C65536968> /System/Library/PrivateFrameworks/AppleKeyStore.framework/Versions/A/AppleKeyStore
dyld[5528]: <CFECAA0B-0E59-3E9B-BE28-7247E52F32BC> /usr/lib/libCoreEntitlements.dylib
dyld[5528]: <DDEA8F2A-0D8C-3136-A60F-159B3BF6BB14> /System/Library/PrivateFrameworks/MessageSecurity.framework/Versions/A/MessageSecurity
dyld[5528]: <4AB73CF2-A262-3297-A4ED-F98885686564> /System/Library/PrivateFrameworks/ProtocolBuffer.framework/Versions/A/ProtocolBuffer
dyld[5528]: <9E416667-BB78-36EB-9B5D-886652738B8E> /System/Library/PrivateFrameworks/CloudServices.framework/Versions/A/CloudServices
dyld[5528]: <88586001-D9A2-3BCE-A0B3-F66B962A5FCD> /System/Library/PrivateFrameworks/SymptomDiagnosticReporter.framework/Versions/A/SymptomDiagnosticReporter
dyld[5528]: <E76B3969-60BD-3EBD-8419-B6D16CB330C2> /System/Library/PrivateFrameworks/CrashReporterSupport.framework/Versions/A/CrashReporterSupport
dyld[5528]: <E0F8AF6B-104D-3F9D-A8FB-49EF7C45EAAE> /usr/lib/libMobileGestalt.dylib
dyld[5528]: <903E85C5-7923-3276-8CD3-439E896B7C6B> /System/Library/PrivateFrameworks/AppleFSCompression.framework/Versions/A/AppleFSCompression
dyld[5528]: <5CF64670-CDC0-3AF0-930A-38522A8573EC> /usr/lib/libcoretls.dylib
dyld[5528]: <88C8B8CF-FC4A-3278-9FD7-A2B90B2F600F> /usr/lib/libcoretls_cfhelpers.dylib
dyld[5528]: <4653F0C2-72CB-3C35-AEB9-AAFD63A5B721> /usr/lib/libpam.2.dylib
dyld[5528]: <47C6FF5C-2E46-3B5A-A3AF-157D64AA89B0> /usr/lib/libxar.1.dylib
dyld[5528]: <715B7DF2-B40D-3EBA-BFC9-13276492ED33> /System/Library/PrivateFrameworks/APFS.framework/Versions/A/APFS
dyld[5528]: <C01C6663-DD1C-3855-AB40-23B40F988E8E> /System/Library/PrivateFrameworks/SwiftASN1Internal.framework/Versions/A/SwiftASN1Internal
dyld[5528]: <AAB4E5F3-8EF1-39BE-A32B-8B4ABF8F390D> /usr/lib/libutil.dylib
dyld[5528]: <389F3921-719F-3A03-BD22-3A711B27FB35> /System/Library/PrivateFrameworks/AppleSystemInfo.framework/Versions/A/AppleSystemInfo
dyld[5528]: <2CFBD4DF-9E6B-34A5-9B6C-BCD05F40F139> /System/Library/PrivateFrameworks/IOMobileFramebuffer.framework/Versions/A/IOMobileFramebuffer
dyld[5528]: <C30F04DE-ADD7-3DBC-A1B2-C7D1EFA08CC6> /System/Library/Frameworks/IOSurface.framework/Versions/A/IOSurface
dyld[5528]: <B73AC390-0D5D-3EDA-A81F-709B68F0E37A> /System/Library/PrivateFrameworks/CoreWiFi.framework/Versions/A/CoreWiFi
dyld[5528]: <E39BD6CE-35C2-3F90-BBC1-F68EB3C71E52> /System/Library/PrivateFrameworks/LoggingSupport.framework/Versions/A/LoggingSupport
dyld[5528]: <B7154554-8A67-3354-B992-14441B39FF71> /System/Library/PrivateFrameworks/MobileAsset.framework/Versions/A/MobileAsset
dyld[5528]: <604DB01F-E423-31DC-A4A1-792F6701BA2D> /System/Library/PrivateFrameworks/PowerLog.framework/Versions/A/PowerLog
dyld[5528]: <BE98D10A-67D4-311C-B556-8D3838CF6F81> /System/Library/PrivateFrameworks/Rapport.framework/Versions/A/Rapport
dyld[5528]: <58E4A38D-47FB-3EAC-B7E0-6818F49D24EA> /System/Library/Frameworks/SwiftData.framework/Versions/A/SwiftData
dyld[5528]: <540009BA-D3E5-3F67-8DE8-ED0033FE9215> /System/Library/PrivateFrameworks/Symptoms.framework/Versions/A/Frameworks/SymptomAnalytics.framework/Versions/A/SymptomAnalytics
dyld[5528]: <743056F4-24EC-3A70-8282-C6F20407C193> /System/Library/Frameworks/UniformTypeIdentifiers.framework/Versions/A/UniformTypeIdentifiers
dyld[5528]: <4C89B3C9-F76E-3ED3-9515-E770E4E0E04A> /System/Library/PrivateFrameworks/UserManagement.framework/Versions/A/UserManagement
dyld[5528]: <0767E249-3DD3-375B-8E61-F5DB8309C5BA> /usr/lib/libboringssl.dylib
dyld[5528]: <819F23DB-90BE-3F09-8647-29C8F3CF929E> /usr/lib/libcupolicy.dylib
dyld[5528]: <B079C73B-474D-3A35-B9FC-C417A2FAAC2D> /usr/lib/libdns_services.dylib
dyld[5528]: <9BFCCC8E-40E3-33F3-8108-ED956930D9B0> /System/Library/Frameworks/NetworkExtension.framework/Versions/A/NetworkExtension
dyld[5528]: <2C368B24-1063-37A2-9815-6392CE0D28FA> /usr/lib/libnwswifttls.dylib
dyld[5528]: <0A92F1D9-34F1-35A9-A293-57BED013A7C7> /usr/lib/libpcap.A.dylib
dyld[5528]: <A88B0E2C-9449-37D5-AA62-8533346704D8> /usr/lib/libquic.dylib
dyld[5528]: <35A0D004-85A7-324D-A597-61F1AA1203B8> /usr/lib/libusrtcp.dylib
dyld[5528]: <AD7AC28E-DF43-3FE2-9F95-1A55421FE21B> /System/Library/PrivateFrameworks/AtomicsInternal.framework/Versions/A/AtomicsInternal
dyld[5528]: <4AFF9D01-B152-3754-917D-FEB9B6EDB074> /System/Library/PrivateFrameworks/InternalSwiftProtobuf.framework/Versions/A/InternalSwiftProtobuf
dyld[5528]: <939A84CD-B303-36D6-89D4-0CA6FE6C9335> /usr/lib/swift/libswiftDistributed.dylib
dyld[5528]: <69B34359-C025-3674-9127-6FE565701511> /usr/lib/swift/libswiftObservation.dylib
dyld[5528]: <7626547E-9425-3FAE-A895-04A4C0B5A24C> /usr/lib/swift/libswiftSynchronization.dylib
dyld[5528]: <61779A8C-8FAF-3B30-88EB-F8B1F7965DA6> /System/Library/PrivateFrameworks/AggregateDictionary.framework/Versions/A/AggregateDictionary
dyld[5528]: <ACB84D0D-0179-32B7-8F5C-53BD2AC740D5> /System/Library/PrivateFrameworks/CoreDuetContext.framework/Versions/A/CoreDuetContext
dyld[5528]: <ED2927D1-85F9-346D-9054-C9008EEFC205> /System/Library/PrivateFrameworks/BiomeLibrary.framework/Versions/A/BiomeLibrary
dyld[5528]: <0F02B28D-130E-3D48-A02E-D62C960731A0> /System/Library/PrivateFrameworks/CoreDuet.framework/Versions/A/CoreDuet
dyld[5528]: <0C2B5247-3909-390E-89D1-CD10B5986FDB> /System/Library/PrivateFrameworks/BiomeStreams.framework/Versions/A/BiomeStreams
dyld[5528]: <ECD6B305-5576-372C-A6C2-6FB8B3449B16> /System/Library/PrivateFrameworks/BiomeFoundation.framework/Versions/A/BiomeFoundation
dyld[5528]: <56BD2841-6328-3882-839C-512E9AEC3220> /System/Library/PrivateFrameworks/BiomePubSub.framework/Versions/A/BiomePubSub
dyld[5528]: <26BCA90F-FDB6-3162-8398-B204D85CFE5B> /System/Library/Frameworks/CoreData.framework/Versions/A/CoreData
dyld[5528]: <5C05FB7B-7E85-3E88-B482-B08EBADE6C7C> /System/Library/PrivateFrameworks/ProactiveSupport.framework/Versions/A/ProactiveSupport
dyld[5528]: <8984813E-20DC-39D0-8760-81CF047BEA77> /System/Library/Frameworks/CoreLocation.framework/Versions/A/CoreLocation
dyld[5528]: <71576C7F-398C-30F3-8B15-E71BBEFCBF40> /System/Library/Frameworks/Intents.framework/Versions/A/Intents
dyld[5528]: <9C3CA246-0044-37F0-9C69-6A72E1434912> /System/Library/Frameworks/_LocationEssentials.framework/Versions/A/_LocationEssentials
dyld[5528]: <6DB9D3C0-C6E8-34F1-BECE-E13E769A8FDB> /usr/lib/liblzma.5.dylib
dyld[5528]: <69865F9B-6DB8-3638-8A23-072E1E349C72> /System/Library/Frameworks/Accelerate.framework/Versions/A/Accelerate
dyld[5528]: <0542EA91-C289-3EEB-A7BD-E3FDC5F48622> /System/Library/PrivateFrameworks/MobileKeyBag.framework/Versions/A/MobileKeyBag
dyld[5528]: <504121FD-73F2-3024-93D0-E8A7C806E94B> /System/Library/PrivateFrameworks/InternationalTextSearch.framework/Versions/A/InternationalTextSearch
dyld[5528]: <6DD8264D-A08C-3E81-A4DC-DF6F92BDE42B> /System/Library/PrivateFrameworks/SoftwareUpdateCoreSupport.framework/Versions/A/SoftwareUpdateCoreSupport
dyld[5528]: <BE013477-FD5C-36B1-9127-66C2080DE35E> /System/Library/PrivateFrameworks/SoftwareUpdateCoreConnect.framework/Versions/A/SoftwareUpdateCoreConnect
dyld[5528]: <B9FE5420-1BC3-3001-ACAF-2E917BFFBDD0> /System/Library/PrivateFrameworks/RemoteServiceDiscovery.framework/Versions/A/RemoteServiceDiscovery
dyld[5528]: <135C2628-BD95-3432-8D97-32C8FDABD1E3> /System/Library/PrivateFrameworks/MSUDataAccessor.framework/Versions/A/MSUDataAccessor
dyld[5528]: <7817458F-E833-3825-A04B-03A79AD8739B> /usr/lib/libbootpolicy.dylib
dyld[5528]: <ED17CD59-DDEC-3BDE-9267-201A02407BAD> /System/Library/PrivateFrameworks/RemoteXPC.framework/Versions/A/RemoteXPC
dyld[5528]: <A1DBFEC9-D0A6-3B2E-99D2-EC6B5B9B960D> /usr/lib/libFDR.dylib
dyld[5528]: <A73B43E8-985F-3BB1-AD2B-DAF39BFF4E95> /usr/lib/libamsupport.dylib
dyld[5528]: <2C923B2B-EB1C-3FD1-8272-4AD141AEE322> /usr/lib/libReverseProxyDevice.dylib
dyld[5528]: <A1751466-FD99-3C13-9DAE-8EE39A575C75> /System/Library/PrivateFrameworks/AppleDeviceQuerySupport.framework/Versions/A/AppleDeviceQuerySupport
dyld[5528]: <6B2536A0-FB99-3B72-BF72-C8A230F76C2F> /usr/lib/libpartition2_dynamic.dylib
dyld[5528]: <50A785A8-C474-3A6D-A6CB-DFD2D0E93B43> /System/Library/PrivateFrameworks/AppleSauce.framework/Versions/A/AppleSauce
dyld[5528]: <4C0A66D2-B313-3A88-B438-3B2FBAFD7994> /usr/lib/libAppleArchive.dylib
dyld[5528]: <F8B99793-2A42-3B06-A92E-C84D8679459A> /usr/lib/libbz2.1.0.dylib
dyld[5528]: <87180846-15A0-3AE6-9375-8986922E7704> /System/Library/Frameworks/Accelerate.framework/Versions/A/Frameworks/vImage.framework/Versions/A/vImage
dyld[5528]: <F9DA17B8-BF0E-3D0E-8D51-8895A09E76CA> /System/Library/Frameworks/Accelerate.framework/Versions/A/Frameworks/vecLib.framework/Versions/A/vecLib
dyld[5528]: <E5B95953-1269-352C-B085-3BC6406E41D9> /System/Library/Frameworks/Accelerate.framework/Versions/A/Frameworks/vecLib.framework/Versions/A/libvMisc.dylib
dyld[5528]: <C127566F-507D-3087-8945-973441413016> /System/Library/Frameworks/Accelerate.framework/Versions/A/Frameworks/vImage.framework/Versions/A/Libraries/libCGInterfaces.dylib
dyld[5528]: <48BF39E9-074A-3BD8-80DD-DEB901859383> /System/Library/PrivateFrameworks/AccelerateGPU.framework/Versions/A/AccelerateGPU
dyld[5528]: <B8AEEB6D-A458-37C3-B22A-99C768B155EA> /System/Library/Frameworks/Accelerate.framework/Versions/A/Frameworks/vecLib.framework/Versions/A/libBLAS.dylib
dyld[5528]: <305A0A92-364D-3C8B-8BC4-DAE07A4E2918> /System/Library/Frameworks/ApplicationServices.framework/Versions/A/ApplicationServices
dyld[5528]: <9C44ABC3-19CD-32AB-A7AA-098813317900> /System/Library/Frameworks/CoreVideo.framework/Versions/A/CoreVideo
dyld[5528]: <96471F96-B3C6-3783-B8BB-17C1E48C46B7> /System/Library/Frameworks/ColorSync.framework/Versions/A/ColorSync
dyld[5528]: <22A4F922-8523-396D-AD9B-DA6FF15DA432> /System/Library/Frameworks/CoreText.framework/Versions/A/CoreText
dyld[5528]: <0CD49F9D-A8E2-303D-98A7-7E9602B00B90> /System/Library/Frameworks/ImageIO.framework/Versions/A/ImageIO
dyld[5528]: <63A93F8B-EBA5-37CF-A171-7B220B8C6A70> /System/Library/Frameworks/ApplicationServices.framework/Versions/A/Frameworks/ATS.framework/Versions/A/ATS
dyld[5528]: <0B0164B2-3069-3AF2-B2C5-8A5F1E81BFD6> /System/Library/Frameworks/ApplicationServices.framework/Versions/A/Frameworks/HIServices.framework/Versions/A/HIServices
dyld[5528]: <395625EB-39F6-392B-88CB-C8679C3A844C> /System/Library/Frameworks/ApplicationServices.framework/Versions/A/Frameworks/PrintCore.framework/Versions/A/PrintCore
dyld[5528]: <2CC38837-4DB6-3BBB-A3C9-75D083BD5C61> /System/Library/Frameworks/ApplicationServices.framework/Versions/A/Frameworks/QD.framework/Versions/A/QD
dyld[5528]: <7E09AC41-9944-3061-BC9A-23B6F977BE3A> /System/Library/Frameworks/ApplicationServices.framework/Versions/A/Frameworks/ColorSyncLegacy.framework/Versions/A/ColorSyncLegacy
dyld[5528]: <26B44C48-BC70-38A8-AAF1-7EC18393E11F> /System/Library/Frameworks/ApplicationServices.framework/Versions/A/Frameworks/SpeechSynthesis.framework/Versions/A/SpeechSynthesis
dyld[5528]: <898384F5-D43B-3BCA-8383-3039E80CFA6D> /System/Library/PrivateFrameworks/SkyLight.framework/Versions/A/SkyLight
dyld[5528]: <27A05596-EDE4-3576-B061-D68EB1B6CAD5> /System/Library/PrivateFrameworks/FontServices.framework/libFontParser.dylib
dyld[5528]: <0C76F3C5-CD3B-3837-BAEB-0226751512F6> /System/Library/PrivateFrameworks/BaseBoard.framework/Versions/A/BaseBoard
dyld[5528]: <35DD2B0B-E814-3C04-89AE-04EB53AB64B2> /System/Library/PrivateFrameworks/BoardServices.framework/Versions/A/BoardServices
dyld[5528]: <822C92A9-C200-3DF8-A48F-04F6FC444EA2> /System/Library/PrivateFrameworks/BackBoardServices.framework/Versions/A/BackBoardServices
dyld[5528]: <83EA7238-159B-3156-8F5D-D84E4D94FAD2> /System/Library/PrivateFrameworks/BackBoardHIDEventFoundation.framework/Versions/A/BackBoardHIDEventFoundation
dyld[5528]: <197CDF27-438E-3EB7-BC35-0C466CCF17CD> /System/Library/Frameworks/CoreDisplay.framework/Versions/A/CoreDisplay
dyld[5528]: <586DC60D-A727-38F7-9156-CC98E30F284D> /System/Library/Frameworks/VideoToolbox.framework/Versions/A/VideoToolbox
dyld[5528]: <7835C05F-D662-38A0-83A8-CA317D2C915B> /System/Library/Frameworks/MetalPerformanceShaders.framework/Versions/A/MetalPerformanceShaders
dyld[5528]: <3B0EC42B-483E-3B2E-9320-4CB6664A302B> /System/Library/PrivateFrameworks/ProDisplayLibrary.framework/Versions/A/ProDisplayLibrary
dyld[5528]: <A4FA1F92-D834-3716-89C5-F0B7C0609744> /System/Library/PrivateFrameworks/IOSurfaceAccelerator.framework/Versions/A/IOSurfaceAccelerator
dyld[5528]: <E62B6554-CA42-3D79-B048-C5F6DEFA20CC> /System/Library/Frameworks/Metal.framework/Versions/A/Metal
dyld[5528]: <61E0BB2C-2B28-3B5A-8548-B2C19521DCAD> /System/Library/PrivateFrameworks/IOAccelerator.framework/Versions/A/IOAccelerator
dyld[5528]: <8149A6D5-5D34-3DE8-9F49-0C13EBA54A00> /System/Library/Frameworks/CoreMedia.framework/Versions/A/CoreMedia
dyld[5528]: <312C79A8-E961-3646-8528-3FC190FAAEA3> /System/Library/PrivateFrameworks/TCC.framework/Versions/A/TCC
dyld[5528]: <C3A8BEDA-D443-3239-93BC-1F77D6307526> /System/Library/PrivateFrameworks/WatchdogClient.framework/Versions/A/WatchdogClient
dyld[5528]: <F1BA3189-E95A-3ECA-B59A-5A6872754484> /System/Library/Frameworks/QuartzCore.framework/Versions/A/QuartzCore
dyld[5528]: <9A09DE9B-0772-325A-BBA2-8164DAB189BE> /System/Library/PrivateFrameworks/MultitouchSupport.framework/Versions/A/MultitouchSupport
dyld[5528]: <DDA5A4B3-59E6-319C-8061-FEFD39ADC8C7> /usr/lib/swift/libswiftAccelerate.dylib
dyld[5528]: <EFBE5ADA-3929-35CF-988E-7AED8B7FDE51> /usr/lib/swift/libswiftCoreAudio.dylib
dyld[5528]: <D1491CD7-17C3-36DB-8775-211B2F22C80F> /usr/lib/swift/libswiftCoreMedia.dylib
dyld[5528]: <10BCDD43-C5E6-38BF-99CA-54B6AD7A3EEA> /usr/lib/swift/libswiftMetal.dylib
dyld[5528]: <57A2CE5E-DAC3-35D2-9BED-6188DF518B70> /usr/lib/swift/libswiftOSLog.dylib
dyld[5528]: <C348816E-C511-356C-830B-5F690FA3AA69> /usr/lib/swift/libswiftQuartzCore.dylib
dyld[5528]: <D02B3C6D-7F89-3910-B160-7339E13B7778> /usr/lib/swift/libswiftUniformTypeIdentifiers.dylib
dyld[5528]: <E0458D1A-E650-3E6B-99A1-1882CC4A159A> /usr/lib/swift/libswiftVideoToolbox.dylib
dyld[5528]: <F83F1836-73D8-3B30-A8C4-FED0DA5E8CEC> /usr/lib/swift/libswiftsimd.dylib
dyld[5528]: <9A1B7F95-CF13-3127-85D4-9AAF491AF821> /System/Library/PrivateFrameworks/BiomeStorage.framework/Versions/A/BiomeStorage
dyld[5528]: <5DA57389-B626-3B6E-89E3-C724B0468F10> /System/Library/PrivateFrameworks/IntelligencePlatformLibrary.framework/Versions/A/IntelligencePlatformLibrary
dyld[5528]: <2E3DEAB0-737E-3412-9437-32EDB3086EA3> /System/Library/PrivateFrameworks/PoirotSchematizer.framework/Versions/A/PoirotSchematizer
dyld[5528]: <6D9F3228-2B0C-36ED-B43E-BC4148212971> /System/Library/PrivateFrameworks/BiomeSync.framework/Versions/A/BiomeSync
dyld[5528]: <D25EE534-F145-3A91-B92E-2BBDE76BB0B1> /System/Library/PrivateFrameworks/BiomeDSL.framework/Versions/A/BiomeDSL
dyld[5528]: <BC98F8FE-E39A-31DC-B2BB-F129D1352E1E> /System/Library/PrivateFrameworks/FeatureFlags.framework/Versions/A/FeatureFlags
dyld[5528]: <4B0C858E-68AE-32CF-8F62-B44B1838BBB6> /System/Library/PrivateFrameworks/PoirotUDFs.framework/Versions/A/PoirotUDFs
dyld[5528]: <866DBB51-99DA-38A9-A712-4E26BB5A5CE0> /usr/lib/swift/libswift_DarwinFoundation2.dylib
dyld[5528]: <995CB65C-A58D-38B3-A271-917FDB9F8C57> /usr/lib/swift/libswift_DarwinFoundation3.dylib
dyld[5528]: <89179061-46AF-3E0C-8F03-FF9F5ACEE211> /System/Library/PrivateFrameworks/CoreTime.framework/Versions/A/CoreTime
dyld[5528]: <2D429111-B58B-365E-8D8D-68DA82D20589> /usr/lib/libiconv.2.dylib
dyld[5528]: <7704B548-DB2D-3468-B301-82E8F026DDCE> /usr/lib/libcharset.1.dylib
dyld[5528]: <07B78F81-0131-32DA-9961-316C1C248338> /System/Library/PrivateFrameworks/PoirotSQLite.framework/Versions/A/PoirotSQLite
dyld[5528]: <6BA1B88C-B16D-3296-9322-F98613487F18> /usr/lib/swift/libswift_RegexParser.dylib
dyld[5528]: <327752A7-9364-352C-B3FD-79457DC3145C> /System/Library/PrivateFrameworks/CascadeSets.framework/Versions/A/CascadeSets
dyld[5528]: <39D6BD21-AFD7-3068-B747-B94A5D9F1C27> /System/Library/PrivateFrameworks/CorePhoneNumbers.framework/Versions/A/CorePhoneNumbers
dyld[5528]: <72E56855-8FE6-3262-9A11-B2F475119A93> /System/Library/PrivateFrameworks/AppleJPEG.framework/Versions/A/AppleJPEG
dyld[5528]: <6D02979F-089C-3FF7-B3EA-939E8810EDE7> /usr/lib/libexpat.1.dylib
dyld[5528]: <5855ECAC-2298-3B0A-A859-9E643E12010D> /System/Library/Frameworks/ImageIO.framework/Versions/A/Resources/libPng.dylib
dyld[5528]: <2E5FD6A0-0646-3F84-84A8-09F2BD58C56D> /System/Library/Frameworks/ImageIO.framework/Versions/A/Resources/libTIFF.dylib
dyld[5528]: <A4D144D0-C3D8-3BB6-962F-FDBC6DACC105> /System/Library/Frameworks/ImageIO.framework/Versions/A/Resources/libGIF.dylib
dyld[5528]: <FCBA3CD1-64C8-3BE1-AB50-450070167FA3> /System/Library/Frameworks/ImageIO.framework/Versions/A/Resources/libJP2.dylib
dyld[5528]: <8331A311-1C3F-37E5-A6FB-74FEB6D31D57> /usr/lib/libate.dylib
dyld[5528]: <30EA44B1-2A44-3415-A1B6-DD0ED2B7B306> /System/Library/Frameworks/ImageIO.framework/Versions/A/Resources/libJPEG.dylib
dyld[5528]: <2C186C82-66E0-369C-B2D4-1815FAB8AFB3> /System/Library/Frameworks/ImageIO.framework/Versions/A/Resources/libRadiance.dylib
dyld[5528]: <0E239D6E-4F69-3A3C-8F10-207AB9E53626> /System/Library/PrivateFrameworks/GPUCompiler.framework/Versions/32023/Libraries/libllvm-flatbuffers.dylib
dyld[5528]: <E0E4527F-02A1-3B8E-BC59-50596B14C725> /System/Library/PrivateFrameworks/FramePacing.framework/Versions/A/FramePacing
dyld[5528]: <A7E06810-96A7-320B-90FF-41FEC8996481> /System/Library/Frameworks/OpenGL.framework/Versions/A/Libraries/libCoreFSCache.dylib
dyld[5528]: <54727168-9032-3AF7-B571-3A52A508B761> /System/Library/PrivateFrameworks/GPUCompiler.framework/Versions/32023/Libraries/libGPUCompilerUtils.dylib
dyld[5528]: <3877C6C1-2A1C-3971-A39B-BFBCBD2316E4> /System/Library/PrivateFrameworks/GraphicsServices.framework/Versions/A/GraphicsServices
dyld[5528]: <4441E600-26A0-3A7E-A20A-4A4F239AA0D0> /System/Library/Frameworks/OpenGL.framework/Versions/A/OpenGL
dyld[5528]: <D7A8D43B-01FB-363F-9E04-E3AE9712247B> /System/Library/Frameworks/OpenGL.framework/Versions/A/Libraries/libGLU.dylib
dyld[5528]: <82D99F0A-0AE0-3187-AED3-F8EA8602892E> /System/Library/Frameworks/OpenGL.framework/Versions/A/Libraries/libGFXShared.dylib
dyld[5528]: <0467762E-9A84-3C53-B0F4-CA179E29A8CE> /System/Library/Frameworks/OpenGL.framework/Versions/A/Libraries/libGL.dylib
dyld[5528]: <CF163ACB-2E12-3036-AFBE-AAEC42E32A95> /System/Library/Frameworks/OpenGL.framework/Versions/A/Libraries/libGLImage.dylib
dyld[5528]: <DCF9371C-4D04-3524-B0A0-0E0A93183BFB> /System/Library/Frameworks/OpenGL.framework/Versions/A/Libraries/libCVMSPluginSupport.dylib
dyld[5528]: <9879D439-C0AD-3A93-9050-4C0AE6C7DD07> /System/Library/Frameworks/OpenGL.framework/Versions/A/Libraries/libCoreVMClient.dylib
dyld[5528]: <FB88FA95-68C1-3573-B8A4-815488BDA4E6> /System/Library/PrivateFrameworks/GPUWrangler.framework/Versions/A/GPUWrangler
dyld[5528]: <60E38601-35DB-3D90-80C0-BB19848CFED7> /System/Library/PrivateFrameworks/IOPresentment.framework/Versions/A/IOPresentment
dyld[5528]: <F5D64A73-D6D9-380E-BF44-10544E2465B6> /System/Library/PrivateFrameworks/DSExternalDisplay.framework/Versions/A/DSExternalDisplay
dyld[5528]: <9FD68D8C-8D94-32D2-A41C-97A66C2E4BB6> /System/Library/PrivateFrameworks/VideoToolboxParavirtualizationSupport.framework/Versions/A/VideoToolboxParavirtualizationSupport
dyld[5528]: <7EB7686D-74B9-385B-A60F-25F9C97AD46B> /System/Library/PrivateFrameworks/AppleVA.framework/Versions/A/AppleVA
dyld[5528]: <1E88A46B-6D6B-3648-968B-01532612E28C> /System/Library/Frameworks/ExtensionFoundation.framework/Versions/A/ExtensionFoundation
dyld[5528]: <7AEF5F35-87FB-36B6-9347-BFB7DE09B133> /System/Library/PrivateFrameworks/CMCaptureCore.framework/Versions/A/CMCaptureCore
dyld[5528]: <866F4ACD-D94B-3BD7-8B90-573A51A8CEDF> /usr/lib/libspindump.dylib
dyld[5528]: <2E3313F7-C583-3D6C-A88B-37AF8B4C56F0> /System/Library/Frameworks/CoreAudio.framework/Versions/A/CoreAudio
dyld[5528]: <D54F06FB-C477-3A05-9C9F-A02CF013F926> /System/Library/PrivateFrameworks/AppServerSupport.framework/Versions/A/AppServerSupport
dyld[5528]: <8BDF1C32-455B-3FEF-A6E4-ECD49074CA07> /System/Library/PrivateFrameworks/perfdata.framework/Versions/A/perfdata
dyld[5528]: <71BD1CD7-CD33-3689-9EFF-12FAD75B97E5> /System/Library/PrivateFrameworks/AudioDSPGraph.framework/Versions/A/AudioDSPGraph
dyld[5528]: <668AAB07-F503-3EB4-A382-F01FB60269FB> /System/Library/PrivateFrameworks/AudioToolboxCore.framework/Versions/A/AudioToolboxCore
dyld[5528]: <725DE236-E4BB-34E0-A155-46A974629A81> /System/Library/PrivateFrameworks/caulk.framework/Versions/A/caulk
dyld[5528]: <573E42C2-BB6F-3E6C-BA4C-A7689728B174> /usr/lib/libAudioStatistics.dylib
dyld[5528]: <99C955D1-07A3-3FE9-922A-BC678E2EA454> /System/Library/PrivateFrameworks/SystemPolicy.framework/Versions/A/SystemPolicy
dyld[5528]: <08EEC0C2-F56C-3BB9-992A-160E5AAAEB56> /usr/lib/libSMC.dylib
dyld[5528]: <5491E4A8-56A3-3EBC-AC8E-B2D69CB34E32> /usr/lib/swift/libswiftCoreMIDI.dylib
dyld[5528]: <29F750A3-0A23-3C21-8C79-4A2D22F7BE8B> /System/Library/Frameworks/CoreMIDI.framework/Versions/A/CoreMIDI
dyld[5528]: <E83E83E4-F6D9-36B1-A7C8-1391F6E5D4E7> /usr/lib/libAudioToolboxUtility.dylib
dyld[5528]: <0D2BC538-CE70-3EFD-B277-6B12CEED8EC7> /usr/lib/libperfcheck.dylib
dyld[5528]: <AAD9FBE3-5777-3ED9-930F-1B5F492CDFA6> /System/Library/PrivateFrameworks/AudioAnalytics.framework/Versions/A/AudioAnalytics
dyld[5528]: <BFBCF2EC-4BC5-3941-AE6B-3F5BEF2C2296> /System/Library/Frameworks/OSLog.framework/Versions/A/OSLog
dyld[5528]: <C6FCA282-6ABB-38D2-9683-C6A229CCD92B> /System/Library/PrivateFrameworks/OSEligibility.framework/Versions/A/OSEligibility
dyld[5528]: <D170449C-D007-358E-A189-0CAA6CF8D01F> /System/Library/PrivateFrameworks/IconServices.framework/Versions/A/IconServices
dyld[5528]: <FAF6A95A-EDAC-3CEF-AE8A-44C9A4C12AA2> /System/Library/Frameworks/LightweightCodeRequirements.framework/Versions/A/LightweightCodeRequirements
dyld[5528]: <0F0E3B26-14CC-3248-B8FC-F55458E643C1> /System/Library/PrivateFrameworks/PlugInKit.framework/Versions/A/PlugInKit
dyld[5528]: <5F47F3F1-ADF5-35A7-8ADF-9C850F05C96E> /System/Library/PrivateFrameworks/AssertionServices.framework/Versions/A/AssertionServices
dyld[5528]: <4575E49F-BCA8-34CC-8027-BCE51ACDB678> /System/Library/PrivateFrameworks/IconFoundation.framework/Versions/A/IconFoundation
dyld[5528]: <55C4846B-FB15-31BB-81A1-FE1EE773650D> /System/Library/PrivateFrameworks/AssistantServices.framework/Versions/A/AssistantServices
dyld[5528]: <F4165CF9-0759-306E-8253-D5A316F8C87C> /System/Library/PrivateFrameworks/IconRendering.framework/Versions/A/IconRendering
dyld[5528]: <4866A12C-9F52-3ECE-A0C4-55F9E0FD065C> /System/Library/PrivateFrameworks/CoreUI.framework/Versions/A/CoreUI
dyld[5528]: <0B0C1F98-570E-38B6-A749-5A2239DCB0B7> /System/Library/Frameworks/CoreImage.framework/Versions/A/CoreImage
dyld[5528]: <262D0D2A-7A75-3343-AEB9-1294F6DC8118> /System/Library/PrivateFrameworks/SFSymbols.framework/Versions/A/SFSymbols
dyld[5528]: <CB99B5A9-3254-3174-A216-CCE7299B7E49> /System/Library/Frameworks/DeveloperToolsSupport.framework/Versions/A/DeveloperToolsSupport
dyld[5528]: <F7ECFEE8-BD23-380C-B96F-D1C588B8E735> /System/Library/PrivateFrameworks/RenderBox.framework/Versions/A/RenderBox
dyld[5528]: <3F803C87-C3A7-3DF6-B51B-8AADBFEC915C> /System/Library/PrivateFrameworks/CoreSVG.framework/Versions/A/CoreSVG
dyld[5528]: <2EA07A48-1ADC-3A77-9A3A-596142804F26> /System/Library/PrivateFrameworks/TextureIO.framework/Versions/A/TextureIO
dyld[5528]: <804A03E9-5942-312F-A1AA-8638FD385C1C> /usr/lib/swift/libswiftCoreImage.dylib
dyld[5528]: <BCE53558-0DC1-3670-8AD8-00315C2C7A8B> /System/Library/PrivateFrameworks/GraphVisualizer.framework/Versions/A/GraphVisualizer
dyld[5528]: <76B6A89A-771D-3946-8628-2DECF6188233> /System/Library/PrivateFrameworks/FontServices.framework/Versions/A/FontServices
dyld[5528]: <3CBB2906-8FEF-300A-8F84-1A61263AAB2C> /System/Library/PrivateFrameworks/OTSVG.framework/Versions/A/OTSVG
dyld[5528]: <2E43B513-D03C-3AE1-81C4-7B2ADBB6369E> /System/Library/Frameworks/ApplicationServices.framework/Versions/A/Frameworks/ATS.framework/Versions/A/Resources/libFontRegistry.dylib
dyld[5528]: <D0AD39A1-B981-345D-A8AE-F4DD33ACD224> /usr/lib/libhvf.dylib
dyld[5528]: <DC0A782B-37B2-3DB2-929B-C355C657DBA0> /System/Library/PrivateFrameworks/ParsingInternal.framework/Versions/A/ParsingInternal
dyld[5528]: <749892C3-5510-33F1-A268-8C2EBCAA0F35> /System/Library/PrivateFrameworks/FontServices.framework/libXTFontStaticRegistryData.dylib
dyld[5528]: <1C8768D1-ADC9-32F8-9B19-75F5B361342C> /System/Library/Frameworks/MetalPerformanceShaders.framework/Versions/A/Frameworks/MPSCore.framework/Versions/A/MPSCore
dyld[5528]: <C36504AE-AF4B-3BBB-B4C4-2AF4E3180B9C> /System/Library/Frameworks/MetalPerformanceShaders.framework/Versions/A/Frameworks/MPSImage.framework/Versions/A/MPSImage
dyld[5528]: <16ECC4C3-132A-3566-BA81-3A9857E6ECA3> /System/Library/Frameworks/MetalPerformanceShaders.framework/Versions/A/Frameworks/MPSNeuralNetwork.framework/Versions/A/MPSNeuralNetwork
dyld[5528]: <306ACCB4-2F1F-3292-87FD-0E65488119D9> /System/Library/Frameworks/MetalPerformanceShaders.framework/Versions/A/Frameworks/MPSMatrix.framework/Versions/A/MPSMatrix
dyld[5528]: <E53B1901-AED1-3258-9EBD-06F0A617F8CC> /System/Library/Frameworks/MetalPerformanceShaders.framework/Versions/A/Frameworks/MPSRayIntersector.framework/Versions/A/MPSRayIntersector
dyld[5528]: <EE7ACF8A-08BA-38FB-BAF9-A041B5C1647F> /System/Library/Frameworks/MetalPerformanceShaders.framework/Versions/A/Frameworks/MPSNDArray.framework/Versions/A/MPSNDArray
dyld[5528]: <BF31F15F-31CD-395D-AC73-4184B3B369BA> /System/Library/Frameworks/MetalPerformanceShaders.framework/Versions/A/Frameworks/MPSFunctions.framework/Versions/A/MPSFunctions
dyld[5528]: <64E0C8EB-73F2-3B9F-BA62-5011816127E5> /System/Library/Frameworks/MetalPerformanceShaders.framework/Versions/A/Frameworks/MPSBenchmarkLoop.framework/Versions/A/MPSBenchmarkLoop
dyld[5528]: <017CF55F-3554-395F-96CE-3162C11DF459> /System/Library/Frameworks/MetalPerformanceShaders.framework/Versions/A/Frameworks/MPSHost.framework/Versions/A/MPSHost
dyld[5528]: <828164D8-1D9C-3284-BEB6-94E4A14D789F> /System/Library/PrivateFrameworks/MetalTools.framework/Versions/A/MetalTools
dyld[5528]: <818ED21F-78B0-35A6-8759-A7ECABF2BFC8> /System/Library/PrivateFrameworks/IOAccelMemoryInfo.framework/Versions/A/IOAccelMemoryInfo
dyld[5528]: <983D9B3D-E395-3028-A6C5-53A3A18B6604> /System/Library/PrivateFrameworks/kperf.framework/Versions/A/kperf
dyld[5528]: <F8E5C533-6122-3B5D-B88A-A47C32109A9A> /System/Library/PrivateFrameworks/GPURawCounter.framework/Versions/A/GPURawCounter
dyld[5528]: <1DB46CCA-B13C-3959-BC00-924F576CB767> /System/Library/PrivateFrameworks/ASEProcessing.framework/Versions/A/ASEProcessing
dyld[5528]: <4102CB7D-49E9-345A-A779-3AE810B87268> /System/Library/PrivateFrameworks/Symbolication.framework/Versions/A/Symbolication
dyld[5528]: <1D4A69BF-58CF-3D49-A5FE-060A6882656F> /System/Library/PrivateFrameworks/PhotosensitivityProcessing.framework/Versions/A/PhotosensitivityProcessing
dyld[5528]: <AE03A46C-9FB6-374D-B37E-9718D375A651> /System/Library/PrivateFrameworks/SILManager.framework/Versions/A/SILManager
dyld[5528]: <330E7EFA-BC89-312E-BCB8-7B1DF5D9DE3A> /System/Library/PrivateFrameworks/CoreSymbolication.framework/Versions/A/CoreSymbolication
dyld[5528]: <8719F16D-7F55-3975-998C-06005D5DDC68> /System/Library/PrivateFrameworks/MallocStackLogging.framework/Versions/A/MallocStackLogging
dyld[5528]: <9B8E1A80-3FE3-39C1-A2FD-47BA6DFA959D> /System/Library/PrivateFrameworks/DebugSymbols.framework/Versions/A/DebugSymbols
dyld[5528]: <D89BF7AA-5A74-3F60-B20C-8250BD62F6B4> /System/Library/PrivateFrameworks/OSAnalytics.framework/Versions/A/OSAnalytics
dyld[5528]: <34A24CD5-073C-3E55-8D5F-83818DFCB057> /System/Library/PrivateFrameworks/DeviceRecovery.framework/Versions/A/DeviceRecovery
dyld[5528]: <5BD8491A-8C15-3964-9B0F-B1C9369DC3FC> /System/Library/PrivateFrameworks/Tightbeam.framework/Versions/A/Tightbeam
dyld[5528]: <B5EAFB22-7AE0-343B-95BB-7BB58955A702> /usr/lib/swift/libswiftCompression.dylib
dyld[5528]: <5F0A0B0B-7997-351F-99D8-0517689BBABD> /System/Library/PrivateFrameworks/AFKUser.framework/Versions/A/AFKUser
dyld[5528]: <CA3F2D29-2FCB-3DF4-ADA9-94072A8A6CBD> /System/Library/Frameworks/ApplicationServices.framework/Versions/A/Frameworks/ATSUI.framework/Versions/A/ATSUI
dyld[5528]: <85AB42E3-076F-3B68-ACCF-98625AA5E3D9> /System/Library/PrivateFrameworks/SAObjects.framework/Versions/A/SAObjects
dyld[5528]: <A329E39B-D87D-356B-AA05-3A30CC0DBEEF> /System/Library/Frameworks/AudioToolbox.framework/Versions/A/AudioToolbox
dyld[5528]: <459BA19D-9D3F-32BB-9BE4-176D95B85BCF> /System/Library/PrivateFrameworks/MediaRemote.framework/Versions/A/MediaRemote
dyld[5528]: <DCCDD83A-C276-3DD3-8F2E-6D3B899BB586> /System/Library/Frameworks/UserNotifications.framework/Versions/A/UserNotifications
dyld[5528]: <F12A1855-5F99-3D8A-AA13-23CA64268CD7> /System/Library/PrivateFrameworks/SiriInstrumentation.framework/Versions/A/SiriInstrumentation
dyld[5528]: <10891579-226D-3750-91A9-D98D111EA3BA> /System/Library/PrivateFrameworks/SiriAnalytics.framework/Versions/A/SiriAnalytics
dyld[5528]: <0C21B87C-6478-362B-AF45-D3A1D4A83FCF> /System/Library/PrivateFrameworks/SiriTTSService.framework/Versions/A/SiriTTSService
dyld[5528]: <5D8E0ADB-8A76-34C1-92D6-AF35C7EA73CF> /System/Library/PrivateFrameworks/SiriCrossDeviceArbitration.framework/Versions/A/SiriCrossDeviceArbitration
dyld[5528]: <784C4442-B822-3412-AF09-A1E753DDFFA3> /System/Library/PrivateFrameworks/FeedbackLogger.framework/Versions/A/FeedbackLogger
dyld[5528]: <760531A3-5E19-39C5-84B1-A445B2A50129> /System/Library/PrivateFrameworks/FaceTimeNameUtility.framework/Versions/A/FaceTimeNameUtility
dyld[5528]: <033D0C7B-216E-3D54-AD8C-B83BDE9B4F2D> /System/Library/PrivateFrameworks/AuthKit.framework/Versions/A/AuthKit
dyld[5528]: <D04C8621-DE39-35FD-9351-1627B71F02DC> /System/Library/PrivateFrameworks/SiriCrossDeviceArbitrationFeedback.framework/Versions/A/SiriCrossDeviceArbitrationFeedback
dyld[5528]: <E410F3F8-843C-3FCA-968C-3C864D829AF2> /usr/lib/swift/libswiftCoreLocation.dylib
dyld[5528]: <373189AA-6180-34D7-BA84-6BE401E4E1B9> /usr/lib/swift/libswiftAVFoundation.dylib
dyld[5528]: <3E7267BC-3D63-3785-8279-A8823C9C758F> /System/Library/PrivateFrameworks/UIKitServices.framework/Versions/A/UIKitServices
dyld[5528]: <83745C57-DE3B-394D-A83A-D71C79F3A8B9> /System/Library/PrivateFrameworks/UnifiedAssetFramework.framework/Versions/A/UnifiedAssetFramework
dyld[5528]: <5FEF75E9-F1DD-3FA9-A8B0-81277371B8FC> /System/Library/PrivateFrameworks/AudioSession.framework/Versions/A/AudioSession
dyld[5528]: <FA90EFCA-B936-357B-BF18-16A0FB34B9E9> /System/Library/PrivateFrameworks/MediaExperience.framework/Versions/A/MediaExperience
dyld[5528]: <BBC3CD71-264B-3C66-A2C0-5D4D266256EA> /System/Library/PrivateFrameworks/AudioSession.framework/libSessionUtility.dylib
dyld[5528]: <DD4B10E2-D4D6-3490-A745-33527E18CAAA> /System/Library/PrivateFrameworks/AudioAccessoryServices.framework/Versions/A/AudioAccessoryServices
dyld[5528]: <E3CE1636-EE20-35AF-B55A-F42B7B266EA4> /System/Library/Frameworks/CoreBluetooth.framework/Versions/A/CoreBluetooth
dyld[5528]: <51458515-C89E-317A-850D-182764F322EE> /System/Library/PrivateFrameworks/CoreUtils.framework/Versions/A/CoreUtils
dyld[5528]: <C9A86813-25EE-3439-8F66-A83F1A5015EC> /System/Library/PrivateFrameworks/HID.framework/Versions/A/HID
dyld[5528]: <F1FB23C7-7BB9-3B7C-87A2-7CA7F343ED61> /System/Library/PrivateFrameworks/Sharing.framework/Versions/A/Sharing
dyld[5528]: <D18AF20A-1BF0-383C-9E97-96CDCECE07A7> /System/Library/PrivateFrameworks/CoreUtilsExtras.framework/Versions/A/CoreUtilsExtras
dyld[5528]: <5A300AF2-96D7-3A85-ACA6-9084A7C40C6D> /System/Library/PrivateFrameworks/IO80211.framework/Versions/A/IO80211
dyld[5528]: <963A1CA0-DEBD-3341-81A2-DB5B34283C7B> /System/Library/PrivateFrameworks/IDSFoundation.framework/Versions/A/IDSFoundation
dyld[5528]: <8F99AE0B-A693-349F-8904-B70ECB1C86AA> /System/Library/PrivateFrameworks/Apple80211.framework/Versions/A/Apple80211
dyld[5528]: <9C05D8FD-3F10-3476-8A3C-501966EA13D2> /System/Library/Frameworks/CoreWLAN.framework/Versions/A/CoreWLAN
dyld[5528]: <604B1733-3682-3AF6-9F07-C85C999F3131> /System/Library/Frameworks/IOBluetooth.framework/Versions/A/IOBluetooth
dyld[5528]: <F11740D9-FE8D-38B3-99A9-666EE022F7A7> /usr/lib/swift/libswiftRegexBuilder.dylib
dyld[5528]: <1F2E4950-8060-35D0-B598-D2196F2728B3> /System/Library/PrivateFrameworks/IMFoundation.framework/Versions/A/IMFoundation
dyld[5528]: <462A888C-46C7-324A-8A18-4053C6CB2961> /System/Library/PrivateFrameworks/Marco.framework/Versions/A/Marco
dyld[5528]: <736A1792-0123-3722-822B-495B27044953> /System/Library/PrivateFrameworks/CommonUtilities.framework/Versions/A/CommonUtilities
dyld[5528]: <E78D4693-B886-3DE1-A029-497B47261DA3> /System/Library/PrivateFrameworks/Engram.framework/Versions/A/Engram
dyld[5528]: <1ACD9883-DEC9-3AF0-9E28-B11F4E1DC3F9> /System/Library/PrivateFrameworks/XPCDistributed.framework/Versions/A/XPCDistributed
dyld[5528]: <AFE528E7-451E-3EE9-8E02-7693A2C391B9> /usr/lib/libtidy.A.dylib
dyld[5528]: <C579F691-0120-3BEC-9993-E3CD5F7105A3> /System/Library/PrivateFrameworks/Bom.framework/Versions/A/Bom
dyld[5528]: <82153ECE-36A2-3514-87DE-3B8A53E96727> /usr/lib/libParallelCompression.dylib
dyld[5528]: <68CCF67B-1C66-30C0-9135-00BA5B75586F> /usr/lib/libIOReport.dylib
dyld[5528]: <0D7C76A0-047B-398E-B2A8-FD4705F72E5D> /System/Library/PrivateFrameworks/WiFiPeerToPeer.framework/Versions/A/WiFiPeerToPeer
dyld[5528]: <E5FF4EE4-5A8B-3CBA-BA37-3FE6C7012B0D> /System/Library/Frameworks/SecurityFoundation.framework/Versions/A/SecurityFoundation
dyld[5528]: <E2954A31-B31C-3C9B-A7F9-12CAEC0D1D4E> /System/Library/PrivateFrameworks/Centauri.framework/Versions/A/Centauri
dyld[5528]: <65CFA8A7-E7D2-383A-9C47-D2AF8A46AA22> /System/Library/PrivateFrameworks/Lexicon.framework/Versions/A/Lexicon
dyld[5528]: <188D929F-E81D-3922-BCB4-8D34B4E75EA7> /usr/lib/libmrc.dylib
dyld[5528]: <783A3989-84DE-3340-9292-052A10B7DAD7> /System/Library/PrivateFrameworks/IPConfiguration.framework/Versions/A/IPConfiguration
dyld[5528]: <ECFD5323-6A6A-3231-B90E-57E1332B0122> /System/Library/PrivateFrameworks/Netrb.framework/Versions/A/Netrb
dyld[5528]: <A34C688D-A13A-3625-934C-801A13990594> /System/Library/PrivateFrameworks/FrontBoardServices.framework/Versions/A/FrontBoardServices
dyld[5528]: <604E97FC-C938-306C-9DBB-36B10AFFBA39> /usr/lib/libgermantok.dylib
dyld[5528]: <B5E076A6-50D6-3B48-AACD-E1FC575BDCEE> /System/Library/PrivateFrameworks/LinguisticData.framework/Versions/A/LinguisticData
dyld[5528]: <7EDD9E23-5D91-344A-812B-CFD814180C55> /System/Library/PrivateFrameworks/MultiverseSupport.framework/Versions/A/MultiverseSupport
dyld[5528]: <1AFFCA76-E71A-385E-A3C8-968CDBE9E57D> /System/Library/PrivateFrameworks/DiskManagement.framework/Versions/A/DiskManagement
dyld[5528]: <4B693927-5B0A-364E-BC11-F560B1D707FE> /System/Library/PrivateFrameworks/AppleIDAuthSupport.framework/Versions/A/AppleIDAuthSupport
dyld[5528]: <0E5752E3-313E-3B50-9FB4-DB13FECB0BD7> /System/Library/PrivateFrameworks/AAAFoundation.framework/Versions/A/AAAFoundation
dyld[5528]: <B9966194-B1A6-3ED2-98C9-0D4B49D2617E> /System/Library/PrivateFrameworks/KeychainCircle.framework/Versions/A/KeychainCircle
dyld[5528]: <5ED2FD61-010A-3627-92E8-151E71B739D8> /System/Library/PrivateFrameworks/URLFormatting.framework/Versions/A/URLFormatting
dyld[5528]: <7EE79F42-1420-301B-A9FF-2A63A4023C91> /usr/lib/libcsfde.dylib
dyld[5528]: <AA8EDD1F-E406-3164-9FB9-BB0C61256AFF> /usr/lib/libCoreStorage.dylib
dyld[5528]: <80627B52-C5CE-3DC4-A12D-D15FE46A62BA> /System/Library/PrivateFrameworks/MediaKit.framework/Versions/A/MediaKit
dyld[5528]: <4C6BBB60-2884-3DC8-9FCB-472BCD087D84> /System/Library/Frameworks/DiscRecording.framework/Versions/A/DiscRecording
dyld[5528]: <96666EFB-8A3D-30BB-950A-9DDC1DB3F59D> /System/Library/PrivateFrameworks/ProtectedCloudStorage.framework/Versions/A/ProtectedCloudStorage
dyld[5528]: <1E0D7C92-7F70-34BE-9D61-9F7F4781EBE4> /System/Library/PrivateFrameworks/EFILogin.framework/Versions/A/EFILogin
dyld[5528]: <E1A205BF-B3FB-31BF-8685-6D46BA78891E> /usr/lib/libheimdal-asn1.dylib
dyld[5528]: <E2BDB12D-C844-3770-9411-0E35049ECB5E> /System/Library/PrivateFrameworks/OctagonTrust.framework/Versions/A/OctagonTrust
dyld[5528]: <2DF001A3-1D2B-3847-A2FC-79104BDC0783> /System/Library/Frameworks/AudioUnit.framework/Versions/A/AudioUnit
dyld[5528]: <EE42062E-8EDF-332C-98C1-03464732CA4A> /System/Library/Frameworks/OpenDirectory.framework/Versions/A/OpenDirectory
dyld[5528]: <90CA166B-D72F-3584-BF0B-8797CFFA959E> /System/Library/Frameworks/OpenDirectory.framework/Versions/A/Frameworks/CFOpenDirectory.framework/Versions/A/CFOpenDirectory
dyld[5528]: <40753222-0047-3DE4-954C-5879C584A975> /System/Library/PrivateFrameworks/GeoServices.framework/Versions/A/GeoServices
dyld[5528]: <FDD11407-B7F3-331B-B53D-32081A2D1AED> /System/Library/PrivateFrameworks/LocationSupport.framework/Versions/A/LocationSupport
dyld[5528]: <23D11648-1076-3BD7-BFD5-CA4A6B9AE066> /System/Library/PrivateFrameworks/GeoServicesCore.framework/Versions/A/GeoServicesCore
dyld[5528]: <524F80A2-1ACD-3FA7-9D74-1F47697294EB> /System/Library/PrivateFrameworks/PhoneNumbers.framework/Versions/A/PhoneNumbers
dyld[5528]: <2A2AE353-0BCE-3AF5-8C2B-1B5F1F0656E7> /System/Library/PrivateFrameworks/LocationLogEncryption.framework/Versions/A/LocationLogEncryption
dyld[5528]: <CF6E08AD-C2EC-3A40-8537-0D2BDA291D31> /System/Library/Frameworks/AVFAudio.framework/Versions/A/AVFAudio
dyld[5528]: <7924633C-6200-3B69-884D-A6E5527CA4B5> /System/Library/Frameworks/AVRouting.framework/Versions/A/AVRouting
dyld[5528]: <2FFD2C50-D8C7-3D4F-AB17-10C8DDD4ECC0> /usr/lib/libAccessibility.dylib
dyld[5528]: <E47B5590-4F10-352D-806F-E1FAACE16809> /System/Library/PrivateFrameworks/MediaServices.framework/Versions/A/MediaServices
dyld[5528]: <1F5A6198-4F24-3980-A96A-DA16430B882B> /System/Library/PrivateFrameworks/IDS.framework/Versions/A/IDS
dyld[5528]: <4228A6FB-1852-34DA-A9A6-9B22346DC839> /System/Library/PrivateFrameworks/IsolatedCoreAudioClient.framework/Versions/A/IsolatedCoreAudioClient
dyld[5528]: <9B662466-E585-34C6-9A2F-38F865966314> /System/Library/PrivateFrameworks/CoreAudioOrchestration.framework/Versions/A/CoreAudioOrchestration
dyld[5528]: <BE8AD136-C9D0-3589-A37D-4A93E7646FC5> /System/Library/Frameworks/MediaToolbox.framework/Versions/A/MediaToolbox
dyld[5528]: <C024D081-EF4D-347B-B00F-08CE310BC6E6> /System/Library/PrivateFrameworks/CoreAVCHD.framework/Versions/A/CoreAVCHD
dyld[5528]: <544DDE9D-EF38-3D98-B16A-00361208DABA> /System/Library/Frameworks/MediaAccessibility.framework/Versions/A/MediaAccessibility
dyld[5528]: <1845678B-2A2E-3D8F-B05E-3D5054E40973> /System/Library/PrivateFrameworks/Mangrove.framework/Versions/A/Mangrove
dyld[5528]: <83720246-3181-37EB-AE16-01967CC80DAF> /System/Library/PrivateFrameworks/CMPhoto.framework/Versions/A/CMPhoto
dyld[5528]: <C6CCE499-C57B-3499-8BBF-B1F036A037F3> /System/Library/Frameworks/CoreTelephony.framework/Versions/A/CoreTelephony
dyld[5528]: <7C1C3A7F-6247-33D2-B4B8-375AA417817E> /System/Library/PrivateFrameworks/CoreAUC.framework/Versions/A/CoreAUC
dyld[5528]: <BF6FC404-E3BB-3740-896C-B7BF4193B547> /System/Library/PrivateFrameworks/AppleJPEGXL.framework/Versions/A/AppleJPEGXL
dyld[5528]: <3AD5EDAE-8A75-3E29-AA40-63912718CEC9> /usr/lib/libTelephonyUtilDynamic.dylib
dyld[5528]: <8A415D0E-18E7-3C99-B89D-14805F500FB0> /System/Library/Frameworks/CryptoKit.framework/Versions/A/CryptoKit
dyld[5528]: <73EA0865-BCC3-3084-A011-93CD0A55C4EF> /System/Library/PrivateFrameworks/CryptoKitCBridging.framework/Versions/A/CryptoKitCBridging
dyld[5528]: <B214381B-F0CF-3F0E-B2B5-187CBF29616F> /System/Library/Frameworks/CryptoTokenKit.framework/Versions/A/CryptoTokenKit
dyld[5528]: <A68DE487-B65B-390A-A82B-6B62956B353F> /System/Library/Frameworks/LocalAuthentication.framework/Versions/A/LocalAuthentication
dyld[5528]: <53C1AF34-43D2-3DAA-9062-D295F72BFDF3> /System/Library/PrivateFrameworks/LocalAuthenticationCore.framework/Versions/A/LocalAuthenticationCore
dyld[5528]: <251AA620-1546-3DF5-8EFF-B9F9463112D0> /System/Library/PrivateFrameworks/LocalAuthenticationCredentialServices.framework/Versions/A/LocalAuthenticationCredentialServices
dyld[5528]: <957A2E58-89EE-36DE-9213-2E23DB420C7F> /System/Library/Frameworks/LocalAuthentication.framework/Support/SharedUtils.framework/Versions/A/SharedUtils
dyld[5528]: <8A83CAEF-70FC-39B2-A1C9-F312BD81B8D5> /System/Library/PrivateFrameworks/PersistentConnection.framework/Versions/A/PersistentConnection
dyld[5528]: <DA5DF9EF-9649-3931-B1CF-606D0B1A2BE5> /System/Library/PrivateFrameworks/SonicFoundation.framework/Versions/A/SonicFoundation
dyld[5528]: <9F9CDD5B-1D43-3CF4-8B88-4938A6637AF5> /System/Library/PrivateFrameworks/AsyncAlgorithmsInternal.framework/Versions/A/AsyncAlgorithmsInternal
dyld[5528]: <95BAC2EC-84F7-3448-A4C3-AA2F920867C6> /System/Library/PrivateFrameworks/FTAWD.framework/Versions/A/FTAWD
dyld[5528]: <EDAA9D64-779E-34FE-83D2-DF4EF35BAA59> /System/Library/PrivateFrameworks/Dendrite.framework/Versions/A/Dendrite
dyld[5528]: <924805FA-0938-34FA-B76A-4051A087CD65> /usr/lib/libtailspin.dylib
dyld[5528]: <4FB12471-97FF-306E-B552-B481203A8E1B> /System/Library/PrivateFrameworks/Osprey.framework/Versions/A/Osprey
dyld[5528]: <7EE764AE-8E9B-35DB-8839-EE01750F25AB> /System/Library/PrivateFrameworks/SiriTTS.framework/Versions/A/SiriTTS
dyld[5528]: <A896B215-2D9E-37D6-8803-9316AEBF6AF5> /System/Library/Frameworks/NaturalLanguage.framework/Versions/A/NaturalLanguage
dyld[5528]: <478FDFD4-2C36-32BB-9087-F466F0242B69> /System/Library/PrivateFrameworks/GenerativeModels.framework/Versions/A/GenerativeModels
dyld[5528]: <6B95CE76-E69D-3598-AADC-E738C94A43BD> /System/Library/PrivateFrameworks/SiriPowerInstrumentation.framework/Versions/A/SiriPowerInstrumentation
dyld[5528]: <7BC8461C-23ED-39CA-868E-17A68FAFC5AE> /usr/lib/swift/libswiftNaturalLanguage.dylib
dyld[5528]: <247E2F35-65F7-3834-AF0C-532F577FDF23> /System/Library/PrivateFrameworks/TailspinSymbolication.framework/Versions/A/TailspinSymbolication
dyld[5528]: <F0BAA541-E9E2-307A-89AE-42558D70DF45> /System/Library/PrivateFrameworks/Darwinup.framework/Versions/A/Darwinup
dyld[5528]: <ED143A95-22A5-38A0-AFC5-DA00945392EC> /System/Library/PrivateFrameworks/SignpostSupport.framework/Versions/A/SignpostSupport
dyld[5528]: <3DB3AF5E-12BD-3E05-92D8-6DDC488D5633> /System/Library/PrivateFrameworks/FeatureFlagsSupport.framework/Versions/A/FeatureFlagsSupport
dyld[5528]: <86614A25-EE71-3F84-9F47-99671A11803D> /System/Library/PrivateFrameworks/ktrace.framework/Versions/A/ktrace
dyld[5528]: <3C627164-84D9-35A4-AC4D-52A99B7652F0> /System/Library/PrivateFrameworks/SampleAnalysis.framework/Versions/A/SampleAnalysis
dyld[5528]: <4517DDDB-265A-3561-82F9-41E06C6A17A8> /System/Library/PrivateFrameworks/kperfdata.framework/Versions/A/kperfdata
dyld[5528]: <3F0E2B57-6317-3262-BA3D-8A069524F8A5> /usr/lib/libdscsym.dylib
dyld[5528]: <8DCD3201-0098-3106-8870-62A8504F26CE> /System/Library/PrivateFrameworks/AppleMobileFileIntegrity.framework/Versions/A/AppleMobileFileIntegrity
dyld[5528]: <FC95DB95-FCA7-3F42-B435-20575B99CF3A> /System/Library/PrivateFrameworks/BulkSymbolication.framework/Versions/A/BulkSymbolication
dyld[5528]: <142382DC-3D11-3191-84F4-6F39BD1C622C> /usr/lib/libTLE.dylib
dyld[5528]: <0E970B22-63D9-3794-9766-24A3FD8BD273> /usr/lib/libmis.dylib
dyld[5528]: <5FD96939-8D4B-3228-A1F8-100EF174A0D4> /System/Library/PrivateFrameworks/ConfigProfileHelper.framework/Versions/A/ConfigProfileHelper
dyld[5528]: <51BD41DD-616A-382D-B1B2-C11BE8C9953A> /System/Library/PrivateFrameworks/Espresso.framework/Versions/A/Espresso
dyld[5528]: <EDA0F204-8438-3398-91ED-C0E4212C8734> /System/Library/Frameworks/CoreML.framework/Versions/A/CoreML
dyld[5528]: <308A1DB0-C29C-33AF-9AE2-1F8E4E607152> /usr/lib/libedit.3.dylib
dyld[5528]: <BABCC719-40D5-3EAB-B20F-F0F1EB329A3E> /System/Library/PrivateFrameworks/ANECompiler.framework/Versions/A/ANECompiler
dyld[5528]: <1969F88C-4A7F-3B4B-BC08-D3EE33F4D27D> /System/Library/PrivateFrameworks/AppleNeuralEngine.framework/Versions/A/AppleNeuralEngine
dyld[5528]: <E72BAD3A-0E33-3FC5-8356-3B3176382CB1> /System/Library/PrivateFrameworks/MIL.framework/Versions/A/MIL
dyld[5528]: <BBB4C092-A3B1-354B-8C32-147F6EB0256D> /System/Library/Frameworks/MetalPerformanceShadersGraph.framework/Versions/A/MetalPerformanceShadersGraph
dyld[5528]: <54D280F0-3335-3487-AA0D-6A09FFEAEDF7> /System/Library/PrivateFrameworks/MLCompilerServices.framework/Versions/A/MLCompilerServices
dyld[5528]: <A80CE19E-EA8D-363D-A8F4-409455BECE9B> /System/Library/PrivateFrameworks/ANEServices.framework/Versions/A/ANEServices
dyld[5528]: <22F988EF-E518-3F7A-BC3D-E44B9D09627D> /usr/lib/libncurses.5.4.dylib
dyld[5528]: <0A381CB4-37D0-3B5C-ADE0-2C5B4F47D169> /usr/lib/libsandbox.1.dylib
dyld[5528]: <042A6E19-8B2A-3342-B4C1-AD44661B7E26> /usr/lib/libMatch.1.dylib
dyld[5528]: <AB03B991-E6D9-3BAF-AA7D-DBFC815699F3> /System/Library/PrivateFrameworks/ODIE.framework/Versions/A/ODIE
dyld[5528]: <5592BC99-D6A7-303C-8C4C-B839FA6B7508> /System/Library/PrivateFrameworks/MLModelAsset.framework/Versions/A/MLModelAsset
dyld[5528]: <59B92160-FE47-3CEA-B03A-0099F3901A34> /System/Library/PrivateFrameworks/MLCompilerRuntime.framework/Versions/A/MLCompilerRuntime
dyld[5528]: <D62682EC-5F79-397C-855C-569554A4AEF8> /System/Library/Frameworks/MLCompute.framework/Versions/A/MLCompute
dyld[5528]: <873E56C6-57E8-3AD2-A630-B88B0A9669E8> /System/Library/PrivateFrameworks/MLAssetIO.framework/Versions/A/MLAssetIO
dyld[5528]: <847E52FC-37C0-30DA-88CD-4561DD03C06F> /usr/lib/swift/libswiftMLCompute.dylib
dyld[5528]: <DC46545D-E02B-3F2D-BEEC-E1BF5735174F> /System/Library/PrivateFrameworks/AVFCore.framework/Versions/A/AVFCore
dyld[5528]: <3611A176-00BB-35D9-8C0A-9A9A68A8EE9D> /System/Library/PrivateFrameworks/AVFCapture.framework/Versions/A/AVFCapture
dyld[5528]: <2DEE9322-922F-3B85-82C1-5E3249E3E652> /System/Library/PrivateFrameworks/CMImaging.framework/Versions/A/CMImaging
dyld[5528]: <072F9166-25F8-3FBF-9002-23E98E8B7C05> /System/Library/PrivateFrameworks/Quagga.framework/Versions/A/Quagga
dyld[5528]: <FA34827D-C8E0-3BDF-9A4E-FBBF430AD095> /System/Library/PrivateFrameworks/CMCapture.framework/Versions/A/CMCapture
dyld[5528]: <DD237508-D432-30A0-A553-C4AF2D9F40B6> /System/Library/Frameworks/CoreMediaIO.framework/Versions/A/CoreMediaIO
dyld[5528]: <D6788223-2453-39F7-9F00-90EE866A3CDA> /System/Library/PrivateFrameworks/CMCaptureDevice.framework/Versions/A/CMCaptureDevice
dyld[5528]: <68A522A3-ACE1-3597-B6D7-E058D36536FB> /System/Library/PrivateFrameworks/CoreBrightness.framework/Versions/A/CoreBrightness
dyld[5528]: <02711E78-960E-329A-B5C0-5E38615F2698> /System/Library/PrivateFrameworks/CinematicFraming.framework/Versions/A/CinematicFraming
dyld[5528]: <735CE046-E62E-3FA5-B38D-1FD82AA32BA8> /System/Library/PrivateFrameworks/ModelManagerServices.framework/Versions/A/ModelManagerServices
dyld[5528]: <F0165C3A-8601-3789-A114-836489784A93> /System/Library/PrivateFrameworks/CPMS.framework/Versions/A/CPMS
dyld[5528]: <8B0AAC46-6F12-36F0-9A1C-90D56F41BA09> /System/Library/PrivateFrameworks/SystemStatus.framework/Versions/A/SystemStatus
dyld[5528]: <FCEB6F4E-E222-3F9B-8226-8E80A789B21B> /System/Library/Frameworks/CoreMotion.framework/Versions/A/CoreMotion
dyld[5528]: <54DEA4E5-FD31-3AE3-8FEE-3CD99ACFC45B> /System/Library/PrivateFrameworks/TimeSync.framework/Versions/A/TimeSync
dyld[5528]: <2602D902-9B35-32D2-8F22-8BF2B330B298> /System/Library/PrivateFrameworks/DistributedSensing.framework/Versions/A/DistributedSensing
dyld[5528]: <0EEAE872-ADDF-3FE0-9601-C56C453597BB> /System/Library/PrivateFrameworks/MobileBluetooth.framework/Versions/A/MobileBluetooth
dyld[5528]: <FF001948-E029-3473-B7B8-22A4ECFD6560> /System/Library/PrivateFrameworks/IOKitten.framework/Versions/A/IOKitten
dyld[5528]: <45E1CEA1-A60E-30F3-A90F-B7BFB5C5CC17> /System/Library/PrivateFrameworks/AppleIntelligenceReporting.framework/Versions/A/AppleIntelligenceReporting
dyld[5528]: <4BC01F57-2373-3DC9-8B71-308A282D7030> /System/Library/PrivateFrameworks/CoreEmoji.framework/Versions/A/CoreEmoji
dyld[5528]: <8AF3BAA3-66FA-3CEF-A44B-FD79CAC8263F> /usr/lib/libCRFSuite.dylib
dyld[5528]: <4CD4216A-7270-300F-A31D-70FFACD92E12> /System/Library/PrivateFrameworks/LanguageModeling.framework/Versions/A/LanguageModeling
dyld[5528]: <E89ACADA-C30F-3E26-9775-E8BAC21A83AA> /System/Library/PrivateFrameworks/CoreNLP.framework/Versions/A/CoreNLP
dyld[5528]: <3C34BB08-BC5C-397C-A9B5-18A342838CA1> /System/Library/PrivateFrameworks/Montreal.framework/Versions/A/Montreal
dyld[5528]: <2DED54B9-9B5C-3FB3-859E-AAC46074CC8B> /usr/lib/libcmph.dylib
dyld[5528]: <5B76CDD8-6E1F-35F6-AF5E-CE4CDA81957E> /usr/lib/libmecab.dylib
dyld[5528]: <56091C21-AEA9-36A2-A3E3-D50AEC8FFE32> /usr/lib/libThaiTokenizer.dylib
dyld[5528]: <74E54F2B-B7A6-35D9-8101-F30C7F0C1979> /System/Library/PrivateFrameworks/GenerativeModelsFoundation.framework/Versions/A/GenerativeModelsFoundation
dyld[5528]: <63409EB4-B247-3B62-835C-80DD1FCB91A2> /System/Library/PrivateFrameworks/TokenGeneration.framework/Versions/A/TokenGeneration
dyld[5528]: <54D335C7-5679-3ED5-A0E1-C3B9DBF16A9C> /System/Library/PrivateFrameworks/GenerativeFunctions.framework/Versions/A/GenerativeFunctions
dyld[5528]: <AB49FED6-D7FD-3A6B-B4CF-F73AC4165CE0> /System/Library/PrivateFrameworks/GenerativeFunctionsFoundation.framework/Versions/A/GenerativeFunctionsFoundation
dyld[5528]: <790009CA-CA2D-3245-B7B1-71C370D33BDB> /System/Library/PrivateFrameworks/ModelCatalog.framework/Versions/A/ModelCatalog
dyld[5528]: <24F7CF25-24F4-395E-B89D-5C17AE8CE281> /System/Library/PrivateFrameworks/SensitiveContentAnalysisML.framework/Versions/A/SensitiveContentAnalysisML
dyld[5528]: <A2E625ED-90FF-3BCA-BD28-16F062B82C02> /System/Library/PrivateFrameworks/GenerativeFunctionsInstrumentation.framework/Versions/A/GenerativeFunctionsInstrumentation
dyld[5528]: <4851991B-9681-37D8-8A62-005249AD29C7> /System/Library/PrivateFrameworks/PromptKit.framework/Versions/A/PromptKit
dyld[5528]: <A4C38BBC-95E3-38DD-B873-243C53B83A4F> /System/Library/PrivateFrameworks/ProactiveDaemonSupport.framework/Versions/A/ProactiveDaemonSupport
dyld[5528]: <832BF595-350A-3753-8721-D894475016CB> /System/Library/PrivateFrameworks/TokenGenerationCore.framework/Versions/A/TokenGenerationCore
dyld[5528]: <E65C3A22-B998-3185-9DE5-3169814179BF> /System/Library/PrivateFrameworks/Trial.framework/Versions/A/Trial
dyld[5528]: <F66F08E4-F915-3CAE-AF88-70F76AD35303> /System/Library/PrivateFrameworks/TrialProto.framework/Versions/A/TrialProto
dyld[5528]: <4BE321D2-8DF6-3D5E-A531-4E2F77BEE441> /System/Library/PrivateFrameworks/AppleFlatBuffers.framework/Versions/A/AppleFlatBuffers
dyld[5528]: <92A1FE17-1D6F-347B-B1C3-D2C03B6C0DCE> /System/Library/PrivateFrameworks/SentencePieceInternal.framework/Versions/A/SentencePieceInternal
dyld[5528]: <4FFA7ECB-BCA8-3B4D-86F9-9F2C9E084944> /System/Library/Frameworks/Vision.framework/Versions/A/Vision
dyld[5528]: <0A6304CC-6DC4-3079-9FAB-8B9F001C8545> /System/Library/PrivateFrameworks/CoreSceneUnderstanding.framework/Versions/A/CoreSceneUnderstanding
dyld[5528]: <5E086014-D330-3672-9776-E23E8325DD67> /System/Library/PrivateFrameworks/VisionCore.framework/Versions/A/VisionCore
dyld[5528]: <A20BF0E3-F8A9-36AA-B28B-2EF282FC9BF5> /System/Library/PrivateFrameworks/DataDetectorsCore.framework/Versions/A/DataDetectorsCore
dyld[5528]: <23068BF1-0F33-3129-9965-57B1621737DE> /System/Library/Frameworks/Vision.framework/libfaceCore.dylib
dyld[5528]: <5F8738D4-6C03-3DEA-953D-9E31C389E7E1> /System/Library/PrivateFrameworks/Futhark.framework/Versions/A/Futhark
dyld[5528]: <2849D0C3-42A0-3D94-A2B7-F686BD7F760D> /System/Library/PrivateFrameworks/InertiaCam.framework/Versions/A/InertiaCam
dyld[5528]: <393E9D23-8D8D-373B-A8D8-6CF2652D2DAF> /System/Library/PrivateFrameworks/TextRecognition.framework/Versions/A/TextRecognition
dyld[5528]: <0872179E-DB9E-39FF-B22A-05EA62FC0F88> /System/Library/Frameworks/DataDetection.framework/Versions/A/DataDetection
dyld[5528]: <5D3DDFC0-3341-3DAC-A80C-0DFBD0421669> /System/Library/PrivateFrameworks/TextInput.framework/Versions/A/TextInput
dyld[5528]: <A37EF3CE-63A5-3AB5-B3E2-E089F818FF35> /System/Library/PrivateFrameworks/CVNLP.framework/Versions/A/CVNLP
dyld[5528]: <256C79BC-8BEB-390C-95D4-BFEFB95E66A1> /System/Library/PrivateFrameworks/IntentsFoundation.framework/Versions/A/IntentsFoundation
dyld[5528]: <E12CB54A-E895-3D38-8D62-01C5DF8430AB> /System/Library/PrivateFrameworks/HIDDisplay.framework/Versions/A/HIDDisplay
dyld[5528]: <A9F79F7C-A5F8-3164-BEEC-60B19D90DCF2> /usr/lib/libcups.2.dylib
dyld[5528]: <74F49C08-DE60-3E55-A037-F0A34E81BF04> /System/Library/Frameworks/Kerberos.framework/Versions/A/Kerberos
dyld[5528]: <F71E234F-8D15-388D-8819-709BB2AE1ACC> /usr/lib/libresolv.9.dylib
dyld[5528]: <139B1DBE-2FDA-3AE7-9BDE-12D5BA3C8D22> /System/Library/PrivateFrameworks/Heimdal.framework/Versions/A/Heimdal
dyld[5528]: <9BBF5DE9-CCD9-3CF3-8C05-45FB5CCEFEC3> /System/Library/Frameworks/Kerberos.framework/Versions/A/Libraries/libHeimdalProxy.dylib
dyld[5528]: <FFE98159-EDC3-3520-ADAC-F9001408ADD5> /System/Library/PrivateFrameworks/CommonAuth.framework/Versions/A/CommonAuth
dyld[5528]: <17C4F6B8-0A9A-3BF8-8D40-35ABCF9F0D89> /System/Library/PrivateFrameworks/AXCoreUtilities.framework/Versions/A/AXCoreUtilities
dyld[5528]: <8EB0DEAA-CD94-3710-AF80-DBF6947A8250> /System/Library/PrivateFrameworks/AttributeGraph.framework/Versions/A/AttributeGraph
dyld[5528]: <D4766E61-EB81-3FA1-9C48-31BC986B0607> /usr/lib/libAXSafeCategoryBundle.dylib
dyld[5528]: <6E4CAEF6-667C-3A56-9BE2-892F689894E4> /System/Library/Frameworks/TabularData.framework/Versions/A/TabularData
dyld[5528]: <00E79E4B-C0FD-3DF8-A8C3-9C812A9DB049> /System/Library/PrivateFrameworks/ArgumentParserInternal.framework/Versions/A/ArgumentParserInternal
dyld[5528]: <CB222F12-FB2E-3310-88A1-A5AE7EFF8CAE> /System/Library/Frameworks/Accelerate.framework/Versions/A/Frameworks/vecLib.framework/Versions/A/libvDSP.dylib
dyld[5528]: <C2F81286-0ED4-319D-A96D-10591BD15F4E> /System/Library/Frameworks/Accelerate.framework/Versions/A/Frameworks/vecLib.framework/Versions/A/libLAPACK.dylib
dyld[5528]: <424CA6AD-D7AA-3297-B069-745682F71E84> /System/Library/Frameworks/Accelerate.framework/Versions/A/Frameworks/vecLib.framework/Versions/A/libLinearAlgebra.dylib
dyld[5528]: <BDF370A4-972F-34A4-AED7-89885C35D933> /System/Library/Frameworks/Accelerate.framework/Versions/A/Frameworks/vecLib.framework/Versions/A/libSparseBLAS.dylib
dyld[5528]: <F2B12F6B-6C47-3B39-BE8F-68EB37545F72> /System/Library/Frameworks/Accelerate.framework/Versions/A/Frameworks/vecLib.framework/Versions/A/libQuadrature.dylib
dyld[5528]: <811E61C5-2282-3FA8-939D-D1B9C75ECC62> /System/Library/Frameworks/Accelerate.framework/Versions/A/Frameworks/vecLib.framework/Versions/A/libBNNS.dylib
dyld[5528]: <C7FD2C22-55FC-3D31-8AF3-BF842A039AF9> /System/Library/Frameworks/Accelerate.framework/Versions/A/Frameworks/vecLib.framework/Versions/A/libSparse.dylib
dyld[5528]: <7A483FDA-AB8C-3E7C-92E6-07347F67B678> /System/Library/PrivateFrameworks/ApplePushService.framework/Versions/A/ApplePushService
dyld[5528]: <C5A18DFA-6B18-3455-830A-E372A495FB1D> /System/Library/Frameworks/CloudKit.framework/Versions/A/CloudKit
dyld[5528]: <0A7A4F54-298F-384E-86C0-0E9A5C69E9E5> /System/Library/PrivateFrameworks/CoreDuetDaemonProtocol.framework/Versions/A/CoreDuetDaemonProtocol
dyld[5528]: <17D0003A-F405-3CCF-832D-BCADB65BC83F> /System/Library/PrivateFrameworks/DeviceIdentity.framework/Versions/A/DeviceIdentity
dyld[5528]: <E26F180A-1868-3E33-9277-1C73F917DE55> /System/Library/Frameworks/SharedWithYouCore.framework/Versions/A/SharedWithYouCore
dyld[5528]: <7B5C93A3-1AF7-3273-9182-60B965FBB279> /System/Library/PrivateFrameworks/CloudTelemetry.framework/Versions/A/CloudTelemetry
dyld[5528]: <CD1BB171-94DA-350C-8276-04EA8B71C6E7> /System/Library/PrivateFrameworks/AppleAccount.framework/Versions/A/AppleAccount
dyld[5528]: <6D910C58-E7C6-34AB-907F-89C2EA3E8B5C> /System/Library/PrivateFrameworks/C2.framework/Versions/A/C2
dyld[5528]: <1BE4EC57-9B8A-34C4-BFC9-BC9A229BBB08> /System/Library/PrivateFrameworks/CloudCoreInternal.framework/Versions/A/CloudCoreInternal
dyld[5528]: <EDB20CBF-D173-3BD4-A483-3C509C15D24D> /System/Library/PrivateFrameworks/CloudAsset.framework/Versions/A/CloudAsset
dyld[5528]: <696E88E7-5CF6-3095-80C0-57B9A913887A> /System/Library/Frameworks/PushKit.framework/Versions/A/PushKit
dyld[5528]: <100BE8FB-6C47-33E3-9FC4-A45A5106721A> /System/Library/Frameworks/CoreTransferable.framework/Versions/A/CoreTransferable
dyld[5528]: <08675344-FA9F-3CC2-8ED8-C572C841B504> /System/Library/PrivateFrameworks/NetAuth.framework/Versions/A/NetAuth
dyld[5528]: <8E702F90-53C5-3A91-A0F8-94409A59BAF3> /System/Library/PrivateFrameworks/login.framework/Versions/A/Frameworks/loginsupport.framework/Versions/A/loginsupport
dyld[5528]: <78C04A6C-63CF-339A-90C8-F25BA9C4C1CE> /System/Library/PrivateFrameworks/CloudTelemetryTools.framework/Versions/A/CloudTelemetryTools
dyld[5528]: <A23C0860-6454-3F01-A064-C8982EBBFF48> /System/Library/PrivateFrameworks/CloudTelemetryShared.dylib
dyld[5528]: <907F9C53-06D9-3604-A13D-183642237619> /System/Library/PrivateFrameworks/RTCReporting.framework/Versions/A/RTCReporting
dyld[5528]: <90B0724C-CBDF-35B7-91AA-38F8E07E543D> /System/Library/PrivateFrameworks/AAAFoundationSwift.framework/Versions/A/AAAFoundationSwift
dyld[5528]: <95A65CAD-54BC-3CDD-B27A-90572D2A848F> /System/Library/PrivateFrameworks/AppleIDSSOAuthentication.framework/Versions/A/AppleIDSSOAuthentication
dyld[5528]: <B2BA9719-73C5-3061-9915-25FC68C198D6> /System/Library/PrivateFrameworks/UIFoundation.framework/Versions/A/UIFoundation
dyld[5528]: <6784252E-9BE1-332F-8D0C-CF7FB6C9FB56> /System/Library/PrivateFrameworks/CaptiveNetwork.framework/Versions/A/CaptiveNetwork
dyld[5528]: <2DFBEDC5-0C41-3FF8-B1AB-334EE3621FC9> /System/Library/PrivateFrameworks/EAP8021X.framework/Versions/A/EAP8021X
dyld[5528]: <D828B798-9303-3C0A-9F83-5B24A36E1670> /System/Library/PrivateFrameworks/CryptoKitPrivate.framework/Versions/A/CryptoKitPrivate
dyld[5528]: <7B08EA3F-6BA2-39B2-979D-D36A03961343> /System/Library/PrivateFrameworks/FindMyDevice.framework/Versions/A/FindMyDevice
dyld[5528]: <57FD92AE-E8D7-3D48-AF71-F74CD3D2AD56> /System/Library/PrivateFrameworks/FMCoreLite.framework/Versions/A/FMCoreLite
dyld[5528]: <0B4562F4-D2B8-362C-AC29-8E9B106F937C> /System/Library/Frameworks/ServiceManagement.framework/Versions/A/ServiceManagement
dyld[5528]: <4428FA9C-988B-3235-98EB-1FC596D283D1> /usr/lib/libCheckFix.dylib
dyld[5528]: <7CA1C787-8112-3F53-9419-1EA66ECF08B3> /System/Library/PrivateFrameworks/MetadataUtilities.framework/Versions/A/MetadataUtilities
dyld[5528]: <B820DEFE-59D8-3A6A-BB23-56E594F57F9C> /System/Library/PrivateFrameworks/InstalledContentLibrary.framework/Versions/A/InstalledContentLibrary
dyld[5528]: <9B52CDCA-8EFD-3512-A265-C5D8CE2B8998> /System/Library/PrivateFrameworks/CoreServicesStore.framework/Versions/A/CoreServicesStore
dyld[5528]: <3BD7BCA8-66D2-34D7-BA3F-A3B3197E1F44> /usr/lib/libapp_launch_measurement.dylib
dyld[5528]: <7783C2DD-5853-312A-8EF1-B5DDC441531D> /System/Library/PrivateFrameworks/MobileSystemServices.framework/Versions/A/MobileSystemServices
dyld[5528]: <C428B34A-AB0B-34ED-9C94-8DC908D4A12B> /usr/lib/libxslt.1.dylib
dyld[5528]: <F1725141-8B9B-363A-838E-17B20313568E> /System/Library/PrivateFrameworks/BackgroundTaskManagement.framework/Versions/A/BackgroundTaskManagement
dyld[5528]: <957F947F-00ED-3468-B07B-20900D64DB71> /usr/lib/libcurl.4.dylib
dyld[5528]: <FE236487-745A-39C9-A6A5-D937AD7BDC2E> /usr/lib/libcrypto.46.dylib
dyld[5528]: <6E6A6A29-3741-365F-A90D-785C2C86D71A> /usr/lib/libssl.48.dylib
dyld[5528]: <9AC45415-37D3-369E-846C-6C2F072899F9> /System/Library/Frameworks/LDAP.framework/Versions/A/LDAP
dyld[5528]: <48980122-ECA5-383C-A043-6F2BE6BAA017> /System/Library/PrivateFrameworks/TrustEvaluationAgent.framework/Versions/A/TrustEvaluationAgent
dyld[5528]: <65BCF638-CADE-3CB2-97FB-D33E91D93C8D> /usr/lib/libsasl2.2.dylib
dyld[5528]: has interposing tuples so cannot be delayed: libclang_rt.asan_osx_dynamic.dylib
dyld[5528]: move loaded to delayed: XPCSupport
dyld[5528]: move loaded to delayed: CoreFoundation
dyld[5528]: move loaded to delayed: libswiftCore.dylib
dyld[5528]: move loaded to delayed: Foundation
dyld[5528]: move loaded to delayed: libswiftObjectiveC.dylib
dyld[5528]: move loaded to delayed: libswiftPrespecialized.dylib
dyld[5528]: move loaded to delayed: SystemConfiguration
dyld[5528]: move loaded to delayed: libz.1.dylib
dyld[5528]: move loaded to delayed: CoreAutoLayout
dyld[5528]: move loaded to delayed: libcmark-gfm.dylib
dyld[5528]: move loaded to delayed: libfakelink.dylib
dyld[5528]: move loaded to delayed: libcompression.dylib
dyld[5528]: move loaded to delayed: CFNetwork
dyld[5528]: move loaded to delayed: DiskArbitration
dyld[5528]: move loaded to delayed: libarchive.2.dylib
dyld[5528]: move loaded to delayed: libDiagnosticMessagesClient.dylib
dyld[5528]: move loaded to delayed: libicucore.A.dylib
dyld[5528]: move loaded to delayed: libxml2.2.dylib
dyld[5528]: move loaded to delayed: CoreServices
dyld[5528]: move loaded to delayed: liblangid.dylib
dyld[5528]: move loaded to delayed: IOKit
dyld[5528]: move loaded to delayed: Combine
dyld[5528]: move loaded to delayed: CollectionsInternal
dyld[5528]: move loaded to delayed: ReflectionInternal
dyld[5528]: move loaded to delayed: RuntimeInternal
dyld[5528]: move loaded to delayed: SoftLinking
dyld[5528]: move loaded to delayed: libswiftCoreFoundation.dylib
dyld[5528]: move loaded to delayed: libswiftDarwin.dylib
dyld[5528]: move loaded to delayed: libswiftDispatch.dylib
dyld[5528]: move loaded to delayed: libswiftIOKit.dylib
dyld[5528]: move loaded to delayed: libswiftSystem.dylib
dyld[5528]: move loaded to delayed: libswiftXPC.dylib
dyld[5528]: move loaded to delayed: libswift_Builtin_float.dylib
dyld[5528]: move loaded to delayed: libswift_Concurrency.dylib
dyld[5528]: move loaded to delayed: libswift_DarwinFoundation1.dylib
dyld[5528]: move loaded to delayed: libswift_StringProcessing.dylib
dyld[5528]: move loaded to delayed: libswiftos.dylib
dyld[5528]: move loaded to delayed: CoreServicesInternal
dyld[5528]: move loaded to delayed: liboah.dylib
dyld[5528]: move loaded to delayed: Security
dyld[5528]: move loaded to delayed: GenerationalStorage
dyld[5528]: move loaded to delayed: CacheDelete
dyld[5528]: move loaded to delayed: QuickLookThumbnailing
dyld[5528]: move loaded to delayed: FileProvider
dyld[5528]: move loaded to delayed: DiskImages
dyld[5528]: move loaded to delayed: NetFS
dyld[5528]: move loaded to delayed: DesktopServicesPriv
dyld[5528]: move loaded to delayed: FSEvents
dyld[5528]: move loaded to delayed: CarbonCore
dyld[5528]: move loaded to delayed: Metadata
dyld[5528]: move loaded to delayed: OSServices
dyld[5528]: move loaded to delayed: SearchKit
dyld[5528]: move loaded to delayed: AE
dyld[5528]: move loaded to delayed: LaunchServices
dyld[5528]: move loaded to delayed: DictionaryServices
dyld[5528]: move loaded to delayed: SharedFileList
dyld[5528]: move loaded to delayed: libapple_nghttp2.dylib
dyld[5528]: move loaded to delayed: libsqlite3.dylib
dyld[5528]: move loaded to delayed: Accounts
dyld[5528]: move loaded to delayed: AOSKit
dyld[5528]: move loaded to delayed: AppSSOCore
dyld[5528]: move loaded to delayed: AppSupport
dyld[5528]: move loaded to delayed: AVFoundation
dyld[5528]: move loaded to delayed: BackgroundSystemTasks
dyld[5528]: move loaded to delayed: CoreAnalytics
dyld[5528]: move loaded to delayed: CoreGraphics
dyld[5528]: move loaded to delayed: DuetActivityScheduler
dyld[5528]: move loaded to delayed: FTServices
dyld[5528]: move loaded to delayed: GSS
dyld[5528]: move loaded to delayed: InternationalSupport
dyld[5528]: move loaded to delayed: libMemoryResourceException.dylib
dyld[5528]: move loaded to delayed: NetworkScore
dyld[5528]: move loaded to delayed: NetworkServiceProxy
dyld[5528]: move loaded to delayed: RunningBoardServices
dyld[5528]: move loaded to delayed: StreamingExtractor
dyld[5528]: move loaded to delayed: StreamingZip
dyld[5528]: move loaded to delayed: SymptomReporter
dyld[5528]: move loaded to delayed: libenergytrace.dylib
dyld[5528]: move loaded to delayed: libnetworkextension.dylib
dyld[5528]: move loaded to delayed: Network
dyld[5528]: move loaded to delayed: libbsm.0.dylib
dyld[5528]: move loaded to delayed: libkxld.dylib
dyld[5528]: move loaded to delayed: AppleKeyStore
dyld[5528]: move loaded to delayed: libCoreEntitlements.dylib
dyld[5528]: move loaded to delayed: MessageSecurity
dyld[5528]: move loaded to delayed: ProtocolBuffer
dyld[5528]: move loaded to delayed: CloudServices
dyld[5528]: move loaded to delayed: SymptomDiagnosticReporter
dyld[5528]: move loaded to delayed: CrashReporterSupport
dyld[5528]: move loaded to delayed: libMobileGestalt.dylib
dyld[5528]: move loaded to delayed: AppleFSCompression
dyld[5528]: move loaded to delayed: libcoretls.dylib
dyld[5528]: move loaded to delayed: libcoretls_cfhelpers.dylib
dyld[5528]: move loaded to delayed: libpam.2.dylib
dyld[5528]: move loaded to delayed: libxar.1.dylib
dyld[5528]: move loaded to delayed: APFS
dyld[5528]: move loaded to delayed: SwiftASN1Internal
dyld[5528]: move loaded to delayed: libutil.dylib
dyld[5528]: move loaded to delayed: AppleSystemInfo
dyld[5528]: move loaded to delayed: IOMobileFramebuffer
dyld[5528]: move loaded to delayed: IOSurface
dyld[5528]: move loaded to delayed: CoreWiFi
dyld[5528]: move loaded to delayed: LoggingSupport
dyld[5528]: move loaded to delayed: MobileAsset
dyld[5528]: move loaded to delayed: PowerLog
dyld[5528]: move loaded to delayed: Rapport
dyld[5528]: move loaded to delayed: SwiftData
dyld[5528]: move loaded to delayed: SymptomAnalytics
dyld[5528]: move loaded to delayed: UniformTypeIdentifiers
dyld[5528]: move loaded to delayed: UserManagement
dyld[5528]: move loaded to delayed: libboringssl.dylib
dyld[5528]: move loaded to delayed: libcupolicy.dylib
dyld[5528]: move loaded to delayed: libdns_services.dylib
dyld[5528]: move loaded to delayed: NetworkExtension
dyld[5528]: move loaded to delayed: libnwswifttls.dylib
dyld[5528]: move loaded to delayed: libpcap.A.dylib
dyld[5528]: move loaded to delayed: libquic.dylib
dyld[5528]: move loaded to delayed: libusrtcp.dylib
dyld[5528]: move loaded to delayed: AtomicsInternal
dyld[5528]: move loaded to delayed: InternalSwiftProtobuf
dyld[5528]: move loaded to delayed: libswiftDistributed.dylib
dyld[5528]: move loaded to delayed: libswiftObservation.dylib
dyld[5528]: move loaded to delayed: libswiftSynchronization.dylib
dyld[5528]: move loaded to delayed: AggregateDictionary
dyld[5528]: move loaded to delayed: CoreDuetContext
dyld[5528]: move loaded to delayed: BiomeLibrary
dyld[5528]: move loaded to delayed: CoreDuet
dyld[5528]: move loaded to delayed: BiomeStreams
dyld[5528]: move loaded to delayed: BiomeFoundation
dyld[5528]: move loaded to delayed: BiomePubSub
dyld[5528]: move loaded to delayed: CoreData
dyld[5528]: move loaded to delayed: ProactiveSupport
dyld[5528]: move loaded to delayed: CoreLocation
dyld[5528]: move loaded to delayed: Intents
dyld[5528]: move loaded to delayed: _LocationEssentials
dyld[5528]: move loaded to delayed: liblzma.5.dylib
dyld[5528]: move loaded to delayed: Accelerate
dyld[5528]: move loaded to delayed: MobileKeyBag
dyld[5528]: move loaded to delayed: InternationalTextSearch
dyld[5528]: move loaded to delayed: SoftwareUpdateCoreSupport
dyld[5528]: move loaded to delayed: SoftwareUpdateCoreConnect
dyld[5528]: move loaded to delayed: RemoteServiceDiscovery
dyld[5528]: move loaded to delayed: MSUDataAccessor
dyld[5528]: move loaded to delayed: libbootpolicy.dylib
dyld[5528]: move loaded to delayed: RemoteXPC
dyld[5528]: move loaded to delayed: libFDR.dylib
dyld[5528]: move loaded to delayed: libamsupport.dylib
dyld[5528]: move loaded to delayed: libReverseProxyDevice.dylib
dyld[5528]: move loaded to delayed: AppleDeviceQuerySupport
dyld[5528]: move loaded to delayed: libpartition2_dynamic.dylib
dyld[5528]: move loaded to delayed: AppleSauce
dyld[5528]: move loaded to delayed: libAppleArchive.dylib
dyld[5528]: move loaded to delayed: libbz2.1.0.dylib
dyld[5528]: move loaded to delayed: vImage
dyld[5528]: move loaded to delayed: vecLib
dyld[5528]: move loaded to delayed: libvMisc.dylib
dyld[5528]: move loaded to delayed: libCGInterfaces.dylib
dyld[5528]: move loaded to delayed: AccelerateGPU
dyld[5528]: move loaded to delayed: libBLAS.dylib
dyld[5528]: move loaded to delayed: ApplicationServices
dyld[5528]: move loaded to delayed: CoreVideo
dyld[5528]: move loaded to delayed: ColorSync
dyld[5528]: move loaded to delayed: CoreText
dyld[5528]: move loaded to delayed: ImageIO
dyld[5528]: move loaded to delayed: ATS
dyld[5528]: move loaded to delayed: HIServices
dyld[5528]: move loaded to delayed: PrintCore
dyld[5528]: move loaded to delayed: QD
dyld[5528]: move loaded to delayed: ColorSyncLegacy
dyld[5528]: move loaded to delayed: SpeechSynthesis
dyld[5528]: move loaded to delayed: SkyLight
dyld[5528]: move loaded to delayed: libFontParser.dylib
dyld[5528]: move loaded to delayed: BaseBoard
dyld[5528]: move loaded to delayed: BoardServices
dyld[5528]: move loaded to delayed: BackBoardServices
dyld[5528]: move loaded to delayed: BackBoardHIDEventFoundation
dyld[5528]: move loaded to delayed: CoreDisplay
dyld[5528]: move loaded to delayed: VideoToolbox
dyld[5528]: move loaded to delayed: MetalPerformanceShaders
dyld[5528]: move loaded to delayed: ProDisplayLibrary
dyld[5528]: move loaded to delayed: IOSurfaceAccelerator
dyld[5528]: move loaded to delayed: Metal
dyld[5528]: move loaded to delayed: IOAccelerator
dyld[5528]: move loaded to delayed: CoreMedia
dyld[5528]: move loaded to delayed: TCC
dyld[5528]: move loaded to delayed: WatchdogClient
dyld[5528]: move loaded to delayed: QuartzCore
dyld[5528]: move loaded to delayed: MultitouchSupport
dyld[5528]: move loaded to delayed: libswiftAccelerate.dylib
dyld[5528]: move loaded to delayed: libswiftCoreAudio.dylib
dyld[5528]: move loaded to delayed: libswiftCoreMedia.dylib
dyld[5528]: move loaded to delayed: libswiftMetal.dylib
dyld[5528]: move loaded to delayed: libswiftOSLog.dylib
dyld[5528]: move loaded to delayed: libswiftQuartzCore.dylib
dyld[5528]: move loaded to delayed: libswiftUniformTypeIdentifiers.dylib
dyld[5528]: move loaded to delayed: libswiftVideoToolbox.dylib
dyld[5528]: move loaded to delayed: libswiftsimd.dylib
dyld[5528]: move loaded to delayed: BiomeStorage
dyld[5528]: move loaded to delayed: IntelligencePlatformLibrary
dyld[5528]: move loaded to delayed: PoirotSchematizer
dyld[5528]: move loaded to delayed: BiomeSync
dyld[5528]: move loaded to delayed: BiomeDSL
dyld[5528]: move loaded to delayed: FeatureFlags
dyld[5528]: move loaded to delayed: PoirotUDFs
dyld[5528]: move loaded to delayed: libswift_DarwinFoundation2.dylib
dyld[5528]: move loaded to delayed: libswift_DarwinFoundation3.dylib
dyld[5528]: move loaded to delayed: CoreTime
dyld[5528]: move loaded to delayed: libiconv.2.dylib
dyld[5528]: move loaded to delayed: libcharset.1.dylib
dyld[5528]: move loaded to delayed: PoirotSQLite
dyld[5528]: move loaded to delayed: libswift_RegexParser.dylib
dyld[5528]: move loaded to delayed: CascadeSets
dyld[5528]: move loaded to delayed: CorePhoneNumbers
dyld[5528]: move loaded to delayed: AppleJPEG
dyld[5528]: move loaded to delayed: libexpat.1.dylib
dyld[5528]: move loaded to delayed: libPng.dylib
dyld[5528]: move loaded to delayed: libTIFF.dylib
dyld[5528]: move loaded to delayed: libGIF.dylib
dyld[5528]: move loaded to delayed: libJP2.dylib
dyld[5528]: move loaded to delayed: libate.dylib
dyld[5528]: move loaded to delayed: libJPEG.dylib
dyld[5528]: move loaded to delayed: libRadiance.dylib
dyld[5528]: move loaded to delayed: libllvm-flatbuffers.dylib
dyld[5528]: move loaded to delayed: FramePacing
dyld[5528]: move loaded to delayed: libCoreFSCache.dylib
dyld[5528]: move loaded to delayed: libGPUCompilerUtils.dylib
dyld[5528]: move loaded to delayed: GraphicsServices
dyld[5528]: move loaded to delayed: OpenGL
dyld[5528]: move loaded to delayed: libGLU.dylib
dyld[5528]: move loaded to delayed: libGFXShared.dylib
dyld[5528]: move loaded to delayed: libGL.dylib
dyld[5528]: move loaded to delayed: libGLImage.dylib
dyld[5528]: move loaded to delayed: libCVMSPluginSupport.dylib
dyld[5528]: move loaded to delayed: libCoreVMClient.dylib
dyld[5528]: move loaded to delayed: GPUWrangler
dyld[5528]: move loaded to delayed: IOPresentment
dyld[5528]: move loaded to delayed: DSExternalDisplay
dyld[5528]: move loaded to delayed: VideoToolboxParavirtualizationSupport
dyld[5528]: move loaded to delayed: AppleVA
dyld[5528]: move loaded to delayed: ExtensionFoundation
dyld[5528]: move loaded to delayed: CMCaptureCore
dyld[5528]: move loaded to delayed: libspindump.dylib
dyld[5528]: move loaded to delayed: CoreAudio
dyld[5528]: move loaded to delayed: AppServerSupport
dyld[5528]: move loaded to delayed: perfdata
dyld[5528]: move loaded to delayed: AudioDSPGraph
dyld[5528]: move loaded to delayed: AudioToolboxCore
dyld[5528]: move loaded to delayed: caulk
dyld[5528]: move loaded to delayed: libAudioStatistics.dylib
dyld[5528]: move loaded to delayed: SystemPolicy
dyld[5528]: move loaded to delayed: libSMC.dylib
dyld[5528]: move loaded to delayed: libswiftCoreMIDI.dylib
dyld[5528]: move loaded to delayed: CoreMIDI
dyld[5528]: move loaded to delayed: libAudioToolboxUtility.dylib
dyld[5528]: move loaded to delayed: libperfcheck.dylib
dyld[5528]: move loaded to delayed: AudioAnalytics
dyld[5528]: move loaded to delayed: OSLog
dyld[5528]: move loaded to delayed: OSEligibility
dyld[5528]: move loaded to delayed: IconServices
dyld[5528]: move loaded to delayed: LightweightCodeRequirements
dyld[5528]: move loaded to delayed: PlugInKit
dyld[5528]: move loaded to delayed: AssertionServices
dyld[5528]: move loaded to delayed: IconFoundation
dyld[5528]: move loaded to delayed: AssistantServices
dyld[5528]: move loaded to delayed: IconRendering
dyld[5528]: move loaded to delayed: CoreUI
dyld[5528]: move loaded to delayed: CoreImage
dyld[5528]: move loaded to delayed: SFSymbols
dyld[5528]: move loaded to delayed: DeveloperToolsSupport
dyld[5528]: move loaded to delayed: RenderBox
dyld[5528]: move loaded to delayed: CoreSVG
dyld[5528]: move loaded to delayed: TextureIO
dyld[5528]: move loaded to delayed: libswiftCoreImage.dylib
dyld[5528]: move loaded to delayed: GraphVisualizer
dyld[5528]: move loaded to delayed: FontServices
dyld[5528]: move loaded to delayed: OTSVG
dyld[5528]: move loaded to delayed: libFontRegistry.dylib
dyld[5528]: move loaded to delayed: libhvf.dylib
dyld[5528]: move loaded to delayed: ParsingInternal
dyld[5528]: move loaded to delayed: libXTFontStaticRegistryData.dylib
dyld[5528]: move loaded to delayed: MPSCore
dyld[5528]: move loaded to delayed: MPSImage
dyld[5528]: move loaded to delayed: MPSNeuralNetwork
dyld[5528]: move loaded to delayed: MPSMatrix
dyld[5528]: move loaded to delayed: MPSRayIntersector
dyld[5528]: move loaded to delayed: MPSNDArray
dyld[5528]: move loaded to delayed: MPSFunctions
dyld[5528]: move loaded to delayed: MPSBenchmarkLoop
dyld[5528]: move loaded to delayed: MPSHost
dyld[5528]: move loaded to delayed: MetalTools
dyld[5528]: move loaded to delayed: IOAccelMemoryInfo
dyld[5528]: move loaded to delayed: kperf
dyld[5528]: move loaded to delayed: GPURawCounter
dyld[5528]: move loaded to delayed: ASEProcessing
dyld[5528]: move loaded to delayed: Symbolication
dyld[5528]: move loaded to delayed: PhotosensitivityProcessing
dyld[5528]: move loaded to delayed: SILManager
dyld[5528]: move loaded to delayed: CoreSymbolication
dyld[5528]: move loaded to delayed: MallocStackLogging
dyld[5528]: move loaded to delayed: DebugSymbols
dyld[5528]: move loaded to delayed: OSAnalytics
dyld[5528]: move loaded to delayed: DeviceRecovery
dyld[5528]: move loaded to delayed: Tightbeam
dyld[5528]: move loaded to delayed: libswiftCompression.dylib
dyld[5528]: move loaded to delayed: AFKUser
dyld[5528]: move loaded to delayed: ATSUI
dyld[5528]: move loaded to delayed: SAObjects
dyld[5528]: move loaded to delayed: AudioToolbox
dyld[5528]: move loaded to delayed: MediaRemote
dyld[5528]: move loaded to delayed: UserNotifications
dyld[5528]: move loaded to delayed: SiriInstrumentation
dyld[5528]: move loaded to delayed: SiriAnalytics
dyld[5528]: move loaded to delayed: SiriTTSService
dyld[5528]: move loaded to delayed: SiriCrossDeviceArbitration
dyld[5528]: move loaded to delayed: FeedbackLogger
dyld[5528]: move loaded to delayed: FaceTimeNameUtility
dyld[5528]: move loaded to delayed: AuthKit
dyld[5528]: move loaded to delayed: SiriCrossDeviceArbitrationFeedback
dyld[5528]: move loaded to delayed: libswiftCoreLocation.dylib
dyld[5528]: move loaded to delayed: libswiftAVFoundation.dylib
dyld[5528]: move loaded to delayed: UIKitServices
dyld[5528]: move loaded to delayed: UnifiedAssetFramework
dyld[5528]: move loaded to delayed: AudioSession
dyld[5528]: move loaded to delayed: MediaExperience
dyld[5528]: move loaded to delayed: libSessionUtility.dylib
dyld[5528]: move loaded to delayed: AudioAccessoryServices
dyld[5528]: move loaded to delayed: CoreBluetooth
dyld[5528]: move loaded to delayed: CoreUtils
dyld[5528]: move loaded to delayed: HID
dyld[5528]: move loaded to delayed: Sharing
dyld[5528]: move loaded to delayed: CoreUtilsExtras
dyld[5528]: move loaded to delayed: IO80211
dyld[5528]: move loaded to delayed: IDSFoundation
dyld[5528]: move loaded to delayed: Apple80211
dyld[5528]: move loaded to delayed: CoreWLAN
dyld[5528]: move loaded to delayed: IOBluetooth
dyld[5528]: move loaded to delayed: libswiftRegexBuilder.dylib
dyld[5528]: move loaded to delayed: IMFoundation
dyld[5528]: move loaded to delayed: Marco
dyld[5528]: move loaded to delayed: CommonUtilities
dyld[5528]: move loaded to delayed: Engram
dyld[5528]: move loaded to delayed: XPCDistributed
dyld[5528]: move loaded to delayed: libtidy.A.dylib
dyld[5528]: move loaded to delayed: Bom
dyld[5528]: move loaded to delayed: libParallelCompression.dylib
dyld[5528]: move loaded to delayed: libIOReport.dylib
dyld[5528]: move loaded to delayed: WiFiPeerToPeer
dyld[5528]: move loaded to delayed: SecurityFoundation
dyld[5528]: move loaded to delayed: Centauri
dyld[5528]: move loaded to delayed: Lexicon
dyld[5528]: move loaded to delayed: libmrc.dylib
dyld[5528]: move loaded to delayed: IPConfiguration
dyld[5528]: move loaded to delayed: Netrb
dyld[5528]: move loaded to delayed: FrontBoardServices
dyld[5528]: move loaded to delayed: libgermantok.dylib
dyld[5528]: move loaded to delayed: LinguisticData
dyld[5528]: move loaded to delayed: MultiverseSupport
dyld[5528]: move loaded to delayed: DiskManagement
dyld[5528]: move loaded to delayed: AppleIDAuthSupport
dyld[5528]: move loaded to delayed: AAAFoundation
dyld[5528]: move loaded to delayed: KeychainCircle
dyld[5528]: move loaded to delayed: URLFormatting
dyld[5528]: move loaded to delayed: libcsfde.dylib
dyld[5528]: move loaded to delayed: libCoreStorage.dylib
dyld[5528]: move loaded to delayed: MediaKit
dyld[5528]: move loaded to delayed: DiscRecording
dyld[5528]: move loaded to delayed: ProtectedCloudStorage
dyld[5528]: move loaded to delayed: EFILogin
dyld[5528]: move loaded to delayed: libheimdal-asn1.dylib
dyld[5528]: move loaded to delayed: OctagonTrust
dyld[5528]: move loaded to delayed: AudioUnit
dyld[5528]: move loaded to delayed: OpenDirectory
dyld[5528]: move loaded to delayed: CFOpenDirectory
dyld[5528]: move loaded to delayed: GeoServices
dyld[5528]: move loaded to delayed: LocationSupport
dyld[5528]: move loaded to delayed: GeoServicesCore
dyld[5528]: move loaded to delayed: PhoneNumbers
dyld[5528]: move loaded to delayed: LocationLogEncryption
dyld[5528]: move loaded to delayed: AVFAudio
dyld[5528]: move loaded to delayed: AVRouting
dyld[5528]: move loaded to delayed: libAccessibility.dylib
dyld[5528]: move loaded to delayed: MediaServices
dyld[5528]: move loaded to delayed: IDS
dyld[5528]: move loaded to delayed: IsolatedCoreAudioClient
dyld[5528]: move loaded to delayed: CoreAudioOrchestration
dyld[5528]: move loaded to delayed: MediaToolbox
dyld[5528]: move loaded to delayed: CoreAVCHD
dyld[5528]: move loaded to delayed: MediaAccessibility
dyld[5528]: move loaded to delayed: Mangrove
dyld[5528]: move loaded to delayed: CMPhoto
dyld[5528]: move loaded to delayed: CoreTelephony
dyld[5528]: move loaded to delayed: CoreAUC
dyld[5528]: move loaded to delayed: AppleJPEGXL
dyld[5528]: move loaded to delayed: libTelephonyUtilDynamic.dylib
dyld[5528]: move loaded to delayed: CryptoKit
dyld[5528]: move loaded to delayed: CryptoKitCBridging
dyld[5528]: move loaded to delayed: CryptoTokenKit
dyld[5528]: move loaded to delayed: LocalAuthentication
dyld[5528]: move loaded to delayed: LocalAuthenticationCore
dyld[5528]: move loaded to delayed: LocalAuthenticationCredentialServices
dyld[5528]: move loaded to delayed: SharedUtils
dyld[5528]: move loaded to delayed: PersistentConnection
dyld[5528]: move loaded to delayed: SonicFoundation
dyld[5528]: move loaded to delayed: AsyncAlgorithmsInternal
dyld[5528]: move loaded to delayed: FTAWD
dyld[5528]: move loaded to delayed: Dendrite
dyld[5528]: move loaded to delayed: libtailspin.dylib
dyld[5528]: move loaded to delayed: Osprey
dyld[5528]: move loaded to delayed: SiriTTS
dyld[5528]: move loaded to delayed: NaturalLanguage
dyld[5528]: move loaded to delayed: GenerativeModels
dyld[5528]: move loaded to delayed: SiriPowerInstrumentation
dyld[5528]: move loaded to delayed: libswiftNaturalLanguage.dylib
dyld[5528]: move loaded to delayed: TailspinSymbolication
dyld[5528]: move loaded to delayed: Darwinup
dyld[5528]: move loaded to delayed: SignpostSupport
dyld[5528]: move loaded to delayed: FeatureFlagsSupport
dyld[5528]: move loaded to delayed: ktrace
dyld[5528]: move loaded to delayed: SampleAnalysis
dyld[5528]: move loaded to delayed: kperfdata
dyld[5528]: move loaded to delayed: libdscsym.dylib
dyld[5528]: move loaded to delayed: AppleMobileFileIntegrity
dyld[5528]: move loaded to delayed: BulkSymbolication
dyld[5528]: move loaded to delayed: libTLE.dylib
dyld[5528]: move loaded to delayed: libmis.dylib
dyld[5528]: move loaded to delayed: ConfigProfileHelper
dyld[5528]: move loaded to delayed: Espresso
dyld[5528]: move loaded to delayed: CoreML
dyld[5528]: move loaded to delayed: libedit.3.dylib
dyld[5528]: move loaded to delayed: ANECompiler
dyld[5528]: move loaded to delayed: AppleNeuralEngine
dyld[5528]: move loaded to delayed: MIL
dyld[5528]: move loaded to delayed: MetalPerformanceShadersGraph
dyld[5528]: move loaded to delayed: MLCompilerServices
dyld[5528]: move loaded to delayed: ANEServices
dyld[5528]: move loaded to delayed: libncurses.5.4.dylib
dyld[5528]: move loaded to delayed: libsandbox.1.dylib
dyld[5528]: move loaded to delayed: libMatch.1.dylib
dyld[5528]: move loaded to delayed: ODIE
dyld[5528]: move loaded to delayed: MLModelAsset
dyld[5528]: move loaded to delayed: MLCompilerRuntime
dyld[5528]: move loaded to delayed: MLCompute
dyld[5528]: move loaded to delayed: MLAssetIO
dyld[5528]: move loaded to delayed: libswiftMLCompute.dylib
dyld[5528]: move loaded to delayed: AVFCore
dyld[5528]: move loaded to delayed: AVFCapture
dyld[5528]: move loaded to delayed: CMImaging
dyld[5528]: move loaded to delayed: Quagga
dyld[5528]: move loaded to delayed: CMCapture
dyld[5528]: move loaded to delayed: CoreMediaIO
dyld[5528]: move loaded to delayed: CMCaptureDevice
dyld[5528]: move loaded to delayed: CoreBrightness
dyld[5528]: move loaded to delayed: CinematicFraming
dyld[5528]: move loaded to delayed: ModelManagerServices
dyld[5528]: move loaded to delayed: CPMS
dyld[5528]: move loaded to delayed: SystemStatus
dyld[5528]: move loaded to delayed: CoreMotion
dyld[5528]: move loaded to delayed: TimeSync
dyld[5528]: move loaded to delayed: DistributedSensing
dyld[5528]: move loaded to delayed: MobileBluetooth
dyld[5528]: move loaded to delayed: IOKitten
dyld[5528]: move loaded to delayed: AppleIntelligenceReporting
dyld[5528]: move loaded to delayed: CoreEmoji
dyld[5528]: move loaded to delayed: libCRFSuite.dylib
dyld[5528]: move loaded to delayed: LanguageModeling
dyld[5528]: move loaded to delayed: CoreNLP
dyld[5528]: move loaded to delayed: Montreal
dyld[5528]: move loaded to delayed: libcmph.dylib
dyld[5528]: move loaded to delayed: libmecab.dylib
dyld[5528]: move loaded to delayed: libThaiTokenizer.dylib
dyld[5528]: move loaded to delayed: GenerativeModelsFoundation
dyld[5528]: move loaded to delayed: TokenGeneration
dyld[5528]: move loaded to delayed: GenerativeFunctions
dyld[5528]: move loaded to delayed: GenerativeFunctionsFoundation
dyld[5528]: move loaded to delayed: ModelCatalog
dyld[5528]: move loaded to delayed: SensitiveContentAnalysisML
dyld[5528]: move loaded to delayed: GenerativeFunctionsInstrumentation
dyld[5528]: move loaded to delayed: PromptKit
dyld[5528]: move loaded to delayed: ProactiveDaemonSupport
dyld[5528]: move loaded to delayed: TokenGenerationCore
dyld[5528]: move loaded to delayed: Trial
dyld[5528]: move loaded to delayed: TrialProto
dyld[5528]: move loaded to delayed: AppleFlatBuffers
dyld[5528]: move loaded to delayed: SentencePieceInternal
dyld[5528]: move loaded to delayed: Vision
dyld[5528]: move loaded to delayed: CoreSceneUnderstanding
dyld[5528]: move loaded to delayed: VisionCore
dyld[5528]: move loaded to delayed: DataDetectorsCore
dyld[5528]: move loaded to delayed: libfaceCore.dylib
dyld[5528]: move loaded to delayed: Futhark
dyld[5528]: move loaded to delayed: InertiaCam
dyld[5528]: move loaded to delayed: TextRecognition
dyld[5528]: move loaded to delayed: DataDetection
dyld[5528]: move loaded to delayed: TextInput
dyld[5528]: move loaded to delayed: CVNLP
dyld[5528]: move loaded to delayed: IntentsFoundation
dyld[5528]: move loaded to delayed: HIDDisplay
dyld[5528]: move loaded to delayed: libcups.2.dylib
dyld[5528]: move loaded to delayed: Kerberos
dyld[5528]: move loaded to delayed: libresolv.9.dylib
dyld[5528]: move loaded to delayed: Heimdal
dyld[5528]: move loaded to delayed: libHeimdalProxy.dylib
dyld[5528]: move loaded to delayed: CommonAuth
dyld[5528]: move loaded to delayed: AXCoreUtilities
dyld[5528]: move loaded to delayed: AttributeGraph
dyld[5528]: move loaded to delayed: libAXSafeCategoryBundle.dylib
dyld[5528]: move loaded to delayed: TabularData
dyld[5528]: move loaded to delayed: ArgumentParserInternal
dyld[5528]: move loaded to delayed: libvDSP.dylib
dyld[5528]: move loaded to delayed: libLAPACK.dylib
dyld[5528]: move loaded to delayed: libLinearAlgebra.dylib
dyld[5528]: move loaded to delayed: libSparseBLAS.dylib
dyld[5528]: move loaded to delayed: libQuadrature.dylib
dyld[5528]: move loaded to delayed: libBNNS.dylib
dyld[5528]: move loaded to delayed: libSparse.dylib
dyld[5528]: move loaded to delayed: ApplePushService
dyld[5528]: move loaded to delayed: CloudKit
dyld[5528]: move loaded to delayed: CoreDuetDaemonProtocol
dyld[5528]: move loaded to delayed: DeviceIdentity
dyld[5528]: move loaded to delayed: SharedWithYouCore
dyld[5528]: move loaded to delayed: CloudTelemetry
dyld[5528]: move loaded to delayed: AppleAccount
dyld[5528]: move loaded to delayed: C2
dyld[5528]: move loaded to delayed: CloudCoreInternal
dyld[5528]: move loaded to delayed: CloudAsset
dyld[5528]: move loaded to delayed: PushKit
dyld[5528]: move loaded to delayed: CoreTransferable
dyld[5528]: move loaded to delayed: NetAuth
dyld[5528]: move loaded to delayed: loginsupport
dyld[5528]: move loaded to delayed: CloudTelemetryTools
dyld[5528]: move loaded to delayed: CloudTelemetryShared.dylib
dyld[5528]: move loaded to delayed: RTCReporting
dyld[5528]: move loaded to delayed: AAAFoundationSwift
dyld[5528]: move loaded to delayed: AppleIDSSOAuthentication
dyld[5528]: move loaded to delayed: UIFoundation
dyld[5528]: move loaded to delayed: CaptiveNetwork
dyld[5528]: move loaded to delayed: EAP8021X
dyld[5528]: move loaded to delayed: CryptoKitPrivate
dyld[5528]: move loaded to delayed: FindMyDevice
dyld[5528]: move loaded to delayed: FMCoreLite
dyld[5528]: move loaded to delayed: ServiceManagement
dyld[5528]: move loaded to delayed: libCheckFix.dylib
dyld[5528]: move loaded to delayed: MetadataUtilities
dyld[5528]: move loaded to delayed: InstalledContentLibrary
dyld[5528]: move loaded to delayed: CoreServicesStore
dyld[5528]: move loaded to delayed: libapp_launch_measurement.dylib
dyld[5528]: move loaded to delayed: MobileSystemServices
dyld[5528]: move loaded to delayed: libxslt.1.dylib
dyld[5528]: move loaded to delayed: BackgroundTaskManagement
dyld[5528]: move loaded to delayed: libcurl.4.dylib
dyld[5528]: move loaded to delayed: libcrypto.46.dylib
dyld[5528]: move loaded to delayed: libssl.48.dylib
dyld[5528]: move loaded to delayed: LDAP
dyld[5528]: move loaded to delayed: TrustEvaluationAgent
dyld[5528]: move loaded to delayed: libsasl2.2.dylib
FTS late-create recovery passed
{"command": ["_build/sanitizers-clt21/tests/fts_failure_recovery", "late-create", "/private/tmp/aphid-fts-sanitizer-late-native/graph"], "cwd": "/Users/catethos/workspace/ladybugex/zig_library", "exit": 0, "seconds": 1.055}
dyld[5532]: <0C7BEC99-4415-34AA-AFC7-23F8C68EA1A9> /Users/catethos/workspace/ladybugex/zig_library/_build/sanitizers-clt21/tests/fts_failure_recovery
dyld[5532]: <48DDF1AA-5774-3AF2-B214-89E57C305097> /Users/catethos/workspace/ladybugex/zig_library/_build/fts-candidate-sanitizers-clt21-late/liblbug.0.dylib
dyld[5532]: <13FCB0EB-FF74-39B5-92ED-980AB6E76C5C> /Library/Developer/CommandLineTools/usr/lib/clang/21/lib/darwin/libclang_rt.asan_osx_dynamic.dylib
dyld[5532]: <4CC4CAD6-45A6-361E-9343-DE636A0B5C02> /usr/lib/libSystem.B.dylib
dyld[5532]: <EA7C2E0B-52BF-3D45-9A33-38F54A535452> /usr/lib/system/libcache.dylib
dyld[5532]: <72D94140-1281-3886-971B-37C810403C03> /usr/lib/system/libcommonCrypto.dylib
dyld[5532]: <D60A9B54-A909-3FD5-93B9-3F38BE0A2BE8> /usr/lib/system/libcompiler_rt.dylib
dyld[5532]: <58F425CF-7D4F-34FD-9620-706A2A7F8BDC> /usr/lib/system/libcopyfile.dylib
dyld[5532]: <D54389FC-4078-370D-A863-9FEF16E00DFD> /usr/lib/system/libcorecrypto.dylib
dyld[5532]: <243E06A0-7BFF-3C3F-8A9B-D7732729B361> /usr/lib/system/libdispatch.dylib
dyld[5532]: <634959D0-592E-349C-B549-B91F2FF09858> /usr/lib/system/libdyld.dylib
dyld[5532]: <18EFA1CE-C535-3EAC-BC2C-7955593B7382> /usr/lib/system/libkeymgr.dylib
dyld[5532]: <3E43AF47-AD89-3BB4-82B9-A9533F4334DF> /usr/lib/system/libmacho.dylib
dyld[5532]: <78C5B827-8152-358D-90E9-B02F02A68B17> /usr/lib/system/libquarantine.dylib
dyld[5532]: <DA9C2B48-7A9C-32EA-888D-6C7AEB5250E6> /usr/lib/system/libremovefile.dylib
dyld[5532]: <FF57F6FA-F3A1-343D-815D-57B769D31445> /usr/lib/system/libsystem_asl.dylib
dyld[5532]: <A712B95E-BCEE-3F12-9F9B-58E6C2060E53> /usr/lib/system/libsystem_blocks.dylib
dyld[5532]: <FDC4E366-5C14-3A1E-BC35-D933D28CDCF3> /usr/lib/system/libsystem_c.dylib
dyld[5532]: <BDA28F78-F479-3C22-B9C7-4ABCB6801592> /usr/lib/system/libsystem_collections.dylib
dyld[5532]: <A14ED142-2F56-33A6-A23C-EEB8417DC90E> /usr/lib/system/libsystem_configuration.dylib
dyld[5532]: <2E14025A-52C2-361D-8A8F-5DD45825A2C9> /usr/lib/system/libsystem_containermanager.dylib
dyld[5532]: <F335DA14-69E8-336E-85A3-11EE239255F0> /usr/lib/system/libsystem_coreservices.dylib
dyld[5532]: <A095E4FE-0EE1-34DF-B00A-7D349FBC55E0> /usr/lib/system/libsystem_darwin.dylib
dyld[5532]: <6C03D78B-BFAB-3C7A-B713-50881791EE08> /usr/lib/system/libsystem_darwindirectory.dylib
dyld[5532]: <2C4C3043-008E-3BD8-BC29-AB9AD235DBA9> /usr/lib/system/libsystem_dnssd.dylib
dyld[5532]: <A279E124-8499-3FFC-A788-655070028F97> /usr/lib/system/libsystem_eligibility.dylib
dyld[5532]: <5E7CDBD5-44AB-34C0-A0F5-FC72F6116CDC> /usr/lib/system/libsystem_featureflags.dylib
dyld[5532]: <7402662E-F235-3F48-BB65-F64C8CF0F2BB> /usr/lib/system/libsystem_info.dylib
dyld[5532]: <3739A40F-2C17-3503-92D6-098141E56E89> /usr/lib/system/libsystem_m.dylib
dyld[5532]: <971CDCFE-4D20-300E-A1D6-EC8672FDD258> /usr/lib/system/libsystem_malloc.dylib
dyld[5532]: <01D14A9E-16DC-372C-8AA8-CC7AD39E797F> /usr/lib/system/libsystem_networkextension.dylib
dyld[5532]: <F9B1BAFF-4D09-3A1F-839B-189C21EB5FBB> /usr/lib/system/libsystem_notify.dylib
dyld[5532]: <6592D3CE-38C6-3C08-9EA5-75D64F37993F> /usr/lib/system/libsystem_sandbox.dylib
dyld[5532]: <C92FAEE5-DAED-3340-96B3-0C42B005ADF9> /usr/lib/system/libsystem_sanitizers.dylib
dyld[5532]: <C85AF062-AA9B-35BB-904C-C055B2C21602> /usr/lib/system/libsystem_secinit.dylib
dyld[5532]: <7CFB3A10-ADB2-32C4-99B5-922A111B3224> /usr/lib/system/libsystem_kernel.dylib
dyld[5532]: <4C6BD0FE-25F2-38D8-BE5C-24DAC1DEDCFB> /usr/lib/system/libsystem_platform.dylib
dyld[5532]: <12342372-0084-37A5-9EA6-2E4DC940C685> /usr/lib/system/libsystem_pthread.dylib
dyld[5532]: <CE07A0DF-31B6-3528-B7CE-91CAD89AA519> /usr/lib/system/libsystem_symptoms.dylib
dyld[5532]: <E043667E-AD01-3228-837F-A381F32F2B30> /usr/lib/system/libsystem_trace.dylib
dyld[5532]: <2FF186A6-F448-38CD-9A30-8B5B1AEFCA10> /usr/lib/system/libsystem_trial.dylib
dyld[5532]: <B21A1015-83D4-31D8-BA41-88688962D9A6> /usr/lib/system/libunwind.dylib
dyld[5532]: <40BBE226-77D4-332E-9DA8-F0B5BACFB86D> /usr/lib/system/libxpc.dylib
dyld[5532]: <40277974-D20C-3EC8-B25C-43AE30D8CC60> /usr/lib/libobjc.A.dylib
dyld[5532]: <5BCE8CB3-4EF5-3181-B96B-8E8130851510> /System/Library/PrivateFrameworks/XPCSupport.framework/Versions/A/XPCSupport
dyld[5532]: <FDBA2243-A7AB-3524-9B94-F3034AC36E41> /System/Library/Frameworks/CoreFoundation.framework/Versions/A/CoreFoundation
dyld[5532]: <81895735-AEE8-36CF-B7ED-370A80C4E78A> /usr/lib/swift/libswiftCore.dylib
dyld[5532]: <DDE77B06-5E25-380B-85B7-BA1A27D09021> /usr/lib/libc++abi.dylib
dyld[5532]: <F41D814B-FE1F-311A-A778-5F0699628188> /usr/lib/libRosetta.dylib
dyld[5532]: <C6DC2145-7B94-3E01-ADE5-96A6C2D078BC> /usr/lib/libc++.1.dylib
dyld[5532]: <2E3EA3FE-B1EF-3EDA-B94E-C7FC54E30C13> /System/Library/Frameworks/Foundation.framework/Versions/C/Foundation
dyld[5532]: <4A2A8D5B-A79D-36B3-A688-1792E7A98EA6> /usr/lib/swift/libswiftObjectiveC.dylib
dyld[5532]: <CB44DEF4-FCFF-36ED-8E9D-BB26E0DFACAC> /usr/lib/libswiftPrespecialized.dylib
dyld[5532]: <7C419E70-AC1A-3BF9-913F-D2F87F60680B> /System/Library/Frameworks/SystemConfiguration.framework/Versions/A/SystemConfiguration
dyld[5532]: <03BEB01C-EE74-3952-80FC-D2B7CF9C798D> /usr/lib/libz.1.dylib
dyld[5532]: <1C295E81-112C-3641-8846-101E1BD9471D> /System/Library/PrivateFrameworks/CoreAutoLayout.framework/Versions/A/CoreAutoLayout
dyld[5532]: <B0B762DB-DEE4-368F-94E4-6BCFEC98E286> /usr/lib/libcmark-gfm.dylib
dyld[5532]: <4A5173C4-2F2F-3503-9FED-70C4E5BEFA0F> /usr/lib/libfakelink.dylib
dyld[5532]: <88B2498F-674F-34B8-AC5F-048E050518E5> /usr/lib/libcompression.dylib
dyld[5532]: <49C50CC0-E432-3C8D-84D5-F6AA825941A3> /System/Library/Frameworks/CFNetwork.framework/Versions/A/CFNetwork
dyld[5532]: <ECE02111-DA6A-386C-B109-699F01824273> /System/Library/Frameworks/DiskArbitration.framework/Versions/A/DiskArbitration
dyld[5532]: <CE6444C3-4DCC-3F04-B4EC-AE78233CD4C8> /usr/lib/libarchive.2.dylib
dyld[5532]: <E681BCDD-6DE1-3079-8AD8-DB80F389420D> /usr/lib/libDiagnosticMessagesClient.dylib
dyld[5532]: <700597A5-5992-3705-9F22-3E970E735653> /usr/lib/libicucore.A.dylib
dyld[5532]: <E706ECFF-E18C-3E27-B22D-B8307DE9C6D2> /usr/lib/libxml2.2.dylib
dyld[5532]: <B20E2809-8922-3D51-9CF9-1EF7DFDFBE1D> /System/Library/Frameworks/CoreServices.framework/Versions/A/CoreServices
dyld[5532]: <A316E5EC-C7E2-3D1C-A36A-7075E38735A8> /usr/lib/liblangid.dylib
dyld[5532]: <93FF2D40-D3DB-37A6-A827-8C8947B0BDCF> /System/Library/Frameworks/IOKit.framework/Versions/A/IOKit
dyld[5532]: <EBB4454A-765B-38CF-8B9D-71FF1B53D290> /System/Library/Frameworks/Combine.framework/Versions/A/Combine
dyld[5532]: <FD544864-C6FA-3FB3-B8EA-7ECAA412D97F> /System/Library/PrivateFrameworks/CollectionsInternal.framework/Versions/A/CollectionsInternal
dyld[5532]: <B66B4EC0-DF77-317E-B57C-9005FCA3B3E1> /System/Library/PrivateFrameworks/ReflectionInternal.framework/Versions/A/ReflectionInternal
dyld[5532]: <8D664FD8-9C6D-35F2-A0CB-C7E22ABEB804> /System/Library/PrivateFrameworks/RuntimeInternal.framework/Versions/A/RuntimeInternal
dyld[5532]: <105FF8F1-5BE6-387D-B850-ECE87B4BFE9C> /System/Library/PrivateFrameworks/SoftLinking.framework/Versions/A/SoftLinking
dyld[5532]: <EE71FC23-45F1-30AE-B49C-74D2DE7882BA> /usr/lib/swift/libswiftCoreFoundation.dylib
dyld[5532]: <70D613F2-BFE7-38FC-A7E8-80779478F554> /usr/lib/swift/libswiftDarwin.dylib
dyld[5532]: <F272890D-9996-3BD0-A5AA-67CE47819FE4> /usr/lib/swift/libswiftDispatch.dylib
dyld[5532]: <1A55E5A8-85E6-3067-AB87-4AC87B8C6530> /usr/lib/swift/libswiftIOKit.dylib
dyld[5532]: <92A7149B-3E19-38D2-BD36-3360D56F3096> /usr/lib/swift/libswiftSystem.dylib
dyld[5532]: <75A38F4A-06EE-3FD1-87A3-8F9FF972CE47> /usr/lib/swift/libswiftXPC.dylib
dyld[5532]: <4C680D47-D53D-3E82-9575-B04943349B45> /usr/lib/swift/libswift_Builtin_float.dylib
dyld[5532]: <E202745F-BFF6-3F29-A171-5C8DDE11779C> /usr/lib/swift/libswift_Concurrency.dylib
dyld[5532]: <4A0A069F-D0C0-3F0A-BE4F-4AFE0DF78D58> /usr/lib/swift/libswift_DarwinFoundation1.dylib
dyld[5532]: <2B54D7C1-96A9-350E-B680-2CEC48FE32AE> /usr/lib/swift/libswift_StringProcessing.dylib
dyld[5532]: <C191573D-AF50-3C8E-840C-F64782CC2BFC> /usr/lib/swift/libswiftos.dylib
dyld[5532]: <48EB2100-B5F6-3150-A424-5FD9EEC9B77B> /System/Library/PrivateFrameworks/CoreServicesInternal.framework/Versions/A/CoreServicesInternal
dyld[5532]: <F41D814B-FE1F-311A-A778-5F0699628188> /usr/lib/liboah.dylib
dyld[5532]: <A4C45770-BA54-3D2C-9DA3-077F5A497C32> /System/Library/Frameworks/Security.framework/Versions/A/Security
dyld[5532]: <D3D5DEE9-258B-33B9-A688-CF81D495E88D> /System/Library/PrivateFrameworks/GenerationalStorage.framework/Versions/A/GenerationalStorage
dyld[5532]: <02498F6E-F56A-35EC-BBFD-09E0739F330E> /System/Library/PrivateFrameworks/CacheDelete.framework/Versions/A/CacheDelete
dyld[5532]: <5879E066-73C2-3C08-9571-57A56D8FC106> /System/Library/Frameworks/QuickLookThumbnailing.framework/Versions/A/QuickLookThumbnailing
dyld[5532]: <56C602D6-EE17-31C4-BACC-962E392B7A14> /System/Library/Frameworks/FileProvider.framework/Versions/A/FileProvider
dyld[5532]: <1D861D5E-F6F8-3B0C-97F0-6F7DA8174A13> /System/Library/PrivateFrameworks/DiskImages.framework/Versions/A/DiskImages
dyld[5532]: <8B049FBF-B02F-3B65-B252-36DD33AE4DCB> /System/Library/Frameworks/NetFS.framework/Versions/A/NetFS
dyld[5532]: <8A8560B9-089E-3AB8-996F-C1E6F335D567> /System/Library/PrivateFrameworks/DesktopServicesPriv.framework/Versions/A/DesktopServicesPriv
dyld[5532]: <4DF5833E-170E-391E-8068-334A1619B6EC> /System/Library/Frameworks/CoreServices.framework/Versions/A/Frameworks/FSEvents.framework/Versions/A/FSEvents
dyld[5532]: <C3100FC0-CB90-375E-8228-7AD3095F70CC> /System/Library/Frameworks/CoreServices.framework/Versions/A/Frameworks/CarbonCore.framework/Versions/A/CarbonCore
dyld[5532]: <20352036-F9BF-311D-BF2B-4BE56DE35A4C> /System/Library/Frameworks/CoreServices.framework/Versions/A/Frameworks/Metadata.framework/Versions/A/Metadata
dyld[5532]: <C43D9113-B804-3617-AB4E-18B9746C3FD7> /System/Library/Frameworks/CoreServices.framework/Versions/A/Frameworks/OSServices.framework/Versions/A/OSServices
dyld[5532]: <DB2FEE7A-4E93-3C0A-A1BC-1A7915D7F824> /System/Library/Frameworks/CoreServices.framework/Versions/A/Frameworks/SearchKit.framework/Versions/A/SearchKit
dyld[5532]: <1FE41C73-319E-31D6-8AB9-5D9725C29840> /System/Library/Frameworks/CoreServices.framework/Versions/A/Frameworks/AE.framework/Versions/A/AE
dyld[5532]: <F672AF6B-712F-3E94-A30C-D962C961B1AE> /System/Library/Frameworks/CoreServices.framework/Versions/A/Frameworks/LaunchServices.framework/Versions/A/LaunchServices
dyld[5532]: <89B35D84-BCB4-32EA-B793-BB3563BA6C7E> /System/Library/Frameworks/CoreServices.framework/Versions/A/Frameworks/DictionaryServices.framework/Versions/A/DictionaryServices
dyld[5532]: <11D1A903-7E02-365D-B434-CF1F6928B9C8> /System/Library/Frameworks/CoreServices.framework/Versions/A/Frameworks/SharedFileList.framework/Versions/A/SharedFileList
dyld[5532]: <37EB8634-C367-3986-951F-FE6CE034F9B8> /usr/lib/libapple_nghttp2.dylib
dyld[5532]: <FFED8D03-933A-3E77-A298-899189CFDDEE> /usr/lib/libsqlite3.dylib
dyld[5532]: <480932A5-4C8C-3AEF-AFC3-31D7D5A6DFB7> /System/Library/Frameworks/Accounts.framework/Versions/A/Accounts
dyld[5532]: <277306E7-DBCE-3D31-8E19-1A959860E47C> /System/Library/PrivateFrameworks/AOSKit.framework/Versions/A/AOSKit
dyld[5532]: <F1614AEF-411C-3D85-B147-122B24A52BD2> /System/Library/PrivateFrameworks/AppSSOCore.framework/Versions/A/AppSSOCore
dyld[5532]: <E49883EF-0C5A-34B3-940E-6CDED347A361> /System/Library/PrivateFrameworks/AppSupport.framework/Versions/A/AppSupport
dyld[5532]: <2B4C89E8-6D61-382F-8596-400AFD5DFAED> /System/Library/Frameworks/AVFoundation.framework/Versions/A/AVFoundation
dyld[5532]: <D6494026-1CF4-365F-9D35-BD3C0FAE8463> /System/Library/PrivateFrameworks/BackgroundSystemTasks.framework/Versions/A/BackgroundSystemTasks
dyld[5532]: <5B6BC0A9-527D-3D06-B19A-59A55830D0C2> /System/Library/PrivateFrameworks/CoreAnalytics.framework/Versions/A/CoreAnalytics
dyld[5532]: <86707213-12B9-3943-AF6A-FBFDF1209FCA> /System/Library/Frameworks/CoreGraphics.framework/Versions/A/CoreGraphics
dyld[5532]: <43674C87-ADFF-3F60-9DDD-8CE9CAFA39D5> /System/Library/PrivateFrameworks/DuetActivityScheduler.framework/Versions/A/DuetActivityScheduler
dyld[5532]: <8220298F-96F2-3CED-82CF-C07E11DA38F9> /System/Library/PrivateFrameworks/FTServices.framework/Versions/A/FTServices
dyld[5532]: <6A676BE5-DAA2-3923-8B2D-9183A79D8FCF> /System/Library/Frameworks/GSS.framework/Versions/A/GSS
dyld[5532]: <B9C46934-ECEA-360F-BD4D-39025C7947C9> /System/Library/PrivateFrameworks/InternationalSupport.framework/Versions/A/InternationalSupport
dyld[5532]: <F64C374B-7C49-32B2-BD2E-8822A3F14163> /usr/lib/libMemoryResourceException.dylib
dyld[5532]: <A3C34F06-7BB2-3881-8DD1-775BB79E14B3> /System/Library/PrivateFrameworks/NetworkScore.framework/Versions/A/NetworkScore
dyld[5532]: <31C663CB-E303-3669-A2D3-17AB24A16940> /System/Library/PrivateFrameworks/NetworkServiceProxy.framework/Versions/A/NetworkServiceProxy
dyld[5532]: <949C594B-FE78-3E1A-B40C-4720CF994C75> /System/Library/PrivateFrameworks/RunningBoardServices.framework/Versions/A/RunningBoardServices
dyld[5532]: <291F2CDF-90AA-36D2-94BB-1318387C54C5> /System/Library/PrivateFrameworks/StreamingExtractor.framework/Versions/A/StreamingExtractor
dyld[5532]: <A266C210-8869-390E-93D0-5AC15408C80D> /System/Library/PrivateFrameworks/StreamingZip.framework/Versions/A/StreamingZip
dyld[5532]: <DB7270A8-9BB5-3EBE-B2FD-54F6641D56DE> /System/Library/PrivateFrameworks/SymptomReporter.framework/Versions/A/SymptomReporter
dyld[5532]: <87E902A1-34F8-3ED8-8A5B-00F346A553AE> /usr/lib/libenergytrace.dylib
dyld[5532]: <076C8183-DBAF-3FE4-8019-C95855620AD9> /usr/lib/libnetworkextension.dylib
dyld[5532]: <4A16436D-E026-380A-ADED-84C279C05285> /System/Library/Frameworks/Network.framework/Versions/A/Network
dyld[5532]: <7E84A4E7-383B-33B9-B604-D707E8E0C76A> /usr/lib/libbsm.0.dylib
dyld[5532]: <B20E8F67-6646-3050-AB29-44575B24BB6D> /usr/lib/system/libkxld.dylib
dyld[5532]: <2D2A4D15-9634-3D30-8D50-845C65536968> /System/Library/PrivateFrameworks/AppleKeyStore.framework/Versions/A/AppleKeyStore
dyld[5532]: <CFECAA0B-0E59-3E9B-BE28-7247E52F32BC> /usr/lib/libCoreEntitlements.dylib
dyld[5532]: <DDEA8F2A-0D8C-3136-A60F-159B3BF6BB14> /System/Library/PrivateFrameworks/MessageSecurity.framework/Versions/A/MessageSecurity
dyld[5532]: <4AB73CF2-A262-3297-A4ED-F98885686564> /System/Library/PrivateFrameworks/ProtocolBuffer.framework/Versions/A/ProtocolBuffer
dyld[5532]: <9E416667-BB78-36EB-9B5D-886652738B8E> /System/Library/PrivateFrameworks/CloudServices.framework/Versions/A/CloudServices
dyld[5532]: <88586001-D9A2-3BCE-A0B3-F66B962A5FCD> /System/Library/PrivateFrameworks/SymptomDiagnosticReporter.framework/Versions/A/SymptomDiagnosticReporter
dyld[5532]: <E76B3969-60BD-3EBD-8419-B6D16CB330C2> /System/Library/PrivateFrameworks/CrashReporterSupport.framework/Versions/A/CrashReporterSupport
dyld[5532]: <E0F8AF6B-104D-3F9D-A8FB-49EF7C45EAAE> /usr/lib/libMobileGestalt.dylib
dyld[5532]: <903E85C5-7923-3276-8CD3-439E896B7C6B> /System/Library/PrivateFrameworks/AppleFSCompression.framework/Versions/A/AppleFSCompression
dyld[5532]: <5CF64670-CDC0-3AF0-930A-38522A8573EC> /usr/lib/libcoretls.dylib
dyld[5532]: <88C8B8CF-FC4A-3278-9FD7-A2B90B2F600F> /usr/lib/libcoretls_cfhelpers.dylib
dyld[5532]: <4653F0C2-72CB-3C35-AEB9-AAFD63A5B721> /usr/lib/libpam.2.dylib
dyld[5532]: <47C6FF5C-2E46-3B5A-A3AF-157D64AA89B0> /usr/lib/libxar.1.dylib
dyld[5532]: <715B7DF2-B40D-3EBA-BFC9-13276492ED33> /System/Library/PrivateFrameworks/APFS.framework/Versions/A/APFS
dyld[5532]: <C01C6663-DD1C-3855-AB40-23B40F988E8E> /System/Library/PrivateFrameworks/SwiftASN1Internal.framework/Versions/A/SwiftASN1Internal
dyld[5532]: <AAB4E5F3-8EF1-39BE-A32B-8B4ABF8F390D> /usr/lib/libutil.dylib
dyld[5532]: <389F3921-719F-3A03-BD22-3A711B27FB35> /System/Library/PrivateFrameworks/AppleSystemInfo.framework/Versions/A/AppleSystemInfo
dyld[5532]: <2CFBD4DF-9E6B-34A5-9B6C-BCD05F40F139> /System/Library/PrivateFrameworks/IOMobileFramebuffer.framework/Versions/A/IOMobileFramebuffer
dyld[5532]: <C30F04DE-ADD7-3DBC-A1B2-C7D1EFA08CC6> /System/Library/Frameworks/IOSurface.framework/Versions/A/IOSurface
dyld[5532]: <B73AC390-0D5D-3EDA-A81F-709B68F0E37A> /System/Library/PrivateFrameworks/CoreWiFi.framework/Versions/A/CoreWiFi
dyld[5532]: <E39BD6CE-35C2-3F90-BBC1-F68EB3C71E52> /System/Library/PrivateFrameworks/LoggingSupport.framework/Versions/A/LoggingSupport
dyld[5532]: <B7154554-8A67-3354-B992-14441B39FF71> /System/Library/PrivateFrameworks/MobileAsset.framework/Versions/A/MobileAsset
dyld[5532]: <604DB01F-E423-31DC-A4A1-792F6701BA2D> /System/Library/PrivateFrameworks/PowerLog.framework/Versions/A/PowerLog
dyld[5532]: <BE98D10A-67D4-311C-B556-8D3838CF6F81> /System/Library/PrivateFrameworks/Rapport.framework/Versions/A/Rapport
dyld[5532]: <58E4A38D-47FB-3EAC-B7E0-6818F49D24EA> /System/Library/Frameworks/SwiftData.framework/Versions/A/SwiftData
dyld[5532]: <540009BA-D3E5-3F67-8DE8-ED0033FE9215> /System/Library/PrivateFrameworks/Symptoms.framework/Versions/A/Frameworks/SymptomAnalytics.framework/Versions/A/SymptomAnalytics
dyld[5532]: <743056F4-24EC-3A70-8282-C6F20407C193> /System/Library/Frameworks/UniformTypeIdentifiers.framework/Versions/A/UniformTypeIdentifiers
dyld[5532]: <4C89B3C9-F76E-3ED3-9515-E770E4E0E04A> /System/Library/PrivateFrameworks/UserManagement.framework/Versions/A/UserManagement
dyld[5532]: <0767E249-3DD3-375B-8E61-F5DB8309C5BA> /usr/lib/libboringssl.dylib
dyld[5532]: <819F23DB-90BE-3F09-8647-29C8F3CF929E> /usr/lib/libcupolicy.dylib
dyld[5532]: <B079C73B-474D-3A35-B9FC-C417A2FAAC2D> /usr/lib/libdns_services.dylib
dyld[5532]: <9BFCCC8E-40E3-33F3-8108-ED956930D9B0> /System/Library/Frameworks/NetworkExtension.framework/Versions/A/NetworkExtension
dyld[5532]: <2C368B24-1063-37A2-9815-6392CE0D28FA> /usr/lib/libnwswifttls.dylib
dyld[5532]: <0A92F1D9-34F1-35A9-A293-57BED013A7C7> /usr/lib/libpcap.A.dylib
dyld[5532]: <A88B0E2C-9449-37D5-AA62-8533346704D8> /usr/lib/libquic.dylib
dyld[5532]: <35A0D004-85A7-324D-A597-61F1AA1203B8> /usr/lib/libusrtcp.dylib
dyld[5532]: <AD7AC28E-DF43-3FE2-9F95-1A55421FE21B> /System/Library/PrivateFrameworks/AtomicsInternal.framework/Versions/A/AtomicsInternal
dyld[5532]: <4AFF9D01-B152-3754-917D-FEB9B6EDB074> /System/Library/PrivateFrameworks/InternalSwiftProtobuf.framework/Versions/A/InternalSwiftProtobuf
dyld[5532]: <939A84CD-B303-36D6-89D4-0CA6FE6C9335> /usr/lib/swift/libswiftDistributed.dylib
dyld[5532]: <69B34359-C025-3674-9127-6FE565701511> /usr/lib/swift/libswiftObservation.dylib
dyld[5532]: <7626547E-9425-3FAE-A895-04A4C0B5A24C> /usr/lib/swift/libswiftSynchronization.dylib
dyld[5532]: <61779A8C-8FAF-3B30-88EB-F8B1F7965DA6> /System/Library/PrivateFrameworks/AggregateDictionary.framework/Versions/A/AggregateDictionary
dyld[5532]: <ACB84D0D-0179-32B7-8F5C-53BD2AC740D5> /System/Library/PrivateFrameworks/CoreDuetContext.framework/Versions/A/CoreDuetContext
dyld[5532]: <ED2927D1-85F9-346D-9054-C9008EEFC205> /System/Library/PrivateFrameworks/BiomeLibrary.framework/Versions/A/BiomeLibrary
dyld[5532]: <0F02B28D-130E-3D48-A02E-D62C960731A0> /System/Library/PrivateFrameworks/CoreDuet.framework/Versions/A/CoreDuet
dyld[5532]: <0C2B5247-3909-390E-89D1-CD10B5986FDB> /System/Library/PrivateFrameworks/BiomeStreams.framework/Versions/A/BiomeStreams
dyld[5532]: <ECD6B305-5576-372C-A6C2-6FB8B3449B16> /System/Library/PrivateFrameworks/BiomeFoundation.framework/Versions/A/BiomeFoundation
dyld[5532]: <56BD2841-6328-3882-839C-512E9AEC3220> /System/Library/PrivateFrameworks/BiomePubSub.framework/Versions/A/BiomePubSub
dyld[5532]: <26BCA90F-FDB6-3162-8398-B204D85CFE5B> /System/Library/Frameworks/CoreData.framework/Versions/A/CoreData
dyld[5532]: <5C05FB7B-7E85-3E88-B482-B08EBADE6C7C> /System/Library/PrivateFrameworks/ProactiveSupport.framework/Versions/A/ProactiveSupport
dyld[5532]: <8984813E-20DC-39D0-8760-81CF047BEA77> /System/Library/Frameworks/CoreLocation.framework/Versions/A/CoreLocation
dyld[5532]: <71576C7F-398C-30F3-8B15-E71BBEFCBF40> /System/Library/Frameworks/Intents.framework/Versions/A/Intents
dyld[5532]: <9C3CA246-0044-37F0-9C69-6A72E1434912> /System/Library/Frameworks/_LocationEssentials.framework/Versions/A/_LocationEssentials
dyld[5532]: <6DB9D3C0-C6E8-34F1-BECE-E13E769A8FDB> /usr/lib/liblzma.5.dylib
dyld[5532]: <69865F9B-6DB8-3638-8A23-072E1E349C72> /System/Library/Frameworks/Accelerate.framework/Versions/A/Accelerate
dyld[5532]: <0542EA91-C289-3EEB-A7BD-E3FDC5F48622> /System/Library/PrivateFrameworks/MobileKeyBag.framework/Versions/A/MobileKeyBag
dyld[5532]: <504121FD-73F2-3024-93D0-E8A7C806E94B> /System/Library/PrivateFrameworks/InternationalTextSearch.framework/Versions/A/InternationalTextSearch
dyld[5532]: <6DD8264D-A08C-3E81-A4DC-DF6F92BDE42B> /System/Library/PrivateFrameworks/SoftwareUpdateCoreSupport.framework/Versions/A/SoftwareUpdateCoreSupport
dyld[5532]: <BE013477-FD5C-36B1-9127-66C2080DE35E> /System/Library/PrivateFrameworks/SoftwareUpdateCoreConnect.framework/Versions/A/SoftwareUpdateCoreConnect
dyld[5532]: <B9FE5420-1BC3-3001-ACAF-2E917BFFBDD0> /System/Library/PrivateFrameworks/RemoteServiceDiscovery.framework/Versions/A/RemoteServiceDiscovery
dyld[5532]: <135C2628-BD95-3432-8D97-32C8FDABD1E3> /System/Library/PrivateFrameworks/MSUDataAccessor.framework/Versions/A/MSUDataAccessor
dyld[5532]: <7817458F-E833-3825-A04B-03A79AD8739B> /usr/lib/libbootpolicy.dylib
dyld[5532]: <ED17CD59-DDEC-3BDE-9267-201A02407BAD> /System/Library/PrivateFrameworks/RemoteXPC.framework/Versions/A/RemoteXPC
dyld[5532]: <A1DBFEC9-D0A6-3B2E-99D2-EC6B5B9B960D> /usr/lib/libFDR.dylib
dyld[5532]: <A73B43E8-985F-3BB1-AD2B-DAF39BFF4E95> /usr/lib/libamsupport.dylib
dyld[5532]: <2C923B2B-EB1C-3FD1-8272-4AD141AEE322> /usr/lib/libReverseProxyDevice.dylib
dyld[5532]: <A1751466-FD99-3C13-9DAE-8EE39A575C75> /System/Library/PrivateFrameworks/AppleDeviceQuerySupport.framework/Versions/A/AppleDeviceQuerySupport
dyld[5532]: <6B2536A0-FB99-3B72-BF72-C8A230F76C2F> /usr/lib/libpartition2_dynamic.dylib
dyld[5532]: <50A785A8-C474-3A6D-A6CB-DFD2D0E93B43> /System/Library/PrivateFrameworks/AppleSauce.framework/Versions/A/AppleSauce
dyld[5532]: <4C0A66D2-B313-3A88-B438-3B2FBAFD7994> /usr/lib/libAppleArchive.dylib
dyld[5532]: <F8B99793-2A42-3B06-A92E-C84D8679459A> /usr/lib/libbz2.1.0.dylib
dyld[5532]: <87180846-15A0-3AE6-9375-8986922E7704> /System/Library/Frameworks/Accelerate.framework/Versions/A/Frameworks/vImage.framework/Versions/A/vImage
dyld[5532]: <F9DA17B8-BF0E-3D0E-8D51-8895A09E76CA> /System/Library/Frameworks/Accelerate.framework/Versions/A/Frameworks/vecLib.framework/Versions/A/vecLib
dyld[5532]: <E5B95953-1269-352C-B085-3BC6406E41D9> /System/Library/Frameworks/Accelerate.framework/Versions/A/Frameworks/vecLib.framework/Versions/A/libvMisc.dylib
dyld[5532]: <C127566F-507D-3087-8945-973441413016> /System/Library/Frameworks/Accelerate.framework/Versions/A/Frameworks/vImage.framework/Versions/A/Libraries/libCGInterfaces.dylib
dyld[5532]: <48BF39E9-074A-3BD8-80DD-DEB901859383> /System/Library/PrivateFrameworks/AccelerateGPU.framework/Versions/A/AccelerateGPU
dyld[5532]: <B8AEEB6D-A458-37C3-B22A-99C768B155EA> /System/Library/Frameworks/Accelerate.framework/Versions/A/Frameworks/vecLib.framework/Versions/A/libBLAS.dylib
dyld[5532]: <305A0A92-364D-3C8B-8BC4-DAE07A4E2918> /System/Library/Frameworks/ApplicationServices.framework/Versions/A/ApplicationServices
dyld[5532]: <9C44ABC3-19CD-32AB-A7AA-098813317900> /System/Library/Frameworks/CoreVideo.framework/Versions/A/CoreVideo
dyld[5532]: <96471F96-B3C6-3783-B8BB-17C1E48C46B7> /System/Library/Frameworks/ColorSync.framework/Versions/A/ColorSync
dyld[5532]: <22A4F922-8523-396D-AD9B-DA6FF15DA432> /System/Library/Frameworks/CoreText.framework/Versions/A/CoreText
dyld[5532]: <0CD49F9D-A8E2-303D-98A7-7E9602B00B90> /System/Library/Frameworks/ImageIO.framework/Versions/A/ImageIO
dyld[5532]: <63A93F8B-EBA5-37CF-A171-7B220B8C6A70> /System/Library/Frameworks/ApplicationServices.framework/Versions/A/Frameworks/ATS.framework/Versions/A/ATS
dyld[5532]: <0B0164B2-3069-3AF2-B2C5-8A5F1E81BFD6> /System/Library/Frameworks/ApplicationServices.framework/Versions/A/Frameworks/HIServices.framework/Versions/A/HIServices
dyld[5532]: <395625EB-39F6-392B-88CB-C8679C3A844C> /System/Library/Frameworks/ApplicationServices.framework/Versions/A/Frameworks/PrintCore.framework/Versions/A/PrintCore
dyld[5532]: <2CC38837-4DB6-3BBB-A3C9-75D083BD5C61> /System/Library/Frameworks/ApplicationServices.framework/Versions/A/Frameworks/QD.framework/Versions/A/QD
dyld[5532]: <7E09AC41-9944-3061-BC9A-23B6F977BE3A> /System/Library/Frameworks/ApplicationServices.framework/Versions/A/Frameworks/ColorSyncLegacy.framework/Versions/A/ColorSyncLegacy
dyld[5532]: <26B44C48-BC70-38A8-AAF1-7EC18393E11F> /System/Library/Frameworks/ApplicationServices.framework/Versions/A/Frameworks/SpeechSynthesis.framework/Versions/A/SpeechSynthesis
dyld[5532]: <898384F5-D43B-3BCA-8383-3039E80CFA6D> /System/Library/PrivateFrameworks/SkyLight.framework/Versions/A/SkyLight
dyld[5532]: <27A05596-EDE4-3576-B061-D68EB1B6CAD5> /System/Library/PrivateFrameworks/FontServices.framework/libFontParser.dylib
dyld[5532]: <0C76F3C5-CD3B-3837-BAEB-0226751512F6> /System/Library/PrivateFrameworks/BaseBoard.framework/Versions/A/BaseBoard
dyld[5532]: <35DD2B0B-E814-3C04-89AE-04EB53AB64B2> /System/Library/PrivateFrameworks/BoardServices.framework/Versions/A/BoardServices
dyld[5532]: <822C92A9-C200-3DF8-A48F-04F6FC444EA2> /System/Library/PrivateFrameworks/BackBoardServices.framework/Versions/A/BackBoardServices
dyld[5532]: <83EA7238-159B-3156-8F5D-D84E4D94FAD2> /System/Library/PrivateFrameworks/BackBoardHIDEventFoundation.framework/Versions/A/BackBoardHIDEventFoundation
dyld[5532]: <197CDF27-438E-3EB7-BC35-0C466CCF17CD> /System/Library/Frameworks/CoreDisplay.framework/Versions/A/CoreDisplay
dyld[5532]: <586DC60D-A727-38F7-9156-CC98E30F284D> /System/Library/Frameworks/VideoToolbox.framework/Versions/A/VideoToolbox
dyld[5532]: <7835C05F-D662-38A0-83A8-CA317D2C915B> /System/Library/Frameworks/MetalPerformanceShaders.framework/Versions/A/MetalPerformanceShaders
dyld[5532]: <3B0EC42B-483E-3B2E-9320-4CB6664A302B> /System/Library/PrivateFrameworks/ProDisplayLibrary.framework/Versions/A/ProDisplayLibrary
dyld[5532]: <A4FA1F92-D834-3716-89C5-F0B7C0609744> /System/Library/PrivateFrameworks/IOSurfaceAccelerator.framework/Versions/A/IOSurfaceAccelerator
dyld[5532]: <E62B6554-CA42-3D79-B048-C5F6DEFA20CC> /System/Library/Frameworks/Metal.framework/Versions/A/Metal
dyld[5532]: <61E0BB2C-2B28-3B5A-8548-B2C19521DCAD> /System/Library/PrivateFrameworks/IOAccelerator.framework/Versions/A/IOAccelerator
dyld[5532]: <8149A6D5-5D34-3DE8-9F49-0C13EBA54A00> /System/Library/Frameworks/CoreMedia.framework/Versions/A/CoreMedia
dyld[5532]: <312C79A8-E961-3646-8528-3FC190FAAEA3> /System/Library/PrivateFrameworks/TCC.framework/Versions/A/TCC
dyld[5532]: <C3A8BEDA-D443-3239-93BC-1F77D6307526> /System/Library/PrivateFrameworks/WatchdogClient.framework/Versions/A/WatchdogClient
dyld[5532]: <F1BA3189-E95A-3ECA-B59A-5A6872754484> /System/Library/Frameworks/QuartzCore.framework/Versions/A/QuartzCore
dyld[5532]: <9A09DE9B-0772-325A-BBA2-8164DAB189BE> /System/Library/PrivateFrameworks/MultitouchSupport.framework/Versions/A/MultitouchSupport
dyld[5532]: <DDA5A4B3-59E6-319C-8061-FEFD39ADC8C7> /usr/lib/swift/libswiftAccelerate.dylib
dyld[5532]: <EFBE5ADA-3929-35CF-988E-7AED8B7FDE51> /usr/lib/swift/libswiftCoreAudio.dylib
dyld[5532]: <D1491CD7-17C3-36DB-8775-211B2F22C80F> /usr/lib/swift/libswiftCoreMedia.dylib
dyld[5532]: <10BCDD43-C5E6-38BF-99CA-54B6AD7A3EEA> /usr/lib/swift/libswiftMetal.dylib
dyld[5532]: <57A2CE5E-DAC3-35D2-9BED-6188DF518B70> /usr/lib/swift/libswiftOSLog.dylib
dyld[5532]: <C348816E-C511-356C-830B-5F690FA3AA69> /usr/lib/swift/libswiftQuartzCore.dylib
dyld[5532]: <D02B3C6D-7F89-3910-B160-7339E13B7778> /usr/lib/swift/libswiftUniformTypeIdentifiers.dylib
dyld[5532]: <E0458D1A-E650-3E6B-99A1-1882CC4A159A> /usr/lib/swift/libswiftVideoToolbox.dylib
dyld[5532]: <F83F1836-73D8-3B30-A8C4-FED0DA5E8CEC> /usr/lib/swift/libswiftsimd.dylib
dyld[5532]: <9A1B7F95-CF13-3127-85D4-9AAF491AF821> /System/Library/PrivateFrameworks/BiomeStorage.framework/Versions/A/BiomeStorage
dyld[5532]: <5DA57389-B626-3B6E-89E3-C724B0468F10> /System/Library/PrivateFrameworks/IntelligencePlatformLibrary.framework/Versions/A/IntelligencePlatformLibrary
dyld[5532]: <2E3DEAB0-737E-3412-9437-32EDB3086EA3> /System/Library/PrivateFrameworks/PoirotSchematizer.framework/Versions/A/PoirotSchematizer
dyld[5532]: <6D9F3228-2B0C-36ED-B43E-BC4148212971> /System/Library/PrivateFrameworks/BiomeSync.framework/Versions/A/BiomeSync
dyld[5532]: <D25EE534-F145-3A91-B92E-2BBDE76BB0B1> /System/Library/PrivateFrameworks/BiomeDSL.framework/Versions/A/BiomeDSL
dyld[5532]: <BC98F8FE-E39A-31DC-B2BB-F129D1352E1E> /System/Library/PrivateFrameworks/FeatureFlags.framework/Versions/A/FeatureFlags
dyld[5532]: <4B0C858E-68AE-32CF-8F62-B44B1838BBB6> /System/Library/PrivateFrameworks/PoirotUDFs.framework/Versions/A/PoirotUDFs
dyld[5532]: <866DBB51-99DA-38A9-A712-4E26BB5A5CE0> /usr/lib/swift/libswift_DarwinFoundation2.dylib
dyld[5532]: <995CB65C-A58D-38B3-A271-917FDB9F8C57> /usr/lib/swift/libswift_DarwinFoundation3.dylib
dyld[5532]: <89179061-46AF-3E0C-8F03-FF9F5ACEE211> /System/Library/PrivateFrameworks/CoreTime.framework/Versions/A/CoreTime
dyld[5532]: <2D429111-B58B-365E-8D8D-68DA82D20589> /usr/lib/libiconv.2.dylib
dyld[5532]: <7704B548-DB2D-3468-B301-82E8F026DDCE> /usr/lib/libcharset.1.dylib
dyld[5532]: <07B78F81-0131-32DA-9961-316C1C248338> /System/Library/PrivateFrameworks/PoirotSQLite.framework/Versions/A/PoirotSQLite
dyld[5532]: <6BA1B88C-B16D-3296-9322-F98613487F18> /usr/lib/swift/libswift_RegexParser.dylib
dyld[5532]: <327752A7-9364-352C-B3FD-79457DC3145C> /System/Library/PrivateFrameworks/CascadeSets.framework/Versions/A/CascadeSets
dyld[5532]: <39D6BD21-AFD7-3068-B747-B94A5D9F1C27> /System/Library/PrivateFrameworks/CorePhoneNumbers.framework/Versions/A/CorePhoneNumbers
dyld[5532]: <72E56855-8FE6-3262-9A11-B2F475119A93> /System/Library/PrivateFrameworks/AppleJPEG.framework/Versions/A/AppleJPEG
dyld[5532]: <6D02979F-089C-3FF7-B3EA-939E8810EDE7> /usr/lib/libexpat.1.dylib
dyld[5532]: <5855ECAC-2298-3B0A-A859-9E643E12010D> /System/Library/Frameworks/ImageIO.framework/Versions/A/Resources/libPng.dylib
dyld[5532]: <2E5FD6A0-0646-3F84-84A8-09F2BD58C56D> /System/Library/Frameworks/ImageIO.framework/Versions/A/Resources/libTIFF.dylib
dyld[5532]: <A4D144D0-C3D8-3BB6-962F-FDBC6DACC105> /System/Library/Frameworks/ImageIO.framework/Versions/A/Resources/libGIF.dylib
dyld[5532]: <FCBA3CD1-64C8-3BE1-AB50-450070167FA3> /System/Library/Frameworks/ImageIO.framework/Versions/A/Resources/libJP2.dylib
dyld[5532]: <8331A311-1C3F-37E5-A6FB-74FEB6D31D57> /usr/lib/libate.dylib
dyld[5532]: <30EA44B1-2A44-3415-A1B6-DD0ED2B7B306> /System/Library/Frameworks/ImageIO.framework/Versions/A/Resources/libJPEG.dylib
dyld[5532]: <2C186C82-66E0-369C-B2D4-1815FAB8AFB3> /System/Library/Frameworks/ImageIO.framework/Versions/A/Resources/libRadiance.dylib
dyld[5532]: <0E239D6E-4F69-3A3C-8F10-207AB9E53626> /System/Library/PrivateFrameworks/GPUCompiler.framework/Versions/32023/Libraries/libllvm-flatbuffers.dylib
dyld[5532]: <E0E4527F-02A1-3B8E-BC59-50596B14C725> /System/Library/PrivateFrameworks/FramePacing.framework/Versions/A/FramePacing
dyld[5532]: <A7E06810-96A7-320B-90FF-41FEC8996481> /System/Library/Frameworks/OpenGL.framework/Versions/A/Libraries/libCoreFSCache.dylib
dyld[5532]: <54727168-9032-3AF7-B571-3A52A508B761> /System/Library/PrivateFrameworks/GPUCompiler.framework/Versions/32023/Libraries/libGPUCompilerUtils.dylib
dyld[5532]: <3877C6C1-2A1C-3971-A39B-BFBCBD2316E4> /System/Library/PrivateFrameworks/GraphicsServices.framework/Versions/A/GraphicsServices
dyld[5532]: <4441E600-26A0-3A7E-A20A-4A4F239AA0D0> /System/Library/Frameworks/OpenGL.framework/Versions/A/OpenGL
dyld[5532]: <D7A8D43B-01FB-363F-9E04-E3AE9712247B> /System/Library/Frameworks/OpenGL.framework/Versions/A/Libraries/libGLU.dylib
dyld[5532]: <82D99F0A-0AE0-3187-AED3-F8EA8602892E> /System/Library/Frameworks/OpenGL.framework/Versions/A/Libraries/libGFXShared.dylib
dyld[5532]: <0467762E-9A84-3C53-B0F4-CA179E29A8CE> /System/Library/Frameworks/OpenGL.framework/Versions/A/Libraries/libGL.dylib
dyld[5532]: <CF163ACB-2E12-3036-AFBE-AAEC42E32A95> /System/Library/Frameworks/OpenGL.framework/Versions/A/Libraries/libGLImage.dylib
dyld[5532]: <DCF9371C-4D04-3524-B0A0-0E0A93183BFB> /System/Library/Frameworks/OpenGL.framework/Versions/A/Libraries/libCVMSPluginSupport.dylib
dyld[5532]: <9879D439-C0AD-3A93-9050-4C0AE6C7DD07> /System/Library/Frameworks/OpenGL.framework/Versions/A/Libraries/libCoreVMClient.dylib
dyld[5532]: <FB88FA95-68C1-3573-B8A4-815488BDA4E6> /System/Library/PrivateFrameworks/GPUWrangler.framework/Versions/A/GPUWrangler
dyld[5532]: <60E38601-35DB-3D90-80C0-BB19848CFED7> /System/Library/PrivateFrameworks/IOPresentment.framework/Versions/A/IOPresentment
dyld[5532]: <F5D64A73-D6D9-380E-BF44-10544E2465B6> /System/Library/PrivateFrameworks/DSExternalDisplay.framework/Versions/A/DSExternalDisplay
dyld[5532]: <9FD68D8C-8D94-32D2-A41C-97A66C2E4BB6> /System/Library/PrivateFrameworks/VideoToolboxParavirtualizationSupport.framework/Versions/A/VideoToolboxParavirtualizationSupport
dyld[5532]: <7EB7686D-74B9-385B-A60F-25F9C97AD46B> /System/Library/PrivateFrameworks/AppleVA.framework/Versions/A/AppleVA
dyld[5532]: <1E88A46B-6D6B-3648-968B-01532612E28C> /System/Library/Frameworks/ExtensionFoundation.framework/Versions/A/ExtensionFoundation
dyld[5532]: <7AEF5F35-87FB-36B6-9347-BFB7DE09B133> /System/Library/PrivateFrameworks/CMCaptureCore.framework/Versions/A/CMCaptureCore
dyld[5532]: <866F4ACD-D94B-3BD7-8B90-573A51A8CEDF> /usr/lib/libspindump.dylib
dyld[5532]: <2E3313F7-C583-3D6C-A88B-37AF8B4C56F0> /System/Library/Frameworks/CoreAudio.framework/Versions/A/CoreAudio
dyld[5532]: <D54F06FB-C477-3A05-9C9F-A02CF013F926> /System/Library/PrivateFrameworks/AppServerSupport.framework/Versions/A/AppServerSupport
dyld[5532]: <8BDF1C32-455B-3FEF-A6E4-ECD49074CA07> /System/Library/PrivateFrameworks/perfdata.framework/Versions/A/perfdata
dyld[5532]: <71BD1CD7-CD33-3689-9EFF-12FAD75B97E5> /System/Library/PrivateFrameworks/AudioDSPGraph.framework/Versions/A/AudioDSPGraph
dyld[5532]: <668AAB07-F503-3EB4-A382-F01FB60269FB> /System/Library/PrivateFrameworks/AudioToolboxCore.framework/Versions/A/AudioToolboxCore
dyld[5532]: <725DE236-E4BB-34E0-A155-46A974629A81> /System/Library/PrivateFrameworks/caulk.framework/Versions/A/caulk
dyld[5532]: <573E42C2-BB6F-3E6C-BA4C-A7689728B174> /usr/lib/libAudioStatistics.dylib
dyld[5532]: <99C955D1-07A3-3FE9-922A-BC678E2EA454> /System/Library/PrivateFrameworks/SystemPolicy.framework/Versions/A/SystemPolicy
dyld[5532]: <08EEC0C2-F56C-3BB9-992A-160E5AAAEB56> /usr/lib/libSMC.dylib
dyld[5532]: <5491E4A8-56A3-3EBC-AC8E-B2D69CB34E32> /usr/lib/swift/libswiftCoreMIDI.dylib
dyld[5532]: <29F750A3-0A23-3C21-8C79-4A2D22F7BE8B> /System/Library/Frameworks/CoreMIDI.framework/Versions/A/CoreMIDI
dyld[5532]: <E83E83E4-F6D9-36B1-A7C8-1391F6E5D4E7> /usr/lib/libAudioToolboxUtility.dylib
dyld[5532]: <0D2BC538-CE70-3EFD-B277-6B12CEED8EC7> /usr/lib/libperfcheck.dylib
dyld[5532]: <AAD9FBE3-5777-3ED9-930F-1B5F492CDFA6> /System/Library/PrivateFrameworks/AudioAnalytics.framework/Versions/A/AudioAnalytics
dyld[5532]: <BFBCF2EC-4BC5-3941-AE6B-3F5BEF2C2296> /System/Library/Frameworks/OSLog.framework/Versions/A/OSLog
dyld[5532]: <C6FCA282-6ABB-38D2-9683-C6A229CCD92B> /System/Library/PrivateFrameworks/OSEligibility.framework/Versions/A/OSEligibility
dyld[5532]: <D170449C-D007-358E-A189-0CAA6CF8D01F> /System/Library/PrivateFrameworks/IconServices.framework/Versions/A/IconServices
dyld[5532]: <FAF6A95A-EDAC-3CEF-AE8A-44C9A4C12AA2> /System/Library/Frameworks/LightweightCodeRequirements.framework/Versions/A/LightweightCodeRequirements
dyld[5532]: <0F0E3B26-14CC-3248-B8FC-F55458E643C1> /System/Library/PrivateFrameworks/PlugInKit.framework/Versions/A/PlugInKit
dyld[5532]: <5F47F3F1-ADF5-35A7-8ADF-9C850F05C96E> /System/Library/PrivateFrameworks/AssertionServices.framework/Versions/A/AssertionServices
dyld[5532]: <4575E49F-BCA8-34CC-8027-BCE51ACDB678> /System/Library/PrivateFrameworks/IconFoundation.framework/Versions/A/IconFoundation
dyld[5532]: <55C4846B-FB15-31BB-81A1-FE1EE773650D> /System/Library/PrivateFrameworks/AssistantServices.framework/Versions/A/AssistantServices
dyld[5532]: <F4165CF9-0759-306E-8253-D5A316F8C87C> /System/Library/PrivateFrameworks/IconRendering.framework/Versions/A/IconRendering
dyld[5532]: <4866A12C-9F52-3ECE-A0C4-55F9E0FD065C> /System/Library/PrivateFrameworks/CoreUI.framework/Versions/A/CoreUI
dyld[5532]: <0B0C1F98-570E-38B6-A749-5A2239DCB0B7> /System/Library/Frameworks/CoreImage.framework/Versions/A/CoreImage
dyld[5532]: <262D0D2A-7A75-3343-AEB9-1294F6DC8118> /System/Library/PrivateFrameworks/SFSymbols.framework/Versions/A/SFSymbols
dyld[5532]: <CB99B5A9-3254-3174-A216-CCE7299B7E49> /System/Library/Frameworks/DeveloperToolsSupport.framework/Versions/A/DeveloperToolsSupport
dyld[5532]: <F7ECFEE8-BD23-380C-B96F-D1C588B8E735> /System/Library/PrivateFrameworks/RenderBox.framework/Versions/A/RenderBox
dyld[5532]: <3F803C87-C3A7-3DF6-B51B-8AADBFEC915C> /System/Library/PrivateFrameworks/CoreSVG.framework/Versions/A/CoreSVG
dyld[5532]: <2EA07A48-1ADC-3A77-9A3A-596142804F26> /System/Library/PrivateFrameworks/TextureIO.framework/Versions/A/TextureIO
dyld[5532]: <804A03E9-5942-312F-A1AA-8638FD385C1C> /usr/lib/swift/libswiftCoreImage.dylib
dyld[5532]: <BCE53558-0DC1-3670-8AD8-00315C2C7A8B> /System/Library/PrivateFrameworks/GraphVisualizer.framework/Versions/A/GraphVisualizer
dyld[5532]: <76B6A89A-771D-3946-8628-2DECF6188233> /System/Library/PrivateFrameworks/FontServices.framework/Versions/A/FontServices
dyld[5532]: <3CBB2906-8FEF-300A-8F84-1A61263AAB2C> /System/Library/PrivateFrameworks/OTSVG.framework/Versions/A/OTSVG
dyld[5532]: <2E43B513-D03C-3AE1-81C4-7B2ADBB6369E> /System/Library/Frameworks/ApplicationServices.framework/Versions/A/Frameworks/ATS.framework/Versions/A/Resources/libFontRegistry.dylib
dyld[5532]: <D0AD39A1-B981-345D-A8AE-F4DD33ACD224> /usr/lib/libhvf.dylib
dyld[5532]: <DC0A782B-37B2-3DB2-929B-C355C657DBA0> /System/Library/PrivateFrameworks/ParsingInternal.framework/Versions/A/ParsingInternal
dyld[5532]: <749892C3-5510-33F1-A268-8C2EBCAA0F35> /System/Library/PrivateFrameworks/FontServices.framework/libXTFontStaticRegistryData.dylib
dyld[5532]: <1C8768D1-ADC9-32F8-9B19-75F5B361342C> /System/Library/Frameworks/MetalPerformanceShaders.framework/Versions/A/Frameworks/MPSCore.framework/Versions/A/MPSCore
dyld[5532]: <C36504AE-AF4B-3BBB-B4C4-2AF4E3180B9C> /System/Library/Frameworks/MetalPerformanceShaders.framework/Versions/A/Frameworks/MPSImage.framework/Versions/A/MPSImage
dyld[5532]: <16ECC4C3-132A-3566-BA81-3A9857E6ECA3> /System/Library/Frameworks/MetalPerformanceShaders.framework/Versions/A/Frameworks/MPSNeuralNetwork.framework/Versions/A/MPSNeuralNetwork
dyld[5532]: <306ACCB4-2F1F-3292-87FD-0E65488119D9> /System/Library/Frameworks/MetalPerformanceShaders.framework/Versions/A/Frameworks/MPSMatrix.framework/Versions/A/MPSMatrix
dyld[5532]: <E53B1901-AED1-3258-9EBD-06F0A617F8CC> /System/Library/Frameworks/MetalPerformanceShaders.framework/Versions/A/Frameworks/MPSRayIntersector.framework/Versions/A/MPSRayIntersector
dyld[5532]: <EE7ACF8A-08BA-38FB-BAF9-A041B5C1647F> /System/Library/Frameworks/MetalPerformanceShaders.framework/Versions/A/Frameworks/MPSNDArray.framework/Versions/A/MPSNDArray
dyld[5532]: <BF31F15F-31CD-395D-AC73-4184B3B369BA> /System/Library/Frameworks/MetalPerformanceShaders.framework/Versions/A/Frameworks/MPSFunctions.framework/Versions/A/MPSFunctions
dyld[5532]: <64E0C8EB-73F2-3B9F-BA62-5011816127E5> /System/Library/Frameworks/MetalPerformanceShaders.framework/Versions/A/Frameworks/MPSBenchmarkLoop.framework/Versions/A/MPSBenchmarkLoop
dyld[5532]: <017CF55F-3554-395F-96CE-3162C11DF459> /System/Library/Frameworks/MetalPerformanceShaders.framework/Versions/A/Frameworks/MPSHost.framework/Versions/A/MPSHost
dyld[5532]: <828164D8-1D9C-3284-BEB6-94E4A14D789F> /System/Library/PrivateFrameworks/MetalTools.framework/Versions/A/MetalTools
dyld[5532]: <818ED21F-78B0-35A6-8759-A7ECABF2BFC8> /System/Library/PrivateFrameworks/IOAccelMemoryInfo.framework/Versions/A/IOAccelMemoryInfo
dyld[5532]: <983D9B3D-E395-3028-A6C5-53A3A18B6604> /System/Library/PrivateFrameworks/kperf.framework/Versions/A/kperf
dyld[5532]: <F8E5C533-6122-3B5D-B88A-A47C32109A9A> /System/Library/PrivateFrameworks/GPURawCounter.framework/Versions/A/GPURawCounter
dyld[5532]: <1DB46CCA-B13C-3959-BC00-924F576CB767> /System/Library/PrivateFrameworks/ASEProcessing.framework/Versions/A/ASEProcessing
dyld[5532]: <4102CB7D-49E9-345A-A779-3AE810B87268> /System/Library/PrivateFrameworks/Symbolication.framework/Versions/A/Symbolication
dyld[5532]: <1D4A69BF-58CF-3D49-A5FE-060A6882656F> /System/Library/PrivateFrameworks/PhotosensitivityProcessing.framework/Versions/A/PhotosensitivityProcessing
dyld[5532]: <AE03A46C-9FB6-374D-B37E-9718D375A651> /System/Library/PrivateFrameworks/SILManager.framework/Versions/A/SILManager
dyld[5532]: <330E7EFA-BC89-312E-BCB8-7B1DF5D9DE3A> /System/Library/PrivateFrameworks/CoreSymbolication.framework/Versions/A/CoreSymbolication
dyld[5532]: <8719F16D-7F55-3975-998C-06005D5DDC68> /System/Library/PrivateFrameworks/MallocStackLogging.framework/Versions/A/MallocStackLogging
dyld[5532]: <9B8E1A80-3FE3-39C1-A2FD-47BA6DFA959D> /System/Library/PrivateFrameworks/DebugSymbols.framework/Versions/A/DebugSymbols
dyld[5532]: <D89BF7AA-5A74-3F60-B20C-8250BD62F6B4> /System/Library/PrivateFrameworks/OSAnalytics.framework/Versions/A/OSAnalytics
dyld[5532]: <34A24CD5-073C-3E55-8D5F-83818DFCB057> /System/Library/PrivateFrameworks/DeviceRecovery.framework/Versions/A/DeviceRecovery
dyld[5532]: <5BD8491A-8C15-3964-9B0F-B1C9369DC3FC> /System/Library/PrivateFrameworks/Tightbeam.framework/Versions/A/Tightbeam
dyld[5532]: <B5EAFB22-7AE0-343B-95BB-7BB58955A702> /usr/lib/swift/libswiftCompression.dylib
dyld[5532]: <5F0A0B0B-7997-351F-99D8-0517689BBABD> /System/Library/PrivateFrameworks/AFKUser.framework/Versions/A/AFKUser
dyld[5532]: <CA3F2D29-2FCB-3DF4-ADA9-94072A8A6CBD> /System/Library/Frameworks/ApplicationServices.framework/Versions/A/Frameworks/ATSUI.framework/Versions/A/ATSUI
dyld[5532]: <85AB42E3-076F-3B68-ACCF-98625AA5E3D9> /System/Library/PrivateFrameworks/SAObjects.framework/Versions/A/SAObjects
dyld[5532]: <A329E39B-D87D-356B-AA05-3A30CC0DBEEF> /System/Library/Frameworks/AudioToolbox.framework/Versions/A/AudioToolbox
dyld[5532]: <459BA19D-9D3F-32BB-9BE4-176D95B85BCF> /System/Library/PrivateFrameworks/MediaRemote.framework/Versions/A/MediaRemote
dyld[5532]: <DCCDD83A-C276-3DD3-8F2E-6D3B899BB586> /System/Library/Frameworks/UserNotifications.framework/Versions/A/UserNotifications
dyld[5532]: <F12A1855-5F99-3D8A-AA13-23CA64268CD7> /System/Library/PrivateFrameworks/SiriInstrumentation.framework/Versions/A/SiriInstrumentation
dyld[5532]: <10891579-226D-3750-91A9-D98D111EA3BA> /System/Library/PrivateFrameworks/SiriAnalytics.framework/Versions/A/SiriAnalytics
dyld[5532]: <0C21B87C-6478-362B-AF45-D3A1D4A83FCF> /System/Library/PrivateFrameworks/SiriTTSService.framework/Versions/A/SiriTTSService
dyld[5532]: <5D8E0ADB-8A76-34C1-92D6-AF35C7EA73CF> /System/Library/PrivateFrameworks/SiriCrossDeviceArbitration.framework/Versions/A/SiriCrossDeviceArbitration
dyld[5532]: <784C4442-B822-3412-AF09-A1E753DDFFA3> /System/Library/PrivateFrameworks/FeedbackLogger.framework/Versions/A/FeedbackLogger
dyld[5532]: <760531A3-5E19-39C5-84B1-A445B2A50129> /System/Library/PrivateFrameworks/FaceTimeNameUtility.framework/Versions/A/FaceTimeNameUtility
dyld[5532]: <033D0C7B-216E-3D54-AD8C-B83BDE9B4F2D> /System/Library/PrivateFrameworks/AuthKit.framework/Versions/A/AuthKit
dyld[5532]: <D04C8621-DE39-35FD-9351-1627B71F02DC> /System/Library/PrivateFrameworks/SiriCrossDeviceArbitrationFeedback.framework/Versions/A/SiriCrossDeviceArbitrationFeedback
dyld[5532]: <E410F3F8-843C-3FCA-968C-3C864D829AF2> /usr/lib/swift/libswiftCoreLocation.dylib
dyld[5532]: <373189AA-6180-34D7-BA84-6BE401E4E1B9> /usr/lib/swift/libswiftAVFoundation.dylib
dyld[5532]: <3E7267BC-3D63-3785-8279-A8823C9C758F> /System/Library/PrivateFrameworks/UIKitServices.framework/Versions/A/UIKitServices
dyld[5532]: <83745C57-DE3B-394D-A83A-D71C79F3A8B9> /System/Library/PrivateFrameworks/UnifiedAssetFramework.framework/Versions/A/UnifiedAssetFramework
dyld[5532]: <5FEF75E9-F1DD-3FA9-A8B0-81277371B8FC> /System/Library/PrivateFrameworks/AudioSession.framework/Versions/A/AudioSession
dyld[5532]: <FA90EFCA-B936-357B-BF18-16A0FB34B9E9> /System/Library/PrivateFrameworks/MediaExperience.framework/Versions/A/MediaExperience
dyld[5532]: <BBC3CD71-264B-3C66-A2C0-5D4D266256EA> /System/Library/PrivateFrameworks/AudioSession.framework/libSessionUtility.dylib
dyld[5532]: <DD4B10E2-D4D6-3490-A745-33527E18CAAA> /System/Library/PrivateFrameworks/AudioAccessoryServices.framework/Versions/A/AudioAccessoryServices
dyld[5532]: <E3CE1636-EE20-35AF-B55A-F42B7B266EA4> /System/Library/Frameworks/CoreBluetooth.framework/Versions/A/CoreBluetooth
dyld[5532]: <51458515-C89E-317A-850D-182764F322EE> /System/Library/PrivateFrameworks/CoreUtils.framework/Versions/A/CoreUtils
dyld[5532]: <C9A86813-25EE-3439-8F66-A83F1A5015EC> /System/Library/PrivateFrameworks/HID.framework/Versions/A/HID
dyld[5532]: <F1FB23C7-7BB9-3B7C-87A2-7CA7F343ED61> /System/Library/PrivateFrameworks/Sharing.framework/Versions/A/Sharing
dyld[5532]: <D18AF20A-1BF0-383C-9E97-96CDCECE07A7> /System/Library/PrivateFrameworks/CoreUtilsExtras.framework/Versions/A/CoreUtilsExtras
dyld[5532]: <5A300AF2-96D7-3A85-ACA6-9084A7C40C6D> /System/Library/PrivateFrameworks/IO80211.framework/Versions/A/IO80211
dyld[5532]: <963A1CA0-DEBD-3341-81A2-DB5B34283C7B> /System/Library/PrivateFrameworks/IDSFoundation.framework/Versions/A/IDSFoundation
dyld[5532]: <8F99AE0B-A693-349F-8904-B70ECB1C86AA> /System/Library/PrivateFrameworks/Apple80211.framework/Versions/A/Apple80211
dyld[5532]: <9C05D8FD-3F10-3476-8A3C-501966EA13D2> /System/Library/Frameworks/CoreWLAN.framework/Versions/A/CoreWLAN
dyld[5532]: <604B1733-3682-3AF6-9F07-C85C999F3131> /System/Library/Frameworks/IOBluetooth.framework/Versions/A/IOBluetooth
dyld[5532]: <F11740D9-FE8D-38B3-99A9-666EE022F7A7> /usr/lib/swift/libswiftRegexBuilder.dylib
dyld[5532]: <1F2E4950-8060-35D0-B598-D2196F2728B3> /System/Library/PrivateFrameworks/IMFoundation.framework/Versions/A/IMFoundation
dyld[5532]: <462A888C-46C7-324A-8A18-4053C6CB2961> /System/Library/PrivateFrameworks/Marco.framework/Versions/A/Marco
dyld[5532]: <736A1792-0123-3722-822B-495B27044953> /System/Library/PrivateFrameworks/CommonUtilities.framework/Versions/A/CommonUtilities
dyld[5532]: <E78D4693-B886-3DE1-A029-497B47261DA3> /System/Library/PrivateFrameworks/Engram.framework/Versions/A/Engram
dyld[5532]: <1ACD9883-DEC9-3AF0-9E28-B11F4E1DC3F9> /System/Library/PrivateFrameworks/XPCDistributed.framework/Versions/A/XPCDistributed
dyld[5532]: <AFE528E7-451E-3EE9-8E02-7693A2C391B9> /usr/lib/libtidy.A.dylib
dyld[5532]: <C579F691-0120-3BEC-9993-E3CD5F7105A3> /System/Library/PrivateFrameworks/Bom.framework/Versions/A/Bom
dyld[5532]: <82153ECE-36A2-3514-87DE-3B8A53E96727> /usr/lib/libParallelCompression.dylib
dyld[5532]: <68CCF67B-1C66-30C0-9135-00BA5B75586F> /usr/lib/libIOReport.dylib
dyld[5532]: <0D7C76A0-047B-398E-B2A8-FD4705F72E5D> /System/Library/PrivateFrameworks/WiFiPeerToPeer.framework/Versions/A/WiFiPeerToPeer
dyld[5532]: <E5FF4EE4-5A8B-3CBA-BA37-3FE6C7012B0D> /System/Library/Frameworks/SecurityFoundation.framework/Versions/A/SecurityFoundation
dyld[5532]: <E2954A31-B31C-3C9B-A7F9-12CAEC0D1D4E> /System/Library/PrivateFrameworks/Centauri.framework/Versions/A/Centauri
dyld[5532]: <65CFA8A7-E7D2-383A-9C47-D2AF8A46AA22> /System/Library/PrivateFrameworks/Lexicon.framework/Versions/A/Lexicon
dyld[5532]: <188D929F-E81D-3922-BCB4-8D34B4E75EA7> /usr/lib/libmrc.dylib
dyld[5532]: <783A3989-84DE-3340-9292-052A10B7DAD7> /System/Library/PrivateFrameworks/IPConfiguration.framework/Versions/A/IPConfiguration
dyld[5532]: <ECFD5323-6A6A-3231-B90E-57E1332B0122> /System/Library/PrivateFrameworks/Netrb.framework/Versions/A/Netrb
dyld[5532]: <A34C688D-A13A-3625-934C-801A13990594> /System/Library/PrivateFrameworks/FrontBoardServices.framework/Versions/A/FrontBoardServices
dyld[5532]: <604E97FC-C938-306C-9DBB-36B10AFFBA39> /usr/lib/libgermantok.dylib
dyld[5532]: <B5E076A6-50D6-3B48-AACD-E1FC575BDCEE> /System/Library/PrivateFrameworks/LinguisticData.framework/Versions/A/LinguisticData
dyld[5532]: <7EDD9E23-5D91-344A-812B-CFD814180C55> /System/Library/PrivateFrameworks/MultiverseSupport.framework/Versions/A/MultiverseSupport
dyld[5532]: <1AFFCA76-E71A-385E-A3C8-968CDBE9E57D> /System/Library/PrivateFrameworks/DiskManagement.framework/Versions/A/DiskManagement
dyld[5532]: <4B693927-5B0A-364E-BC11-F560B1D707FE> /System/Library/PrivateFrameworks/AppleIDAuthSupport.framework/Versions/A/AppleIDAuthSupport
dyld[5532]: <0E5752E3-313E-3B50-9FB4-DB13FECB0BD7> /System/Library/PrivateFrameworks/AAAFoundation.framework/Versions/A/AAAFoundation
dyld[5532]: <B9966194-B1A6-3ED2-98C9-0D4B49D2617E> /System/Library/PrivateFrameworks/KeychainCircle.framework/Versions/A/KeychainCircle
dyld[5532]: <5ED2FD61-010A-3627-92E8-151E71B739D8> /System/Library/PrivateFrameworks/URLFormatting.framework/Versions/A/URLFormatting
dyld[5532]: <7EE79F42-1420-301B-A9FF-2A63A4023C91> /usr/lib/libcsfde.dylib
dyld[5532]: <AA8EDD1F-E406-3164-9FB9-BB0C61256AFF> /usr/lib/libCoreStorage.dylib
dyld[5532]: <80627B52-C5CE-3DC4-A12D-D15FE46A62BA> /System/Library/PrivateFrameworks/MediaKit.framework/Versions/A/MediaKit
dyld[5532]: <4C6BBB60-2884-3DC8-9FCB-472BCD087D84> /System/Library/Frameworks/DiscRecording.framework/Versions/A/DiscRecording
dyld[5532]: <96666EFB-8A3D-30BB-950A-9DDC1DB3F59D> /System/Library/PrivateFrameworks/ProtectedCloudStorage.framework/Versions/A/ProtectedCloudStorage
dyld[5532]: <1E0D7C92-7F70-34BE-9D61-9F7F4781EBE4> /System/Library/PrivateFrameworks/EFILogin.framework/Versions/A/EFILogin
dyld[5532]: <E1A205BF-B3FB-31BF-8685-6D46BA78891E> /usr/lib/libheimdal-asn1.dylib
dyld[5532]: <E2BDB12D-C844-3770-9411-0E35049ECB5E> /System/Library/PrivateFrameworks/OctagonTrust.framework/Versions/A/OctagonTrust
dyld[5532]: <2DF001A3-1D2B-3847-A2FC-79104BDC0783> /System/Library/Frameworks/AudioUnit.framework/Versions/A/AudioUnit
dyld[5532]: <EE42062E-8EDF-332C-98C1-03464732CA4A> /System/Library/Frameworks/OpenDirectory.framework/Versions/A/OpenDirectory
dyld[5532]: <90CA166B-D72F-3584-BF0B-8797CFFA959E> /System/Library/Frameworks/OpenDirectory.framework/Versions/A/Frameworks/CFOpenDirectory.framework/Versions/A/CFOpenDirectory
dyld[5532]: <40753222-0047-3DE4-954C-5879C584A975> /System/Library/PrivateFrameworks/GeoServices.framework/Versions/A/GeoServices
dyld[5532]: <FDD11407-B7F3-331B-B53D-32081A2D1AED> /System/Library/PrivateFrameworks/LocationSupport.framework/Versions/A/LocationSupport
dyld[5532]: <23D11648-1076-3BD7-BFD5-CA4A6B9AE066> /System/Library/PrivateFrameworks/GeoServicesCore.framework/Versions/A/GeoServicesCore
dyld[5532]: <524F80A2-1ACD-3FA7-9D74-1F47697294EB> /System/Library/PrivateFrameworks/PhoneNumbers.framework/Versions/A/PhoneNumbers
dyld[5532]: <2A2AE353-0BCE-3AF5-8C2B-1B5F1F0656E7> /System/Library/PrivateFrameworks/LocationLogEncryption.framework/Versions/A/LocationLogEncryption
dyld[5532]: <CF6E08AD-C2EC-3A40-8537-0D2BDA291D31> /System/Library/Frameworks/AVFAudio.framework/Versions/A/AVFAudio
dyld[5532]: <7924633C-6200-3B69-884D-A6E5527CA4B5> /System/Library/Frameworks/AVRouting.framework/Versions/A/AVRouting
dyld[5532]: <2FFD2C50-D8C7-3D4F-AB17-10C8DDD4ECC0> /usr/lib/libAccessibility.dylib
dyld[5532]: <E47B5590-4F10-352D-806F-E1FAACE16809> /System/Library/PrivateFrameworks/MediaServices.framework/Versions/A/MediaServices
dyld[5532]: <1F5A6198-4F24-3980-A96A-DA16430B882B> /System/Library/PrivateFrameworks/IDS.framework/Versions/A/IDS
dyld[5532]: <4228A6FB-1852-34DA-A9A6-9B22346DC839> /System/Library/PrivateFrameworks/IsolatedCoreAudioClient.framework/Versions/A/IsolatedCoreAudioClient
dyld[5532]: <9B662466-E585-34C6-9A2F-38F865966314> /System/Library/PrivateFrameworks/CoreAudioOrchestration.framework/Versions/A/CoreAudioOrchestration
dyld[5532]: <BE8AD136-C9D0-3589-A37D-4A93E7646FC5> /System/Library/Frameworks/MediaToolbox.framework/Versions/A/MediaToolbox
dyld[5532]: <C024D081-EF4D-347B-B00F-08CE310BC6E6> /System/Library/PrivateFrameworks/CoreAVCHD.framework/Versions/A/CoreAVCHD
dyld[5532]: <544DDE9D-EF38-3D98-B16A-00361208DABA> /System/Library/Frameworks/MediaAccessibility.framework/Versions/A/MediaAccessibility
dyld[5532]: <1845678B-2A2E-3D8F-B05E-3D5054E40973> /System/Library/PrivateFrameworks/Mangrove.framework/Versions/A/Mangrove
dyld[5532]: <83720246-3181-37EB-AE16-01967CC80DAF> /System/Library/PrivateFrameworks/CMPhoto.framework/Versions/A/CMPhoto
dyld[5532]: <C6CCE499-C57B-3499-8BBF-B1F036A037F3> /System/Library/Frameworks/CoreTelephony.framework/Versions/A/CoreTelephony
dyld[5532]: <7C1C3A7F-6247-33D2-B4B8-375AA417817E> /System/Library/PrivateFrameworks/CoreAUC.framework/Versions/A/CoreAUC
dyld[5532]: <BF6FC404-E3BB-3740-896C-B7BF4193B547> /System/Library/PrivateFrameworks/AppleJPEGXL.framework/Versions/A/AppleJPEGXL
dyld[5532]: <3AD5EDAE-8A75-3E29-AA40-63912718CEC9> /usr/lib/libTelephonyUtilDynamic.dylib
dyld[5532]: <8A415D0E-18E7-3C99-B89D-14805F500FB0> /System/Library/Frameworks/CryptoKit.framework/Versions/A/CryptoKit
dyld[5532]: <73EA0865-BCC3-3084-A011-93CD0A55C4EF> /System/Library/PrivateFrameworks/CryptoKitCBridging.framework/Versions/A/CryptoKitCBridging
dyld[5532]: <B214381B-F0CF-3F0E-B2B5-187CBF29616F> /System/Library/Frameworks/CryptoTokenKit.framework/Versions/A/CryptoTokenKit
dyld[5532]: <A68DE487-B65B-390A-A82B-6B62956B353F> /System/Library/Frameworks/LocalAuthentication.framework/Versions/A/LocalAuthentication
dyld[5532]: <53C1AF34-43D2-3DAA-9062-D295F72BFDF3> /System/Library/PrivateFrameworks/LocalAuthenticationCore.framework/Versions/A/LocalAuthenticationCore
dyld[5532]: <251AA620-1546-3DF5-8EFF-B9F9463112D0> /System/Library/PrivateFrameworks/LocalAuthenticationCredentialServices.framework/Versions/A/LocalAuthenticationCredentialServices
dyld[5532]: <957A2E58-89EE-36DE-9213-2E23DB420C7F> /System/Library/Frameworks/LocalAuthentication.framework/Support/SharedUtils.framework/Versions/A/SharedUtils
dyld[5532]: <8A83CAEF-70FC-39B2-A1C9-F312BD81B8D5> /System/Library/PrivateFrameworks/PersistentConnection.framework/Versions/A/PersistentConnection
dyld[5532]: <DA5DF9EF-9649-3931-B1CF-606D0B1A2BE5> /System/Library/PrivateFrameworks/SonicFoundation.framework/Versions/A/SonicFoundation
dyld[5532]: <9F9CDD5B-1D43-3CF4-8B88-4938A6637AF5> /System/Library/PrivateFrameworks/AsyncAlgorithmsInternal.framework/Versions/A/AsyncAlgorithmsInternal
dyld[5532]: <95BAC2EC-84F7-3448-A4C3-AA2F920867C6> /System/Library/PrivateFrameworks/FTAWD.framework/Versions/A/FTAWD
dyld[5532]: <EDAA9D64-779E-34FE-83D2-DF4EF35BAA59> /System/Library/PrivateFrameworks/Dendrite.framework/Versions/A/Dendrite
dyld[5532]: <924805FA-0938-34FA-B76A-4051A087CD65> /usr/lib/libtailspin.dylib
dyld[5532]: <4FB12471-97FF-306E-B552-B481203A8E1B> /System/Library/PrivateFrameworks/Osprey.framework/Versions/A/Osprey
dyld[5532]: <7EE764AE-8E9B-35DB-8839-EE01750F25AB> /System/Library/PrivateFrameworks/SiriTTS.framework/Versions/A/SiriTTS
dyld[5532]: <A896B215-2D9E-37D6-8803-9316AEBF6AF5> /System/Library/Frameworks/NaturalLanguage.framework/Versions/A/NaturalLanguage
dyld[5532]: <478FDFD4-2C36-32BB-9087-F466F0242B69> /System/Library/PrivateFrameworks/GenerativeModels.framework/Versions/A/GenerativeModels
dyld[5532]: <6B95CE76-E69D-3598-AADC-E738C94A43BD> /System/Library/PrivateFrameworks/SiriPowerInstrumentation.framework/Versions/A/SiriPowerInstrumentation
dyld[5532]: <7BC8461C-23ED-39CA-868E-17A68FAFC5AE> /usr/lib/swift/libswiftNaturalLanguage.dylib
dyld[5532]: <247E2F35-65F7-3834-AF0C-532F577FDF23> /System/Library/PrivateFrameworks/TailspinSymbolication.framework/Versions/A/TailspinSymbolication
dyld[5532]: <F0BAA541-E9E2-307A-89AE-42558D70DF45> /System/Library/PrivateFrameworks/Darwinup.framework/Versions/A/Darwinup
dyld[5532]: <ED143A95-22A5-38A0-AFC5-DA00945392EC> /System/Library/PrivateFrameworks/SignpostSupport.framework/Versions/A/SignpostSupport
dyld[5532]: <3DB3AF5E-12BD-3E05-92D8-6DDC488D5633> /System/Library/PrivateFrameworks/FeatureFlagsSupport.framework/Versions/A/FeatureFlagsSupport
dyld[5532]: <86614A25-EE71-3F84-9F47-99671A11803D> /System/Library/PrivateFrameworks/ktrace.framework/Versions/A/ktrace
dyld[5532]: <3C627164-84D9-35A4-AC4D-52A99B7652F0> /System/Library/PrivateFrameworks/SampleAnalysis.framework/Versions/A/SampleAnalysis
dyld[5532]: <4517DDDB-265A-3561-82F9-41E06C6A17A8> /System/Library/PrivateFrameworks/kperfdata.framework/Versions/A/kperfdata
dyld[5532]: <3F0E2B57-6317-3262-BA3D-8A069524F8A5> /usr/lib/libdscsym.dylib
dyld[5532]: <8DCD3201-0098-3106-8870-62A8504F26CE> /System/Library/PrivateFrameworks/AppleMobileFileIntegrity.framework/Versions/A/AppleMobileFileIntegrity
dyld[5532]: <FC95DB95-FCA7-3F42-B435-20575B99CF3A> /System/Library/PrivateFrameworks/BulkSymbolication.framework/Versions/A/BulkSymbolication
dyld[5532]: <142382DC-3D11-3191-84F4-6F39BD1C622C> /usr/lib/libTLE.dylib
dyld[5532]: <0E970B22-63D9-3794-9766-24A3FD8BD273> /usr/lib/libmis.dylib
dyld[5532]: <5FD96939-8D4B-3228-A1F8-100EF174A0D4> /System/Library/PrivateFrameworks/ConfigProfileHelper.framework/Versions/A/ConfigProfileHelper
dyld[5532]: <51BD41DD-616A-382D-B1B2-C11BE8C9953A> /System/Library/PrivateFrameworks/Espresso.framework/Versions/A/Espresso
dyld[5532]: <EDA0F204-8438-3398-91ED-C0E4212C8734> /System/Library/Frameworks/CoreML.framework/Versions/A/CoreML
dyld[5532]: <308A1DB0-C29C-33AF-9AE2-1F8E4E607152> /usr/lib/libedit.3.dylib
dyld[5532]: <BABCC719-40D5-3EAB-B20F-F0F1EB329A3E> /System/Library/PrivateFrameworks/ANECompiler.framework/Versions/A/ANECompiler
dyld[5532]: <1969F88C-4A7F-3B4B-BC08-D3EE33F4D27D> /System/Library/PrivateFrameworks/AppleNeuralEngine.framework/Versions/A/AppleNeuralEngine
dyld[5532]: <E72BAD3A-0E33-3FC5-8356-3B3176382CB1> /System/Library/PrivateFrameworks/MIL.framework/Versions/A/MIL
dyld[5532]: <BBB4C092-A3B1-354B-8C32-147F6EB0256D> /System/Library/Frameworks/MetalPerformanceShadersGraph.framework/Versions/A/MetalPerformanceShadersGraph
dyld[5532]: <54D280F0-3335-3487-AA0D-6A09FFEAEDF7> /System/Library/PrivateFrameworks/MLCompilerServices.framework/Versions/A/MLCompilerServices
dyld[5532]: <A80CE19E-EA8D-363D-A8F4-409455BECE9B> /System/Library/PrivateFrameworks/ANEServices.framework/Versions/A/ANEServices
dyld[5532]: <22F988EF-E518-3F7A-BC3D-E44B9D09627D> /usr/lib/libncurses.5.4.dylib
dyld[5532]: <0A381CB4-37D0-3B5C-ADE0-2C5B4F47D169> /usr/lib/libsandbox.1.dylib
dyld[5532]: <042A6E19-8B2A-3342-B4C1-AD44661B7E26> /usr/lib/libMatch.1.dylib
dyld[5532]: <AB03B991-E6D9-3BAF-AA7D-DBFC815699F3> /System/Library/PrivateFrameworks/ODIE.framework/Versions/A/ODIE
dyld[5532]: <5592BC99-D6A7-303C-8C4C-B839FA6B7508> /System/Library/PrivateFrameworks/MLModelAsset.framework/Versions/A/MLModelAsset
dyld[5532]: <59B92160-FE47-3CEA-B03A-0099F3901A34> /System/Library/PrivateFrameworks/MLCompilerRuntime.framework/Versions/A/MLCompilerRuntime
dyld[5532]: <D62682EC-5F79-397C-855C-569554A4AEF8> /System/Library/Frameworks/MLCompute.framework/Versions/A/MLCompute
dyld[5532]: <873E56C6-57E8-3AD2-A630-B88B0A9669E8> /System/Library/PrivateFrameworks/MLAssetIO.framework/Versions/A/MLAssetIO
dyld[5532]: <847E52FC-37C0-30DA-88CD-4561DD03C06F> /usr/lib/swift/libswiftMLCompute.dylib
dyld[5532]: <DC46545D-E02B-3F2D-BEEC-E1BF5735174F> /System/Library/PrivateFrameworks/AVFCore.framework/Versions/A/AVFCore
dyld[5532]: <3611A176-00BB-35D9-8C0A-9A9A68A8EE9D> /System/Library/PrivateFrameworks/AVFCapture.framework/Versions/A/AVFCapture
dyld[5532]: <2DEE9322-922F-3B85-82C1-5E3249E3E652> /System/Library/PrivateFrameworks/CMImaging.framework/Versions/A/CMImaging
dyld[5532]: <072F9166-25F8-3FBF-9002-23E98E8B7C05> /System/Library/PrivateFrameworks/Quagga.framework/Versions/A/Quagga
dyld[5532]: <FA34827D-C8E0-3BDF-9A4E-FBBF430AD095> /System/Library/PrivateFrameworks/CMCapture.framework/Versions/A/CMCapture
dyld[5532]: <DD237508-D432-30A0-A553-C4AF2D9F40B6> /System/Library/Frameworks/CoreMediaIO.framework/Versions/A/CoreMediaIO
dyld[5532]: <D6788223-2453-39F7-9F00-90EE866A3CDA> /System/Library/PrivateFrameworks/CMCaptureDevice.framework/Versions/A/CMCaptureDevice
dyld[5532]: <68A522A3-ACE1-3597-B6D7-E058D36536FB> /System/Library/PrivateFrameworks/CoreBrightness.framework/Versions/A/CoreBrightness
dyld[5532]: <02711E78-960E-329A-B5C0-5E38615F2698> /System/Library/PrivateFrameworks/CinematicFraming.framework/Versions/A/CinematicFraming
dyld[5532]: <735CE046-E62E-3FA5-B38D-1FD82AA32BA8> /System/Library/PrivateFrameworks/ModelManagerServices.framework/Versions/A/ModelManagerServices
dyld[5532]: <F0165C3A-8601-3789-A114-836489784A93> /System/Library/PrivateFrameworks/CPMS.framework/Versions/A/CPMS
dyld[5532]: <8B0AAC46-6F12-36F0-9A1C-90D56F41BA09> /System/Library/PrivateFrameworks/SystemStatus.framework/Versions/A/SystemStatus
dyld[5532]: <FCEB6F4E-E222-3F9B-8226-8E80A789B21B> /System/Library/Frameworks/CoreMotion.framework/Versions/A/CoreMotion
dyld[5532]: <54DEA4E5-FD31-3AE3-8FEE-3CD99ACFC45B> /System/Library/PrivateFrameworks/TimeSync.framework/Versions/A/TimeSync
dyld[5532]: <2602D902-9B35-32D2-8F22-8BF2B330B298> /System/Library/PrivateFrameworks/DistributedSensing.framework/Versions/A/DistributedSensing
dyld[5532]: <0EEAE872-ADDF-3FE0-9601-C56C453597BB> /System/Library/PrivateFrameworks/MobileBluetooth.framework/Versions/A/MobileBluetooth
dyld[5532]: <FF001948-E029-3473-B7B8-22A4ECFD6560> /System/Library/PrivateFrameworks/IOKitten.framework/Versions/A/IOKitten
dyld[5532]: <45E1CEA1-A60E-30F3-A90F-B7BFB5C5CC17> /System/Library/PrivateFrameworks/AppleIntelligenceReporting.framework/Versions/A/AppleIntelligenceReporting
dyld[5532]: <4BC01F57-2373-3DC9-8B71-308A282D7030> /System/Library/PrivateFrameworks/CoreEmoji.framework/Versions/A/CoreEmoji
dyld[5532]: <8AF3BAA3-66FA-3CEF-A44B-FD79CAC8263F> /usr/lib/libCRFSuite.dylib
dyld[5532]: <4CD4216A-7270-300F-A31D-70FFACD92E12> /System/Library/PrivateFrameworks/LanguageModeling.framework/Versions/A/LanguageModeling
dyld[5532]: <E89ACADA-C30F-3E26-9775-E8BAC21A83AA> /System/Library/PrivateFrameworks/CoreNLP.framework/Versions/A/CoreNLP
dyld[5532]: <3C34BB08-BC5C-397C-A9B5-18A342838CA1> /System/Library/PrivateFrameworks/Montreal.framework/Versions/A/Montreal
dyld[5532]: <2DED54B9-9B5C-3FB3-859E-AAC46074CC8B> /usr/lib/libcmph.dylib
dyld[5532]: <5B76CDD8-6E1F-35F6-AF5E-CE4CDA81957E> /usr/lib/libmecab.dylib
dyld[5532]: <56091C21-AEA9-36A2-A3E3-D50AEC8FFE32> /usr/lib/libThaiTokenizer.dylib
dyld[5532]: <74E54F2B-B7A6-35D9-8101-F30C7F0C1979> /System/Library/PrivateFrameworks/GenerativeModelsFoundation.framework/Versions/A/GenerativeModelsFoundation
dyld[5532]: <63409EB4-B247-3B62-835C-80DD1FCB91A2> /System/Library/PrivateFrameworks/TokenGeneration.framework/Versions/A/TokenGeneration
dyld[5532]: <54D335C7-5679-3ED5-A0E1-C3B9DBF16A9C> /System/Library/PrivateFrameworks/GenerativeFunctions.framework/Versions/A/GenerativeFunctions
dyld[5532]: <AB49FED6-D7FD-3A6B-B4CF-F73AC4165CE0> /System/Library/PrivateFrameworks/GenerativeFunctionsFoundation.framework/Versions/A/GenerativeFunctionsFoundation
dyld[5532]: <790009CA-CA2D-3245-B7B1-71C370D33BDB> /System/Library/PrivateFrameworks/ModelCatalog.framework/Versions/A/ModelCatalog
dyld[5532]: <24F7CF25-24F4-395E-B89D-5C17AE8CE281> /System/Library/PrivateFrameworks/SensitiveContentAnalysisML.framework/Versions/A/SensitiveContentAnalysisML
dyld[5532]: <A2E625ED-90FF-3BCA-BD28-16F062B82C02> /System/Library/PrivateFrameworks/GenerativeFunctionsInstrumentation.framework/Versions/A/GenerativeFunctionsInstrumentation
dyld[5532]: <4851991B-9681-37D8-8A62-005249AD29C7> /System/Library/PrivateFrameworks/PromptKit.framework/Versions/A/PromptKit
dyld[5532]: <A4C38BBC-95E3-38DD-B873-243C53B83A4F> /System/Library/PrivateFrameworks/ProactiveDaemonSupport.framework/Versions/A/ProactiveDaemonSupport
dyld[5532]: <832BF595-350A-3753-8721-D894475016CB> /System/Library/PrivateFrameworks/TokenGenerationCore.framework/Versions/A/TokenGenerationCore
dyld[5532]: <E65C3A22-B998-3185-9DE5-3169814179BF> /System/Library/PrivateFrameworks/Trial.framework/Versions/A/Trial
dyld[5532]: <F66F08E4-F915-3CAE-AF88-70F76AD35303> /System/Library/PrivateFrameworks/TrialProto.framework/Versions/A/TrialProto
dyld[5532]: <4BE321D2-8DF6-3D5E-A531-4E2F77BEE441> /System/Library/PrivateFrameworks/AppleFlatBuffers.framework/Versions/A/AppleFlatBuffers
dyld[5532]: <92A1FE17-1D6F-347B-B1C3-D2C03B6C0DCE> /System/Library/PrivateFrameworks/SentencePieceInternal.framework/Versions/A/SentencePieceInternal
dyld[5532]: <4FFA7ECB-BCA8-3B4D-86F9-9F2C9E084944> /System/Library/Frameworks/Vision.framework/Versions/A/Vision
dyld[5532]: <0A6304CC-6DC4-3079-9FAB-8B9F001C8545> /System/Library/PrivateFrameworks/CoreSceneUnderstanding.framework/Versions/A/CoreSceneUnderstanding
dyld[5532]: <5E086014-D330-3672-9776-E23E8325DD67> /System/Library/PrivateFrameworks/VisionCore.framework/Versions/A/VisionCore
dyld[5532]: <A20BF0E3-F8A9-36AA-B28B-2EF282FC9BF5> /System/Library/PrivateFrameworks/DataDetectorsCore.framework/Versions/A/DataDetectorsCore
dyld[5532]: <23068BF1-0F33-3129-9965-57B1621737DE> /System/Library/Frameworks/Vision.framework/libfaceCore.dylib
dyld[5532]: <5F8738D4-6C03-3DEA-953D-9E31C389E7E1> /System/Library/PrivateFrameworks/Futhark.framework/Versions/A/Futhark
dyld[5532]: <2849D0C3-42A0-3D94-A2B7-F686BD7F760D> /System/Library/PrivateFrameworks/InertiaCam.framework/Versions/A/InertiaCam
dyld[5532]: <393E9D23-8D8D-373B-A8D8-6CF2652D2DAF> /System/Library/PrivateFrameworks/TextRecognition.framework/Versions/A/TextRecognition
dyld[5532]: <0872179E-DB9E-39FF-B22A-05EA62FC0F88> /System/Library/Frameworks/DataDetection.framework/Versions/A/DataDetection
dyld[5532]: <5D3DDFC0-3341-3DAC-A80C-0DFBD0421669> /System/Library/PrivateFrameworks/TextInput.framework/Versions/A/TextInput
dyld[5532]: <A37EF3CE-63A5-3AB5-B3E2-E089F818FF35> /System/Library/PrivateFrameworks/CVNLP.framework/Versions/A/CVNLP
dyld[5532]: <256C79BC-8BEB-390C-95D4-BFEFB95E66A1> /System/Library/PrivateFrameworks/IntentsFoundation.framework/Versions/A/IntentsFoundation
dyld[5532]: <E12CB54A-E895-3D38-8D62-01C5DF8430AB> /System/Library/PrivateFrameworks/HIDDisplay.framework/Versions/A/HIDDisplay
dyld[5532]: <A9F79F7C-A5F8-3164-BEEC-60B19D90DCF2> /usr/lib/libcups.2.dylib
dyld[5532]: <74F49C08-DE60-3E55-A037-F0A34E81BF04> /System/Library/Frameworks/Kerberos.framework/Versions/A/Kerberos
dyld[5532]: <F71E234F-8D15-388D-8819-709BB2AE1ACC> /usr/lib/libresolv.9.dylib
dyld[5532]: <139B1DBE-2FDA-3AE7-9BDE-12D5BA3C8D22> /System/Library/PrivateFrameworks/Heimdal.framework/Versions/A/Heimdal
dyld[5532]: <9BBF5DE9-CCD9-3CF3-8C05-45FB5CCEFEC3> /System/Library/Frameworks/Kerberos.framework/Versions/A/Libraries/libHeimdalProxy.dylib
dyld[5532]: <FFE98159-EDC3-3520-ADAC-F9001408ADD5> /System/Library/PrivateFrameworks/CommonAuth.framework/Versions/A/CommonAuth
dyld[5532]: <17C4F6B8-0A9A-3BF8-8D40-35ABCF9F0D89> /System/Library/PrivateFrameworks/AXCoreUtilities.framework/Versions/A/AXCoreUtilities
dyld[5532]: <8EB0DEAA-CD94-3710-AF80-DBF6947A8250> /System/Library/PrivateFrameworks/AttributeGraph.framework/Versions/A/AttributeGraph
dyld[5532]: <D4766E61-EB81-3FA1-9C48-31BC986B0607> /usr/lib/libAXSafeCategoryBundle.dylib
dyld[5532]: <6E4CAEF6-667C-3A56-9BE2-892F689894E4> /System/Library/Frameworks/TabularData.framework/Versions/A/TabularData
dyld[5532]: <00E79E4B-C0FD-3DF8-A8C3-9C812A9DB049> /System/Library/PrivateFrameworks/ArgumentParserInternal.framework/Versions/A/ArgumentParserInternal
dyld[5532]: <CB222F12-FB2E-3310-88A1-A5AE7EFF8CAE> /System/Library/Frameworks/Accelerate.framework/Versions/A/Frameworks/vecLib.framework/Versions/A/libvDSP.dylib
dyld[5532]: <C2F81286-0ED4-319D-A96D-10591BD15F4E> /System/Library/Frameworks/Accelerate.framework/Versions/A/Frameworks/vecLib.framework/Versions/A/libLAPACK.dylib
dyld[5532]: <424CA6AD-D7AA-3297-B069-745682F71E84> /System/Library/Frameworks/Accelerate.framework/Versions/A/Frameworks/vecLib.framework/Versions/A/libLinearAlgebra.dylib
dyld[5532]: <BDF370A4-972F-34A4-AED7-89885C35D933> /System/Library/Frameworks/Accelerate.framework/Versions/A/Frameworks/vecLib.framework/Versions/A/libSparseBLAS.dylib
dyld[5532]: <F2B12F6B-6C47-3B39-BE8F-68EB37545F72> /System/Library/Frameworks/Accelerate.framework/Versions/A/Frameworks/vecLib.framework/Versions/A/libQuadrature.dylib
dyld[5532]: <811E61C5-2282-3FA8-939D-D1B9C75ECC62> /System/Library/Frameworks/Accelerate.framework/Versions/A/Frameworks/vecLib.framework/Versions/A/libBNNS.dylib
dyld[5532]: <C7FD2C22-55FC-3D31-8AF3-BF842A039AF9> /System/Library/Frameworks/Accelerate.framework/Versions/A/Frameworks/vecLib.framework/Versions/A/libSparse.dylib
dyld[5532]: <7A483FDA-AB8C-3E7C-92E6-07347F67B678> /System/Library/PrivateFrameworks/ApplePushService.framework/Versions/A/ApplePushService
dyld[5532]: <C5A18DFA-6B18-3455-830A-E372A495FB1D> /System/Library/Frameworks/CloudKit.framework/Versions/A/CloudKit
dyld[5532]: <0A7A4F54-298F-384E-86C0-0E9A5C69E9E5> /System/Library/PrivateFrameworks/CoreDuetDaemonProtocol.framework/Versions/A/CoreDuetDaemonProtocol
dyld[5532]: <17D0003A-F405-3CCF-832D-BCADB65BC83F> /System/Library/PrivateFrameworks/DeviceIdentity.framework/Versions/A/DeviceIdentity
dyld[5532]: <E26F180A-1868-3E33-9277-1C73F917DE55> /System/Library/Frameworks/SharedWithYouCore.framework/Versions/A/SharedWithYouCore
dyld[5532]: <7B5C93A3-1AF7-3273-9182-60B965FBB279> /System/Library/PrivateFrameworks/CloudTelemetry.framework/Versions/A/CloudTelemetry
dyld[5532]: <CD1BB171-94DA-350C-8276-04EA8B71C6E7> /System/Library/PrivateFrameworks/AppleAccount.framework/Versions/A/AppleAccount
dyld[5532]: <6D910C58-E7C6-34AB-907F-89C2EA3E8B5C> /System/Library/PrivateFrameworks/C2.framework/Versions/A/C2
dyld[5532]: <1BE4EC57-9B8A-34C4-BFC9-BC9A229BBB08> /System/Library/PrivateFrameworks/CloudCoreInternal.framework/Versions/A/CloudCoreInternal
dyld[5532]: <EDB20CBF-D173-3BD4-A483-3C509C15D24D> /System/Library/PrivateFrameworks/CloudAsset.framework/Versions/A/CloudAsset
dyld[5532]: <696E88E7-5CF6-3095-80C0-57B9A913887A> /System/Library/Frameworks/PushKit.framework/Versions/A/PushKit
dyld[5532]: <100BE8FB-6C47-33E3-9FC4-A45A5106721A> /System/Library/Frameworks/CoreTransferable.framework/Versions/A/CoreTransferable
dyld[5532]: <08675344-FA9F-3CC2-8ED8-C572C841B504> /System/Library/PrivateFrameworks/NetAuth.framework/Versions/A/NetAuth
dyld[5532]: <8E702F90-53C5-3A91-A0F8-94409A59BAF3> /System/Library/PrivateFrameworks/login.framework/Versions/A/Frameworks/loginsupport.framework/Versions/A/loginsupport
dyld[5532]: <78C04A6C-63CF-339A-90C8-F25BA9C4C1CE> /System/Library/PrivateFrameworks/CloudTelemetryTools.framework/Versions/A/CloudTelemetryTools
dyld[5532]: <A23C0860-6454-3F01-A064-C8982EBBFF48> /System/Library/PrivateFrameworks/CloudTelemetryShared.dylib
dyld[5532]: <907F9C53-06D9-3604-A13D-183642237619> /System/Library/PrivateFrameworks/RTCReporting.framework/Versions/A/RTCReporting
dyld[5532]: <90B0724C-CBDF-35B7-91AA-38F8E07E543D> /System/Library/PrivateFrameworks/AAAFoundationSwift.framework/Versions/A/AAAFoundationSwift
dyld[5532]: <95A65CAD-54BC-3CDD-B27A-90572D2A848F> /System/Library/PrivateFrameworks/AppleIDSSOAuthentication.framework/Versions/A/AppleIDSSOAuthentication
dyld[5532]: <B2BA9719-73C5-3061-9915-25FC68C198D6> /System/Library/PrivateFrameworks/UIFoundation.framework/Versions/A/UIFoundation
dyld[5532]: <6784252E-9BE1-332F-8D0C-CF7FB6C9FB56> /System/Library/PrivateFrameworks/CaptiveNetwork.framework/Versions/A/CaptiveNetwork
dyld[5532]: <2DFBEDC5-0C41-3FF8-B1AB-334EE3621FC9> /System/Library/PrivateFrameworks/EAP8021X.framework/Versions/A/EAP8021X
dyld[5532]: <D828B798-9303-3C0A-9F83-5B24A36E1670> /System/Library/PrivateFrameworks/CryptoKitPrivate.framework/Versions/A/CryptoKitPrivate
dyld[5532]: <7B08EA3F-6BA2-39B2-979D-D36A03961343> /System/Library/PrivateFrameworks/FindMyDevice.framework/Versions/A/FindMyDevice
dyld[5532]: <57FD92AE-E8D7-3D48-AF71-F74CD3D2AD56> /System/Library/PrivateFrameworks/FMCoreLite.framework/Versions/A/FMCoreLite
dyld[5532]: <0B4562F4-D2B8-362C-AC29-8E9B106F937C> /System/Library/Frameworks/ServiceManagement.framework/Versions/A/ServiceManagement
dyld[5532]: <4428FA9C-988B-3235-98EB-1FC596D283D1> /usr/lib/libCheckFix.dylib
dyld[5532]: <7CA1C787-8112-3F53-9419-1EA66ECF08B3> /System/Library/PrivateFrameworks/MetadataUtilities.framework/Versions/A/MetadataUtilities
dyld[5532]: <B820DEFE-59D8-3A6A-BB23-56E594F57F9C> /System/Library/PrivateFrameworks/InstalledContentLibrary.framework/Versions/A/InstalledContentLibrary
dyld[5532]: <9B52CDCA-8EFD-3512-A265-C5D8CE2B8998> /System/Library/PrivateFrameworks/CoreServicesStore.framework/Versions/A/CoreServicesStore
dyld[5532]: <3BD7BCA8-66D2-34D7-BA3F-A3B3197E1F44> /usr/lib/libapp_launch_measurement.dylib
dyld[5532]: <7783C2DD-5853-312A-8EF1-B5DDC441531D> /System/Library/PrivateFrameworks/MobileSystemServices.framework/Versions/A/MobileSystemServices
dyld[5532]: <C428B34A-AB0B-34ED-9C94-8DC908D4A12B> /usr/lib/libxslt.1.dylib
dyld[5532]: <F1725141-8B9B-363A-838E-17B20313568E> /System/Library/PrivateFrameworks/BackgroundTaskManagement.framework/Versions/A/BackgroundTaskManagement
dyld[5532]: <957F947F-00ED-3468-B07B-20900D64DB71> /usr/lib/libcurl.4.dylib
dyld[5532]: <FE236487-745A-39C9-A6A5-D937AD7BDC2E> /usr/lib/libcrypto.46.dylib
dyld[5532]: <6E6A6A29-3741-365F-A90D-785C2C86D71A> /usr/lib/libssl.48.dylib
dyld[5532]: <9AC45415-37D3-369E-846C-6C2F072899F9> /System/Library/Frameworks/LDAP.framework/Versions/A/LDAP
dyld[5532]: <48980122-ECA5-383C-A043-6F2BE6BAA017> /System/Library/PrivateFrameworks/TrustEvaluationAgent.framework/Versions/A/TrustEvaluationAgent
dyld[5532]: <65BCF638-CADE-3CB2-97FB-D33E91D93C8D> /usr/lib/libsasl2.2.dylib
dyld[5532]: has interposing tuples so cannot be delayed: libclang_rt.asan_osx_dynamic.dylib
dyld[5532]: move loaded to delayed: XPCSupport
dyld[5532]: move loaded to delayed: CoreFoundation
dyld[5532]: move loaded to delayed: libswiftCore.dylib
dyld[5532]: move loaded to delayed: Foundation
dyld[5532]: move loaded to delayed: libswiftObjectiveC.dylib
dyld[5532]: move loaded to delayed: libswiftPrespecialized.dylib
dyld[5532]: move loaded to delayed: SystemConfiguration
dyld[5532]: move loaded to delayed: libz.1.dylib
dyld[5532]: move loaded to delayed: CoreAutoLayout
dyld[5532]: move loaded to delayed: libcmark-gfm.dylib
dyld[5532]: move loaded to delayed: libfakelink.dylib
dyld[5532]: move loaded to delayed: libcompression.dylib
dyld[5532]: move loaded to delayed: CFNetwork
dyld[5532]: move loaded to delayed: DiskArbitration
dyld[5532]: move loaded to delayed: libarchive.2.dylib
dyld[5532]: move loaded to delayed: libDiagnosticMessagesClient.dylib
dyld[5532]: move loaded to delayed: libicucore.A.dylib
dyld[5532]: move loaded to delayed: libxml2.2.dylib
dyld[5532]: move loaded to delayed: CoreServices
dyld[5532]: move loaded to delayed: liblangid.dylib
dyld[5532]: move loaded to delayed: IOKit
dyld[5532]: move loaded to delayed: Combine
dyld[5532]: move loaded to delayed: CollectionsInternal
dyld[5532]: move loaded to delayed: ReflectionInternal
dyld[5532]: move loaded to delayed: RuntimeInternal
dyld[5532]: move loaded to delayed: SoftLinking
dyld[5532]: move loaded to delayed: libswiftCoreFoundation.dylib
dyld[5532]: move loaded to delayed: libswiftDarwin.dylib
dyld[5532]: move loaded to delayed: libswiftDispatch.dylib
dyld[5532]: move loaded to delayed: libswiftIOKit.dylib
dyld[5532]: move loaded to delayed: libswiftSystem.dylib
dyld[5532]: move loaded to delayed: libswiftXPC.dylib
dyld[5532]: move loaded to delayed: libswift_Builtin_float.dylib
dyld[5532]: move loaded to delayed: libswift_Concurrency.dylib
dyld[5532]: move loaded to delayed: libswift_DarwinFoundation1.dylib
dyld[5532]: move loaded to delayed: libswift_StringProcessing.dylib
dyld[5532]: move loaded to delayed: libswiftos.dylib
dyld[5532]: move loaded to delayed: CoreServicesInternal
dyld[5532]: move loaded to delayed: liboah.dylib
dyld[5532]: move loaded to delayed: Security
dyld[5532]: move loaded to delayed: GenerationalStorage
dyld[5532]: move loaded to delayed: CacheDelete
dyld[5532]: move loaded to delayed: QuickLookThumbnailing
dyld[5532]: move loaded to delayed: FileProvider
dyld[5532]: move loaded to delayed: DiskImages
dyld[5532]: move loaded to delayed: NetFS
dyld[5532]: move loaded to delayed: DesktopServicesPriv
dyld[5532]: move loaded to delayed: FSEvents
dyld[5532]: move loaded to delayed: CarbonCore
dyld[5532]: move loaded to delayed: Metadata
dyld[5532]: move loaded to delayed: OSServices
dyld[5532]: move loaded to delayed: SearchKit
dyld[5532]: move loaded to delayed: AE
dyld[5532]: move loaded to delayed: LaunchServices
dyld[5532]: move loaded to delayed: DictionaryServices
dyld[5532]: move loaded to delayed: SharedFileList
dyld[5532]: move loaded to delayed: libapple_nghttp2.dylib
dyld[5532]: move loaded to delayed: libsqlite3.dylib
dyld[5532]: move loaded to delayed: Accounts
dyld[5532]: move loaded to delayed: AOSKit
dyld[5532]: move loaded to delayed: AppSSOCore
dyld[5532]: move loaded to delayed: AppSupport
dyld[5532]: move loaded to delayed: AVFoundation
dyld[5532]: move loaded to delayed: BackgroundSystemTasks
dyld[5532]: move loaded to delayed: CoreAnalytics
dyld[5532]: move loaded to delayed: CoreGraphics
dyld[5532]: move loaded to delayed: DuetActivityScheduler
dyld[5532]: move loaded to delayed: FTServices
dyld[5532]: move loaded to delayed: GSS
dyld[5532]: move loaded to delayed: InternationalSupport
dyld[5532]: move loaded to delayed: libMemoryResourceException.dylib
dyld[5532]: move loaded to delayed: NetworkScore
dyld[5532]: move loaded to delayed: NetworkServiceProxy
dyld[5532]: move loaded to delayed: RunningBoardServices
dyld[5532]: move loaded to delayed: StreamingExtractor
dyld[5532]: move loaded to delayed: StreamingZip
dyld[5532]: move loaded to delayed: SymptomReporter
dyld[5532]: move loaded to delayed: libenergytrace.dylib
dyld[5532]: move loaded to delayed: libnetworkextension.dylib
dyld[5532]: move loaded to delayed: Network
dyld[5532]: move loaded to delayed: libbsm.0.dylib
dyld[5532]: move loaded to delayed: libkxld.dylib
dyld[5532]: move loaded to delayed: AppleKeyStore
dyld[5532]: move loaded to delayed: libCoreEntitlements.dylib
dyld[5532]: move loaded to delayed: MessageSecurity
dyld[5532]: move loaded to delayed: ProtocolBuffer
dyld[5532]: move loaded to delayed: CloudServices
dyld[5532]: move loaded to delayed: SymptomDiagnosticReporter
dyld[5532]: move loaded to delayed: CrashReporterSupport
dyld[5532]: move loaded to delayed: libMobileGestalt.dylib
dyld[5532]: move loaded to delayed: AppleFSCompression
dyld[5532]: move loaded to delayed: libcoretls.dylib
dyld[5532]: move loaded to delayed: libcoretls_cfhelpers.dylib
dyld[5532]: move loaded to delayed: libpam.2.dylib
dyld[5532]: move loaded to delayed: libxar.1.dylib
dyld[5532]: move loaded to delayed: APFS
dyld[5532]: move loaded to delayed: SwiftASN1Internal
dyld[5532]: move loaded to delayed: libutil.dylib
dyld[5532]: move loaded to delayed: AppleSystemInfo
dyld[5532]: move loaded to delayed: IOMobileFramebuffer
dyld[5532]: move loaded to delayed: IOSurface
dyld[5532]: move loaded to delayed: CoreWiFi
dyld[5532]: move loaded to delayed: LoggingSupport
dyld[5532]: move loaded to delayed: MobileAsset
dyld[5532]: move loaded to delayed: PowerLog
dyld[5532]: move loaded to delayed: Rapport
dyld[5532]: move loaded to delayed: SwiftData
dyld[5532]: move loaded to delayed: SymptomAnalytics
dyld[5532]: move loaded to delayed: UniformTypeIdentifiers
dyld[5532]: move loaded to delayed: UserManagement
dyld[5532]: move loaded to delayed: libboringssl.dylib
dyld[5532]: move loaded to delayed: libcupolicy.dylib
dyld[5532]: move loaded to delayed: libdns_services.dylib
dyld[5532]: move loaded to delayed: NetworkExtension
dyld[5532]: move loaded to delayed: libnwswifttls.dylib
dyld[5532]: move loaded to delayed: libpcap.A.dylib
dyld[5532]: move loaded to delayed: libquic.dylib
dyld[5532]: move loaded to delayed: libusrtcp.dylib
dyld[5532]: move loaded to delayed: AtomicsInternal
dyld[5532]: move loaded to delayed: InternalSwiftProtobuf
dyld[5532]: move loaded to delayed: libswiftDistributed.dylib
dyld[5532]: move loaded to delayed: libswiftObservation.dylib
dyld[5532]: move loaded to delayed: libswiftSynchronization.dylib
dyld[5532]: move loaded to delayed: AggregateDictionary
dyld[5532]: move loaded to delayed: CoreDuetContext
dyld[5532]: move loaded to delayed: BiomeLibrary
dyld[5532]: move loaded to delayed: CoreDuet
dyld[5532]: move loaded to delayed: BiomeStreams
dyld[5532]: move loaded to delayed: BiomeFoundation
dyld[5532]: move loaded to delayed: BiomePubSub
dyld[5532]: move loaded to delayed: CoreData
dyld[5532]: move loaded to delayed: ProactiveSupport
dyld[5532]: move loaded to delayed: CoreLocation
dyld[5532]: move loaded to delayed: Intents
dyld[5532]: move loaded to delayed: _LocationEssentials
dyld[5532]: move loaded to delayed: liblzma.5.dylib
dyld[5532]: move loaded to delayed: Accelerate
dyld[5532]: move loaded to delayed: MobileKeyBag
dyld[5532]: move loaded to delayed: InternationalTextSearch
dyld[5532]: move loaded to delayed: SoftwareUpdateCoreSupport
dyld[5532]: move loaded to delayed: SoftwareUpdateCoreConnect
dyld[5532]: move loaded to delayed: RemoteServiceDiscovery
dyld[5532]: move loaded to delayed: MSUDataAccessor
dyld[5532]: move loaded to delayed: libbootpolicy.dylib
dyld[5532]: move loaded to delayed: RemoteXPC
dyld[5532]: move loaded to delayed: libFDR.dylib
dyld[5532]: move loaded to delayed: libamsupport.dylib
dyld[5532]: move loaded to delayed: libReverseProxyDevice.dylib
dyld[5532]: move loaded to delayed: AppleDeviceQuerySupport
dyld[5532]: move loaded to delayed: libpartition2_dynamic.dylib
dyld[5532]: move loaded to delayed: AppleSauce
dyld[5532]: move loaded to delayed: libAppleArchive.dylib
dyld[5532]: move loaded to delayed: libbz2.1.0.dylib
dyld[5532]: move loaded to delayed: vImage
dyld[5532]: move loaded to delayed: vecLib
dyld[5532]: move loaded to delayed: libvMisc.dylib
dyld[5532]: move loaded to delayed: libCGInterfaces.dylib
dyld[5532]: move loaded to delayed: AccelerateGPU
dyld[5532]: move loaded to delayed: libBLAS.dylib
dyld[5532]: move loaded to delayed: ApplicationServices
dyld[5532]: move loaded to delayed: CoreVideo
dyld[5532]: move loaded to delayed: ColorSync
dyld[5532]: move loaded to delayed: CoreText
dyld[5532]: move loaded to delayed: ImageIO
dyld[5532]: move loaded to delayed: ATS
dyld[5532]: move loaded to delayed: HIServices
dyld[5532]: move loaded to delayed: PrintCore
dyld[5532]: move loaded to delayed: QD
dyld[5532]: move loaded to delayed: ColorSyncLegacy
dyld[5532]: move loaded to delayed: SpeechSynthesis
dyld[5532]: move loaded to delayed: SkyLight
dyld[5532]: move loaded to delayed: libFontParser.dylib
dyld[5532]: move loaded to delayed: BaseBoard
dyld[5532]: move loaded to delayed: BoardServices
dyld[5532]: move loaded to delayed: BackBoardServices
dyld[5532]: move loaded to delayed: BackBoardHIDEventFoundation
dyld[5532]: move loaded to delayed: CoreDisplay
dyld[5532]: move loaded to delayed: VideoToolbox
dyld[5532]: move loaded to delayed: MetalPerformanceShaders
dyld[5532]: move loaded to delayed: ProDisplayLibrary
dyld[5532]: move loaded to delayed: IOSurfaceAccelerator
dyld[5532]: move loaded to delayed: Metal
dyld[5532]: move loaded to delayed: IOAccelerator
dyld[5532]: move loaded to delayed: CoreMedia
dyld[5532]: move loaded to delayed: TCC
dyld[5532]: move loaded to delayed: WatchdogClient
dyld[5532]: move loaded to delayed: QuartzCore
dyld[5532]: move loaded to delayed: MultitouchSupport
dyld[5532]: move loaded to delayed: libswiftAccelerate.dylib
dyld[5532]: move loaded to delayed: libswiftCoreAudio.dylib
dyld[5532]: move loaded to delayed: libswiftCoreMedia.dylib
dyld[5532]: move loaded to delayed: libswiftMetal.dylib
dyld[5532]: move loaded to delayed: libswiftOSLog.dylib
dyld[5532]: move loaded to delayed: libswiftQuartzCore.dylib
dyld[5532]: move loaded to delayed: libswiftUniformTypeIdentifiers.dylib
dyld[5532]: move loaded to delayed: libswiftVideoToolbox.dylib
dyld[5532]: move loaded to delayed: libswiftsimd.dylib
dyld[5532]: move loaded to delayed: BiomeStorage
dyld[5532]: move loaded to delayed: IntelligencePlatformLibrary
dyld[5532]: move loaded to delayed: PoirotSchematizer
dyld[5532]: move loaded to delayed: BiomeSync
dyld[5532]: move loaded to delayed: BiomeDSL
dyld[5532]: move loaded to delayed: FeatureFlags
dyld[5532]: move loaded to delayed: PoirotUDFs
dyld[5532]: move loaded to delayed: libswift_DarwinFoundation2.dylib
dyld[5532]: move loaded to delayed: libswift_DarwinFoundation3.dylib
dyld[5532]: move loaded to delayed: CoreTime
dyld[5532]: move loaded to delayed: libiconv.2.dylib
dyld[5532]: move loaded to delayed: libcharset.1.dylib
dyld[5532]: move loaded to delayed: PoirotSQLite
dyld[5532]: move loaded to delayed: libswift_RegexParser.dylib
dyld[5532]: move loaded to delayed: CascadeSets
dyld[5532]: move loaded to delayed: CorePhoneNumbers
dyld[5532]: move loaded to delayed: AppleJPEG
dyld[5532]: move loaded to delayed: libexpat.1.dylib
dyld[5532]: move loaded to delayed: libPng.dylib
dyld[5532]: move loaded to delayed: libTIFF.dylib
dyld[5532]: move loaded to delayed: libGIF.dylib
dyld[5532]: move loaded to delayed: libJP2.dylib
dyld[5532]: move loaded to delayed: libate.dylib
dyld[5532]: move loaded to delayed: libJPEG.dylib
dyld[5532]: move loaded to delayed: libRadiance.dylib
dyld[5532]: move loaded to delayed: libllvm-flatbuffers.dylib
dyld[5532]: move loaded to delayed: FramePacing
dyld[5532]: move loaded to delayed: libCoreFSCache.dylib
dyld[5532]: move loaded to delayed: libGPUCompilerUtils.dylib
dyld[5532]: move loaded to delayed: GraphicsServices
dyld[5532]: move loaded to delayed: OpenGL
dyld[5532]: move loaded to delayed: libGLU.dylib
dyld[5532]: move loaded to delayed: libGFXShared.dylib
dyld[5532]: move loaded to delayed: libGL.dylib
dyld[5532]: move loaded to delayed: libGLImage.dylib
dyld[5532]: move loaded to delayed: libCVMSPluginSupport.dylib
dyld[5532]: move loaded to delayed: libCoreVMClient.dylib
dyld[5532]: move loaded to delayed: GPUWrangler
dyld[5532]: move loaded to delayed: IOPresentment
dyld[5532]: move loaded to delayed: DSExternalDisplay
dyld[5532]: move loaded to delayed: VideoToolboxParavirtualizationSupport
dyld[5532]: move loaded to delayed: AppleVA
dyld[5532]: move loaded to delayed: ExtensionFoundation
dyld[5532]: move loaded to delayed: CMCaptureCore
dyld[5532]: move loaded to delayed: libspindump.dylib
dyld[5532]: move loaded to delayed: CoreAudio
dyld[5532]: move loaded to delayed: AppServerSupport
dyld[5532]: move loaded to delayed: perfdata
dyld[5532]: move loaded to delayed: AudioDSPGraph
dyld[5532]: move loaded to delayed: AudioToolboxCore
dyld[5532]: move loaded to delayed: caulk
dyld[5532]: move loaded to delayed: libAudioStatistics.dylib
dyld[5532]: move loaded to delayed: SystemPolicy
dyld[5532]: move loaded to delayed: libSMC.dylib
dyld[5532]: move loaded to delayed: libswiftCoreMIDI.dylib
dyld[5532]: move loaded to delayed: CoreMIDI
dyld[5532]: move loaded to delayed: libAudioToolboxUtility.dylib
dyld[5532]: move loaded to delayed: libperfcheck.dylib
dyld[5532]: move loaded to delayed: AudioAnalytics
dyld[5532]: move loaded to delayed: OSLog
dyld[5532]: move loaded to delayed: OSEligibility
dyld[5532]: move loaded to delayed: IconServices
dyld[5532]: move loaded to delayed: LightweightCodeRequirements
dyld[5532]: move loaded to delayed: PlugInKit
dyld[5532]: move loaded to delayed: AssertionServices
dyld[5532]: move loaded to delayed: IconFoundation
dyld[5532]: move loaded to delayed: AssistantServices
dyld[5532]: move loaded to delayed: IconRendering
dyld[5532]: move loaded to delayed: CoreUI
dyld[5532]: move loaded to delayed: CoreImage
dyld[5532]: move loaded to delayed: SFSymbols
dyld[5532]: move loaded to delayed: DeveloperToolsSupport
dyld[5532]: move loaded to delayed: RenderBox
dyld[5532]: move loaded to delayed: CoreSVG
dyld[5532]: move loaded to delayed: TextureIO
dyld[5532]: move loaded to delayed: libswiftCoreImage.dylib
dyld[5532]: move loaded to delayed: GraphVisualizer
dyld[5532]: move loaded to delayed: FontServices
dyld[5532]: move loaded to delayed: OTSVG
dyld[5532]: move loaded to delayed: libFontRegistry.dylib
dyld[5532]: move loaded to delayed: libhvf.dylib
dyld[5532]: move loaded to delayed: ParsingInternal
dyld[5532]: move loaded to delayed: libXTFontStaticRegistryData.dylib
dyld[5532]: move loaded to delayed: MPSCore
dyld[5532]: move loaded to delayed: MPSImage
dyld[5532]: move loaded to delayed: MPSNeuralNetwork
dyld[5532]: move loaded to delayed: MPSMatrix
dyld[5532]: move loaded to delayed: MPSRayIntersector
dyld[5532]: move loaded to delayed: MPSNDArray
dyld[5532]: move loaded to delayed: MPSFunctions
dyld[5532]: move loaded to delayed: MPSBenchmarkLoop
dyld[5532]: move loaded to delayed: MPSHost
dyld[5532]: move loaded to delayed: MetalTools
dyld[5532]: move loaded to delayed: IOAccelMemoryInfo
dyld[5532]: move loaded to delayed: kperf
dyld[5532]: move loaded to delayed: GPURawCounter
dyld[5532]: move loaded to delayed: ASEProcessing
dyld[5532]: move loaded to delayed: Symbolication
dyld[5532]: move loaded to delayed: PhotosensitivityProcessing
dyld[5532]: move loaded to delayed: SILManager
dyld[5532]: move loaded to delayed: CoreSymbolication
dyld[5532]: move loaded to delayed: MallocStackLogging
dyld[5532]: move loaded to delayed: DebugSymbols
dyld[5532]: move loaded to delayed: OSAnalytics
dyld[5532]: move loaded to delayed: DeviceRecovery
dyld[5532]: move loaded to delayed: Tightbeam
dyld[5532]: move loaded to delayed: libswiftCompression.dylib
dyld[5532]: move loaded to delayed: AFKUser
dyld[5532]: move loaded to delayed: ATSUI
dyld[5532]: move loaded to delayed: SAObjects
dyld[5532]: move loaded to delayed: AudioToolbox
dyld[5532]: move loaded to delayed: MediaRemote
dyld[5532]: move loaded to delayed: UserNotifications
dyld[5532]: move loaded to delayed: SiriInstrumentation
dyld[5532]: move loaded to delayed: SiriAnalytics
dyld[5532]: move loaded to delayed: SiriTTSService
dyld[5532]: move loaded to delayed: SiriCrossDeviceArbitration
dyld[5532]: move loaded to delayed: FeedbackLogger
dyld[5532]: move loaded to delayed: FaceTimeNameUtility
dyld[5532]: move loaded to delayed: AuthKit
dyld[5532]: move loaded to delayed: SiriCrossDeviceArbitrationFeedback
dyld[5532]: move loaded to delayed: libswiftCoreLocation.dylib
dyld[5532]: move loaded to delayed: libswiftAVFoundation.dylib
dyld[5532]: move loaded to delayed: UIKitServices
dyld[5532]: move loaded to delayed: UnifiedAssetFramework
dyld[5532]: move loaded to delayed: AudioSession
dyld[5532]: move loaded to delayed: MediaExperience
dyld[5532]: move loaded to delayed: libSessionUtility.dylib
dyld[5532]: move loaded to delayed: AudioAccessoryServices
dyld[5532]: move loaded to delayed: CoreBluetooth
dyld[5532]: move loaded to delayed: CoreUtils
dyld[5532]: move loaded to delayed: HID
dyld[5532]: move loaded to delayed: Sharing
dyld[5532]: move loaded to delayed: CoreUtilsExtras
dyld[5532]: move loaded to delayed: IO80211
dyld[5532]: move loaded to delayed: IDSFoundation
dyld[5532]: move loaded to delayed: Apple80211
dyld[5532]: move loaded to delayed: CoreWLAN
dyld[5532]: move loaded to delayed: IOBluetooth
dyld[5532]: move loaded to delayed: libswiftRegexBuilder.dylib
dyld[5532]: move loaded to delayed: IMFoundation
dyld[5532]: move loaded to delayed: Marco
dyld[5532]: move loaded to delayed: CommonUtilities
dyld[5532]: move loaded to delayed: Engram
dyld[5532]: move loaded to delayed: XPCDistributed
dyld[5532]: move loaded to delayed: libtidy.A.dylib
dyld[5532]: move loaded to delayed: Bom
dyld[5532]: move loaded to delayed: libParallelCompression.dylib
dyld[5532]: move loaded to delayed: libIOReport.dylib
dyld[5532]: move loaded to delayed: WiFiPeerToPeer
dyld[5532]: move loaded to delayed: SecurityFoundation
dyld[5532]: move loaded to delayed: Centauri
dyld[5532]: move loaded to delayed: Lexicon
dyld[5532]: move loaded to delayed: libmrc.dylib
dyld[5532]: move loaded to delayed: IPConfiguration
dyld[5532]: move loaded to delayed: Netrb
dyld[5532]: move loaded to delayed: FrontBoardServices
dyld[5532]: move loaded to delayed: libgermantok.dylib
dyld[5532]: move loaded to delayed: LinguisticData
dyld[5532]: move loaded to delayed: MultiverseSupport
dyld[5532]: move loaded to delayed: DiskManagement
dyld[5532]: move loaded to delayed: AppleIDAuthSupport
dyld[5532]: move loaded to delayed: AAAFoundation
dyld[5532]: move loaded to delayed: KeychainCircle
dyld[5532]: move loaded to delayed: URLFormatting
dyld[5532]: move loaded to delayed: libcsfde.dylib
dyld[5532]: move loaded to delayed: libCoreStorage.dylib
dyld[5532]: move loaded to delayed: MediaKit
dyld[5532]: move loaded to delayed: DiscRecording
dyld[5532]: move loaded to delayed: ProtectedCloudStorage
dyld[5532]: move loaded to delayed: EFILogin
dyld[5532]: move loaded to delayed: libheimdal-asn1.dylib
dyld[5532]: move loaded to delayed: OctagonTrust
dyld[5532]: move loaded to delayed: AudioUnit
dyld[5532]: move loaded to delayed: OpenDirectory
dyld[5532]: move loaded to delayed: CFOpenDirectory
dyld[5532]: move loaded to delayed: GeoServices
dyld[5532]: move loaded to delayed: LocationSupport
dyld[5532]: move loaded to delayed: GeoServicesCore
dyld[5532]: move loaded to delayed: PhoneNumbers
dyld[5532]: move loaded to delayed: LocationLogEncryption
dyld[5532]: move loaded to delayed: AVFAudio
dyld[5532]: move loaded to delayed: AVRouting
dyld[5532]: move loaded to delayed: libAccessibility.dylib
dyld[5532]: move loaded to delayed: MediaServices
dyld[5532]: move loaded to delayed: IDS
dyld[5532]: move loaded to delayed: IsolatedCoreAudioClient
dyld[5532]: move loaded to delayed: CoreAudioOrchestration
dyld[5532]: move loaded to delayed: MediaToolbox
dyld[5532]: move loaded to delayed: CoreAVCHD
dyld[5532]: move loaded to delayed: MediaAccessibility
dyld[5532]: move loaded to delayed: Mangrove
dyld[5532]: move loaded to delayed: CMPhoto
dyld[5532]: move loaded to delayed: CoreTelephony
dyld[5532]: move loaded to delayed: CoreAUC
dyld[5532]: move loaded to delayed: AppleJPEGXL
dyld[5532]: move loaded to delayed: libTelephonyUtilDynamic.dylib
dyld[5532]: move loaded to delayed: CryptoKit
dyld[5532]: move loaded to delayed: CryptoKitCBridging
dyld[5532]: move loaded to delayed: CryptoTokenKit
dyld[5532]: move loaded to delayed: LocalAuthentication
dyld[5532]: move loaded to delayed: LocalAuthenticationCore
dyld[5532]: move loaded to delayed: LocalAuthenticationCredentialServices
dyld[5532]: move loaded to delayed: SharedUtils
dyld[5532]: move loaded to delayed: PersistentConnection
dyld[5532]: move loaded to delayed: SonicFoundation
dyld[5532]: move loaded to delayed: AsyncAlgorithmsInternal
dyld[5532]: move loaded to delayed: FTAWD
dyld[5532]: move loaded to delayed: Dendrite
dyld[5532]: move loaded to delayed: libtailspin.dylib
dyld[5532]: move loaded to delayed: Osprey
dyld[5532]: move loaded to delayed: SiriTTS
dyld[5532]: move loaded to delayed: NaturalLanguage
dyld[5532]: move loaded to delayed: GenerativeModels
dyld[5532]: move loaded to delayed: SiriPowerInstrumentation
dyld[5532]: move loaded to delayed: libswiftNaturalLanguage.dylib
dyld[5532]: move loaded to delayed: TailspinSymbolication
dyld[5532]: move loaded to delayed: Darwinup
dyld[5532]: move loaded to delayed: SignpostSupport
dyld[5532]: move loaded to delayed: FeatureFlagsSupport
dyld[5532]: move loaded to delayed: ktrace
dyld[5532]: move loaded to delayed: SampleAnalysis
dyld[5532]: move loaded to delayed: kperfdata
dyld[5532]: move loaded to delayed: libdscsym.dylib
dyld[5532]: move loaded to delayed: AppleMobileFileIntegrity
dyld[5532]: move loaded to delayed: BulkSymbolication
dyld[5532]: move loaded to delayed: libTLE.dylib
dyld[5532]: move loaded to delayed: libmis.dylib
dyld[5532]: move loaded to delayed: ConfigProfileHelper
dyld[5532]: move loaded to delayed: Espresso
dyld[5532]: move loaded to delayed: CoreML
dyld[5532]: move loaded to delayed: libedit.3.dylib
dyld[5532]: move loaded to delayed: ANECompiler
dyld[5532]: move loaded to delayed: AppleNeuralEngine
dyld[5532]: move loaded to delayed: MIL
dyld[5532]: move loaded to delayed: MetalPerformanceShadersGraph
dyld[5532]: move loaded to delayed: MLCompilerServices
dyld[5532]: move loaded to delayed: ANEServices
dyld[5532]: move loaded to delayed: libncurses.5.4.dylib
dyld[5532]: move loaded to delayed: libsandbox.1.dylib
dyld[5532]: move loaded to delayed: libMatch.1.dylib
dyld[5532]: move loaded to delayed: ODIE
dyld[5532]: move loaded to delayed: MLModelAsset
dyld[5532]: move loaded to delayed: MLCompilerRuntime
dyld[5532]: move loaded to delayed: MLCompute
dyld[5532]: move loaded to delayed: MLAssetIO
dyld[5532]: move loaded to delayed: libswiftMLCompute.dylib
dyld[5532]: move loaded to delayed: AVFCore
dyld[5532]: move loaded to delayed: AVFCapture
dyld[5532]: move loaded to delayed: CMImaging
dyld[5532]: move loaded to delayed: Quagga
dyld[5532]: move loaded to delayed: CMCapture
dyld[5532]: move loaded to delayed: CoreMediaIO
dyld[5532]: move loaded to delayed: CMCaptureDevice
dyld[5532]: move loaded to delayed: CoreBrightness
dyld[5532]: move loaded to delayed: CinematicFraming
dyld[5532]: move loaded to delayed: ModelManagerServices
dyld[5532]: move loaded to delayed: CPMS
dyld[5532]: move loaded to delayed: SystemStatus
dyld[5532]: move loaded to delayed: CoreMotion
dyld[5532]: move loaded to delayed: TimeSync
dyld[5532]: move loaded to delayed: DistributedSensing
dyld[5532]: move loaded to delayed: MobileBluetooth
dyld[5532]: move loaded to delayed: IOKitten
dyld[5532]: move loaded to delayed: AppleIntelligenceReporting
dyld[5532]: move loaded to delayed: CoreEmoji
dyld[5532]: move loaded to delayed: libCRFSuite.dylib
dyld[5532]: move loaded to delayed: LanguageModeling
dyld[5532]: move loaded to delayed: CoreNLP
dyld[5532]: move loaded to delayed: Montreal
dyld[5532]: move loaded to delayed: libcmph.dylib
dyld[5532]: move loaded to delayed: libmecab.dylib
dyld[5532]: move loaded to delayed: libThaiTokenizer.dylib
dyld[5532]: move loaded to delayed: GenerativeModelsFoundation
dyld[5532]: move loaded to delayed: TokenGeneration
dyld[5532]: move loaded to delayed: GenerativeFunctions
dyld[5532]: move loaded to delayed: GenerativeFunctionsFoundation
dyld[5532]: move loaded to delayed: ModelCatalog
dyld[5532]: move loaded to delayed: SensitiveContentAnalysisML
dyld[5532]: move loaded to delayed: GenerativeFunctionsInstrumentation
dyld[5532]: move loaded to delayed: PromptKit
dyld[5532]: move loaded to delayed: ProactiveDaemonSupport
dyld[5532]: move loaded to delayed: TokenGenerationCore
dyld[5532]: move loaded to delayed: Trial
dyld[5532]: move loaded to delayed: TrialProto
dyld[5532]: move loaded to delayed: AppleFlatBuffers
dyld[5532]: move loaded to delayed: SentencePieceInternal
dyld[5532]: move loaded to delayed: Vision
dyld[5532]: move loaded to delayed: CoreSceneUnderstanding
dyld[5532]: move loaded to delayed: VisionCore
dyld[5532]: move loaded to delayed: DataDetectorsCore
dyld[5532]: move loaded to delayed: libfaceCore.dylib
dyld[5532]: move loaded to delayed: Futhark
dyld[5532]: move loaded to delayed: InertiaCam
dyld[5532]: move loaded to delayed: TextRecognition
dyld[5532]: move loaded to delayed: DataDetection
dyld[5532]: move loaded to delayed: TextInput
dyld[5532]: move loaded to delayed: CVNLP
dyld[5532]: move loaded to delayed: IntentsFoundation
dyld[5532]: move loaded to delayed: HIDDisplay
dyld[5532]: move loaded to delayed: libcups.2.dylib
dyld[5532]: move loaded to delayed: Kerberos
dyld[5532]: move loaded to delayed: libresolv.9.dylib
dyld[5532]: move loaded to delayed: Heimdal
dyld[5532]: move loaded to delayed: libHeimdalProxy.dylib
dyld[5532]: move loaded to delayed: CommonAuth
dyld[5532]: move loaded to delayed: AXCoreUtilities
dyld[5532]: move loaded to delayed: AttributeGraph
dyld[5532]: move loaded to delayed: libAXSafeCategoryBundle.dylib
dyld[5532]: move loaded to delayed: TabularData
dyld[5532]: move loaded to delayed: ArgumentParserInternal
dyld[5532]: move loaded to delayed: libvDSP.dylib
dyld[5532]: move loaded to delayed: libLAPACK.dylib
dyld[5532]: move loaded to delayed: libLinearAlgebra.dylib
dyld[5532]: move loaded to delayed: libSparseBLAS.dylib
dyld[5532]: move loaded to delayed: libQuadrature.dylib
dyld[5532]: move loaded to delayed: libBNNS.dylib
dyld[5532]: move loaded to delayed: libSparse.dylib
dyld[5532]: move loaded to delayed: ApplePushService
dyld[5532]: move loaded to delayed: CloudKit
dyld[5532]: move loaded to delayed: CoreDuetDaemonProtocol
dyld[5532]: move loaded to delayed: DeviceIdentity
dyld[5532]: move loaded to delayed: SharedWithYouCore
dyld[5532]: move loaded to delayed: CloudTelemetry
dyld[5532]: move loaded to delayed: AppleAccount
dyld[5532]: move loaded to delayed: C2
dyld[5532]: move loaded to delayed: CloudCoreInternal
dyld[5532]: move loaded to delayed: CloudAsset
dyld[5532]: move loaded to delayed: PushKit
dyld[5532]: move loaded to delayed: CoreTransferable
dyld[5532]: move loaded to delayed: NetAuth
dyld[5532]: move loaded to delayed: loginsupport
dyld[5532]: move loaded to delayed: CloudTelemetryTools
dyld[5532]: move loaded to delayed: CloudTelemetryShared.dylib
dyld[5532]: move loaded to delayed: RTCReporting
dyld[5532]: move loaded to delayed: AAAFoundationSwift
dyld[5532]: move loaded to delayed: AppleIDSSOAuthentication
dyld[5532]: move loaded to delayed: UIFoundation
dyld[5532]: move loaded to delayed: CaptiveNetwork
dyld[5532]: move loaded to delayed: EAP8021X
dyld[5532]: move loaded to delayed: CryptoKitPrivate
dyld[5532]: move loaded to delayed: FindMyDevice
dyld[5532]: move loaded to delayed: FMCoreLite
dyld[5532]: move loaded to delayed: ServiceManagement
dyld[5532]: move loaded to delayed: libCheckFix.dylib
dyld[5532]: move loaded to delayed: MetadataUtilities
dyld[5532]: move loaded to delayed: InstalledContentLibrary
dyld[5532]: move loaded to delayed: CoreServicesStore
dyld[5532]: move loaded to delayed: libapp_launch_measurement.dylib
dyld[5532]: move loaded to delayed: MobileSystemServices
dyld[5532]: move loaded to delayed: libxslt.1.dylib
dyld[5532]: move loaded to delayed: BackgroundTaskManagement
dyld[5532]: move loaded to delayed: libcurl.4.dylib
dyld[5532]: move loaded to delayed: libcrypto.46.dylib
dyld[5532]: move loaded to delayed: libssl.48.dylib
dyld[5532]: move loaded to delayed: LDAP
dyld[5532]: move loaded to delayed: TrustEvaluationAgent
dyld[5532]: move loaded to delayed: libsasl2.2.dylib
FTS late-verify recovery passed
{"command": ["_build/sanitizers-clt21/tests/fts_failure_recovery", "late-verify", "/private/tmp/aphid-fts-sanitizer-late-native/graph"], "cwd": "/Users/catethos/workspace/ladybugex/zig_library", "exit": 0, "seconds": 0.347}
