{"command": ["git", "apply", "/Users/catethos/workspace/ladybugex/zig_library/native/patches/candidates/float-sort-key-alignment.patch"], "cwd": "/Users/catethos/workspace/ladybugex/zig_library/_build/hardening-asan/source", "exit": 0, "seconds": 0.042}
{"patch": "/Users/catethos/workspace/ladybugex/zig_library/native/patches/candidates/float-sort-key-alignment.patch", "sha256": "cd960b9b8e2d6ee2951924da53b1a96d097fa84e704b8a64aea807fc1defc7e0"}
{"command": ["git", "apply", "/Users/catethos/workspace/ladybugex/zig_library/native/patches/candidates/int128-add-carry.patch"], "cwd": "/Users/catethos/workspace/ladybugex/zig_library/_build/hardening-asan/source", "exit": 0, "seconds": 0.02}
{"patch": "/Users/catethos/workspace/ladybugex/zig_library/native/patches/candidates/int128-add-carry.patch", "sha256": "25a0e7380d723a034c903f9cf136f248474c4cf959412ec2378a1d50340b1cba"}
{"command": ["git", "apply", "/Users/catethos/workspace/ladybugex/zig_library/native/patches/candidates/int128-negate-overflow.patch"], "cwd": "/Users/catethos/workspace/ladybugex/zig_library/_build/hardening-asan/source", "exit": 0, "seconds": 0.021}
{"patch": "/Users/catethos/workspace/ladybugex/zig_library/native/patches/candidates/int128-negate-overflow.patch", "sha256": "dc8170526908f1323f397d09dcc824e3d287199847f42252bc6c7044aed2eb6c"}
-- The CXX compiler identification is AppleClang 21.0.0.21000101
-- The C compiler identification is AppleClang 21.0.0.21000101
-- Detecting CXX compiler ABI info
-- Detecting CXX compiler ABI info - done
-- Check for working CXX compiler: /Library/Developer/CommandLineTools/usr/bin/clang++ - skipped
-- Detecting CXX compile features
-- Detecting CXX compile features - done
-- Detecting C compiler ABI info
-- Detecting C compiler ABI info - done
-- Check for working C compiler: /Library/Developer/CommandLineTools/usr/bin/clang - skipped
-- Detecting C compile features
-- Detecting C compile features - done
-- Multi-threaded mode is enabled: CMAKE_BUILD_PARALLEL_LEVEL=
-- Performing Test CMAKE_HAVE_LIBC_PTHREAD
-- Performing Test CMAKE_HAVE_LIBC_PTHREAD - Success
-- Found Threads: TRUE
-- 64-bit architecture detected
-- LBUG_PAGE_SIZE_LOG2: 12
-- LBUG_VECTOR_CAPACITY_LOG2: 11
-- LBUG_NODE_GROUP_SIZE_LOG2: 17
-- LBUG_MAX_SEGMENT_SIZE_LOG2: 18
-- Looking for F_FULLFSYNC
-- Looking for F_FULLFSYNC - found
-- Looking for fdatasync
-- Looking for fdatasync - not found
-- ✓ F_FULLFSYNC will be used on this platform
-- ✗ fdatasync not available, using fsync fallback
-- Build type is 'Release'
-- Performing Test BROTLI_EMSCRIPTEN
-- Performing Test BROTLI_EMSCRIPTEN - Failed
-- Compiler is not EMSCRIPTEN
-- Looking for log2 in m
-- Looking for log2 in m - found
-- Found OpenSSL: /Users/catethos/workspace/ladybugex/zig_library/_build/native/install/lib/libcrypto.a (found suitable version "3.6.4", minimum required is "3")
-- Static link extensions: fts, vector, duckdb
CMake Warning at extension/duckdb/CMakeLists.txt:45 (message):
  duckdb static libs are used but the duckdb_generated_extension_loader
  target was not exported by the DuckDB package - the build may fail to link


-- Query processor SIMD: NEON filter kernels enabled
-- Found Python3: /opt/homebrew/Frameworks/Python.framework/Versions/3.14/bin/python3.14 (found suitable version "3.14.7", required range is "3.9...4") found components: Interpreter
-- Configuring done (1.6s)
-- Generating done (0.4s)
-- Build files have been written to: /Users/catethos/workspace/ladybugex/zig_library/_build/hardening-asan/ladybug
{"command": ["cmake", "-S", "/Users/catethos/workspace/ladybugex/zig_library/_build/hardening-asan/source", "-B", "/Users/catethos/workspace/ladybugex/zig_library/_build/hardening-asan/ladybug", "-G", "Ninja", "-DCMAKE_BUILD_TYPE=Release", "-DCMAKE_OSX_DEPLOYMENT_TARGET=13.3", "-DCMAKE_EXPORT_COMPILE_COMMANDS=ON", "-DCMAKE_TOOLCHAIN_FILE=/Users/catethos/workspace/ladybugex/zig_library/native/cmake/sanitizer-clt21.cmake", "-DCMAKE_C_FLAGS=-fsanitize=address,undefined -fno-sanitize-recover=all -fno-omit-frame-pointer", "-DCMAKE_CXX_FLAGS=-fsanitize=address,undefined -fno-sanitize-recover=all -fno-omit-frame-pointer", "-DBUILD_SHELL=OFF", "-DBUILD_TESTS=OFF", "-DBUILD_SINGLE_FILE_HEADER=OFF", "-DEXTENSION_STATIC_LINK_LIST=fts;vector;duckdb", "-DBUILD_SHARED_LBUG=ON", "-DBUILD_STATIC_LBUG=ON", "-DDuckDB_DIR=/Users/catethos/workspace/ladybugex/zig_library/_build/sanitizers-clt21/duckdb", "-DOPENSSL_ROOT_DIR=/Users/catethos/workspace/ladybugex/zig_library/_build/native/install", "-DOPENSSL_USE_STATIC_LIBS=ON", "-DOPENSSL_SSL_LIBRARY=/Users/catethos/workspace/ladybugex/zig_library/_build/native/install/lib/libssl.a", "-DOPENSSL_CRYPTO_LIBRARY=/Users/catethos/workspace/ladybugex/zig_library/_build/native/install/lib/libcrypto.a", "-DOPENSSL_INCLUDE_DIR=/Users/catethos/workspace/ladybugex/zig_library/_build/native/install/include"], "cwd": "/Users/catethos/workspace/ladybugex/zig_library", "exit": 0, "seconds": 2.095}
[0/2] Re-checking globbed directories...
[1/1186] Building CXX object third_party/antlr4_runtime/CMakeFiles/antlr4_runtime.dir/src/ANTLRErrorListener.cpp.o
[2/1186] Building CXX object third_party/antlr4_runtime/CMakeFiles/antlr4_runtime.dir/src/ANTLRErrorStrategy.cpp.o
[3/1186] Building CXX object third_party/antlr4_runtime/CMakeFiles/antlr4_runtime.dir/src/ANTLRFileStream.cpp.o
[4/1186] Building CXX object third_party/antlr4_runtime/CMakeFiles/antlr4_runtime.dir/src/ANTLRInputStream.cpp.o
[5/1186] Building CXX object third_party/antlr4_runtime/CMakeFiles/antlr4_runtime.dir/src/atn/ActionTransition.cpp.o
[6/1186] Building CXX object third_party/antlr4_runtime/CMakeFiles/antlr4_runtime.dir/src/atn/AmbiguityInfo.cpp.o
[7/1186] Building CXX object third_party/antlr4_runtime/CMakeFiles/antlr4_runtime.dir/src/atn/ATNConfig.cpp.o
[8/1186] Building CXX object third_party/antlr4_runtime/CMakeFiles/antlr4_runtime.dir/src/atn/ArrayPredictionContext.cpp.o
[9/1186] Building CXX object third_party/antlr4_runtime/CMakeFiles/antlr4_runtime.dir/src/atn/ATN.cpp.o
[10/1186] Building CXX object third_party/antlr4_runtime/CMakeFiles/antlr4_runtime.dir/src/atn/ATNConfigSet.cpp.o
[11/1186] Building CXX object third_party/antlr4_runtime/CMakeFiles/antlr4_runtime.dir/src/atn/ATNDeserializationOptions.cpp.o
[12/1186] Building CXX object third_party/antlr4_runtime/CMakeFiles/antlr4_runtime.dir/src/atn/ATNSimulator.cpp.o
[13/1186] Building CXX object third_party/antlr4_runtime/CMakeFiles/antlr4_runtime.dir/src/atn/ATNDeserializer.cpp.o
[14/1186] Building CXX object third_party/antlr4_runtime/CMakeFiles/antlr4_runtime.dir/src/atn/ATNState.cpp.o
[15/1186] Building CXX object third_party/antlr4_runtime/CMakeFiles/antlr4_runtime.dir/src/atn/ATNStateType.cpp.o
[16/1186] Building CXX object third_party/antlr4_runtime/CMakeFiles/antlr4_runtime.dir/src/atn/AtomTransition.cpp.o
[17/1186] Building CXX object third_party/antlr4_runtime/CMakeFiles/antlr4_runtime.dir/src/atn/ContextSensitivityInfo.cpp.o
[18/1186] Building CXX object third_party/antlr4_runtime/CMakeFiles/antlr4_runtime.dir/src/atn/DecisionEventInfo.cpp.o
[19/1186] Building CXX object third_party/antlr4_runtime/CMakeFiles/antlr4_runtime.dir/src/atn/DecisionInfo.cpp.o
[20/1186] Building CXX object third_party/antlr4_runtime/CMakeFiles/antlr4_runtime.dir/src/atn/DecisionState.cpp.o
[21/1186] Building CXX object third_party/antlr4_runtime/CMakeFiles/antlr4_runtime.dir/src/atn/EpsilonTransition.cpp.o
[22/1186] Building CXX object third_party/antlr4_runtime/CMakeFiles/antlr4_runtime.dir/src/atn/ErrorInfo.cpp.o
[23/1186] Building CXX object third_party/antlr4_runtime/CMakeFiles/antlr4_runtime.dir/src/atn/LexerAction.cpp.o
[24/1186] Building CXX object third_party/antlr4_runtime/CMakeFiles/antlr4_runtime.dir/src/atn/LexerActionExecutor.cpp.o
[25/1186] Building CXX object third_party/antlr4_runtime/CMakeFiles/antlr4_runtime.dir/src/atn/LexerATNConfig.cpp.o
[26/1186] Building CXX object third_party/antlr4_runtime/CMakeFiles/antlr4_runtime.dir/src/atn/LexerChannelAction.cpp.o
[27/1186] Building CXX object third_party/antlr4_runtime/CMakeFiles/antlr4_runtime.dir/src/atn/LexerATNSimulator.cpp.o
[28/1186] Building CXX object third_party/antlr4_runtime/CMakeFiles/antlr4_runtime.dir/src/atn/LexerCustomAction.cpp.o
[29/1186] Building CXX object third_party/antlr4_runtime/CMakeFiles/antlr4_runtime.dir/src/atn/LexerIndexedCustomAction.cpp.o
[30/1186] Building CXX object third_party/antlr4_runtime/CMakeFiles/antlr4_runtime.dir/src/atn/LexerModeAction.cpp.o
[31/1186] Building CXX object third_party/antlr4_runtime/CMakeFiles/antlr4_runtime.dir/src/atn/LexerMoreAction.cpp.o
[32/1186] Building CXX object third_party/antlr4_runtime/CMakeFiles/antlr4_runtime.dir/src/atn/LexerPopModeAction.cpp.o
[33/1186] Building CXX object third_party/antlr4_runtime/CMakeFiles/antlr4_runtime.dir/src/atn/LexerPushModeAction.cpp.o
[34/1186] Building CXX object third_party/antlr4_runtime/CMakeFiles/antlr4_runtime.dir/src/atn/LexerSkipAction.cpp.o
[35/1186] Building CXX object third_party/antlr4_runtime/CMakeFiles/antlr4_runtime.dir/src/atn/LexerTypeAction.cpp.o
[36/1186] Building CXX object third_party/antlr4_runtime/CMakeFiles/antlr4_runtime.dir/src/atn/LL1Analyzer.cpp.o
[37/1186] Building CXX object third_party/antlr4_runtime/CMakeFiles/antlr4_runtime.dir/src/atn/LookaheadEventInfo.cpp.o
[38/1186] Building CXX object third_party/antlr4_runtime/CMakeFiles/antlr4_runtime.dir/src/atn/NotSetTransition.cpp.o
[39/1186] Building CXX object third_party/antlr4_runtime/CMakeFiles/antlr4_runtime.dir/src/atn/OrderedATNConfigSet.cpp.o
[40/1186] Building CXX object third_party/antlr4_runtime/CMakeFiles/antlr4_runtime.dir/src/atn/ParseInfo.cpp.o
[41/1186] Building CXX object third_party/antlr4_runtime/CMakeFiles/antlr4_runtime.dir/src/atn/PrecedencePredicateTransition.cpp.o
[42/1186] Building CXX object third_party/antlr4_runtime/CMakeFiles/antlr4_runtime.dir/src/atn/PredicateEvalInfo.cpp.o
[43/1186] Building CXX object third_party/antlr4_runtime/CMakeFiles/antlr4_runtime.dir/src/atn/ParserATNSimulator.cpp.o
[44/1186] Building CXX object third_party/antlr4_runtime/CMakeFiles/antlr4_runtime.dir/src/atn/PredicateTransition.cpp.o
[45/1186] Building CXX object third_party/antlr4_runtime/CMakeFiles/antlr4_runtime.dir/src/atn/PredictionContextCache.cpp.o
[46/1186] Building CXX object third_party/antlr4_runtime/CMakeFiles/antlr4_runtime.dir/src/atn/PredictionContextMergeCache.cpp.o
[47/1186] Building CXX object third_party/antlr4_runtime/CMakeFiles/antlr4_runtime.dir/src/atn/PredictionContext.cpp.o
[48/1186] Building CXX object third_party/antlr4_runtime/CMakeFiles/antlr4_runtime.dir/src/atn/PredictionMode.cpp.o
[49/1186] Building CXX object third_party/antlr4_runtime/CMakeFiles/antlr4_runtime.dir/src/atn/RangeTransition.cpp.o
[50/1186] Building CXX object third_party/antlr4_runtime/CMakeFiles/antlr4_runtime.dir/src/atn/ProfilingATNSimulator.cpp.o
[51/1186] Building CXX object third_party/antlr4_runtime/CMakeFiles/antlr4_runtime.dir/src/atn/RuleTransition.cpp.o
[52/1186] Building CXX object third_party/antlr4_runtime/CMakeFiles/antlr4_runtime.dir/src/atn/SetTransition.cpp.o
[53/1186] Building CXX object third_party/antlr4_runtime/CMakeFiles/antlr4_runtime.dir/src/atn/SemanticContext.cpp.o
[54/1186] Building CXX object third_party/antlr4_runtime/CMakeFiles/antlr4_runtime.dir/src/atn/SingletonPredictionContext.cpp.o
[55/1186] Building CXX object third_party/antlr4_runtime/CMakeFiles/antlr4_runtime.dir/src/atn/StarLoopbackState.cpp.o
[56/1186] Building CXX object third_party/antlr4_runtime/CMakeFiles/antlr4_runtime.dir/src/atn/Transition.cpp.o
[57/1186] Building CXX object third_party/antlr4_runtime/CMakeFiles/antlr4_runtime.dir/src/atn/TransitionType.cpp.o
[58/1186] Building CXX object third_party/antlr4_runtime/CMakeFiles/antlr4_runtime.dir/src/atn/WildcardTransition.cpp.o
[59/1186] Building CXX object third_party/antlr4_runtime/CMakeFiles/antlr4_runtime.dir/src/BailErrorStrategy.cpp.o
[60/1186] Building CXX object third_party/antlr4_runtime/CMakeFiles/antlr4_runtime.dir/src/BaseErrorListener.cpp.o
[61/1186] Building CXX object third_party/antlr4_runtime/CMakeFiles/antlr4_runtime.dir/src/CharStream.cpp.o
[62/1186] Building CXX object third_party/antlr4_runtime/CMakeFiles/antlr4_runtime.dir/src/BufferedTokenStream.cpp.o
[63/1186] Building CXX object third_party/antlr4_runtime/CMakeFiles/antlr4_runtime.dir/src/CommonToken.cpp.o
[64/1186] Building CXX object third_party/antlr4_runtime/CMakeFiles/antlr4_runtime.dir/src/CommonTokenFactory.cpp.o
[65/1186] Building CXX object third_party/antlr4_runtime/CMakeFiles/antlr4_runtime.dir/src/CommonTokenStream.cpp.o
[66/1186] Building CXX object third_party/antlr4_runtime/CMakeFiles/antlr4_runtime.dir/src/ConsoleErrorListener.cpp.o
[67/1186] Building CXX object third_party/antlr4_runtime/CMakeFiles/antlr4_runtime.dir/src/DefaultErrorStrategy.cpp.o
[68/1186] Building CXX object third_party/antlr4_runtime/CMakeFiles/antlr4_runtime.dir/src/dfa/DFA.cpp.o
[69/1186] Building CXX object third_party/antlr4_runtime/CMakeFiles/antlr4_runtime.dir/src/dfa/DFASerializer.cpp.o
[70/1186] Building CXX object third_party/antlr4_runtime/CMakeFiles/antlr4_runtime.dir/src/dfa/DFAState.cpp.o
[71/1186] Building CXX object third_party/antlr4_runtime/CMakeFiles/antlr4_runtime.dir/src/dfa/LexerDFASerializer.cpp.o
[72/1186] Building CXX object third_party/antlr4_runtime/CMakeFiles/antlr4_runtime.dir/src/DiagnosticErrorListener.cpp.o
[73/1186] Building CXX object third_party/antlr4_runtime/CMakeFiles/antlr4_runtime.dir/src/Exceptions.cpp.o
[74/1186] Building CXX object third_party/antlr4_runtime/CMakeFiles/antlr4_runtime.dir/src/FailedPredicateException.cpp.o
[75/1186] Building CXX object third_party/antlr4_runtime/CMakeFiles/antlr4_runtime.dir/src/InputMismatchException.cpp.o
[76/1186] Building CXX object third_party/antlr4_runtime/CMakeFiles/antlr4_runtime.dir/src/internal/Synchronization.cpp.o
[77/1186] Building CXX object third_party/antlr4_runtime/CMakeFiles/antlr4_runtime.dir/src/InterpreterRuleContext.cpp.o
[78/1186] Building CXX object third_party/antlr4_runtime/CMakeFiles/antlr4_runtime.dir/src/IntStream.cpp.o
[79/1186] Building CXX object third_party/antlr4_runtime/CMakeFiles/antlr4_runtime.dir/src/Lexer.cpp.o
[80/1186] Building CXX object third_party/antlr4_runtime/CMakeFiles/antlr4_runtime.dir/src/LexerInterpreter.cpp.o
[81/1186] Building CXX object third_party/antlr4_runtime/CMakeFiles/antlr4_runtime.dir/src/LexerNoViableAltException.cpp.o
[82/1186] Building CXX object third_party/antlr4_runtime/CMakeFiles/antlr4_runtime.dir/src/ListTokenSource.cpp.o
[83/1186] Building CXX object third_party/antlr4_runtime/CMakeFiles/antlr4_runtime.dir/src/misc/Interval.cpp.o
[84/1186] Building CXX object third_party/antlr4_runtime/CMakeFiles/antlr4_runtime.dir/src/misc/InterpreterDataReader.cpp.o
[85/1186] Building CXX object third_party/antlr4_runtime/CMakeFiles/antlr4_runtime.dir/src/misc/MurmurHash.cpp.o
[86/1186] Building CXX object third_party/antlr4_runtime/CMakeFiles/antlr4_runtime.dir/src/misc/IntervalSet.cpp.o
[87/1186] Building CXX object third_party/antlr4_runtime/CMakeFiles/antlr4_runtime.dir/src/misc/Predicate.cpp.o
[88/1186] Building CXX object third_party/antlr4_runtime/CMakeFiles/antlr4_runtime.dir/src/NoViableAltException.cpp.o
[89/1186] Building CXX object third_party/antlr4_runtime/CMakeFiles/antlr4_runtime.dir/src/Parser.cpp.o
[90/1186] Building CXX object third_party/antlr4_runtime/CMakeFiles/antlr4_runtime.dir/src/ParserInterpreter.cpp.o
[91/1186] Building CXX object third_party/antlr4_runtime/CMakeFiles/antlr4_runtime.dir/src/ParserRuleContext.cpp.o
[92/1186] Building CXX object third_party/antlr4_runtime/CMakeFiles/antlr4_runtime.dir/src/ProxyErrorListener.cpp.o
[93/1186] Building CXX object third_party/antlr4_runtime/CMakeFiles/antlr4_runtime.dir/src/RecognitionException.cpp.o
[94/1186] Building CXX object third_party/antlr4_runtime/CMakeFiles/antlr4_runtime.dir/src/Recognizer.cpp.o
[95/1186] Building CXX object third_party/antlr4_runtime/CMakeFiles/antlr4_runtime.dir/src/RuleContext.cpp.o
[96/1186] Building CXX object third_party/antlr4_runtime/CMakeFiles/antlr4_runtime.dir/src/RuleContextWithAltNum.cpp.o
[97/1186] Building CXX object third_party/antlr4_runtime/CMakeFiles/antlr4_runtime.dir/src/RuntimeMetaData.cpp.o
[98/1186] Building CXX object third_party/antlr4_runtime/CMakeFiles/antlr4_runtime.dir/src/support/Any.cpp.o
[99/1186] Building CXX object third_party/antlr4_runtime/CMakeFiles/antlr4_runtime.dir/src/support/Arrays.cpp.o
[100/1186] Building CXX object third_party/antlr4_runtime/CMakeFiles/antlr4_runtime.dir/src/support/StringUtils.cpp.o
[101/1186] Building CXX object third_party/antlr4_runtime/CMakeFiles/antlr4_runtime.dir/src/support/CPPUtils.cpp.o
[102/1186] Building CXX object third_party/antlr4_runtime/CMakeFiles/antlr4_runtime.dir/src/Token.cpp.o
[103/1186] Building CXX object third_party/antlr4_runtime/CMakeFiles/antlr4_runtime.dir/src/support/Utf8.cpp.o
[104/1186] Building CXX object third_party/antlr4_runtime/CMakeFiles/antlr4_runtime.dir/src/TokenSource.cpp.o
[105/1186] Building CXX object third_party/antlr4_runtime/CMakeFiles/antlr4_runtime.dir/src/TokenStream.cpp.o
[106/1186] Building CXX object third_party/antlr4_runtime/CMakeFiles/antlr4_runtime.dir/src/tree/ErrorNodeImpl.cpp.o
[107/1186] Building CXX object third_party/antlr4_runtime/CMakeFiles/antlr4_runtime.dir/src/tree/IterativeParseTreeWalker.cpp.o
[108/1186] Building CXX object third_party/antlr4_runtime/CMakeFiles/antlr4_runtime.dir/src/TokenStreamRewriter.cpp.o
[109/1186] Building CXX object third_party/antlr4_runtime/CMakeFiles/antlr4_runtime.dir/src/tree/ParseTree.cpp.o
[110/1186] Building CXX object third_party/antlr4_runtime/CMakeFiles/antlr4_runtime.dir/src/tree/ParseTreeListener.cpp.o
[111/1186] Building CXX object third_party/antlr4_runtime/CMakeFiles/antlr4_runtime.dir/src/tree/ParseTreeVisitor.cpp.o
[112/1186] Building CXX object third_party/antlr4_runtime/CMakeFiles/antlr4_runtime.dir/src/tree/ParseTreeWalker.cpp.o
[113/1186] Building CXX object third_party/antlr4_runtime/CMakeFiles/antlr4_runtime.dir/src/tree/pattern/Chunk.cpp.o
[114/1186] Building CXX object third_party/antlr4_runtime/CMakeFiles/antlr4_runtime.dir/src/tree/pattern/ParseTreeMatch.cpp.o
[115/1186] Building CXX object third_party/antlr4_runtime/CMakeFiles/antlr4_runtime.dir/src/tree/pattern/ParseTreePattern.cpp.o
[116/1186] Building CXX object third_party/antlr4_runtime/CMakeFiles/antlr4_runtime.dir/src/tree/pattern/RuleTagToken.cpp.o
[117/1186] Building CXX object third_party/antlr4_runtime/CMakeFiles/antlr4_runtime.dir/src/tree/pattern/ParseTreePatternMatcher.cpp.o
[118/1186] Building CXX object third_party/antlr4_runtime/CMakeFiles/antlr4_runtime.dir/src/tree/pattern/TagChunk.cpp.o
[119/1186] Building CXX object third_party/antlr4_runtime/CMakeFiles/antlr4_runtime.dir/src/tree/pattern/TextChunk.cpp.o
[120/1186] Building CXX object third_party/antlr4_runtime/CMakeFiles/antlr4_runtime.dir/src/tree/pattern/TokenTagToken.cpp.o
[121/1186] Building CXX object third_party/antlr4_runtime/CMakeFiles/antlr4_runtime.dir/src/tree/TerminalNodeImpl.cpp.o
[122/1186] Building CXX object third_party/antlr4_runtime/CMakeFiles/antlr4_runtime.dir/src/tree/Trees.cpp.o
[123/1186] Building CXX object third_party/antlr4_runtime/CMakeFiles/antlr4_runtime.dir/src/tree/xpath/XPath.cpp.o
[124/1186] Building CXX object third_party/antlr4_runtime/CMakeFiles/antlr4_runtime.dir/src/tree/xpath/XPathElement.cpp.o
[125/1186] Building CXX object third_party/antlr4_runtime/CMakeFiles/antlr4_runtime.dir/src/tree/xpath/XPathLexer.cpp.o
[126/1186] Building CXX object third_party/antlr4_runtime/CMakeFiles/antlr4_runtime.dir/src/tree/xpath/XPathLexerErrorListener.cpp.o
[127/1186] Building CXX object third_party/antlr4_runtime/CMakeFiles/antlr4_runtime.dir/src/tree/xpath/XPathRuleAnywhereElement.cpp.o
[128/1186] Building CXX object third_party/antlr4_runtime/CMakeFiles/antlr4_runtime.dir/src/tree/xpath/XPathRuleElement.cpp.o
[129/1186] Building CXX object third_party/antlr4_runtime/CMakeFiles/antlr4_runtime.dir/src/tree/xpath/XPathTokenAnywhereElement.cpp.o
[130/1186] Building CXX object third_party/antlr4_runtime/CMakeFiles/antlr4_runtime.dir/src/tree/xpath/XPathTokenElement.cpp.o
[131/1186] Building CXX object third_party/antlr4_runtime/CMakeFiles/antlr4_runtime.dir/src/tree/xpath/XPathWildcardAnywhereElement.cpp.o
[132/1186] Building CXX object third_party/antlr4_runtime/CMakeFiles/antlr4_runtime.dir/src/tree/xpath/XPathWildcardElement.cpp.o
[133/1186] Building CXX object third_party/antlr4_runtime/CMakeFiles/antlr4_runtime.dir/src/UnbufferedCharStream.cpp.o
[134/1186] Building CXX object third_party/antlr4_runtime/CMakeFiles/antlr4_runtime.dir/src/UnbufferedTokenStream.cpp.o
[135/1186] Building CXX object third_party/antlr4_runtime/CMakeFiles/antlr4_runtime.dir/src/Vocabulary.cpp.o
[136/1186] Building C object third_party/brotli/CMakeFiles/brotlicommon.dir/c/common/constants.c.o
[137/1186] Building C object third_party/brotli/CMakeFiles/brotlicommon.dir/c/common/context.c.o
[138/1186] Building C object third_party/brotli/CMakeFiles/brotlicommon.dir/c/common/dictionary.c.o
[139/1186] Building C object third_party/brotli/CMakeFiles/brotlicommon.dir/c/common/platform.c.o
[140/1186] Building C object third_party/brotli/CMakeFiles/brotlicommon.dir/c/common/shared_dictionary.c.o
[141/1186] Building C object third_party/brotli/CMakeFiles/brotlicommon.dir/c/common/transform.c.o
[142/1186] Building CXX object third_party/antlr4_runtime/CMakeFiles/antlr4_runtime.dir/src/WritableToken.cpp.o
[143/1186] Linking C static library third_party/brotli/libbrotlicommon.a
[144/1186] Linking CXX static library third_party/antlr4_runtime/libantlr4_runtime.a
[145/1186] Building C object third_party/brotli/CMakeFiles/brotlidec.dir/c/dec/bit_reader.c.o
[146/1186] Generating /Users/catethos/workspace/ladybugex/zig_library/_build/hardening-asan/source/third_party/antlr4_cypher/cypher_lexer.cpp, /Users/catethos/workspace/ladybugex/zig_library/_build/hardening-asan/source/third_party/antlr4_cypher/cypher_parser.cpp, /Users/catethos/workspace/ladybugex/zig_library/_build/hardening-asan/source/third_party/antlr4_cypher/include/cypher_lexer.h, /Users/catethos/workspace/ladybugex/zig_library/_build/hardening-asan/source/third_party/antlr4_cypher/include/cypher_parser.h
-- Found Python3: /opt/homebrew/Frameworks/Python.framework/Versions/3.14/bin/python3.14 (found version "3.14.7") found components: Interpreter
[147/1186] Building C object third_party/brotli/CMakeFiles/brotlidec.dir/c/dec/decode.c.o
[148/1186] Building CXX object third_party/antlr4_cypher/CMakeFiles/antlr4_cypher.dir/cypher_lexer.cpp.o
[149/1186] Building C object third_party/brotli/CMakeFiles/brotlidec.dir/c/dec/huffman.c.o
[150/1186] Building C object third_party/brotli/CMakeFiles/brotlidec.dir/c/dec/state.c.o
[151/1186] Building CXX object third_party/antlr4_cypher/CMakeFiles/antlr4_cypher.dir/cypher_parser.cpp.o
[152/1186] Building CXX object third_party/lz4/CMakeFiles/lz4.dir/lz4.cpp.o
[153/1186] Building CXX object third_party/mbedtls/CMakeFiles/mbedtls.dir/library/aes.cpp.o
[154/1186] Building CXX object third_party/mbedtls/CMakeFiles/mbedtls.dir/library/aria.cpp.o
[155/1186] Building CXX object third_party/mbedtls/CMakeFiles/mbedtls.dir/library/asn1parse.cpp.o
[156/1186] Building CXX object third_party/mbedtls/CMakeFiles/mbedtls.dir/library/base64.cpp.o
[157/1186] Building CXX object third_party/mbedtls/CMakeFiles/mbedtls.dir/library/bignum.cpp.o
[158/1186] Building CXX object third_party/mbedtls/CMakeFiles/mbedtls.dir/library/camellia.cpp.o
[159/1186] Building CXX object third_party/mbedtls/CMakeFiles/mbedtls.dir/library/cipher.cpp.o
[160/1186] Building CXX object third_party/mbedtls/CMakeFiles/mbedtls.dir/library/cipher_wrap.cpp.o
[161/1186] Building CXX object third_party/mbedtls/CMakeFiles/mbedtls.dir/library/constant_time.cpp.o
[162/1186] Building CXX object third_party/mbedtls/CMakeFiles/mbedtls.dir/library/entropy.cpp.o
[163/1186] Building CXX object third_party/mbedtls/CMakeFiles/mbedtls.dir/library/entropy_poll.cpp.o
[164/1186] Building CXX object third_party/mbedtls/CMakeFiles/mbedtls.dir/library/gcm.cpp.o
[165/1186] Building CXX object third_party/mbedtls/CMakeFiles/mbedtls.dir/library/md.cpp.o
[166/1186] Building CXX object third_party/mbedtls/CMakeFiles/mbedtls.dir/library/oid.cpp.o
[167/1186] Building CXX object third_party/mbedtls/CMakeFiles/mbedtls.dir/library/pem.cpp.o
[168/1186] Building CXX object third_party/mbedtls/CMakeFiles/mbedtls.dir/library/pk.cpp.o
[169/1186] Building CXX object third_party/mbedtls/CMakeFiles/mbedtls.dir/library/pk_wrap.cpp.o
[170/1186] Building CXX object third_party/mbedtls/CMakeFiles/mbedtls.dir/library/pkparse.cpp.o
[171/1186] Building CXX object third_party/mbedtls/CMakeFiles/mbedtls.dir/library/platform_util.cpp.o
[172/1186] Building CXX object third_party/mbedtls/CMakeFiles/mbedtls.dir/library/rsa.cpp.o
[173/1186] Building CXX object third_party/mbedtls/CMakeFiles/mbedtls.dir/library/rsa_alt_helpers.cpp.o
[174/1186] Building CXX object third_party/mbedtls/CMakeFiles/mbedtls.dir/library/sha1.cpp.o
[175/1186] Building CXX object third_party/mbedtls/CMakeFiles/mbedtls.dir/library/sha256.cpp.o
[176/1186] Building CXX object third_party/mbedtls/CMakeFiles/mbedtls.dir/library/sha512.cpp.o
[177/1186] Building CXX object third_party/miniz/CMakeFiles/miniz.dir/miniz.cpp.o
[178/1186] Building CXX object third_party/parquet/CMakeFiles/parquet.dir/parquet_constants.cpp.o
[179/1186] Building CXX object third_party/parquet/CMakeFiles/parquet.dir/parquet_types.cpp.o
[180/1186] Building CXX object third_party/re2/CMakeFiles/re2.dir/bitstate.cpp.o
[181/1186] Building CXX object third_party/re2/CMakeFiles/re2.dir/compile.cpp.o
[182/1186] Building CXX object third_party/re2/CMakeFiles/re2.dir/dfa.cpp.o
[183/1186] Building CXX object third_party/re2/CMakeFiles/re2.dir/filtered_re2.cpp.o
[184/1186] Building CXX object third_party/re2/CMakeFiles/re2.dir/mimics_pcre.cpp.o
[185/1186] Building CXX object third_party/re2/CMakeFiles/re2.dir/nfa.cpp.o
[186/1186] Building CXX object third_party/re2/CMakeFiles/re2.dir/onepass.cpp.o
[187/1186] Building CXX object third_party/re2/CMakeFiles/re2.dir/parse.cpp.o
[188/1186] Building CXX object third_party/re2/CMakeFiles/re2.dir/perl_groups.cpp.o
[189/1186] Building CXX object third_party/re2/CMakeFiles/re2.dir/prefilter.cpp.o
[190/1186] Building CXX object third_party/re2/CMakeFiles/re2.dir/prefilter_tree.cpp.o
[191/1186] Building CXX object third_party/re2/CMakeFiles/re2.dir/prog.cpp.o
[192/1186] Building CXX object third_party/re2/CMakeFiles/re2.dir/re2.cpp.o
[193/1186] Building CXX object third_party/re2/CMakeFiles/re2.dir/regexp.cpp.o
[194/1186] Building CXX object third_party/re2/CMakeFiles/re2.dir/set.cpp.o
[195/1186] Building CXX object third_party/re2/CMakeFiles/re2.dir/simplify.cpp.o
[196/1186] Building CXX object third_party/re2/CMakeFiles/re2.dir/stringpiece.cpp.o
[197/1186] Building CXX object third_party/re2/CMakeFiles/re2.dir/tostring.cpp.o
[198/1186] Building CXX object third_party/re2/CMakeFiles/re2.dir/unicode_casefold.cpp.o
[199/1186] Building CXX object third_party/re2/CMakeFiles/re2.dir/unicode_groups.cpp.o
[200/1186] Building CXX object third_party/re2/CMakeFiles/re2.dir/rune.cpp.o
[201/1186] Building CXX object third_party/re2/CMakeFiles/re2.dir/strutil.cpp.o
[202/1186] Building CXX object third_party/fastpfor/CMakeFiles/fastpfor.dir/fastpfor/bitpacking.cpp.o
[203/1186] Building C object third_party/simsimd/CMakeFiles/simsimd.dir/lib.c.o
[204/1186] Building CXX object third_party/snappy/CMakeFiles/snappy.dir/snappy.cc.o
[205/1186] Building CXX object third_party/snappy/CMakeFiles/snappy.dir/snappy-sinksource.cc.o
[206/1186] Building CXX object third_party/thrift/CMakeFiles/thrift.dir/protocol/TProtocol.cpp.o
[207/1186] Building CXX object third_party/thrift/CMakeFiles/thrift.dir/transport/TTransportException.cpp.o
[208/1186] Building CXX object third_party/thrift/CMakeFiles/thrift.dir/transport/TBufferTransports.cpp.o
[209/1186] Building CXX object third_party/utf8proc/CMakeFiles/utf8proc.dir/utf8proc.cpp.o
[210/1186] Building C object third_party/roaring_bitmap/CMakeFiles/roaring_bitmap.dir/roaring.c.o
[211/1186] Building CXX object third_party/utf8proc/CMakeFiles/utf8proc.dir/utf8proc_wrapper.cpp.o
[212/1186] Building CXX object third_party/zstd/CMakeFiles/zstd.dir/common/entropy_common.cpp.o
[213/1186] Building CXX object third_party/zstd/CMakeFiles/zstd.dir/common/error_private.cpp.o
[214/1186] Building CXX object third_party/zstd/CMakeFiles/zstd.dir/common/fse_decompress.cpp.o
[215/1186] Building CXX object third_party/zstd/CMakeFiles/zstd.dir/common/xxhash.cpp.o
[216/1186] Building CXX object third_party/zstd/CMakeFiles/zstd.dir/common/zstd_common.cpp.o
[217/1186] Building CXX object third_party/zstd/CMakeFiles/zstd.dir/compress/fse_compress.cpp.o
[218/1186] Building CXX object third_party/zstd/CMakeFiles/zstd.dir/compress/hist.cpp.o
[219/1186] Building CXX object third_party/zstd/CMakeFiles/zstd.dir/compress/huf_compress.cpp.o
[220/1186] Building CXX object third_party/zstd/CMakeFiles/zstd.dir/compress/zstd_compress.cpp.o
[221/1186] Building CXX object third_party/zstd/CMakeFiles/zstd.dir/compress/zstd_compress_literals.cpp.o
[222/1186] Building CXX object third_party/zstd/CMakeFiles/zstd.dir/compress/zstd_compress_sequences.cpp.o
[223/1186] Building CXX object third_party/zstd/CMakeFiles/zstd.dir/compress/zstd_compress_superblock.cpp.o
[224/1186] Building CXX object third_party/zstd/CMakeFiles/zstd.dir/compress/zstd_double_fast.cpp.o
[225/1186] Building CXX object third_party/zstd/CMakeFiles/zstd.dir/compress/zstd_fast.cpp.o
[226/1186] Building C object third_party/yyjson/CMakeFiles/yyjson.dir/src/yyjson.c.o
[227/1186] Building CXX object third_party/zstd/CMakeFiles/zstd.dir/compress/zstd_lazy.cpp.o
[228/1186] Building CXX object third_party/zstd/CMakeFiles/zstd.dir/compress/zstd_ldm.cpp.o
[229/1186] Building CXX object third_party/zstd/CMakeFiles/zstd.dir/compress/zstd_preSplit.cpp.o
[230/1186] Building CXX object third_party/zstd/CMakeFiles/zstd.dir/compress/zstd_opt.cpp.o
[231/1186] Building CXX object third_party/zstd/CMakeFiles/zstd.dir/decompress/zstd_ddict.cpp.o
[232/1186] Building CXX object third_party/zstd/CMakeFiles/zstd.dir/decompress/huf_decompress.cpp.o
[233/1186] Building CXX object third_party/zstd/CMakeFiles/zstd.dir/decompress/zstd_decompress.cpp.o
[234/1186] Building C object extension/fts/third_party/snowball/CMakeFiles/snowball.dir/libstemmer/libstemmer.c.o
[235/1186] Building C object extension/fts/third_party/snowball/CMakeFiles/snowball.dir/runtime/utilities.c.o
[236/1186] Building C object extension/fts/third_party/snowball/CMakeFiles/snowball.dir/runtime/api.c.o
[237/1186] Building C object extension/fts/third_party/snowball/CMakeFiles/snowball.dir/src_c/stem_UTF_8_arabic.c.o
[238/1186] Building C object extension/fts/third_party/snowball/CMakeFiles/snowball.dir/src_c/stem_UTF_8_basque.c.o
[239/1186] Building CXX object third_party/zstd/CMakeFiles/zstd.dir/decompress/zstd_decompress_block.cpp.o
[240/1186] Building C object extension/fts/third_party/snowball/CMakeFiles/snowball.dir/src_c/stem_UTF_8_catalan.c.o
[241/1186] Building C object extension/fts/third_party/snowball/CMakeFiles/snowball.dir/src_c/stem_UTF_8_danish.c.o
[242/1186] Building C object extension/fts/third_party/snowball/CMakeFiles/snowball.dir/src_c/stem_UTF_8_dutch.c.o
[243/1186] Building C object extension/fts/third_party/snowball/CMakeFiles/snowball.dir/src_c/stem_UTF_8_english.c.o
[244/1186] Building C object extension/fts/third_party/snowball/CMakeFiles/snowball.dir/src_c/stem_UTF_8_finnish.c.o
[245/1186] Building C object extension/fts/third_party/snowball/CMakeFiles/snowball.dir/src_c/stem_UTF_8_german.c.o
[246/1186] Building C object extension/fts/third_party/snowball/CMakeFiles/snowball.dir/src_c/stem_UTF_8_french.c.o
[247/1186] Building C object extension/fts/third_party/snowball/CMakeFiles/snowball.dir/src_c/stem_UTF_8_german2.c.o
[248/1186] Building C object extension/fts/third_party/snowball/CMakeFiles/snowball.dir/src_c/stem_UTF_8_hindi.c.o
[249/1186] Building C object extension/fts/third_party/snowball/CMakeFiles/snowball.dir/src_c/stem_UTF_8_hungarian.c.o
[250/1186] Building C object extension/fts/third_party/snowball/CMakeFiles/snowball.dir/src_c/stem_UTF_8_indonesian.c.o
[251/1186] Building C object extension/fts/third_party/snowball/CMakeFiles/snowball.dir/src_c/stem_UTF_8_greek.c.o
[252/1186] Building C object extension/fts/third_party/snowball/CMakeFiles/snowball.dir/src_c/stem_UTF_8_irish.c.o
[253/1186] Building C object extension/fts/third_party/snowball/CMakeFiles/snowball.dir/src_c/stem_UTF_8_italian.c.o
[254/1186] Building C object extension/fts/third_party/snowball/CMakeFiles/snowball.dir/src_c/stem_UTF_8_lithuanian.c.o
[255/1186] Building C object extension/fts/third_party/snowball/CMakeFiles/snowball.dir/src_c/stem_UTF_8_kraaij_pohlmann.c.o
[256/1186] Building C object extension/fts/third_party/snowball/CMakeFiles/snowball.dir/src_c/stem_UTF_8_nepali.c.o
[257/1186] Building C object extension/fts/third_party/snowball/CMakeFiles/snowball.dir/src_c/stem_UTF_8_norwegian.c.o
[258/1186] Building C object extension/fts/third_party/snowball/CMakeFiles/snowball.dir/src_c/stem_UTF_8_lovins.c.o
[259/1186] Building C object extension/fts/third_party/snowball/CMakeFiles/snowball.dir/src_c/stem_UTF_8_porter.c.o
[260/1186] Building C object extension/fts/third_party/snowball/CMakeFiles/snowball.dir/src_c/stem_UTF_8_portuguese.c.o
[261/1186] Building C object extension/fts/third_party/snowball/CMakeFiles/snowball.dir/src_c/stem_UTF_8_romanian.c.o
[262/1186] Building C object extension/fts/third_party/snowball/CMakeFiles/snowball.dir/src_c/stem_UTF_8_russian.c.o
[263/1186] Building C object extension/fts/third_party/snowball/CMakeFiles/snowball.dir/src_c/stem_UTF_8_spanish.c.o
[264/1186] Building C object extension/fts/third_party/snowball/CMakeFiles/snowball.dir/src_c/stem_UTF_8_serbian.c.o
[265/1186] Building C object extension/fts/third_party/snowball/CMakeFiles/snowball.dir/src_c/stem_UTF_8_swedish.c.o
[266/1186] Building C object extension/fts/third_party/snowball/CMakeFiles/snowball.dir/src_c/stem_UTF_8_tamil.c.o
[267/1186] Linking CXX static library third_party/antlr4_cypher/libantlr4_cypher.a
[268/1186] Building C object extension/fts/third_party/snowball/CMakeFiles/snowball.dir/src_c/stem_UTF_8_turkish.c.o
[269/1186] Linking C static library third_party/brotli/libbrotlidec.a
[270/1186] Linking CXX static library third_party/fastpfor/libfastpfor.a
[271/1186] Linking CXX static library third_party/lz4/liblz4.a
[272/1186] Linking CXX static library third_party/mbedtls/libmbedtls.a
[273/1186] Linking CXX static library third_party/miniz/libminiz.a
[274/1186] Linking CXX static library third_party/parquet/libparquet.a
[275/1186] Linking CXX static library third_party/re2/libre2.a
[276/1186] Linking C static library third_party/roaring_bitmap/libroaring_bitmap.a
[277/1186] Linking C static library third_party/simsimd/libsimsimd.a
[278/1186] Linking CXX static library third_party/snappy/libsnappy.a
[279/1186] Linking CXX static library third_party/thrift/libthrift.a
[280/1186] Linking CXX static library third_party/utf8proc/libutf8proc.a
[281/1186] Linking C static library third_party/yyjson/libyyjson.a
[282/1186] Linking CXX static library third_party/zstd/libzstd.a
[283/1186] Building CXX object extension/duckdb/src/catalog/CMakeFiles/lbug_duckdb_catalog.dir/duckdb_table_catalog_entry.cpp.o
[284/1186] Building CXX object extension/duckdb/src/catalog/CMakeFiles/lbug_duckdb_catalog.dir/duckdb_catalog.cpp.o
[285/1186] Building CXX object extension/duckdb/src/connector/CMakeFiles/lbug_duckdb_connector.dir/duckdb_connector.cpp.o
[286/1186] Building CXX object extension/duckdb/src/connector/CMakeFiles/lbug_duckdb_connector.dir/local_duckdb_connector.cpp.o
[287/1186] Building CXX object extension/duckdb/src/connector/CMakeFiles/lbug_duckdb_connector.dir/remote_duckdb_connector.cpp.o
[288/1186] Building CXX object extension/duckdb/src/connector/CMakeFiles/lbug_duckdb_connector.dir/connector_factory.cpp.o
[289/1186] Building CXX object extension/duckdb/src/connector/CMakeFiles/lbug_duckdb_connector.dir/duckdb_secret_manager.cpp.o
[290/1186] Building CXX object extension/duckdb/src/connector/CMakeFiles/lbug_duckdb_connector.dir/duckdb_result_converter.cpp.o
[291/1186] Building CXX object extension/duckdb/src/connector/CMakeFiles/lbug_duckdb_connector.dir/duckdb_type_converter.cpp.o
[292/1186] Building CXX object extension/duckdb/src/main/CMakeFiles/duckdb_extension_main.dir/duckdb_extension.cpp.o
[293/1186] Building CXX object extension/duckdb/src/main/CMakeFiles/duckdb_extension_main.dir/duckdb_options.cpp.o
[294/1186] Building CXX object extension/duckdb/src/main/CMakeFiles/duckdb_extension_main.dir/__/__/__/httpfs/src/s3fs_config.cpp.o
[295/1186] Building CXX object extension/duckdb/src/function/CMakeFiles/lbug_duckdb_function.dir/clear_cache.cpp.o
[296/1186] Building CXX object extension/duckdb/src/function/CMakeFiles/lbug_duckdb_function.dir/duckdb_scan.cpp.o
[297/1186] Building CXX object extension/duckdb/src/storage/CMakeFiles/lbug_duckdb_storage.dir/duckdb_storage.cpp.o
[298/1186] Building CXX object extension/fts/src/catalog/CMakeFiles/lbug_fts_index_catalog.dir/fts_index_catalog_entry.cpp.o
[299/1186] Building CXX object extension/fts/src/function/CMakeFiles/lbug_fts_function.dir/create_fts_index.cpp.o
[300/1186] Building CXX object extension/fts/src/function/CMakeFiles/lbug_fts_function.dir/drop_fts_index.cpp.o
[301/1186] Building CXX object extension/fts/src/function/CMakeFiles/lbug_fts_function.dir/fts_config.cpp.o
[302/1186] Building CXX object extension/fts/src/function/CMakeFiles/lbug_fts_function.dir/fts_index_utils.cpp.o
[303/1186] Building CXX object extension/fts/src/function/CMakeFiles/lbug_fts_function.dir/query_fts_bind_data.cpp.o
[304/1186] Building CXX object extension/fts/src/function/CMakeFiles/lbug_fts_function.dir/stem.cpp.o
[305/1186] Building CXX object extension/fts/src/function/CMakeFiles/lbug_fts_function.dir/query_fts_index.cpp.o
[306/1186] Building CXX object extension/fts/src/main/CMakeFiles/fts_extension_main.dir/fts_extension.cpp.o
[307/1186] Building CXX object extension/fts/src/function/CMakeFiles/lbug_fts_function.dir/tokenize.cpp.o
[308/1186] Building CXX object extension/fts/src/index/CMakeFiles/lbug_fts_index.dir/fts_internal_table_info.cpp.o
[309/1186] Building CXX object extension/fts/src/index/CMakeFiles/lbug_fts_index.dir/fts_index.cpp.o
[310/1186] Building CXX object extension/fts/src/index/CMakeFiles/lbug_fts_index.dir/fts_update_state.cpp.o
[311/1186] Linking C static library extension/fts/third_party/snowball/libsnowball.a
[312/1186] Building CXX object extension/vector/src/catalog/CMakeFiles/lbug_hnsw_index_catalog.dir/hnsw_index_catalog_entry.cpp.o
[313/1186] Building CXX object extension/fts/src/utils/CMakeFiles/lbug_fts_utils.dir/fts_utils.cpp.o
[314/1186] Building CXX object extension/vector/src/function/CMakeFiles/lbug_hnsw_function.dir/drop_hnsw_index.cpp.o
[315/1186] Building CXX object extension/vector/src/function/CMakeFiles/lbug_hnsw_function.dir/create_hnsw_index.cpp.o
[316/1186] Building CXX object extension/vector/src/index/CMakeFiles/lbug_hnsw_index.dir/hnsw_config.cpp.o
[317/1186] Building CXX object extension/vector/src/function/CMakeFiles/lbug_hnsw_function.dir/query_hnsw_index.cpp.o
[318/1186] Building CXX object extension/vector/src/index/CMakeFiles/lbug_hnsw_index.dir/hnsw_index_utils.cpp.o
[319/1186] Building CXX object extension/vector/src/index/CMakeFiles/lbug_hnsw_index.dir/hnsw_rel_batch_insert.cpp.o
[320/1186] Building CXX object extension/vector/src/index/CMakeFiles/lbug_hnsw_index.dir/hnsw_index.cpp.o
[321/1186] Building CXX object extension/vector/src/main/CMakeFiles/vector_extension_main.dir/vector_extension.cpp.o
[322/1186] Building CXX object extension/vector/src/index/CMakeFiles/lbug_hnsw_index.dir/hnsw_graph.cpp.o
[323/1186] Building CXX object src/binder/CMakeFiles/lbug_binder.dir/binder_scope.cpp.o
[324/1186] Building CXX object src/binder/CMakeFiles/lbug_binder.dir/bound_statement_result.cpp.o
[325/1186] Building CXX object src/binder/CMakeFiles/lbug_binder.dir/binder.cpp.o
[326/1186] Building CXX object src/binder/CMakeFiles/lbug_binder.dir/bound_scan_source.cpp.o
[327/1186] Building CXX object src/binder/CMakeFiles/lbug_binder.dir/bound_statement_rewriter.cpp.o
[328/1186] Building CXX object src/binder/CMakeFiles/lbug_binder.dir/bound_statement_visitor.cpp.o
[329/1186] Building CXX object src/binder/CMakeFiles/lbug_binder.dir/expression_binder.cpp.o
[330/1186] Building CXX object src/binder/CMakeFiles/lbug_binder.dir/expression_visitor.cpp.o
[331/1186] Building CXX object src/binder/bind/CMakeFiles/lbug_binder_bind.dir/bind_analyze.cpp.o
[332/1186] Building CXX object src/binder/bind/CMakeFiles/lbug_binder_bind.dir/bind_attach_database.cpp.o
[333/1186] Building CXX object src/binder/bind/CMakeFiles/lbug_binder_bind.dir/bind_create_macro.cpp.o
[334/1186] Building CXX object src/binder/bind/CMakeFiles/lbug_binder_bind.dir/bind_detach_database.cpp.o
[335/1186] Building CXX object src/binder/bind/CMakeFiles/lbug_binder_bind.dir/bind_explain.cpp.o
[336/1186] Building CXX object src/binder/bind/CMakeFiles/lbug_binder_bind.dir/bind_ddl.cpp.o
[337/1186] Building CXX object src/binder/bind/CMakeFiles/lbug_binder_bind.dir/bind_extension_clause.cpp.o
[338/1186] Building CXX object src/binder/bind/CMakeFiles/lbug_binder_bind.dir/bind_graph.cpp.o
[339/1186] Building CXX object src/binder/bind/CMakeFiles/lbug_binder_bind.dir/bind_file_scan.cpp.o
[340/1186] Building CXX object src/binder/bind/CMakeFiles/lbug_binder_bind.dir/bind_projection_clause.cpp.o
[341/1186] Building CXX object src/binder/bind/CMakeFiles/lbug_binder_bind.dir/bind_query.cpp.o
[342/1186] Building CXX object src/binder/bind/CMakeFiles/lbug_binder_bind.dir/bind_graph_pattern.cpp.o
[343/1186] Building CXX object src/binder/bind/CMakeFiles/lbug_binder_bind.dir/bind_reading_clause.cpp.o
[344/1186] Building CXX object src/binder/bind/CMakeFiles/lbug_binder_bind.dir/bind_standalone_call.cpp.o
[345/1186] Building CXX object src/binder/bind/CMakeFiles/lbug_binder_bind.dir/bind_transaction.cpp.o
[346/1186] Building CXX object src/binder/bind/CMakeFiles/lbug_binder_bind.dir/bind_table_function.cpp.o
[347/1186] Building CXX object src/binder/bind/CMakeFiles/lbug_binder_bind.dir/bind_extension.cpp.o
[348/1186] Building CXX object src/binder/bind/CMakeFiles/lbug_binder_bind.dir/bind_updating_clause.cpp.o
[349/1186] Building CXX object src/binder/bind/CMakeFiles/lbug_binder_bind.dir/bind_import_database.cpp.o
[350/1186] Building CXX object src/binder/bind/CMakeFiles/lbug_binder_bind.dir/bind_export_database.cpp.o
[351/1186] Building CXX object src/binder/bind/CMakeFiles/lbug_binder_bind.dir/bind_use_database.cpp.o
[352/1186] Building CXX object src/binder/bind/CMakeFiles/lbug_binder_bind.dir/bind_standalone_call_function.cpp.o
[353/1186] Building CXX object src/binder/bind/copy/CMakeFiles/lbug_binder_bind_copy.dir/bind_copy_to.cpp.o
[354/1186] Building CXX object src/binder/bind/ddl/CMakeFiles/lbug_binder_bind_ddl.dir/bound_create_table_info.cpp.o
[355/1186] Building CXX object src/binder/bind/copy/CMakeFiles/lbug_binder_bind_copy.dir/bind_copy_from.cpp.o
[356/1186] Building CXX object src/binder/bind/read/CMakeFiles/lbug_binder_bind_read.dir/bind_in_query_call.cpp.o
[357/1186] Building CXX object src/binder/bind/read/CMakeFiles/lbug_binder_bind_read.dir/bind_load_from.cpp.o
[358/1186] Building CXX object src/binder/bind/read/CMakeFiles/lbug_binder_bind_read.dir/bind_unwind.cpp.o
[359/1186] Building CXX object src/binder/bind/read/CMakeFiles/lbug_binder_bind_read.dir/bind_match.cpp.o
[360/1186] Building CXX object src/binder/bind_expression/CMakeFiles/lbug_binder_bind_expression.dir/bind_boolean_expression.cpp.o
[361/1186] Building CXX object src/binder/bind_expression/CMakeFiles/lbug_binder_bind_expression.dir/bind_case_expression.cpp.o
[362/1186] Building CXX object src/binder/bind_expression/CMakeFiles/lbug_binder_bind_expression.dir/bind_comparison_expression.cpp.o
[363/1186] Building CXX object src/binder/bind_expression/CMakeFiles/lbug_binder_bind_expression.dir/bind_literal_expression.cpp.o
[364/1186] Building CXX object src/binder/bind_expression/CMakeFiles/lbug_binder_bind_expression.dir/bind_function_expression.cpp.o
[365/1186] Building CXX object src/binder/bind_expression/CMakeFiles/lbug_binder_bind_expression.dir/bind_null_operator_expression.cpp.o
[366/1186] Building CXX object src/binder/bind_expression/CMakeFiles/lbug_binder_bind_expression.dir/bind_parameter_expression.cpp.o
[367/1186] Building CXX object src/binder/bind_expression/CMakeFiles/lbug_binder_bind_expression.dir/bind_property_expression.cpp.o
[368/1186] Building CXX object src/binder/bind_expression/CMakeFiles/lbug_binder_bind_expression.dir/bind_subquery_expression.cpp.o
[369/1186] Building CXX object src/binder/bind_expression/CMakeFiles/lbug_binder_bind_expression.dir/bind_variable_expression.cpp.o
[370/1186] Building CXX object src/binder/ddl/CMakeFiles/lbug_binder_ddl.dir/bound_alter_info.cpp.o
[371/1186] Building CXX object src/binder/bind_expression/CMakeFiles/lbug_binder_bind_expression.dir/bind_lambda_expression.cpp.o
[372/1186] Building CXX object src/binder/ddl/CMakeFiles/lbug_binder_ddl.dir/property_definition.cpp.o
[373/1186] Building CXX object src/binder/expression/CMakeFiles/lbug_binder_expression.dir/case_expression.cpp.o
[374/1186] Building CXX object src/binder/expression/CMakeFiles/lbug_binder_expression.dir/aggregate_function_expression.cpp.o
[375/1186] Building CXX object src/binder/expression/CMakeFiles/lbug_binder_expression.dir/expression.cpp.o
[376/1186] Building CXX object src/binder/expression/CMakeFiles/lbug_binder_expression.dir/literal_expression.cpp.o
[377/1186] Building CXX object src/binder/expression/CMakeFiles/lbug_binder_expression.dir/expression_util.cpp.o
[378/1186] Building CXX object src/binder/expression/CMakeFiles/lbug_binder_expression.dir/node_expression.cpp.o
[379/1186] Building CXX object src/binder/expression/CMakeFiles/lbug_binder_expression.dir/node_rel_expression.cpp.o
[380/1186] Building CXX object src/binder/expression/CMakeFiles/lbug_binder_expression.dir/parameter_expression.cpp.o
[381/1186] Building CXX object src/binder/expression/CMakeFiles/lbug_binder_expression.dir/property_expression.cpp.o
[382/1186] Building CXX object src/binder/expression/CMakeFiles/lbug_binder_expression.dir/scalar_function_expression.cpp.o
[383/1186] Building CXX object src/binder/expression/CMakeFiles/lbug_binder_expression.dir/rel_expression.cpp.o
[384/1186] Building CXX object src/binder/query/CMakeFiles/lbug_binder_query.dir/bound_insert_clause.cpp.o
[385/1186] Building CXX object src/binder/expression/CMakeFiles/lbug_binder_expression.dir/variable_expression.cpp.o
[386/1186] Building CXX object src/binder/query/CMakeFiles/lbug_binder_query.dir/bound_delete_clause.cpp.o
[387/1186] Building CXX object src/binder/query/CMakeFiles/lbug_binder_query.dir/bound_set_clause.cpp.o
[388/1186] Building CXX object src/binder/query/CMakeFiles/lbug_binder_query.dir/bound_merge_clause.cpp.o
[389/1186] Building CXX object src/binder/query/CMakeFiles/lbug_binder_query.dir/query_graph.cpp.o
[390/1186] Building CXX object src/binder/query/CMakeFiles/lbug_binder_query.dir/query_graph_label_analyzer.cpp.o
[391/1186] Building CXX object src/binder/rewriter/CMakeFiles/lbug_binder_rewriter.dir/match_clause_pattern_label_rewriter.cpp.o
[392/1186] Building CXX object src/binder/rewriter/CMakeFiles/lbug_binder_rewriter.dir/normalized_query_part_match_rewriter.cpp.o
[393/1186] Building CXX object src/binder/rewriter/CMakeFiles/lbug_binder_rewriter.dir/with_clause_projection_rewriter.cpp.o
[394/1186] Building CXX object src/binder/visitor/CMakeFiles/lbug_binder_visitor.dir/confidential_statement_analyzer.cpp.o
[395/1186] Building CXX object src/binder/visitor/CMakeFiles/lbug_binder_visitor.dir/default_type_solver.cpp.o
[396/1186] Building CXX object src/binder/visitor/CMakeFiles/lbug_binder_visitor.dir/property_collector.cpp.o
[397/1186] Building CXX object src/c_api/CMakeFiles/lbug_c_api.dir/connection.cpp.o
[398/1186] Building CXX object src/c_api/CMakeFiles/lbug_c_api.dir/database.cpp.o
[399/1186] Building CXX object src/c_api/CMakeFiles/lbug_c_api.dir/data_type.cpp.o
[400/1186] Building CXX object src/c_api/CMakeFiles/lbug_c_api.dir/helpers.cpp.o
[401/1186] Building CXX object src/c_api/CMakeFiles/lbug_c_api.dir/flat_tuple.cpp.o
[402/1186] Building CXX object src/c_api/CMakeFiles/lbug_c_api.dir/prepared_statement.cpp.o
[403/1186] Building CXX object src/c_api/CMakeFiles/lbug_c_api.dir/query_result.cpp.o
[404/1186] Building CXX object src/c_api/CMakeFiles/lbug_c_api.dir/query_summary.cpp.o
[405/1186] Building CXX object src/c_api/CMakeFiles/lbug_c_api.dir/version.cpp.o
[406/1186] Building CXX object src/c_api/CMakeFiles/lbug_c_api.dir/value.cpp.o
[407/1186] Building CXX object src/catalog/CMakeFiles/lbug_catalog.dir/catalog.cpp.o
[408/1186] Building CXX object src/catalog/CMakeFiles/lbug_catalog.dir/catalog_set.cpp.o
[409/1186] Building CXX object src/catalog/CMakeFiles/lbug_catalog.dir/property_definition_collection.cpp.o
[410/1186] Building CXX object src/catalog/catalog_entry/CMakeFiles/lbug_catalog_entry.dir/catalog_entry.cpp.o
[411/1186] Building CXX object src/catalog/catalog_entry/CMakeFiles/lbug_catalog_entry.dir/catalog_entry_type.cpp.o
[412/1186] Building CXX object src/catalog/catalog_entry/CMakeFiles/lbug_catalog_entry.dir/function_catalog_entry.cpp.o
[413/1186] Building CXX object src/catalog/catalog_entry/CMakeFiles/lbug_catalog_entry.dir/graph_catalog_entry.cpp.o
[414/1186] Building CXX object src/catalog/catalog_entry/CMakeFiles/lbug_catalog_entry.dir/table_catalog_entry.cpp.o
[415/1186] Building CXX object src/catalog/catalog_entry/CMakeFiles/lbug_catalog_entry.dir/node_table_id_pair.cpp.o
[416/1186] Building CXX object src/catalog/catalog_entry/CMakeFiles/lbug_catalog_entry.dir/node_table_catalog_entry.cpp.o
[417/1186] Building CXX object src/catalog/catalog_entry/CMakeFiles/lbug_catalog_entry.dir/scalar_macro_catalog_entry.cpp.o
[418/1186] Building CXX object src/catalog/catalog_entry/CMakeFiles/lbug_catalog_entry.dir/type_catalog_entry.cpp.o
[419/1186] Building CXX object src/catalog/catalog_entry/CMakeFiles/lbug_catalog_entry.dir/rel_group_catalog_entry.cpp.o
[420/1186] Building CXX object src/catalog/catalog_entry/CMakeFiles/lbug_catalog_entry.dir/sequence_catalog_entry.cpp.o
[421/1186] Building CXX object src/common/CMakeFiles/lbug_common.dir/case_insensitive_map.cpp.o
[422/1186] Building CXX object src/common/CMakeFiles/lbug_common.dir/checksum.cpp.o
[423/1186] Building CXX object src/common/CMakeFiles/lbug_common.dir/constants.cpp.o
[424/1186] Building CXX object src/catalog/catalog_entry/CMakeFiles/lbug_catalog_entry.dir/index_catalog_entry.cpp.o
[425/1186] Building CXX object src/common/CMakeFiles/lbug_common.dir/database_lifecycle_manager.cpp.o
[426/1186] Building CXX object src/common/CMakeFiles/lbug_common.dir/in_mem_overflow_buffer.cpp.o
[427/1186] Building CXX object src/common/CMakeFiles/lbug_common.dir/expression_type.cpp.o
[428/1186] Building CXX object src/common/CMakeFiles/lbug_common.dir/mask.cpp.o
[429/1186] Building CXX object src/common/CMakeFiles/lbug_common.dir/md5.cpp.o
[430/1186] Building CXX object src/common/CMakeFiles/lbug_common.dir/metric.cpp.o
[431/1186] Building CXX object src/common/CMakeFiles/lbug_common.dir/json_utils.cpp.o
[432/1186] Building CXX object src/common/CMakeFiles/lbug_common.dir/null_mask.cpp.o
[433/1186] Building CXX object src/common/CMakeFiles/lbug_common.dir/partition_routing_hook.cpp.o
[434/1186] Building CXX object src/common/CMakeFiles/lbug_common.dir/profiler.cpp.o
[435/1186] Building CXX object src/common/CMakeFiles/lbug_common.dir/random_engine.cpp.o
[436/1186] Building CXX object src/common/CMakeFiles/lbug_common.dir/sha256.cpp.o
[437/1186] Building CXX object src/common/CMakeFiles/lbug_common.dir/roaring_mask.cpp.o
[438/1186] Building CXX object src/common/CMakeFiles/lbug_common.dir/system_message.cpp.o
[439/1186] Building CXX object src/common/CMakeFiles/lbug_common.dir/string_utils.cpp.o
[440/1186] Building CXX object src/common/CMakeFiles/lbug_common.dir/utils.cpp.o
[441/1186] Building CXX object src/common/CMakeFiles/lbug_common.dir/windows_utils.cpp.o
[442/1186] Building CXX object src/common/CMakeFiles/lbug_common.dir/type_utils.cpp.o
[443/1186] Building CXX object src/common/arrow/CMakeFiles/lbug_common_arrow.dir/arrow_converter.cpp.o
[444/1186] Building CXX object src/common/arrow/CMakeFiles/lbug_common_arrow.dir/arrow_schema_metadata_generic_decoder.cpp.o
[445/1186] Building CXX object src/common/arrow/CMakeFiles/lbug_common_arrow.dir/arrow_schema_metadata_snowflake_decoder.cpp.o
[446/1186] Building CXX object src/common/arrow/CMakeFiles/lbug_common_arrow.dir/arrow_array_scan.cpp.o
[447/1186] Building CXX object src/common/arrow/CMakeFiles/lbug_common_arrow.dir/arrow_schema_metadata_utils.cpp.o
[448/1186] Building CXX object src/common/arrow/CMakeFiles/lbug_common_arrow.dir/arrow_schema_metadata.cpp.o
[449/1186] Building CXX object src/common/arrow/CMakeFiles/lbug_common_arrow.dir/arrow_null_mask_tree.cpp.o
[450/1186] Building CXX object src/common/arrow/CMakeFiles/lbug_common_arrow.dir/arrow_row_batch.cpp.o
[451/1186] Building CXX object src/common/arrow/CMakeFiles/lbug_common_arrow.dir/arrow_type.cpp.o
[452/1186] Building CXX object src/common/copier_config/CMakeFiles/lbug_common_copier_config.dir/csv_reader_config.cpp.o
[453/1186] Building CXX object src/common/data_chunk/CMakeFiles/lbug_common_data_chunk.dir/data_chunk.cpp.o
[454/1186] Building CXX object src/common/copier_config/CMakeFiles/lbug_common_copier_config.dir/reader_config.cpp.o
[455/1186] Building CXX object src/common/data_chunk/CMakeFiles/lbug_common_data_chunk.dir/data_chunk_collection.cpp.o
[456/1186] Building CXX object src/common/data_chunk/CMakeFiles/lbug_common_data_chunk.dir/data_chunk_state.cpp.o
[457/1186] Building CXX object src/common/data_chunk/CMakeFiles/lbug_common_data_chunk.dir/sel_vector.cpp.o
[458/1186] Building CXX object src/common/enums/CMakeFiles/lbug_common_enums.dir/accumulate_type.cpp.o
[459/1186] Building CXX object src/common/enums/CMakeFiles/lbug_common_enums.dir/storage_format.cpp.o
[460/1186] Building CXX object src/common/enums/CMakeFiles/lbug_common_enums.dir/path_semantic.cpp.o
[461/1186] Building CXX object src/common/enums/CMakeFiles/lbug_common_enums.dir/query_rel_type.cpp.o
[462/1186] Building CXX object src/common/enums/CMakeFiles/lbug_common_enums.dir/rel_direction.cpp.o
[463/1186] Building CXX object src/common/enums/CMakeFiles/lbug_common_enums.dir/rel_multiplicity.cpp.o
[464/1186] Building CXX object src/common/enums/CMakeFiles/lbug_common_enums.dir/scan_source_type.cpp.o
[465/1186] Building CXX object src/common/enums/CMakeFiles/lbug_common_enums.dir/table_type.cpp.o
[466/1186] Building CXX object src/common/enums/CMakeFiles/lbug_common_enums.dir/transaction_action.cpp.o
[467/1186] Building CXX object src/common/enums/CMakeFiles/lbug_common_enums.dir/drop_type.cpp.o
[468/1186] Building CXX object src/common/enums/CMakeFiles/lbug_common_enums.dir/extend_direction_util.cpp.o
[469/1186] Building CXX object src/common/exception/CMakeFiles/lbug_common_exception.dir/exception.cpp.o
[470/1186] Building CXX object src/common/enums/CMakeFiles/lbug_common_enums.dir/conflict_action.cpp.o
[471/1186] Building CXX object src/common/serializer/CMakeFiles/lbug_common_serializer.dir/buffer_writer.cpp.o
[472/1186] Building CXX object src/common/exception/CMakeFiles/lbug_common_exception.dir/message.cpp.o
[473/1186] Building CXX object src/common/serializer/CMakeFiles/lbug_common_serializer.dir/deserializer.cpp.o
[474/1186] Building CXX object src/common/serializer/CMakeFiles/lbug_common_serializer.dir/buffered_file.cpp.o
[475/1186] Building CXX object src/common/serializer/CMakeFiles/lbug_common_serializer.dir/in_mem_file_writer.cpp.o
[476/1186] Building CXX object src/common/serializer/CMakeFiles/lbug_common_serializer.dir/serializer.cpp.o
[477/1186] Building CXX object src/common/task_system/CMakeFiles/lbug_common_task_system.dir/task.cpp.o
[478/1186] Building CXX object src/common/task_system/CMakeFiles/lbug_common_task_system.dir/progress_bar.cpp.o
[479/1186] Building CXX object src/common/task_system/CMakeFiles/lbug_common_task_system.dir/task_scheduler.cpp.o
[480/1186] Building CXX object src/common/task_system/CMakeFiles/lbug_common_task_system.dir/terminal_progress_bar_display.cpp.o
[481/1186] Building CXX object src/common/types/CMakeFiles/lbug_common_types.dir/blob.cpp.o
[482/1186] Building CXX object src/common/types/CMakeFiles/lbug_common_types.dir/date_t.cpp.o
[483/1186] Building CXX object src/common/types/CMakeFiles/lbug_common_types.dir/dtime_t.cpp.o
[484/1186] Building CXX object src/common/types/CMakeFiles/lbug_common_types.dir/json_type.cpp.o
[485/1186] Building CXX object src/common/types/CMakeFiles/lbug_common_types.dir/list_t.cpp.o
[486/1186] Building CXX object src/common/types/CMakeFiles/lbug_common_types.dir/interval_t.cpp.o
[487/1186] Building CXX object src/common/types/CMakeFiles/lbug_common_types.dir/string_t.cpp.o
[488/1186] Building CXX object src/common/types/CMakeFiles/lbug_common_types.dir/timestamp_t.cpp.o
[489/1186] Building CXX object src/common/types/CMakeFiles/lbug_common_types.dir/int128_t.cpp.o
[490/1186] Building CXX object src/common/types/CMakeFiles/lbug_common_types.dir/types.cpp.o
[491/1186] Building CXX object src/common/types/CMakeFiles/lbug_common_types.dir/uuid.cpp.o
[492/1186] Building CXX object src/common/types/CMakeFiles/lbug_common_types.dir/uint128_t.cpp.o
[493/1186] Building CXX object src/common/types/value/CMakeFiles/lbug_common_types_value.dir/nested.cpp.o
[494/1186] Building CXX object src/common/types/value/CMakeFiles/lbug_common_types_value.dir/node.cpp.o
[495/1186] Building CXX object src/common/types/value/CMakeFiles/lbug_common_types_value.dir/recursive_rel.cpp.o
[496/1186] Building CXX object src/common/types/value/CMakeFiles/lbug_common_types_value.dir/rel.cpp.o
[497/1186] Building CXX object src/common/vector/CMakeFiles/lbug_common_vector.dir/auxiliary_buffer.cpp.o
[498/1186] Building CXX object src/common/types/value/CMakeFiles/lbug_common_types_value.dir/value.cpp.o
[499/1186] Building CXX object src/common/file_system/CMakeFiles/lbug_file_system.dir/compressed_file_system.cpp.o
[500/1186] Building CXX object src/common/vector/CMakeFiles/lbug_common_vector.dir/value_vector.cpp.o
[501/1186] Building CXX object src/common/file_system/CMakeFiles/lbug_file_system.dir/file_info.cpp.o
[502/1186] Building CXX object src/common/file_system/CMakeFiles/lbug_file_system.dir/file_system.cpp.o
[503/1186] Building CXX object src/common/file_system/CMakeFiles/lbug_file_system.dir/local_file_system.cpp.o
[504/1186] Building CXX object src/common/file_system/CMakeFiles/lbug_file_system.dir/virtual_file_system.cpp.o
[505/1186] Building CXX object src/expression_evaluator/CMakeFiles/lbug_expression_evaluator.dir/case_evaluator.cpp.o
[506/1186] Building CXX object src/common/file_system/CMakeFiles/lbug_file_system.dir/gzip_file_system.cpp.o
[507/1186] Building CXX object src/expression_evaluator/CMakeFiles/lbug_expression_evaluator.dir/expression_evaluator_utils.cpp.o
[508/1186] Building CXX object src/expression_evaluator/CMakeFiles/lbug_expression_evaluator.dir/expression_evaluator.cpp.o
[509/1186] Building CXX object src/expression_evaluator/CMakeFiles/lbug_expression_evaluator.dir/expression_evaluator_visitor.cpp.o
[510/1186] Building CXX object src/expression_evaluator/CMakeFiles/lbug_expression_evaluator.dir/function_evaluator.cpp.o
[511/1186] Building CXX object src/expression_evaluator/CMakeFiles/lbug_expression_evaluator.dir/list_slice_info.cpp.o
[512/1186] Building CXX object src/expression_evaluator/CMakeFiles/lbug_expression_evaluator.dir/literal_evaluator.cpp.o
[513/1186] Building CXX object src/expression_evaluator/CMakeFiles/lbug_expression_evaluator.dir/lambda_evaluator.cpp.o
[514/1186] Building CXX object src/expression_evaluator/CMakeFiles/lbug_expression_evaluator.dir/pattern_evaluator.cpp.o
[515/1186] Building CXX object src/expression_evaluator/CMakeFiles/lbug_expression_evaluator.dir/reference_evaluator.cpp.o
[516/1186] Building CXX object src/expression_evaluator/CMakeFiles/lbug_expression_evaluator.dir/path_evaluator.cpp.o
[517/1186] Building CXX object src/function/CMakeFiles/lbug_function.dir/base_lower_upper_operation.cpp.o
[518/1186] Building CXX object src/function/CMakeFiles/lbug_function.dir/aggregate_function.cpp.o
[519/1186] Building CXX object src/function/CMakeFiles/lbug_function.dir/built_in_function_utils.cpp.o
[520/1186] Building CXX object src/function/CMakeFiles/lbug_function.dir/cast_string_non_nested_functions.cpp.o
[521/1186] Building CXX object src/function/CMakeFiles/lbug_function.dir/comparison_functions.cpp.o
[522/1186] Building CXX object src/function/CMakeFiles/lbug_function.dir/cast_from_string_functions.cpp.o
[523/1186] Building CXX object src/function/CMakeFiles/lbug_function.dir/find_function.cpp.o
[524/1186] Building CXX object src/function/CMakeFiles/lbug_function.dir/function.cpp.o
[525/1186] Building CXX object src/function/CMakeFiles/lbug_function.dir/scalar_macro_function.cpp.o
[526/1186] Building CXX object src/function/CMakeFiles/lbug_function.dir/function_collection.cpp.o
[527/1186] Building CXX object src/function/CMakeFiles/lbug_function.dir/vector_arithmetic_functions.cpp.o
[528/1186] Building CXX object src/function/CMakeFiles/lbug_function.dir/vector_boolean_functions.cpp.o
[529/1186] Building CXX object src/function/CMakeFiles/lbug_function.dir/vector_date_functions.cpp.o
[530/1186] Building CXX object src/function/CMakeFiles/lbug_function.dir/vector_hash_functions.cpp.o
[531/1186] Building CXX object src/function/CMakeFiles/lbug_function.dir/vector_null_functions.cpp.o
[532/1186] Building CXX object src/function/CMakeFiles/lbug_function.dir/vector_node_rel_functions.cpp.o
[533/1186] Building CXX object src/function/CMakeFiles/lbug_function.dir/vector_string_functions.cpp.o
[534/1186] Building CXX object src/function/CMakeFiles/lbug_function.dir/vector_timestamp_functions.cpp.o
[535/1186] Building CXX object src/function/CMakeFiles/lbug_function.dir/vector_blob_functions.cpp.o
[536/1186] Building CXX object src/function/CMakeFiles/lbug_function.dir/vector_uuid_functions.cpp.o
[537/1186] Building CXX object src/function/CMakeFiles/lbug_function.dir/vector_cast_functions.cpp.o
[538/1186] Building CXX object src/function/CMakeFiles/lbug_function.dir/simd_filter.cpp.o
[539/1186] Building CXX object src/function/aggregate/CMakeFiles/lbug_function_aggregate.dir/count.cpp.o
[540/1186] Building CXX object src/function/aggregate/CMakeFiles/lbug_function_aggregate.dir/count_star.cpp.o
[541/1186] Building CXX object src/function/aggregate/CMakeFiles/lbug_function_aggregate.dir/collect.cpp.o
[542/1186] Building CXX object src/function/CMakeFiles/lbug_function.dir/simd_filter_neon.cpp.o
[543/1186] Building CXX object src/function/aggregate/CMakeFiles/lbug_function_aggregate.dir/histogram.cpp.o
[544/1186] Building CXX object src/function/aggregate/CMakeFiles/lbug_function_aggregate.dir/percentile_disc.cpp.o
[545/1186] Building CXX object src/function/aggregate/CMakeFiles/lbug_function_aggregate.dir/min_max.cpp.o
[546/1186] Building CXX object src/function/aggregate/CMakeFiles/lbug_function_aggregate.dir/sum.cpp.o
[547/1186] Building CXX object src/function/aggregate/CMakeFiles/lbug_function_aggregate.dir/avg.cpp.o
[548/1186] Building CXX object src/function/aggregate/CMakeFiles/lbug_function_aggregate.dir/percentile_cont.cpp.o
[549/1186] Building CXX object src/function/arithmetic/CMakeFiles/lbug_function_arithmetic.dir/multiply.cpp.o
[550/1186] Building CXX object src/function/arithmetic/CMakeFiles/lbug_function_arithmetic.dir/add.cpp.o
[551/1186] Building CXX object src/function/arithmetic/CMakeFiles/lbug_function_arithmetic.dir/subtract.cpp.o
[552/1186] Building CXX object src/function/arithmetic/CMakeFiles/lbug_function_arithmetic.dir/divide.cpp.o
[553/1186] Building CXX object src/function/arithmetic/CMakeFiles/lbug_function_arithmetic.dir/modulo.cpp.o
[554/1186] Building CXX object src/function/arithmetic/CMakeFiles/lbug_function_arithmetic.dir/negate.cpp.o
[555/1186] Building CXX object src/function/arithmetic/CMakeFiles/lbug_function_arithmetic.dir/abs.cpp.o
[556/1186] Building CXX object src/function/arithmetic/CMakeFiles/lbug_function_arithmetic.dir/rand_function.cpp.o
[557/1186] Building CXX object src/function/arithmetic/CMakeFiles/lbug_function_arithmetic.dir/set_seed.cpp.o
[558/1186] Building CXX object src/function/array/CMakeFiles/lbug_function_array.dir/array_value.cpp.o
[559/1186] Building CXX object src/function/array/CMakeFiles/lbug_function_array.dir/array_functions.cpp.o
[560/1186] Building CXX object src/function/date/CMakeFiles/lbug_function_date.dir/date_functions.cpp.o
[561/1186] Building CXX object src/function/cast/CMakeFiles/lbug_function_cast.dir/cast_array.cpp.o
[562/1186] Building CXX object src/function/gds/CMakeFiles/lbug_function_algorithm.dir/asp_paths.cpp.o
[563/1186] Building CXX object src/function/gds/CMakeFiles/lbug_function_algorithm.dir/asp_destinations.cpp.o
[564/1186] Building CXX object src/function/gds/CMakeFiles/lbug_function_algorithm.dir/bfs_graph.cpp.o
[565/1186] Building CXX object src/function/gds/CMakeFiles/lbug_function_algorithm.dir/awsp_paths.cpp.o
[566/1186] Building CXX object src/function/gds/CMakeFiles/lbug_function_algorithm.dir/frontier_morsel.cpp.o
[567/1186] Building CXX object src/function/gds/CMakeFiles/lbug_function_algorithm.dir/gds_frontier.cpp.o
[568/1186] Building CXX object src/function/gds/CMakeFiles/lbug_function_algorithm.dir/gds_state.cpp.o
[569/1186] Building CXX object src/function/gds/CMakeFiles/lbug_function_algorithm.dir/gds.cpp.o
[570/1186] Building CXX object src/function/gds/CMakeFiles/lbug_function_algorithm.dir/gds_task.cpp.o
[571/1186] Building CXX object src/function/gds/CMakeFiles/lbug_function_algorithm.dir/gds_utils.cpp.o
[572/1186] Building CXX object src/function/gds/CMakeFiles/lbug_function_algorithm.dir/output_writer.cpp.o
[573/1186] Building CXX object src/function/gds/CMakeFiles/lbug_function_algorithm.dir/rec_joins.cpp.o
[574/1186] Building CXX object src/function/gds/CMakeFiles/lbug_function_algorithm.dir/ssp_destinations.cpp.o
[575/1186] Building CXX object src/function/gds/CMakeFiles/lbug_function_algorithm.dir/ssp_paths.cpp.o
[576/1186] Building CXX object src/function/gds/CMakeFiles/lbug_function_algorithm.dir/variable_length_path.cpp.o
[577/1186] Building CXX object src/function/gds/CMakeFiles/lbug_function_algorithm.dir/wsp_destinations.cpp.o
[578/1186] Building CXX object src/function/gds/CMakeFiles/lbug_function_algorithm.dir/wsp_paths.cpp.o
[579/1186] Building CXX object src/function/list/CMakeFiles/lbug_list_function.dir/list_any_value_function.cpp.o
[580/1186] Building CXX object src/function/list/CMakeFiles/lbug_list_function.dir/list_agg_function.cpp.o
[581/1186] Building CXX object src/function/list/CMakeFiles/lbug_list_function.dir/list_any.cpp.o
[582/1186] Building CXX object src/function/list/CMakeFiles/lbug_list_function.dir/list_all.cpp.o
[583/1186] Building CXX object src/function/list/CMakeFiles/lbug_list_function.dir/list_concat_function.cpp.o
[584/1186] Building CXX object src/function/list/CMakeFiles/lbug_list_function.dir/list_append_function.cpp.o
[585/1186] Building CXX object src/function/list/CMakeFiles/lbug_list_function.dir/list_creation.cpp.o
[586/1186] Building CXX object src/function/list/CMakeFiles/lbug_list_function.dir/list_contains_function.cpp.o
[587/1186] Building CXX object src/function/list/CMakeFiles/lbug_list_function.dir/list_distinct_function.cpp.o
[588/1186] Building CXX object src/function/list/CMakeFiles/lbug_list_function.dir/list_extract_function.cpp.o
[589/1186] Building CXX object src/function/list/CMakeFiles/lbug_list_function.dir/list_reverse_function.cpp.o
[590/1186] Building CXX object src/function/list/CMakeFiles/lbug_list_function.dir/list_range_function.cpp.o
[591/1186] Building CXX object src/function/list/CMakeFiles/lbug_list_function.dir/list_slice_function.cpp.o
[592/1186] Building CXX object src/function/list/CMakeFiles/lbug_list_function.dir/list_to_string_function.cpp.o
[593/1186] Building CXX object src/function/list/CMakeFiles/lbug_list_function.dir/list_unique_function.cpp.o
[594/1186] Building CXX object src/function/list/CMakeFiles/lbug_list_function.dir/list_prepend_function.cpp.o
[595/1186] Building CXX object src/function/list/CMakeFiles/lbug_list_function.dir/list_position_function.cpp.o
[596/1186] Building CXX object src/function/list/CMakeFiles/lbug_list_function.dir/list_transform.cpp.o
[597/1186] Building CXX object src/function/list/CMakeFiles/lbug_list_function.dir/list_filter.cpp.o
[598/1186] Building CXX object src/function/list/CMakeFiles/lbug_list_function.dir/list_sort_function.cpp.o
[599/1186] Building CXX object src/function/list/CMakeFiles/lbug_list_function.dir/list_function_utils.cpp.o
[600/1186] Building CXX object src/function/list/CMakeFiles/lbug_list_function.dir/list_none.cpp.o
[601/1186] Building CXX object src/function/list/CMakeFiles/lbug_list_function.dir/list_reduce.cpp.o
[602/1186] Building CXX object src/function/list/CMakeFiles/lbug_list_function.dir/list_single.cpp.o
[603/1186] Building CXX object src/function/list/CMakeFiles/lbug_list_function.dir/size_function.cpp.o
[604/1186] Building CXX object src/function/list/CMakeFiles/lbug_list_function.dir/quantifier_functions.cpp.o
[605/1186] Building CXX object src/function/list/CMakeFiles/lbug_list_function.dir/list_has_all.cpp.o
[606/1186] Building CXX object src/function/map/CMakeFiles/lbug_function_map.dir/map_creation_function.cpp.o
[607/1186] Building CXX object src/function/map/CMakeFiles/lbug_function_map.dir/map_keys_function.cpp.o
[608/1186] Building CXX object src/function/map/CMakeFiles/lbug_function_map.dir/map_values_function.cpp.o
[609/1186] Building CXX object src/function/map/CMakeFiles/lbug_function_map.dir/map_extract_function.cpp.o
[610/1186] Building CXX object src/function/path/CMakeFiles/lbug_function_path.dir/nodes_function.cpp.o
[611/1186] Building CXX object src/function/path/CMakeFiles/lbug_function_path.dir/length_function.cpp.o
[612/1186] Building CXX object src/function/path/CMakeFiles/lbug_function_path.dir/rels_function.cpp.o
[613/1186] Building CXX object src/function/path/CMakeFiles/lbug_function_path.dir/properties_function.cpp.o
[614/1186] Building CXX object src/function/path/CMakeFiles/lbug_function_path.dir/semantic_function.cpp.o
[615/1186] Building CXX object src/function/pattern/CMakeFiles/lbug_function_pattern.dir/id_function.cpp.o
[616/1186] Building CXX object src/function/pattern/CMakeFiles/lbug_function_pattern.dir/cost_function.cpp.o
[617/1186] Building CXX object src/function/pattern/CMakeFiles/lbug_function_pattern.dir/rowid_function.cpp.o
[618/1186] Building CXX object src/function/pattern/CMakeFiles/lbug_function_pattern.dir/start_end_node_function.cpp.o
[619/1186] Building CXX object src/function/pattern/CMakeFiles/lbug_function_pattern.dir/label_function.cpp.o
[620/1186] Building CXX object src/function/sequence/CMakeFiles/lbug_function_sequence.dir/sequence_functions.cpp.o
[621/1186] Building CXX object src/function/struct/CMakeFiles/lbug_function_struct.dir/struct_extract_function.cpp.o
[622/1186] Building CXX object src/function/struct/CMakeFiles/lbug_function_struct.dir/keys_function.cpp.o
[623/1186] Building CXX object src/function/struct/CMakeFiles/lbug_function_struct.dir/struct_pack_function.cpp.o
[624/1186] Building CXX object src/function/table/CMakeFiles/lbug_table_function.dir/bind_data.cpp.o
[625/1186] Building CXX object src/function/table/CMakeFiles/lbug_table_function.dir/bind_input.cpp.o
[626/1186] Building CXX object src/function/table/CMakeFiles/lbug_table_function.dir/bm_info.cpp.o
[627/1186] Building CXX object src/function/table/CMakeFiles/lbug_table_function.dir/catalog_version.cpp.o
[628/1186] Building CXX object src/function/table/CMakeFiles/lbug_table_function.dir/cache_column.cpp.o
[629/1186] Building CXX object src/function/table/CMakeFiles/lbug_table_function.dir/clear_warnings.cpp.o
[630/1186] Building CXX object src/function/table/CMakeFiles/lbug_table_function.dir/current_setting.cpp.o
[631/1186] Building CXX object src/function/table/CMakeFiles/lbug_table_function.dir/db_version.cpp.o
[632/1186] Building CXX object src/function/table/CMakeFiles/lbug_table_function.dir/drop_project_graph.cpp.o
[633/1186] Building CXX object src/function/table/CMakeFiles/lbug_table_function.dir/disk_size_info.cpp.o
[634/1186] Building CXX object src/function/table/CMakeFiles/lbug_table_function.dir/file_info.cpp.o
[635/1186] Building CXX object src/function/table/CMakeFiles/lbug_table_function.dir/free_space_info.cpp.o
[636/1186] Building CXX object src/function/table/CMakeFiles/lbug_table_function.dir/project_cypher_graph.cpp.o
[637/1186] Building CXX object src/function/table/CMakeFiles/lbug_table_function.dir/show_attached_databases.cpp.o
[638/1186] Building CXX object src/function/table/CMakeFiles/lbug_table_function.dir/project_native_graph.cpp.o
[639/1186] Building CXX object src/function/table/CMakeFiles/lbug_table_function.dir/show_connection.cpp.o
[640/1186] Building CXX object src/function/table/CMakeFiles/lbug_table_function.dir/show_functions.cpp.o
[641/1186] Building CXX object src/function/table/CMakeFiles/lbug_table_function.dir/show_graphs.cpp.o
[642/1186] Building CXX object src/function/table/CMakeFiles/lbug_table_function.dir/show_indexes.cpp.o
[643/1186] Building CXX object src/function/table/CMakeFiles/lbug_table_function.dir/show_loaded_extensions.cpp.o
[644/1186] Building CXX object src/function/table/CMakeFiles/lbug_table_function.dir/show_macros.cpp.o
[645/1186] Building CXX object src/function/table/CMakeFiles/lbug_table_function.dir/show_official_extensions.cpp.o
[646/1186] Building CXX object src/function/table/CMakeFiles/lbug_table_function.dir/show_projected_graphs.cpp.o
[647/1186] Building CXX object src/function/table/CMakeFiles/lbug_table_function.dir/show_sequences.cpp.o
[648/1186] Building CXX object src/function/table/CMakeFiles/lbug_table_function.dir/show_warnings.cpp.o
[649/1186] Building CXX object src/function/table/CMakeFiles/lbug_table_function.dir/show_tables.cpp.o
[650/1186] Building CXX object src/function/table/CMakeFiles/lbug_table_function.dir/storage_version.cpp.o
[651/1186] Building CXX object src/function/table/CMakeFiles/lbug_table_function.dir/stats_info.cpp.o
[652/1186] Building CXX object src/function/table/CMakeFiles/lbug_table_function.dir/simple_table_function.cpp.o
[653/1186] Building CXX object src/function/table/CMakeFiles/lbug_table_function.dir/table_function.cpp.o
[654/1186] Building CXX object src/function/table/CMakeFiles/lbug_table_function.dir/storage_info.cpp.o
[655/1186] Building CXX object src/function/table/CMakeFiles/lbug_table_function.dir/projected_graph_info.cpp.o
[656/1186] Building CXX object src/function/table/CMakeFiles/lbug_table_function.dir/table_info.cpp.o
[657/1186] Building CXX object src/function/union/CMakeFiles/lbug_function_union.dir/union_extract_function.cpp.o
[658/1186] Building CXX object src/function/union/CMakeFiles/lbug_function_union.dir/union_tag_function.cpp.o
[659/1186] Building CXX object src/function/union/CMakeFiles/lbug_function_union.dir/union_value_function.cpp.o
[660/1186] Building CXX object src/function/utility/CMakeFiles/lbug_utility_function.dir/coalesce.cpp.o
[661/1186] Building CXX object src/function/utility/CMakeFiles/lbug_utility_function.dir/md5.cpp.o
[662/1186] Building CXX object src/function/utility/CMakeFiles/lbug_utility_function.dir/sha256.cpp.o
[663/1186] Building CXX object src/function/utility/CMakeFiles/lbug_utility_function.dir/constant_or_null.cpp.o
[664/1186] Building CXX object src/function/utility/CMakeFiles/lbug_utility_function.dir/error.cpp.o
[665/1186] Building CXX object src/function/utility/CMakeFiles/lbug_utility_function.dir/count_if.cpp.o
[666/1186] Building CXX object src/function/utility/CMakeFiles/lbug_utility_function.dir/nullif.cpp.o
[667/1186] Building CXX object src/function/utility/CMakeFiles/lbug_utility_function.dir/typeof.cpp.o
[668/1186] Building CXX object src/function/uuid/CMakeFiles/lbug_function_uuid.dir/gen_random_uuid.cpp.o
[669/1186] Building CXX object src/function/string/CMakeFiles/lbug_string_function.dir/string_split_function.cpp.o
[670/1186] Building CXX object src/function/string/CMakeFiles/lbug_string_function.dir/concat_ws.cpp.o
[671/1186] Building CXX object src/function/string/CMakeFiles/lbug_string_function.dir/init_cap_function.cpp.o
[672/1186] Building CXX object src/function/string/CMakeFiles/lbug_string_function.dir/levenshtein_function.cpp.o
[673/1186] Building CXX object src/function/string/CMakeFiles/lbug_string_function.dir/split_part.cpp.o
[674/1186] Building CXX object src/function/string/CMakeFiles/lbug_string_function.dir/regex_full_match_function.cpp.o
[675/1186] Building CXX object src/function/string/CMakeFiles/lbug_string_function.dir/regex_replace_function.cpp.o
[676/1186] Building CXX object src/function/export/CMakeFiles/lbug_function_export.dir/export_csv_function.cpp.o
[677/1186] Building CXX object src/function/export/CMakeFiles/lbug_function_export.dir/export_parquet_function.cpp.o
[678/1186] Building CXX object src/function/export/CMakeFiles/lbug_function_export.dir/export_indptr_function.cpp.o
[679/1186] Building CXX object src/function/timestamp/CMakeFiles/lbug_timestamp_function.dir/time_bucket.cpp.o
[680/1186] Building CXX object src/function/internal_id/CMakeFiles/lbug_function_internal_id.dir/internal_id_creation_function.cpp.o
[681/1186] Building CXX object src/function/timestamp/CMakeFiles/lbug_timestamp_function.dir/to_epoch_ms.cpp.o
[682/1186] Building CXX object src/graph/CMakeFiles/lbug_graph.dir/graph.cpp.o
[683/1186] Building CXX object src/graph/CMakeFiles/lbug_graph.dir/graph_entry_set.cpp.o
[684/1186] Building CXX object src/graph/CMakeFiles/lbug_graph.dir/graph_entry.cpp.o
[685/1186] Building CXX object src/graph/CMakeFiles/lbug_graph.dir/parsed_graph_entry.cpp.o
[686/1186] Building CXX object src/main/CMakeFiles/lbug_main.dir/attached_database.cpp.o
[687/1186] Building CXX object src/graph/CMakeFiles/lbug_graph.dir/on_disk_graph.cpp.o
[688/1186] Building CXX object src/main/CMakeFiles/lbug_main.dir/connection.cpp.o
[689/1186] Building CXX object src/main/CMakeFiles/lbug_main.dir/database.cpp.o
[690/1186] Building CXX object src/main/CMakeFiles/lbug_main.dir/client_context.cpp.o
[691/1186] Building CXX object src/main/CMakeFiles/lbug_main.dir/plan_printer.cpp.o
[692/1186] Building CXX object src/main/CMakeFiles/lbug_main.dir/database_manager.cpp.o
[693/1186] Building CXX object src/main/CMakeFiles/lbug_main.dir/prepared_statement.cpp.o
[694/1186] Building CXX object src/main/CMakeFiles/lbug_main.dir/prepared_statement_manager.cpp.o
[695/1186] Building CXX object src/main/CMakeFiles/lbug_main.dir/query_summary.cpp.o
[696/1186] Building CXX object src/main/CMakeFiles/lbug_main.dir/query_result.cpp.o
[697/1186] Building CXX object src/main/CMakeFiles/lbug_main.dir/version.cpp.o
[698/1186] Building CXX object src/main/CMakeFiles/lbug_main.dir/db_config.cpp.o
[699/1186] Building CXX object src/main/CMakeFiles/lbug_main.dir/storage_driver.cpp.o
[700/1186] Building CXX object src/main/CMakeFiles/lbug_main.dir/settings.cpp.o
[701/1186] Building CXX object src/main/query_result/CMakeFiles/lbug_main_query_result.dir/materialized_query_result.cpp.o
[702/1186] Building CXX object src/main/query_result/CMakeFiles/lbug_main_query_result.dir/arrow_query_result.cpp.o
[703/1186] Building CXX object src/optimizer/CMakeFiles/lbug_optimizer.dir/agg_key_dependency_optimizer.cpp.o
[704/1186] Building CXX object src/optimizer/CMakeFiles/lbug_optimizer.dir/bool_folding_optimizer.cpp.o
[705/1186] Building CXX object src/optimizer/CMakeFiles/lbug_optimizer.dir/acc_hash_join_optimizer.cpp.o
[706/1186] Building CXX object src/optimizer/CMakeFiles/lbug_optimizer.dir/correlated_subquery_unnest_solver.cpp.o
[707/1186] Building CXX object src/optimizer/CMakeFiles/lbug_optimizer.dir/cardinality_updater.cpp.o
[708/1186] Building CXX object src/optimizer/CMakeFiles/lbug_optimizer.dir/factorization_rewriter.cpp.o
[709/1186] Building CXX object src/optimizer/CMakeFiles/lbug_optimizer.dir/count_rel_table_optimizer.cpp.o
[710/1186] Building CXX object src/optimizer/CMakeFiles/lbug_optimizer.dir/filter_push_down_optimizer.cpp.o
[711/1186] Building CXX object src/optimizer/CMakeFiles/lbug_optimizer.dir/group_key_predicate_push_down_optimizer.cpp.o
[712/1186] Building CXX object src/optimizer/CMakeFiles/lbug_optimizer.dir/logical_operator_collector.cpp.o
[713/1186] Building CXX object src/optimizer/CMakeFiles/lbug_optimizer.dir/foreign_join_push_down_optimizer.cpp.o
[714/1186] Building CXX object src/optimizer/CMakeFiles/lbug_optimizer.dir/logical_operator_visitor.cpp.o
[715/1186] Building CXX object src/optimizer/CMakeFiles/lbug_optimizer.dir/optimizer.cpp.o
[716/1186] Building CXX object src/optimizer/CMakeFiles/lbug_optimizer.dir/schema_populator.cpp.o
[717/1186] Building CXX object src/optimizer/CMakeFiles/lbug_optimizer.dir/remove_factorization_rewriter.cpp.o
[718/1186] Building CXX object src/optimizer/CMakeFiles/lbug_optimizer.dir/remove_unnecessary_join_optimizer.cpp.o
[719/1186] Building CXX object src/optimizer/CMakeFiles/lbug_optimizer.dir/projection_push_down_optimizer.cpp.o
[720/1186] Building CXX object src/optimizer/CMakeFiles/lbug_optimizer.dir/top_k_optimizer.cpp.o
[721/1186] Building CXX object src/optimizer/CMakeFiles/lbug_optimizer.dir/order_by_push_down_optimizer.cpp.o
[722/1186] Building CXX object src/optimizer/CMakeFiles/lbug_optimizer.dir/limit_push_down_optimizer.cpp.o
[723/1186] Building CXX object src/optimizer/CMakeFiles/lbug_optimizer.dir/remove_unnecessary_distinct_optimizer.cpp.o
[724/1186] Building CXX object src/optimizer/CMakeFiles/lbug_optimizer.dir/remove_unnecessary_order_by_optimizer.cpp.o
[725/1186] Building CXX object src/parser/CMakeFiles/lbug_parser.dir/create_macro.cpp.o
[726/1186] Building CXX object src/optimizer/CMakeFiles/lbug_optimizer.dir/unwind_dedup_optimizer.cpp.o
[727/1186] Building CXX object src/parser/CMakeFiles/lbug_parser.dir/parser.cpp.o
[728/1186] Building CXX object src/parser/CMakeFiles/lbug_parser.dir/parsed_statement_visitor.cpp.o
[729/1186] Building CXX object src/parser/CMakeFiles/lbug_parser.dir/transformer.cpp.o
[730/1186] Building CXX object src/parser/antlr_parser/CMakeFiles/lbug_parser_antlr_parser.dir/lbug_cypher_parser.cpp.o
[731/1186] Building CXX object src/parser/antlr_parser/CMakeFiles/lbug_parser_antlr_parser.dir/parser_error_strategy.cpp.o
[732/1186] Building CXX object src/parser/antlr_parser/CMakeFiles/lbug_parser_antlr_parser.dir/parser_error_listener.cpp.o
[733/1186] Building CXX object src/parser/expression/CMakeFiles/lbug_parser_expression.dir/parsed_case_expression.cpp.o
[734/1186] Building CXX object src/parser/expression/CMakeFiles/lbug_parser_expression.dir/parsed_expression.cpp.o
[735/1186] Building CXX object src/parser/expression/CMakeFiles/lbug_parser_expression.dir/parsed_expression_visitor.cpp.o
[736/1186] Building CXX object src/parser/expression/CMakeFiles/lbug_parser_expression.dir/parsed_property_expression.cpp.o
[737/1186] Building CXX object src/parser/expression/CMakeFiles/lbug_parser_expression.dir/parsed_function_expression.cpp.o
[738/1186] Building CXX object src/parser/expression/CMakeFiles/lbug_parser_expression.dir/parsed_variable_expression.cpp.o
[739/1186] Building CXX object src/parser/transform/CMakeFiles/lbug_parser_transform.dir/transform_copy.cpp.o
[740/1186] Building CXX object src/parser/transform/CMakeFiles/lbug_parser_transform.dir/transform_ddl.cpp.o
[741/1186] Building CXX object src/parser/transform/CMakeFiles/lbug_parser_transform.dir/transform_graph.cpp.o
[742/1186] Building CXX object src/parser/transform/CMakeFiles/lbug_parser_transform.dir/transform_graph_pattern.cpp.o
[743/1186] Building CXX object src/parser/transform/CMakeFiles/lbug_parser_transform.dir/transform_expression.cpp.o
[744/1186] Building CXX object src/parser/transform/CMakeFiles/lbug_parser_transform.dir/transform_macro.cpp.o
[745/1186] Building CXX object src/parser/transform/CMakeFiles/lbug_parser_transform.dir/transform_projection.cpp.o
[746/1186] Building CXX object src/parser/transform/CMakeFiles/lbug_parser_transform.dir/transform_query.cpp.o
[747/1186] Building CXX object src/parser/transform/CMakeFiles/lbug_parser_transform.dir/transform_standalone_call.cpp.o
[748/1186] Building CXX object src/parser/transform/CMakeFiles/lbug_parser_transform.dir/transform_reading_clause.cpp.o
[749/1186] Building CXX object src/parser/transform/CMakeFiles/lbug_parser_transform.dir/transform_transaction.cpp.o
[750/1186] Building CXX object src/parser/transform/CMakeFiles/lbug_parser_transform.dir/transform_updating_clause.cpp.o
[751/1186] Building CXX object src/parser/transform/CMakeFiles/lbug_parser_transform.dir/transform_port_db.cpp.o
[752/1186] Building CXX object src/parser/transform/CMakeFiles/lbug_parser_transform.dir/transform_extension.cpp.o
[753/1186] Building CXX object src/parser/transform/CMakeFiles/lbug_parser_transform.dir/transform_attach_database.cpp.o
[754/1186] Building CXX object src/parser/transform/CMakeFiles/lbug_parser_transform.dir/transform_detach_database.cpp.o
[755/1186] Building CXX object src/parser/transform/CMakeFiles/lbug_parser_transform.dir/transform_use_database.cpp.o
[756/1186] Building CXX object src/parser/visitor/CMakeFiles/lbug_parser_visitor.dir/statement_read_write_analyzer.cpp.o
[757/1186] Building CXX object src/parser/visitor/CMakeFiles/lbug_parser_visitor.dir/standalone_call_rewriter.cpp.o
[758/1186] Building CXX object src/planner/CMakeFiles/lbug_planner.dir/join_order_enumerator_context.cpp.o
[759/1186] Building CXX object src/planner/CMakeFiles/lbug_planner.dir/planner.cpp.o
[760/1186] Building CXX object src/planner/CMakeFiles/lbug_planner.dir/query_planner.cpp.o
[761/1186] Building CXX object src/planner/CMakeFiles/lbug_planner.dir/subplans_table.cpp.o
[762/1186] Building CXX object src/planner/join_order/CMakeFiles/lbug_planner_join_order.dir/cost_model.cpp.o
[763/1186] Building CXX object src/planner/join_order/CMakeFiles/lbug_planner_join_order.dir/join_order_util.cpp.o
[764/1186] Building CXX object src/planner/join_order/CMakeFiles/lbug_planner_join_order.dir/cardinality_estimator.cpp.o
[765/1186] Building CXX object src/planner/join_order/CMakeFiles/lbug_planner_join_order.dir/join_plan_solver.cpp.o
[766/1186] Building CXX object src/planner/join_order/CMakeFiles/lbug_planner_join_order.dir/join_tree.cpp.o
[767/1186] Building CXX object src/planner/operator/CMakeFiles/lbug_planner_operator.dir/logical_accumulate.cpp.o
[768/1186] Building CXX object src/planner/operator/CMakeFiles/lbug_planner_operator.dir/logical_aggregate.cpp.o
[769/1186] Building CXX object src/planner/join_order/CMakeFiles/lbug_planner_join_order.dir/join_tree_constructor.cpp.o
[770/1186] Building CXX object src/planner/operator/CMakeFiles/lbug_planner_operator.dir/logical_create_macro.cpp.o
[771/1186] Building CXX object src/planner/operator/CMakeFiles/lbug_planner_operator.dir/logical_cross_product.cpp.o
[772/1186] Building CXX object src/planner/operator/CMakeFiles/lbug_planner_operator.dir/logical_distinct.cpp.o
[773/1186] Building CXX object src/planner/operator/CMakeFiles/lbug_planner_operator.dir/logical_dummy_scan.cpp.o
[774/1186] Building CXX object src/planner/operator/CMakeFiles/lbug_planner_operator.dir/logical_dummy_sink.cpp.o
[775/1186] Building CXX object src/planner/operator/CMakeFiles/lbug_planner_operator.dir/logical_filter.cpp.o
[776/1186] Building CXX object src/planner/operator/CMakeFiles/lbug_planner_operator.dir/logical_flatten.cpp.o
[777/1186] Building CXX object src/planner/operator/CMakeFiles/lbug_planner_operator.dir/logical_explain.cpp.o
[778/1186] Building CXX object src/planner/operator/CMakeFiles/lbug_planner_operator.dir/logical_table_function_call.cpp.o
[779/1186] Building CXX object src/planner/operator/CMakeFiles/lbug_planner_operator.dir/logical_hash_join.cpp.o
[780/1186] Building CXX object src/planner/operator/CMakeFiles/lbug_planner_operator.dir/logical_intersect.cpp.o
[781/1186] Building CXX object src/planner/operator/CMakeFiles/lbug_planner_operator.dir/logical_limit.cpp.o
[782/1186] Building CXX object src/planner/operator/CMakeFiles/lbug_planner_operator.dir/logical_operator.cpp.o
[783/1186] Building CXX object src/planner/operator/CMakeFiles/lbug_planner_operator.dir/logical_order_by.cpp.o
[784/1186] Building CXX object src/planner/operator/CMakeFiles/lbug_planner_operator.dir/logical_partitioner.cpp.o
[785/1186] Building CXX object src/planner/operator/CMakeFiles/lbug_planner_operator.dir/logical_plan.cpp.o
[786/1186] Building CXX object src/planner/operator/CMakeFiles/lbug_planner_operator.dir/logical_path_property_probe.cpp.o
[787/1186] Building CXX object src/planner/operator/CMakeFiles/lbug_planner_operator.dir/logical_projection.cpp.o
[788/1186] Building CXX object src/planner/operator/CMakeFiles/lbug_planner_operator.dir/logical_plan_util.cpp.o
[789/1186] Building CXX object src/planner/operator/CMakeFiles/lbug_planner_operator.dir/logical_standalone_call.cpp.o
[790/1186] Building CXX object src/planner/operator/CMakeFiles/lbug_planner_operator.dir/logical_union.cpp.o
[791/1186] Building CXX object src/planner/operator/CMakeFiles/lbug_planner_operator.dir/logical_unwind.cpp.o
[792/1186] Building CXX object src/planner/operator/CMakeFiles/lbug_planner_operator.dir/logical_unwind_deduplicate.cpp.o
[793/1186] Building CXX object src/planner/operator/CMakeFiles/lbug_planner_operator.dir/schema.cpp.o
[794/1186] Building CXX object src/planner/operator/extend/CMakeFiles/lbug_planner_extend.dir/base_logical_extend.cpp.o
[795/1186] Building CXX object src/planner/operator/extend/CMakeFiles/lbug_planner_extend.dir/logical_extend.cpp.o
[796/1186] Building CXX object src/planner/operator/extend/CMakeFiles/lbug_planner_extend.dir/logical_packed_extend.cpp.o
[797/1186] Building CXX object src/planner/operator/extend/CMakeFiles/lbug_planner_extend.dir/logical_recursive_extend.cpp.o
[798/1186] Building CXX object src/planner/operator/factorization/CMakeFiles/lbug_planner_factorization.dir/sink_util.cpp.o
[799/1186] Building CXX object src/planner/operator/persistent/CMakeFiles/lbug_planner_persistent.dir/logical_copy_from.cpp.o
[800/1186] Building CXX object src/planner/operator/factorization/CMakeFiles/lbug_planner_factorization.dir/flatten_resolver.cpp.o
[801/1186] Building CXX object src/planner/operator/persistent/CMakeFiles/lbug_planner_persistent.dir/logical_copy_to.cpp.o
[802/1186] Building CXX object src/planner/operator/persistent/CMakeFiles/lbug_planner_persistent.dir/logical_insert.cpp.o
[803/1186] Building CXX object src/planner/operator/persistent/CMakeFiles/lbug_planner_persistent.dir/logical_delete.cpp.o
[804/1186] Building CXX object src/planner/operator/persistent/CMakeFiles/lbug_planner_persistent.dir/logical_merge.cpp.o
[805/1186] Building CXX object src/planner/operator/scan/CMakeFiles/lbug_planner_scan.dir/logical_count_rel_table.cpp.o
[806/1186] Building CXX object src/planner/operator/persistent/CMakeFiles/lbug_planner_persistent.dir/logical_set.cpp.o
[807/1186] Building CXX object src/planner/operator/scan/CMakeFiles/lbug_planner_scan.dir/logical_expressions_scan.cpp.o
[808/1186] Building CXX object src/planner/operator/scan/CMakeFiles/lbug_planner_scan.dir/logical_index_look_up.cpp.o
[809/1186] Building CXX object src/planner/operator/scan/CMakeFiles/lbug_planner_scan.dir/logical_query_primary_key_lookup.cpp.o
[810/1186] Building CXX object src/planner/operator/scan/CMakeFiles/lbug_planner_scan.dir/logical_reachable_count.cpp.o
[811/1186] Building CXX object src/planner/operator/scan/CMakeFiles/lbug_planner_scan.dir/logical_rel_degree_table.cpp.o
[812/1186] Building CXX object src/planner/operator/simple/CMakeFiles/lbug_planner_simple.dir/logical_simple.cpp.o
[813/1186] Building CXX object src/planner/operator/scan/CMakeFiles/lbug_planner_scan.dir/logical_scan_node_table.cpp.o
[814/1186] Building CXX object src/planner/operator/sip/CMakeFiles/lbug_planner_sip.dir/logical_semi_masker.cpp.o
[815/1186] Building CXX object src/planner/plan/CMakeFiles/lbug_planner_plan_operator.dir/append_accumulate.cpp.o
[816/1186] Building CXX object src/planner/plan/CMakeFiles/lbug_planner_plan_operator.dir/append_aggregate.cpp.o
[817/1186] Building CXX object src/planner/plan/CMakeFiles/lbug_planner_plan_operator.dir/append_insert.cpp.o
[818/1186] Building CXX object src/planner/plan/CMakeFiles/lbug_planner_plan_operator.dir/append_cross_product.cpp.o
[819/1186] Building CXX object src/planner/plan/CMakeFiles/lbug_planner_plan_operator.dir/append_delete.cpp.o
[820/1186] Building CXX object src/planner/plan/CMakeFiles/lbug_planner_plan_operator.dir/append_distinct.cpp.o
[821/1186] Building CXX object src/planner/plan/CMakeFiles/lbug_planner_plan_operator.dir/append_dummy_scan.cpp.o
[822/1186] Building CXX object src/planner/plan/CMakeFiles/lbug_planner_plan_operator.dir/append_empty_result.cpp.o
[823/1186] Building CXX object src/planner/plan/CMakeFiles/lbug_planner_plan_operator.dir/append_expressions_scan.cpp.o
[824/1186] Building CXX object src/planner/plan/CMakeFiles/lbug_planner_plan_operator.dir/append_filter.cpp.o
[825/1186] Building CXX object src/planner/plan/CMakeFiles/lbug_planner_plan_operator.dir/append_extend.cpp.o
[826/1186] Building CXX object src/planner/plan/CMakeFiles/lbug_planner_plan_operator.dir/append_flatten.cpp.o
[827/1186] Building CXX object src/planner/plan/CMakeFiles/lbug_planner_plan_operator.dir/append_table_function_call.cpp.o
[828/1186] Building CXX object src/planner/plan/CMakeFiles/lbug_planner_plan_operator.dir/append_join.cpp.o
[829/1186] Building CXX object src/planner/plan/CMakeFiles/lbug_planner_plan_operator.dir/append_limit.cpp.o
[830/1186] Building CXX object src/planner/plan/CMakeFiles/lbug_planner_plan_operator.dir/append_multiplicity_reducer.cpp.o
[831/1186] Building CXX object src/planner/plan/CMakeFiles/lbug_planner_plan_operator.dir/append_order_by.cpp.o
[832/1186] Building CXX object src/planner/plan/CMakeFiles/lbug_planner_plan_operator.dir/append_projection.cpp.o
[833/1186] Building CXX object src/planner/plan/CMakeFiles/lbug_planner_plan_operator.dir/append_scan_node_table.cpp.o
[834/1186] Building CXX object src/planner/plan/CMakeFiles/lbug_planner_plan_operator.dir/append_set.cpp.o
[835/1186] Building CXX object src/planner/plan/CMakeFiles/lbug_planner_plan_operator.dir/append_unwind.cpp.o
[836/1186] Building CXX object src/planner/plan/CMakeFiles/lbug_planner_plan_operator.dir/append_simple.cpp.o
[837/1186] Building CXX object src/planner/plan/CMakeFiles/lbug_planner_plan_operator.dir/plan_copy.cpp.o
[838/1186] Building CXX object src/planner/plan/CMakeFiles/lbug_planner_plan_operator.dir/plan_node_scan.cpp.o
[839/1186] Building CXX object src/planner/plan/CMakeFiles/lbug_planner_plan_operator.dir/plan_join_order.cpp.o
[840/1186] Building CXX object src/planner/plan/CMakeFiles/lbug_planner_plan_operator.dir/plan_node_semi_mask.cpp.o
[841/1186] Building CXX object src/planner/plan/CMakeFiles/lbug_planner_plan_operator.dir/plan_projection.cpp.o
[842/1186] Building CXX object src/planner/plan/CMakeFiles/lbug_planner_plan_operator.dir/plan_read.cpp.o
[843/1186] Building CXX object src/planner/plan/CMakeFiles/lbug_planner_plan_operator.dir/plan_single_query.cpp.o
[844/1186] Building CXX object src/planner/plan/CMakeFiles/lbug_planner_plan_operator.dir/plan_update.cpp.o
[845/1186] Building CXX object src/planner/plan/CMakeFiles/lbug_planner_plan_operator.dir/plan_subquery.cpp.o
[846/1186] Building CXX object src/processor/CMakeFiles/lbug_processor.dir/warning_context.cpp.o
[847/1186] Building CXX object src/processor/CMakeFiles/lbug_processor.dir/physical_plan_util.cpp.o
[848/1186] Building CXX object src/processor/CMakeFiles/lbug_processor.dir/processor.cpp.o
[849/1186] Building CXX object src/planner/plan/CMakeFiles/lbug_planner_plan_operator.dir/plan_port_db.cpp.o
[850/1186] Building CXX object src/processor/CMakeFiles/lbug_processor.dir/processor_task.cpp.o
[851/1186] Building CXX object src/processor/CMakeFiles/lbug_processor.dir/partition_routing.cpp.o
[852/1186] Building CXX object src/processor/map/CMakeFiles/lbug_processor_mapper.dir/create_arrow_result_collector.cpp.o
[853/1186] Building CXX object src/processor/map/CMakeFiles/lbug_processor_mapper.dir/create_factorized_table_scan.cpp.o
[854/1186] Building CXX object src/processor/map/CMakeFiles/lbug_processor_mapper.dir/create_result_collector.cpp.o
[855/1186] Building CXX object src/processor/map/CMakeFiles/lbug_processor_mapper.dir/map_acc_hash_join.cpp.o
[856/1186] Building CXX object src/processor/map/CMakeFiles/lbug_processor_mapper.dir/expression_mapper.cpp.o
[857/1186] Building CXX object src/processor/map/CMakeFiles/lbug_processor_mapper.dir/map_accumulate.cpp.o
[858/1186] Building CXX object src/processor/map/CMakeFiles/lbug_processor_mapper.dir/map_analyze.cpp.o
[859/1186] Building CXX object src/processor/map/CMakeFiles/lbug_processor_mapper.dir/map_count_rel_table.cpp.o
[860/1186] Building CXX object src/processor/map/CMakeFiles/lbug_processor_mapper.dir/map_aggregate.cpp.o
[861/1186] Building CXX object src/processor/map/CMakeFiles/lbug_processor_mapper.dir/map_standalone_call.cpp.o
[862/1186] Building CXX object src/processor/map/CMakeFiles/lbug_processor_mapper.dir/map_table_function_call.cpp.o
[863/1186] Building CXX object src/processor/map/CMakeFiles/lbug_processor_mapper.dir/map_copy_to.cpp.o
[864/1186] Building CXX object src/processor/map/CMakeFiles/lbug_processor_mapper.dir/map_copy_from.cpp.o
[865/1186] Building CXX object src/processor/map/CMakeFiles/lbug_processor_mapper.dir/map_insert.cpp.o
[866/1186] Building CXX object src/processor/map/CMakeFiles/lbug_processor_mapper.dir/map_create_macro.cpp.o
[867/1186] Building CXX object src/processor/map/CMakeFiles/lbug_processor_mapper.dir/map_cross_product.cpp.o
[868/1186] Building CXX object src/processor/map/CMakeFiles/lbug_processor_mapper.dir/map_ddl.cpp.o
[869/1186] Building CXX object src/processor/map/CMakeFiles/lbug_processor_mapper.dir/map_distinct.cpp.o
[870/1186] Building CXX object src/processor/map/CMakeFiles/lbug_processor_mapper.dir/map_explain.cpp.o
[871/1186] Building CXX object src/processor/map/CMakeFiles/lbug_processor_mapper.dir/map_delete.cpp.o
[872/1186] Building CXX object src/processor/map/CMakeFiles/lbug_processor_mapper.dir/map_expressions_scan.cpp.o
[873/1186] Building CXX object src/processor/map/CMakeFiles/lbug_processor_mapper.dir/map_dummy_scan.cpp.o
[874/1186] Building CXX object src/processor/map/CMakeFiles/lbug_processor_mapper.dir/map_empty_result.cpp.o
[875/1186] Building CXX object src/processor/map/CMakeFiles/lbug_processor_mapper.dir/map_dummy_sink.cpp.o
[876/1186] Building CXX object src/processor/map/CMakeFiles/lbug_processor_mapper.dir/map_filter.cpp.o
[877/1186] Building CXX object src/processor/map/CMakeFiles/lbug_processor_mapper.dir/map_flatten.cpp.o
[878/1186] Building CXX object src/processor/map/CMakeFiles/lbug_processor_mapper.dir/map_hash_join.cpp.o
[879/1186] Building CXX object src/processor/map/CMakeFiles/lbug_processor_mapper.dir/map_extend.cpp.o
[880/1186] Building CXX object src/processor/map/CMakeFiles/lbug_processor_mapper.dir/map_index_scan_node.cpp.o
[881/1186] Building CXX object src/processor/map/CMakeFiles/lbug_processor_mapper.dir/map_label_filter.cpp.o
[882/1186] Building CXX object src/processor/map/CMakeFiles/lbug_processor_mapper.dir/map_limit.cpp.o
[883/1186] Building CXX object src/processor/map/CMakeFiles/lbug_processor_mapper.dir/map_intersect.cpp.o
[884/1186] Building CXX object src/processor/map/CMakeFiles/lbug_processor_mapper.dir/map_multiplicity_reducer.cpp.o
[885/1186] Building CXX object src/processor/map/CMakeFiles/lbug_processor_mapper.dir/map_noop.cpp.o
[886/1186] Building CXX object src/processor/map/CMakeFiles/lbug_processor_mapper.dir/map_merge.cpp.o
[887/1186] Building CXX object src/processor/map/CMakeFiles/lbug_processor_mapper.dir/map_order_by.cpp.o
[888/1186] Building CXX object src/processor/map/CMakeFiles/lbug_processor_mapper.dir/map_path_property_probe.cpp.o
[889/1186] Building CXX object src/processor/map/CMakeFiles/lbug_processor_mapper.dir/map_projection.cpp.o
[890/1186] Building CXX object src/processor/map/CMakeFiles/lbug_processor_mapper.dir/map_query_primary_key_lookup.cpp.o
[891/1186] Building CXX object src/processor/map/CMakeFiles/lbug_processor_mapper.dir/map_recursive_extend.cpp.o
[892/1186] Building CXX object src/processor/map/CMakeFiles/lbug_processor_mapper.dir/map_rel_degree_table.cpp.o
[893/1186] Building CXX object src/processor/map/CMakeFiles/lbug_processor_mapper.dir/map_reachable_count.cpp.o
[894/1186] Building CXX object src/processor/map/CMakeFiles/lbug_processor_mapper.dir/map_scan_node_table.cpp.o
[895/1186] Building CXX object src/processor/map/CMakeFiles/lbug_processor_mapper.dir/map_semi_masker.cpp.o
[896/1186] Building CXX object src/processor/map/CMakeFiles/lbug_processor_mapper.dir/map_set.cpp.o
[897/1186] Building CXX object src/processor/map/CMakeFiles/lbug_processor_mapper.dir/map_simple.cpp.o
[898/1186] Building CXX object src/processor/map/CMakeFiles/lbug_processor_mapper.dir/map_transaction.cpp.o
[899/1186] Building CXX object src/processor/map/CMakeFiles/lbug_processor_mapper.dir/map_unwind.cpp.o
[900/1186] Building CXX object src/processor/map/CMakeFiles/lbug_processor_mapper.dir/map_union.cpp.o
[901/1186] Building CXX object src/processor/map/CMakeFiles/lbug_processor_mapper.dir/map_unwind_dedup.cpp.o
[902/1186] Building CXX object src/processor/map/CMakeFiles/lbug_processor_mapper.dir/plan_mapper.cpp.o
[903/1186] Building CXX object src/processor/operator/CMakeFiles/lbug_processor_operator.dir/arrow_result_collector.cpp.o
[904/1186] Building CXX object src/processor/operator/CMakeFiles/lbug_processor_operator.dir/base_partitioner_shared_state.cpp.o
[905/1186] Building CXX object src/processor/operator/CMakeFiles/lbug_processor_operator.dir/cross_product.cpp.o
[906/1186] Building CXX object src/processor/operator/CMakeFiles/lbug_processor_operator.dir/empty_result.cpp.o
[907/1186] Building CXX object src/processor/operator/CMakeFiles/lbug_processor_operator.dir/filter.cpp.o
[908/1186] Building CXX object src/processor/operator/CMakeFiles/lbug_processor_operator.dir/filtering_operator.cpp.o
[909/1186] Building CXX object src/processor/operator/CMakeFiles/lbug_processor_operator.dir/flatten.cpp.o
[910/1186] Building CXX object src/processor/operator/CMakeFiles/lbug_processor_operator.dir/limit.cpp.o
[911/1186] Building CXX object src/processor/operator/CMakeFiles/lbug_processor_operator.dir/multiplicity_reducer.cpp.o
[912/1186] Building CXX object src/processor/operator/CMakeFiles/lbug_processor_operator.dir/partitioner.cpp.o
[913/1186] Building CXX object src/processor/operator/CMakeFiles/lbug_processor_operator.dir/index_lookup.cpp.o
[914/1186] Building CXX object src/processor/operator/CMakeFiles/lbug_processor_operator.dir/physical_operator.cpp.o
[915/1186] Building CXX object src/processor/operator/CMakeFiles/lbug_processor_operator.dir/path_property_probe.cpp.o
[916/1186] Building CXX object src/processor/operator/CMakeFiles/lbug_processor_operator.dir/projection.cpp.o
[917/1186] Building CXX object src/processor/operator/CMakeFiles/lbug_processor_operator.dir/profile.cpp.o
[918/1186] Building CXX object src/processor/operator/CMakeFiles/lbug_processor_operator.dir/query_primary_key_lookup.cpp.o
[919/1186] Building CXX object src/processor/operator/CMakeFiles/lbug_processor_operator.dir/result_collector.cpp.o
[920/1186] Building CXX object src/processor/operator/CMakeFiles/lbug_processor_operator.dir/recursive_extend.cpp.o
[921/1186] Building CXX object src/processor/operator/CMakeFiles/lbug_processor_operator.dir/sink.cpp.o
[922/1186] Building CXX object src/processor/operator/CMakeFiles/lbug_processor_operator.dir/semi_masker.cpp.o
[923/1186] Building CXX object src/processor/operator/CMakeFiles/lbug_processor_operator.dir/skip.cpp.o
[924/1186] Building CXX object src/processor/operator/CMakeFiles/lbug_processor_operator.dir/standalone_call.cpp.o
[925/1186] Building CXX object src/processor/operator/CMakeFiles/lbug_processor_operator.dir/table_function_call.cpp.o
[926/1186] Building CXX object src/processor/operator/CMakeFiles/lbug_processor_operator.dir/unwind.cpp.o
[927/1186] Building CXX object src/processor/operator/CMakeFiles/lbug_processor_operator.dir/transaction.cpp.o
[928/1186] Building CXX object src/processor/operator/CMakeFiles/lbug_processor_operator.dir/unwind_dedup.cpp.o
[929/1186] Building CXX object src/processor/operator/aggregate/CMakeFiles/lbug_processor_operator_aggregate.dir/aggregate_hash_table.cpp.o
[930/1186] Building CXX object src/processor/operator/aggregate/CMakeFiles/lbug_processor_operator_aggregate.dir/base_aggregate.cpp.o
[931/1186] Building CXX object src/processor/operator/aggregate/CMakeFiles/lbug_processor_operator_aggregate.dir/base_aggregate_scan.cpp.o
[932/1186] Building CXX object src/processor/operator/aggregate/CMakeFiles/lbug_processor_operator_aggregate.dir/hash_aggregate_scan.cpp.o
[933/1186] Building CXX object src/processor/operator/aggregate/CMakeFiles/lbug_processor_operator_aggregate.dir/hash_aggregate.cpp.o
[934/1186] Building CXX object src/processor/operator/aggregate/CMakeFiles/lbug_processor_operator_aggregate.dir/packed_filtered_count.cpp.o
[935/1186] Building CXX object src/processor/operator/aggregate/CMakeFiles/lbug_processor_operator_aggregate.dir/simple_aggregate_scan.cpp.o
[936/1186] Building CXX object src/processor/operator/aggregate/CMakeFiles/lbug_processor_operator_aggregate.dir/simple_aggregate.cpp.o
[937/1186] Building CXX object src/processor/operator/ddl/CMakeFiles/lbug_processor_operator_ddl.dir/alter.cpp.o
[938/1186] Building CXX object src/processor/operator/ddl/CMakeFiles/lbug_processor_operator_ddl.dir/create_table.cpp.o
[939/1186] Building CXX object src/processor/operator/ddl/CMakeFiles/lbug_processor_operator_ddl.dir/create_index.cpp.o
[940/1186] Building CXX object src/processor/operator/ddl/CMakeFiles/lbug_processor_operator_ddl.dir/create_type.cpp.o
[941/1186] Building CXX object src/processor/operator/ddl/CMakeFiles/lbug_processor_operator_ddl.dir/drop.cpp.o
[942/1186] Building CXX object src/processor/operator/ddl/CMakeFiles/lbug_processor_operator_ddl.dir/create_sequence.cpp.o
[943/1186] Building CXX object src/processor/operator/hash_join/CMakeFiles/lbug_processor_operator_hash_join.dir/hash_join_probe.cpp.o
[944/1186] Building CXX object src/processor/operator/hash_join/CMakeFiles/lbug_processor_operator_hash_join.dir/hash_join_build.cpp.o
[945/1186] Building CXX object src/processor/operator/hash_join/CMakeFiles/lbug_processor_operator_hash_join.dir/join_hash_table.cpp.o
[946/1186] Building CXX object src/processor/operator/intersect/CMakeFiles/lbug_processor_operator_intersect.dir/intersect.cpp.o
[947/1186] Building CXX object src/processor/operator/order_by/CMakeFiles/lbug_processor_operator_order_by.dir/key_block_merger.cpp.o
[948/1186] Building CXX object src/processor/operator/order_by/CMakeFiles/lbug_processor_operator_order_by.dir/order_by.cpp.o
[949/1186] Building CXX object src/processor/operator/order_by/CMakeFiles/lbug_processor_operator_order_by.dir/order_by_key_encoder.cpp.o
[950/1186] Building CXX object src/processor/operator/order_by/CMakeFiles/lbug_processor_operator_order_by.dir/order_by_scan.cpp.o
[951/1186] Building CXX object src/processor/operator/order_by/CMakeFiles/lbug_processor_operator_order_by.dir/order_by_merge.cpp.o
[952/1186] Building CXX object src/processor/operator/order_by/CMakeFiles/lbug_processor_operator_order_by.dir/radix_sort.cpp.o
[953/1186] Building CXX object src/processor/operator/order_by/CMakeFiles/lbug_processor_operator_order_by.dir/sort_state.cpp.o
[954/1186] Building CXX object src/processor/operator/order_by/CMakeFiles/lbug_processor_operator_order_by.dir/top_k_scanner.cpp.o
[955/1186] Building CXX object src/processor/operator/persistent/CMakeFiles/lbug_processor_operator_persistent.dir/batch_insert_error_handler.cpp.o
[956/1186] Building CXX object src/processor/operator/order_by/CMakeFiles/lbug_processor_operator_order_by.dir/top_k.cpp.o
[957/1186] Building CXX object src/processor/operator/persistent/CMakeFiles/lbug_processor_operator_persistent.dir/node_batch_insert_error_handler.cpp.o
[958/1186] Building CXX object src/processor/operator/persistent/CMakeFiles/lbug_processor_operator_persistent.dir/copy_rel_batch_insert.cpp.o
[959/1186] Building CXX object src/processor/operator/persistent/CMakeFiles/lbug_processor_operator_persistent.dir/rel_batch_insert.cpp.o
[960/1186] Building CXX object src/processor/operator/persistent/CMakeFiles/lbug_processor_operator_persistent.dir/node_batch_insert.cpp.o
[961/1186] Building CXX object src/processor/operator/persistent/CMakeFiles/lbug_processor_operator_persistent.dir/copy_to.cpp.o
[962/1186] Building CXX object src/processor/operator/persistent/CMakeFiles/lbug_processor_operator_persistent.dir/delete.cpp.o
[963/1186] Building CXX object src/processor/operator/persistent/CMakeFiles/lbug_processor_operator_persistent.dir/delete_executor.cpp.o
[964/1186] Building CXX object src/processor/operator/persistent/CMakeFiles/lbug_processor_operator_persistent.dir/insert.cpp.o
[965/1186] Building CXX object src/processor/operator/persistent/CMakeFiles/lbug_processor_operator_persistent.dir/insert_executor.cpp.o
[966/1186] Building CXX object src/processor/operator/persistent/CMakeFiles/lbug_processor_operator_persistent.dir/index_builder.cpp.o
[967/1186] Building CXX object src/processor/operator/persistent/CMakeFiles/lbug_processor_operator_persistent.dir/merge.cpp.o
[968/1186] Building CXX object src/processor/operator/persistent/CMakeFiles/lbug_processor_operator_persistent.dir/set.cpp.o
[969/1186] Building CXX object src/processor/operator/persistent/reader/CMakeFiles/lbug_processor_operator_persistent_reader.dir/copy_from_error.cpp.o
[970/1186] Building CXX object src/processor/operator/persistent/CMakeFiles/lbug_processor_operator_persistent.dir/set_executor.cpp.o
[971/1186] Building CXX object src/processor/operator/persistent/reader/CMakeFiles/lbug_processor_operator_persistent_reader.dir/reader_bind_utils.cpp.o
[972/1186] Building CXX object src/processor/operator/persistent/reader/CMakeFiles/lbug_processor_operator_persistent_reader.dir/file_error_handler.cpp.o
[973/1186] Building CXX object src/processor/operator/persistent/reader/csv/CMakeFiles/lbug_processor_operator_csv_reader.dir/csv_boundary_scanner.cpp.o
[974/1186] Building CXX object src/processor/operator/persistent/reader/csv/CMakeFiles/lbug_processor_operator_csv_reader.dir/base_csv_reader.cpp.o
[975/1186] Building CXX object src/processor/operator/persistent/reader/csv/CMakeFiles/lbug_processor_operator_csv_reader.dir/driver.cpp.o
[976/1186] Building CXX object src/processor/operator/persistent/reader/csv/CMakeFiles/lbug_processor_operator_csv_reader.dir/parallel_csv_reader.cpp.o
[977/1186] Building CXX object src/processor/operator/persistent/reader/csv/CMakeFiles/lbug_processor_operator_csv_reader.dir/dialect_detection.cpp.o
[978/1186] Building CXX object src/processor/operator/persistent/reader/csv/CMakeFiles/lbug_processor_operator_csv_reader.dir/serial_csv_reader.cpp.o
[979/1186] Building CXX object src/processor/operator/persistent/reader/parquet/CMakeFiles/lbug_processor_operator_parquet_reader.dir/boolean_column_reader.cpp.o
[980/1186] Building CXX object src/processor/operator/persistent/reader/npy/CMakeFiles/lbug_processor_operator_npy_reader.dir/npy_reader.cpp.o
[981/1186] Building CXX object src/processor/operator/persistent/reader/parquet/CMakeFiles/lbug_processor_operator_parquet_reader.dir/column_reader.cpp.o
[982/1186] Building CXX object src/processor/operator/persistent/reader/parquet/CMakeFiles/lbug_processor_operator_parquet_reader.dir/interval_column_reader.cpp.o
[983/1186] Building CXX object src/processor/operator/persistent/reader/parquet/CMakeFiles/lbug_processor_operator_parquet_reader.dir/struct_column_reader.cpp.o
[984/1186] Building CXX object src/processor/operator/persistent/reader/parquet/CMakeFiles/lbug_processor_operator_parquet_reader.dir/string_column_reader.cpp.o
[985/1186] Building CXX object src/processor/operator/persistent/reader/parquet/CMakeFiles/lbug_processor_operator_parquet_reader.dir/parquet_reader.cpp.o
[986/1186] Building CXX object src/processor/operator/persistent/reader/parquet/CMakeFiles/lbug_processor_operator_parquet_reader.dir/parquet_timestamp.cpp.o
[987/1186] Building CXX object src/processor/operator/persistent/reader/parquet/CMakeFiles/lbug_processor_operator_parquet_reader.dir/list_column_reader.cpp.o
[988/1186] Building CXX object src/processor/operator/persistent/reader/parquet/CMakeFiles/lbug_processor_operator_parquet_reader.dir/uuid_column_reader.cpp.o
[989/1186] Building CXX object src/processor/operator/persistent/writer/parquet/CMakeFiles/lbug_processor_operator_parquet_writer.dir/boolean_column_writer.cpp.o
[990/1186] Building CXX object src/processor/operator/persistent/writer/parquet/CMakeFiles/lbug_processor_operator_parquet_writer.dir/basic_column_writer.cpp.o
[991/1186] Building CXX object src/processor/operator/persistent/writer/parquet/CMakeFiles/lbug_processor_operator_parquet_writer.dir/interval_column_writer.cpp.o
[992/1186] Building CXX object src/processor/operator/persistent/writer/parquet/CMakeFiles/lbug_processor_operator_parquet_writer.dir/column_writer.cpp.o
[993/1186] Building CXX object src/processor/operator/persistent/writer/parquet/CMakeFiles/lbug_processor_operator_parquet_writer.dir/struct_column_writer.cpp.o
[994/1186] Building CXX object src/processor/operator/persistent/writer/parquet/CMakeFiles/lbug_processor_operator_parquet_writer.dir/string_column_writer.cpp.o
[995/1186] Building CXX object src/processor/operator/persistent/writer/parquet/CMakeFiles/lbug_processor_operator_parquet_writer.dir/list_column_writer.cpp.o
[996/1186] Building CXX object src/processor/operator/persistent/writer/parquet/CMakeFiles/lbug_processor_operator_parquet_writer.dir/parquet_rle_bp_encoder.cpp.o
[997/1186] Building CXX object src/processor/operator/persistent/writer/parquet/CMakeFiles/lbug_processor_operator_parquet_writer.dir/parquet_writer.cpp.o
[998/1186] Building CXX object src/processor/operator/persistent/writer/parquet/CMakeFiles/lbug_processor_operator_parquet_writer.dir/uuid_column_writer.cpp.o
[999/1186] Building CXX object src/processor/operator/scan/CMakeFiles/lbug_processor_operator_scan.dir/count_rel_table.cpp.o
[1000/1186] Building CXX object src/processor/operator/scan/CMakeFiles/lbug_processor_operator_scan.dir/primary_key_scan_node_table.cpp.o
[1001/1186] Building CXX object src/processor/operator/scan/CMakeFiles/lbug_processor_operator_scan.dir/rel_degree_table.cpp.o
[1002/1186] Building CXX object src/processor/operator/scan/CMakeFiles/lbug_processor_operator_scan.dir/reachable_count.cpp.o
[1003/1186] Building CXX object src/processor/operator/scan/CMakeFiles/lbug_processor_operator_scan.dir/scan_multi_rel_tables.cpp.o
[1004/1186] Building CXX object src/processor/operator/scan/CMakeFiles/lbug_processor_operator_scan.dir/scan_node_table.cpp.o
[1005/1186] Building CXX object src/processor/operator/scan/CMakeFiles/lbug_processor_operator_scan.dir/scan_table.cpp.o
[1006/1186] Building CXX object src/processor/operator/simple/CMakeFiles/lbug_processor_operator_simple.dir/analyze.cpp.o
[1007/1186] Building CXX object src/processor/operator/scan/CMakeFiles/lbug_processor_operator_scan.dir/scan_rel_table.cpp.o
[1008/1186] Building CXX object src/processor/operator/simple/CMakeFiles/lbug_processor_operator_simple.dir/attach_database.cpp.o
[1009/1186] Building CXX object src/processor/operator/simple/CMakeFiles/lbug_processor_operator_simple.dir/detach_database.cpp.o
[1010/1186] Building CXX object src/processor/operator/simple/CMakeFiles/lbug_processor_operator_simple.dir/install_extension.cpp.o
[1011/1186] Building CXX object src/processor/operator/simple/CMakeFiles/lbug_processor_operator_simple.dir/load_extension.cpp.o
[1012/1186] Building CXX object src/processor/operator/simple/CMakeFiles/lbug_processor_operator_simple.dir/import_db.cpp.o
[1013/1186] Building CXX object src/processor/operator/simple/CMakeFiles/lbug_processor_operator_simple.dir/export_db.cpp.o
[1014/1186] Building CXX object src/processor/operator/simple/CMakeFiles/lbug_processor_operator_simple.dir/use_database.cpp.o
[1015/1186] Building CXX object src/processor/operator/simple/CMakeFiles/lbug_processor_operator_simple.dir/use_graph.cpp.o
[1016/1186] Building CXX object src/processor/operator/simple/CMakeFiles/lbug_processor_operator_simple.dir/uninstall_extension.cpp.o
[1017/1186] Building CXX object src/processor/operator/table_scan/CMakeFiles/lbug_processor_operator_table_scan.dir/ftable_scan_function.cpp.o
[1018/1186] Building CXX object src/processor/operator/table_scan/CMakeFiles/lbug_processor_operator_table_scan.dir/union_all_scan.cpp.o
[1019/1186] Building CXX object src/processor/operator/macro/CMakeFiles/lbug_processor_operator_create_macro.dir/create_macro.cpp.o
[1020/1186] Building CXX object src/processor/result/CMakeFiles/lbug_processor_result.dir/base_hash_table.cpp.o
[1021/1186] Building CXX object src/processor/result/CMakeFiles/lbug_processor_result.dir/factorized_table.cpp.o
[1022/1186] Building CXX object src/processor/result/CMakeFiles/lbug_processor_result.dir/factorized_table_pool.cpp.o
[1023/1186] Building CXX object src/processor/result/CMakeFiles/lbug_processor_result.dir/factorized_table_schema.cpp.o
[1024/1186] Building CXX object src/processor/result/CMakeFiles/lbug_processor_result.dir/factorized_table_util.cpp.o
[1025/1186] Building CXX object src/processor/result/CMakeFiles/lbug_processor_result.dir/pattern_creation_info_table.cpp.o
[1026/1186] Building CXX object src/processor/result/CMakeFiles/lbug_processor_result.dir/flat_tuple.cpp.o
[1027/1186] Building CXX object src/processor/result/CMakeFiles/lbug_processor_result.dir/result_set_descriptor.cpp.o
[1028/1186] Building CXX object src/processor/result/CMakeFiles/lbug_processor_result.dir/result_set.cpp.o
[1029/1186] Building CXX object src/storage/CMakeFiles/lbug_storage.dir/database_header.cpp.o
[1030/1186] Building CXX object src/storage/CMakeFiles/lbug_storage.dir/checkpointer.cpp.o
[1031/1186] Building CXX object src/storage/CMakeFiles/lbug_storage.dir/disk_array.cpp.o
[1032/1186] Building CXX object src/storage/CMakeFiles/lbug_storage.dir/disk_array_collection.cpp.o
[1033/1186] Building CXX object src/storage/CMakeFiles/lbug_storage.dir/file_db_id_utils.cpp.o
[1034/1186] Building CXX object src/storage/CMakeFiles/lbug_storage.dir/file_handle.cpp.o
[1035/1186] Building CXX object src/storage/CMakeFiles/lbug_storage.dir/optimistic_allocator.cpp.o
[1036/1186] Building CXX object src/storage/CMakeFiles/lbug_storage.dir/free_space_manager.cpp.o
[1037/1186] Building CXX object src/storage/CMakeFiles/lbug_storage.dir/page_manager.cpp.o
[1038/1186] Building CXX object src/storage/CMakeFiles/lbug_storage.dir/overflow_file.cpp.o
[1039/1186] Building CXX object src/storage/CMakeFiles/lbug_storage.dir/shadow_utils.cpp.o
[1040/1186] Building CXX object src/storage/CMakeFiles/lbug_storage.dir/shadow_file.cpp.o
[1041/1186] Building CXX object src/storage/CMakeFiles/lbug_storage.dir/partition_storage_registry.cpp.o
[1042/1186] Building CXX object src/storage/CMakeFiles/lbug_storage.dir/storage_utils.cpp.o
[1043/1186] Building CXX object src/storage/CMakeFiles/lbug_storage.dir/storage_version_info.cpp.o
[1044/1186] Building CXX object src/storage/CMakeFiles/lbug_storage.dir/storage_manager.cpp.o
[1045/1186] Building CXX object src/storage/CMakeFiles/lbug_storage.dir/undo_buffer.cpp.o
[1046/1186] Building CXX object src/storage/buffer_manager/CMakeFiles/lbug_storage_buffer_manager.dir/vm_region.cpp.o
[1047/1186] Building CXX object src/storage/buffer_manager/CMakeFiles/lbug_storage_buffer_manager.dir/memory_manager.cpp.o
[1048/1186] Building CXX object src/storage/buffer_manager/CMakeFiles/lbug_storage_buffer_manager.dir/buffer_manager.cpp.o
[1049/1186] Building CXX object src/storage/buffer_manager/CMakeFiles/lbug_storage_buffer_manager.dir/spiller.cpp.o
[1050/1186] Building CXX object src/storage/compression/CMakeFiles/lbug_storage_compression.dir/float_compression.cpp.o
[1051/1186] Building CXX object src/storage/compression/CMakeFiles/lbug_storage_compression.dir/bitpacking_int128.cpp.o
[1052/1186] Building CXX object src/storage/compression/CMakeFiles/lbug_storage_compression.dir/compression.cpp.o
[1053/1186] Building CXX object src/storage/compression/CMakeFiles/lbug_storage_compression.dir/bitpacking_utils.cpp.o
[1054/1186] Building CXX object src/storage/local_storage/CMakeFiles/lbug_storage_local_storage.dir/local_rel_table.cpp.o
[1055/1186] Building CXX object src/storage/local_storage/CMakeFiles/lbug_storage_local_storage.dir/local_storage.cpp.o
[1056/1186] Building CXX object src/storage/local_storage/CMakeFiles/lbug_storage_local_storage.dir/local_node_table.cpp.o
[1057/1186] Building CXX object src/storage/predicate/CMakeFiles/lbug_storage_predicate.dir/null_predicate.cpp.o
[1058/1186] Building CXX object src/storage/predicate/CMakeFiles/lbug_storage_predicate.dir/column_predicate.cpp.o
[1059/1186] Building CXX object src/storage/predicate/CMakeFiles/lbug_storage_predicate.dir/constant_predicate.cpp.o
[1060/1186] Building CXX object src/storage/index/CMakeFiles/lbug_storage_index.dir/art_index_disk.cpp.o
[1061/1186] Building CXX object src/storage/index/CMakeFiles/lbug_storage_index.dir/art_index.cpp.o
[1062/1186] Building CXX object src/storage/index/CMakeFiles/lbug_storage_index.dir/in_mem_hash_index.cpp.o
[1063/1186] Building CXX object src/storage/index/CMakeFiles/lbug_storage_index.dir/index.cpp.o
[1064/1186] Building CXX object src/storage/stats/CMakeFiles/lbug_storage_stats.dir/column_stats.cpp.o
[1065/1186] Building CXX object src/storage/stats/CMakeFiles/lbug_storage_stats.dir/hyperloglog.cpp.o
[1066/1186] Building CXX object src/storage/stats/CMakeFiles/lbug_storage_stats.dir/planner_stats.cpp.o
[1067/1186] Building CXX object src/storage/stats/CMakeFiles/lbug_storage_stats.dir/table_stats.cpp.o
[1068/1186] Building CXX object src/storage/table/CMakeFiles/lbug_storage_store.dir/arrow_node_table.cpp.o
[1069/1186] Building CXX object src/storage/index/CMakeFiles/lbug_storage_index.dir/hash_index.cpp.o
[1070/1186] Building CXX object src/storage/table/CMakeFiles/lbug_storage_store.dir/arrow_rel_table.cpp.o
[1071/1186] Building CXX object src/storage/table/CMakeFiles/lbug_storage_store.dir/arrow_table_support.cpp.o
[1072/1186] Building CXX object src/storage/table/CMakeFiles/lbug_storage_store.dir/chunked_node_group.cpp.o
[1073/1186] Building CXX object src/storage/table/CMakeFiles/lbug_storage_store.dir/column.cpp.o
[1074/1186] Building CXX object src/storage/table/CMakeFiles/lbug_storage_store.dir/column_chunk.cpp.o
[1075/1186] Building CXX object src/storage/table/CMakeFiles/lbug_storage_store.dir/column_chunk_stats.cpp.o
[1076/1186] Building CXX object src/storage/table/CMakeFiles/lbug_storage_store.dir/column_chunk_data.cpp.o
[1077/1186] Building CXX object src/storage/table/CMakeFiles/lbug_storage_store.dir/columnar_rel_table_base.cpp.o
[1078/1186] Building CXX object src/storage/table/CMakeFiles/lbug_storage_store.dir/columnar_node_table_base.cpp.o
[1079/1186] Building CXX object src/storage/table/CMakeFiles/lbug_storage_store.dir/csr_chunked_node_group.cpp.o
[1080/1186] Building CXX object src/storage/table/CMakeFiles/lbug_storage_store.dir/column_reader_writer.cpp.o
[1081/1186] Building CXX object src/storage/table/CMakeFiles/lbug_storage_store.dir/csr_node_group.cpp.o
[1082/1186] Building CXX object src/storage/table/CMakeFiles/lbug_storage_store.dir/compression_flush_buffer.cpp.o
[1083/1186] Building CXX object src/storage/table/CMakeFiles/lbug_storage_store.dir/column_chunk_metadata.cpp.o
[1084/1186] Building CXX object src/storage/table/CMakeFiles/lbug_storage_store.dir/dictionary_chunk.cpp.o
[1085/1186] Building CXX object src/storage/table/CMakeFiles/lbug_storage_store.dir/dictionary_column.cpp.o
[1086/1186] Building CXX object src/storage/table/CMakeFiles/lbug_storage_store.dir/in_mem_chunked_node_group_collection.cpp.o
[1087/1186] Building CXX object src/storage/table/CMakeFiles/lbug_storage_store.dir/in_memory_exception_chunk.cpp.o
[1088/1186] Building CXX object src/storage/table/CMakeFiles/lbug_storage_store.dir/lazy_segment_scanner.cpp.o
[1089/1186] Building CXX object src/storage/table/CMakeFiles/lbug_storage_store.dir/foreign_rel_table.cpp.o
[1090/1186] Building CXX object src/storage/table/CMakeFiles/lbug_storage_store.dir/list_chunk_data.cpp.o
[1091/1186] Building CXX object src/storage/table/CMakeFiles/lbug_storage_store.dir/list_column.cpp.o
[1092/1186] Building CXX object src/storage/table/CMakeFiles/lbug_storage_store.dir/node_group_collection.cpp.o
[1093/1186] Building CXX object src/storage/table/CMakeFiles/lbug_storage_store.dir/node_group.cpp.o
[1094/1186] Building CXX object src/storage/table/CMakeFiles/lbug_storage_store.dir/null_column.cpp.o
[1095/1186] Building CXX object src/storage/table/CMakeFiles/lbug_storage_store.dir/node_table.cpp.o
[1096/1186] Building CXX object src/storage/table/CMakeFiles/lbug_storage_store.dir/ice_disk_node_table.cpp.o
[1097/1186] Building CXX object src/storage/table/CMakeFiles/lbug_storage_store.dir/ice_disk_rel_table.cpp.o
[1098/1186] Building CXX object src/storage/table/CMakeFiles/lbug_storage_store.dir/rel_table.cpp.o
[1099/1186] Building CXX object src/storage/table/CMakeFiles/lbug_storage_store.dir/rel_table_data.cpp.o
[1100/1186] Building CXX object src/storage/table/CMakeFiles/lbug_storage_store.dir/string_column.cpp.o
[1101/1186] Building CXX object src/storage/table/CMakeFiles/lbug_storage_store.dir/string_chunk_data.cpp.o
[1102/1186] Building CXX object src/storage/table/CMakeFiles/lbug_storage_store.dir/struct_chunk_data.cpp.o
[1103/1186] Building CXX object src/storage/table/CMakeFiles/lbug_storage_store.dir/struct_column.cpp.o
[1104/1186] Building CXX object src/storage/table/CMakeFiles/lbug_storage_store.dir/update_info.cpp.o
[1105/1186] Building CXX object src/storage/table/CMakeFiles/lbug_storage_store.dir/table.cpp.o
[1106/1186] Building CXX object src/storage/table/CMakeFiles/lbug_storage_store.dir/version_info.cpp.o
[1107/1186] Building CXX object src/storage/table/CMakeFiles/lbug_storage_store.dir/version_record_handler.cpp.o
[1108/1186] Building CXX object src/storage/wal/CMakeFiles/lbug_storage_wal.dir/checksum_reader.cpp.o
[1109/1186] Building CXX object src/storage/wal/CMakeFiles/lbug_storage_wal.dir/checksum_writer.cpp.o
[1110/1186] Building CXX object src/storage/wal/CMakeFiles/lbug_storage_wal.dir/local_wal.cpp.o
[1111/1186] Building CXX object src/storage/wal/CMakeFiles/lbug_storage_wal.dir/wal_record.cpp.o
[1112/1186] Building CXX object src/storage/wal/CMakeFiles/lbug_storage_wal.dir/wal.cpp.o
[1113/1186] Building CXX object src/storage/wal/CMakeFiles/lbug_storage_wal.dir/records/begin_transaction_record.cpp.o
[1114/1186] Building CXX object src/storage/wal/CMakeFiles/lbug_storage_wal.dir/records/commit_record.cpp.o
[1115/1186] Building CXX object src/storage/wal/CMakeFiles/lbug_storage_wal.dir/wal_replayer.cpp.o
[1116/1186] Building CXX object src/storage/wal/CMakeFiles/lbug_storage_wal.dir/records/checkpoint_record.cpp.o
[1117/1186] Building CXX object src/storage/wal/CMakeFiles/lbug_storage_wal.dir/records/create_catalog_entry_record.cpp.o
[1118/1186] Building CXX object src/storage/wal/CMakeFiles/lbug_storage_wal.dir/records/create_index_record.cpp.o
[1119/1186] Building CXX object src/storage/wal/CMakeFiles/lbug_storage_wal.dir/records/drop_catalog_entry_record.cpp.o
[1120/1186] Building CXX object src/storage/wal/CMakeFiles/lbug_storage_wal.dir/records/copy_table_record.cpp.o
[1121/1186] Building CXX object src/storage/wal/CMakeFiles/lbug_storage_wal.dir/records/update_sequence_record.cpp.o
[1122/1186] Building CXX object src/storage/wal/CMakeFiles/lbug_storage_wal.dir/records/alter_table_entry_record.cpp.o
[1123/1186] Building CXX object src/storage/wal/CMakeFiles/lbug_storage_wal.dir/records/table_insertion_record.cpp.o
[1124/1186] Building CXX object src/storage/wal/CMakeFiles/lbug_storage_wal.dir/records/node_deletion_record.cpp.o
[1125/1186] Building CXX object src/storage/wal/CMakeFiles/lbug_storage_wal.dir/records/node_update_record.cpp.o
[1126/1186] Building CXX object src/storage/wal/CMakeFiles/lbug_storage_wal.dir/records/rel_deletion_record.cpp.o
[1127/1186] Building CXX object src/storage/wal/CMakeFiles/lbug_storage_wal.dir/records/rel_detach_delete_record.cpp.o
[1128/1186] Building CXX object src/storage/wal/CMakeFiles/lbug_storage_wal.dir/records/rel_update_record.cpp.o
[1129/1186] Building CXX object src/storage/wal/CMakeFiles/lbug_storage_wal.dir/records/load_extension_record.cpp.o
[1130/1186] Building CXX object src/storage/wal/CMakeFiles/lbug_storage_wal.dir/records/create_index_record_replay.cpp.o
[1131/1186] Building CXX object src/storage/wal/CMakeFiles/lbug_storage_wal.dir/records/create_catalog_entry_record_replay.cpp.o
[1132/1186] Building CXX object src/storage/wal/CMakeFiles/lbug_storage_wal.dir/records/drop_catalog_entry_record_replay.cpp.o
[1133/1186] Building CXX object src/storage/wal/CMakeFiles/lbug_storage_wal.dir/records/alter_table_entry_record_replay.cpp.o
[1134/1186] Building CXX object src/storage/wal/CMakeFiles/lbug_storage_wal.dir/records/table_insertion_record_replay.cpp.o
[1135/1186] Building CXX object src/storage/wal/CMakeFiles/lbug_storage_wal.dir/records/node_deletion_record_replay.cpp.o
[1136/1186] Building CXX object src/storage/wal/CMakeFiles/lbug_storage_wal.dir/records/node_update_record_replay.cpp.o
[1137/1186] Building CXX object src/storage/wal/CMakeFiles/lbug_storage_wal.dir/records/rel_deletion_record_replay.cpp.o
[1138/1186] Building CXX object src/storage/wal/CMakeFiles/lbug_storage_wal.dir/records/rel_detach_delete_record_replay.cpp.o
[1139/1186] Building CXX object src/storage/wal/CMakeFiles/lbug_storage_wal.dir/records/copy_table_record_replay.cpp.o
[1140/1186] Building CXX object src/storage/wal/CMakeFiles/lbug_storage_wal.dir/records/rel_update_record_replay.cpp.o
[1141/1186] Building CXX object src/storage/wal/CMakeFiles/lbug_storage_wal.dir/records/update_sequence_record_replay.cpp.o
[1142/1186] Building CXX object src/storage/wal/CMakeFiles/lbug_storage_wal.dir/records/load_extension_record_replay.cpp.o
[1143/1186] Building CXX object src/transaction/CMakeFiles/lbug_transaction.dir/transaction_context.cpp.o
[1144/1186] Building CXX object src/transaction/CMakeFiles/lbug_transaction.dir/transaction.cpp.o
[1145/1186] Building CXX object src/transaction/CMakeFiles/lbug_transaction.dir/transaction_manager.cpp.o
[1146/1186] Building CXX object src/extension/CMakeFiles/lbug_generated_extension_loader.dir/codegen/generated_extension_loader.cpp.o
[1147/1186] Building CXX object src/extension/CMakeFiles/lbug_extension.dir/catalog_extension.cpp.o
[1148/1186] Building CXX object src/extension/CMakeFiles/lbug_extension.dir/extension_entries.cpp.o
[1149/1186] Building CXX object src/extension/CMakeFiles/lbug_extension.dir/extension.cpp.o
[1150/1186] Building CXX object src/extension/CMakeFiles/lbug_extension.dir/extension_manager.cpp.o
[1151/1186] Building CXX object src/extension/CMakeFiles/lbug_extension.dir/loaded_extension.cpp.o
[1152/1186] Building CXX object src/extension/CMakeFiles/lbug_extension.dir/extension_installer.cpp.o
[1153/1186] Building C object third_party/brotli/CMakeFiles/brotlienc.dir/c/enc/backward_references.c.o
[1154/1186] Building C object third_party/brotli/CMakeFiles/brotlienc.dir/c/enc/backward_references_hq.c.o
[1155/1186] Building C object third_party/brotli/CMakeFiles/brotlienc.dir/c/enc/bit_cost.c.o
[1156/1186] Linking CXX static library src/liblbug.a
[1157/1186] Linking CXX static library /Users/catethos/workspace/ladybugex/zig_library/_build/hardening-asan/source/extension/vector/build/libvector_static.lbug_extension
[1158/1186] Linking CXX static library /Users/catethos/workspace/ladybugex/zig_library/_build/hardening-asan/source/extension/fts/build/libfts_static.lbug_extension
[1159/1186] Linking CXX static library /Users/catethos/workspace/ladybugex/zig_library/_build/hardening-asan/source/extension/duckdb/build/libduckdb_static.lbug_extension
[1160/1186] Building C object third_party/brotli/CMakeFiles/brotlienc.dir/c/enc/block_splitter.c.o
[1161/1186] Building C object third_party/brotli/CMakeFiles/brotlienc.dir/c/enc/cluster.c.o
[1162/1186] Building C object third_party/brotli/CMakeFiles/brotlienc.dir/c/enc/brotli_bit_stream.c.o
[1163/1186] Building C object third_party/brotli/CMakeFiles/brotlienc.dir/c/enc/command.c.o
[1164/1186] Building C object third_party/brotli/CMakeFiles/brotlienc.dir/c/enc/compound_dictionary.c.o
[1165/1186] Building C object third_party/brotli/CMakeFiles/brotlienc.dir/c/enc/compress_fragment.c.o
[1166/1186] Building C object third_party/brotli/CMakeFiles/brotlienc.dir/c/enc/dictionary_hash.c.o
[1167/1186] Building C object third_party/brotli/CMakeFiles/brotlienc.dir/c/enc/compress_fragment_two_pass.c.o
[1168/1186] Building C object third_party/brotli/CMakeFiles/brotlienc.dir/c/enc/encoder_dict.c.o
[1169/1186] Building C object third_party/brotli/CMakeFiles/brotlienc.dir/c/enc/entropy_encode.c.o
[1170/1186] Building C object third_party/brotli/CMakeFiles/brotlienc.dir/c/enc/fast_log.c.o
[1171/1186] Building C object third_party/brotli/CMakeFiles/brotlienc.dir/c/enc/histogram.c.o
[1172/1186] Building C object third_party/brotli/CMakeFiles/brotlienc.dir/c/enc/literal_cost.c.o
[1173/1186] Building C object third_party/brotli/CMakeFiles/brotlienc.dir/c/enc/memory.c.o
[1174/1186] Building C object third_party/brotli/CMakeFiles/brotlienc.dir/c/enc/encode.c.o
[1175/1186] Building C object third_party/brotli/CMakeFiles/brotlienc.dir/c/enc/metablock.c.o
[1176/1186] Building C object third_party/brotli/CMakeFiles/brotlienc.dir/c/enc/utf8_util.c.o
[1177/1186] Building C object third_party/brotli/CMakeFiles/brotlienc.dir/c/enc/static_dict.c.o
[1178/1186] Building CXX object extension/duckdb/src/installer/CMakeFiles/duckdb_installer.dir/duckdb_install_func.cpp.o
[1179/1186] Building CXX object extension/duckdb/src/installer/CMakeFiles/duckdb_installer.dir/duckdb_installer.cpp.o
[1180/1186] Building CXX object extension/duckdb/src/loader/CMakeFiles/duckdb_loader.dir/duckdb_loader.cpp.o
[1181/1186] Linking C static library third_party/brotli/libbrotlienc.a
[1182/1186] Linking CXX shared library /Users/catethos/workspace/ladybugex/zig_library/_build/hardening-asan/source/extension/duckdb/build/libduckdb_installer.lbug_extension
[1183/1186] Linking CXX shared library /Users/catethos/workspace/ladybugex/zig_library/_build/hardening-asan/source/extension/duckdb/build/libduckdb_loader.lbug_extension
[1184/1186] Linking CXX shared library src/liblbug.0.20.2.dylib
ld: warning: ignoring duplicate libraries: '/Users/catethos/workspace/ladybugex/zig_library/_build/sanitizers-clt21/duckdb/extension/core_functions/libcore_functions_extension.a', '/Users/catethos/workspace/ladybugex/zig_library/_build/sanitizers-clt21/duckdb/extension/parquet/libparquet_extension.a', '/Users/catethos/workspace/ladybugex/zig_library/_build/sanitizers-clt21/duckdb/src/libduckdb_static.a', 'src/liblbug.a'
[1185/1186] Creating library symlink src/liblbug.0.dylib src/liblbug.dylib
{"command": ["cmake", "--build", "/Users/catethos/workspace/ladybugex/zig_library/_build/hardening-asan/ladybug", "--parallel", "2"], "cwd": "/Users/catethos/workspace/ladybugex/zig_library", "exit": 0, "seconds": 1133.951}
-- The CXX compiler identification is AppleClang 21.0.0.21000101
-- Detecting CXX compiler ABI info
-- Detecting CXX compiler ABI info - done
-- Check for working CXX compiler: /Library/Developer/CommandLineTools/usr/bin/clang++ - skipped
-- Detecting CXX compile features
-- Detecting CXX compile features - done
-- Performing Test CMAKE_HAVE_LIBC_PTHREAD
-- Performing Test CMAKE_HAVE_LIBC_PTHREAD - Success
-- Found Threads: TRUE
-- Configuring done (0.7s)
-- Generating done (0.0s)
CMake Warning (unused-cli):
  Manually-specified variables were not used by the project:

    CMAKE_C_FLAGS


-- Build files have been written to: /Users/catethos/workspace/ladybugex/zig_library/_build/hardening-asan/bridge
{"command": ["cmake", "-S", "native", "-B", "/Users/catethos/workspace/ladybugex/zig_library/_build/hardening-asan/bridge", "-G", "Ninja", "-DCMAKE_BUILD_TYPE=Release", "-DCMAKE_OSX_DEPLOYMENT_TARGET=13.3", "-DCMAKE_EXPORT_COMPILE_COMMANDS=ON", "-DCMAKE_TOOLCHAIN_FILE=/Users/catethos/workspace/ladybugex/zig_library/native/cmake/sanitizer-clt21.cmake", "-DCMAKE_C_FLAGS=-fsanitize=address,undefined -fno-sanitize-recover=all -fno-omit-frame-pointer", "-DCMAKE_CXX_FLAGS=-fsanitize=address,undefined -fno-sanitize-recover=all -fno-omit-frame-pointer", "-DLADYBUG_SOURCE=/Users/catethos/workspace/ladybugex/zig_library/_build/hardening-asan/source", "-DLADYBUG_BUILD=/Users/catethos/workspace/ladybugex/zig_library/_build/hardening-asan/ladybug", "-DAPHID_BUILD_TESTS=ON"], "cwd": "/Users/catethos/workspace/ladybugex/zig_library", "exit": 0, "seconds": 0.748}
[1/6] Building CXX object CMakeFiles/extension_concurrency.dir/tests/extension_concurrency.cpp.o
[2/6] Building CXX object CMakeFiles/aphid_bridge.dir/bridge.cpp.o
[3/6] Linking CXX shared library libaphid_bridge.dylib
[4/6] Linking CXX executable extension_concurrency
[5/6] Building CXX object CMakeFiles/lifecycle.dir/tests/lifecycle.cpp.o
[6/6] Linking CXX executable lifecycle
{"command": ["cmake", "--build", "/Users/catethos/workspace/ladybugex/zig_library/_build/hardening-asan/bridge", "--parallel", "2"], "cwd": "/Users/catethos/workspace/ladybugex/zig_library", "exit": 0, "seconds": 5.909}
