consumer (ubuntu-24.04, x86_64-linux-gnu)	Set up job	﻿2026-09-08T08:34:22.3563947Z Current runner version: '2.337.0'
consumer (ubuntu-24.04, x86_64-linux-gnu)	Set up job	2026-09-08T08:34:22.3599026Z ##[group]Runner Image Provisioner
consumer (ubuntu-24.04, x86_64-linux-gnu)	Set up job	2026-09-08T08:34:22.3600155Z Hosted Compute Agent
consumer (ubuntu-24.04, x86_64-linux-gnu)	Set up job	2026-09-08T08:34:22.3600884Z Version: 20260828.587
consumer (ubuntu-24.04, x86_64-linux-gnu)	Set up job	2026-09-08T08:34:22.3601605Z Commit: abac92662cab4cc7352de4f9f9d2e2419aad9c29
consumer (ubuntu-24.04, x86_64-linux-gnu)	Set up job	2026-09-08T08:34:22.3602582Z Build Date: 2026-08-28T16:44:25Z
consumer (ubuntu-24.04, x86_64-linux-gnu)	Set up job	2026-09-08T08:34:22.3603308Z Worker ID: {5191f51e-8c6c-4979-9205-c33742c3b1c3}
consumer (ubuntu-24.04, x86_64-linux-gnu)	Set up job	2026-09-08T08:34:22.3604154Z Azure Region: eastus2
consumer (ubuntu-24.04, x86_64-linux-gnu)	Set up job	2026-09-08T08:34:22.3604778Z ##[endgroup]
consumer (ubuntu-24.04, x86_64-linux-gnu)	Set up job	2026-09-08T08:34:22.3606602Z ##[group]Operating System
consumer (ubuntu-24.04, x86_64-linux-gnu)	Set up job	2026-09-08T08:34:22.3607445Z Ubuntu
consumer (ubuntu-24.04, x86_64-linux-gnu)	Set up job	2026-09-08T08:34:22.3608242Z 24.04.4
consumer (ubuntu-24.04, x86_64-linux-gnu)	Set up job	2026-09-08T08:34:22.3609125Z LTS
consumer (ubuntu-24.04, x86_64-linux-gnu)	Set up job	2026-09-08T08:34:22.3609881Z ##[endgroup]
consumer (ubuntu-24.04, x86_64-linux-gnu)	Set up job	2026-09-08T08:34:22.3610514Z ##[group]Runner Image
consumer (ubuntu-24.04, x86_64-linux-gnu)	Set up job	2026-09-08T08:34:22.3611236Z Image: ubuntu-24.04
consumer (ubuntu-24.04, x86_64-linux-gnu)	Set up job	2026-09-08T08:34:22.3611838Z Version: 20260831.293.1
consumer (ubuntu-24.04, x86_64-linux-gnu)	Set up job	2026-09-08T08:34:22.3613280Z Included Software: https://github.com/actions/runner-images/blob/ubuntu24/20260831.293/images/ubuntu/Ubuntu2404-Readme.md
consumer (ubuntu-24.04, x86_64-linux-gnu)	Set up job	2026-09-08T08:34:22.3615128Z Image Release: https://github.com/actions/runner-images/releases/tag/ubuntu24%2F20260831.293
consumer (ubuntu-24.04, x86_64-linux-gnu)	Set up job	2026-09-08T08:34:22.3616210Z ##[endgroup]
consumer (ubuntu-24.04, x86_64-linux-gnu)	Set up job	2026-09-08T08:34:22.3617499Z ##[group]GITHUB_TOKEN Permissions
consumer (ubuntu-24.04, x86_64-linux-gnu)	Set up job	2026-09-08T08:34:22.3619851Z Actions: read
consumer (ubuntu-24.04, x86_64-linux-gnu)	Set up job	2026-09-08T08:34:22.3620474Z Contents: read
consumer (ubuntu-24.04, x86_64-linux-gnu)	Set up job	2026-09-08T08:34:22.3621528Z Metadata: read
consumer (ubuntu-24.04, x86_64-linux-gnu)	Set up job	2026-09-08T08:34:22.3622369Z ##[endgroup]
consumer (ubuntu-24.04, x86_64-linux-gnu)	Set up job	2026-09-08T08:34:22.3624643Z Secret source: Actions
consumer (ubuntu-24.04, x86_64-linux-gnu)	Set up job	2026-09-08T08:34:22.3626066Z Prepare workflow directory
consumer (ubuntu-24.04, x86_64-linux-gnu)	Set up job	2026-09-08T08:34:22.3956092Z Prepare all required actions
consumer (ubuntu-24.04, x86_64-linux-gnu)	Set up job	2026-09-08T08:34:22.4005117Z Getting action download info
consumer (ubuntu-24.04, x86_64-linux-gnu)	Set up job	2026-09-08T08:34:22.6200840Z Download action repository 'actions/checkout@d23441a48e516b6c34aea4fa41551a30e30af803' (SHA:d23441a48e516b6c34aea4fa41551a30e30af803)
consumer (ubuntu-24.04, x86_64-linux-gnu)	Set up job	2026-09-08T08:34:22.7167089Z Download action repository 'actions/setup-python@ece7cb06caefa5fff74198d8649806c4678c61a1' (SHA:ece7cb06caefa5fff74198d8649806c4678c61a1)
consumer (ubuntu-24.04, x86_64-linux-gnu)	Set up job	2026-09-08T08:34:22.7948049Z Download action repository 'erlef/setup-beam@54075bcc5e249e4758d363f27d099f55d843f124' (SHA:54075bcc5e249e4758d363f27d099f55d843f124)
consumer (ubuntu-24.04, x86_64-linux-gnu)	Set up job	2026-09-08T08:34:22.9865757Z Download action repository 'actions/upload-artifact@ea165f8d65b6e75b540449e92b4886f43607fa02' (SHA:ea165f8d65b6e75b540449e92b4886f43607fa02)
consumer (ubuntu-24.04, x86_64-linux-gnu)	Set up job	2026-09-08T08:34:23.2139624Z Complete job name: consumer (ubuntu-24.04, x86_64-linux-gnu)
consumer (ubuntu-24.04, x86_64-linux-gnu)	Run actions/checkout@d23441a48e516b6c34aea4fa41551a30e30af803	﻿2026-09-08T08:34:23.2898730Z ##[group]Run actions/checkout@d23441a48e516b6c34aea4fa41551a30e30af803
consumer (ubuntu-24.04, x86_64-linux-gnu)	Run actions/checkout@d23441a48e516b6c34aea4fa41551a30e30af803	2026-09-08T08:34:23.2899769Z with:
consumer (ubuntu-24.04, x86_64-linux-gnu)	Run actions/checkout@d23441a48e516b6c34aea4fa41551a30e30af803	2026-09-08T08:34:23.2900218Z   persist-credentials: false
consumer (ubuntu-24.04, x86_64-linux-gnu)	Run actions/checkout@d23441a48e516b6c34aea4fa41551a30e30af803	2026-09-08T08:34:23.2900751Z   repository: catethos/Aphid
consumer (ubuntu-24.04, x86_64-linux-gnu)	Run actions/checkout@d23441a48e516b6c34aea4fa41551a30e30af803	2026-09-08T08:34:23.2905012Z   token: ***
consumer (ubuntu-24.04, x86_64-linux-gnu)	Run actions/checkout@d23441a48e516b6c34aea4fa41551a30e30af803	2026-09-08T08:34:23.2905457Z   ssh-strict: true
consumer (ubuntu-24.04, x86_64-linux-gnu)	Run actions/checkout@d23441a48e516b6c34aea4fa41551a30e30af803	2026-09-08T08:34:23.2905900Z   ssh-user: git
consumer (ubuntu-24.04, x86_64-linux-gnu)	Run actions/checkout@d23441a48e516b6c34aea4fa41551a30e30af803	2026-09-08T08:34:23.2906324Z   clean: true
consumer (ubuntu-24.04, x86_64-linux-gnu)	Run actions/checkout@d23441a48e516b6c34aea4fa41551a30e30af803	2026-09-08T08:34:23.2906768Z   sparse-checkout-cone-mode: true
consumer (ubuntu-24.04, x86_64-linux-gnu)	Run actions/checkout@d23441a48e516b6c34aea4fa41551a30e30af803	2026-09-08T08:34:23.2907292Z   fetch-depth: 1
consumer (ubuntu-24.04, x86_64-linux-gnu)	Run actions/checkout@d23441a48e516b6c34aea4fa41551a30e30af803	2026-09-08T08:34:23.2907724Z   fetch-tags: false
consumer (ubuntu-24.04, x86_64-linux-gnu)	Run actions/checkout@d23441a48e516b6c34aea4fa41551a30e30af803	2026-09-08T08:34:23.2908170Z   show-progress: true
consumer (ubuntu-24.04, x86_64-linux-gnu)	Run actions/checkout@d23441a48e516b6c34aea4fa41551a30e30af803	2026-09-08T08:34:23.2908630Z   lfs: false
consumer (ubuntu-24.04, x86_64-linux-gnu)	Run actions/checkout@d23441a48e516b6c34aea4fa41551a30e30af803	2026-09-08T08:34:23.2909067Z   submodules: false
consumer (ubuntu-24.04, x86_64-linux-gnu)	Run actions/checkout@d23441a48e516b6c34aea4fa41551a30e30af803	2026-09-08T08:34:23.2909519Z   set-safe-directory: true
consumer (ubuntu-24.04, x86_64-linux-gnu)	Run actions/checkout@d23441a48e516b6c34aea4fa41551a30e30af803	2026-09-08T08:34:23.2910024Z   allow-unsafe-pr-checkout: false
consumer (ubuntu-24.04, x86_64-linux-gnu)	Run actions/checkout@d23441a48e516b6c34aea4fa41551a30e30af803	2026-09-08T08:34:23.2910720Z ##[endgroup]
consumer (ubuntu-24.04, x86_64-linux-gnu)	Run actions/checkout@d23441a48e516b6c34aea4fa41551a30e30af803	2026-09-08T08:34:23.4053258Z Syncing repository: catethos/Aphid
consumer (ubuntu-24.04, x86_64-linux-gnu)	Run actions/checkout@d23441a48e516b6c34aea4fa41551a30e30af803	2026-09-08T08:34:23.4055126Z ##[group]Getting Git version info
consumer (ubuntu-24.04, x86_64-linux-gnu)	Run actions/checkout@d23441a48e516b6c34aea4fa41551a30e30af803	2026-09-08T08:34:23.4055803Z Working directory is '/home/runner/work/Aphid/Aphid'
consumer (ubuntu-24.04, x86_64-linux-gnu)	Run actions/checkout@d23441a48e516b6c34aea4fa41551a30e30af803	2026-09-08T08:34:23.4056856Z [command]/usr/bin/git version
consumer (ubuntu-24.04, x86_64-linux-gnu)	Run actions/checkout@d23441a48e516b6c34aea4fa41551a30e30af803	2026-09-08T08:34:23.4155174Z git version 2.55.0
consumer (ubuntu-24.04, x86_64-linux-gnu)	Run actions/checkout@d23441a48e516b6c34aea4fa41551a30e30af803	2026-09-08T08:34:23.4196146Z ##[endgroup]
consumer (ubuntu-24.04, x86_64-linux-gnu)	Run actions/checkout@d23441a48e516b6c34aea4fa41551a30e30af803	2026-09-08T08:34:23.4204213Z Temporarily overriding HOME='/home/runner/work/_temp/4a39bd95-d781-460d-9825-81fdc4d62af3' before making global git config changes
consumer (ubuntu-24.04, x86_64-linux-gnu)	Run actions/checkout@d23441a48e516b6c34aea4fa41551a30e30af803	2026-09-08T08:34:23.4206581Z Adding repository directory to the temporary git global config as a safe directory
consumer (ubuntu-24.04, x86_64-linux-gnu)	Run actions/checkout@d23441a48e516b6c34aea4fa41551a30e30af803	2026-09-08T08:34:23.4215196Z [command]/usr/bin/git config --global --add safe.directory /home/runner/work/Aphid/Aphid
consumer (ubuntu-24.04, x86_64-linux-gnu)	Run actions/checkout@d23441a48e516b6c34aea4fa41551a30e30af803	2026-09-08T08:34:23.4294254Z Deleting the contents of '/home/runner/work/Aphid/Aphid'
consumer (ubuntu-24.04, x86_64-linux-gnu)	Run actions/checkout@d23441a48e516b6c34aea4fa41551a30e30af803	2026-09-08T08:34:23.4296469Z ##[group]Determining repository object format
consumer (ubuntu-24.04, x86_64-linux-gnu)	Run actions/checkout@d23441a48e516b6c34aea4fa41551a30e30af803	2026-09-08T08:34:23.4297789Z ##[endgroup]
consumer (ubuntu-24.04, x86_64-linux-gnu)	Run actions/checkout@d23441a48e516b6c34aea4fa41551a30e30af803	2026-09-08T08:34:23.4298907Z ##[group]Initializing the repository
consumer (ubuntu-24.04, x86_64-linux-gnu)	Run actions/checkout@d23441a48e516b6c34aea4fa41551a30e30af803	2026-09-08T08:34:23.4299903Z [command]/usr/bin/git init /home/runner/work/Aphid/Aphid
consumer (ubuntu-24.04, x86_64-linux-gnu)	Run actions/checkout@d23441a48e516b6c34aea4fa41551a30e30af803	2026-09-08T08:34:23.4389247Z hint: Using 'master' as the name for the initial branch. This default branch name
consumer (ubuntu-24.04, x86_64-linux-gnu)	Run actions/checkout@d23441a48e516b6c34aea4fa41551a30e30af803	2026-09-08T08:34:23.4392362Z hint: will change to "main" in Git 3.0. To configure the initial branch name
consumer (ubuntu-24.04, x86_64-linux-gnu)	Run actions/checkout@d23441a48e516b6c34aea4fa41551a30e30af803	2026-09-08T08:34:23.4412151Z hint: to use in all of your new repositories, which will suppress this warning,
consumer (ubuntu-24.04, x86_64-linux-gnu)	Run actions/checkout@d23441a48e516b6c34aea4fa41551a30e30af803	2026-09-08T08:34:23.4413790Z hint: call:
consumer (ubuntu-24.04, x86_64-linux-gnu)	Run actions/checkout@d23441a48e516b6c34aea4fa41551a30e30af803	2026-09-08T08:34:23.4414527Z hint:
consumer (ubuntu-24.04, x86_64-linux-gnu)	Run actions/checkout@d23441a48e516b6c34aea4fa41551a30e30af803	2026-09-08T08:34:23.4415464Z hint: 	git config --global init.defaultBranch <name>
consumer (ubuntu-24.04, x86_64-linux-gnu)	Run actions/checkout@d23441a48e516b6c34aea4fa41551a30e30af803	2026-09-08T08:34:23.4416568Z hint:
consumer (ubuntu-24.04, x86_64-linux-gnu)	Run actions/checkout@d23441a48e516b6c34aea4fa41551a30e30af803	2026-09-08T08:34:23.4417626Z hint: Names commonly chosen instead of 'master' are 'main', 'trunk' and
consumer (ubuntu-24.04, x86_64-linux-gnu)	Run actions/checkout@d23441a48e516b6c34aea4fa41551a30e30af803	2026-09-08T08:34:23.4419220Z hint: 'development'. The just-created branch can be renamed via this command:
consumer (ubuntu-24.04, x86_64-linux-gnu)	Run actions/checkout@d23441a48e516b6c34aea4fa41551a30e30af803	2026-09-08T08:34:23.4423990Z hint:
consumer (ubuntu-24.04, x86_64-linux-gnu)	Run actions/checkout@d23441a48e516b6c34aea4fa41551a30e30af803	2026-09-08T08:34:23.4424979Z hint: 	git branch -m <name>
consumer (ubuntu-24.04, x86_64-linux-gnu)	Run actions/checkout@d23441a48e516b6c34aea4fa41551a30e30af803	2026-09-08T08:34:23.4425889Z hint:
consumer (ubuntu-24.04, x86_64-linux-gnu)	Run actions/checkout@d23441a48e516b6c34aea4fa41551a30e30af803	2026-09-08T08:34:23.4427005Z hint: Disable this message with "git config set advice.defaultBranchName false"
consumer (ubuntu-24.04, x86_64-linux-gnu)	Run actions/checkout@d23441a48e516b6c34aea4fa41551a30e30af803	2026-09-08T08:34:23.4428668Z Initialized empty Git repository in /home/runner/work/Aphid/Aphid/.git/
consumer (ubuntu-24.04, x86_64-linux-gnu)	Run actions/checkout@d23441a48e516b6c34aea4fa41551a30e30af803	2026-09-08T08:34:23.4431515Z [command]/usr/bin/git remote add origin https://github.com/catethos/Aphid
consumer (ubuntu-24.04, x86_64-linux-gnu)	Run actions/checkout@d23441a48e516b6c34aea4fa41551a30e30af803	2026-09-08T08:34:23.4465131Z ##[endgroup]
consumer (ubuntu-24.04, x86_64-linux-gnu)	Run actions/checkout@d23441a48e516b6c34aea4fa41551a30e30af803	2026-09-08T08:34:23.4466456Z ##[group]Disabling automatic garbage collection
consumer (ubuntu-24.04, x86_64-linux-gnu)	Run actions/checkout@d23441a48e516b6c34aea4fa41551a30e30af803	2026-09-08T08:34:23.4467509Z [command]/usr/bin/git config --local gc.auto 0
consumer (ubuntu-24.04, x86_64-linux-gnu)	Run actions/checkout@d23441a48e516b6c34aea4fa41551a30e30af803	2026-09-08T08:34:23.4501742Z ##[endgroup]
consumer (ubuntu-24.04, x86_64-linux-gnu)	Run actions/checkout@d23441a48e516b6c34aea4fa41551a30e30af803	2026-09-08T08:34:23.4503361Z ##[group]Setting up auth
consumer (ubuntu-24.04, x86_64-linux-gnu)	Run actions/checkout@d23441a48e516b6c34aea4fa41551a30e30af803	2026-09-08T08:34:23.4504217Z Removing SSH command configuration
consumer (ubuntu-24.04, x86_64-linux-gnu)	Run actions/checkout@d23441a48e516b6c34aea4fa41551a30e30af803	2026-09-08T08:34:23.4510241Z [command]/usr/bin/git config --local --name-only --get-regexp core\.sshCommand
consumer (ubuntu-24.04, x86_64-linux-gnu)	Run actions/checkout@d23441a48e516b6c34aea4fa41551a30e30af803	2026-09-08T08:34:23.4547210Z [command]/usr/bin/git submodule foreach --recursive sh -c "git config --local --name-only --get-regexp 'core\.sshCommand' && git config --local --unset-all 'core.sshCommand' || :"
consumer (ubuntu-24.04, x86_64-linux-gnu)	Run actions/checkout@d23441a48e516b6c34aea4fa41551a30e30af803	2026-09-08T08:34:23.4919236Z Removing HTTP extra header
consumer (ubuntu-24.04, x86_64-linux-gnu)	Run actions/checkout@d23441a48e516b6c34aea4fa41551a30e30af803	2026-09-08T08:34:23.4926304Z [command]/usr/bin/git config --local --name-only --get-regexp http\.https\:\/\/github\.com\/\.extraheader
consumer (ubuntu-24.04, x86_64-linux-gnu)	Run actions/checkout@d23441a48e516b6c34aea4fa41551a30e30af803	2026-09-08T08:34:23.4969756Z [command]/usr/bin/git submodule foreach --recursive sh -c "git config --local --name-only --get-regexp 'http\.https\:\/\/github\.com\/\.extraheader' && git config --local --unset-all 'http.https://github.com/.extraheader' || :"
consumer (ubuntu-24.04, x86_64-linux-gnu)	Run actions/checkout@d23441a48e516b6c34aea4fa41551a30e30af803	2026-09-08T08:34:23.5220495Z Removing includeIf entries pointing to credentials config files
consumer (ubuntu-24.04, x86_64-linux-gnu)	Run actions/checkout@d23441a48e516b6c34aea4fa41551a30e30af803	2026-09-08T08:34:23.5227887Z [command]/usr/bin/git config --local --name-only --get-regexp ^includeIf\.gitdir:
consumer (ubuntu-24.04, x86_64-linux-gnu)	Run actions/checkout@d23441a48e516b6c34aea4fa41551a30e30af803	2026-09-08T08:34:23.5274793Z [command]/usr/bin/git submodule foreach --recursive git config --local --show-origin --name-only --get-regexp remote.origin.url
consumer (ubuntu-24.04, x86_64-linux-gnu)	Run actions/checkout@d23441a48e516b6c34aea4fa41551a30e30af803	2026-09-08T08:34:23.5518243Z [command]/usr/bin/git config --file /home/runner/work/_temp/git-credentials-3db8d239-8315-4012-a550-2eafc656b858.config http.https://github.com/.extraheader AUTHORIZATION: basic ***
consumer (ubuntu-24.04, x86_64-linux-gnu)	Run actions/checkout@d23441a48e516b6c34aea4fa41551a30e30af803	2026-09-08T08:34:23.5561264Z [command]/usr/bin/git config --local includeIf.gitdir:/home/runner/work/Aphid/Aphid/.git.path /home/runner/work/_temp/git-credentials-3db8d239-8315-4012-a550-2eafc656b858.config
consumer (ubuntu-24.04, x86_64-linux-gnu)	Run actions/checkout@d23441a48e516b6c34aea4fa41551a30e30af803	2026-09-08T08:34:23.5597322Z [command]/usr/bin/git config --local includeIf.gitdir:/home/runner/work/Aphid/Aphid/.git/worktrees/*.path /home/runner/work/_temp/git-credentials-3db8d239-8315-4012-a550-2eafc656b858.config
consumer (ubuntu-24.04, x86_64-linux-gnu)	Run actions/checkout@d23441a48e516b6c34aea4fa41551a30e30af803	2026-09-08T08:34:23.5635313Z [command]/usr/bin/git config --local includeIf.gitdir:/github/workspace/.git.path /github/runner_temp/git-credentials-3db8d239-8315-4012-a550-2eafc656b858.config
consumer (ubuntu-24.04, x86_64-linux-gnu)	Run actions/checkout@d23441a48e516b6c34aea4fa41551a30e30af803	2026-09-08T08:34:23.5672283Z [command]/usr/bin/git config --local includeIf.gitdir:/github/workspace/.git/worktrees/*.path /github/runner_temp/git-credentials-3db8d239-8315-4012-a550-2eafc656b858.config
consumer (ubuntu-24.04, x86_64-linux-gnu)	Run actions/checkout@d23441a48e516b6c34aea4fa41551a30e30af803	2026-09-08T08:34:23.5706942Z ##[endgroup]
consumer (ubuntu-24.04, x86_64-linux-gnu)	Run actions/checkout@d23441a48e516b6c34aea4fa41551a30e30af803	2026-09-08T08:34:23.5707750Z ##[group]Fetching the repository
consumer (ubuntu-24.04, x86_64-linux-gnu)	Run actions/checkout@d23441a48e516b6c34aea4fa41551a30e30af803	2026-09-08T08:34:23.5715340Z [command]/usr/bin/git -c protocol.version=2 fetch --no-tags --prune --no-recurse-submodules --depth=1 origin +06d0a99dfc4efd8c0d3171262b2a886382b87704:refs/remotes/origin/main
consumer (ubuntu-24.04, x86_64-linux-gnu)	Run actions/checkout@d23441a48e516b6c34aea4fa41551a30e30af803	2026-09-08T08:34:24.5515410Z From https://github.com/catethos/Aphid
consumer (ubuntu-24.04, x86_64-linux-gnu)	Run actions/checkout@d23441a48e516b6c34aea4fa41551a30e30af803	2026-09-08T08:34:24.5517262Z  * [new ref]         06d0a99dfc4efd8c0d3171262b2a886382b87704 -> origin/main
consumer (ubuntu-24.04, x86_64-linux-gnu)	Run actions/checkout@d23441a48e516b6c34aea4fa41551a30e30af803	2026-09-08T08:34:24.5529468Z [command]/usr/bin/git branch --list --remote origin/main
consumer (ubuntu-24.04, x86_64-linux-gnu)	Run actions/checkout@d23441a48e516b6c34aea4fa41551a30e30af803	2026-09-08T08:34:24.5560577Z   origin/main
consumer (ubuntu-24.04, x86_64-linux-gnu)	Run actions/checkout@d23441a48e516b6c34aea4fa41551a30e30af803	2026-09-08T08:34:24.5572343Z [command]/usr/bin/git rev-parse refs/remotes/origin/main
consumer (ubuntu-24.04, x86_64-linux-gnu)	Run actions/checkout@d23441a48e516b6c34aea4fa41551a30e30af803	2026-09-08T08:34:24.5600775Z 06d0a99dfc4efd8c0d3171262b2a886382b87704
consumer (ubuntu-24.04, x86_64-linux-gnu)	Run actions/checkout@d23441a48e516b6c34aea4fa41551a30e30af803	2026-09-08T08:34:24.5610484Z ##[endgroup]
consumer (ubuntu-24.04, x86_64-linux-gnu)	Run actions/checkout@d23441a48e516b6c34aea4fa41551a30e30af803	2026-09-08T08:34:24.5611279Z ##[group]Determining the checkout info
consumer (ubuntu-24.04, x86_64-linux-gnu)	Run actions/checkout@d23441a48e516b6c34aea4fa41551a30e30af803	2026-09-08T08:34:24.5612368Z ##[endgroup]
consumer (ubuntu-24.04, x86_64-linux-gnu)	Run actions/checkout@d23441a48e516b6c34aea4fa41551a30e30af803	2026-09-08T08:34:24.5614113Z [command]/usr/bin/git sparse-checkout disable
consumer (ubuntu-24.04, x86_64-linux-gnu)	Run actions/checkout@d23441a48e516b6c34aea4fa41551a30e30af803	2026-09-08T08:34:24.5669005Z [command]/usr/bin/git config --local --unset-all extensions.worktreeConfig
consumer (ubuntu-24.04, x86_64-linux-gnu)	Run actions/checkout@d23441a48e516b6c34aea4fa41551a30e30af803	2026-09-08T08:34:24.5705375Z ##[group]Checking out the ref
consumer (ubuntu-24.04, x86_64-linux-gnu)	Run actions/checkout@d23441a48e516b6c34aea4fa41551a30e30af803	2026-09-08T08:34:24.5708914Z [command]/usr/bin/git checkout --progress --force -B main refs/remotes/origin/main
consumer (ubuntu-24.04, x86_64-linux-gnu)	Run actions/checkout@d23441a48e516b6c34aea4fa41551a30e30af803	2026-09-08T08:34:24.7491782Z Switched to a new branch 'main'
consumer (ubuntu-24.04, x86_64-linux-gnu)	Run actions/checkout@d23441a48e516b6c34aea4fa41551a30e30af803	2026-09-08T08:34:24.7494515Z branch 'main' set up to track 'origin/main'.
consumer (ubuntu-24.04, x86_64-linux-gnu)	Run actions/checkout@d23441a48e516b6c34aea4fa41551a30e30af803	2026-09-08T08:34:24.7515500Z ##[endgroup]
consumer (ubuntu-24.04, x86_64-linux-gnu)	Run actions/checkout@d23441a48e516b6c34aea4fa41551a30e30af803	2026-09-08T08:34:24.7583485Z [command]/usr/bin/git log -1 --format=%H
consumer (ubuntu-24.04, x86_64-linux-gnu)	Run actions/checkout@d23441a48e516b6c34aea4fa41551a30e30af803	2026-09-08T08:34:24.7599794Z 06d0a99dfc4efd8c0d3171262b2a886382b87704
consumer (ubuntu-24.04, x86_64-linux-gnu)	Run actions/checkout@d23441a48e516b6c34aea4fa41551a30e30af803	2026-09-08T08:34:24.7610824Z ##[group]Removing auth
consumer (ubuntu-24.04, x86_64-linux-gnu)	Run actions/checkout@d23441a48e516b6c34aea4fa41551a30e30af803	2026-09-08T08:34:24.7611699Z Removing SSH command configuration
consumer (ubuntu-24.04, x86_64-linux-gnu)	Run actions/checkout@d23441a48e516b6c34aea4fa41551a30e30af803	2026-09-08T08:34:24.7614677Z [command]/usr/bin/git config --local --name-only --get-regexp core\.sshCommand
consumer (ubuntu-24.04, x86_64-linux-gnu)	Run actions/checkout@d23441a48e516b6c34aea4fa41551a30e30af803	2026-09-08T08:34:24.7656069Z [command]/usr/bin/git submodule foreach --recursive sh -c "git config --local --name-only --get-regexp 'core\.sshCommand' && git config --local --unset-all 'core.sshCommand' || :"
consumer (ubuntu-24.04, x86_64-linux-gnu)	Run actions/checkout@d23441a48e516b6c34aea4fa41551a30e30af803	2026-09-08T08:34:24.7901241Z Removing HTTP extra header
consumer (ubuntu-24.04, x86_64-linux-gnu)	Run actions/checkout@d23441a48e516b6c34aea4fa41551a30e30af803	2026-09-08T08:34:24.7905430Z [command]/usr/bin/git config --local --name-only --get-regexp http\.https\:\/\/github\.com\/\.extraheader
consumer (ubuntu-24.04, x86_64-linux-gnu)	Run actions/checkout@d23441a48e516b6c34aea4fa41551a30e30af803	2026-09-08T08:34:24.7943717Z [command]/usr/bin/git submodule foreach --recursive sh -c "git config --local --name-only --get-regexp 'http\.https\:\/\/github\.com\/\.extraheader' && git config --local --unset-all 'http.https://github.com/.extraheader' || :"
consumer (ubuntu-24.04, x86_64-linux-gnu)	Run actions/checkout@d23441a48e516b6c34aea4fa41551a30e30af803	2026-09-08T08:34:24.8184722Z Removing includeIf entries pointing to credentials config files
consumer (ubuntu-24.04, x86_64-linux-gnu)	Run actions/checkout@d23441a48e516b6c34aea4fa41551a30e30af803	2026-09-08T08:34:24.8188870Z [command]/usr/bin/git config --local --name-only --get-regexp ^includeIf\.gitdir:
consumer (ubuntu-24.04, x86_64-linux-gnu)	Run actions/checkout@d23441a48e516b6c34aea4fa41551a30e30af803	2026-09-08T08:34:24.8220561Z includeif.gitdir:/home/runner/work/Aphid/Aphid/.git.path
consumer (ubuntu-24.04, x86_64-linux-gnu)	Run actions/checkout@d23441a48e516b6c34aea4fa41551a30e30af803	2026-09-08T08:34:24.8223429Z includeif.gitdir:/home/runner/work/Aphid/Aphid/.git/worktrees/*.path
consumer (ubuntu-24.04, x86_64-linux-gnu)	Run actions/checkout@d23441a48e516b6c34aea4fa41551a30e30af803	2026-09-08T08:34:24.8225861Z includeif.gitdir:/github/workspace/.git.path
consumer (ubuntu-24.04, x86_64-linux-gnu)	Run actions/checkout@d23441a48e516b6c34aea4fa41551a30e30af803	2026-09-08T08:34:24.8227929Z includeif.gitdir:/github/workspace/.git/worktrees/*.path
consumer (ubuntu-24.04, x86_64-linux-gnu)	Run actions/checkout@d23441a48e516b6c34aea4fa41551a30e30af803	2026-09-08T08:34:24.8232766Z [command]/usr/bin/git config --local --get-all includeif.gitdir:/home/runner/work/Aphid/Aphid/.git.path
consumer (ubuntu-24.04, x86_64-linux-gnu)	Run actions/checkout@d23441a48e516b6c34aea4fa41551a30e30af803	2026-09-08T08:34:24.8337494Z /home/runner/work/_temp/git-credentials-3db8d239-8315-4012-a550-2eafc656b858.config
consumer (ubuntu-24.04, x86_64-linux-gnu)	Run actions/checkout@d23441a48e516b6c34aea4fa41551a30e30af803	2026-09-08T08:34:24.8346589Z [command]/usr/bin/git config --local --unset includeif.gitdir:/home/runner/work/Aphid/Aphid/.git.path /home/runner/work/_temp/git-credentials-3db8d239-8315-4012-a550-2eafc656b858.config
consumer (ubuntu-24.04, x86_64-linux-gnu)	Run actions/checkout@d23441a48e516b6c34aea4fa41551a30e30af803	2026-09-08T08:34:24.8356496Z [command]/usr/bin/git config --local --get-all includeif.gitdir:/home/runner/work/Aphid/Aphid/.git/worktrees/*.path
consumer (ubuntu-24.04, x86_64-linux-gnu)	Run actions/checkout@d23441a48e516b6c34aea4fa41551a30e30af803	2026-09-08T08:34:24.8362532Z /home/runner/work/_temp/git-credentials-3db8d239-8315-4012-a550-2eafc656b858.config
consumer (ubuntu-24.04, x86_64-linux-gnu)	Run actions/checkout@d23441a48e516b6c34aea4fa41551a30e30af803	2026-09-08T08:34:24.8372844Z [command]/usr/bin/git config --local --unset includeif.gitdir:/home/runner/work/Aphid/Aphid/.git/worktrees/*.path /home/runner/work/_temp/git-credentials-3db8d239-8315-4012-a550-2eafc656b858.config
consumer (ubuntu-24.04, x86_64-linux-gnu)	Run actions/checkout@d23441a48e516b6c34aea4fa41551a30e30af803	2026-09-08T08:34:24.8395993Z [command]/usr/bin/git config --local --get-all includeif.gitdir:/github/workspace/.git.path
consumer (ubuntu-24.04, x86_64-linux-gnu)	Run actions/checkout@d23441a48e516b6c34aea4fa41551a30e30af803	2026-09-08T08:34:24.8425858Z /github/runner_temp/git-credentials-3db8d239-8315-4012-a550-2eafc656b858.config
consumer (ubuntu-24.04, x86_64-linux-gnu)	Run actions/checkout@d23441a48e516b6c34aea4fa41551a30e30af803	2026-09-08T08:34:24.8438633Z [command]/usr/bin/git config --local --unset includeif.gitdir:/github/workspace/.git.path /github/runner_temp/git-credentials-3db8d239-8315-4012-a550-2eafc656b858.config
consumer (ubuntu-24.04, x86_64-linux-gnu)	Run actions/checkout@d23441a48e516b6c34aea4fa41551a30e30af803	2026-09-08T08:34:24.8483482Z [command]/usr/bin/git config --local --get-all includeif.gitdir:/github/workspace/.git/worktrees/*.path
consumer (ubuntu-24.04, x86_64-linux-gnu)	Run actions/checkout@d23441a48e516b6c34aea4fa41551a30e30af803	2026-09-08T08:34:24.8509371Z /github/runner_temp/git-credentials-3db8d239-8315-4012-a550-2eafc656b858.config
consumer (ubuntu-24.04, x86_64-linux-gnu)	Run actions/checkout@d23441a48e516b6c34aea4fa41551a30e30af803	2026-09-08T08:34:24.8517945Z [command]/usr/bin/git config --local --unset includeif.gitdir:/github/workspace/.git/worktrees/*.path /github/runner_temp/git-credentials-3db8d239-8315-4012-a550-2eafc656b858.config
consumer (ubuntu-24.04, x86_64-linux-gnu)	Run actions/checkout@d23441a48e516b6c34aea4fa41551a30e30af803	2026-09-08T08:34:24.8553909Z [command]/usr/bin/git submodule foreach --recursive git config --local --show-origin --name-only --get-regexp remote.origin.url
consumer (ubuntu-24.04, x86_64-linux-gnu)	Run actions/checkout@d23441a48e516b6c34aea4fa41551a30e30af803	2026-09-08T08:34:24.8787268Z Removing credentials config '/home/runner/work/_temp/git-credentials-3db8d239-8315-4012-a550-2eafc656b858.config'
consumer (ubuntu-24.04, x86_64-linux-gnu)	Run actions/checkout@d23441a48e516b6c34aea4fa41551a30e30af803	2026-09-08T08:34:24.8796125Z ##[endgroup]
consumer (ubuntu-24.04, x86_64-linux-gnu)	Run actions/setup-python@ece7cb06caefa5fff74198d8649806c4678c61a1	﻿2026-09-08T08:34:24.9159730Z ##[group]Run actions/setup-python@ece7cb06caefa5fff74198d8649806c4678c61a1
consumer (ubuntu-24.04, x86_64-linux-gnu)	Run actions/setup-python@ece7cb06caefa5fff74198d8649806c4678c61a1	2026-09-08T08:34:24.9161465Z with:
consumer (ubuntu-24.04, x86_64-linux-gnu)	Run actions/setup-python@ece7cb06caefa5fff74198d8649806c4678c61a1	2026-09-08T08:34:24.9162554Z   python-version: 3.14
consumer (ubuntu-24.04, x86_64-linux-gnu)	Run actions/setup-python@ece7cb06caefa5fff74198d8649806c4678c61a1	2026-09-08T08:34:24.9163562Z   check-latest: false
consumer (ubuntu-24.04, x86_64-linux-gnu)	Run actions/setup-python@ece7cb06caefa5fff74198d8649806c4678c61a1	2026-09-08T08:34:24.9173142Z   token: ***
consumer (ubuntu-24.04, x86_64-linux-gnu)	Run actions/setup-python@ece7cb06caefa5fff74198d8649806c4678c61a1	2026-09-08T08:34:24.9174091Z   update-environment: true
consumer (ubuntu-24.04, x86_64-linux-gnu)	Run actions/setup-python@ece7cb06caefa5fff74198d8649806c4678c61a1	2026-09-08T08:34:24.9175169Z   allow-prereleases: false
consumer (ubuntu-24.04, x86_64-linux-gnu)	Run actions/setup-python@ece7cb06caefa5fff74198d8649806c4678c61a1	2026-09-08T08:34:24.9176227Z   freethreaded: false
consumer (ubuntu-24.04, x86_64-linux-gnu)	Run actions/setup-python@ece7cb06caefa5fff74198d8649806c4678c61a1	2026-09-08T08:34:24.9177203Z ##[endgroup]
consumer (ubuntu-24.04, x86_64-linux-gnu)	Run actions/setup-python@ece7cb06caefa5fff74198d8649806c4678c61a1	2026-09-08T08:34:25.0486373Z ##[group]Installed versions
consumer (ubuntu-24.04, x86_64-linux-gnu)	Run actions/setup-python@ece7cb06caefa5fff74198d8649806c4678c61a1	2026-09-08T08:34:25.0575538Z Successfully set up CPython (3.14.7)
consumer (ubuntu-24.04, x86_64-linux-gnu)	Run actions/setup-python@ece7cb06caefa5fff74198d8649806c4678c61a1	2026-09-08T08:34:25.0578255Z ##[endgroup]
consumer (ubuntu-24.04, x86_64-linux-gnu)	Run erlef/setup-beam@54075bcc5e249e4758d363f27d099f55d843f124	﻿2026-09-08T08:34:25.0943490Z ##[group]Run erlef/setup-beam@54075bcc5e249e4758d363f27d099f55d843f124
consumer (ubuntu-24.04, x86_64-linux-gnu)	Run erlef/setup-beam@54075bcc5e249e4758d363f27d099f55d843f124	2026-09-08T08:34:25.0945962Z with:
consumer (ubuntu-24.04, x86_64-linux-gnu)	Run erlef/setup-beam@54075bcc5e249e4758d363f27d099f55d843f124	2026-09-08T08:34:25.0946894Z   otp-version: 29.0.4
consumer (ubuntu-24.04, x86_64-linux-gnu)	Run erlef/setup-beam@54075bcc5e249e4758d363f27d099f55d843f124	2026-09-08T08:34:25.0948076Z   elixir-version: 1.20.0
consumer (ubuntu-24.04, x86_64-linux-gnu)	Run erlef/setup-beam@54075bcc5e249e4758d363f27d099f55d843f124	2026-09-08T08:34:25.0963019Z   github-token: ***
consumer (ubuntu-24.04, x86_64-linux-gnu)	Run erlef/setup-beam@54075bcc5e249e4758d363f27d099f55d843f124	2026-09-08T08:34:25.0964144Z   otp-architecture: 64
consumer (ubuntu-24.04, x86_64-linux-gnu)	Run erlef/setup-beam@54075bcc5e249e4758d363f27d099f55d843f124	2026-09-08T08:34:25.0965158Z   install-hex: true
consumer (ubuntu-24.04, x86_64-linux-gnu)	Run erlef/setup-beam@54075bcc5e249e4758d363f27d099f55d843f124	2026-09-08T08:34:25.0966978Z   install-rebar: true
consumer (ubuntu-24.04, x86_64-linux-gnu)	Run erlef/setup-beam@54075bcc5e249e4758d363f27d099f55d843f124	2026-09-08T08:34:25.0969596Z   version-type: loose
consumer (ubuntu-24.04, x86_64-linux-gnu)	Run erlef/setup-beam@54075bcc5e249e4758d363f27d099f55d843f124	2026-09-08T08:34:25.0971150Z   disable_problem_matchers: false
consumer (ubuntu-24.04, x86_64-linux-gnu)	Run erlef/setup-beam@54075bcc5e249e4758d363f27d099f55d843f124	2026-09-08T08:34:25.0973096Z   hexpm-mirrors: https://builds.hex.pm
consumer (ubuntu-24.04, x86_64-linux-gnu)	Run erlef/setup-beam@54075bcc5e249e4758d363f27d099f55d843f124	
consumer (ubuntu-24.04, x86_64-linux-gnu)	Run erlef/setup-beam@54075bcc5e249e4758d363f27d099f55d843f124	2026-09-08T08:34:25.0974277Z env:
consumer (ubuntu-24.04, x86_64-linux-gnu)	Run erlef/setup-beam@54075bcc5e249e4758d363f27d099f55d843f124	2026-09-08T08:34:25.0975360Z   pythonLocation: /opt/hostedtoolcache/Python/3.14.7/x64
consumer (ubuntu-24.04, x86_64-linux-gnu)	Run erlef/setup-beam@54075bcc5e249e4758d363f27d099f55d843f124	2026-09-08T08:34:25.0977247Z   PKG_CONFIG_PATH: /opt/hostedtoolcache/Python/3.14.7/x64/lib/pkgconfig
consumer (ubuntu-24.04, x86_64-linux-gnu)	Run erlef/setup-beam@54075bcc5e249e4758d363f27d099f55d843f124	2026-09-08T08:34:25.0979151Z   Python_ROOT_DIR: /opt/hostedtoolcache/Python/3.14.7/x64
consumer (ubuntu-24.04, x86_64-linux-gnu)	Run erlef/setup-beam@54075bcc5e249e4758d363f27d099f55d843f124	2026-09-08T08:34:25.0980715Z   Python2_ROOT_DIR: /opt/hostedtoolcache/Python/3.14.7/x64
consumer (ubuntu-24.04, x86_64-linux-gnu)	Run erlef/setup-beam@54075bcc5e249e4758d363f27d099f55d843f124	2026-09-08T08:34:25.0982719Z   Python3_ROOT_DIR: /opt/hostedtoolcache/Python/3.14.7/x64
consumer (ubuntu-24.04, x86_64-linux-gnu)	Run erlef/setup-beam@54075bcc5e249e4758d363f27d099f55d843f124	2026-09-08T08:34:25.0984395Z   LD_LIBRARY_PATH: /opt/hostedtoolcache/Python/3.14.7/x64/lib
consumer (ubuntu-24.04, x86_64-linux-gnu)	Run erlef/setup-beam@54075bcc5e249e4758d363f27d099f55d843f124	2026-09-08T08:34:25.0985745Z ##[endgroup]
consumer (ubuntu-24.04, x86_64-linux-gnu)	Run erlef/setup-beam@54075bcc5e249e4758d363f27d099f55d843f124	2026-09-08T08:34:25.4244768Z ##[group]Installing Erlang/OTP OTP-29.0.4 - built on amd64/ubuntu-24.04
consumer (ubuntu-24.04, x86_64-linux-gnu)	Run erlef/setup-beam@54075bcc5e249e4758d363f27d099f55d843f124	2026-09-08T08:34:25.8604542Z [command]/usr/bin/tar zx --strip-components=1 --warning=no-unknown-keyword --overwrite -C /home/runner/work/_temp/d6f23574-8c43-436a-a296-9563bc5efaea -f /home/runner/work/_temp/a3ee97ea-d14a-479a-a550-a991a6622ff9
consumer (ubuntu-24.04, x86_64-linux-gnu)	Run erlef/setup-beam@54075bcc5e249e4758d363f27d099f55d843f124	2026-09-08T08:34:28.6137574Z [command]/home/runner/work/_temp/.setup-beam/otp/Install -minimal /home/runner/work/_temp/.setup-beam/otp
consumer (ubuntu-24.04, x86_64-linux-gnu)	Run erlef/setup-beam@54075bcc5e249e4758d363f27d099f55d843f124	2026-09-08T08:34:28.6502908Z Installed Erlang/OTP version
consumer (ubuntu-24.04, x86_64-linux-gnu)	Run erlef/setup-beam@54075bcc5e249e4758d363f27d099f55d843f124	2026-09-08T08:34:28.6516130Z [command]/home/runner/work/_temp/.setup-beam/otp/bin/erl -version
consumer (ubuntu-24.04, x86_64-linux-gnu)	Run erlef/setup-beam@54075bcc5e249e4758d363f27d099f55d843f124	2026-09-08T08:34:28.6639821Z Erlang (SMP,ASYNC_THREADS) (BEAM) emulator version 17.0.4
consumer (ubuntu-24.04, x86_64-linux-gnu)	Run erlef/setup-beam@54075bcc5e249e4758d363f27d099f55d843f124	2026-09-08T08:34:28.6686585Z ##[endgroup]
consumer (ubuntu-24.04, x86_64-linux-gnu)	Run erlef/setup-beam@54075bcc5e249e4758d363f27d099f55d843f124	2026-09-08T08:34:28.6703689Z [command]/home/runner/work/_temp/.setup-beam/otp/bin/erl -noshell -eval io:format(erlang:system_info(otp_release)), halt().
consumer (ubuntu-24.04, x86_64-linux-gnu)	Run erlef/setup-beam@54075bcc5e249e4758d363f27d099f55d843f124	2026-09-08T08:34:28.8894950Z 29::debug::Was not able to coerce latest with semver
consumer (ubuntu-24.04, x86_64-linux-gnu)	Run erlef/setup-beam@54075bcc5e249e4758d363f27d099f55d843f124	2026-09-08T08:34:28.8913478Z Using Elixir 1.20.0 (built for Erlang/OTP 29)
consumer (ubuntu-24.04, x86_64-linux-gnu)	Run erlef/setup-beam@54075bcc5e249e4758d363f27d099f55d843f124	2026-09-08T08:34:28.8914440Z ##[group]Installing Elixir v1.20.0-otp-29
consumer (ubuntu-24.04, x86_64-linux-gnu)	Run erlef/setup-beam@54075bcc5e249e4758d363f27d099f55d843f124	2026-09-08T08:34:29.0348680Z [command]/usr/bin/unzip -o -q /home/runner/work/_temp/7fe05db5-330b-453a-ae1e-b5204d580717
consumer (ubuntu-24.04, x86_64-linux-gnu)	Run erlef/setup-beam@54075bcc5e249e4758d363f27d099f55d843f124	2026-09-08T08:34:29.5013498Z Installed Elixir version
consumer (ubuntu-24.04, x86_64-linux-gnu)	Run erlef/setup-beam@54075bcc5e249e4758d363f27d099f55d843f124	2026-09-08T08:34:29.5047161Z [command]/home/runner/work/_temp/.setup-beam/elixir/bin/elixir -v
consumer (ubuntu-24.04, x86_64-linux-gnu)	Run erlef/setup-beam@54075bcc5e249e4758d363f27d099f55d843f124	2026-09-08T08:34:29.7625942Z Erlang/OTP 29 [erts-17.0.4] [source] [64-bit] [smp:4:4] [ds:4:4:10] [async-threads:1] [jit:ns]
consumer (ubuntu-24.04, x86_64-linux-gnu)	Run erlef/setup-beam@54075bcc5e249e4758d363f27d099f55d843f124	2026-09-08T08:34:29.7626884Z 
consumer (ubuntu-24.04, x86_64-linux-gnu)	Run erlef/setup-beam@54075bcc5e249e4758d363f27d099f55d843f124	2026-09-08T08:34:29.7717883Z Elixir 1.20.0 (compiled with Erlang/OTP 29)
consumer (ubuntu-24.04, x86_64-linux-gnu)	Run erlef/setup-beam@54075bcc5e249e4758d363f27d099f55d843f124	2026-09-08T08:34:29.7775889Z ##[endgroup]
consumer (ubuntu-24.04, x86_64-linux-gnu)	Run erlef/setup-beam@54075bcc5e249e4758d363f27d099f55d843f124	2026-09-08T08:34:29.7776585Z ##[group]Running mix local.rebar,--force
consumer (ubuntu-24.04, x86_64-linux-gnu)	Run erlef/setup-beam@54075bcc5e249e4758d363f27d099f55d843f124	2026-09-08T08:34:29.7782417Z [command]/home/runner/work/_temp/.setup-beam/elixir/bin/mix local.rebar --force
consumer (ubuntu-24.04, x86_64-linux-gnu)	Run erlef/setup-beam@54075bcc5e249e4758d363f27d099f55d843f124	2026-09-08T08:34:30.6759721Z * creating /home/runner/.mix/elixir/1-20-otp-29/rebar3
consumer (ubuntu-24.04, x86_64-linux-gnu)	Run erlef/setup-beam@54075bcc5e249e4758d363f27d099f55d843f124	2026-09-08T08:34:30.6867972Z ##[endgroup]
consumer (ubuntu-24.04, x86_64-linux-gnu)	Run erlef/setup-beam@54075bcc5e249e4758d363f27d099f55d843f124	2026-09-08T08:34:30.6869173Z ##[group]Running mix local.hex,--force
consumer (ubuntu-24.04, x86_64-linux-gnu)	Run erlef/setup-beam@54075bcc5e249e4758d363f27d099f55d843f124	2026-09-08T08:34:30.6888355Z [command]/home/runner/work/_temp/.setup-beam/elixir/bin/mix local.hex --force
consumer (ubuntu-24.04, x86_64-linux-gnu)	Run erlef/setup-beam@54075bcc5e249e4758d363f27d099f55d843f124	2026-09-08T08:34:31.6636211Z * creating /home/runner/.mix/archives/hex-2.5.1
consumer (ubuntu-24.04, x86_64-linux-gnu)	Run erlef/setup-beam@54075bcc5e249e4758d363f27d099f55d843f124	2026-09-08T08:34:31.6733403Z ##[endgroup]
consumer (ubuntu-24.04, x86_64-linux-gnu)	Install consumer proof prerequisites	﻿2026-09-08T08:34:31.6994235Z ##[group]Run sudo apt-get update
consumer (ubuntu-24.04, x86_64-linux-gnu)	Install consumer proof prerequisites	2026-09-08T08:34:31.6994631Z ^[[36;1msudo apt-get update^[[0m
consumer (ubuntu-24.04, x86_64-linux-gnu)	Install consumer proof prerequisites	2026-09-08T08:34:31.6994981Z ^[[36;1msudo apt-get install --yes bubblewrap binutils^[[0m
consumer (ubuntu-24.04, x86_64-linux-gnu)	Install consumer proof prerequisites	2026-09-08T08:34:31.6995331Z ^[[36;1mmix local.hex --force^[[0m
consumer (ubuntu-24.04, x86_64-linux-gnu)	Install consumer proof prerequisites	2026-09-08T08:34:31.7047529Z shell: /usr/bin/bash -e {0}
consumer (ubuntu-24.04, x86_64-linux-gnu)	Install consumer proof prerequisites	2026-09-08T08:34:31.7047845Z env:
consumer (ubuntu-24.04, x86_64-linux-gnu)	Install consumer proof prerequisites	2026-09-08T08:34:31.7048152Z   pythonLocation: /opt/hostedtoolcache/Python/3.14.7/x64
consumer (ubuntu-24.04, x86_64-linux-gnu)	Install consumer proof prerequisites	2026-09-08T08:34:31.7048608Z   PKG_CONFIG_PATH: /opt/hostedtoolcache/Python/3.14.7/x64/lib/pkgconfig
consumer (ubuntu-24.04, x86_64-linux-gnu)	Install consumer proof prerequisites	2026-09-08T08:34:31.7049032Z   Python_ROOT_DIR: /opt/hostedtoolcache/Python/3.14.7/x64
consumer (ubuntu-24.04, x86_64-linux-gnu)	Install consumer proof prerequisites	2026-09-08T08:34:31.7049419Z   Python2_ROOT_DIR: /opt/hostedtoolcache/Python/3.14.7/x64
consumer (ubuntu-24.04, x86_64-linux-gnu)	Install consumer proof prerequisites	2026-09-08T08:34:31.7049806Z   Python3_ROOT_DIR: /opt/hostedtoolcache/Python/3.14.7/x64
consumer (ubuntu-24.04, x86_64-linux-gnu)	Install consumer proof prerequisites	2026-09-08T08:34:31.7050201Z   LD_LIBRARY_PATH: /opt/hostedtoolcache/Python/3.14.7/x64/lib
consumer (ubuntu-24.04, x86_64-linux-gnu)	Install consumer proof prerequisites	2026-09-08T08:34:31.7050609Z   INSTALL_DIR_FOR_OTP: /home/runner/work/_temp/.setup-beam/otp
consumer (ubuntu-24.04, x86_64-linux-gnu)	Install consumer proof prerequisites	2026-09-08T08:34:31.7051064Z   INSTALL_DIR_FOR_ELIXIR: /home/runner/work/_temp/.setup-beam/elixir
consumer (ubuntu-24.04, x86_64-linux-gnu)	Install consumer proof prerequisites	2026-09-08T08:34:31.7051481Z ##[endgroup]
consumer (ubuntu-24.04, x86_64-linux-gnu)	Install consumer proof prerequisites	2026-09-08T08:34:31.8093551Z Get:1 file:/etc/apt/apt-mirrors.txt Mirrorlist [144 B]
consumer (ubuntu-24.04, x86_64-linux-gnu)	Install consumer proof prerequisites	2026-09-08T08:34:31.8669198Z Hit:2 http://azure.archive.ubuntu.com/ubuntu noble InRelease
consumer (ubuntu-24.04, x86_64-linux-gnu)	Install consumer proof prerequisites	2026-09-08T08:34:31.8671552Z Get:6 https://packages.microsoft.com/ubuntu/24.04/prod noble InRelease [3600 B]
consumer (ubuntu-24.04, x86_64-linux-gnu)	Install consumer proof prerequisites	2026-09-08T08:34:31.8684963Z Get:3 http://azure.archive.ubuntu.com/ubuntu noble-updates InRelease [126 kB]
consumer (ubuntu-24.04, x86_64-linux-gnu)	Install consumer proof prerequisites	2026-09-08T08:34:31.8778903Z Get:4 http://azure.archive.ubuntu.com/ubuntu noble-backports InRelease [126 kB]
consumer (ubuntu-24.04, x86_64-linux-gnu)	Install consumer proof prerequisites	2026-09-08T08:34:31.8780818Z Get:7 https://dl.google.com/linux/chrome-stable/deb stable InRelease [2548 B]
consumer (ubuntu-24.04, x86_64-linux-gnu)	Install consumer proof prerequisites	2026-09-08T08:34:31.8865382Z Get:5 http://azure.archive.ubuntu.com/ubuntu noble-security InRelease [126 kB]
consumer (ubuntu-24.04, x86_64-linux-gnu)	Install consumer proof prerequisites	2026-09-08T08:34:32.0149113Z Get:8 https://packages.microsoft.com/ubuntu/24.04/prod noble/main amd64 Packages [441 kB]
consumer (ubuntu-24.04, x86_64-linux-gnu)	Install consumer proof prerequisites	2026-09-08T08:34:32.0353554Z Get:9 https://packages.microsoft.com/ubuntu/24.04/prod noble/main arm64 Packages [394 kB]
consumer (ubuntu-24.04, x86_64-linux-gnu)	Install consumer proof prerequisites	2026-09-08T08:34:32.0812398Z Get:10 http://azure.archive.ubuntu.com/ubuntu noble-updates/main amd64 Packages [1260 kB]
consumer (ubuntu-24.04, x86_64-linux-gnu)	Install consumer proof prerequisites	2026-09-08T08:34:32.0916839Z Get:11 http://azure.archive.ubuntu.com/ubuntu noble-updates/main Translation-en [292 kB]
consumer (ubuntu-24.04, x86_64-linux-gnu)	Install consumer proof prerequisites	2026-09-08T08:34:32.0924720Z Get:12 http://azure.archive.ubuntu.com/ubuntu noble-updates/main amd64 Components [180 kB]
consumer (ubuntu-24.04, x86_64-linux-gnu)	Install consumer proof prerequisites	2026-09-08T08:34:32.0945667Z Get:13 http://azure.archive.ubuntu.com/ubuntu noble-updates/universe amd64 Packages [1691 kB]
consumer (ubuntu-24.04, x86_64-linux-gnu)	Install consumer proof prerequisites	2026-09-08T08:34:32.1059188Z Get:14 http://azure.archive.ubuntu.com/ubuntu noble-updates/universe Translation-en [339 kB]
consumer (ubuntu-24.04, x86_64-linux-gnu)	Install consumer proof prerequisites	2026-09-08T08:34:32.1068043Z Get:15 http://azure.archive.ubuntu.com/ubuntu noble-updates/universe amd64 Components [388 kB]
consumer (ubuntu-24.04, x86_64-linux-gnu)	Install consumer proof prerequisites	2026-09-08T08:34:32.1113017Z Get:16 http://azure.archive.ubuntu.com/ubuntu noble-updates/restricted amd64 Packages [1536 kB]
consumer (ubuntu-24.04, x86_64-linux-gnu)	Install consumer proof prerequisites	2026-09-08T08:34:32.1183945Z Get:17 http://azure.archive.ubuntu.com/ubuntu noble-updates/restricted Translation-en [352 kB]
consumer (ubuntu-24.04, x86_64-linux-gnu)	Install consumer proof prerequisites	2026-09-08T08:34:32.1212651Z Get:18 http://azure.archive.ubuntu.com/ubuntu noble-updates/multiverse amd64 Components [940 B]
consumer (ubuntu-24.04, x86_64-linux-gnu)	Install consumer proof prerequisites	2026-09-08T08:34:32.1673546Z Get:19 https://dl.google.com/linux/chrome-stable/deb stable/main amd64 Packages [1403 B]
consumer (ubuntu-24.04, x86_64-linux-gnu)	Install consumer proof prerequisites	2026-09-08T08:34:32.2124304Z Get:20 http://azure.archive.ubuntu.com/ubuntu noble-backports/main amd64 Components [5760 B]
consumer (ubuntu-24.04, x86_64-linux-gnu)	Install consumer proof prerequisites	2026-09-08T08:34:32.2613859Z Get:21 http://azure.archive.ubuntu.com/ubuntu noble-backports/universe amd64 Components [12.6 kB]
consumer (ubuntu-24.04, x86_64-linux-gnu)	Install consumer proof prerequisites	2026-09-08T08:34:32.2934128Z Get:22 http://azure.archive.ubuntu.com/ubuntu noble-security/main amd64 Packages [1002 kB]
consumer (ubuntu-24.04, x86_64-linux-gnu)	Install consumer proof prerequisites	2026-09-08T08:34:32.3056727Z Get:23 http://azure.archive.ubuntu.com/ubuntu noble-security/main Translation-en [212 kB]
consumer (ubuntu-24.04, x86_64-linux-gnu)	Install consumer proof prerequisites	2026-09-08T08:34:32.3089328Z Get:24 http://azure.archive.ubuntu.com/ubuntu noble-security/main amd64 Components [46.3 kB]
consumer (ubuntu-24.04, x86_64-linux-gnu)	Install consumer proof prerequisites	2026-09-08T08:34:32.3143800Z Get:25 http://azure.archive.ubuntu.com/ubuntu noble-security/universe amd64 Packages [1206 kB]
consumer (ubuntu-24.04, x86_64-linux-gnu)	Install consumer proof prerequisites	2026-09-08T08:34:32.3332622Z Get:26 http://azure.archive.ubuntu.com/ubuntu noble-security/universe Translation-en [241 kB]
consumer (ubuntu-24.04, x86_64-linux-gnu)	Install consumer proof prerequisites	2026-09-08T08:34:32.3353145Z Get:27 http://azure.archive.ubuntu.com/ubuntu noble-security/universe amd64 Components [76.2 kB]
consumer (ubuntu-24.04, x86_64-linux-gnu)	Install consumer proof prerequisites	2026-09-08T08:34:32.3374948Z Get:28 http://azure.archive.ubuntu.com/ubuntu noble-security/restricted amd64 Packages [1437 kB]
consumer (ubuntu-24.04, x86_64-linux-gnu)	Install consumer proof prerequisites	2026-09-08T08:34:32.3471927Z Get:29 http://azure.archive.ubuntu.com/ubuntu noble-security/restricted Translation-en [334 kB]
consumer (ubuntu-24.04, x86_64-linux-gnu)	Install consumer proof prerequisites	2026-09-08T08:34:38.0644582Z Fetched 11.8 MB in 2s (7380 kB/s)
consumer (ubuntu-24.04, x86_64-linux-gnu)	Install consumer proof prerequisites	2026-09-08T08:34:38.8402558Z Reading package lists...
consumer (ubuntu-24.04, x86_64-linux-gnu)	Install consumer proof prerequisites	2026-09-08T08:34:38.8740952Z Reading package lists...
consumer (ubuntu-24.04, x86_64-linux-gnu)	Install consumer proof prerequisites	2026-09-08T08:34:39.0699054Z Building dependency tree...
consumer (ubuntu-24.04, x86_64-linux-gnu)	Install consumer proof prerequisites	2026-09-08T08:34:39.0706729Z Reading state information...
consumer (ubuntu-24.04, x86_64-linux-gnu)	Install consumer proof prerequisites	2026-09-08T08:34:39.2509720Z binutils is already the newest version (2.42-4ubuntu2.10).
consumer (ubuntu-24.04, x86_64-linux-gnu)	Install consumer proof prerequisites	2026-09-08T08:34:39.2510569Z The following NEW packages will be installed:
consumer (ubuntu-24.04, x86_64-linux-gnu)	Install consumer proof prerequisites	2026-09-08T08:34:39.2515651Z   bubblewrap
consumer (ubuntu-24.04, x86_64-linux-gnu)	Install consumer proof prerequisites	2026-09-08T08:34:39.2700042Z 0 upgraded, 1 newly installed, 0 to remove and 44 not upgraded.
consumer (ubuntu-24.04, x86_64-linux-gnu)	Install consumer proof prerequisites	2026-09-08T08:34:39.2700785Z Need to get 50.2 kB of archives.
consumer (ubuntu-24.04, x86_64-linux-gnu)	Install consumer proof prerequisites	2026-09-08T08:34:39.2701350Z After this operation, 133 kB of additional disk space will be used.
consumer (ubuntu-24.04, x86_64-linux-gnu)	Install consumer proof prerequisites	2026-09-08T08:34:39.2702224Z Get:1 file:/etc/apt/apt-mirrors.txt Mirrorlist [144 B]
consumer (ubuntu-24.04, x86_64-linux-gnu)	Install consumer proof prerequisites	2026-09-08T08:34:39.2915812Z Get:2 http://azure.archive.ubuntu.com/ubuntu noble-updates/main amd64 bubblewrap amd64 0.9.0-1ubuntu0.1 [50.2 kB]
consumer (ubuntu-24.04, x86_64-linux-gnu)	Install consumer proof prerequisites	2026-09-08T08:34:39.5572543Z Fetched 50.2 kB in 0s (1491 kB/s)
consumer (ubuntu-24.04, x86_64-linux-gnu)	Install consumer proof prerequisites	2026-09-08T08:34:39.5802701Z Selecting previously unselected package bubblewrap.
consumer (ubuntu-24.04, x86_64-linux-gnu)	Install consumer proof prerequisites	2026-09-08T08:34:39.6060841Z (Reading database ... 
consumer (ubuntu-24.04, x86_64-linux-gnu)	Install consumer proof prerequisites	2026-09-08T08:34:39.6061300Z (Reading database ... 5%
consumer (ubuntu-24.04, x86_64-linux-gnu)	Install consumer proof prerequisites	2026-09-08T08:34:39.6061597Z (Reading database ... 10%
consumer (ubuntu-24.04, x86_64-linux-gnu)	Install consumer proof prerequisites	2026-09-08T08:34:39.6061863Z (Reading database ... 15%
consumer (ubuntu-24.04, x86_64-linux-gnu)	Install consumer proof prerequisites	2026-09-08T08:34:39.6062509Z (Reading database ... 20%
consumer (ubuntu-24.04, x86_64-linux-gnu)	Install consumer proof prerequisites	2026-09-08T08:34:39.6063002Z (Reading database ... 25%
consumer (ubuntu-24.04, x86_64-linux-gnu)	Install consumer proof prerequisites	2026-09-08T08:34:39.6063271Z (Reading database ... 30%
consumer (ubuntu-24.04, x86_64-linux-gnu)	Install consumer proof prerequisites	2026-09-08T08:34:39.6063529Z (Reading database ... 35%
consumer (ubuntu-24.04, x86_64-linux-gnu)	Install consumer proof prerequisites	2026-09-08T08:34:39.6063786Z (Reading database ... 40%
consumer (ubuntu-24.04, x86_64-linux-gnu)	Install consumer proof prerequisites	2026-09-08T08:34:39.6064086Z (Reading database ... 45%
consumer (ubuntu-24.04, x86_64-linux-gnu)	Install consumer proof prerequisites	2026-09-08T08:34:39.6064353Z (Reading database ... 50%
consumer (ubuntu-24.04, x86_64-linux-gnu)	Install consumer proof prerequisites	2026-09-08T08:34:39.6104711Z (Reading database ... 55%
consumer (ubuntu-24.04, x86_64-linux-gnu)	Install consumer proof prerequisites	2026-09-08T08:34:39.7563827Z (Reading database ... 60%
consumer (ubuntu-24.04, x86_64-linux-gnu)	Install consumer proof prerequisites	2026-09-08T08:34:39.8958133Z (Reading database ... 65%
consumer (ubuntu-24.04, x86_64-linux-gnu)	Install consumer proof prerequisites	2026-09-08T08:34:40.1015157Z (Reading database ... 70%
consumer (ubuntu-24.04, x86_64-linux-gnu)	Install consumer proof prerequisites	2026-09-08T08:34:40.2520833Z (Reading database ... 75%
consumer (ubuntu-24.04, x86_64-linux-gnu)	Install consumer proof prerequisites	2026-09-08T08:34:40.5947640Z (Reading database ... 80%
consumer (ubuntu-24.04, x86_64-linux-gnu)	Install consumer proof prerequisites	2026-09-08T08:34:41.0493974Z (Reading database ... 85%
consumer (ubuntu-24.04, x86_64-linux-gnu)	Install consumer proof prerequisites	2026-09-08T08:34:41.1762746Z (Reading database ... 90%
consumer (ubuntu-24.04, x86_64-linux-gnu)	Install consumer proof prerequisites	2026-09-08T08:34:41.2955880Z (Reading database ... 95%
consumer (ubuntu-24.04, x86_64-linux-gnu)	Install consumer proof prerequisites	2026-09-08T08:34:41.2956439Z (Reading database ... 100%
consumer (ubuntu-24.04, x86_64-linux-gnu)	Install consumer proof prerequisites	2026-09-08T08:34:41.2957003Z (Reading database ... 201676 files and directories currently installed.)
consumer (ubuntu-24.04, x86_64-linux-gnu)	Install consumer proof prerequisites	2026-09-08T08:34:41.3004616Z Preparing to unpack .../bubblewrap_0.9.0-1ubuntu0.1_amd64.deb ...
consumer (ubuntu-24.04, x86_64-linux-gnu)	Install consumer proof prerequisites	2026-09-08T08:34:41.3052690Z Unpacking bubblewrap (0.9.0-1ubuntu0.1) ...
consumer (ubuntu-24.04, x86_64-linux-gnu)	Install consumer proof prerequisites	2026-09-08T08:34:41.3520042Z Setting up bubblewrap (0.9.0-1ubuntu0.1) ...
consumer (ubuntu-24.04, x86_64-linux-gnu)	Install consumer proof prerequisites	2026-09-08T08:34:41.3575195Z Processing triggers for man-db (2.12.0-4build2) ...
consumer (ubuntu-24.04, x86_64-linux-gnu)	Install consumer proof prerequisites	2026-09-08T08:34:41.3598625Z Not building database; man-db/auto-update is not 'true'.
consumer (ubuntu-24.04, x86_64-linux-gnu)	Install consumer proof prerequisites	2026-09-08T08:34:41.9707713Z 
consumer (ubuntu-24.04, x86_64-linux-gnu)	Install consumer proof prerequisites	2026-09-08T08:34:41.9708438Z Running kernel seems to be up-to-date.
consumer (ubuntu-24.04, x86_64-linux-gnu)	Install consumer proof prerequisites	2026-09-08T08:34:41.9708799Z 
consumer (ubuntu-24.04, x86_64-linux-gnu)	Install consumer proof prerequisites	2026-09-08T08:34:41.9709000Z No services need to be restarted.
consumer (ubuntu-24.04, x86_64-linux-gnu)	Install consumer proof prerequisites	2026-09-08T08:34:41.9709278Z 
consumer (ubuntu-24.04, x86_64-linux-gnu)	Install consumer proof prerequisites	2026-09-08T08:34:41.9709456Z No containers need to be restarted.
consumer (ubuntu-24.04, x86_64-linux-gnu)	Install consumer proof prerequisites	2026-09-08T08:34:41.9709733Z 
consumer (ubuntu-24.04, x86_64-linux-gnu)	Install consumer proof prerequisites	2026-09-08T08:34:41.9709939Z No user sessions are running outdated binaries.
consumer (ubuntu-24.04, x86_64-linux-gnu)	Install consumer proof prerequisites	2026-09-08T08:34:41.9710263Z 
consumer (ubuntu-24.04, x86_64-linux-gnu)	Install consumer proof prerequisites	2026-09-08T08:34:41.9710574Z No VM guests are running outdated hypervisor (qemu) binaries on this host.
consumer (ubuntu-24.04, x86_64-linux-gnu)	Install consumer proof prerequisites	2026-09-08T08:34:43.8246768Z * creating /home/runner/.mix/archives/hex-2.5.1
consumer (ubuntu-24.04, x86_64-linux-gnu)	Verify current package with exact reviewed native archive	﻿2026-09-08T08:34:43.8389797Z ##[group]Run set -o pipefail
consumer (ubuntu-24.04, x86_64-linux-gnu)	Verify current package with exact reviewed native archive	2026-09-08T08:34:43.8390138Z ^[[36;1mset -o pipefail^[[0m
consumer (ubuntu-24.04, x86_64-linux-gnu)	Verify current package with exact reviewed native archive	2026-09-08T08:34:43.8390809Z ^[[36;1mpython3 -u scripts/linux_consumer_ci.py --target "$APHID_TARGET" --work "$RUNNER_TEMP/aphid-current-consumer" 2>&1 | tee "$RUNNER_TEMP/current-consumer.log"^[[0m
consumer (ubuntu-24.04, x86_64-linux-gnu)	Verify current package with exact reviewed native archive	2026-09-08T08:34:43.8435660Z shell: /usr/bin/bash -e {0}
consumer (ubuntu-24.04, x86_64-linux-gnu)	Verify current package with exact reviewed native archive	2026-09-08T08:34:43.8435926Z env:
consumer (ubuntu-24.04, x86_64-linux-gnu)	Verify current package with exact reviewed native archive	2026-09-08T08:34:43.8436201Z   pythonLocation: /opt/hostedtoolcache/Python/3.14.7/x64
consumer (ubuntu-24.04, x86_64-linux-gnu)	Verify current package with exact reviewed native archive	2026-09-08T08:34:43.8436646Z   PKG_CONFIG_PATH: /opt/hostedtoolcache/Python/3.14.7/x64/lib/pkgconfig
consumer (ubuntu-24.04, x86_64-linux-gnu)	Verify current package with exact reviewed native archive	2026-09-08T08:34:43.8437070Z   Python_ROOT_DIR: /opt/hostedtoolcache/Python/3.14.7/x64
consumer (ubuntu-24.04, x86_64-linux-gnu)	Verify current package with exact reviewed native archive	2026-09-08T08:34:43.8437448Z   Python2_ROOT_DIR: /opt/hostedtoolcache/Python/3.14.7/x64
consumer (ubuntu-24.04, x86_64-linux-gnu)	Verify current package with exact reviewed native archive	2026-09-08T08:34:43.8437823Z   Python3_ROOT_DIR: /opt/hostedtoolcache/Python/3.14.7/x64
consumer (ubuntu-24.04, x86_64-linux-gnu)	Verify current package with exact reviewed native archive	2026-09-08T08:34:43.8438203Z   LD_LIBRARY_PATH: /opt/hostedtoolcache/Python/3.14.7/x64/lib
consumer (ubuntu-24.04, x86_64-linux-gnu)	Verify current package with exact reviewed native archive	2026-09-08T08:34:43.8438618Z   INSTALL_DIR_FOR_OTP: /home/runner/work/_temp/.setup-beam/otp
consumer (ubuntu-24.04, x86_64-linux-gnu)	Verify current package with exact reviewed native archive	2026-09-08T08:34:43.8439087Z   INSTALL_DIR_FOR_ELIXIR: /home/runner/work/_temp/.setup-beam/elixir
consumer (ubuntu-24.04, x86_64-linux-gnu)	Verify current package with exact reviewed native archive	2026-09-08T08:34:43.8442294Z   GH_TOKEN: ***
consumer (ubuntu-24.04, x86_64-linux-gnu)	Verify current package with exact reviewed native archive	2026-09-08T08:34:43.8442579Z   APHID_TARGET: x86_64-linux-gnu
consumer (ubuntu-24.04, x86_64-linux-gnu)	Verify current package with exact reviewed native archive	2026-09-08T08:34:43.8442835Z ##[endgroup]
consumer (ubuntu-24.04, x86_64-linux-gnu)	Verify current package with exact reviewed native archive	2026-09-08T08:34:45.2459085Z {"command": ["gh", "run", "download", "34193449987", "--repo", "catethos/Aphid", "--name", "validation-x86_64-linux-gnu-34193449987-1", "--dir", "/home/runner/work/_temp/aphid-current-consumer/retained"], "cwd": "/home/runner/work/Aphid/Aphid", "exit": 0, "seconds": 0.966}
consumer (ubuntu-24.04, x86_64-linux-gnu)	Verify current package with exact reviewed native archive	2026-09-08T08:34:45.8996141Z Building aphid 0.1.0-dev
consumer (ubuntu-24.04, x86_64-linux-gnu)	Verify current package with exact reviewed native archive	2026-09-08T08:34:45.8997019Z   Dependencies:
consumer (ubuntu-24.04, x86_64-linux-gnu)	Verify current package with exact reviewed native archive	2026-09-08T08:34:45.8997609Z     zigler == 0.16.0 (app: zigler)
consumer (ubuntu-24.04, x86_64-linux-gnu)	Verify current package with exact reviewed native archive	2026-09-08T08:34:45.8998364Z     telemetry ~> 1.3 (app: telemetry)
consumer (ubuntu-24.04, x86_64-linux-gnu)	Verify current package with exact reviewed native archive	2026-09-08T08:34:45.9040596Z   App: aphid
consumer (ubuntu-24.04, x86_64-linux-gnu)	Verify current package with exact reviewed native archive	2026-09-08T08:34:45.9041405Z   Name: aphid
consumer (ubuntu-24.04, x86_64-linux-gnu)	Verify current package with exact reviewed native archive	2026-09-08T08:34:45.9042489Z   Files:
consumer (ubuntu-24.04, x86_64-linux-gnu)	Verify current package with exact reviewed native archive	2026-09-08T08:34:45.9043169Z     mix.exs
consumer (ubuntu-24.04, x86_64-linux-gnu)	Verify current package with exact reviewed native archive	2026-09-08T08:34:45.9043799Z     mix.lock
consumer (ubuntu-24.04, x86_64-linux-gnu)	Verify current package with exact reviewed native archive	2026-09-08T08:34:45.9044334Z     mix/aphid_bundle.exs
consumer (ubuntu-24.04, x86_64-linux-gnu)	Verify current package with exact reviewed native archive	2026-09-08T08:34:45.9044923Z     lib/aphid.ex
consumer (ubuntu-24.04, x86_64-linux-gnu)	Verify current package with exact reviewed native archive	2026-09-08T08:34:45.9045449Z     lib/aphid/application.ex
consumer (ubuntu-24.04, x86_64-linux-gnu)	Verify current package with exact reviewed native archive	2026-09-08T08:34:45.9046047Z     lib/aphid/bundle_loader.ex
consumer (ubuntu-24.04, x86_64-linux-gnu)	Verify current package with exact reviewed native archive	2026-09-08T08:34:45.9046632Z     lib/aphid/database.ex
consumer (ubuntu-24.04, x86_64-linux-gnu)	Verify current package with exact reviewed native archive	2026-09-08T08:34:45.9047199Z     lib/aphid/error.ex
consumer (ubuntu-24.04, x86_64-linux-gnu)	Verify current package with exact reviewed native archive	2026-09-08T08:34:45.9047743Z     lib/aphid/native.ex
consumer (ubuntu-24.04, x86_64-linux-gnu)	Verify current package with exact reviewed native archive	2026-09-08T08:34:45.9048287Z     lib/aphid/options.ex
consumer (ubuntu-24.04, x86_64-linux-gnu)	Verify current package with exact reviewed native archive	2026-09-08T08:34:45.9048844Z     lib/aphid/proof.ex
consumer (ubuntu-24.04, x86_64-linux-gnu)	Verify current package with exact reviewed native archive	2026-09-08T08:34:45.9049368Z     lib/aphid/result.ex
consumer (ubuntu-24.04, x86_64-linux-gnu)	Verify current package with exact reviewed native archive	2026-09-08T08:34:45.9049920Z     lib/aphid/stream.ex
consumer (ubuntu-24.04, x86_64-linux-gnu)	Verify current package with exact reviewed native archive	2026-09-08T08:34:45.9050446Z     lib/aphid/telemetry.ex
consumer (ubuntu-24.04, x86_64-linux-gnu)	Verify current package with exact reviewed native archive	2026-09-08T08:34:45.9051023Z     lib/aphid/transaction.ex
consumer (ubuntu-24.04, x86_64-linux-gnu)	Verify current package with exact reviewed native archive	2026-09-08T08:34:45.9051588Z     lib/aphid/value.ex
consumer (ubuntu-24.04, x86_64-linux-gnu)	Verify current package with exact reviewed native archive	2026-09-08T08:34:45.9052236Z     README.md
consumer (ubuntu-24.04, x86_64-linux-gnu)	Verify current package with exact reviewed native archive	2026-09-08T08:34:45.9052726Z     LICENSE
consumer (ubuntu-24.04, x86_64-linux-gnu)	Verify current package with exact reviewed native archive	2026-09-08T08:34:45.9053209Z     THIRD_PARTY.md
consumer (ubuntu-24.04, x86_64-linux-gnu)	Verify current package with exact reviewed native archive	2026-09-08T08:34:45.9053720Z     THIRD_PARTY_NOTICES.txt
consumer (ubuntu-24.04, x86_64-linux-gnu)	Verify current package with exact reviewed native archive	2026-09-08T08:34:45.9054273Z     docs/architecture.md
consumer (ubuntu-24.04, x86_64-linux-gnu)	Verify current package with exact reviewed native archive	2026-09-08T08:34:45.9054822Z     docs/extensions.md
consumer (ubuntu-24.04, x86_64-linux-gnu)	Verify current package with exact reviewed native archive	2026-09-08T08:34:45.9055355Z     docs/github-release.md
consumer (ubuntu-24.04, x86_64-linux-gnu)	Verify current package with exact reviewed native archive	2026-09-08T08:34:45.9055921Z     docs/local-installation.md
consumer (ubuntu-24.04, x86_64-linux-gnu)	Verify current package with exact reviewed native archive	2026-09-08T08:34:45.9056499Z     docs/release-checklist.md
consumer (ubuntu-24.04, x86_64-linux-gnu)	Verify current package with exact reviewed native archive	2026-09-08T08:34:45.9057079Z     docs/source-installation.md
consumer (ubuntu-24.04, x86_64-linux-gnu)	Verify current package with exact reviewed native archive	2026-09-08T08:34:45.9057981Z     docs/status.md
consumer (ubuntu-24.04, x86_64-linux-gnu)	Verify current package with exact reviewed native archive	2026-09-08T08:34:45.9058493Z     docs/telemetry.md
consumer (ubuntu-24.04, x86_64-linux-gnu)	Verify current package with exact reviewed native archive	2026-09-08T08:34:45.9059003Z     docs/types.md
consumer (ubuntu-24.04, x86_64-linux-gnu)	Verify current package with exact reviewed native archive	2026-09-08T08:34:45.9059560Z     native/lock.json
consumer (ubuntu-24.04, x86_64-linux-gnu)	Verify current package with exact reviewed native archive	2026-09-08T08:34:45.9060087Z     native/local-bundle.json
consumer (ubuntu-24.04, x86_64-linux-gnu)	Verify current package with exact reviewed native archive	2026-09-08T08:34:45.9060645Z     native/linux-bundles.json
consumer (ubuntu-24.04, x86_64-linux-gnu)	Verify current package with exact reviewed native archive	2026-09-08T08:34:45.9061203Z     native/aphid_nif.zig
consumer (ubuntu-24.04, x86_64-linux-gnu)	Verify current package with exact reviewed native archive	2026-09-08T08:34:45.9061876Z     native/bridge.h
consumer (ubuntu-24.04, x86_64-linux-gnu)	Verify current package with exact reviewed native archive	2026-09-08T08:34:45.9062546Z     native/bridge.cpp
consumer (ubuntu-24.04, x86_64-linux-gnu)	Verify current package with exact reviewed native archive	2026-09-08T08:34:45.9063062Z     native/CMakeLists.txt
consumer (ubuntu-24.04, x86_64-linux-gnu)	Verify current package with exact reviewed native archive	2026-09-08T08:34:45.9063695Z     native/patches/aggregate-state-alignment.patch
consumer (ubuntu-24.04, x86_64-linux-gnu)	Verify current package with exact reviewed native archive	2026-09-08T08:34:45.9064422Z     native/patches/alp-conversion-range.patch
consumer (ubuntu-24.04, x86_64-linux-gnu)	Verify current package with exact reviewed native archive	2026-09-08T08:34:45.9065098Z     native/patches/detach-clear-default.patch
consumer (ubuntu-24.04, x86_64-linux-gnu)	Verify current package with exact reviewed native archive	2026-09-08T08:34:45.9065769Z     native/patches/duckdb-tabular-only.patch
consumer (ubuntu-24.04, x86_64-linux-gnu)	Verify current package with exact reviewed native archive	2026-09-08T08:34:45.9066991Z     native/patches/fts-atomic-create.patch
consumer (ubuntu-24.04, x86_64-linux-gnu)	Verify current package with exact reviewed native archive	2026-09-08T08:34:45.9067834Z     native/patches/join-row-alignment.patch
consumer (ubuntu-24.04, x86_64-linux-gnu)	Verify current package with exact reviewed native archive	2026-09-08T08:34:45.9068566Z     native/patches/node-delete-finalize.patch
consumer (ubuntu-24.04, x86_64-linux-gnu)	Verify current package with exact reviewed native archive	2026-09-08T08:34:45.9069323Z     native/patches/row-value-alignment.patch
consumer (ubuntu-24.04, x86_64-linux-gnu)	Verify current package with exact reviewed native archive	2026-09-08T08:34:45.9070066Z     native/patches/sort-key-alignment.patch
consumer (ubuntu-24.04, x86_64-linux-gnu)	Verify current package with exact reviewed native archive	2026-09-08T08:34:45.9070817Z     native/patches/string-hash-alignment.patch
consumer (ubuntu-24.04, x86_64-linux-gnu)	Verify current package with exact reviewed native archive	2026-09-08T08:34:45.9071614Z     native/patches/vector-drop-auto-transaction.patch
consumer (ubuntu-24.04, x86_64-linux-gnu)	Verify current package with exact reviewed native archive	2026-09-08T08:34:45.9072527Z     scripts/build.py
consumer (ubuntu-24.04, x86_64-linux-gnu)	Verify current package with exact reviewed native archive	2026-09-08T08:34:45.9073112Z     scripts/proof.py
consumer (ubuntu-24.04, x86_64-linux-gnu)	Verify current package with exact reviewed native archive	2026-09-08T08:34:45.9073727Z     scripts/source_preflight.py
consumer (ubuntu-24.04, x86_64-linux-gnu)	Verify current package with exact reviewed native archive	2026-09-08T08:34:45.9074385Z     native/proof.zig
consumer (ubuntu-24.04, x86_64-linux-gnu)	Verify current package with exact reviewed native archive	2026-09-08T08:34:45.9074978Z     native/proof.h
consumer (ubuntu-24.04, x86_64-linux-gnu)	Verify current package with exact reviewed native archive	2026-09-08T08:34:45.9075547Z     native/proof.cpp
consumer (ubuntu-24.04, x86_64-linux-gnu)	Verify current package with exact reviewed native archive	2026-09-08T08:34:45.9076123Z   Version: 0.1.0-dev
consumer (ubuntu-24.04, x86_64-linux-gnu)	Verify current package with exact reviewed native archive	2026-09-08T08:34:45.9076686Z   Build tools: mix
consumer (ubuntu-24.04, x86_64-linux-gnu)	Verify current package with exact reviewed native archive	2026-09-08T08:34:45.9077314Z   Description: LadybugDB for Elixir through Zigler
consumer (ubuntu-24.04, x86_64-linux-gnu)	Verify current package with exact reviewed native archive	2026-09-08T08:34:45.9078054Z   Licenses: MIT
consumer (ubuntu-24.04, x86_64-linux-gnu)	Verify current package with exact reviewed native archive	2026-09-08T08:34:45.9078625Z   Links: 
consumer (ubuntu-24.04, x86_64-linux-gnu)	Verify current package with exact reviewed native archive	2026-09-08T08:34:45.9079282Z     GitHub: https://github.com/catethos/Aphid
consumer (ubuntu-24.04, x86_64-linux-gnu)	Verify current package with exact reviewed native archive	2026-09-08T08:34:45.9080081Z   Elixir: ~> 1.20
consumer (ubuntu-24.04, x86_64-linux-gnu)	Verify current package with exact reviewed native archive	2026-09-08T08:34:45.9570298Z Package checksum: 11ca5ca447a7a93ee6d8e2d79758f3ed67d9ce04d20947a08e82598851152507
consumer (ubuntu-24.04, x86_64-linux-gnu)	Verify current package with exact reviewed native archive	2026-09-08T08:34:45.9571729Z Saved to /home/runner/work/_temp/aphid-current-consumer/aphid-0.1.0-dev-combined.tar
consumer (ubuntu-24.04, x86_64-linux-gnu)	Verify current package with exact reviewed native archive	2026-09-08T08:34:46.0032437Z {"command": ["mix", "hex.build", "--output", "/home/runner/work/_temp/aphid-current-consumer/aphid-0.1.0-dev-combined.tar"], "cwd": "/home/runner/work/Aphid/Aphid", "exit": 0, "seconds": 0.716}
consumer (ubuntu-24.04, x86_64-linux-gnu)	Verify current package with exact reviewed native archive	2026-09-08T08:34:46.0034459Z {"source_package_sha256": "11ca5ca447a7a93ee6d8e2d79758f3ed67d9ce04d20947a08e82598851152507", "native_archive_sha256": "fa9535c7e8f3b149658ed0f5f98329f7142cfd21f30f20fef765c74c42b798cc", "native_qualification": {"run_id": 34193449987, "attempt": 1, "commit": "c37c458211d0bff7e4054f90bf5d429f29ece2ef"}}
consumer (ubuntu-24.04, x86_64-linux-gnu)	Verify current package with exact reviewed native archive	2026-09-08T08:34:47.5107947Z using exact local Hex source package: 11ca5ca447a7a93ee6d8e2d79758f3ed67d9ce04d20947a08e82598851152507
consumer (ubuntu-24.04, x86_64-linux-gnu)	Verify current package with exact reviewed native archive	2026-09-08T08:34:47.5676827Z fresh caches; pinned source dependencies: [{"name": "earmark_parser", "version": "1.4.46", "sha256": "9c44636e8a1c68c62f526b2dcd85d941dbbcee7ab82cf64ba06ce28bef8e89f5"}, {"name": "ex_doc", "version": "0.39.1", "sha256": "8abf0ed3e3ca87c0847dfc4168ceab5bedfe881692f1b7c45f4a11b232806865"}, {"name": "makeup", "version": "1.2.2", "sha256": "9a1a24e5b343b8ae16abea0822c10a6f75da27af7fa802ada5251f7579bfccfa"}, {"name": "makeup_elixir", "version": "1.0.1", "sha256": "7284900d412a3e5cfd97fdaed4f5ed389b8f2b4cb49efc0eb3bd10e2febf9507"}, {"name": "makeup_erlang", "version": "1.1.0", "sha256": "1cd6780fb1dd1a03979abaed0fe82712b0625118fd5257d3ebbf73f960c73c3c"}, {"name": "nimble_parsec", "version": "1.4.2", "sha256": "4b21398942dda052b403bbe1da991ccd03a053668d147d53fb8c4e0efe09c973"}, {"name": "pegasus", "version": "0.2.6", "sha256": "0ac159f0ccab7967cf90208327cc8a35788874814c8d78e19d47104d3fc049b9"}, {"name": "protoss", "version": "1.1.0", "sha256": "c2f874383dd047fcfdf467b814dd33a208a4d24a467aef90d86185b41a0752ad"}, {"name": "telemetry", "version": "1.4.2", "sha256": "928f6495066506077862c0d1646609eed891a4326bee3126ba54b60af61febb1"}, {"name": "zig_doc", "version": "0.7.0", "sha256": "28b57b0bc12f241fc855b6514fe5198f3067fbab2555a3e3a83f6f9ed4699f4c"}, {"name": "zig_get", "version": "0.16.0", "sha256": "2841127cf2005da74fb28d3cc68397a393d3d71df5f45752b974345e696beb01"}, {"name": "zig_parser", "version": "0.7.0", "sha256": "fd0b2fc343820a202787a78a40feae372386b4303717b099223d5f5c5f21f0bb"}, {"name": "zigler", "version": "0.16.0", "sha256": "867ce49289568a7fabff400cb9f1636a429defcd488f3302a82c4b51b2bc7741"}]
consumer (ubuntu-24.04, x86_64-linux-gnu)	Verify current package with exact reviewed native archive	2026-09-08T08:34:47.6571781Z Linux namespace probe passed: build trees hidden, compiler paths masked, external network unavailable
consumer (ubuntu-24.04, x86_64-linux-gnu)	Verify current package with exact reviewed native archive	2026-09-08T08:34:47.7128404Z {"command": ["sudo", "-E", "bwrap", "--die-with-parent", "--unshare-pid", "--ro-bind", "/", "/", "--dev", "/dev", "--proc", "/proc", "--bind", "/home/runner/work/_temp/aphid-current-consumer/fresh", "/home/runner/work/_temp/aphid-current-consumer/fresh", "--unshare-net", "--tmpfs", "/home/runner/work/Aphid/Aphid", "--tmpfs", "/home/runner/work/_temp/aphid-current-consumer/retained", "--ro-bind", "/dev/null", "/usr/bin/c89-gcc", "--ro-bind", "/dev/null", "/usr/bin/c99-gcc", "--ro-bind", "/dev/null", "/usr/bin/make", "--ro-bind", "/dev/null", "/usr/bin/x86_64-linux-gnu-as", "--ro-bind", "/dev/null", "/usr/bin/x86_64-linux-gnu-g++-12", "--ro-bind", "/dev/null", "/usr/bin/x86_64-linux-gnu-g++-13", "--ro-bind", "/dev/null", "/usr/bin/x86_64-linux-gnu-g++-14", "--ro-bind", "/dev/null", "/usr/bin/x86_64-linux-gnu-gcc-12", "--ro-bind", "/dev/null", "/usr/bin/x86_64-linux-gnu-gcc-13", "--ro-bind", "/dev/null", "/usr/bin/x86_64-linux-gnu-gcc-14", "--ro-bind", "/dev/null", "/usr/bin/x86_64-linux-gnu-ld.bfd", "--ro-bind", "/dev/null", "/usr/lib/llvm-16/bin/clang", "--ro-bind", "/dev/null", "/usr/lib/llvm-16/bin/lld", "--ro-bind", "/dev/null", "/usr/lib/llvm-16/bin/llvm-as", "--ro-bind", "/dev/null", "/usr/lib/llvm-17/bin/clang", "--ro-bind", "/dev/null", "/usr/lib/llvm-17/bin/lld", "--ro-bind", "/dev/null", "/usr/lib/llvm-17/bin/llvm-as", "--ro-bind", "/dev/null", "/usr/lib/llvm-18/bin/clang", "--ro-bind", "/dev/null", "/usr/lib/llvm-18/bin/lld", "--ro-bind", "/dev/null", "/usr/lib/llvm-18/bin/llvm-as", "--ro-bind", "/dev/null", "/usr/local/bin/cmake", "--ro-bind", "/dev/null", "/usr/local/bin/ninja", "--cap-add", "CAP_SETUID", "--cap-add", "CAP_SETGID", "--cap-add", "CAP_SETPCAP", "--clearenv", "--setenv", "LANG", "C.UTF-8", "--setenv", "HOME", "/home/runner", "--setenv", "PATH", "/home/runner/work/_temp/.setup-beam/elixir/bin:/home/runner/.mix/escripts:/home/runner/work/_temp/.setup-beam/otp/bin:/opt/hostedtoolcache/Python/3.14.7/x64/bin:/opt/hostedtoolcache/Python/3.14.7/x64:/snap/bin:/home/runner/.local/bin:/opt/pipx_bin:/home/runner/.cargo/bin:/home/runner/.config/composer/vendor/bin:/usr/local/.ghcup/bin:/home/runner/.dotnet/tools:/usr/local/sbin:/usr/local/bin:/usr/sbin:/usr/bin:/sbin:/bin:/usr/games:/usr/local/games:/snap/bin", "--", "/usr/bin/setpriv", "--reuid", "1001", "--regid", "1001", "--clear-groups", "--bounding-set=-all", "--no-new-privs", "--", "/opt/hostedtoolcache/Python/3.14.7/x64/bin/python3", "/home/runner/work/_temp/aphid-current-consumer/fresh/isolation-check.py"], "cwd": "/home/runner/work/_temp/aphid-current-consumer/fresh", "exit": 0, "seconds": 0.114}
consumer (ubuntu-24.04, x86_64-linux-gnu)	Verify current package with exact reviewed native archive	2026-09-08T08:34:47.9811752Z UTF-8 runtime filename mode verified
consumer (ubuntu-24.04, x86_64-linux-gnu)	Verify current package with exact reviewed native archive	2026-09-08T08:34:48.0290025Z {"command": ["sudo", "-E", "bwrap", "--die-with-parent", "--unshare-pid", "--ro-bind", "/", "/", "--dev", "/dev", "--proc", "/proc", "--bind", "/home/runner/work/_temp/aphid-current-consumer/fresh", "/home/runner/work/_temp/aphid-current-consumer/fresh", "--unshare-net", "--tmpfs", "/home/runner/work/Aphid/Aphid", "--tmpfs", "/home/runner/work/_temp/aphid-current-consumer/retained", "--ro-bind", "/dev/null", "/usr/bin/c89-gcc", "--ro-bind", "/dev/null", "/usr/bin/c99-gcc", "--ro-bind", "/dev/null", "/usr/bin/make", "--ro-bind", "/dev/null", "/usr/bin/x86_64-linux-gnu-as", "--ro-bind", "/dev/null", "/usr/bin/x86_64-linux-gnu-g++-12", "--ro-bind", "/dev/null", "/usr/bin/x86_64-linux-gnu-g++-13", "--ro-bind", "/dev/null", "/usr/bin/x86_64-linux-gnu-g++-14", "--ro-bind", "/dev/null", "/usr/bin/x86_64-linux-gnu-gcc-12", "--ro-bind", "/dev/null", "/usr/bin/x86_64-linux-gnu-gcc-13", "--ro-bind", "/dev/null", "/usr/bin/x86_64-linux-gnu-gcc-14", "--ro-bind", "/dev/null", "/usr/bin/x86_64-linux-gnu-ld.bfd", "--ro-bind", "/dev/null", "/usr/lib/llvm-16/bin/clang", "--ro-bind", "/dev/null", "/usr/lib/llvm-16/bin/lld", "--ro-bind", "/dev/null", "/usr/lib/llvm-16/bin/llvm-as", "--ro-bind", "/dev/null", "/usr/lib/llvm-17/bin/clang", "--ro-bind", "/dev/null", "/usr/lib/llvm-17/bin/lld", "--ro-bind", "/dev/null", "/usr/lib/llvm-17/bin/llvm-as", "--ro-bind", "/dev/null", "/usr/lib/llvm-18/bin/clang", "--ro-bind", "/dev/null", "/usr/lib/llvm-18/bin/lld", "--ro-bind", "/dev/null", "/usr/lib/llvm-18/bin/llvm-as", "--ro-bind", "/dev/null", "/usr/local/bin/cmake", "--ro-bind", "/dev/null", "/usr/local/bin/ninja", "--cap-add", "CAP_SETUID", "--cap-add", "CAP_SETGID", "--cap-add", "CAP_SETPCAP", "--clearenv", "--setenv", "LANG", "C.UTF-8", "--setenv", "HOME", "/home/runner", "--setenv", "PATH", "/home/runner/work/_temp/.setup-beam/elixir/bin:/home/runner/.mix/escripts:/home/runner/work/_temp/.setup-beam/otp/bin:/opt/hostedtoolcache/Python/3.14.7/x64/bin:/opt/hostedtoolcache/Python/3.14.7/x64:/snap/bin:/home/runner/.local/bin:/opt/pipx_bin:/home/runner/.cargo/bin:/home/runner/.config/composer/vendor/bin:/usr/local/.ghcup/bin:/home/runner/.dotnet/tools:/usr/local/sbin:/usr/local/bin:/usr/sbin:/usr/bin:/sbin:/bin:/usr/games:/usr/local/games:/snap/bin", "--", "/usr/bin/setpriv", "--reuid", "1001", "--regid", "1001", "--clear-groups", "--bounding-set=-all", "--no-new-privs", "--", "/home/runner/work/_temp/.setup-beam/elixir/bin/elixir", "-e", ":utf8 = :file.native_name_encoding(); IO.puts(\"UTF-8 runtime filename mode verified\")"], "cwd": "/home/runner/work/_temp/aphid-current-consumer/fresh", "exit": 0, "seconds": 0.315}
consumer (ubuntu-24.04, x86_64-linux-gnu)	Verify current package with exact reviewed native archive	2026-09-08T08:34:49.1464208Z Resolving Hex dependencies...
consumer (ubuntu-24.04, x86_64-linux-gnu)	Verify current package with exact reviewed native archive	2026-09-08T08:34:49.1662758Z Resolution completed in 0.019s
consumer (ubuntu-24.04, x86_64-linux-gnu)	Verify current package with exact reviewed native archive	2026-09-08T08:34:49.1679579Z Unchanged:
consumer (ubuntu-24.04, x86_64-linux-gnu)	Verify current package with exact reviewed native archive	2026-09-08T08:34:49.1680056Z   earmark_parser 1.4.46
consumer (ubuntu-24.04, x86_64-linux-gnu)	Verify current package with exact reviewed native archive	2026-09-08T08:34:49.1686798Z   ex_doc 0.39.1
consumer (ubuntu-24.04, x86_64-linux-gnu)	Verify current package with exact reviewed native archive	2026-09-08T08:34:49.1691321Z   makeup 1.2.2
consumer (ubuntu-24.04, x86_64-linux-gnu)	Verify current package with exact reviewed native archive	2026-09-08T08:34:49.1691778Z   makeup_elixir 1.0.1
consumer (ubuntu-24.04, x86_64-linux-gnu)	Verify current package with exact reviewed native archive	2026-09-08T08:34:49.1692320Z   makeup_erlang 1.1.0
consumer (ubuntu-24.04, x86_64-linux-gnu)	Verify current package with exact reviewed native archive	2026-09-08T08:34:49.1692705Z   nimble_parsec 1.4.2
consumer (ubuntu-24.04, x86_64-linux-gnu)	Verify current package with exact reviewed native archive	2026-09-08T08:34:49.1693069Z   pegasus 0.2.6
consumer (ubuntu-24.04, x86_64-linux-gnu)	Verify current package with exact reviewed native archive	2026-09-08T08:34:49.1693427Z   protoss 1.1.0
consumer (ubuntu-24.04, x86_64-linux-gnu)	Verify current package with exact reviewed native archive	2026-09-08T08:34:49.1693768Z   telemetry 1.4.2
consumer (ubuntu-24.04, x86_64-linux-gnu)	Verify current package with exact reviewed native archive	2026-09-08T08:34:49.1694145Z   zig_doc 0.7.0
consumer (ubuntu-24.04, x86_64-linux-gnu)	Verify current package with exact reviewed native archive	2026-09-08T08:34:49.1694481Z   zig_get 0.16.0
consumer (ubuntu-24.04, x86_64-linux-gnu)	Verify current package with exact reviewed native archive	2026-09-08T08:34:49.1694839Z   zig_parser 0.7.0
consumer (ubuntu-24.04, x86_64-linux-gnu)	Verify current package with exact reviewed native archive	2026-09-08T08:34:49.1695173Z   zigler 0.16.0
consumer (ubuntu-24.04, x86_64-linux-gnu)	Verify current package with exact reviewed native archive	2026-09-08T08:34:49.1731237Z * Getting zigler (Hex package)
consumer (ubuntu-24.04, x86_64-linux-gnu)	Verify current package with exact reviewed native archive	2026-09-08T08:34:49.2944604Z * Getting telemetry (Hex package)
consumer (ubuntu-24.04, x86_64-linux-gnu)	Verify current package with exact reviewed native archive	2026-09-08T08:34:49.4093296Z * creating /home/runner/work/_temp/aphid-current-consumer/fresh/mix-home/elixir/1-20-otp-29/rebar3
consumer (ubuntu-24.04, x86_64-linux-gnu)	Verify current package with exact reviewed native archive	2026-09-08T08:34:49.4100448Z * Getting protoss (Hex package)
consumer (ubuntu-24.04, x86_64-linux-gnu)	Verify current package with exact reviewed native archive	2026-09-08T08:34:49.4146191Z * Getting zig_doc (Hex package)
consumer (ubuntu-24.04, x86_64-linux-gnu)	Verify current package with exact reviewed native archive	2026-09-08T08:34:49.4224782Z * Getting zig_get (Hex package)
consumer (ubuntu-24.04, x86_64-linux-gnu)	Verify current package with exact reviewed native archive	2026-09-08T08:34:49.4274002Z * Getting zig_parser (Hex package)
consumer (ubuntu-24.04, x86_64-linux-gnu)	Verify current package with exact reviewed native archive	2026-09-08T08:34:49.4494151Z * Getting pegasus (Hex package)
consumer (ubuntu-24.04, x86_64-linux-gnu)	Verify current package with exact reviewed native archive	2026-09-08T08:34:49.4585413Z * Getting nimble_parsec (Hex package)
consumer (ubuntu-24.04, x86_64-linux-gnu)	Verify current package with exact reviewed native archive	2026-09-08T08:34:49.4663531Z * Getting ex_doc (Hex package)
consumer (ubuntu-24.04, x86_64-linux-gnu)	Verify current package with exact reviewed native archive	2026-09-08T08:34:49.5011600Z * Getting earmark_parser (Hex package)
consumer (ubuntu-24.04, x86_64-linux-gnu)	Verify current package with exact reviewed native archive	2026-09-08T08:34:49.5191736Z * Getting makeup_elixir (Hex package)
consumer (ubuntu-24.04, x86_64-linux-gnu)	Verify current package with exact reviewed native archive	2026-09-08T08:34:49.5297391Z * Getting makeup_erlang (Hex package)
consumer (ubuntu-24.04, x86_64-linux-gnu)	Verify current package with exact reviewed native archive	2026-09-08T08:34:49.5376146Z * Getting makeup (Hex package)
consumer (ubuntu-24.04, x86_64-linux-gnu)	Verify current package with exact reviewed native archive	2026-09-08T08:34:49.6041490Z {"command": ["sudo", "-E", "bwrap", "--die-with-parent", "--unshare-pid", "--ro-bind", "/", "/", "--dev", "/dev", "--proc", "/proc", "--bind", "/home/runner/work/_temp/aphid-current-consumer/fresh", "/home/runner/work/_temp/aphid-current-consumer/fresh", "--tmpfs", "/home/runner/work/Aphid/Aphid", "--tmpfs", "/home/runner/work/_temp/aphid-current-consumer/retained", "--ro-bind", "/dev/null", "/usr/bin/c89-gcc", "--ro-bind", "/dev/null", "/usr/bin/c99-gcc", "--ro-bind", "/dev/null", "/usr/bin/make", "--ro-bind", "/dev/null", "/usr/bin/x86_64-linux-gnu-as", "--ro-bind", "/dev/null", "/usr/bin/x86_64-linux-gnu-g++-12", "--ro-bind", "/dev/null", "/usr/bin/x86_64-linux-gnu-g++-13", "--ro-bind", "/dev/null", "/usr/bin/x86_64-linux-gnu-g++-14", "--ro-bind", "/dev/null", "/usr/bin/x86_64-linux-gnu-gcc-12", "--ro-bind", "/dev/null", "/usr/bin/x86_64-linux-gnu-gcc-13", "--ro-bind", "/dev/null", "/usr/bin/x86_64-linux-gnu-gcc-14", "--ro-bind", "/dev/null", "/usr/bin/x86_64-linux-gnu-ld.bfd", "--ro-bind", "/dev/null", "/usr/lib/llvm-16/bin/clang", "--ro-bind", "/dev/null", "/usr/lib/llvm-16/bin/lld", "--ro-bind", "/dev/null", "/usr/lib/llvm-16/bin/llvm-as", "--ro-bind", "/dev/null", "/usr/lib/llvm-17/bin/clang", "--ro-bind", "/dev/null", "/usr/lib/llvm-17/bin/lld", "--ro-bind", "/dev/null", "/usr/lib/llvm-17/bin/llvm-as", "--ro-bind", "/dev/null", "/usr/lib/llvm-18/bin/clang", "--ro-bind", "/dev/null", "/usr/lib/llvm-18/bin/lld", "--ro-bind", "/dev/null", "/usr/lib/llvm-18/bin/llvm-as", "--ro-bind", "/dev/null", "/usr/local/bin/cmake", "--ro-bind", "/dev/null", "/usr/local/bin/ninja", "--cap-add", "CAP_SETUID", "--cap-add", "CAP_SETGID", "--cap-add", "CAP_SETPCAP", "--clearenv", "--setenv", "LANG", "C.UTF-8", "--setenv", "HOME", "/home/runner/work/_temp/aphid-current-consumer/fresh/home", "--setenv", "PATH", "/home/runner/work/_temp/aphid-current-consumer/fresh/tools:/home/runner/work/_temp/.setup-beam/elixir/bin:/home/runner/work/_temp/.setup-beam/elixir/bin:/home/runner/work/_temp/.setup-beam/otp/bin:/usr/bin:/bin:/usr/sbin:/sbin", "--setenv", "MIX_HOME", "/home/runner/work/_temp/aphid-current-consumer/fresh/mix-home", "--setenv", "HEX_HOME", "/home/runner/work/_temp/aphid-current-consumer/fresh/hex-home", "--setenv", "MIX_ENV", "prod", "--setenv", "ZIG_EXECUTABLE_PATH", "/home/runner/work/_temp/aphid-current-consumer/fresh/tools/zig", "--setenv", "ZIG_GLOBAL_CACHE_DIR", "/home/runner/work/_temp/aphid-current-consumer/fresh/zig-cache", "--setenv", "ZIGLER_STAGING_ROOT", "/home/runner/work/_temp/aphid-current-consumer/fresh/staging", "--setenv", "ERL_FLAGS", "+S 1:1 +SDcpu 1:1", "--setenv", "APHID_INSTALL", "precompiled", "--setenv", "APHID_BUNDLE_ARCHIVE", "/home/runner/work/_temp/aphid-current-consumer/fresh/candidate.tar.gz", "--setenv", "APHID_BUNDLE_SHA256", "fa9535c7e8f3b149658ed0f5f98329f7142cfd21f30f20fef765c74c42b798cc", "--setenv", "TMPDIR", "/home/runner/work/_temp/aphid-current-consumer/fresh/tmp", "--", "/usr/bin/setpriv", "--reuid", "1001", "--regid", "1001", "--clear-groups", "--bounding-set=-all", "--no-new-privs", "--", "mix", "deps.get", "--check-locked"], "cwd": "/home/runner/work/_temp/aphid-current-consumer/fresh/consumer", "exit": 0, "seconds": 1.517}
consumer (ubuntu-24.04, x86_64-linux-gnu)	Verify current package with exact reviewed native archive	2026-09-08T08:34:49.6053811Z Normal Hex acquisition verified: 13 locked archives; switching to loopback-only networking
consumer (ubuntu-24.04, x86_64-linux-gnu)	Verify current package with exact reviewed native archive	2026-09-08T08:34:50.2452227Z ==> earmark_parser
consumer (ubuntu-24.04, x86_64-linux-gnu)	Verify current package with exact reviewed native archive	2026-09-08T08:34:50.2461370Z Compiling 2 files (.xrl)
consumer (ubuntu-24.04, x86_64-linux-gnu)	Verify current package with exact reviewed native archive	2026-09-08T08:34:50.2816821Z Compiling 1 file (.yrl)
consumer (ubuntu-24.04, x86_64-linux-gnu)	Verify current package with exact reviewed native archive	2026-09-08T08:34:50.3133444Z Compiling 3 files (.erl)
consumer (ubuntu-24.04, x86_64-linux-gnu)	Verify current package with exact reviewed native archive	2026-09-08T08:34:50.6050857Z Compiling 32 files (.ex)
consumer (ubuntu-24.04, x86_64-linux-gnu)	Verify current package with exact reviewed native archive	2026-09-08T08:34:51.7931043Z Generated earmark_parser app
consumer (ubuntu-24.04, x86_64-linux-gnu)	Verify current package with exact reviewed native archive	2026-09-08T08:34:51.8070162Z ==> protoss
consumer (ubuntu-24.04, x86_64-linux-gnu)	Verify current package with exact reviewed native archive	2026-09-08T08:34:51.8070588Z Compiling 1 file (.ex)
consumer (ubuntu-24.04, x86_64-linux-gnu)	Verify current package with exact reviewed native archive	2026-09-08T08:34:51.8597075Z Generated protoss app
consumer (ubuntu-24.04, x86_64-linux-gnu)	Verify current package with exact reviewed native archive	2026-09-08T08:34:51.8802751Z ==> zig_get
consumer (ubuntu-24.04, x86_64-linux-gnu)	Verify current package with exact reviewed native archive	2026-09-08T08:34:51.8803231Z Compiling 1 file (.ex)
consumer (ubuntu-24.04, x86_64-linux-gnu)	Verify current package with exact reviewed native archive	2026-09-08T08:34:51.9616622Z Generated zig_get app
consumer (ubuntu-24.04, x86_64-linux-gnu)	Verify current package with exact reviewed native archive	2026-09-08T08:34:51.9767845Z ==> nimble_parsec
consumer (ubuntu-24.04, x86_64-linux-gnu)	Verify current package with exact reviewed native archive	2026-09-08T08:34:51.9768658Z Compiling 4 files (.ex)
consumer (ubuntu-24.04, x86_64-linux-gnu)	Verify current package with exact reviewed native archive	2026-09-08T08:34:52.4492204Z Generated nimble_parsec app
consumer (ubuntu-24.04, x86_64-linux-gnu)	Verify current package with exact reviewed native archive	2026-09-08T08:34:52.4617084Z ==> pegasus
consumer (ubuntu-24.04, x86_64-linux-gnu)	Verify current package with exact reviewed native archive	2026-09-08T08:34:52.4617642Z Compiling 11 files (.ex)
consumer (ubuntu-24.04, x86_64-linux-gnu)	Verify current package with exact reviewed native archive	2026-09-08T08:34:54.6638687Z Generated pegasus app
consumer (ubuntu-24.04, x86_64-linux-gnu)	Verify current package with exact reviewed native archive	2026-09-08T08:34:54.6783223Z ==> zig_parser
consumer (ubuntu-24.04, x86_64-linux-gnu)	Verify current package with exact reviewed native archive	2026-09-08T08:34:54.6783898Z Compiling 37 files (.ex)
consumer (ubuntu-24.04, x86_64-linux-gnu)	Verify current package with exact reviewed native archive	2026-09-08T08:34:59.3751571Z     warning: incompatible types given to Map.replace!/3:
consumer (ubuntu-24.04, x86_64-linux-gnu)	Verify current package with exact reviewed native archive	2026-09-08T08:34:59.3752277Z 
consumer (ubuntu-24.04, x86_64-linux-gnu)	Verify current package with exact reviewed native archive	2026-09-08T08:34:59.3752532Z         Map.replace!(parse(args), :doc_comment, comment)
consumer (ubuntu-24.04, x86_64-linux-gnu)	Verify current package with exact reviewed native archive	2026-09-08T08:34:59.3753330Z 
consumer (ubuntu-24.04, x86_64-linux-gnu)	Verify current package with exact reviewed native archive	2026-09-08T08:34:59.3753480Z     the map:
consumer (ubuntu-24.04, x86_64-linux-gnu)	Verify current package with exact reviewed native archive	2026-09-08T08:34:59.3753687Z 
consumer (ubuntu-24.04, x86_64-linux-gnu)	Verify current package with exact reviewed native archive	2026-09-08T08:34:59.3754044Z         dynamic(%Zig.Parser.Test{block: %Zig.Parser.Block{}, location: nil})
consumer (ubuntu-24.04, x86_64-linux-gnu)	Verify current package with exact reviewed native archive	2026-09-08T08:34:59.3754526Z 
consumer (ubuntu-24.04, x86_64-linux-gnu)	Verify current package with exact reviewed native archive	2026-09-08T08:34:59.3754716Z     does not have all required keys:
consumer (ubuntu-24.04, x86_64-linux-gnu)	Verify current package with exact reviewed native archive	2026-09-08T08:34:59.3755017Z 
consumer (ubuntu-24.04, x86_64-linux-gnu)	Verify current package with exact reviewed native archive	2026-09-08T08:34:59.3755167Z         :doc_comment
consumer (ubuntu-24.04, x86_64-linux-gnu)	Verify current package with exact reviewed native archive	2026-09-08T08:34:59.3755388Z 
consumer (ubuntu-24.04, x86_64-linux-gnu)	Verify current package with exact reviewed native archive	2026-09-08T08:34:59.3755584Z     therefore this function will always raise
consumer (ubuntu-24.04, x86_64-linux-gnu)	Verify current package with exact reviewed native archive	2026-09-08T08:34:59.3755924Z 
consumer (ubuntu-24.04, x86_64-linux-gnu)	Verify current package with exact reviewed native archive	2026-09-08T08:34:59.3756109Z     where "args" was given the type:
consumer (ubuntu-24.04, x86_64-linux-gnu)	Verify current package with exact reviewed native archive	2026-09-08T08:34:59.3756393Z 
consumer (ubuntu-24.04, x86_64-linux-gnu)	Verify current package with exact reviewed native archive	2026-09-08T08:34:59.3756604Z         # type: dynamic(non_empty_list(term()))
consumer (ubuntu-24.04, x86_64-linux-gnu)	Verify current package with exact reviewed native archive	2026-09-08T08:34:59.3757115Z         # from: lib/zig.parser/test.ex:16:10
consumer (ubuntu-24.04, x86_64-linux-gnu)	Verify current package with exact reviewed native archive	2026-09-08T08:34:59.3757765Z         parse(args)
consumer (ubuntu-24.04, x86_64-linux-gnu)	Verify current package with exact reviewed native archive	2026-09-08T08:34:59.3757977Z 
consumer (ubuntu-24.04, x86_64-linux-gnu)	Verify current package with exact reviewed native archive	2026-09-08T08:34:59.3758147Z     where "comment" was given the type:
consumer (ubuntu-24.04, x86_64-linux-gnu)	Verify current package with exact reviewed native archive	2026-09-08T08:34:59.3758454Z 
consumer (ubuntu-24.04, x86_64-linux-gnu)	Verify current package with exact reviewed native archive	2026-09-08T08:34:59.3758616Z         # type: dynamic()
consumer (ubuntu-24.04, x86_64-linux-gnu)	Verify current package with exact reviewed native archive	2026-09-08T08:34:59.3759048Z         # from: lib/zig.parser/test.ex
consumer (ubuntu-24.04, x86_64-linux-gnu)	Verify current package with exact reviewed native archive	2026-09-08T08:34:59.3759634Z         [{:TestDecl, [start, {:doc_comment, comment} | args]} | rest_args]
consumer (ubuntu-24.04, x86_64-linux-gnu)	Verify current package with exact reviewed native archive	2026-09-08T08:34:59.3760079Z 
consumer (ubuntu-24.04, x86_64-linux-gnu)	Verify current package with exact reviewed native archive	2026-09-08T08:34:59.3760254Z     type warning found at:
consumer (ubuntu-24.04, x86_64-linux-gnu)	Verify current package with exact reviewed native archive	2026-09-08T08:34:59.3760889Z     │
consumer (ubuntu-24.04, x86_64-linux-gnu)	Verify current package with exact reviewed native archive	2026-09-08T08:34:59.3761424Z  17 │       |> Map.replace!(:doc_comment, comment)
consumer (ubuntu-24.04, x86_64-linux-gnu)	Verify current package with exact reviewed native archive	2026-09-08T08:34:59.3762245Z     │              ~
consumer (ubuntu-24.04, x86_64-linux-gnu)	Verify current package with exact reviewed native archive	2026-09-08T08:34:59.3762704Z     │
consumer (ubuntu-24.04, x86_64-linux-gnu)	Verify current package with exact reviewed native archive	2026-09-08T08:34:59.3763519Z     └─ lib/zig.parser/test.ex:17:14: Zig.Parser.Test.post_traverse/5
consumer (ubuntu-24.04, x86_64-linux-gnu)	Verify current package with exact reviewed native archive	2026-09-08T08:34:59.3765468Z 
consumer (ubuntu-24.04, x86_64-linux-gnu)	Verify current package with exact reviewed native archive	2026-09-08T08:34:59.6510660Z Generated zig_parser app
consumer (ubuntu-24.04, x86_64-linux-gnu)	Verify current package with exact reviewed native archive	2026-09-08T08:34:59.6737692Z ==> makeup
consumer (ubuntu-24.04, x86_64-linux-gnu)	Verify current package with exact reviewed native archive	2026-09-08T08:34:59.6738365Z Compiling 15 files (.ex)
consumer (ubuntu-24.04, x86_64-linux-gnu)	Verify current package with exact reviewed native archive	2026-09-08T08:35:00.1939453Z Generated makeup app
consumer (ubuntu-24.04, x86_64-linux-gnu)	Verify current package with exact reviewed native archive	2026-09-08T08:35:00.2132747Z ==> makeup_elixir
consumer (ubuntu-24.04, x86_64-linux-gnu)	Verify current package with exact reviewed native archive	2026-09-08T08:35:00.2133275Z Compiling 6 files (.ex)
consumer (ubuntu-24.04, x86_64-linux-gnu)	Verify current package with exact reviewed native archive	2026-09-08T08:35:10.7559289Z Generated makeup_elixir app
consumer (ubuntu-24.04, x86_64-linux-gnu)	Verify current package with exact reviewed native archive	2026-09-08T08:35:10.7754130Z ==> makeup_erlang
consumer (ubuntu-24.04, x86_64-linux-gnu)	Verify current package with exact reviewed native archive	2026-09-08T08:35:10.7754714Z Compiling 4 files (.ex)
consumer (ubuntu-24.04, x86_64-linux-gnu)	Verify current package with exact reviewed native archive	2026-09-08T08:35:21.0404791Z Generated makeup_erlang app
consumer (ubuntu-24.04, x86_64-linux-gnu)	Verify current package with exact reviewed native archive	2026-09-08T08:35:21.0717434Z ==> ex_doc
consumer (ubuntu-24.04, x86_64-linux-gnu)	Verify current package with exact reviewed native archive	2026-09-08T08:35:21.0718040Z Compiling 27 files (.ex)
consumer (ubuntu-24.04, x86_64-linux-gnu)	Verify current package with exact reviewed native archive	2026-09-08T08:35:23.0970110Z      warning: this clause of defp favicon_path/1 is never used (or it will always fail/warn when invoked)
consumer (ubuntu-24.04, x86_64-linux-gnu)	Verify current package with exact reviewed native archive	2026-09-08T08:35:23.0971111Z      │
consumer (ubuntu-24.04, x86_64-linux-gnu)	Verify current package with exact reviewed native archive	2026-09-08T08:35:23.0971680Z  153 │   defp favicon_path(%{favicon: nil}), do: nil
consumer (ubuntu-24.04, x86_64-linux-gnu)	Verify current package with exact reviewed native archive	2026-09-08T08:35:23.0972350Z      │        ~
consumer (ubuntu-24.04, x86_64-linux-gnu)	Verify current package with exact reviewed native archive	2026-09-08T08:35:23.0972720Z      │
consumer (ubuntu-24.04, x86_64-linux-gnu)	Verify current package with exact reviewed native archive	2026-09-08T08:35:23.0973509Z      └─ lib/ex_doc/formatter/html/templates.ex:153:8: ExDoc.Formatter.HTML.Templates.favicon_path/1
consumer (ubuntu-24.04, x86_64-linux-gnu)	Verify current package with exact reviewed native archive	2026-09-08T08:35:23.0974144Z 
consumer (ubuntu-24.04, x86_64-linux-gnu)	Verify current package with exact reviewed native archive	2026-09-08T08:35:23.0974805Z      warning: the following clause cannot match because the previous clauses already matched all possible values:
consumer (ubuntu-24.04, x86_64-linux-gnu)	Verify current package with exact reviewed native archive	2026-09-08T08:35:23.0975701Z 
consumer (ubuntu-24.04, x86_64-linux-gnu)	Verify current package with exact reviewed native archive	2026-09-08T08:35:23.0976345Z          _ ->
consumer (ubuntu-24.04, x86_64-linux-gnu)	Verify current package with exact reviewed native archive	2026-09-08T08:35:23.0976542Z 
consumer (ubuntu-24.04, x86_64-linux-gnu)	Verify current package with exact reviewed native archive	2026-09-08T08:35:23.0976702Z      it attempts to match on the result of:
consumer (ubuntu-24.04, x86_64-linux-gnu)	Verify current package with exact reviewed native archive	2026-09-08T08:35:23.0977002Z 
consumer (ubuntu-24.04, x86_64-linux-gnu)	Verify current package with exact reviewed native archive	2026-09-08T08:35:23.0977150Z          result
consumer (ubuntu-24.04, x86_64-linux-gnu)	Verify current package with exact reviewed native archive	2026-09-08T08:35:23.0977335Z 
consumer (ubuntu-24.04, x86_64-linux-gnu)	Verify current package with exact reviewed native archive	2026-09-08T08:35:23.0977508Z      which has the already matched type:
consumer (ubuntu-24.04, x86_64-linux-gnu)	Verify current package with exact reviewed native archive	2026-09-08T08:35:23.0977780Z 
consumer (ubuntu-24.04, x86_64-linux-gnu)	Verify current package with exact reviewed native archive	2026-09-08T08:35:23.0978133Z          dynamic({:docs_v1, term(), term(), term(), term(), term(), term()} or {:error, term()})
consumer (ubuntu-24.04, x86_64-linux-gnu)	Verify current package with exact reviewed native archive	2026-09-08T08:35:23.0978617Z 
consumer (ubuntu-24.04, x86_64-linux-gnu)	Verify current package with exact reviewed native archive	2026-09-08T08:35:23.0978797Z      type warning found at:
consumer (ubuntu-24.04, x86_64-linux-gnu)	Verify current package with exact reviewed native archive	2026-09-08T08:35:23.0979239Z      │
consumer (ubuntu-24.04, x86_64-linux-gnu)	Verify current package with exact reviewed native archive	2026-09-08T08:35:23.0979591Z  124 │       _ ->
consumer (ubuntu-24.04, x86_64-linux-gnu)	Verify current package with exact reviewed native archive	2026-09-08T08:35:23.0979926Z      │         ~
consumer (ubuntu-24.04, x86_64-linux-gnu)	Verify current package with exact reviewed native archive	2026-09-08T08:35:23.0980249Z      │
consumer (ubuntu-24.04, x86_64-linux-gnu)	Verify current package with exact reviewed native archive	2026-09-08T08:35:23.0980778Z      └─ lib/ex_doc/retriever.ex:124:9: ExDoc.Retriever.docs_chunk/1
consumer (ubuntu-24.04, x86_64-linux-gnu)	Verify current package with exact reviewed native archive	2026-09-08T08:35:23.0981165Z 
consumer (ubuntu-24.04, x86_64-linux-gnu)	Verify current package with exact reviewed native archive	2026-09-08T08:35:23.1035414Z      warning: this clause of defp logo_path/1 is never used (or it will always fail/warn when invoked)
consumer (ubuntu-24.04, x86_64-linux-gnu)	Verify current package with exact reviewed native archive	2026-09-08T08:35:23.1036830Z      │
consumer (ubuntu-24.04, x86_64-linux-gnu)	Verify current package with exact reviewed native archive	2026-09-08T08:35:23.1037509Z  156 │   defp logo_path(%{logo: nil}), do: nil
consumer (ubuntu-24.04, x86_64-linux-gnu)	Verify current package with exact reviewed native archive	2026-09-08T08:35:23.1038019Z      │        ~
consumer (ubuntu-24.04, x86_64-linux-gnu)	Verify current package with exact reviewed native archive	2026-09-08T08:35:23.1038346Z      │
consumer (ubuntu-24.04, x86_64-linux-gnu)	Verify current package with exact reviewed native archive	2026-09-08T08:35:23.1039091Z      └─ lib/ex_doc/formatter/html/templates.ex:156:8: ExDoc.Formatter.HTML.Templates.logo_path/1
consumer (ubuntu-24.04, x86_64-linux-gnu)	Verify current package with exact reviewed native archive	2026-09-08T08:35:23.1040004Z 
consumer (ubuntu-24.04, x86_64-linux-gnu)	Verify current package with exact reviewed native archive	2026-09-08T08:35:23.1122948Z      warning: the following clause will never match:
consumer (ubuntu-24.04, x86_64-linux-gnu)	Verify current package with exact reviewed native archive	2026-09-08T08:35:23.1123369Z 
consumer (ubuntu-24.04, x86_64-linux-gnu)	Verify current package with exact reviewed native archive	2026-09-08T08:35:23.1123540Z          nil ->
consumer (ubuntu-24.04, x86_64-linux-gnu)	Verify current package with exact reviewed native archive	2026-09-08T08:35:23.1123756Z 
consumer (ubuntu-24.04, x86_64-linux-gnu)	Verify current package with exact reviewed native archive	2026-09-08T08:35:23.1123991Z      because it attempts to match on the result of:
consumer (ubuntu-24.04, x86_64-linux-gnu)	Verify current package with exact reviewed native archive	2026-09-08T08:35:23.1124349Z 
consumer (ubuntu-24.04, x86_64-linux-gnu)	Verify current package with exact reviewed native archive	2026-09-08T08:35:23.1124650Z          ExDoc.Language.Source.fetch_type!(module_data, name, arity)
consumer (ubuntu-24.04, x86_64-linux-gnu)	Verify current package with exact reviewed native archive	2026-09-08T08:35:23.1125095Z 
consumer (ubuntu-24.04, x86_64-linux-gnu)	Verify current package with exact reviewed native archive	2026-09-08T08:35:23.1125256Z      which has type:
consumer (ubuntu-24.04, x86_64-linux-gnu)	Verify current package with exact reviewed native archive	2026-09-08T08:35:23.1125458Z 
consumer (ubuntu-24.04, x86_64-linux-gnu)	Verify current package with exact reviewed native archive	2026-09-08T08:35:23.1125650Z          dynamic(not false and not nil)
consumer (ubuntu-24.04, x86_64-linux-gnu)	Verify current package with exact reviewed native archive	2026-09-08T08:35:23.1125946Z 
consumer (ubuntu-24.04, x86_64-linux-gnu)	Verify current package with exact reviewed native archive	2026-09-08T08:35:23.1126126Z      type warning found at:
consumer (ubuntu-24.04, x86_64-linux-gnu)	Verify current package with exact reviewed native archive	2026-09-08T08:35:23.1127097Z      │
consumer (ubuntu-24.04, x86_64-linux-gnu)	Verify current package with exact reviewed native archive	2026-09-08T08:35:23.1127492Z  150 │         nil ->
consumer (ubuntu-24.04, x86_64-linux-gnu)	Verify current package with exact reviewed native archive	2026-09-08T08:35:23.1127901Z      │         ~~~~~~
consumer (ubuntu-24.04, x86_64-linux-gnu)	Verify current package with exact reviewed native archive	2026-09-08T08:35:23.1128244Z      │
consumer (ubuntu-24.04, x86_64-linux-gnu)	Verify current package with exact reviewed native archive	2026-09-08T08:35:23.1128884Z      └─ lib/ex_doc/language/erlang.ex:150: ExDoc.Language.Erlang.type_data/6
consumer (ubuntu-24.04, x86_64-linux-gnu)	Verify current package with exact reviewed native archive	2026-09-08T08:35:23.1129403Z 
consumer (ubuntu-24.04, x86_64-linux-gnu)	Verify current package with exact reviewed native archive	2026-09-08T08:35:23.1284253Z      warning: the following clause is redundant:
consumer (ubuntu-24.04, x86_64-linux-gnu)	Verify current package with exact reviewed native archive	2026-09-08T08:35:23.1284702Z 
consumer (ubuntu-24.04, x86_64-linux-gnu)	Verify current package with exact reviewed native archive	2026-09-08T08:35:23.1284893Z          defp to_var({:<<>>, _, _}, _)
consumer (ubuntu-24.04, x86_64-linux-gnu)	Verify current package with exact reviewed native archive	2026-09-08T08:35:23.1285197Z 
consumer (ubuntu-24.04, x86_64-linux-gnu)	Verify current package with exact reviewed native archive	2026-09-08T08:35:23.1285347Z      it has type:
consumer (ubuntu-24.04, x86_64-linux-gnu)	Verify current package with exact reviewed native archive	2026-09-08T08:35:23.1285571Z 
consumer (ubuntu-24.04, x86_64-linux-gnu)	Verify current package with exact reviewed native archive	2026-09-08T08:35:23.1285788Z          dynamic({:<<>>, term(), term()}), dynamic()
consumer (ubuntu-24.04, x86_64-linux-gnu)	Verify current package with exact reviewed native archive	2026-09-08T08:35:23.1286122Z 
consumer (ubuntu-24.04, x86_64-linux-gnu)	Verify current package with exact reviewed native archive	2026-09-08T08:35:23.1286431Z      previous clauses have already matched on the following types:
consumer (ubuntu-24.04, x86_64-linux-gnu)	Verify current package with exact reviewed native archive	2026-09-08T08:35:23.1286853Z 
consumer (ubuntu-24.04, x86_64-linux-gnu)	Verify current package with exact reviewed native archive	2026-09-08T08:35:23.1287035Z          {:%{}, term(), term()}, term()
consumer (ubuntu-24.04, x86_64-linux-gnu)	Verify current package with exact reviewed native archive	2026-09-08T08:35:23.1287487Z          {atom(), term(), term()}, term()
consumer (ubuntu-24.04, x86_64-linux-gnu)	Verify current package with exact reviewed native archive	2026-09-08T08:35:23.1287791Z 
consumer (ubuntu-24.04, x86_64-linux-gnu)	Verify current package with exact reviewed native archive	2026-09-08T08:35:23.1288060Z      │
consumer (ubuntu-24.04, x86_64-linux-gnu)	Verify current package with exact reviewed native archive	2026-09-08T08:35:23.1288640Z  569 │   defp to_var({:<<>>, _, _}, _), do: {:binary, [], nil}
consumer (ubuntu-24.04, x86_64-linux-gnu)	Verify current package with exact reviewed native archive	2026-09-08T08:35:23.1289226Z      │        ~
consumer (ubuntu-24.04, x86_64-linux-gnu)	Verify current package with exact reviewed native archive	2026-09-08T08:35:23.1289574Z      │
consumer (ubuntu-24.04, x86_64-linux-gnu)	Verify current package with exact reviewed native archive	2026-09-08T08:35:23.1290199Z      └─ lib/ex_doc/language/elixir.ex:569:8: ExDoc.Language.Elixir.to_var/2
consumer (ubuntu-24.04, x86_64-linux-gnu)	Verify current package with exact reviewed native archive	2026-09-08T08:35:23.1290694Z 
consumer (ubuntu-24.04, x86_64-linux-gnu)	Verify current package with exact reviewed native archive	2026-09-08T08:35:23.1381038Z      warning: the following clause is redundant:
consumer (ubuntu-24.04, x86_64-linux-gnu)	Verify current package with exact reviewed native archive	2026-09-08T08:35:23.1381420Z 
consumer (ubuntu-24.04, x86_64-linux-gnu)	Verify current package with exact reviewed native archive	2026-09-08T08:35:23.1381586Z          defp to_var({:{}, _, _}, _)
consumer (ubuntu-24.04, x86_64-linux-gnu)	Verify current package with exact reviewed native archive	2026-09-08T08:35:23.1381868Z 
consumer (ubuntu-24.04, x86_64-linux-gnu)	Verify current package with exact reviewed native archive	2026-09-08T08:35:23.1382187Z      it has type:
consumer (ubuntu-24.04, x86_64-linux-gnu)	Verify current package with exact reviewed native archive	2026-09-08T08:35:23.1382377Z 
consumer (ubuntu-24.04, x86_64-linux-gnu)	Verify current package with exact reviewed native archive	2026-09-08T08:35:23.1382569Z          dynamic({:{}, term(), term()}), dynamic()
consumer (ubuntu-24.04, x86_64-linux-gnu)	Verify current package with exact reviewed native archive	2026-09-08T08:35:23.1382876Z 
consumer (ubuntu-24.04, x86_64-linux-gnu)	Verify current package with exact reviewed native archive	2026-09-08T08:35:23.1383161Z      previous clauses have already matched on the following types:
consumer (ubuntu-24.04, x86_64-linux-gnu)	Verify current package with exact reviewed native archive	2026-09-08T08:35:23.1383573Z 
consumer (ubuntu-24.04, x86_64-linux-gnu)	Verify current package with exact reviewed native archive	2026-09-08T08:35:23.1383731Z          {:%{}, term(), term()}, term()
consumer (ubuntu-24.04, x86_64-linux-gnu)	Verify current package with exact reviewed native archive	2026-09-08T08:35:23.1384152Z          {atom(), term(), term()}, term()
consumer (ubuntu-24.04, x86_64-linux-gnu)	Verify current package with exact reviewed native archive	2026-09-08T08:35:23.1384436Z 
consumer (ubuntu-24.04, x86_64-linux-gnu)	Verify current package with exact reviewed native archive	2026-09-08T08:35:23.1384681Z      │
consumer (ubuntu-24.04, x86_64-linux-gnu)	Verify current package with exact reviewed native archive	2026-09-08T08:35:23.1385170Z  570 │   defp to_var({:{}, _, _}, _), do: {:tuple, [], nil}
consumer (ubuntu-24.04, x86_64-linux-gnu)	Verify current package with exact reviewed native archive	2026-09-08T08:35:23.1385547Z      │        ~
consumer (ubuntu-24.04, x86_64-linux-gnu)	Verify current package with exact reviewed native archive	2026-09-08T08:35:23.1385771Z      │
consumer (ubuntu-24.04, x86_64-linux-gnu)	Verify current package with exact reviewed native archive	2026-09-08T08:35:23.1386165Z      └─ lib/ex_doc/language/elixir.ex:570:8: ExDoc.Language.Elixir.to_var/2
consumer (ubuntu-24.04, x86_64-linux-gnu)	Verify current package with exact reviewed native archive	2026-09-08T08:35:23.1386482Z 
consumer (ubuntu-24.04, x86_64-linux-gnu)	Verify current package with exact reviewed native archive	2026-09-08T08:35:23.1402991Z      warning: the following clause is redundant:
consumer (ubuntu-24.04, x86_64-linux-gnu)	Verify current package with exact reviewed native archive	2026-09-08T08:35:23.1403376Z 
consumer (ubuntu-24.04, x86_64-linux-gnu)	Verify current package with exact reviewed native archive	2026-09-08T08:35:23.1403602Z          defp to_var(float, _) when is_integer(float)
consumer (ubuntu-24.04, x86_64-linux-gnu)	Verify current package with exact reviewed native archive	2026-09-08T08:35:23.1403924Z 
consumer (ubuntu-24.04, x86_64-linux-gnu)	Verify current package with exact reviewed native archive	2026-09-08T08:35:23.1404068Z      it has type:
consumer (ubuntu-24.04, x86_64-linux-gnu)	Verify current package with exact reviewed native archive	2026-09-08T08:35:23.1404246Z 
consumer (ubuntu-24.04, x86_64-linux-gnu)	Verify current package with exact reviewed native archive	2026-09-08T08:35:23.1404409Z          integer(), dynamic()
consumer (ubuntu-24.04, x86_64-linux-gnu)	Verify current package with exact reviewed native archive	2026-09-08T08:35:23.1404644Z 
consumer (ubuntu-24.04, x86_64-linux-gnu)	Verify current package with exact reviewed native archive	2026-09-08T08:35:23.1404904Z      previous clauses have already matched on the following types:
consumer (ubuntu-24.04, x86_64-linux-gnu)	Verify current package with exact reviewed native archive	2026-09-08T08:35:23.1405306Z 
consumer (ubuntu-24.04, x86_64-linux-gnu)	Verify current package with exact reviewed native archive	2026-09-08T08:35:23.1405459Z          {:%{}, term(), term()}, term()
consumer (ubuntu-24.04, x86_64-linux-gnu)	Verify current package with exact reviewed native archive	2026-09-08T08:35:23.1405890Z          {atom(), term(), term()}, term()
consumer (ubuntu-24.04, x86_64-linux-gnu)	Verify current package with exact reviewed native archive	2026-09-08T08:35:23.1406302Z          {term(), term()}, term()
consumer (ubuntu-24.04, x86_64-linux-gnu)	Verify current package with exact reviewed native archive	2026-09-08T08:35:23.1406709Z          integer(), term()
consumer (ubuntu-24.04, x86_64-linux-gnu)	Verify current package with exact reviewed native archive	2026-09-08T08:35:23.1406941Z 
consumer (ubuntu-24.04, x86_64-linux-gnu)	Verify current package with exact reviewed native archive	2026-09-08T08:35:23.1407151Z      │
consumer (ubuntu-24.04, x86_64-linux-gnu)	Verify current package with exact reviewed native archive	2026-09-08T08:35:23.1407738Z  573 │   defp to_var(float, _) when is_integer(float), do: {:float, [], nil}
consumer (ubuntu-24.04, x86_64-linux-gnu)	Verify current package with exact reviewed native archive	2026-09-08T08:35:23.1409113Z      │        ~
consumer (ubuntu-24.04, x86_64-linux-gnu)	Verify current package with exact reviewed native archive	2026-09-08T08:35:23.1409534Z      │
consumer (ubuntu-24.04, x86_64-linux-gnu)	Verify current package with exact reviewed native archive	2026-09-08T08:35:23.1410193Z      └─ lib/ex_doc/language/elixir.ex:573:8: ExDoc.Language.Elixir.to_var/2
consumer (ubuntu-24.04, x86_64-linux-gnu)	Verify current package with exact reviewed native archive	2026-09-08T08:35:23.1410762Z 
consumer (ubuntu-24.04, x86_64-linux-gnu)	Verify current package with exact reviewed native archive	2026-09-08T08:35:23.1444269Z Generated ex_doc app
consumer (ubuntu-24.04, x86_64-linux-gnu)	Verify current package with exact reviewed native archive	2026-09-08T08:35:23.4856280Z ==> aphid_consumer
consumer (ubuntu-24.04, x86_64-linux-gnu)	Verify current package with exact reviewed native archive	2026-09-08T08:35:23.4856833Z ===> Analyzing applications...
consumer (ubuntu-24.04, x86_64-linux-gnu)	Verify current package with exact reviewed native archive	2026-09-08T08:35:23.5454697Z ===> Compiling telemetry
consumer (ubuntu-24.04, x86_64-linux-gnu)	Verify current package with exact reviewed native archive	2026-09-08T08:35:23.8959884Z ==> zig_doc
consumer (ubuntu-24.04, x86_64-linux-gnu)	Verify current package with exact reviewed native archive	2026-09-08T08:35:23.8960516Z Compiling 5 files (.ex)
consumer (ubuntu-24.04, x86_64-linux-gnu)	Verify current package with exact reviewed native archive	2026-09-08T08:35:24.1891234Z     warning: the following clause will never match:
consumer (ubuntu-24.04, x86_64-linux-gnu)	Verify current package with exact reviewed native archive	2026-09-08T08:35:24.1891703Z 
consumer (ubuntu-24.04, x86_64-linux-gnu)	Verify current package with exact reviewed native archive	2026-09-08T08:35:24.1892108Z         {{:error, reason}, path} ->
consumer (ubuntu-24.04, x86_64-linux-gnu)	Verify current package with exact reviewed native archive	2026-09-08T08:35:24.1892411Z 
consumer (ubuntu-24.04, x86_64-linux-gnu)	Verify current package with exact reviewed native archive	2026-09-08T08:35:24.1892585Z     it is expected to match on type:
consumer (ubuntu-24.04, x86_64-linux-gnu)	Verify current package with exact reviewed native archive	2026-09-08T08:35:24.1893218Z 
consumer (ubuntu-24.04, x86_64-linux-gnu)	Verify current package with exact reviewed native archive	2026-09-08T08:35:24.1893356Z         dynamic(
consumer (ubuntu-24.04, x86_64-linux-gnu)	Verify current package with exact reviewed native archive	2026-09-08T08:35:24.1893674Z           :error or
consumer (ubuntu-24.04, x86_64-linux-gnu)	Verify current package with exact reviewed native archive	2026-09-08T08:35:24.1894226Z             ({term(), :read, binary() or empty_list() or non_empty_list(term(), term())} and
consumer (ubuntu-24.04, x86_64-linux-gnu)	Verify current package with exact reviewed native archive	2026-09-08T08:35:24.1895145Z                not {{:ok, term()}, :read, binary() or empty_list() or non_empty_list(term(), term())})
consumer (ubuntu-24.04, x86_64-linux-gnu)	Verify current package with exact reviewed native archive	2026-09-08T08:35:24.1895717Z         )
consumer (ubuntu-24.04, x86_64-linux-gnu)	Verify current package with exact reviewed native archive	2026-09-08T08:35:24.1895836Z 
consumer (ubuntu-24.04, x86_64-linux-gnu)	Verify current package with exact reviewed native archive	2026-09-08T08:35:24.1895955Z     type warning found at:
consumer (ubuntu-24.04, x86_64-linux-gnu)	Verify current package with exact reviewed native archive	2026-09-08T08:35:24.1896417Z     │
consumer (ubuntu-24.04, x86_64-linux-gnu)	Verify current package with exact reviewed native archive	2026-09-08T08:35:24.1896712Z  69 │       {{:error, reason}, path} ->
consumer (ubuntu-24.04, x86_64-linux-gnu)	Verify current package with exact reviewed native archive	2026-09-08T08:35:24.1897047Z     │       ~~~~~~~~~~~~~~~~~~~~~~~~~~~
consumer (ubuntu-24.04, x86_64-linux-gnu)	Verify current package with exact reviewed native archive	2026-09-08T08:35:24.1897318Z     │
consumer (ubuntu-24.04, x86_64-linux-gnu)	Verify current package with exact reviewed native archive	2026-09-08T08:35:24.1897738Z     └─ lib/zig.doc/generator.ex:69: Zig.Doc.Generator.modulenode_from_config/3
consumer (ubuntu-24.04, x86_64-linux-gnu)	Verify current package with exact reviewed native archive	2026-09-08T08:35:24.1898064Z 
consumer (ubuntu-24.04, x86_64-linux-gnu)	Verify current package with exact reviewed native archive	2026-09-08T08:35:24.1920598Z Generated zig_doc app
consumer (ubuntu-24.04, x86_64-linux-gnu)	Verify current package with exact reviewed native archive	2026-09-08T08:35:24.2183696Z ==> zigler
consumer (ubuntu-24.04, x86_64-linux-gnu)	Verify current package with exact reviewed native archive	2026-09-08T08:35:24.2184038Z Compiling 50 files (.ex)
consumer (ubuntu-24.04, x86_64-linux-gnu)	Verify current package with exact reviewed native archive	2026-09-08T08:35:24.2320595Z 
consumer (ubuntu-24.04, x86_64-linux-gnu)	Verify current package with exact reviewed native archive	2026-09-08T08:35:24.2321247Z 08:35:24.229 [warning] not cross-compiling windows-msvc
consumer (ubuntu-24.04, x86_64-linux-gnu)	Verify current package with exact reviewed native archive	2026-09-08T08:35:24.3447086Z      warning: clauses with the same name and arity (number of arguments) should be grouped together, "def render_elixir_spec/1" was previously defined (lib/zig/_nif.ex:373)
consumer (ubuntu-24.04, x86_64-linux-gnu)	Verify current package with exact reviewed native archive	2026-09-08T08:35:24.3448555Z      │
consumer (ubuntu-24.04, x86_64-linux-gnu)	Verify current package with exact reviewed native archive	2026-09-08T08:35:24.3448976Z  386 │   def render_elixir_spec(nif) do
consumer (ubuntu-24.04, x86_64-linux-gnu)	Verify current package with exact reviewed native archive	2026-09-08T08:35:24.3449433Z      │       ~
consumer (ubuntu-24.04, x86_64-linux-gnu)	Verify current package with exact reviewed native archive	2026-09-08T08:35:24.3449738Z      │
consumer (ubuntu-24.04, x86_64-linux-gnu)	Verify current package with exact reviewed native archive	2026-09-08T08:35:24.3450103Z      └─ lib/zig/_nif.ex:386:7
consumer (ubuntu-24.04, x86_64-linux-gnu)	Verify current package with exact reviewed native archive	2026-09-08T08:35:24.3450356Z 
consumer (ubuntu-24.04, x86_64-linux-gnu)	Verify current package with exact reviewed native archive	2026-09-08T08:35:26.8103403Z 
consumer (ubuntu-24.04, x86_64-linux-gnu)	Verify current package with exact reviewed native archive	2026-09-08T08:35:26.8104669Z 08:35:26.809 [debug] creating staging directory /home/runner/work/_temp/aphid-current-consumer/fresh/staging/Elixir.Zig.Formatter
consumer (ubuntu-24.04, x86_64-linux-gnu)	Verify current package with exact reviewed native archive	2026-09-08T08:35:26.8192362Z 
consumer (ubuntu-24.04, x86_64-linux-gnu)	Verify current package with exact reviewed native archive	2026-09-08T08:35:26.8193270Z 08:35:26.818 [info] searching for zig in /home/runner/work/_temp/aphid-current-consumer/fresh/home/.cache/zigler/zig-x86_64-linux-0.16.0/zig
consumer (ubuntu-24.04, x86_64-linux-gnu)	Verify current package with exact reviewed native archive	2026-09-08T08:35:26.8546433Z      warning: unused require EEx
consumer (ubuntu-24.04, x86_64-linux-gnu)	Verify current package with exact reviewed native archive	2026-09-08T08:35:26.8547248Z      │
consumer (ubuntu-24.04, x86_64-linux-gnu)	Verify current package with exact reviewed native archive	2026-09-08T08:35:26.8547628Z  437 │   require EEx
consumer (ubuntu-24.04, x86_64-linux-gnu)	Verify current package with exact reviewed native archive	2026-09-08T08:35:26.8547985Z      │   ~
consumer (ubuntu-24.04, x86_64-linux-gnu)	Verify current package with exact reviewed native archive	2026-09-08T08:35:26.8548279Z      │
consumer (ubuntu-24.04, x86_64-linux-gnu)	Verify current package with exact reviewed native archive	2026-09-08T08:35:26.8548643Z      └─ lib/zig/_nif.ex:437:3
consumer (ubuntu-24.04, x86_64-linux-gnu)	Verify current package with exact reviewed native archive	2026-09-08T08:35:26.8548916Z 
consumer (ubuntu-24.04, x86_64-linux-gnu)	Verify current package with exact reviewed native archive	2026-09-08T08:35:27.4941440Z warning: Zig.Formatter not active (%CompileError{file: nil, line: nil, description: "zig executable not found"}).  If you need Formatter function, and zig is not available, Please run `mix zig.get` to install it.
consumer (ubuntu-24.04, x86_64-linux-gnu)	Verify current package with exact reviewed native archive	2026-09-08T08:35:27.4965619Z ##[warning]  lib/zig/formatter.ex:46: (file)
consumer (ubuntu-24.04, x86_64-linux-gnu)	Verify current package with exact reviewed native archive	2026-09-08T08:35:27.5799098Z   (elixir 1.20.0) src/elixir_compiler.erl:102: :elixir_compiler.dispatch/4
consumer (ubuntu-24.04, x86_64-linux-gnu)	Verify current package with exact reviewed native archive	2026-09-08T08:35:27.5799985Z   (elixir 1.20.0) src/elixir_compiler.erl:76: :elixir_compiler.compile/4
consumer (ubuntu-24.04, x86_64-linux-gnu)	Verify current package with exact reviewed native archive	2026-09-08T08:35:27.5800811Z   (elixir 1.20.0) src/elixir_compiler.erl:42: :elixir_compiler.optimize_defmodule/2
consumer (ubuntu-24.04, x86_64-linux-gnu)	Verify current package with exact reviewed native archive	2026-09-08T08:35:27.5801587Z   (elixir 1.20.0) src/elixir_lexical.erl:18: :elixir_lexical.run/3
consumer (ubuntu-24.04, x86_64-linux-gnu)	Verify current package with exact reviewed native archive	2026-09-08T08:35:27.5802448Z   (elixir 1.20.0) src/elixir_compiler.erl:21: :elixir_compiler.quoted/3
consumer (ubuntu-24.04, x86_64-linux-gnu)	Verify current package with exact reviewed native archive	2026-09-08T08:35:27.5802971Z 
consumer (ubuntu-24.04, x86_64-linux-gnu)	Verify current package with exact reviewed native archive	2026-09-08T08:35:27.5803195Z Generated zigler app
consumer (ubuntu-24.04, x86_64-linux-gnu)	Verify current package with exact reviewed native archive	2026-09-08T08:35:29.4257645Z ==> aphid
consumer (ubuntu-24.04, x86_64-linux-gnu)	Verify current package with exact reviewed native archive	2026-09-08T08:35:29.4258853Z Aphid local bundle verified and installed: SHA256 fa9535c7e8f3b149658ed0f5f98329f7142cfd21f30f20fef765c74c42b798cc
consumer (ubuntu-24.04, x86_64-linux-gnu)	Verify current package with exact reviewed native archive	2026-09-08T08:35:29.4294182Z Compiling 13 files (.ex)
consumer (ubuntu-24.04, x86_64-linux-gnu)	Verify current package with exact reviewed native archive	2026-09-08T08:35:29.6222991Z 
consumer (ubuntu-24.04, x86_64-linux-gnu)	Verify current package with exact reviewed native archive	2026-09-08T08:35:29.6225172Z 08:35:29.621 [debug] skipping compile step for precompiled module Elixir.Aphid.Proof, at /home/runner/work/_temp/aphid-current-consumer/fresh/consumer/_build/prod/lib/aphid/priv/lib/Elixir.Aphid.Proof.so
consumer (ubuntu-24.04, x86_64-linux-gnu)	Verify current package with exact reviewed native archive	2026-09-08T08:35:29.6237267Z 
consumer (ubuntu-24.04, x86_64-linux-gnu)	Verify current package with exact reviewed native archive	2026-09-08T08:35:29.6238234Z 08:35:29.623 [debug] destination library path: /home/runner/work/_temp/aphid-current-consumer/fresh/consumer/_build/prod/lib/aphid/priv/lib/Elixir.Aphid.Proof.so
consumer (ubuntu-24.04, x86_64-linux-gnu)	Verify current package with exact reviewed native archive	2026-09-08T08:35:29.9382994Z 
consumer (ubuntu-24.04, x86_64-linux-gnu)	Verify current package with exact reviewed native archive	2026-09-08T08:35:29.9384600Z 08:35:29.937 [debug] skipping compile step for precompiled module Elixir.Aphid.Native, at /home/runner/work/_temp/aphid-current-consumer/fresh/consumer/_build/prod/lib/aphid/priv/lib/Elixir.Aphid.Native.so
consumer (ubuntu-24.04, x86_64-linux-gnu)	Verify current package with exact reviewed native archive	2026-09-08T08:35:29.9399617Z 
consumer (ubuntu-24.04, x86_64-linux-gnu)	Verify current package with exact reviewed native archive	2026-09-08T08:35:29.9400623Z 08:35:29.937 [debug] destination library path: /home/runner/work/_temp/aphid-current-consumer/fresh/consumer/_build/prod/lib/aphid/priv/lib/Elixir.Aphid.Native.so
consumer (ubuntu-24.04, x86_64-linux-gnu)	Verify current package with exact reviewed native archive	2026-09-08T08:35:30.7482246Z Generated aphid app
consumer (ubuntu-24.04, x86_64-linux-gnu)	Verify current package with exact reviewed native archive	2026-09-08T08:35:30.7658407Z {"command": ["sudo", "-E", "bwrap", "--die-with-parent", "--unshare-pid", "--ro-bind", "/", "/", "--dev", "/dev", "--proc", "/proc", "--bind", "/home/runner/work/_temp/aphid-current-consumer/fresh", "/home/runner/work/_temp/aphid-current-consumer/fresh", "--unshare-net", "--tmpfs", "/home/runner/work/Aphid/Aphid", "--tmpfs", "/home/runner/work/_temp/aphid-current-consumer/retained", "--ro-bind", "/dev/null", "/usr/bin/c89-gcc", "--ro-bind", "/dev/null", "/usr/bin/c99-gcc", "--ro-bind", "/dev/null", "/usr/bin/make", "--ro-bind", "/dev/null", "/usr/bin/x86_64-linux-gnu-as", "--ro-bind", "/dev/null", "/usr/bin/x86_64-linux-gnu-g++-12", "--ro-bind", "/dev/null", "/usr/bin/x86_64-linux-gnu-g++-13", "--ro-bind", "/dev/null", "/usr/bin/x86_64-linux-gnu-g++-14", "--ro-bind", "/dev/null", "/usr/bin/x86_64-linux-gnu-gcc-12", "--ro-bind", "/dev/null", "/usr/bin/x86_64-linux-gnu-gcc-13", "--ro-bind", "/dev/null", "/usr/bin/x86_64-linux-gnu-gcc-14", "--ro-bind", "/dev/null", "/usr/bin/x86_64-linux-gnu-ld.bfd", "--ro-bind", "/dev/null", "/usr/lib/llvm-16/bin/clang", "--ro-bind", "/dev/null", "/usr/lib/llvm-16/bin/lld", "--ro-bind", "/dev/null", "/usr/lib/llvm-16/bin/llvm-as", "--ro-bind", "/dev/null", "/usr/lib/llvm-17/bin/clang", "--ro-bind", "/dev/null", "/usr/lib/llvm-17/bin/lld", "--ro-bind", "/dev/null", "/usr/lib/llvm-17/bin/llvm-as", "--ro-bind", "/dev/null", "/usr/lib/llvm-18/bin/clang", "--ro-bind", "/dev/null", "/usr/lib/llvm-18/bin/lld", "--ro-bind", "/dev/null", "/usr/lib/llvm-18/bin/llvm-as", "--ro-bind", "/dev/null", "/usr/local/bin/cmake", "--ro-bind", "/dev/null", "/usr/local/bin/ninja", "--cap-add", "CAP_SETUID", "--cap-add", "CAP_SETGID", "--cap-add", "CAP_SETPCAP", "--clearenv", "--setenv", "LANG", "C.UTF-8", "--setenv", "HOME", "/home/runner/work/_temp/aphid-current-consumer/fresh/home", "--setenv", "PATH", "/home/runner/work/_temp/aphid-current-consumer/fresh/tools:/home/runner/work/_temp/.setup-beam/elixir/bin:/home/runner/work/_temp/.setup-beam/elixir/bin:/home/runner/work/_temp/.setup-beam/otp/bin:/usr/bin:/bin:/usr/sbin:/sbin", "--setenv", "MIX_HOME", "/home/runner/work/_temp/aphid-current-consumer/fresh/mix-home", "--setenv", "HEX_HOME", "/home/runner/work/_temp/aphid-current-consumer/fresh/hex-home", "--setenv", "MIX_ENV", "prod", "--setenv", "ZIG_EXECUTABLE_PATH", "/home/runner/work/_temp/aphid-current-consumer/fresh/tools/zig", "--setenv", "ZIG_GLOBAL_CACHE_DIR", "/home/runner/work/_temp/aphid-current-consumer/fresh/zig-cache", "--setenv", "ZIGLER_STAGING_ROOT", "/home/runner/work/_temp/aphid-current-consumer/fresh/staging", "--setenv", "ERL_FLAGS", "+S 1:1 +SDcpu 1:1", "--setenv", "APHID_INSTALL", "precompiled", "--setenv", "APHID_BUNDLE_ARCHIVE", "/home/runner/work/_temp/aphid-current-consumer/fresh/candidate.tar.gz", "--setenv", "APHID_BUNDLE_SHA256", "fa9535c7e8f3b149658ed0f5f98329f7142cfd21f30f20fef765c74c42b798cc", "--setenv", "TMPDIR", "/home/runner/work/_temp/aphid-current-consumer/fresh/tmp", "--", "/usr/bin/setpriv", "--reuid", "1001", "--regid", "1001", "--clear-groups", "--bounding-set=-all", "--no-new-privs", "--", "mix", "deps.compile"], "cwd": "/home/runner/work/_temp/aphid-current-consumer/fresh/consumer", "exit": 0, "seconds": 41.16}
consumer (ubuntu-24.04, x86_64-linux-gnu)	Verify current package with exact reviewed native archive	2026-09-08T08:35:33.2666252Z ==> aphid
consumer (ubuntu-24.04, x86_64-linux-gnu)	Verify current package with exact reviewed native archive	2026-09-08T08:35:33.2679609Z Aphid local bundle verified and installed: SHA256 fa9535c7e8f3b149658ed0f5f98329f7142cfd21f30f20fef765c74c42b798cc
consumer (ubuntu-24.04, x86_64-linux-gnu)	Verify current package with exact reviewed native archive	2026-09-08T08:35:33.8183222Z ==> aphid_consumer
consumer (ubuntu-24.04, x86_64-linux-gnu)	Verify current package with exact reviewed native archive	2026-09-08T08:35:33.8183830Z Generated aphid_consumer app
consumer (ubuntu-24.04, x86_64-linux-gnu)	Verify current package with exact reviewed native archive	2026-09-08T08:35:33.8871278Z {"command": ["sudo", "-E", "bwrap", "--die-with-parent", "--unshare-pid", "--ro-bind", "/", "/", "--dev", "/dev", "--proc", "/proc", "--bind", "/home/runner/work/_temp/aphid-current-consumer/fresh", "/home/runner/work/_temp/aphid-current-consumer/fresh", "--unshare-net", "--tmpfs", "/home/runner/work/Aphid/Aphid", "--tmpfs", "/home/runner/work/_temp/aphid-current-consumer/retained", "--ro-bind", "/dev/null", "/usr/bin/c89-gcc", "--ro-bind", "/dev/null", "/usr/bin/c99-gcc", "--ro-bind", "/dev/null", "/usr/bin/make", "--ro-bind", "/dev/null", "/usr/bin/x86_64-linux-gnu-as", "--ro-bind", "/dev/null", "/usr/bin/x86_64-linux-gnu-g++-12", "--ro-bind", "/dev/null", "/usr/bin/x86_64-linux-gnu-g++-13", "--ro-bind", "/dev/null", "/usr/bin/x86_64-linux-gnu-g++-14", "--ro-bind", "/dev/null", "/usr/bin/x86_64-linux-gnu-gcc-12", "--ro-bind", "/dev/null", "/usr/bin/x86_64-linux-gnu-gcc-13", "--ro-bind", "/dev/null", "/usr/bin/x86_64-linux-gnu-gcc-14", "--ro-bind", "/dev/null", "/usr/bin/x86_64-linux-gnu-ld.bfd", "--ro-bind", "/dev/null", "/usr/lib/llvm-16/bin/clang", "--ro-bind", "/dev/null", "/usr/lib/llvm-16/bin/lld", "--ro-bind", "/dev/null", "/usr/lib/llvm-16/bin/llvm-as", "--ro-bind", "/dev/null", "/usr/lib/llvm-17/bin/clang", "--ro-bind", "/dev/null", "/usr/lib/llvm-17/bin/lld", "--ro-bind", "/dev/null", "/usr/lib/llvm-17/bin/llvm-as", "--ro-bind", "/dev/null", "/usr/lib/llvm-18/bin/clang", "--ro-bind", "/dev/null", "/usr/lib/llvm-18/bin/lld", "--ro-bind", "/dev/null", "/usr/lib/llvm-18/bin/llvm-as", "--ro-bind", "/dev/null", "/usr/local/bin/cmake", "--ro-bind", "/dev/null", "/usr/local/bin/ninja", "--cap-add", "CAP_SETUID", "--cap-add", "CAP_SETGID", "--cap-add", "CAP_SETPCAP", "--clearenv", "--setenv", "LANG", "C.UTF-8", "--setenv", "HOME", "/home/runner/work/_temp/aphid-current-consumer/fresh/home", "--setenv", "PATH", "/home/runner/work/_temp/aphid-current-consumer/fresh/tools:/home/runner/work/_temp/.setup-beam/elixir/bin:/home/runner/work/_temp/.setup-beam/elixir/bin:/home/runner/work/_temp/.setup-beam/otp/bin:/usr/bin:/bin:/usr/sbin:/sbin", "--setenv", "MIX_HOME", "/home/runner/work/_temp/aphid-current-consumer/fresh/mix-home", "--setenv", "HEX_HOME", "/home/runner/work/_temp/aphid-current-consumer/fresh/hex-home", "--setenv", "MIX_ENV", "prod", "--setenv", "ZIG_EXECUTABLE_PATH", "/home/runner/work/_temp/aphid-current-consumer/fresh/tools/zig", "--setenv", "ZIG_GLOBAL_CACHE_DIR", "/home/runner/work/_temp/aphid-current-consumer/fresh/zig-cache", "--setenv", "ZIGLER_STAGING_ROOT", "/home/runner/work/_temp/aphid-current-consumer/fresh/staging", "--setenv", "ERL_FLAGS", "+S 1:1 +SDcpu 1:1", "--setenv", "APHID_INSTALL", "precompiled", "--setenv", "APHID_BUNDLE_ARCHIVE", "/home/runner/work/_temp/aphid-current-consumer/fresh/candidate.tar.gz", "--setenv", "APHID_BUNDLE_SHA256", "fa9535c7e8f3b149658ed0f5f98329f7142cfd21f30f20fef765c74c42b798cc", "--setenv", "TMPDIR", "/home/runner/work/_temp/aphid-current-consumer/fresh/tmp", "--", "/usr/bin/setpriv", "--reuid", "1001", "--regid", "1001", "--clear-groups", "--bounding-set=-all", "--no-new-privs", "--", "mix", "compile"], "cwd": "/home/runner/work/_temp/aphid-current-consumer/fresh/consumer", "exit": 0, "seconds": 3.121}
consumer (ubuntu-24.04, x86_64-linux-gnu)	Verify current package with exact reviewed native archive	2026-09-08T08:35:34.7671358Z runtime identity: {"1.20.0", ~c"29", ~c"2.18"}
consumer (ubuntu-24.04, x86_64-linux-gnu)	Verify current package with exact reviewed native archive	2026-09-08T08:35:36.8710534Z Running ExUnit with seed: 0, max_cases: 2
consumer (ubuntu-24.04, x86_64-linux-gnu)	Verify current package with exact reviewed native archive	2026-09-08T08:35:36.8710984Z 
consumer (ubuntu-24.04, x86_64-linux-gnu)	Verify current package with exact reviewed native archive	2026-09-08T08:35:41.8376507Z ................Aphid basic example passed
consumer (ubuntu-24.04, x86_64-linux-gnu)	Verify current package with exact reviewed native archive	2026-09-08T08:35:41.8696003Z .Aphid transaction example passed
consumer (ubuntu-24.04, x86_64-linux-gnu)	Verify current package with exact reviewed native archive	2026-09-08T08:35:41.8955835Z .Aphid stream example passed
consumer (ubuntu-24.04, x86_64-linux-gnu)	Verify current package with exact reviewed native archive	2026-09-08T08:35:41.9696416Z .Aphid FTS example passed
consumer (ubuntu-24.04, x86_64-linux-gnu)	Verify current package with exact reviewed native archive	2026-09-08T08:35:42.0076146Z .Aphid vector example passed
consumer (ubuntu-24.04, x86_64-linux-gnu)	Verify current package with exact reviewed native archive	2026-09-08T08:35:42.1021230Z .Aphid DuckDB example passed
consumer (ubuntu-24.04, x86_64-linux-gnu)	Verify current package with exact reviewed native archive	2026-09-08T08:35:48.5904461Z .............stale-cancel race: 30 iterations; maximum cancel-to-idle 225002 us
consumer (ubuntu-24.04, x86_64-linux-gnu)	Verify current package with exact reviewed native archive	2026-09-08T08:35:53.3726294Z ........heartbeat: 11 samples; maximum gap 6 ms
consumer (ubuntu-24.04, x86_64-linux-gnu)	Verify current package with exact reviewed native archive	2026-09-08T08:35:53.4813348Z .
consumer (ubuntu-24.04, x86_64-linux-gnu)	Verify current package with exact reviewed native archive	2026-09-08T08:35:53.4815364Z 08:35:53.479 [error] Aphid artifact [unloadable]: /home/runner/work/_temp/aphid-current-consumer/fresh/consumer/_build/prod/lib/aphid/priv/lib/Elixir.Aphid.Native: {:upgrade, ~c"Library upgrade-call unsuccessful (-1)."}; use the matching complete bundle and runtime. No source fallback.
consumer (ubuntu-24.04, x86_64-linux-gnu)	Verify current package with exact reviewed native archive	2026-09-08T08:35:53.4861454Z 
consumer (ubuntu-24.04, x86_64-linux-gnu)	Verify current package with exact reviewed native archive	2026-09-08T08:35:53.4861935Z 08:35:53.482 [warning] The on_load function for module Elixir.Aphid.Native returned:
consumer (ubuntu-24.04, x86_64-linux-gnu)	Verify current package with exact reviewed native archive	2026-09-08T08:35:53.4862721Z {:error, {:upgrade, ~c"Library upgrade-call unsuccessful (-1)."}}
consumer (ubuntu-24.04, x86_64-linux-gnu)	Verify current package with exact reviewed native archive	2026-09-08T08:35:53.4863030Z 
consumer (ubuntu-24.04, x86_64-linux-gnu)	Verify current package with exact reviewed native archive	2026-09-08T08:35:55.9119052Z .................................................
consumer (ubuntu-24.04, x86_64-linux-gnu)	Verify current package with exact reviewed native archive	2026-09-08T08:35:55.9140714Z Finished in 21.1 seconds (2.0s on load, 0.00s async, 19.0s sync)
consumer (ubuntu-24.04, x86_64-linux-gnu)	Verify current package with exact reviewed native archive	2026-09-08T08:35:55.9141172Z 
consumer (ubuntu-24.04, x86_64-linux-gnu)	Verify current package with exact reviewed native archive	2026-09-08T08:35:55.9141365Z Result: 92 passed
consumer (ubuntu-24.04, x86_64-linux-gnu)	Verify current package with exact reviewed native archive	2026-09-08T08:35:55.9741205Z {"command": ["sudo", "-E", "bwrap", "--die-with-parent", "--unshare-pid", "--ro-bind", "/", "/", "--dev", "/dev", "--proc", "/proc", "--bind", "/home/runner/work/_temp/aphid-current-consumer/fresh", "/home/runner/work/_temp/aphid-current-consumer/fresh", "--unshare-net", "--tmpfs", "/home/runner/work/Aphid/Aphid", "--tmpfs", "/home/runner/work/_temp/aphid-current-consumer/retained", "--ro-bind", "/dev/null", "/usr/bin/c89-gcc", "--ro-bind", "/dev/null", "/usr/bin/c99-gcc", "--ro-bind", "/dev/null", "/usr/bin/make", "--ro-bind", "/dev/null", "/usr/bin/x86_64-linux-gnu-as", "--ro-bind", "/dev/null", "/usr/bin/x86_64-linux-gnu-g++-12", "--ro-bind", "/dev/null", "/usr/bin/x86_64-linux-gnu-g++-13", "--ro-bind", "/dev/null", "/usr/bin/x86_64-linux-gnu-g++-14", "--ro-bind", "/dev/null", "/usr/bin/x86_64-linux-gnu-gcc-12", "--ro-bind", "/dev/null", "/usr/bin/x86_64-linux-gnu-gcc-13", "--ro-bind", "/dev/null", "/usr/bin/x86_64-linux-gnu-gcc-14", "--ro-bind", "/dev/null", "/usr/bin/x86_64-linux-gnu-ld.bfd", "--ro-bind", "/dev/null", "/usr/lib/llvm-16/bin/clang", "--ro-bind", "/dev/null", "/usr/lib/llvm-16/bin/lld", "--ro-bind", "/dev/null", "/usr/lib/llvm-16/bin/llvm-as", "--ro-bind", "/dev/null", "/usr/lib/llvm-17/bin/clang", "--ro-bind", "/dev/null", "/usr/lib/llvm-17/bin/lld", "--ro-bind", "/dev/null", "/usr/lib/llvm-17/bin/llvm-as", "--ro-bind", "/dev/null", "/usr/lib/llvm-18/bin/clang", "--ro-bind", "/dev/null", "/usr/lib/llvm-18/bin/lld", "--ro-bind", "/dev/null", "/usr/lib/llvm-18/bin/llvm-as", "--ro-bind", "/dev/null", "/usr/local/bin/cmake", "--ro-bind", "/dev/null", "/usr/local/bin/ninja", "--cap-add", "CAP_SETUID", "--cap-add", "CAP_SETGID", "--cap-add", "CAP_SETPCAP", "--clearenv", "--setenv", "LANG", "C.UTF-8", "--setenv", "HOME", "/home/runner/work/_temp/aphid-current-consumer/fresh/home", "--setenv", "PATH", "/home/runner/work/_temp/aphid-current-consumer/fresh/tools:/home/runner/work/_temp/.setup-beam/elixir/bin:/home/runner/work/_temp/.setup-beam/elixir/bin:/home/runner/work/_temp/.setup-beam/otp/bin:/usr/bin:/bin:/usr/sbin:/sbin", "--setenv", "MIX_HOME", "/home/runner/work/_temp/aphid-current-consumer/fresh/mix-home", "--setenv", "HEX_HOME", "/home/runner/work/_temp/aphid-current-consumer/fresh/hex-home", "--setenv", "MIX_ENV", "prod", "--setenv", "ZIG_EXECUTABLE_PATH", "/home/runner/work/_temp/aphid-current-consumer/fresh/tools/zig", "--setenv", "ZIG_GLOBAL_CACHE_DIR", "/home/runner/work/_temp/aphid-current-consumer/fresh/zig-cache", "--setenv", "ZIGLER_STAGING_ROOT", "/home/runner/work/_temp/aphid-current-consumer/fresh/staging", "--setenv", "ERL_FLAGS", "+S 1:1 +SDcpu 1:1", "--setenv", "TMPDIR", "/home/runner/work/_temp/aphid-current-consumer/fresh/tmp", "--", "/usr/bin/setpriv", "--reuid", "1001", "--regid", "1001", "--clear-groups", "--bounding-set=-all", "--no-new-privs", "--", "mix", "run", "--no-compile", "check.exs"], "cwd": "/home/runner/work/_temp/aphid-current-consumer/fresh/consumer", "exit": 0, "seconds": 22.059}
consumer (ubuntu-24.04, x86_64-linux-gnu)	Verify current package with exact reviewed native archive	2026-09-08T08:35:56.1721744Z Installed license hashes, including source-package supplement: 08cc1d20ccb4808537545220152d6aff97701e2c3b0b8597ab2dadaa82a789d1
consumer (ubuntu-24.04, x86_64-linux-gnu)	Verify current package with exact reviewed native archive	2026-09-08T08:35:56.1722904Z fresh Mix consumer passed; native files unchanged; no native compiler invocation
consumer (ubuntu-24.04, x86_64-linux-gnu)	Verify current package with exact reviewed native archive	2026-09-08T08:35:56.2241037Z {"command": ["/opt/hostedtoolcache/Python/3.14.7/x64/bin/python3", "scripts/precompiled_consumer.py", "--archive", "/home/runner/work/_temp/aphid-current-consumer/retained/aphid-linux-distribution/packaged/aphid-0.1.0-dev-x86_64-linux-gnu.tar.gz", "--sha256", "fa9535c7e8f3b149658ed0f5f98329f7142cfd21f30f20fef765c74c42b798cc", "--package", "/home/runner/work/_temp/aphid-current-consumer/aphid-0.1.0-dev-combined.tar", "--package-sha256", "11ca5ca447a7a93ee6d8e2d79758f3ed67d9ce04d20947a08e82598851152507", "--destination", "/home/runner/work/_temp/aphid-current-consumer/fresh", "--hex-dependencies", "--hide-build", "/home/runner/work/_temp/aphid-current-consumer/retained"], "cwd": "/home/runner/work/Aphid/Aphid", "exit": 0, "seconds": 70.22}
consumer (ubuntu-24.04, x86_64-linux-gnu)	Verify current package with exact reviewed native archive	2026-09-08T08:35:56.3032566Z CASE missing
consumer (ubuntu-24.04, x86_64-linux-gnu)	Verify current package with exact reviewed native archive	2026-09-08T08:35:56.8241289Z Aphid artifact [missing]: set APHID_BUNDLE_ARCHIVE to an existing local .tar.gz. No source fallback.
consumer (ubuntu-24.04, x86_64-linux-gnu)	Verify current package with exact reviewed native archive	2026-09-08T08:35:56.8686599Z {"command": ["elixir", "/home/runner/work/_temp/aphid-current-consumer/failures/reject.exs"], "cwd": "/home/runner/work/_temp/aphid-current-consumer/failures", "exit": 0, "seconds": 0.565}
consumer (ubuntu-24.04, x86_64-linux-gnu)	Verify current package with exact reviewed native archive	2026-09-08T08:35:56.8688766Z CASE missing-pin
consumer (ubuntu-24.04, x86_64-linux-gnu)	Verify current package with exact reviewed native archive	2026-09-08T08:35:57.3919681Z Aphid artifact [corrupt]: set APHID_BUNDLE_SHA256 to an independently trusted 64-digit SHA256. No source fallback.
consumer (ubuntu-24.04, x86_64-linux-gnu)	Verify current package with exact reviewed native archive	2026-09-08T08:35:57.4343291Z {"command": ["elixir", "/home/runner/work/_temp/aphid-current-consumer/failures/reject.exs"], "cwd": "/home/runner/work/_temp/aphid-current-consumer/failures", "exit": 0, "seconds": 0.565}
consumer (ubuntu-24.04, x86_64-linux-gnu)	Verify current package with exact reviewed native archive	2026-09-08T08:35:57.4346364Z CASE checksum
consumer (ubuntu-24.04, x86_64-linux-gnu)	Verify current package with exact reviewed native archive	2026-09-08T08:35:57.9773984Z Aphid artifact [corrupt]: archive SHA256 mismatch; obtain the pinned archive again. No source fallback.
consumer (ubuntu-24.04, x86_64-linux-gnu)	Verify current package with exact reviewed native archive	2026-09-08T08:35:57.9998541Z {"command": ["elixir", "/home/runner/work/_temp/aphid-current-consumer/failures/reject.exs"], "cwd": "/home/runner/work/_temp/aphid-current-consumer/failures", "exit": 0, "seconds": 0.565}
consumer (ubuntu-24.04, x86_64-linux-gnu)	Verify current package with exact reviewed native archive	2026-09-08T08:35:58.0000951Z CASE target
consumer (ubuntu-24.04, x86_64-linux-gnu)	Verify current package with exact reviewed native archive	2026-09-08T08:35:58.5577042Z Aphid artifact [unsupported-target]: the artifact does not match this operating system. No source fallback.
consumer (ubuntu-24.04, x86_64-linux-gnu)	Verify current package with exact reviewed native archive	2026-09-08T08:35:58.5654673Z {"command": ["elixir", "/home/runner/work/_temp/aphid-current-consumer/failures/reject.exs"], "cwd": "/home/runner/work/_temp/aphid-current-consumer/failures", "exit": 0, "seconds": 0.565}
consumer (ubuntu-24.04, x86_64-linux-gnu)	Verify current package with exact reviewed native archive	2026-09-08T08:35:58.5656824Z CASE engine
consumer (ubuntu-24.04, x86_64-linux-gnu)	Verify current package with exact reviewed native archive	2026-09-08T08:35:59.1045741Z Aphid artifact [incompatible-engine]: native lock differs; obtain the bundle for this Aphid source package. No source fallback.
consumer (ubuntu-24.04, x86_64-linux-gnu)	Verify current package with exact reviewed native archive	2026-09-08T08:35:59.1309170Z {"command": ["elixir", "/home/runner/work/_temp/aphid-current-consumer/failures/reject.exs"], "cwd": "/home/runner/work/_temp/aphid-current-consumer/failures", "exit": 0, "seconds": 0.565}
consumer (ubuntu-24.04, x86_64-linux-gnu)	Verify current package with exact reviewed native archive	2026-09-08T08:35:59.1311159Z CASE manifest
consumer (ubuntu-24.04, x86_64-linux-gnu)	Verify current package with exact reviewed native archive	2026-09-08T08:35:59.6825229Z Aphid artifact [corrupt]: content manifest mismatch; obtain the pinned archive again. No source fallback.
consumer (ubuntu-24.04, x86_64-linux-gnu)	Verify current package with exact reviewed native archive	2026-09-08T08:35:59.6963560Z {"command": ["elixir", "/home/runner/work/_temp/aphid-current-consumer/failures/reject.exs"], "cwd": "/home/runner/work/_temp/aphid-current-consumer/failures", "exit": 0, "seconds": 0.565}
consumer (ubuntu-24.04, x86_64-linux-gnu)	Verify current package with exact reviewed native archive	2026-09-08T08:35:59.6965873Z CASE missing-sidecar
consumer (ubuntu-24.04, x86_64-linux-gnu)	Verify current package with exact reviewed native archive	2026-09-08T08:36:00.2631670Z Aphid artifact [missing]: bundle lacks liblbug.so; obtain the complete 0.1.0-dev bundle. No source fallback.
consumer (ubuntu-24.04, x86_64-linux-gnu)	Verify current package with exact reviewed native archive	2026-09-08T08:36:00.3120328Z {"command": ["elixir", "/home/runner/work/_temp/aphid-current-consumer/failures/reject.exs"], "cwd": "/home/runner/work/_temp/aphid-current-consumer/failures", "exit": 0, "seconds": 0.615}
consumer (ubuntu-24.04, x86_64-linux-gnu)	Verify current package with exact reviewed native archive	2026-09-08T08:36:00.3123093Z CASE architecture
consumer (ubuntu-24.04, x86_64-linux-gnu)	Verify current package with exact reviewed native archive	2026-09-08T08:36:00.8606534Z Aphid artifact [wrong-architecture]: Elixir.Aphid.Native.so has the wrong ELF machine architecture. No source fallback.
consumer (ubuntu-24.04, x86_64-linux-gnu)	Verify current package with exact reviewed native archive	2026-09-08T08:36:00.8778161Z {"command": ["elixir", "/home/runner/work/_temp/aphid-current-consumer/failures/reject.exs"], "cwd": "/home/runner/work/_temp/aphid-current-consumer/failures", "exit": 0, "seconds": 0.565}
consumer (ubuntu-24.04, x86_64-linux-gnu)	Verify current package with exact reviewed native archive	2026-09-08T08:36:00.8781239Z CASE unloadable-header
consumer (ubuntu-24.04, x86_64-linux-gnu)	Verify current package with exact reviewed native archive	2026-09-08T08:36:01.4359953Z Aphid artifact [unloadable]: Elixir.Aphid.Native.so is not a native shared library for this target; obtain a valid bundle. No source fallback.
consumer (ubuntu-24.04, x86_64-linux-gnu)	Verify current package with exact reviewed native archive	2026-09-08T08:36:01.4939658Z {"command": ["elixir", "/home/runner/work/_temp/aphid-current-consumer/failures/reject.exs"], "cwd": "/home/runner/work/_temp/aphid-current-consumer/failures", "exit": 0, "seconds": 0.615}
consumer (ubuntu-24.04, x86_64-linux-gnu)	Verify current package with exact reviewed native archive	2026-09-08T08:36:01.4941205Z CASE native-fingerprint
consumer (ubuntu-24.04, x86_64-linux-gnu)	Verify current package with exact reviewed native archive	2026-09-08T08:36:02.0383235Z Aphid artifact [incompatible-engine]: native fingerprint differs from this package's reviewed local-bundle.json; use the matching candidate. No source fallback.
consumer (ubuntu-24.04, x86_64-linux-gnu)	Verify current package with exact reviewed native archive	2026-09-08T08:36:02.0595370Z {"command": ["elixir", "/home/runner/work/_temp/aphid-current-consumer/failures/reject.exs"], "cwd": "/home/runner/work/_temp/aphid-current-consumer/failures", "exit": 0, "seconds": 0.565}
consumer (ubuntu-24.04, x86_64-linux-gnu)	Verify current package with exact reviewed native archive	2026-09-08T08:36:02.0600958Z CASE lost-selection
consumer (ubuntu-24.04, x86_64-linux-gnu)	Verify current package with exact reviewed native archive	2026-09-08T08:36:02.6090981Z Aphid artifact [missing]: this development version has no authorized default delivery; select a pinned archive or HTTPS URL, or set APHID_INSTALL=source with its build prerequisites. No source fallback.
consumer (ubuntu-24.04, x86_64-linux-gnu)	Verify current package with exact reviewed native archive	2026-09-08T08:36:02.6255714Z {"command": ["elixir", "/home/runner/work/_temp/aphid-current-consumer/failures/reject.exs"], "cwd": "/home/runner/work/_temp/aphid-current-consumer/failures", "exit": 0, "seconds": 0.565}
consumer (ubuntu-24.04, x86_64-linux-gnu)	Verify current package with exact reviewed native archive	2026-09-08T08:36:02.6257898Z CASE force-source
consumer (ubuntu-24.04, x86_64-linux-gnu)	Verify current package with exact reviewed native archive	2026-09-08T08:36:03.1545115Z Aphid artifact [selection]: unset ZIGLER_PRECOMPILE_FORCE_RECOMPILE; local bundle mode never falls back to source. No source fallback.
consumer (ubuntu-24.04, x86_64-linux-gnu)	Verify current package with exact reviewed native archive	2026-09-08T08:36:03.1913594Z {"command": ["elixir", "/home/runner/work/_temp/aphid-current-consumer/failures/reject.exs"], "cwd": "/home/runner/work/_temp/aphid-current-consumer/failures", "exit": 0, "seconds": 0.565}
consumer (ubuntu-24.04, x86_64-linux-gnu)	Verify current package with exact reviewed native archive	2026-09-08T08:36:03.1916663Z CASE conflicting-source
consumer (ubuntu-24.04, x86_64-linux-gnu)	Verify current package with exact reviewed native archive	2026-09-08T08:36:03.7248162Z Aphid artifact [selection]: use APHID_INSTALL=precompiled with archive or HTTPS URL and SHA256, or explicit source without bundle inputs. No source fallback.
consumer (ubuntu-24.04, x86_64-linux-gnu)	Verify current package with exact reviewed native archive	2026-09-08T08:36:03.7570508Z {"command": ["elixir", "/home/runner/work/_temp/aphid-current-consumer/failures/reject.exs"], "cwd": "/home/runner/work/_temp/aphid-current-consumer/failures", "exit": 0, "seconds": 0.565}
consumer (ubuntu-24.04, x86_64-linux-gnu)	Verify current package with exact reviewed native archive	2026-09-08T08:36:03.7573655Z CASE invalid-tar
consumer (ubuntu-24.04, x86_64-linux-gnu)	Verify current package with exact reviewed native archive	2026-09-08T08:36:04.3045180Z Aphid artifact [corrupt]: invalid tar archive: :eof. No source fallback.
consumer (ubuntu-24.04, x86_64-linux-gnu)	Verify current package with exact reviewed native archive	2026-09-08T08:36:04.3227221Z {"command": ["elixir", "/home/runner/work/_temp/aphid-current-consumer/failures/reject.exs"], "cwd": "/home/runner/work/_temp/aphid-current-consumer/failures", "exit": 0, "seconds": 0.565}
consumer (ubuntu-24.04, x86_64-linux-gnu)	Verify current package with exact reviewed native archive	2026-09-08T08:36:04.3229774Z CASE traversal
consumer (ubuntu-24.04, x86_64-linux-gnu)	Verify current package with exact reviewed native archive	2026-09-08T08:36:04.8726939Z Aphid artifact [unsafe]: archive contains a link, special file or unsafe path: "../escape". No source fallback.
consumer (ubuntu-24.04, x86_64-linux-gnu)	Verify current package with exact reviewed native archive	2026-09-08T08:36:04.8883481Z {"command": ["elixir", "/home/runner/work/_temp/aphid-current-consumer/failures/reject.exs"], "cwd": "/home/runner/work/_temp/aphid-current-consumer/failures", "exit": 0, "seconds": 0.565}
consumer (ubuntu-24.04, x86_64-linux-gnu)	Verify current package with exact reviewed native archive	2026-09-08T08:36:04.8886485Z CASE absolute
consumer (ubuntu-24.04, x86_64-linux-gnu)	Verify current package with exact reviewed native archive	2026-09-08T08:36:05.4401208Z Aphid artifact [unsafe]: archive contains a link, special file or unsafe path: "/tmp/aphid-escape". No source fallback.
consumer (ubuntu-24.04, x86_64-linux-gnu)	Verify current package with exact reviewed native archive	2026-09-08T08:36:05.4539471Z {"command": ["elixir", "/home/runner/work/_temp/aphid-current-consumer/failures/reject.exs"], "cwd": "/home/runner/work/_temp/aphid-current-consumer/failures", "exit": 0, "seconds": 0.565}
consumer (ubuntu-24.04, x86_64-linux-gnu)	Verify current package with exact reviewed native archive	2026-09-08T08:36:05.4542662Z CASE duplicate
consumer (ubuntu-24.04, x86_64-linux-gnu)	Verify current package with exact reviewed native archive	2026-09-08T08:36:05.9983540Z Aphid artifact [unsafe]: duplicate or case-colliding archive member. No source fallback.
consumer (ubuntu-24.04, x86_64-linux-gnu)	Verify current package with exact reviewed native archive	2026-09-08T08:36:06.0196118Z {"command": ["elixir", "/home/runner/work/_temp/aphid-current-consumer/failures/reject.exs"], "cwd": "/home/runner/work/_temp/aphid-current-consumer/failures", "exit": 0, "seconds": 0.565}
consumer (ubuntu-24.04, x86_64-linux-gnu)	Verify current package with exact reviewed native archive	2026-09-08T08:36:06.0198568Z CASE case-collision
consumer (ubuntu-24.04, x86_64-linux-gnu)	Verify current package with exact reviewed native archive	2026-09-08T08:36:06.5720248Z Aphid artifact [unsafe]: duplicate or case-colliding archive member. No source fallback.
consumer (ubuntu-24.04, x86_64-linux-gnu)	Verify current package with exact reviewed native archive	2026-09-08T08:36:06.5853167Z {"command": ["elixir", "/home/runner/work/_temp/aphid-current-consumer/failures/reject.exs"], "cwd": "/home/runner/work/_temp/aphid-current-consumer/failures", "exit": 0, "seconds": 0.565}
consumer (ubuntu-24.04, x86_64-linux-gnu)	Verify current package with exact reviewed native archive	2026-09-08T08:36:06.5856308Z CASE file-directory
consumer (ubuntu-24.04, x86_64-linux-gnu)	Verify current package with exact reviewed native archive	2026-09-08T08:36:07.1314125Z Aphid artifact [unsafe]: archive file is also used as a directory. No source fallback.
consumer (ubuntu-24.04, x86_64-linux-gnu)	Verify current package with exact reviewed native archive	2026-09-08T08:36:07.1510246Z {"command": ["elixir", "/home/runner/work/_temp/aphid-current-consumer/failures/reject.exs"], "cwd": "/home/runner/work/_temp/aphid-current-consumer/failures", "exit": 0, "seconds": 0.565}
consumer (ubuntu-24.04, x86_64-linux-gnu)	Verify current package with exact reviewed native archive	2026-09-08T08:36:07.1512610Z CASE dot-path
consumer (ubuntu-24.04, x86_64-linux-gnu)	Verify current package with exact reviewed native archive	2026-09-08T08:36:07.6950093Z Aphid artifact [unsafe]: archive contains a link, special file or unsafe path: "./escape". No source fallback.
consumer (ubuntu-24.04, x86_64-linux-gnu)	Verify current package with exact reviewed native archive	2026-09-08T08:36:07.7166373Z {"command": ["elixir", "/home/runner/work/_temp/aphid-current-consumer/failures/reject.exs"], "cwd": "/home/runner/work/_temp/aphid-current-consumer/failures", "exit": 0, "seconds": 0.565}
consumer (ubuntu-24.04, x86_64-linux-gnu)	Verify current package with exact reviewed native archive	2026-09-08T08:36:07.7169382Z CASE symlink
consumer (ubuntu-24.04, x86_64-linux-gnu)	Verify current package with exact reviewed native archive	2026-09-08T08:36:08.2580102Z Aphid artifact [unsafe]: archive contains a link, special file or unsafe path: "link". No source fallback.
consumer (ubuntu-24.04, x86_64-linux-gnu)	Verify current package with exact reviewed native archive	2026-09-08T08:36:08.2825373Z {"command": ["elixir", "/home/runner/work/_temp/aphid-current-consumer/failures/reject.exs"], "cwd": "/home/runner/work/_temp/aphid-current-consumer/failures", "exit": 0, "seconds": 0.565}
consumer (ubuntu-24.04, x86_64-linux-gnu)	Verify current package with exact reviewed native archive	2026-09-08T08:36:08.2827714Z CASE hardlink
consumer (ubuntu-24.04, x86_64-linux-gnu)	Verify current package with exact reviewed native archive	2026-09-08T08:36:08.8459061Z Aphid artifact [unsafe]: archive contains a link, special file or unsafe path: "hard". No source fallback.
consumer (ubuntu-24.04, x86_64-linux-gnu)	Verify current package with exact reviewed native archive	2026-09-08T08:36:08.8983894Z {"command": ["elixir", "/home/runner/work/_temp/aphid-current-consumer/failures/reject.exs"], "cwd": "/home/runner/work/_temp/aphid-current-consumer/failures", "exit": 0, "seconds": 0.615}
consumer (ubuntu-24.04, x86_64-linux-gnu)	Verify current package with exact reviewed native archive	2026-09-08T08:36:08.8986047Z CASE fifo
consumer (ubuntu-24.04, x86_64-linux-gnu)	Verify current package with exact reviewed native archive	2026-09-08T08:36:09.4482955Z Aphid artifact [unsafe]: archive contains a link, special file or unsafe path: "fifo". No source fallback.
consumer (ubuntu-24.04, x86_64-linux-gnu)	Verify current package with exact reviewed native archive	2026-09-08T08:36:09.4641216Z {"command": ["elixir", "/home/runner/work/_temp/aphid-current-consumer/failures/reject.exs"], "cwd": "/home/runner/work/_temp/aphid-current-consumer/failures", "exit": 0, "seconds": 0.565}
consumer (ubuntu-24.04, x86_64-linux-gnu)	Verify current package with exact reviewed native archive	2026-09-08T08:36:09.4696037Z NOTICE FIXTURE missing-source-notices
consumer (ubuntu-24.04, x86_64-linux-gnu)	Verify current package with exact reviewed native archive	2026-09-08T08:36:10.0168964Z Aphid artifact [missing]: source package lacks THIRD_PARTY_NOTICES.txt; obtain the complete source package. No source fallback.
consumer (ubuntu-24.04, x86_64-linux-gnu)	Verify current package with exact reviewed native archive	2026-09-08T08:36:10.0348904Z {"command": ["elixir", "/home/runner/work/_temp/aphid-current-consumer/failures/reject.exs"], "cwd": "/home/runner/work/_temp/aphid-current-consumer/failures", "exit": 0, "seconds": 0.565}
consumer (ubuntu-24.04, x86_64-linux-gnu)	Verify current package with exact reviewed native archive	2026-09-08T08:36:10.0353584Z NOTICE FIXTURE notice-collision-0
consumer (ubuntu-24.04, x86_64-linux-gnu)	Verify current package with exact reviewed native archive	2026-09-08T08:36:10.5955855Z Aphid artifact [corrupt]: archive collides with the source-package notice supplement. No source fallback.
consumer (ubuntu-24.04, x86_64-linux-gnu)	Verify current package with exact reviewed native archive	2026-09-08T08:36:10.6508296Z {"command": ["elixir", "/home/runner/work/_temp/aphid-current-consumer/failures/reject.exs"], "cwd": "/home/runner/work/_temp/aphid-current-consumer/failures", "exit": 0, "seconds": 0.615}
consumer (ubuntu-24.04, x86_64-linux-gnu)	Verify current package with exact reviewed native archive	2026-09-08T08:36:10.6513911Z NOTICE FIXTURE notice-collision-1
consumer (ubuntu-24.04, x86_64-linux-gnu)	Verify current package with exact reviewed native archive	2026-09-08T08:36:11.2120726Z Aphid artifact [corrupt]: archive collides with the source-package notice supplement. No source fallback.
consumer (ubuntu-24.04, x86_64-linux-gnu)	Verify current package with exact reviewed native archive	2026-09-08T08:36:11.2672436Z {"command": ["elixir", "/home/runner/work/_temp/aphid-current-consumer/failures/reject.exs"], "cwd": "/home/runner/work/_temp/aphid-current-consumer/failures", "exit": 0, "seconds": 0.616}
consumer (ubuntu-24.04, x86_64-linux-gnu)	Verify current package with exact reviewed native archive	2026-09-08T08:36:11.2677195Z NOTICE FIXTURE notice-collision-2
consumer (ubuntu-24.04, x86_64-linux-gnu)	Verify current package with exact reviewed native archive	2026-09-08T08:36:11.8211379Z Aphid artifact [corrupt]: archive collides with the source-package notice supplement. No source fallback.
consumer (ubuntu-24.04, x86_64-linux-gnu)	Verify current package with exact reviewed native archive	2026-09-08T08:36:11.8330703Z {"command": ["elixir", "/home/runner/work/_temp/aphid-current-consumer/failures/reject.exs"], "cwd": "/home/runner/work/_temp/aphid-current-consumer/failures", "exit": 0, "seconds": 0.565}
consumer (ubuntu-24.04, x86_64-linux-gnu)	Verify current package with exact reviewed native archive	2026-09-08T08:36:14.3268783Z Aphid local bundle verified and installed: SHA256 fa9535c7e8f3b149658ed0f5f98329f7142cfd21f30f20fef765c74c42b798cc
consumer (ubuntu-24.04, x86_64-linux-gnu)	Verify current package with exact reviewed native archive	2026-09-08T08:36:14.3269907Z Semantically identical reordered receipt accepted without replacement
consumer (ubuntu-24.04, x86_64-linux-gnu)	Verify current package with exact reviewed native archive	2026-09-08T08:36:16.1101254Z notice rejection detail: Aphid artifact [missing]: installed licenses/aphid-supplemental.txt is absent; use an empty MIX_BUILD_PATH. No source fallback.
consumer (ubuntu-24.04, x86_64-linux-gnu)	Verify current package with exact reviewed native archive	2026-09-08T08:36:16.1102784Z expected notice rejection: licenses/aphid-supplemental.txt: missing
consumer (ubuntu-24.04, x86_64-linux-gnu)	Verify current package with exact reviewed native archive	2026-09-08T08:36:17.8825289Z notice rejection detail: Aphid artifact [corrupt]: installed licenses/aphid-supplemental.txt changed; use an empty MIX_BUILD_PATH. No source fallback.
consumer (ubuntu-24.04, x86_64-linux-gnu)	Verify current package with exact reviewed native archive	2026-09-08T08:36:17.8826911Z expected notice rejection: licenses/aphid-supplemental.txt: corrupt
consumer (ubuntu-24.04, x86_64-linux-gnu)	Verify current package with exact reviewed native archive	2026-09-08T08:36:19.6405048Z notice rejection detail: Aphid artifact [missing]: installed licenses/duckdb/third_party/snowball/LICENSE is absent; use an empty MIX_BUILD_PATH. No source fallback.
consumer (ubuntu-24.04, x86_64-linux-gnu)	Verify current package with exact reviewed native archive	2026-09-08T08:36:19.6406484Z expected notice rejection: licenses/duckdb/third_party/snowball/LICENSE: missing
consumer (ubuntu-24.04, x86_64-linux-gnu)	Verify current package with exact reviewed native archive	2026-09-08T08:36:21.4174900Z notice rejection detail: Aphid artifact [corrupt]: installed licenses/duckdb/third_party/snowball/LICENSE changed; use an empty MIX_BUILD_PATH. No source fallback.
consumer (ubuntu-24.04, x86_64-linux-gnu)	Verify current package with exact reviewed native archive	2026-09-08T08:36:21.4176709Z expected notice rejection: licenses/duckdb/third_party/snowball/LICENSE: corrupt
consumer (ubuntu-24.04, x86_64-linux-gnu)	Verify current package with exact reviewed native archive	2026-09-08T08:36:23.3012545Z Aphid local bundle verified and installed: SHA256 fa9535c7e8f3b149658ed0f5f98329f7142cfd21f30f20fef765c74c42b798cc
consumer (ubuntu-24.04, x86_64-linux-gnu)	Verify current package with exact reviewed native archive	2026-09-08T08:36:23.3013773Z Shipped notice restoration and repeat installation passed without native module load
consumer (ubuntu-24.04, x86_64-linux-gnu)	Verify current package with exact reviewed native archive	2026-09-08T08:36:23.3192778Z {"command": ["elixir", "/home/runner/work/_temp/aphid-current-consumer/failures/notices.exs", "/home/runner/work/_temp/aphid-current-consumer/fresh/candidate-retained.tar.gz", "fa9535c7e8f3b149658ed0f5f98329f7142cfd21f30f20fef765c74c42b798cc", "/home/runner/work/_temp/aphid-current-consumer/fresh/consumer/_build/prod/lib/aphid/priv"], "cwd": "/home/runner/work/_temp/aphid-current-consumer/failures", "exit": 0, "seconds": 11.444}
consumer (ubuntu-24.04, x86_64-linux-gnu)	Verify current package with exact reviewed native archive	2026-09-08T08:36:23.3773276Z REAL LOADER missing
consumer (ubuntu-24.04, x86_64-linux-gnu)	Verify current package with exact reviewed native archive	2026-09-08T08:36:23.7417210Z 
consumer (ubuntu-24.04, x86_64-linux-gnu)	Verify current package with exact reviewed native archive	2026-09-08T08:36:23.7419058Z 08:36:23.738 [error] Aphid artifact [missing]: /home/runner/work/_temp/aphid-current-consumer/failures/load-missing/aphid/priv/lib/liblbug.so; reinstall the complete pinned bundle. No source fallback.
consumer (ubuntu-24.04, x86_64-linux-gnu)	Verify current package with exact reviewed native archive	2026-09-08T08:36:23.7434486Z real loader rejected artifact: Elixir.Aphid.Native
consumer (ubuntu-24.04, x86_64-linux-gnu)	Verify current package with exact reviewed native archive	2026-09-08T08:36:23.7543062Z 
consumer (ubuntu-24.04, x86_64-linux-gnu)	Verify current package with exact reviewed native archive	2026-09-08T08:36:23.7543711Z 08:36:23.743 [warning] The on_load function for module Elixir.Aphid.Native returned:
consumer (ubuntu-24.04, x86_64-linux-gnu)	Verify current package with exact reviewed native archive	2026-09-08T08:36:23.7544444Z {:error,
consumer (ubuntu-24.04, x86_64-linux-gnu)	Verify current package with exact reviewed native archive	2026-09-08T08:36:23.7544796Z  {:missing,
consumer (ubuntu-24.04, x86_64-linux-gnu)	Verify current package with exact reviewed native archive	2026-09-08T08:36:23.7545493Z   "/home/runner/work/_temp/aphid-current-consumer/failures/load-missing/aphid/priv/lib/liblbug.so"}}
consumer (ubuntu-24.04, x86_64-linux-gnu)	Verify current package with exact reviewed native archive	2026-09-08T08:36:23.7546140Z 
consumer (ubuntu-24.04, x86_64-linux-gnu)	Verify current package with exact reviewed native archive	2026-09-08T08:36:23.7652644Z 
consumer (ubuntu-24.04, x86_64-linux-gnu)	Verify current package with exact reviewed native archive	2026-09-08T08:36:23.7654090Z 08:36:23.764 [error] Aphid artifact [missing]: /home/runner/work/_temp/aphid-current-consumer/failures/load-missing/aphid/priv/lib/liblbug.so; reinstall the complete pinned bundle. No source fallback.
consumer (ubuntu-24.04, x86_64-linux-gnu)	Verify current package with exact reviewed native archive	2026-09-08T08:36:23.7670164Z real loader rejected artifact: Elixir.Aphid.Proof
consumer (ubuntu-24.04, x86_64-linux-gnu)	Verify current package with exact reviewed native archive	2026-09-08T08:36:23.7671546Z 
consumer (ubuntu-24.04, x86_64-linux-gnu)	Verify current package with exact reviewed native archive	2026-09-08T08:36:23.7672215Z 08:36:23.766 [warning] The on_load function for module Elixir.Aphid.Proof returned:
consumer (ubuntu-24.04, x86_64-linux-gnu)	Verify current package with exact reviewed native archive	2026-09-08T08:36:23.7672852Z {:error,
consumer (ubuntu-24.04, x86_64-linux-gnu)	Verify current package with exact reviewed native archive	2026-09-08T08:36:23.7673140Z  {:missing,
consumer (ubuntu-24.04, x86_64-linux-gnu)	Verify current package with exact reviewed native archive	2026-09-08T08:36:23.7673843Z   "/home/runner/work/_temp/aphid-current-consumer/failures/load-missing/aphid/priv/lib/liblbug.so"}}
consumer (ubuntu-24.04, x86_64-linux-gnu)	Verify current package with exact reviewed native archive	2026-09-08T08:36:23.7674521Z 
consumer (ubuntu-24.04, x86_64-linux-gnu)	Verify current package with exact reviewed native archive	2026-09-08T08:36:23.7926450Z {"command": ["elixir", "-pa", "/home/runner/work/_temp/aphid-current-consumer/failures/load-missing/aphid/ebin", "/home/runner/work/_temp/aphid-current-consumer/failures/load.exs"], "cwd": "/home/runner/work/_temp/aphid-current-consumer/failures", "exit": 0, "seconds": 0.415}
consumer (ubuntu-24.04, x86_64-linux-gnu)	Verify current package with exact reviewed native archive	2026-09-08T08:36:23.8499422Z REAL LOADER corrupt
consumer (ubuntu-24.04, x86_64-linux-gnu)	Verify current package with exact reviewed native archive	2026-09-08T08:36:24.2153534Z 
consumer (ubuntu-24.04, x86_64-linux-gnu)	Verify current package with exact reviewed native archive	2026-09-08T08:36:24.2155236Z 08:36:24.212 [error] Aphid artifact [corrupt]: /home/runner/work/_temp/aphid-current-consumer/failures/load-corrupt/aphid/priv/lib/liblbug.so; reinstall the complete pinned bundle. No source fallback.
consumer (ubuntu-24.04, x86_64-linux-gnu)	Verify current package with exact reviewed native archive	2026-09-08T08:36:24.2169093Z real loader rejected artifact: Elixir.Aphid.Native
consumer (ubuntu-24.04, x86_64-linux-gnu)	Verify current package with exact reviewed native archive	2026-09-08T08:36:24.2272418Z 
consumer (ubuntu-24.04, x86_64-linux-gnu)	Verify current package with exact reviewed native archive	2026-09-08T08:36:24.2273241Z 08:36:24.216 [warning] The on_load function for module Elixir.Aphid.Native returned:
consumer (ubuntu-24.04, x86_64-linux-gnu)	Verify current package with exact reviewed native archive	2026-09-08T08:36:24.2273968Z {:error,
consumer (ubuntu-24.04, x86_64-linux-gnu)	Verify current package with exact reviewed native archive	2026-09-08T08:36:24.2274286Z  {:corrupt,
consumer (ubuntu-24.04, x86_64-linux-gnu)	Verify current package with exact reviewed native archive	2026-09-08T08:36:24.2274974Z   "/home/runner/work/_temp/aphid-current-consumer/failures/load-corrupt/aphid/priv/lib/liblbug.so"}}
consumer (ubuntu-24.04, x86_64-linux-gnu)	Verify current package with exact reviewed native archive	2026-09-08T08:36:24.2275636Z 
consumer (ubuntu-24.04, x86_64-linux-gnu)	Verify current package with exact reviewed native archive	2026-09-08T08:36:24.2380853Z 
consumer (ubuntu-24.04, x86_64-linux-gnu)	Verify current package with exact reviewed native archive	2026-09-08T08:36:24.2382545Z 08:36:24.237 [error] Aphid artifact [corrupt]: /home/runner/work/_temp/aphid-current-consumer/failures/load-corrupt/aphid/priv/lib/liblbug.so; reinstall the complete pinned bundle. No source fallback.
consumer (ubuntu-24.04, x86_64-linux-gnu)	Verify current package with exact reviewed native archive	2026-09-08T08:36:24.2395449Z real loader rejected artifact: Elixir.Aphid.Proof
consumer (ubuntu-24.04, x86_64-linux-gnu)	Verify current package with exact reviewed native archive	2026-09-08T08:36:24.2396632Z 
consumer (ubuntu-24.04, x86_64-linux-gnu)	Verify current package with exact reviewed native archive	2026-09-08T08:36:24.2397059Z 08:36:24.239 [warning] The on_load function for module Elixir.Aphid.Proof returned:
consumer (ubuntu-24.04, x86_64-linux-gnu)	Verify current package with exact reviewed native archive	2026-09-08T08:36:24.2397675Z {:error,
consumer (ubuntu-24.04, x86_64-linux-gnu)	Verify current package with exact reviewed native archive	2026-09-08T08:36:24.2397959Z  {:corrupt,
consumer (ubuntu-24.04, x86_64-linux-gnu)	Verify current package with exact reviewed native archive	2026-09-08T08:36:24.2398650Z   "/home/runner/work/_temp/aphid-current-consumer/failures/load-corrupt/aphid/priv/lib/liblbug.so"}}
consumer (ubuntu-24.04, x86_64-linux-gnu)	Verify current package with exact reviewed native archive	2026-09-08T08:36:24.2399327Z 
consumer (ubuntu-24.04, x86_64-linux-gnu)	Verify current package with exact reviewed native archive	2026-09-08T08:36:24.2650157Z {"command": ["elixir", "-pa", "/home/runner/work/_temp/aphid-current-consumer/failures/load-corrupt/aphid/ebin", "/home/runner/work/_temp/aphid-current-consumer/failures/load.exs"], "cwd": "/home/runner/work/_temp/aphid-current-consumer/failures", "exit": 0, "seconds": 0.415}
consumer (ubuntu-24.04, x86_64-linux-gnu)	Verify current package with exact reviewed native archive	2026-09-08T08:36:24.3168839Z REAL LOADER unloadable
consumer (ubuntu-24.04, x86_64-linux-gnu)	Verify current package with exact reviewed native archive	2026-09-08T08:36:24.7913689Z 
consumer (ubuntu-24.04, x86_64-linux-gnu)	Verify current package with exact reviewed native archive	2026-09-08T08:36:24.7916653Z 08:36:24.788 [error] Aphid artifact [unloadable]: /home/runner/work/_temp/aphid-current-consumer/failures/load-unloadable/aphid/priv/lib/Elixir.Aphid.Native: {:load_failed, ~c"Failed to load NIF library: '/home/runner/work/_temp/aphid-current-consumer/failures/load-unloadable/aphid/priv/lib/Elixir.Aphid.Native.so: failed to map segment from shared object'"}; use the matching complete bundle and runtime. No source fallback.
consumer (ubuntu-24.04, x86_64-linux-gnu)	Verify current package with exact reviewed native archive	2026-09-08T08:36:24.7944919Z real loader rejected artifact: Elixir.Aphid.Native
consumer (ubuntu-24.04, x86_64-linux-gnu)	Verify current package with exact reviewed native archive	2026-09-08T08:36:24.7945339Z 
consumer (ubuntu-24.04, x86_64-linux-gnu)	Verify current package with exact reviewed native archive	2026-09-08T08:36:24.7945728Z 08:36:24.792 [warning] The on_load function for module Elixir.Aphid.Native returned:
consumer (ubuntu-24.04, x86_64-linux-gnu)	Verify current package with exact reviewed native archive	2026-09-08T08:36:24.7946335Z {:error,
consumer (ubuntu-24.04, x86_64-linux-gnu)	Verify current package with exact reviewed native archive	2026-09-08T08:36:24.7946629Z  {:load_failed,
consumer (ubuntu-24.04, x86_64-linux-gnu)	Verify current package with exact reviewed native archive	2026-09-08T08:36:24.7947771Z   ~c"Failed to load NIF library: '/home/runner/work/_temp/aphid-current-consumer/failures/load-unloadable/aphid/priv/lib/Elixir.Aphid.Native.so: failed to map segment from shared object'"}}
consumer (ubuntu-24.04, x86_64-linux-gnu)	Verify current package with exact reviewed native archive	2026-09-08T08:36:24.7948857Z 
consumer (ubuntu-24.04, x86_64-linux-gnu)	Verify current package with exact reviewed native archive	2026-09-08T08:36:24.9002579Z 
consumer (ubuntu-24.04, x86_64-linux-gnu)	Verify current package with exact reviewed native archive	2026-09-08T08:36:24.9005589Z 08:36:24.899 [error] Aphid artifact [unloadable]: /home/runner/work/_temp/aphid-current-consumer/failures/load-unloadable/aphid/priv/lib/Elixir.Aphid.Proof: {:load_failed, ~c"Failed to load NIF library: '/home/runner/work/_temp/aphid-current-consumer/failures/load-unloadable/aphid/priv/lib/Elixir.Aphid.Proof.so: failed to map segment from shared object'"}; use the matching complete bundle and runtime. No source fallback.
consumer (ubuntu-24.04, x86_64-linux-gnu)	Verify current package with exact reviewed native archive	2026-09-08T08:36:24.9021906Z real loader rejected artifact: Elixir.Aphid.Proof
consumer (ubuntu-24.04, x86_64-linux-gnu)	Verify current package with exact reviewed native archive	2026-09-08T08:36:24.9023030Z 
consumer (ubuntu-24.04, x86_64-linux-gnu)	Verify current package with exact reviewed native archive	2026-09-08T08:36:24.9023482Z 08:36:24.901 [warning] The on_load function for module Elixir.Aphid.Proof returned:
consumer (ubuntu-24.04, x86_64-linux-gnu)	Verify current package with exact reviewed native archive	2026-09-08T08:36:24.9024180Z {:error,
consumer (ubuntu-24.04, x86_64-linux-gnu)	Verify current package with exact reviewed native archive	2026-09-08T08:36:24.9024569Z  {:load_failed,
consumer (ubuntu-24.04, x86_64-linux-gnu)	Verify current package with exact reviewed native archive	2026-09-08T08:36:24.9025860Z   ~c"Failed to load NIF library: '/home/runner/work/_temp/aphid-current-consumer/failures/load-unloadable/aphid/priv/lib/Elixir.Aphid.Proof.so: failed to map segment from shared object'"}}
consumer (ubuntu-24.04, x86_64-linux-gnu)	Verify current package with exact reviewed native archive	2026-09-08T08:36:24.9027143Z 
consumer (ubuntu-24.04, x86_64-linux-gnu)	Verify current package with exact reviewed native archive	2026-09-08T08:36:24.9329423Z {"command": ["sudo", "-E", "unshare", "--mount", "--fork", "--propagation", "private", "sh", "-c", "mount --bind \"$1\" \"$1\" && mount -o remount,bind,noexec \"$1\" && shift && exec \"$@\"", "noexec-proof", "/home/runner/work/_temp/aphid-current-consumer/failures/load-unloadable/aphid/priv/lib", "/usr/bin/setpriv", "--reuid", "1001", "--regid", "1001", "--clear-groups", "--no-new-privs", "--", "/usr/bin/env", "PATH=/home/runner/work/_temp/.setup-beam/elixir/bin:/home/runner/.mix/escripts:/home/runner/work/_temp/.setup-beam/otp/bin:/opt/hostedtoolcache/Python/3.14.7/x64/bin:/opt/hostedtoolcache/Python/3.14.7/x64:/snap/bin:/home/runner/.local/bin:/opt/pipx_bin:/home/runner/.cargo/bin:/home/runner/.config/composer/vendor/bin:/usr/local/.ghcup/bin:/home/runner/.dotnet/tools:/usr/local/sbin:/usr/local/bin:/usr/sbin:/usr/bin:/sbin:/bin:/usr/games:/usr/local/games:/snap/bin", "/home/runner/work/_temp/.setup-beam/elixir/bin/elixir", "-pa", "/home/runner/work/_temp/aphid-current-consumer/failures/load-unloadable/aphid/ebin", "/home/runner/work/_temp/aphid-current-consumer/failures/load.exs"], "cwd": "/home/runner/work/_temp/aphid-current-consumer/failures", "exit": 0, "seconds": 0.615}
consumer (ubuntu-24.04, x86_64-linux-gnu)	Verify current package with exact reviewed native archive	2026-09-08T08:36:24.9334200Z real Mix adapter rejection cases and loader processes passed
consumer (ubuntu-24.04, x86_64-linux-gnu)	Verify current package with exact reviewed native archive	2026-09-08T08:36:24.9526547Z {"command": ["/opt/hostedtoolcache/Python/3.14.7/x64/bin/python3", "scripts/local_bundle_failures.py", "--destination", "/home/runner/work/_temp/aphid-current-consumer/failures", "--consumer", "/home/runner/work/_temp/aphid-current-consumer/fresh"], "cwd": "/home/runner/work/Aphid/Aphid", "exit": 0, "seconds": 28.729}
consumer (ubuntu-24.04, x86_64-linux-gnu)	Verify current package with exact reviewed native archive	2026-09-08T08:36:26.1034432Z * assembling aphid_consumer-0.0.0 on MIX_ENV=prod
consumer (ubuntu-24.04, x86_64-linux-gnu)	Verify current package with exact reviewed native archive	2026-09-08T08:36:26.1043416Z * skipping runtime configuration (config/runtime.exs not found)
consumer (ubuntu-24.04, x86_64-linux-gnu)	Verify current package with exact reviewed native archive	2026-09-08T08:36:26.2313327Z * creating /home/runner/work/_temp/aphid-current-consumer/mix-release-proof/assembled/releases/0.0.0/env.sh
consumer (ubuntu-24.04, x86_64-linux-gnu)	Verify current package with exact reviewed native archive	2026-09-08T08:36:26.5932986Z * building /home/runner/work/_temp/aphid-current-consumer/mix-release-proof/assembled/aphid_consumer-0.0.0.tar.gz
consumer (ubuntu-24.04, x86_64-linux-gnu)	Verify current package with exact reviewed native archive	2026-09-08T08:36:47.6353089Z 
consumer (ubuntu-24.04, x86_64-linux-gnu)	Verify current package with exact reviewed native archive	2026-09-08T08:36:47.6354165Z Release created at /home/runner/work/_temp/aphid-current-consumer/mix-release-proof/assembled
consumer (ubuntu-24.04, x86_64-linux-gnu)	Verify current package with exact reviewed native archive	2026-09-08T08:36:47.6354922Z 
consumer (ubuntu-24.04, x86_64-linux-gnu)	Verify current package with exact reviewed native archive	2026-09-08T08:36:47.6355721Z     # To start your system
consumer (ubuntu-24.04, x86_64-linux-gnu)	Verify current package with exact reviewed native archive	2026-09-08T08:36:47.6356649Z     /home/runner/work/_temp/aphid-current-consumer/mix-release-proof/assembled/bin/aphid_consumer start
consumer (ubuntu-24.04, x86_64-linux-gnu)	Verify current package with exact reviewed native archive	2026-09-08T08:36:47.6357530Z 
consumer (ubuntu-24.04, x86_64-linux-gnu)	Verify current package with exact reviewed native archive	2026-09-08T08:36:47.6357890Z Once the release is running:
consumer (ubuntu-24.04, x86_64-linux-gnu)	Verify current package with exact reviewed native archive	2026-09-08T08:36:47.6358267Z 
consumer (ubuntu-24.04, x86_64-linux-gnu)	Verify current package with exact reviewed native archive	2026-09-08T08:36:47.6358463Z     # To connect to it remotely
consumer (ubuntu-24.04, x86_64-linux-gnu)	Verify current package with exact reviewed native archive	2026-09-08T08:36:47.6359223Z     /home/runner/work/_temp/aphid-current-consumer/mix-release-proof/assembled/bin/aphid_consumer remote
consumer (ubuntu-24.04, x86_64-linux-gnu)	Verify current package with exact reviewed native archive	2026-09-08T08:36:47.6359737Z 
consumer (ubuntu-24.04, x86_64-linux-gnu)	Verify current package with exact reviewed native archive	2026-09-08T08:36:47.6359918Z     # To stop it gracefully (you may also send SIGINT/SIGTERM)
consumer (ubuntu-24.04, x86_64-linux-gnu)	Verify current package with exact reviewed native archive	2026-09-08T08:36:47.6361770Z     /home/runner/work/_temp/aphid-current-consumer/mix-release-proof/assembled/bin/aphid_consumer stop
consumer (ubuntu-24.04, x86_64-linux-gnu)	Verify current package with exact reviewed native archive	2026-09-08T08:36:47.6362469Z 
consumer (ubuntu-24.04, x86_64-linux-gnu)	Verify current package with exact reviewed native archive	2026-09-08T08:36:47.6362598Z To list all commands:
consumer (ubuntu-24.04, x86_64-linux-gnu)	Verify current package with exact reviewed native archive	2026-09-08T08:36:47.6362751Z 
consumer (ubuntu-24.04, x86_64-linux-gnu)	Verify current package with exact reviewed native archive	2026-09-08T08:36:47.6363067Z     /home/runner/work/_temp/aphid-current-consumer/mix-release-proof/assembled/bin/aphid_consumer
consumer (ubuntu-24.04, x86_64-linux-gnu)	Verify current package with exact reviewed native archive	2026-09-08T08:36:47.6363452Z 
consumer (ubuntu-24.04, x86_64-linux-gnu)	Verify current package with exact reviewed native archive	2026-09-08T08:36:47.6544488Z {"command": ["sudo", "-E", "bwrap", "--die-with-parent", "--unshare-pid", "--ro-bind", "/", "/", "--dev", "/dev", "--proc", "/proc", "--bind", "/home/runner/work/_temp/aphid-current-consumer/mix-release-proof", "/home/runner/work/_temp/aphid-current-consumer/mix-release-proof", "--unshare-net", "--tmpfs", "/home/runner/work/Aphid/Aphid", "--tmpfs", "/home/runner/work/_temp/aphid-current-consumer/fresh", "--ro-bind", "/dev/null", "/usr/bin/c89-gcc", "--ro-bind", "/dev/null", "/usr/bin/c99-gcc", "--ro-bind", "/dev/null", "/usr/bin/make", "--ro-bind", "/dev/null", "/usr/bin/x86_64-linux-gnu-as", "--ro-bind", "/dev/null", "/usr/bin/x86_64-linux-gnu-g++-12", "--ro-bind", "/dev/null", "/usr/bin/x86_64-linux-gnu-g++-13", "--ro-bind", "/dev/null", "/usr/bin/x86_64-linux-gnu-g++-14", "--ro-bind", "/dev/null", "/usr/bin/x86_64-linux-gnu-gcc-12", "--ro-bind", "/dev/null", "/usr/bin/x86_64-linux-gnu-gcc-13", "--ro-bind", "/dev/null", "/usr/bin/x86_64-linux-gnu-gcc-14", "--ro-bind", "/dev/null", "/usr/bin/x86_64-linux-gnu-ld.bfd", "--ro-bind", "/dev/null", "/usr/lib/llvm-16/bin/clang", "--ro-bind", "/dev/null", "/usr/lib/llvm-16/bin/lld", "--ro-bind", "/dev/null", "/usr/lib/llvm-16/bin/llvm-as", "--ro-bind", "/dev/null", "/usr/lib/llvm-17/bin/clang", "--ro-bind", "/dev/null", "/usr/lib/llvm-17/bin/lld", "--ro-bind", "/dev/null", "/usr/lib/llvm-17/bin/llvm-as", "--ro-bind", "/dev/null", "/usr/lib/llvm-18/bin/clang", "--ro-bind", "/dev/null", "/usr/lib/llvm-18/bin/lld", "--ro-bind", "/dev/null", "/usr/lib/llvm-18/bin/llvm-as", "--ro-bind", "/dev/null", "/usr/local/bin/cmake", "--ro-bind", "/dev/null", "/usr/local/bin/ninja", "--cap-add", "CAP_SETUID", "--cap-add", "CAP_SETGID", "--cap-add", "CAP_SETPCAP", "--clearenv", "--setenv", "LANG", "C.UTF-8", "--setenv", "HOME", "/home/runner/work/_temp/aphid-current-consumer/mix-release-proof/home", "--setenv", "PATH", "/home/runner/work/_temp/aphid-current-consumer/mix-release-proof/tools:/home/runner/work/_temp/.setup-beam/elixir/bin:/home/runner/work/_temp/.setup-beam/elixir/bin:/home/runner/work/_temp/.setup-beam/otp/bin:/usr/bin:/bin:/usr/sbin:/sbin", "--setenv", "MIX_HOME", "/home/runner/work/_temp/aphid-current-consumer/mix-release-proof/mix-home", "--setenv", "HEX_HOME", "/home/runner/work/_temp/aphid-current-consumer/mix-release-proof/hex-home", "--setenv", "MIX_ENV", "prod", "--setenv", "TMPDIR", "/home/runner/work/_temp/aphid-current-consumer/mix-release-proof/tmp", "--setenv", "ZIG_EXECUTABLE_PATH", "/home/runner/work/_temp/aphid-current-consumer/mix-release-proof/tools/zig", "--setenv", "ZIG_GLOBAL_CACHE_DIR", "/home/runner/work/_temp/aphid-current-consumer/mix-release-proof/zig-cache", "--setenv", "ERL_FLAGS", "+S 1:1 +SDcpu 1:1", "--setenv", "RELEASE_DISTRIBUTION", "none", "--", "/usr/bin/setpriv", "--reuid", "1001", "--regid", "1001", "--clear-groups", "--bounding-set=-all", "--no-new-privs", "--", "mix", "release", "--no-compile", "--path", "/home/runner/work/_temp/aphid-current-consumer/mix-release-proof/assembled"], "cwd": "/home/runner/work/_temp/aphid-current-consumer/mix-release-proof/build", "exit": 0, "seconds": 22.208}
consumer (ubuntu-24.04, x86_64-linux-gnu)	Verify current package with exact reviewed native archive	2026-09-08T08:36:47.8143087Z {"release_archive": "/home/runner/work/_temp/aphid-current-consumer/mix-release-validation.tar.gz", "sha256": "0bb69cc93fe707e97a1c21d1bc47a510a08c1cfe02e12f20eb2fc1631eaa34b2", "bytes": 140519178}
consumer (ubuntu-24.04, x86_64-linux-gnu)	Verify current package with exact reviewed native archive	2026-09-08T08:36:51.4318065Z Relocated source-package notice supplement: 08cc1d20ccb4808537545220152d6aff97701e2c3b0b8597ab2dadaa82a789d1
consumer (ubuntu-24.04, x86_64-linux-gnu)	Verify current package with exact reviewed native archive	2026-09-08T08:36:52.2339571Z audited shipped native files: 23
consumer (ubuntu-24.04, x86_64-linux-gnu)	Verify current package with exact reviewed native archive	2026-09-08T08:36:52.2402999Z {"release_native_audit": {"erts-17.0.4/bin/beam.smp": {"sha256": "ea381ccea7272214b927b811f33648d64f2e9def91cab7dfce3219f898c8ebfa", "libraries": "\tlinux-vdso.so.1 (0x00007fb8c6bb6000)\n\tlibtinfo.so.6 => /lib/x86_64-linux-gnu/libtinfo.so.6 (0x00007fb8c6b70000)\n\tlibz.so.1 => /lib/x86_64-linux-gnu/libz.so.1 (0x00007fb8c6b54000)\n\tlibstdc++.so.6 => /lib/x86_64-linux-gnu/libstdc++.so.6 (0x00007fb8c5a00000)\n\tlibm.so.6 => /lib/x86_64-linux-gnu/libm.so.6 (0x00007fb8c6a6b000)\n\tlibgcc_s.so.1 => /lib/x86_64-linux-gnu/libgcc_s.so.1 (0x00007fb8c5dd2000)\n\tlibc.so.6 => /lib/x86_64-linux-gnu/libc.so.6 (0x00007fb8c5600000)\n\t/lib64/ld-linux-x86-64.so.2 (0x00007fb8c6bb8000)\n", "glibc": ["GLIBC_2.10", "GLIBC_2.11", "GLIBC_2.12", "GLIBC_2.14", "GLIBC_2.15", "GLIBC_2.17", "GLIBC_2.2.5", "GLIBC_2.29", "GLIBC_2.3", "GLIBC_2.3.2", "GLIBC_2.3.4", "GLIBC_2.32", "GLIBC_2.33", "GLIBC_2.34", "GLIBC_2.38", "GLIBC_2.4", "GLIBC_2.8"]}, "erts-17.0.4/bin/ct_run": {"sha256": "8df424da32f77a843ea4a5bb76d458c36cc921509c3d61ca6cb15e66dba26cad", "libraries": "\tlinux-vdso.so.1 (0x00007f54a7e95000)\n\tlibm.so.6 => /lib/x86_64-linux-gnu/libm.so.6 (0x00007f54a7d90000)\n\tlibc.so.6 => /lib/x86_64-linux-gnu/libc.so.6 (0x00007f54a7a00000)\n\t/lib64/ld-linux-x86-64.so.2 (0x00007f54a7e97000)\n", "glibc": ["GLIBC_2.14", "GLIBC_2.2.5", "GLIBC_2.3", "GLIBC_2.3.4", "GLIBC_2.34", "GLIBC_2.4"]}, "erts-17.0.4/bin/dialyzer": {"sha256": "28e182db94aa2685606dd4bf64ee41e63730d801dc9d952fa5c88c01140c83f5", "libraries": "\tlinux-vdso.so.1 (0x00007fabc6474000)\n\tlibm.so.6 => /lib/x86_64-linux-gnu/libm.so.6 (0x00007fabc6370000)\n\tlibc.so.6 => /lib/x86_64-linux-gnu/libc.so.6 (0x00007fabc6000000)\n\t/lib64/ld-linux-x86-64.so.2 (0x00007fabc6476000)\n", "glibc": ["GLIBC_2.14", "GLIBC_2.2.5", "GLIBC_2.3", "GLIBC_2.3.4", "GLIBC_2.34", "GLIBC_2.4"]}, "erts-17.0.4/bin/epmd": {"sha256": "cd5bf23ff0e30330135ccc0637f925f45382c3f83bcdccd2ab8073e359a5513e", "libraries": "\tlinux-vdso.so.1 (0x00007f9a90441000)\n\tlibm.so.6 => /lib/x86_64-linux-gnu/libm.so.6 (0x00007f9a90336000)\n\tlibc.so.6 => /lib/x86_64-linux-gnu/libc.so.6 (0x00007f9a90000000)\n\t/lib64/ld-linux-x86-64.so.2 (0x00007f9a90443000)\n", "glibc": ["GLIBC_2.14", "GLIBC_2.15", "GLIBC_2.2.5", "GLIBC_2.3", "GLIBC_2.3.4", "GLIBC_2.34", "GLIBC_2.38", "GLIBC_2.4"]}, "erts-17.0.4/bin/erl_call": {"sha256": "486635c6d074c2fe8f7c7fcd165319dd0f5a00e01dcb1ff19c3743d71d7b3d60", "libraries": "\tlinux-vdso.so.1 (0x00007fa5a0349000)\n\tlibc.so.6 => /lib/x86_64-linux-gnu/libc.so.6 (0x00007fa5a0000000)\n\t/lib64/ld-linux-x86-64.so.2 (0x00007fa5a034b000)\n", "glibc": ["GLIBC_2.14", "GLIBC_2.15", "GLIBC_2.2.5", "GLIBC_2.3", "GLIBC_2.3.4", "GLIBC_2.34", "GLIBC_2.38", "GLIBC_2.4"]}, "erts-17.0.4/bin/erl_child_setup": {"sha256": "6aa689224c5fcbf415dafe3068897518778e57f805faff63d4a9fea5f75c3312", "libraries": "\tlinux-vdso.so.1 (0x00007f93a26f9000)\n\tlibc.so.6 => /lib/x86_64-linux-gnu/libc.so.6 (0x00007f93a2400000)\n\t/lib64/ld-linux-x86-64.so.2 (0x00007f93a26fb000)\n", "glibc": ["GLIBC_2.15", "GLIBC_2.2.5", "GLIBC_2.3.4", "GLIBC_2.34", "GLIBC_2.38", "GLIBC_2.4"]}, "erts-17.0.4/bin/erlc": {"sha256": "a89ac52d5a448246e3bf08b26bc35d9e25923d87b3bbeefde8b7d50d2e78031b", "libraries": "\tlinux-vdso.so.1 (0x00007fba92b17000)\n\tlibm.so.6 => /lib/x86_64-linux-gnu/libm.so.6 (0x00007fba929fd000)\n\tlibc.so.6 => /lib/x86_64-linux-gnu/libc.so.6 (0x00007fba92600000)\n\t/lib64/ld-linux-x86-64.so.2 (0x00007fba92b19000)\n", "glibc": ["GLIBC_2.14", "GLIBC_2.15", "GLIBC_2.2.5", "GLIBC_2.3", "GLIBC_2.3.4", "GLIBC_2.33", "GLIBC_2.34", "GLIBC_2.38", "GLIBC_2.4"]}, "erts-17.0.4/bin/erlexec": {"sha256": "5442d02575f7d4390bc50addc2621aadf8aeb4bd53316594b2bdb3a82e692708", "libraries": "\tlinux-vdso.so.1 (0x00007f43f0796000)\n\tlibm.so.6 => /lib/x86_64-linux-gnu/libm.so.6 (0x00007f43f068b000)\n\tlibc.so.6 => /lib/x86_64-linux-gnu/libc.so.6 (0x00007f43f0400000)\n\t/lib64/ld-linux-x86-64.so.2 (0x00007f43f0798000)\n", "glibc": ["GLIBC_2.14", "GLIBC_2.2.5", "GLIBC_2.3", "GLIBC_2.3.4", "GLIBC_2.34", "GLIBC_2.4", "GLIBC_2.7"]}, "erts-17.0.4/bin/escript": {"sha256": "ed06e2bcecaf6821e3d8afcc7cf4aa5b2f8ce7252c8e4c9aeb005f881693c29d", "libraries": "\tlinux-vdso.so.1 (0x00007effb9581000)\n\tlibm.so.6 => /lib/x86_64-linux-gnu/libm.so.6 (0x00007effb947c000)\n\tlibc.so.6 => /lib/x86_64-linux-gnu/libc.so.6 (0x00007effb9200000)\n\t/lib64/ld-linux-x86-64.so.2 (0x00007effb9583000)\n", "glibc": ["GLIBC_2.14", "GLIBC_2.2.5", "GLIBC_2.3", "GLIBC_2.3.4", "GLIBC_2.34", "GLIBC_2.4"]}, "erts-17.0.4/bin/heart": {"sha256": "6f07f8d7d419764938da21a7f09fdeb1f678b762af45f370d8a81839b773d3e9", "libraries": "\tlinux-vdso.so.1 (0x00007f523c6c4000)\n\tlibc.so.6 => /lib/x86_64-linux-gnu/libc.so.6 (0x00007f523c400000)\n\t/lib64/ld-linux-x86-64.so.2 (0x00007f523c6c6000)\n", "glibc": ["GLIBC_2.15", "GLIBC_2.17", "GLIBC_2.2.5", "GLIBC_2.3.4", "GLIBC_2.34", "GLIBC_2.38", "GLIBC_2.4"]}, "erts-17.0.4/bin/inet_gethost": {"sha256": "054787181645e4b7a47b1df1d55af52409c272e2986111ae08f922ecb370f4a1", "libraries": "\tlinux-vdso.so.1 (0x00007f57185b9000)\n\tlibm.so.6 => /lib/x86_64-linux-gnu/libm.so.6 (0x00007f57184ae000)\n\tlibc.so.6 => /lib/x86_64-linux-gnu/libc.so.6 (0x00007f5718200000)\n\t/lib64/ld-linux-x86-64.so.2 (0x00007f57185bb000)\n", "glibc": ["GLIBC_2.14", "GLIBC_2.15", "GLIBC_2.2.5", "GLIBC_2.3", "GLIBC_2.3.4", "GLIBC_2.34", "GLIBC_2.38", "GLIBC_2.4"]}, "erts-17.0.4/bin/run_erl": {"sha256": "bed4a1e654f397167e7120f5359943fdb8b13eedbd1f144bfc4ba784cfe1fa86", "libraries": "\tlinux-vdso.so.1 (0x00007fd4c19c9000)\n\tlibc.so.6 => /lib/x86_64-linux-gnu/libc.so.6 (0x00007fd4c1600000)\n\t/lib64/ld-linux-x86-64.so.2 (0x00007fd4c19cb000)\n", "glibc": ["GLIBC_2.14", "GLIBC_2.15", "GLIBC_2.2.5", "GLIBC_2.3.4", "GLIBC_2.34", "GLIBC_2.38", "GLIBC_2.4"]}, "erts-17.0.4/bin/to_erl": {"sha256": "165e690e199191c2659412adeb2608edef2f2f3343640e1546925bf32d268a11", "libraries": "\tlinux-vdso.so.1 (0x00007f57a2e82000)\n\tlibc.so.6 => /lib/x86_64-linux-gnu/libc.so.6 (0x00007f57a2c00000)\n\t/lib64/ld-linux-x86-64.so.2 (0x00007f57a2e84000)\n", "glibc": ["GLIBC_2.15", "GLIBC_2.2.5", "GLIBC_2.3.4", "GLIBC_2.34", "GLIBC_2.38", "GLIBC_2.4"]}, "erts-17.0.4/bin/typer": {"sha256": "a7e1676924d6afb80fdaaadb3f8ebbf97c74139404addf8e9e1e7947ec1f86de", "libraries": "\tlinux-vdso.so.1 (0x00007fd5bcecb000)\n\tlibm.so.6 => /lib/x86_64-linux-gnu/libm.so.6 (0x00007fd5bcdc7000)\n\tlibc.so.6 => /lib/x86_64-linux-gnu/libc.so.6 (0x00007fd5bca00000)\n\t/lib64/ld-linux-x86-64.so.2 (0x00007fd5bcecd000)\n", "glibc": ["GLIBC_2.14", "GLIBC_2.2.5", "GLIBC_2.3", "GLIBC_2.3.4", "GLIBC_2.34", "GLIBC_2.4"]}, "erts-17.0.4/bin/yielding_c_fun": {"sha256": "fdc7fb07a0ca1da82eeee84bc3f2814905f702cd069fc0607d86f781322ce09e", "libraries": "\tlinux-vdso.so.1 (0x00007f6a3fa9d000)\n\tlibc.so.6 => /lib/x86_64-linux-gnu/libc.so.6 (0x00007f6a3f800000)\n\t/lib64/ld-linux-x86-64.so.2 (0x00007f6a3fa9f000)\n", "glibc": ["GLIBC_2.2.5", "GLIBC_2.3.4", "GLIBC_2.34", "GLIBC_2.4"]}, "lib/aphid-0.1.0-dev/priv/lib/Elixir.Aphid.Native.so": {"sha256": "06a3cb88eb37630d2e31e94401325f81acc4862016c9ed30490e0668595b582a", "libraries": "\tlinux-vdso.so.1 (0x00007f1403ee4000)\n\tlibaphid_bridge.so => /home/runner/work/_temp/aphid-current-consumer/mix-release-proof/relocated caf\u00e9 release/lib/aphid-0.1.0-dev/priv/lib/libaphid_bridge.so (0x00007f1403ebe000)\n\tlibc.so.6 => /lib/x86_64-linux-gnu/libc.so.6 (0x00007f1403600000)\n\t/lib64/ld-linux-x86-64.so.2 (0x00007f1403ee6000)\n\tlibpthread.so.0 => /lib/x86_64-linux-gnu/libpthread.so.0 (0x00007f1403eaf000)\n\tliblbug.so => /home/runner/work/_temp/aphid-current-consumer/mix-release-proof/relocated caf\u00e9 release/lib/aphid-0.1.0-dev/priv/lib/liblbug.so (0x00007f13fe000000)\n\tlibstdc++.so.6 => /lib/x86_64-linux-gnu/libstdc++.so.6 (0x00007f13fdc00000)\n\tlibgcc_s.so.1 => /lib/x86_64-linux-gnu/libgcc_s.so.1 (0x00007f1403e7f000)\n\tlibm.so.6 => /lib/x86_64-linux-gnu/libm.so.6 (0x00007f1403d96000)\n", "glibc": ["GLIBC_2.10", "GLIBC_2.14", "GLIBC_2.17", "GLIBC_2.2.5", "GLIBC_2.25", "GLIBC_2.27", "GLIBC_2.28", "GLIBC_2.3", "GLIBC_2.4", "GLIBC_2.6", "GLIBC_2.9"]}, "lib/aphid-0.1.0-dev/priv/lib/Elixir.Aphid.Proof.so": {"sha256": "a34a22bdf2a5f0467130395fc1048e150c53f73c373f536c2c2b4131c8b367dc", "libraries": "\tlinux-vdso.so.1 (0x00007f5565ebc000)\n\tlibc.so.6 => /lib/x86_64-linux-gnu/libc.so.6 (0x00007f5565800000)\n\t/lib64/ld-linux-x86-64.so.2 (0x00007f5565ebe000)\n\tlibpthread.so.0 => /lib/x86_64-linux-gnu/libpthread.so.0 (0x00007f5565eaf000)\n", "glibc": ["GLIBC_2.10", "GLIBC_2.14", "GLIBC_2.17", "GLIBC_2.2.5", "GLIBC_2.25", "GLIBC_2.27", "GLIBC_2.28", "GLIBC_2.3", "GLIBC_2.4", "GLIBC_2.6", "GLIBC_2.9"]}, "lib/aphid-0.1.0-dev/priv/lib/libaphid_bridge.so": {"sha256": "dbd5a55239a9dc5e55ed8fea805036451bb1ab055ad88afbe64c607c89ed628a", "libraries": "\tlinux-vdso.so.1 (0x00007f8ad58c6000)\n\tliblbug.so => /home/runner/work/_temp/aphid-current-consumer/mix-release-proof/relocated caf\u00e9 release/lib/aphid-0.1.0-dev/priv/lib/liblbug.so (0x00007f8ad0200000)\n\tlibstdc++.so.6 => /lib/x86_64-linux-gnu/libstdc++.so.6 (0x00007f8acfe00000)\n\tlibgcc_s.so.1 => /lib/x86_64-linux-gnu/libgcc_s.so.1 (0x00007f8ad5868000)\n\tlibc.so.6 => /lib/x86_64-linux-gnu/libc.so.6 (0x00007f8acfa00000)\n\tlibm.so.6 => /lib/x86_64-linux-gnu/libm.so.6 (0x00007f8ad0117000)\n\t/lib64/ld-linux-x86-64.so.2 (0x00007f8ad58c8000)\n", "glibc": ["GLIBC_2.14", "GLIBC_2.2.5", "GLIBC_2.32", "GLIBC_2.4"]}, "lib/aphid-0.1.0-dev/priv/lib/liblbug.so": {"sha256": "d2df30571a10de48d4804ca87fce0ab2374ccce5cb24d74df460637abf2a5fa3", "libraries": "\tlinux-vdso.so.1 (0x00007f5ed02f9000)\n\tlibstdc++.so.6 => /lib/x86_64-linux-gnu/libstdc++.so.6 (0x00007f5eca800000)\n\tlibm.so.6 => /lib/x86_64-linux-gnu/libm.so.6 (0x00007f5ed01fe000)\n\tlibgcc_s.so.1 => /lib/x86_64-linux-gnu/libgcc_s.so.1 (0x00007f5ecabd2000)\n\tlibc.so.6 => /lib/x86_64-linux-gnu/libc.so.6 (0x00007f5eca400000)\n\t/lib64/ld-linux-x86-64.so.2 (0x00007f5ed02fb000)\n", "glibc": ["GLIBC_2.10", "GLIBC_2.12", "GLIBC_2.14", "GLIBC_2.15", "GLIBC_2.17", "GLIBC_2.2.5", "GLIBC_2.23", "GLIBC_2.25", "GLIBC_2.29", "GLIBC_2.3", "GLIBC_2.3.2", "GLIBC_2.3.4", "GLIBC_2.32", "GLIBC_2.33", "GLIBC_2.34", "GLIBC_2.38", "GLIBC_2.4", "GLIBC_2.6", "GLIBC_2.7"]}, "lib/crypto-5.9.2/priv/lib/crypto.so": {"sha256": "8772cc2d259f339476ab483a4d29df47fbf86af246b15cb7bdaea0db2a3727b3", "libraries": "\tlinux-vdso.so.1 (0x00007f75d3e8e000)\n\tlibcrypto.so.3 => /usr/lib/x86_64-linux-gnu/libcrypto.so.3 (0x00007f75d3800000)\n\tlibc.so.6 => /usr/lib/x86_64-linux-gnu/libc.so.6 (0x00007f75d3400000)\n\t/lib64/ld-linux-x86-64.so.2 (0x00007f75d3e90000)\n", "glibc": ["GLIBC_2.14", "GLIBC_2.2.5", "GLIBC_2.3.4", "GLIBC_2.4"]}, "lib/crypto-5.9.2/priv/lib/crypto_callback.so": {"sha256": "b92986541a8dc03d0c014f391a1beb808fbd4a4ca54a12b437f34cbcf41b7c23", "libraries": "\tlinux-vdso.so.1 (0x00007fad8e0cf000)\n\tlibc.so.6 => /lib/x86_64-linux-gnu/libc.so.6 (0x00007fad8de00000)\n\t/lib64/ld-linux-x86-64.so.2 (0x00007fad8e0d1000)\n", "glibc": ["GLIBC_2.2.5", "GLIBC_2.3.4"]}, "lib/crypto-5.9.2/priv/lib/otp_test_engine.so": {"sha256": "907469515659e3330db6e4fb0e6d6d5109601e8a95056938e6149aa2d0b72739", "libraries": "\tlinux-vdso.so.1 (0x00007fac94591000)\n\tlibcrypto.so.3 => /usr/lib/x86_64-linux-gnu/libcrypto.so.3 (0x00007fac94000000)\n\tlibc.so.6 => /usr/lib/x86_64-linux-gnu/libc.so.6 (0x00007fac93c00000)\n\t/lib64/ld-linux-x86-64.so.2 (0x00007fac94593000)\n", "glibc": ["GLIBC_2.14", "GLIBC_2.2.5", "GLIBC_2.3.4"]}, "validation/_build/native/tests/fixture": {"sha256": "97dfa673adb35181ef009cc851f0c5ceeebef180a8de012b9dcd995526c37dbf", "libraries": "\tlinux-vdso.so.1 (0x00007f16d5f19000)\n\tlibstdc++.so.6 => /lib/x86_64-linux-gnu/libstdc++.so.6 (0x00007f16d2c00000)\n\tlibm.so.6 => /lib/x86_64-linux-gnu/libm.so.6 (0x00007f16d2f0d000)\n\tlibgcc_s.so.1 => /lib/x86_64-linux-gnu/libgcc_s.so.1 (0x00007f16d2edf000)\n\tlibc.so.6 => /lib/x86_64-linux-gnu/libc.so.6 (0x00007f16d2800000)\n\t/lib64/ld-linux-x86-64.so.2 (0x00007f16d5f1b000)\n", "glibc": ["GLIBC_2.10", "GLIBC_2.14", "GLIBC_2.17", "GLIBC_2.2.5", "GLIBC_2.23", "GLIBC_2.25", "GLIBC_2.29", "GLIBC_2.3", "GLIBC_2.3.2", "GLIBC_2.3.4", "GLIBC_2.32", "GLIBC_2.33", "GLIBC_2.34", "GLIBC_2.38", "GLIBC_2.4", "GLIBC_2.6"]}}}
consumer (ubuntu-24.04, x86_64-linux-gnu)	Verify current package with exact reviewed native archive	2026-09-08T08:36:52.6451730Z Linux release guards verified: no network routes, hidden build/host runtimes, compiler denied
consumer (ubuntu-24.04, x86_64-linux-gnu)	Verify current package with exact reviewed native archive	2026-09-08T08:36:52.6843119Z {"command": ["sudo", "-E", "bwrap", "--die-with-parent", "--unshare-pid", "--ro-bind", "/", "/", "--dev", "/dev", "--proc", "/proc", "--bind", "/home/runner/work/_temp/aphid-current-consumer/mix-release-proof", "/home/runner/work/_temp/aphid-current-consumer/mix-release-proof", "--unshare-net", "--tmpfs", "/home/runner/work/Aphid/Aphid", "--tmpfs", "/home/runner/work/Aphid", "--tmpfs", "/home/runner/work/_temp/aphid-current-consumer/fresh", "--tmpfs", "/home/runner/work/_temp/aphid-current-consumer/mix-release-proof/build", "--tmpfs", "/home/runner/work/_temp/aphid-current-consumer/mix-release-proof/assembled", "--tmpfs", "/home/runner/work/_temp/.setup-beam/elixir", "--tmpfs", "/home/runner/work/_temp/.setup-beam/otp", "--tmpfs", "/home/runner/.mix", "--ro-bind", "/dev/null", "/usr/bin/c89-gcc", "--ro-bind", "/dev/null", "/usr/bin/c99-gcc", "--ro-bind", "/dev/null", "/usr/bin/make", "--ro-bind", "/dev/null", "/usr/bin/x86_64-linux-gnu-as", "--ro-bind", "/dev/null", "/usr/bin/x86_64-linux-gnu-g++-12", "--ro-bind", "/dev/null", "/usr/bin/x86_64-linux-gnu-g++-13", "--ro-bind", "/dev/null", "/usr/bin/x86_64-linux-gnu-g++-14", "--ro-bind", "/dev/null", "/usr/bin/x86_64-linux-gnu-gcc-12", "--ro-bind", "/dev/null", "/usr/bin/x86_64-linux-gnu-gcc-13", "--ro-bind", "/dev/null", "/usr/bin/x86_64-linux-gnu-gcc-14", "--ro-bind", "/dev/null", "/usr/bin/x86_64-linux-gnu-ld.bfd", "--ro-bind", "/dev/null", "/usr/lib/llvm-16/bin/clang", "--ro-bind", "/dev/null", "/usr/lib/llvm-16/bin/lld", "--ro-bind", "/dev/null", "/usr/lib/llvm-16/bin/llvm-as", "--ro-bind", "/dev/null", "/usr/lib/llvm-17/bin/clang", "--ro-bind", "/dev/null", "/usr/lib/llvm-17/bin/lld", "--ro-bind", "/dev/null", "/usr/lib/llvm-17/bin/llvm-as", "--ro-bind", "/dev/null", "/usr/lib/llvm-18/bin/clang", "--ro-bind", "/dev/null", "/usr/lib/llvm-18/bin/lld", "--ro-bind", "/dev/null", "/usr/lib/llvm-18/bin/llvm-as", "--ro-bind", "/dev/null", "/usr/local/bin/cmake", "--ro-bind", "/dev/null", "/usr/local/bin/ninja", "--cap-add", "CAP_SETUID", "--cap-add", "CAP_SETGID", "--cap-add", "CAP_SETPCAP", "--clearenv", "--setenv", "LANG", "C.UTF-8", "--setenv", "HOME", "/home/runner/work/_temp/aphid-current-consumer/mix-release-proof/home", "--setenv", "PATH", "/usr/bin:/bin:/usr/sbin:/sbin", "--setenv", "TMPDIR", "/home/runner/work/_temp/aphid-current-consumer/mix-release-proof/tmp", "--setenv", "ERL_FLAGS", "+S 1:1 +SDcpu 1:1", "--setenv", "RELEASE_DISTRIBUTION", "none", "--setenv", "PROOF_DATABASE", "/home/runner/work/_temp/aphid-current-consumer/mix-release-proof/persistent.db", "--setenv", "PROOF_DENIED_FILES", "/home/runner/work/Aphid/Aphid/mix.exs|/home/runner/work/_temp/aphid-current-consumer/mix-release-proof/build/mix.exs|/home/runner/work/_temp/aphid-current-consumer/fresh/consumer/mix.exs|/home/runner/work/_temp/.setup-beam/elixir/bin/elixir", "--", "/usr/bin/setpriv", "--reuid", "1001", "--regid", "1001", "--clear-groups", "--bounding-set=-all", "--no-new-privs", "--", "/home/runner/work/_temp/aphid-current-consumer/mix-release-proof/relocated caf\u00e9 release/bin/aphid_consumer", "eval", "Code.require_file(\"guards.exs\")"], "cwd": "/home/runner/work/_temp/aphid-current-consumer/mix-release-proof/relocated caf\u00e9 release/validation", "exit": 0, "seconds": 0.415}
consumer (ubuntu-24.04, x86_64-linux-gnu)	Verify current package with exact reviewed native archive	2026-09-08T08:36:53.2872465Z bundled release runtime: {"1.20.0", ~c"17.0.4",
consumer (ubuntu-24.04, x86_64-linux-gnu)	Verify current package with exact reviewed native archive	2026-09-08T08:36:53.2873817Z  "/home/runner/work/_temp/aphid-current-consumer/mix-release-proof/relocated café release"}
consumer (ubuntu-24.04, x86_64-linux-gnu)	Verify current package with exact reviewed native archive	2026-09-08T08:36:55.4086147Z Running ExUnit with seed: 0, max_cases: 2
consumer (ubuntu-24.04, x86_64-linux-gnu)	Verify current package with exact reviewed native archive	2026-09-08T08:36:55.4086540Z 
consumer (ubuntu-24.04, x86_64-linux-gnu)	Verify current package with exact reviewed native archive	2026-09-08T08:37:00.3892500Z ................Aphid basic example passed
consumer (ubuntu-24.04, x86_64-linux-gnu)	Verify current package with exact reviewed native archive	2026-09-08T08:37:00.4211938Z .Aphid transaction example passed
consumer (ubuntu-24.04, x86_64-linux-gnu)	Verify current package with exact reviewed native archive	2026-09-08T08:37:00.4471775Z .Aphid stream example passed
consumer (ubuntu-24.04, x86_64-linux-gnu)	Verify current package with exact reviewed native archive	2026-09-08T08:37:00.5392834Z .Aphid FTS example passed
consumer (ubuntu-24.04, x86_64-linux-gnu)	Verify current package with exact reviewed native archive	2026-09-08T08:37:00.5772709Z .Aphid vector example passed
consumer (ubuntu-24.04, x86_64-linux-gnu)	Verify current package with exact reviewed native archive	2026-09-08T08:37:00.6716426Z .Aphid DuckDB example passed
consumer (ubuntu-24.04, x86_64-linux-gnu)	Verify current package with exact reviewed native archive	2026-09-08T08:37:06.6050231Z .............stale-cancel race: 30 iterations; maximum cancel-to-idle 175012 us
consumer (ubuntu-24.04, x86_64-linux-gnu)	Verify current package with exact reviewed native archive	2026-09-08T08:37:10.9822397Z ........heartbeat: 11 samples; maximum gap 6 ms
consumer (ubuntu-24.04, x86_64-linux-gnu)	Verify current package with exact reviewed native archive	2026-09-08T08:37:11.0910717Z .
consumer (ubuntu-24.04, x86_64-linux-gnu)	Verify current package with exact reviewed native archive	2026-09-08T08:37:11.0912730Z 08:37:11.089 [error] Aphid artifact [unloadable]: /home/runner/work/_temp/aphid-current-consumer/mix-release-proof/relocated café release/lib/aphid-0.1.0-dev/priv/lib/Elixir.Aphid.Native: {:upgrade, ~c"Library upgrade-call unsuccessful (-1)."}; use the matching complete bundle and runtime. No source fallback.
consumer (ubuntu-24.04, x86_64-linux-gnu)	Verify current package with exact reviewed native archive	2026-09-08T08:37:11.0942557Z 
consumer (ubuntu-24.04, x86_64-linux-gnu)	Verify current package with exact reviewed native archive	2026-09-08T08:37:11.0943182Z 08:37:11.092 [warning] The on_load function for module Elixir.Aphid.Native returned:
consumer (ubuntu-24.04, x86_64-linux-gnu)	Verify current package with exact reviewed native archive	2026-09-08T08:37:11.0943963Z {:error, {:upgrade, ~c"Library upgrade-call unsuccessful (-1)."}}
consumer (ubuntu-24.04, x86_64-linux-gnu)	Verify current package with exact reviewed native archive	2026-09-08T08:37:11.0944243Z 
consumer (ubuntu-24.04, x86_64-linux-gnu)	Verify current package with exact reviewed native archive	2026-09-08T08:37:13.6214929Z .................................................
consumer (ubuntu-24.04, x86_64-linux-gnu)	Verify current package with exact reviewed native archive	2026-09-08T08:37:13.6234940Z Finished in 18.2 seconds (0.00s async, 18.2s sync)
consumer (ubuntu-24.04, x86_64-linux-gnu)	Verify current package with exact reviewed native archive	2026-09-08T08:37:13.6235456Z 
consumer (ubuntu-24.04, x86_64-linux-gnu)	Verify current package with exact reviewed native archive	2026-09-08T08:37:13.6236032Z Result: 92 passed
consumer (ubuntu-24.04, x86_64-linux-gnu)	Verify current package with exact reviewed native archive	2026-09-08T08:37:13.6236709Z relocated Mix release: all 92 tests passed
consumer (ubuntu-24.04, x86_64-linux-gnu)	Verify current package with exact reviewed native archive	2026-09-08T08:37:13.6429245Z {"command": ["sudo", "-E", "bwrap", "--die-with-parent", "--unshare-pid", "--ro-bind", "/", "/", "--dev", "/dev", "--proc", "/proc", "--bind", "/home/runner/work/_temp/aphid-current-consumer/mix-release-proof", "/home/runner/work/_temp/aphid-current-consumer/mix-release-proof", "--unshare-net", "--tmpfs", "/home/runner/work/Aphid/Aphid", "--tmpfs", "/home/runner/work/Aphid", "--tmpfs", "/home/runner/work/_temp/aphid-current-consumer/fresh", "--tmpfs", "/home/runner/work/_temp/aphid-current-consumer/mix-release-proof/build", "--tmpfs", "/home/runner/work/_temp/aphid-current-consumer/mix-release-proof/assembled", "--tmpfs", "/home/runner/work/_temp/.setup-beam/elixir", "--tmpfs", "/home/runner/work/_temp/.setup-beam/otp", "--tmpfs", "/home/runner/.mix", "--ro-bind", "/dev/null", "/usr/bin/c89-gcc", "--ro-bind", "/dev/null", "/usr/bin/c99-gcc", "--ro-bind", "/dev/null", "/usr/bin/make", "--ro-bind", "/dev/null", "/usr/bin/x86_64-linux-gnu-as", "--ro-bind", "/dev/null", "/usr/bin/x86_64-linux-gnu-g++-12", "--ro-bind", "/dev/null", "/usr/bin/x86_64-linux-gnu-g++-13", "--ro-bind", "/dev/null", "/usr/bin/x86_64-linux-gnu-g++-14", "--ro-bind", "/dev/null", "/usr/bin/x86_64-linux-gnu-gcc-12", "--ro-bind", "/dev/null", "/usr/bin/x86_64-linux-gnu-gcc-13", "--ro-bind", "/dev/null", "/usr/bin/x86_64-linux-gnu-gcc-14", "--ro-bind", "/dev/null", "/usr/bin/x86_64-linux-gnu-ld.bfd", "--ro-bind", "/dev/null", "/usr/lib/llvm-16/bin/clang", "--ro-bind", "/dev/null", "/usr/lib/llvm-16/bin/lld", "--ro-bind", "/dev/null", "/usr/lib/llvm-16/bin/llvm-as", "--ro-bind", "/dev/null", "/usr/lib/llvm-17/bin/clang", "--ro-bind", "/dev/null", "/usr/lib/llvm-17/bin/lld", "--ro-bind", "/dev/null", "/usr/lib/llvm-17/bin/llvm-as", "--ro-bind", "/dev/null", "/usr/lib/llvm-18/bin/clang", "--ro-bind", "/dev/null", "/usr/lib/llvm-18/bin/lld", "--ro-bind", "/dev/null", "/usr/lib/llvm-18/bin/llvm-as", "--ro-bind", "/dev/null", "/usr/local/bin/cmake", "--ro-bind", "/dev/null", "/usr/local/bin/ninja", "--cap-add", "CAP_SETUID", "--cap-add", "CAP_SETGID", "--cap-add", "CAP_SETPCAP", "--clearenv", "--setenv", "LANG", "C.UTF-8", "--setenv", "HOME", "/home/runner/work/_temp/aphid-current-consumer/mix-release-proof/home", "--setenv", "PATH", "/usr/bin:/bin:/usr/sbin:/sbin", "--setenv", "TMPDIR", "/home/runner/work/_temp/aphid-current-consumer/mix-release-proof/tmp", "--setenv", "ERL_FLAGS", "+S 1:1 +SDcpu 1:1", "--setenv", "RELEASE_DISTRIBUTION", "none", "--setenv", "PROOF_DATABASE", "/home/runner/work/_temp/aphid-current-consumer/mix-release-proof/persistent.db", "--setenv", "PROOF_DENIED_FILES", "/home/runner/work/Aphid/Aphid/mix.exs|/home/runner/work/_temp/aphid-current-consumer/mix-release-proof/build/mix.exs|/home/runner/work/_temp/aphid-current-consumer/fresh/consumer/mix.exs|/home/runner/work/_temp/.setup-beam/elixir/bin/elixir", "--", "/usr/bin/setpriv", "--reuid", "1001", "--regid", "1001", "--clear-groups", "--bounding-set=-all", "--no-new-privs", "--", "/home/runner/work/_temp/aphid-current-consumer/mix-release-proof/relocated caf\u00e9 release/bin/aphid_consumer", "eval", "Code.require_file(\"suite.exs\")"], "cwd": "/home/runner/work/_temp/aphid-current-consumer/mix-release-proof/relocated caf\u00e9 release/validation", "exit": 0, "seconds": 20.959}
consumer (ubuntu-24.04, x86_64-linux-gnu)	Verify current package with exact reviewed native archive	2026-09-08T08:37:14.5757722Z 
consumer (ubuntu-24.04, x86_64-linux-gnu)	Verify current package with exact reviewed native archive	2026-09-08T08:37:14.5758571Z 08:37:14.575 [notice] Application aphid exited: :stopped
consumer (ubuntu-24.04, x86_64-linux-gnu)	Verify current package with exact reviewed native archive	2026-09-08T08:37:14.5759332Z embedded activation passed; application restart did not reload NIFs
consumer (ubuntu-24.04, x86_64-linux-gnu)	Verify current package with exact reviewed native archive	2026-09-08T08:37:14.6067103Z release start booted applications, loaded both NIFs, persisted data and closed database
consumer (ubuntu-24.04, x86_64-linux-gnu)	Verify current package with exact reviewed native archive	2026-09-08T08:37:14.6454824Z {"command": ["sudo", "-E", "bwrap", "--die-with-parent", "--unshare-pid", "--ro-bind", "/", "/", "--dev", "/dev", "--proc", "/proc", "--bind", "/home/runner/work/_temp/aphid-current-consumer/mix-release-proof", "/home/runner/work/_temp/aphid-current-consumer/mix-release-proof", "--unshare-net", "--tmpfs", "/home/runner/work/Aphid/Aphid", "--tmpfs", "/home/runner/work/Aphid", "--tmpfs", "/home/runner/work/_temp/aphid-current-consumer/fresh", "--tmpfs", "/home/runner/work/_temp/aphid-current-consumer/mix-release-proof/build", "--tmpfs", "/home/runner/work/_temp/aphid-current-consumer/mix-release-proof/assembled", "--tmpfs", "/home/runner/work/_temp/.setup-beam/elixir", "--tmpfs", "/home/runner/work/_temp/.setup-beam/otp", "--tmpfs", "/home/runner/.mix", "--ro-bind", "/dev/null", "/usr/bin/c89-gcc", "--ro-bind", "/dev/null", "/usr/bin/c99-gcc", "--ro-bind", "/dev/null", "/usr/bin/make", "--ro-bind", "/dev/null", "/usr/bin/x86_64-linux-gnu-as", "--ro-bind", "/dev/null", "/usr/bin/x86_64-linux-gnu-g++-12", "--ro-bind", "/dev/null", "/usr/bin/x86_64-linux-gnu-g++-13", "--ro-bind", "/dev/null", "/usr/bin/x86_64-linux-gnu-g++-14", "--ro-bind", "/dev/null", "/usr/bin/x86_64-linux-gnu-gcc-12", "--ro-bind", "/dev/null", "/usr/bin/x86_64-linux-gnu-gcc-13", "--ro-bind", "/dev/null", "/usr/bin/x86_64-linux-gnu-gcc-14", "--ro-bind", "/dev/null", "/usr/bin/x86_64-linux-gnu-ld.bfd", "--ro-bind", "/dev/null", "/usr/lib/llvm-16/bin/clang", "--ro-bind", "/dev/null", "/usr/lib/llvm-16/bin/lld", "--ro-bind", "/dev/null", "/usr/lib/llvm-16/bin/llvm-as", "--ro-bind", "/dev/null", "/usr/lib/llvm-17/bin/clang", "--ro-bind", "/dev/null", "/usr/lib/llvm-17/bin/lld", "--ro-bind", "/dev/null", "/usr/lib/llvm-17/bin/llvm-as", "--ro-bind", "/dev/null", "/usr/lib/llvm-18/bin/clang", "--ro-bind", "/dev/null", "/usr/lib/llvm-18/bin/lld", "--ro-bind", "/dev/null", "/usr/lib/llvm-18/bin/llvm-as", "--ro-bind", "/dev/null", "/usr/local/bin/cmake", "--ro-bind", "/dev/null", "/usr/local/bin/ninja", "--cap-add", "CAP_SETUID", "--cap-add", "CAP_SETGID", "--cap-add", "CAP_SETPCAP", "--clearenv", "--setenv", "LANG", "C.UTF-8", "--setenv", "HOME", "/home/runner/work/_temp/aphid-current-consumer/mix-release-proof/home", "--setenv", "PATH", "/usr/bin:/bin:/usr/sbin:/sbin", "--setenv", "TMPDIR", "/home/runner/work/_temp/aphid-current-consumer/mix-release-proof/tmp", "--setenv", "ERL_FLAGS", "+S 1:1 +SDcpu 1:1", "--setenv", "RELEASE_DISTRIBUTION", "none", "--setenv", "PROOF_DATABASE", "/home/runner/work/_temp/aphid-current-consumer/mix-release-proof/persistent.db", "--setenv", "PROOF_DENIED_FILES", "/home/runner/work/Aphid/Aphid/mix.exs|/home/runner/work/_temp/aphid-current-consumer/mix-release-proof/build/mix.exs|/home/runner/work/_temp/aphid-current-consumer/fresh/consumer/mix.exs|/home/runner/work/_temp/.setup-beam/elixir/bin/elixir", "--setenv", "RELEASE_VM_ARGS", "/home/runner/work/_temp/aphid-current-consumer/mix-release-proof/start.vm.args", "--setenv", "PROOF_START_SCRIPT", "/home/runner/work/_temp/aphid-current-consumer/mix-release-proof/relocated caf\u00e9 release/validation/start.exs", "--", "/usr/bin/setpriv", "--reuid", "1001", "--regid", "1001", "--clear-groups", "--bounding-set=-all", "--no-new-privs", "--", "/home/runner/work/_temp/aphid-current-consumer/mix-release-proof/relocated caf\u00e9 release/bin/aphid_consumer", "start"], "cwd": "/home/runner/work/_temp/aphid-current-consumer/mix-release-proof/relocated caf\u00e9 release/validation", "exit": 0, "seconds": 0.966}
consumer (ubuntu-24.04, x86_64-linux-gnu)	Verify current package with exact reviewed native archive	2026-09-08T08:37:15.2756000Z new release VM reopened persisted database after graceful shutdown
consumer (ubuntu-24.04, x86_64-linux-gnu)	Verify current package with exact reviewed native archive	2026-09-08T08:37:15.3115996Z {"command": ["sudo", "-E", "bwrap", "--die-with-parent", "--unshare-pid", "--ro-bind", "/", "/", "--dev", "/dev", "--proc", "/proc", "--bind", "/home/runner/work/_temp/aphid-current-consumer/mix-release-proof", "/home/runner/work/_temp/aphid-current-consumer/mix-release-proof", "--unshare-net", "--tmpfs", "/home/runner/work/Aphid/Aphid", "--tmpfs", "/home/runner/work/Aphid", "--tmpfs", "/home/runner/work/_temp/aphid-current-consumer/fresh", "--tmpfs", "/home/runner/work/_temp/aphid-current-consumer/mix-release-proof/build", "--tmpfs", "/home/runner/work/_temp/aphid-current-consumer/mix-release-proof/assembled", "--tmpfs", "/home/runner/work/_temp/.setup-beam/elixir", "--tmpfs", "/home/runner/work/_temp/.setup-beam/otp", "--tmpfs", "/home/runner/.mix", "--ro-bind", "/dev/null", "/usr/bin/c89-gcc", "--ro-bind", "/dev/null", "/usr/bin/c99-gcc", "--ro-bind", "/dev/null", "/usr/bin/make", "--ro-bind", "/dev/null", "/usr/bin/x86_64-linux-gnu-as", "--ro-bind", "/dev/null", "/usr/bin/x86_64-linux-gnu-g++-12", "--ro-bind", "/dev/null", "/usr/bin/x86_64-linux-gnu-g++-13", "--ro-bind", "/dev/null", "/usr/bin/x86_64-linux-gnu-g++-14", "--ro-bind", "/dev/null", "/usr/bin/x86_64-linux-gnu-gcc-12", "--ro-bind", "/dev/null", "/usr/bin/x86_64-linux-gnu-gcc-13", "--ro-bind", "/dev/null", "/usr/bin/x86_64-linux-gnu-gcc-14", "--ro-bind", "/dev/null", "/usr/bin/x86_64-linux-gnu-ld.bfd", "--ro-bind", "/dev/null", "/usr/lib/llvm-16/bin/clang", "--ro-bind", "/dev/null", "/usr/lib/llvm-16/bin/lld", "--ro-bind", "/dev/null", "/usr/lib/llvm-16/bin/llvm-as", "--ro-bind", "/dev/null", "/usr/lib/llvm-17/bin/clang", "--ro-bind", "/dev/null", "/usr/lib/llvm-17/bin/lld", "--ro-bind", "/dev/null", "/usr/lib/llvm-17/bin/llvm-as", "--ro-bind", "/dev/null", "/usr/lib/llvm-18/bin/clang", "--ro-bind", "/dev/null", "/usr/lib/llvm-18/bin/lld", "--ro-bind", "/dev/null", "/usr/lib/llvm-18/bin/llvm-as", "--ro-bind", "/dev/null", "/usr/local/bin/cmake", "--ro-bind", "/dev/null", "/usr/local/bin/ninja", "--cap-add", "CAP_SETUID", "--cap-add", "CAP_SETGID", "--cap-add", "CAP_SETPCAP", "--clearenv", "--setenv", "LANG", "C.UTF-8", "--setenv", "HOME", "/home/runner/work/_temp/aphid-current-consumer/mix-release-proof/home", "--setenv", "PATH", "/usr/bin:/bin:/usr/sbin:/sbin", "--setenv", "TMPDIR", "/home/runner/work/_temp/aphid-current-consumer/mix-release-proof/tmp", "--setenv", "ERL_FLAGS", "+S 1:1 +SDcpu 1:1", "--setenv", "RELEASE_DISTRIBUTION", "none", "--setenv", "PROOF_DATABASE", "/home/runner/work/_temp/aphid-current-consumer/mix-release-proof/persistent.db", "--setenv", "PROOF_DENIED_FILES", "/home/runner/work/Aphid/Aphid/mix.exs|/home/runner/work/_temp/aphid-current-consumer/mix-release-proof/build/mix.exs|/home/runner/work/_temp/aphid-current-consumer/fresh/consumer/mix.exs|/home/runner/work/_temp/.setup-beam/elixir/bin/elixir", "--", "/usr/bin/setpriv", "--reuid", "1001", "--regid", "1001", "--clear-groups", "--bounding-set=-all", "--no-new-privs", "--", "/home/runner/work/_temp/aphid-current-consumer/mix-release-proof/relocated caf\u00e9 release/bin/aphid_consumer", "eval", "Code.require_file(\"reopen.exs\")"], "cwd": "/home/runner/work/_temp/aphid-current-consumer/mix-release-proof/relocated caf\u00e9 release/validation", "exit": 0, "seconds": 0.666}
consumer (ubuntu-24.04, x86_64-linux-gnu)	Verify current package with exact reviewed native archive	2026-09-08T08:37:15.5440059Z retained ExUnit scratch databases (not archive contents): ['validation/tmp/Aphid.TransactionTest/test-supervisor-death-stops-even-an-exit-trapping-callback-before-persistent-reopen-cc171fa5/graph', 'validation/tmp/AphidTest/test-supervisor-restart-preserves-data-and-waits-for-the-retiring-native-owner-1f95b412/graph']
consumer (ubuntu-24.04, x86_64-linux-gnu)	Verify current package with exact reviewed native archive	2026-09-08T08:37:15.6799951Z relocated Mix release passed: closure unchanged, compiler-free, offline start/shutdown/reopen, 92 tests; no release support claim
consumer (ubuntu-24.04, x86_64-linux-gnu)	Verify current package with exact reviewed native archive	2026-09-08T08:37:15.7192969Z {"command": ["/opt/hostedtoolcache/Python/3.14.7/x64/bin/python3", "scripts/mix_release.py", "--consumer", "/home/runner/work/_temp/aphid-current-consumer/fresh", "--destination", "/home/runner/work/_temp/aphid-current-consumer/mix-release-proof", "--output", "/home/runner/work/_temp/aphid-current-consumer/mix-release-validation.tar.gz"], "cwd": "/home/runner/work/Aphid/Aphid", "exit": 0, "seconds": 50.766}
consumer (ubuntu-24.04, x86_64-linux-gnu)	Verify current package with exact reviewed native archive	2026-09-08T08:37:17.2706049Z missing embedded startup rejected 1
consumer (ubuntu-24.04, x86_64-linux-gnu)	Verify current package with exact reviewed native archive	2026-09-08T08:37:17.2788081Z {"command": ["/opt/hostedtoolcache/Python/3.14.7/x64/bin/python3", "/home/runner/work/_temp/aphid-current-consumer/embedded-failures/check.py", "/home/runner/work/_temp/aphid-current-consumer/embedded-failures/missing.log", "missing", "/home/runner/work/_temp/aphid-current-consumer/mix-release-proof/relocated caf\u00e9 release/bin/aphid_consumer", "start"], "cwd": "/home/runner/work/_temp/aphid-current-consumer/embedded-failures", "exit": 0, "seconds": 1.367}
consumer (ubuntu-24.04, x86_64-linux-gnu)	Verify current package with exact reviewed native archive	2026-09-08T08:37:18.9481703Z corrupt embedded startup rejected 1
consumer (ubuntu-24.04, x86_64-linux-gnu)	Verify current package with exact reviewed native archive	2026-09-08T08:37:18.9846274Z {"command": ["/opt/hostedtoolcache/Python/3.14.7/x64/bin/python3", "/home/runner/work/_temp/aphid-current-consumer/embedded-failures/check.py", "/home/runner/work/_temp/aphid-current-consumer/embedded-failures/corrupt.log", "corrupt", "/home/runner/work/_temp/aphid-current-consumer/mix-release-proof/relocated caf\u00e9 release/bin/aphid_consumer", "start"], "cwd": "/home/runner/work/_temp/aphid-current-consumer/embedded-failures", "exit": 0, "seconds": 1.517}
consumer (ubuntu-24.04, x86_64-linux-gnu)	Verify current package with exact reviewed native archive	2026-09-08T08:37:20.6249364Z unloadable embedded startup rejected 1
consumer (ubuntu-24.04, x86_64-linux-gnu)	Verify current package with exact reviewed native archive	2026-09-08T08:37:20.6730693Z {"command": ["/opt/hostedtoolcache/Python/3.14.7/x64/bin/python3", "/home/runner/work/_temp/aphid-current-consumer/embedded-failures/check.py", "/home/runner/work/_temp/aphid-current-consumer/embedded-failures/unloadable.log", "unloadable", "sudo", "-E", "unshare", "--mount", "--fork", "--propagation", "private", "sh", "-c", "mount --bind \"$1\" \"$1\" && mount -o remount,bind,noexec \"$1\" && shift && exec \"$@\"", "noexec-proof", "/home/runner/work/_temp/aphid-current-consumer/mix-release-proof/relocated caf\u00e9 release/lib/aphid-0.1.0-dev/priv/lib", "/usr/bin/setpriv", "--reuid", "1001", "--regid", "1001", "--clear-groups", "--no-new-privs", "--", "/usr/bin/env", "PATH=/home/runner/work/_temp/.setup-beam/elixir/bin:/home/runner/.mix/escripts:/home/runner/work/_temp/.setup-beam/otp/bin:/opt/hostedtoolcache/Python/3.14.7/x64/bin:/opt/hostedtoolcache/Python/3.14.7/x64:/snap/bin:/home/runner/.local/bin:/opt/pipx_bin:/home/runner/.cargo/bin:/home/runner/.config/composer/vendor/bin:/usr/local/.ghcup/bin:/home/runner/.dotnet/tools:/usr/local/sbin:/usr/local/bin:/usr/sbin:/usr/bin:/sbin:/bin:/usr/games:/usr/local/games:/snap/bin", "/home/runner/work/_temp/aphid-current-consumer/mix-release-proof/relocated caf\u00e9 release/bin/aphid_consumer", "start"], "cwd": "/home/runner/work/_temp/aphid-current-consumer/embedded-failures", "exit": 0, "seconds": 1.517}
consumer (ubuntu-24.04, x86_64-linux-gnu)	Verify current package with exact reviewed native archive	2026-09-08T08:37:20.8165438Z embedded missing/corrupt/unloadable startup failures passed; native closure restored unchanged
consumer (ubuntu-24.04, x86_64-linux-gnu)	Verify current package with exact reviewed native archive	2026-09-08T08:37:20.8445940Z {"command": ["/opt/hostedtoolcache/Python/3.14.7/x64/bin/python3", "scripts/embedded_failures.py", "--release-work", "/home/runner/work/_temp/aphid-current-consumer/mix-release-proof", "--destination", "/home/runner/work/_temp/aphid-current-consumer/embedded-failures"], "cwd": "/home/runner/work/Aphid/Aphid", "exit": 0, "seconds": 5.125}
consumer (ubuntu-24.04, x86_64-linux-gnu)	Verify current package with exact reviewed native archive	2026-09-08T08:37:20.8447593Z Current combined source package passed with the unchanged qualified Linux bundle; no native build or artifact upload.
consumer (ubuntu-24.04, x86_64-linux-gnu)	Retain passing source package for cross-platform review	﻿2026-09-08T08:37:20.8672185Z Node 20 is being deprecated. This workflow is running with Node 24 by default. If you need to temporarily use Node 20, you can set the ACTIONS_ALLOW_USE_UNSECURE_NODE_VERSION=true environment variable. For more information see: https://github.blog/changelog/2025-09-19-deprecation-of-node-20-on-github-actions-runners/
consumer (ubuntu-24.04, x86_64-linux-gnu)	Retain passing source package for cross-platform review	2026-09-08T08:37:20.8673567Z ##[group]Run actions/upload-artifact@ea165f8d65b6e75b540449e92b4886f43607fa02
consumer (ubuntu-24.04, x86_64-linux-gnu)	Retain passing source package for cross-platform review	2026-09-08T08:37:20.8673960Z with:
consumer (ubuntu-24.04, x86_64-linux-gnu)	Retain passing source package for cross-platform review	2026-09-08T08:37:20.8674176Z   name: combined-source-34205212486
consumer (ubuntu-24.04, x86_64-linux-gnu)	Retain passing source package for cross-platform review	2026-09-08T08:37:20.8674446Z   retention-days: 7
consumer (ubuntu-24.04, x86_64-linux-gnu)	Retain passing source package for cross-platform review	2026-09-08T08:37:20.8674672Z   if-no-files-found: error
consumer (ubuntu-24.04, x86_64-linux-gnu)	Retain passing source package for cross-platform review	2026-09-08T08:37:20.8675430Z   path: /home/runner/work/_temp/aphid-current-consumer/aphid-0.1.0-dev-combined.tar
consumer (ubuntu-24.04, x86_64-linux-gnu)	Retain passing source package for cross-platform review	/home/runner/work/_temp/aphid-current-consumer/fresh/inputs.json
consumer (ubuntu-24.04, x86_64-linux-gnu)	Retain passing source package for cross-platform review	/home/runner/work/_temp/current-consumer.log
consumer (ubuntu-24.04, x86_64-linux-gnu)	Retain passing source package for cross-platform review	
consumer (ubuntu-24.04, x86_64-linux-gnu)	Retain passing source package for cross-platform review	2026-09-08T08:37:20.8676194Z   compression-level: 6
consumer (ubuntu-24.04, x86_64-linux-gnu)	Retain passing source package for cross-platform review	2026-09-08T08:37:20.8676415Z   overwrite: false
consumer (ubuntu-24.04, x86_64-linux-gnu)	Retain passing source package for cross-platform review	2026-09-08T08:37:20.8676650Z   include-hidden-files: false
consumer (ubuntu-24.04, x86_64-linux-gnu)	Retain passing source package for cross-platform review	2026-09-08T08:37:20.8676922Z env:
consumer (ubuntu-24.04, x86_64-linux-gnu)	Retain passing source package for cross-platform review	2026-09-08T08:37:20.8677173Z   pythonLocation: /opt/hostedtoolcache/Python/3.14.7/x64
consumer (ubuntu-24.04, x86_64-linux-gnu)	Retain passing source package for cross-platform review	2026-09-08T08:37:20.8677586Z   PKG_CONFIG_PATH: /opt/hostedtoolcache/Python/3.14.7/x64/lib/pkgconfig
consumer (ubuntu-24.04, x86_64-linux-gnu)	Retain passing source package for cross-platform review	2026-09-08T08:37:20.8677995Z   Python_ROOT_DIR: /opt/hostedtoolcache/Python/3.14.7/x64
consumer (ubuntu-24.04, x86_64-linux-gnu)	Retain passing source package for cross-platform review	2026-09-08T08:37:20.8678359Z   Python2_ROOT_DIR: /opt/hostedtoolcache/Python/3.14.7/x64
consumer (ubuntu-24.04, x86_64-linux-gnu)	Retain passing source package for cross-platform review	2026-09-08T08:37:20.8678723Z   Python3_ROOT_DIR: /opt/hostedtoolcache/Python/3.14.7/x64
consumer (ubuntu-24.04, x86_64-linux-gnu)	Retain passing source package for cross-platform review	2026-09-08T08:37:20.8679090Z   LD_LIBRARY_PATH: /opt/hostedtoolcache/Python/3.14.7/x64/lib
consumer (ubuntu-24.04, x86_64-linux-gnu)	Retain passing source package for cross-platform review	2026-09-08T08:37:20.8679476Z   INSTALL_DIR_FOR_OTP: /home/runner/work/_temp/.setup-beam/otp
consumer (ubuntu-24.04, x86_64-linux-gnu)	Retain passing source package for cross-platform review	2026-09-08T08:37:20.8679892Z   INSTALL_DIR_FOR_ELIXIR: /home/runner/work/_temp/.setup-beam/elixir
consumer (ubuntu-24.04, x86_64-linux-gnu)	Retain passing source package for cross-platform review	2026-09-08T08:37:20.8680233Z ##[endgroup]
consumer (ubuntu-24.04, x86_64-linux-gnu)	Retain passing source package for cross-platform review	2026-09-08T08:37:21.0416680Z (node:6139) [DEP0040] DeprecationWarning: The `punycode` module is deprecated. Please use a userland alternative instead.
consumer (ubuntu-24.04, x86_64-linux-gnu)	Retain passing source package for cross-platform review	2026-09-08T08:37:21.0418393Z (Use `node --trace-deprecation ...` to show where the warning was created)
consumer (ubuntu-24.04, x86_64-linux-gnu)	Retain passing source package for cross-platform review	2026-09-08T08:37:21.0474916Z Multiple search paths detected. Calculating the least common ancestor of all paths
consumer (ubuntu-24.04, x86_64-linux-gnu)	Retain passing source package for cross-platform review	2026-09-08T08:37:21.0497795Z The least common ancestor is /home/runner/work/_temp. This will be the root directory of the artifact
consumer (ubuntu-24.04, x86_64-linux-gnu)	Retain passing source package for cross-platform review	2026-09-08T08:37:21.0499251Z With the provided path, there will be 3 files uploaded
consumer (ubuntu-24.04, x86_64-linux-gnu)	Retain passing source package for cross-platform review	2026-09-08T08:37:21.0500809Z Artifact name is valid!
consumer (ubuntu-24.04, x86_64-linux-gnu)	Retain passing source package for cross-platform review	2026-09-08T08:37:21.0501282Z Root directory input is valid!
consumer (ubuntu-24.04, x86_64-linux-gnu)	Retain passing source package for cross-platform review	2026-09-08T08:37:21.2766225Z Beginning upload of artifact content to blob storage
consumer (ubuntu-24.04, x86_64-linux-gnu)	Retain passing source package for cross-platform review	2026-09-08T08:37:21.3034619Z (node:6139) [DEP0169] DeprecationWarning: `url.parse()` behavior is not standardized and prone to errors that have security implications. Use the WHATWG URL API instead. CVEs are not issued for `url.parse()` vulnerabilities.
consumer (ubuntu-24.04, x86_64-linux-gnu)	Retain passing source package for cross-platform review	2026-09-08T08:37:21.3666129Z Uploaded bytes 127572
consumer (ubuntu-24.04, x86_64-linux-gnu)	Retain passing source package for cross-platform review	2026-09-08T08:37:21.3847953Z Finished uploading artifact content to blob storage!
consumer (ubuntu-24.04, x86_64-linux-gnu)	Retain passing source package for cross-platform review	2026-09-08T08:37:21.3849412Z SHA256 digest of uploaded artifact zip is 2588d5bbcd2726b23d5bcbeff053a5a19b887a1195f68f79fe9e39b6487ca9da
consumer (ubuntu-24.04, x86_64-linux-gnu)	Retain passing source package for cross-platform review	2026-09-08T08:37:21.3850712Z Finalizing artifact upload
consumer (ubuntu-24.04, x86_64-linux-gnu)	Retain passing source package for cross-platform review	2026-09-08T08:37:21.6362390Z Artifact combined-source-34205212486.zip successfully finalized. Artifact ID 10047558191
consumer (ubuntu-24.04, x86_64-linux-gnu)	Retain passing source package for cross-platform review	2026-09-08T08:37:21.6363715Z Artifact combined-source-34205212486 has been successfully uploaded! Final size is 127572 bytes. Artifact ID is 10047558191
consumer (ubuntu-24.04, x86_64-linux-gnu)	Retain passing source package for cross-platform review	2026-09-08T08:37:21.6370619Z Artifact download URL: https://github.com/catethos/Aphid/actions/runs/34205212486/artifacts/10047558191
consumer (ubuntu-24.04, x86_64-linux-gnu)	Post Run actions/setup-python@ece7cb06caefa5fff74198d8649806c4678c61a1	﻿2026-09-08T08:37:21.6553742Z Post job cleanup.
consumer (ubuntu-24.04, x86_64-linux-gnu)	Post Run actions/checkout@d23441a48e516b6c34aea4fa41551a30e30af803	﻿2026-09-08T08:37:21.7968534Z Post job cleanup.
consumer (ubuntu-24.04, x86_64-linux-gnu)	Post Run actions/checkout@d23441a48e516b6c34aea4fa41551a30e30af803	2026-09-08T08:37:21.8881439Z [command]/usr/bin/git version
consumer (ubuntu-24.04, x86_64-linux-gnu)	Post Run actions/checkout@d23441a48e516b6c34aea4fa41551a30e30af803	2026-09-08T08:37:21.8927199Z git version 2.55.0
consumer (ubuntu-24.04, x86_64-linux-gnu)	Post Run actions/checkout@d23441a48e516b6c34aea4fa41551a30e30af803	2026-09-08T08:37:21.8971356Z Temporarily overriding HOME='/home/runner/work/_temp/3b6b8b3b-d19d-4ce0-ab3a-3de3e560a7b2' before making global git config changes
consumer (ubuntu-24.04, x86_64-linux-gnu)	Post Run actions/checkout@d23441a48e516b6c34aea4fa41551a30e30af803	2026-09-08T08:37:21.8972763Z Adding repository directory to the temporary git global config as a safe directory
consumer (ubuntu-24.04, x86_64-linux-gnu)	Post Run actions/checkout@d23441a48e516b6c34aea4fa41551a30e30af803	2026-09-08T08:37:21.8977785Z [command]/usr/bin/git config --global --add safe.directory /home/runner/work/Aphid/Aphid
consumer (ubuntu-24.04, x86_64-linux-gnu)	Post Run actions/checkout@d23441a48e516b6c34aea4fa41551a30e30af803	2026-09-08T08:37:21.9012599Z Removing SSH command configuration
consumer (ubuntu-24.04, x86_64-linux-gnu)	Post Run actions/checkout@d23441a48e516b6c34aea4fa41551a30e30af803	2026-09-08T08:37:21.9019566Z [command]/usr/bin/git config --local --name-only --get-regexp core\.sshCommand
consumer (ubuntu-24.04, x86_64-linux-gnu)	Post Run actions/checkout@d23441a48e516b6c34aea4fa41551a30e30af803	2026-09-08T08:37:21.9058111Z [command]/usr/bin/git submodule foreach --recursive sh -c "git config --local --name-only --get-regexp 'core\.sshCommand' && git config --local --unset-all 'core.sshCommand' || :"
consumer (ubuntu-24.04, x86_64-linux-gnu)	Post Run actions/checkout@d23441a48e516b6c34aea4fa41551a30e30af803	2026-09-08T08:37:21.9327425Z Removing HTTP extra header
consumer (ubuntu-24.04, x86_64-linux-gnu)	Post Run actions/checkout@d23441a48e516b6c34aea4fa41551a30e30af803	2026-09-08T08:37:21.9334696Z [command]/usr/bin/git config --local --name-only --get-regexp http\.https\:\/\/github\.com\/\.extraheader
consumer (ubuntu-24.04, x86_64-linux-gnu)	Post Run actions/checkout@d23441a48e516b6c34aea4fa41551a30e30af803	2026-09-08T08:37:21.9373249Z [command]/usr/bin/git submodule foreach --recursive sh -c "git config --local --name-only --get-regexp 'http\.https\:\/\/github\.com\/\.extraheader' && git config --local --unset-all 'http.https://github.com/.extraheader' || :"
consumer (ubuntu-24.04, x86_64-linux-gnu)	Post Run actions/checkout@d23441a48e516b6c34aea4fa41551a30e30af803	2026-09-08T08:37:21.9679918Z Removing includeIf entries pointing to credentials config files
consumer (ubuntu-24.04, x86_64-linux-gnu)	Post Run actions/checkout@d23441a48e516b6c34aea4fa41551a30e30af803	2026-09-08T08:37:21.9691177Z [command]/usr/bin/git config --local --name-only --get-regexp ^includeIf\.gitdir:
consumer (ubuntu-24.04, x86_64-linux-gnu)	Post Run actions/checkout@d23441a48e516b6c34aea4fa41551a30e30af803	2026-09-08T08:37:21.9740129Z [command]/usr/bin/git submodule foreach --recursive git config --local --show-origin --name-only --get-regexp remote.origin.url
consumer (ubuntu-24.04, x86_64-linux-gnu)	Complete job	﻿2026-09-08T08:37:22.0261313Z Cleaning up orphan processes
consumer (ubuntu-24.04, x86_64-linux-gnu)	Complete job	2026-09-08T08:37:22.0565560Z ##[warning]Node.js 20 is deprecated. The following actions target Node.js 20 but are being forced to run on Node.js 24: actions/upload-artifact@ea165f8d65b6e75b540449e92b4886f43607fa02. For more information see: https://github.blog/changelog/2025-09-19-deprecation-of-node-20-on-github-actions-runners/
consumer (ubuntu-24.04-arm, aarch64-linux-gnu)	Set up job	﻿2026-09-08T08:34:24.6563657Z Current runner version: '2.337.0'
consumer (ubuntu-24.04-arm, aarch64-linux-gnu)	Set up job	2026-09-08T08:34:24.6594906Z ##[group]Runner Image Provisioner
consumer (ubuntu-24.04-arm, aarch64-linux-gnu)	Set up job	2026-09-08T08:34:24.6595877Z Hosted Compute Agent
consumer (ubuntu-24.04-arm, aarch64-linux-gnu)	Set up job	2026-09-08T08:34:24.6596618Z Version: 20260828.587
consumer (ubuntu-24.04-arm, aarch64-linux-gnu)	Set up job	2026-09-08T08:34:24.6597274Z Commit: abac92662cab4cc7352de4f9f9d2e2419aad9c29
consumer (ubuntu-24.04-arm, aarch64-linux-gnu)	Set up job	2026-09-08T08:34:24.6597993Z Build Date: 2026-08-28T16:44:25Z
consumer (ubuntu-24.04-arm, aarch64-linux-gnu)	Set up job	2026-09-08T08:34:24.6598797Z Worker ID: {bfc129fa-e524-4b4b-9299-b2b76e8f473a}
consumer (ubuntu-24.04-arm, aarch64-linux-gnu)	Set up job	2026-09-08T08:34:24.6599549Z Azure Region: northcentralus
consumer (ubuntu-24.04-arm, aarch64-linux-gnu)	Set up job	2026-09-08T08:34:24.6600239Z ##[endgroup]
consumer (ubuntu-24.04-arm, aarch64-linux-gnu)	Set up job	2026-09-08T08:34:24.6602382Z ##[group]Operating System
consumer (ubuntu-24.04-arm, aarch64-linux-gnu)	Set up job	2026-09-08T08:34:24.6603273Z Ubuntu
consumer (ubuntu-24.04-arm, aarch64-linux-gnu)	Set up job	2026-09-08T08:34:24.6604258Z 24.04.4
consumer (ubuntu-24.04-arm, aarch64-linux-gnu)	Set up job	2026-09-08T08:34:24.6604790Z LTS
consumer (ubuntu-24.04-arm, aarch64-linux-gnu)	Set up job	2026-09-08T08:34:24.6605348Z ##[endgroup]
consumer (ubuntu-24.04-arm, aarch64-linux-gnu)	Set up job	2026-09-08T08:34:24.6605955Z ##[group]Runner Image
consumer (ubuntu-24.04-arm, aarch64-linux-gnu)	Set up job	2026-09-08T08:34:24.6606561Z Image: ubuntu-24.04-arm
consumer (ubuntu-24.04-arm, aarch64-linux-gnu)	Set up job	2026-09-08T08:34:24.6607271Z Version: 20260831.111.1
consumer (ubuntu-24.04-arm, aarch64-linux-gnu)	Set up job	2026-09-08T08:34:24.6608423Z Included Software: https://github.com/actions/runner-images/blob/ubuntu24-arm64/20260831.111/images/ubuntu/Ubuntu2404-Arm64-Readme.md
consumer (ubuntu-24.04-arm, aarch64-linux-gnu)	Set up job	2026-09-08T08:34:24.6610347Z Image Release: https://github.com/actions/runner-images/releases/tag/ubuntu24-arm64%2F20260831.111
consumer (ubuntu-24.04-arm, aarch64-linux-gnu)	Set up job	2026-09-08T08:34:24.6611297Z ##[endgroup]
consumer (ubuntu-24.04-arm, aarch64-linux-gnu)	Set up job	2026-09-08T08:34:24.6612665Z ##[group]GITHUB_TOKEN Permissions
consumer (ubuntu-24.04-arm, aarch64-linux-gnu)	Set up job	2026-09-08T08:34:24.6615721Z Actions: read
consumer (ubuntu-24.04-arm, aarch64-linux-gnu)	Set up job	2026-09-08T08:34:24.6616521Z Contents: read
consumer (ubuntu-24.04-arm, aarch64-linux-gnu)	Set up job	2026-09-08T08:34:24.6617082Z Metadata: read
consumer (ubuntu-24.04-arm, aarch64-linux-gnu)	Set up job	2026-09-08T08:34:24.6618099Z ##[endgroup]
consumer (ubuntu-24.04-arm, aarch64-linux-gnu)	Set up job	2026-09-08T08:34:24.6621197Z Secret source: Actions
consumer (ubuntu-24.04-arm, aarch64-linux-gnu)	Set up job	2026-09-08T08:34:24.6622660Z Prepare workflow directory
consumer (ubuntu-24.04-arm, aarch64-linux-gnu)	Set up job	2026-09-08T08:34:24.6990478Z Prepare all required actions
consumer (ubuntu-24.04-arm, aarch64-linux-gnu)	Set up job	2026-09-08T08:34:24.7038597Z Getting action download info
consumer (ubuntu-24.04-arm, aarch64-linux-gnu)	Set up job	2026-09-08T08:34:24.9373439Z Download action repository 'actions/checkout@d23441a48e516b6c34aea4fa41551a30e30af803' (SHA:d23441a48e516b6c34aea4fa41551a30e30af803)
consumer (ubuntu-24.04-arm, aarch64-linux-gnu)	Set up job	2026-09-08T08:34:25.0497316Z Download action repository 'actions/setup-python@ece7cb06caefa5fff74198d8649806c4678c61a1' (SHA:ece7cb06caefa5fff74198d8649806c4678c61a1)
consumer (ubuntu-24.04-arm, aarch64-linux-gnu)	Set up job	2026-09-08T08:34:25.3111560Z Download action repository 'erlef/setup-beam@54075bcc5e249e4758d363f27d099f55d843f124' (SHA:54075bcc5e249e4758d363f27d099f55d843f124)
consumer (ubuntu-24.04-arm, aarch64-linux-gnu)	Set up job	2026-09-08T08:34:25.6140326Z Download action repository 'actions/upload-artifact@ea165f8d65b6e75b540449e92b4886f43607fa02' (SHA:ea165f8d65b6e75b540449e92b4886f43607fa02)
consumer (ubuntu-24.04-arm, aarch64-linux-gnu)	Set up job	2026-09-08T08:34:25.8117653Z Complete job name: consumer (ubuntu-24.04-arm, aarch64-linux-gnu)
consumer (ubuntu-24.04-arm, aarch64-linux-gnu)	Run actions/checkout@d23441a48e516b6c34aea4fa41551a30e30af803	﻿2026-09-08T08:34:25.8919969Z ##[group]Run actions/checkout@d23441a48e516b6c34aea4fa41551a30e30af803
consumer (ubuntu-24.04-arm, aarch64-linux-gnu)	Run actions/checkout@d23441a48e516b6c34aea4fa41551a30e30af803	2026-09-08T08:34:25.8921551Z with:
consumer (ubuntu-24.04-arm, aarch64-linux-gnu)	Run actions/checkout@d23441a48e516b6c34aea4fa41551a30e30af803	2026-09-08T08:34:25.8922145Z   persist-credentials: false
consumer (ubuntu-24.04-arm, aarch64-linux-gnu)	Run actions/checkout@d23441a48e516b6c34aea4fa41551a30e30af803	2026-09-08T08:34:25.8923100Z   repository: catethos/Aphid
consumer (ubuntu-24.04-arm, aarch64-linux-gnu)	Run actions/checkout@d23441a48e516b6c34aea4fa41551a30e30af803	2026-09-08T08:34:25.8926674Z   token: ***
consumer (ubuntu-24.04-arm, aarch64-linux-gnu)	Run actions/checkout@d23441a48e516b6c34aea4fa41551a30e30af803	2026-09-08T08:34:25.8927263Z   ssh-strict: true
consumer (ubuntu-24.04-arm, aarch64-linux-gnu)	Run actions/checkout@d23441a48e516b6c34aea4fa41551a30e30af803	2026-09-08T08:34:25.8927921Z   ssh-user: git
consumer (ubuntu-24.04-arm, aarch64-linux-gnu)	Run actions/checkout@d23441a48e516b6c34aea4fa41551a30e30af803	2026-09-08T08:34:25.8928439Z   clean: true
consumer (ubuntu-24.04-arm, aarch64-linux-gnu)	Run actions/checkout@d23441a48e516b6c34aea4fa41551a30e30af803	2026-09-08T08:34:25.8929034Z   sparse-checkout-cone-mode: true
consumer (ubuntu-24.04-arm, aarch64-linux-gnu)	Run actions/checkout@d23441a48e516b6c34aea4fa41551a30e30af803	2026-09-08T08:34:25.8929692Z   fetch-depth: 1
consumer (ubuntu-24.04-arm, aarch64-linux-gnu)	Run actions/checkout@d23441a48e516b6c34aea4fa41551a30e30af803	2026-09-08T08:34:25.8930357Z   fetch-tags: false
consumer (ubuntu-24.04-arm, aarch64-linux-gnu)	Run actions/checkout@d23441a48e516b6c34aea4fa41551a30e30af803	2026-09-08T08:34:25.8931040Z   show-progress: true
consumer (ubuntu-24.04-arm, aarch64-linux-gnu)	Run actions/checkout@d23441a48e516b6c34aea4fa41551a30e30af803	2026-09-08T08:34:25.8931649Z   lfs: false
consumer (ubuntu-24.04-arm, aarch64-linux-gnu)	Run actions/checkout@d23441a48e516b6c34aea4fa41551a30e30af803	2026-09-08T08:34:25.8932174Z   submodules: false
consumer (ubuntu-24.04-arm, aarch64-linux-gnu)	Run actions/checkout@d23441a48e516b6c34aea4fa41551a30e30af803	2026-09-08T08:34:25.8932986Z   set-safe-directory: true
consumer (ubuntu-24.04-arm, aarch64-linux-gnu)	Run actions/checkout@d23441a48e516b6c34aea4fa41551a30e30af803	2026-09-08T08:34:25.8933671Z   allow-unsafe-pr-checkout: false
consumer (ubuntu-24.04-arm, aarch64-linux-gnu)	Run actions/checkout@d23441a48e516b6c34aea4fa41551a30e30af803	2026-09-08T08:34:25.8934911Z ##[endgroup]
consumer (ubuntu-24.04-arm, aarch64-linux-gnu)	Run actions/checkout@d23441a48e516b6c34aea4fa41551a30e30af803	2026-09-08T08:34:25.9822665Z Syncing repository: catethos/Aphid
consumer (ubuntu-24.04-arm, aarch64-linux-gnu)	Run actions/checkout@d23441a48e516b6c34aea4fa41551a30e30af803	2026-09-08T08:34:25.9826090Z ##[group]Getting Git version info
consumer (ubuntu-24.04-arm, aarch64-linux-gnu)	Run actions/checkout@d23441a48e516b6c34aea4fa41551a30e30af803	2026-09-08T08:34:25.9827006Z Working directory is '/home/runner/work/Aphid/Aphid'
consumer (ubuntu-24.04-arm, aarch64-linux-gnu)	Run actions/checkout@d23441a48e516b6c34aea4fa41551a30e30af803	2026-09-08T08:34:25.9828530Z [command]/usr/bin/git version
consumer (ubuntu-24.04-arm, aarch64-linux-gnu)	Run actions/checkout@d23441a48e516b6c34aea4fa41551a30e30af803	2026-09-08T08:34:25.9906440Z git version 2.55.0
consumer (ubuntu-24.04-arm, aarch64-linux-gnu)	Run actions/checkout@d23441a48e516b6c34aea4fa41551a30e30af803	2026-09-08T08:34:25.9953167Z ##[endgroup]
consumer (ubuntu-24.04-arm, aarch64-linux-gnu)	Run actions/checkout@d23441a48e516b6c34aea4fa41551a30e30af803	2026-09-08T08:34:25.9960369Z Temporarily overriding HOME='/home/runner/work/_temp/ae3b3b4b-ec2d-4497-99ca-024ca39955e2' before making global git config changes
consumer (ubuntu-24.04-arm, aarch64-linux-gnu)	Run actions/checkout@d23441a48e516b6c34aea4fa41551a30e30af803	2026-09-08T08:34:25.9962492Z Adding repository directory to the temporary git global config as a safe directory
consumer (ubuntu-24.04-arm, aarch64-linux-gnu)	Run actions/checkout@d23441a48e516b6c34aea4fa41551a30e30af803	2026-09-08T08:34:25.9964470Z [command]/usr/bin/git config --global --add safe.directory /home/runner/work/Aphid/Aphid
consumer (ubuntu-24.04-arm, aarch64-linux-gnu)	Run actions/checkout@d23441a48e516b6c34aea4fa41551a30e30af803	2026-09-08T08:34:25.9979394Z Deleting the contents of '/home/runner/work/Aphid/Aphid'
consumer (ubuntu-24.04-arm, aarch64-linux-gnu)	Run actions/checkout@d23441a48e516b6c34aea4fa41551a30e30af803	2026-09-08T08:34:25.9984664Z ##[group]Determining repository object format
consumer (ubuntu-24.04-arm, aarch64-linux-gnu)	Run actions/checkout@d23441a48e516b6c34aea4fa41551a30e30af803	2026-09-08T08:34:25.9991306Z ##[endgroup]
consumer (ubuntu-24.04-arm, aarch64-linux-gnu)	Run actions/checkout@d23441a48e516b6c34aea4fa41551a30e30af803	2026-09-08T08:34:25.9992481Z ##[group]Initializing the repository
consumer (ubuntu-24.04-arm, aarch64-linux-gnu)	Run actions/checkout@d23441a48e516b6c34aea4fa41551a30e30af803	2026-09-08T08:34:25.9993505Z [command]/usr/bin/git init /home/runner/work/Aphid/Aphid
consumer (ubuntu-24.04-arm, aarch64-linux-gnu)	Run actions/checkout@d23441a48e516b6c34aea4fa41551a30e30af803	2026-09-08T08:34:26.0083842Z hint: Using 'master' as the name for the initial branch. This default branch name
consumer (ubuntu-24.04-arm, aarch64-linux-gnu)	Run actions/checkout@d23441a48e516b6c34aea4fa41551a30e30af803	2026-09-08T08:34:26.0085638Z hint: will change to "main" in Git 3.0. To configure the initial branch name
consumer (ubuntu-24.04-arm, aarch64-linux-gnu)	Run actions/checkout@d23441a48e516b6c34aea4fa41551a30e30af803	2026-09-08T08:34:26.0087463Z hint: to use in all of your new repositories, which will suppress this warning,
consumer (ubuntu-24.04-arm, aarch64-linux-gnu)	Run actions/checkout@d23441a48e516b6c34aea4fa41551a30e30af803	2026-09-08T08:34:26.0088663Z hint: call:
consumer (ubuntu-24.04-arm, aarch64-linux-gnu)	Run actions/checkout@d23441a48e516b6c34aea4fa41551a30e30af803	2026-09-08T08:34:26.0089391Z hint:
consumer (ubuntu-24.04-arm, aarch64-linux-gnu)	Run actions/checkout@d23441a48e516b6c34aea4fa41551a30e30af803	2026-09-08T08:34:26.0090784Z hint: 	git config --global init.defaultBranch <name>
consumer (ubuntu-24.04-arm, aarch64-linux-gnu)	Run actions/checkout@d23441a48e516b6c34aea4fa41551a30e30af803	2026-09-08T08:34:26.0091619Z hint:
consumer (ubuntu-24.04-arm, aarch64-linux-gnu)	Run actions/checkout@d23441a48e516b6c34aea4fa41551a30e30af803	2026-09-08T08:34:26.0092296Z hint: Names commonly chosen instead of 'master' are 'main', 'trunk' and
consumer (ubuntu-24.04-arm, aarch64-linux-gnu)	Run actions/checkout@d23441a48e516b6c34aea4fa41551a30e30af803	2026-09-08T08:34:26.0094150Z hint: 'development'. The just-created branch can be renamed via this command:
consumer (ubuntu-24.04-arm, aarch64-linux-gnu)	Run actions/checkout@d23441a48e516b6c34aea4fa41551a30e30af803	2026-09-08T08:34:26.0095075Z hint:
consumer (ubuntu-24.04-arm, aarch64-linux-gnu)	Run actions/checkout@d23441a48e516b6c34aea4fa41551a30e30af803	2026-09-08T08:34:26.0095714Z hint: 	git branch -m <name>
consumer (ubuntu-24.04-arm, aarch64-linux-gnu)	Run actions/checkout@d23441a48e516b6c34aea4fa41551a30e30af803	2026-09-08T08:34:26.0096317Z hint:
consumer (ubuntu-24.04-arm, aarch64-linux-gnu)	Run actions/checkout@d23441a48e516b6c34aea4fa41551a30e30af803	2026-09-08T08:34:26.0097083Z hint: Disable this message with "git config set advice.defaultBranchName false"
consumer (ubuntu-24.04-arm, aarch64-linux-gnu)	Run actions/checkout@d23441a48e516b6c34aea4fa41551a30e30af803	2026-09-08T08:34:26.0098363Z Initialized empty Git repository in /home/runner/work/Aphid/Aphid/.git/
consumer (ubuntu-24.04-arm, aarch64-linux-gnu)	Run actions/checkout@d23441a48e516b6c34aea4fa41551a30e30af803	2026-09-08T08:34:26.0100311Z [command]/usr/bin/git remote add origin https://github.com/catethos/Aphid
consumer (ubuntu-24.04-arm, aarch64-linux-gnu)	Run actions/checkout@d23441a48e516b6c34aea4fa41551a30e30af803	2026-09-08T08:34:26.0130472Z ##[endgroup]
consumer (ubuntu-24.04-arm, aarch64-linux-gnu)	Run actions/checkout@d23441a48e516b6c34aea4fa41551a30e30af803	2026-09-08T08:34:26.0131505Z ##[group]Disabling automatic garbage collection
consumer (ubuntu-24.04-arm, aarch64-linux-gnu)	Run actions/checkout@d23441a48e516b6c34aea4fa41551a30e30af803	2026-09-08T08:34:26.0134384Z [command]/usr/bin/git config --local gc.auto 0
consumer (ubuntu-24.04-arm, aarch64-linux-gnu)	Run actions/checkout@d23441a48e516b6c34aea4fa41551a30e30af803	2026-09-08T08:34:26.0166808Z ##[endgroup]
consumer (ubuntu-24.04-arm, aarch64-linux-gnu)	Run actions/checkout@d23441a48e516b6c34aea4fa41551a30e30af803	2026-09-08T08:34:26.0168041Z ##[group]Setting up auth
consumer (ubuntu-24.04-arm, aarch64-linux-gnu)	Run actions/checkout@d23441a48e516b6c34aea4fa41551a30e30af803	2026-09-08T08:34:26.0168718Z Removing SSH command configuration
consumer (ubuntu-24.04-arm, aarch64-linux-gnu)	Run actions/checkout@d23441a48e516b6c34aea4fa41551a30e30af803	2026-09-08T08:34:26.0172266Z [command]/usr/bin/git config --local --name-only --get-regexp core\.sshCommand
consumer (ubuntu-24.04-arm, aarch64-linux-gnu)	Run actions/checkout@d23441a48e516b6c34aea4fa41551a30e30af803	2026-09-08T08:34:26.0203154Z [command]/usr/bin/git submodule foreach --recursive sh -c "git config --local --name-only --get-regexp 'core\.sshCommand' && git config --local --unset-all 'core.sshCommand' || :"
consumer (ubuntu-24.04-arm, aarch64-linux-gnu)	Run actions/checkout@d23441a48e516b6c34aea4fa41551a30e30af803	2026-09-08T08:34:26.0497475Z Removing HTTP extra header
consumer (ubuntu-24.04-arm, aarch64-linux-gnu)	Run actions/checkout@d23441a48e516b6c34aea4fa41551a30e30af803	2026-09-08T08:34:26.0502007Z [command]/usr/bin/git config --local --name-only --get-regexp http\.https\:\/\/github\.com\/\.extraheader
consumer (ubuntu-24.04-arm, aarch64-linux-gnu)	Run actions/checkout@d23441a48e516b6c34aea4fa41551a30e30af803	2026-09-08T08:34:26.0529829Z [command]/usr/bin/git submodule foreach --recursive sh -c "git config --local --name-only --get-regexp 'http\.https\:\/\/github\.com\/\.extraheader' && git config --local --unset-all 'http.https://github.com/.extraheader' || :"
consumer (ubuntu-24.04-arm, aarch64-linux-gnu)	Run actions/checkout@d23441a48e516b6c34aea4fa41551a30e30af803	2026-09-08T08:34:26.0712388Z Removing includeIf entries pointing to credentials config files
consumer (ubuntu-24.04-arm, aarch64-linux-gnu)	Run actions/checkout@d23441a48e516b6c34aea4fa41551a30e30af803	2026-09-08T08:34:26.0716659Z [command]/usr/bin/git config --local --name-only --get-regexp ^includeIf\.gitdir:
consumer (ubuntu-24.04-arm, aarch64-linux-gnu)	Run actions/checkout@d23441a48e516b6c34aea4fa41551a30e30af803	2026-09-08T08:34:26.0749030Z [command]/usr/bin/git submodule foreach --recursive git config --local --show-origin --name-only --get-regexp remote.origin.url
consumer (ubuntu-24.04-arm, aarch64-linux-gnu)	Run actions/checkout@d23441a48e516b6c34aea4fa41551a30e30af803	2026-09-08T08:34:26.0937828Z [command]/usr/bin/git config --file /home/runner/work/_temp/git-credentials-534d23e4-069b-4e41-9d37-9a30b7264927.config http.https://github.com/.extraheader AUTHORIZATION: basic ***
consumer (ubuntu-24.04-arm, aarch64-linux-gnu)	Run actions/checkout@d23441a48e516b6c34aea4fa41551a30e30af803	2026-09-08T08:34:26.0973458Z [command]/usr/bin/git config --local includeIf.gitdir:/home/runner/work/Aphid/Aphid/.git.path /home/runner/work/_temp/git-credentials-534d23e4-069b-4e41-9d37-9a30b7264927.config
consumer (ubuntu-24.04-arm, aarch64-linux-gnu)	Run actions/checkout@d23441a48e516b6c34aea4fa41551a30e30af803	2026-09-08T08:34:26.1001109Z [command]/usr/bin/git config --local includeIf.gitdir:/home/runner/work/Aphid/Aphid/.git/worktrees/*.path /home/runner/work/_temp/git-credentials-534d23e4-069b-4e41-9d37-9a30b7264927.config
consumer (ubuntu-24.04-arm, aarch64-linux-gnu)	Run actions/checkout@d23441a48e516b6c34aea4fa41551a30e30af803	2026-09-08T08:34:26.1029660Z [command]/usr/bin/git config --local includeIf.gitdir:/github/workspace/.git.path /github/runner_temp/git-credentials-534d23e4-069b-4e41-9d37-9a30b7264927.config
consumer (ubuntu-24.04-arm, aarch64-linux-gnu)	Run actions/checkout@d23441a48e516b6c34aea4fa41551a30e30af803	2026-09-08T08:34:26.1056582Z [command]/usr/bin/git config --local includeIf.gitdir:/github/workspace/.git/worktrees/*.path /github/runner_temp/git-credentials-534d23e4-069b-4e41-9d37-9a30b7264927.config
consumer (ubuntu-24.04-arm, aarch64-linux-gnu)	Run actions/checkout@d23441a48e516b6c34aea4fa41551a30e30af803	2026-09-08T08:34:26.1082418Z ##[endgroup]
consumer (ubuntu-24.04-arm, aarch64-linux-gnu)	Run actions/checkout@d23441a48e516b6c34aea4fa41551a30e30af803	2026-09-08T08:34:26.1083718Z ##[group]Fetching the repository
consumer (ubuntu-24.04-arm, aarch64-linux-gnu)	Run actions/checkout@d23441a48e516b6c34aea4fa41551a30e30af803	2026-09-08T08:34:26.1090492Z [command]/usr/bin/git -c protocol.version=2 fetch --no-tags --prune --no-recurse-submodules --depth=1 origin +06d0a99dfc4efd8c0d3171262b2a886382b87704:refs/remotes/origin/main
consumer (ubuntu-24.04-arm, aarch64-linux-gnu)	Run actions/checkout@d23441a48e516b6c34aea4fa41551a30e30af803	2026-09-08T08:34:27.1458581Z From https://github.com/catethos/Aphid
consumer (ubuntu-24.04-arm, aarch64-linux-gnu)	Run actions/checkout@d23441a48e516b6c34aea4fa41551a30e30af803	2026-09-08T08:34:27.1460526Z  * [new ref]         06d0a99dfc4efd8c0d3171262b2a886382b87704 -> origin/main
consumer (ubuntu-24.04-arm, aarch64-linux-gnu)	Run actions/checkout@d23441a48e516b6c34aea4fa41551a30e30af803	2026-09-08T08:34:27.1469590Z [command]/usr/bin/git branch --list --remote origin/main
consumer (ubuntu-24.04-arm, aarch64-linux-gnu)	Run actions/checkout@d23441a48e516b6c34aea4fa41551a30e30af803	2026-09-08T08:34:27.1501281Z   origin/main
consumer (ubuntu-24.04-arm, aarch64-linux-gnu)	Run actions/checkout@d23441a48e516b6c34aea4fa41551a30e30af803	2026-09-08T08:34:27.1509706Z [command]/usr/bin/git rev-parse refs/remotes/origin/main
consumer (ubuntu-24.04-arm, aarch64-linux-gnu)	Run actions/checkout@d23441a48e516b6c34aea4fa41551a30e30af803	2026-09-08T08:34:27.1531637Z 06d0a99dfc4efd8c0d3171262b2a886382b87704
consumer (ubuntu-24.04-arm, aarch64-linux-gnu)	Run actions/checkout@d23441a48e516b6c34aea4fa41551a30e30af803	2026-09-08T08:34:27.1535413Z ##[endgroup]
consumer (ubuntu-24.04-arm, aarch64-linux-gnu)	Run actions/checkout@d23441a48e516b6c34aea4fa41551a30e30af803	2026-09-08T08:34:27.1537225Z ##[group]Determining the checkout info
consumer (ubuntu-24.04-arm, aarch64-linux-gnu)	Run actions/checkout@d23441a48e516b6c34aea4fa41551a30e30af803	2026-09-08T08:34:27.1539058Z ##[endgroup]
consumer (ubuntu-24.04-arm, aarch64-linux-gnu)	Run actions/checkout@d23441a48e516b6c34aea4fa41551a30e30af803	2026-09-08T08:34:27.1540194Z [command]/usr/bin/git sparse-checkout disable
consumer (ubuntu-24.04-arm, aarch64-linux-gnu)	Run actions/checkout@d23441a48e516b6c34aea4fa41551a30e30af803	2026-09-08T08:34:27.1578513Z [command]/usr/bin/git config --local --unset-all extensions.worktreeConfig
consumer (ubuntu-24.04-arm, aarch64-linux-gnu)	Run actions/checkout@d23441a48e516b6c34aea4fa41551a30e30af803	2026-09-08T08:34:27.1607274Z ##[group]Checking out the ref
consumer (ubuntu-24.04-arm, aarch64-linux-gnu)	Run actions/checkout@d23441a48e516b6c34aea4fa41551a30e30af803	2026-09-08T08:34:27.1608972Z [command]/usr/bin/git checkout --progress --force -B main refs/remotes/origin/main
consumer (ubuntu-24.04-arm, aarch64-linux-gnu)	Run actions/checkout@d23441a48e516b6c34aea4fa41551a30e30af803	2026-09-08T08:34:27.2841505Z Switched to a new branch 'main'
consumer (ubuntu-24.04-arm, aarch64-linux-gnu)	Run actions/checkout@d23441a48e516b6c34aea4fa41551a30e30af803	2026-09-08T08:34:27.2843344Z branch 'main' set up to track 'origin/main'.
consumer (ubuntu-24.04-arm, aarch64-linux-gnu)	Run actions/checkout@d23441a48e516b6c34aea4fa41551a30e30af803	2026-09-08T08:34:27.2855899Z ##[endgroup]
consumer (ubuntu-24.04-arm, aarch64-linux-gnu)	Run actions/checkout@d23441a48e516b6c34aea4fa41551a30e30af803	2026-09-08T08:34:27.2894217Z [command]/usr/bin/git log -1 --format=%H
consumer (ubuntu-24.04-arm, aarch64-linux-gnu)	Run actions/checkout@d23441a48e516b6c34aea4fa41551a30e30af803	2026-09-08T08:34:27.2916650Z 06d0a99dfc4efd8c0d3171262b2a886382b87704
consumer (ubuntu-24.04-arm, aarch64-linux-gnu)	Run actions/checkout@d23441a48e516b6c34aea4fa41551a30e30af803	2026-09-08T08:34:27.2926035Z ##[group]Removing auth
consumer (ubuntu-24.04-arm, aarch64-linux-gnu)	Run actions/checkout@d23441a48e516b6c34aea4fa41551a30e30af803	2026-09-08T08:34:27.2927402Z Removing SSH command configuration
consumer (ubuntu-24.04-arm, aarch64-linux-gnu)	Run actions/checkout@d23441a48e516b6c34aea4fa41551a30e30af803	2026-09-08T08:34:27.2929268Z [command]/usr/bin/git config --local --name-only --get-regexp core\.sshCommand
consumer (ubuntu-24.04-arm, aarch64-linux-gnu)	Run actions/checkout@d23441a48e516b6c34aea4fa41551a30e30af803	2026-09-08T08:34:27.2959227Z [command]/usr/bin/git submodule foreach --recursive sh -c "git config --local --name-only --get-regexp 'core\.sshCommand' && git config --local --unset-all 'core.sshCommand' || :"
consumer (ubuntu-24.04-arm, aarch64-linux-gnu)	Run actions/checkout@d23441a48e516b6c34aea4fa41551a30e30af803	2026-09-08T08:34:27.3139866Z Removing HTTP extra header
consumer (ubuntu-24.04-arm, aarch64-linux-gnu)	Run actions/checkout@d23441a48e516b6c34aea4fa41551a30e30af803	2026-09-08T08:34:27.3141955Z [command]/usr/bin/git config --local --name-only --get-regexp http\.https\:\/\/github\.com\/\.extraheader
consumer (ubuntu-24.04-arm, aarch64-linux-gnu)	Run actions/checkout@d23441a48e516b6c34aea4fa41551a30e30af803	2026-09-08T08:34:27.3170144Z [command]/usr/bin/git submodule foreach --recursive sh -c "git config --local --name-only --get-regexp 'http\.https\:\/\/github\.com\/\.extraheader' && git config --local --unset-all 'http.https://github.com/.extraheader' || :"
consumer (ubuntu-24.04-arm, aarch64-linux-gnu)	Run actions/checkout@d23441a48e516b6c34aea4fa41551a30e30af803	2026-09-08T08:34:27.3350558Z Removing includeIf entries pointing to credentials config files
consumer (ubuntu-24.04-arm, aarch64-linux-gnu)	Run actions/checkout@d23441a48e516b6c34aea4fa41551a30e30af803	2026-09-08T08:34:27.3353883Z [command]/usr/bin/git config --local --name-only --get-regexp ^includeIf\.gitdir:
consumer (ubuntu-24.04-arm, aarch64-linux-gnu)	Run actions/checkout@d23441a48e516b6c34aea4fa41551a30e30af803	2026-09-08T08:34:27.3375893Z includeif.gitdir:/home/runner/work/Aphid/Aphid/.git.path
consumer (ubuntu-24.04-arm, aarch64-linux-gnu)	Run actions/checkout@d23441a48e516b6c34aea4fa41551a30e30af803	2026-09-08T08:34:27.3377914Z includeif.gitdir:/home/runner/work/Aphid/Aphid/.git/worktrees/*.path
consumer (ubuntu-24.04-arm, aarch64-linux-gnu)	Run actions/checkout@d23441a48e516b6c34aea4fa41551a30e30af803	2026-09-08T08:34:27.3379506Z includeif.gitdir:/github/workspace/.git.path
consumer (ubuntu-24.04-arm, aarch64-linux-gnu)	Run actions/checkout@d23441a48e516b6c34aea4fa41551a30e30af803	2026-09-08T08:34:27.3380998Z includeif.gitdir:/github/workspace/.git/worktrees/*.path
consumer (ubuntu-24.04-arm, aarch64-linux-gnu)	Run actions/checkout@d23441a48e516b6c34aea4fa41551a30e30af803	2026-09-08T08:34:27.3384625Z [command]/usr/bin/git config --local --get-all includeif.gitdir:/home/runner/work/Aphid/Aphid/.git.path
consumer (ubuntu-24.04-arm, aarch64-linux-gnu)	Run actions/checkout@d23441a48e516b6c34aea4fa41551a30e30af803	2026-09-08T08:34:27.3405736Z /home/runner/work/_temp/git-credentials-534d23e4-069b-4e41-9d37-9a30b7264927.config
consumer (ubuntu-24.04-arm, aarch64-linux-gnu)	Run actions/checkout@d23441a48e516b6c34aea4fa41551a30e30af803	2026-09-08T08:34:27.3415811Z [command]/usr/bin/git config --local --unset includeif.gitdir:/home/runner/work/Aphid/Aphid/.git.path /home/runner/work/_temp/git-credentials-534d23e4-069b-4e41-9d37-9a30b7264927.config
consumer (ubuntu-24.04-arm, aarch64-linux-gnu)	Run actions/checkout@d23441a48e516b6c34aea4fa41551a30e30af803	2026-09-08T08:34:27.3444077Z [command]/usr/bin/git config --local --get-all includeif.gitdir:/home/runner/work/Aphid/Aphid/.git/worktrees/*.path
consumer (ubuntu-24.04-arm, aarch64-linux-gnu)	Run actions/checkout@d23441a48e516b6c34aea4fa41551a30e30af803	2026-09-08T08:34:27.3464786Z /home/runner/work/_temp/git-credentials-534d23e4-069b-4e41-9d37-9a30b7264927.config
consumer (ubuntu-24.04-arm, aarch64-linux-gnu)	Run actions/checkout@d23441a48e516b6c34aea4fa41551a30e30af803	2026-09-08T08:34:27.3473979Z [command]/usr/bin/git config --local --unset includeif.gitdir:/home/runner/work/Aphid/Aphid/.git/worktrees/*.path /home/runner/work/_temp/git-credentials-534d23e4-069b-4e41-9d37-9a30b7264927.config
consumer (ubuntu-24.04-arm, aarch64-linux-gnu)	Run actions/checkout@d23441a48e516b6c34aea4fa41551a30e30af803	2026-09-08T08:34:27.3500565Z [command]/usr/bin/git config --local --get-all includeif.gitdir:/github/workspace/.git.path
consumer (ubuntu-24.04-arm, aarch64-linux-gnu)	Run actions/checkout@d23441a48e516b6c34aea4fa41551a30e30af803	2026-09-08T08:34:27.3529320Z /github/runner_temp/git-credentials-534d23e4-069b-4e41-9d37-9a30b7264927.config
consumer (ubuntu-24.04-arm, aarch64-linux-gnu)	Run actions/checkout@d23441a48e516b6c34aea4fa41551a30e30af803	2026-09-08T08:34:27.3539150Z [command]/usr/bin/git config --local --unset includeif.gitdir:/github/workspace/.git.path /github/runner_temp/git-credentials-534d23e4-069b-4e41-9d37-9a30b7264927.config
consumer (ubuntu-24.04-arm, aarch64-linux-gnu)	Run actions/checkout@d23441a48e516b6c34aea4fa41551a30e30af803	2026-09-08T08:34:27.3560054Z [command]/usr/bin/git config --local --get-all includeif.gitdir:/github/workspace/.git/worktrees/*.path
consumer (ubuntu-24.04-arm, aarch64-linux-gnu)	Run actions/checkout@d23441a48e516b6c34aea4fa41551a30e30af803	2026-09-08T08:34:27.3580478Z /github/runner_temp/git-credentials-534d23e4-069b-4e41-9d37-9a30b7264927.config
consumer (ubuntu-24.04-arm, aarch64-linux-gnu)	Run actions/checkout@d23441a48e516b6c34aea4fa41551a30e30af803	2026-09-08T08:34:27.3587197Z [command]/usr/bin/git config --local --unset includeif.gitdir:/github/workspace/.git/worktrees/*.path /github/runner_temp/git-credentials-534d23e4-069b-4e41-9d37-9a30b7264927.config
consumer (ubuntu-24.04-arm, aarch64-linux-gnu)	Run actions/checkout@d23441a48e516b6c34aea4fa41551a30e30af803	2026-09-08T08:34:27.3617315Z [command]/usr/bin/git submodule foreach --recursive git config --local --show-origin --name-only --get-regexp remote.origin.url
consumer (ubuntu-24.04-arm, aarch64-linux-gnu)	Run actions/checkout@d23441a48e516b6c34aea4fa41551a30e30af803	2026-09-08T08:34:27.3794796Z Removing credentials config '/home/runner/work/_temp/git-credentials-534d23e4-069b-4e41-9d37-9a30b7264927.config'
consumer (ubuntu-24.04-arm, aarch64-linux-gnu)	Run actions/checkout@d23441a48e516b6c34aea4fa41551a30e30af803	2026-09-08T08:34:27.3802313Z ##[endgroup]
consumer (ubuntu-24.04-arm, aarch64-linux-gnu)	Run actions/setup-python@ece7cb06caefa5fff74198d8649806c4678c61a1	﻿2026-09-08T08:34:27.4124741Z ##[group]Run actions/setup-python@ece7cb06caefa5fff74198d8649806c4678c61a1
consumer (ubuntu-24.04-arm, aarch64-linux-gnu)	Run actions/setup-python@ece7cb06caefa5fff74198d8649806c4678c61a1	2026-09-08T08:34:27.4126218Z with:
consumer (ubuntu-24.04-arm, aarch64-linux-gnu)	Run actions/setup-python@ece7cb06caefa5fff74198d8649806c4678c61a1	2026-09-08T08:34:27.4126939Z   python-version: 3.14
consumer (ubuntu-24.04-arm, aarch64-linux-gnu)	Run actions/setup-python@ece7cb06caefa5fff74198d8649806c4678c61a1	2026-09-08T08:34:27.4127899Z   check-latest: false
consumer (ubuntu-24.04-arm, aarch64-linux-gnu)	Run actions/setup-python@ece7cb06caefa5fff74198d8649806c4678c61a1	2026-09-08T08:34:27.4134316Z   token: ***
consumer (ubuntu-24.04-arm, aarch64-linux-gnu)	Run actions/setup-python@ece7cb06caefa5fff74198d8649806c4678c61a1	2026-09-08T08:34:27.4135174Z   update-environment: true
consumer (ubuntu-24.04-arm, aarch64-linux-gnu)	Run actions/setup-python@ece7cb06caefa5fff74198d8649806c4678c61a1	2026-09-08T08:34:27.4136076Z   allow-prereleases: false
consumer (ubuntu-24.04-arm, aarch64-linux-gnu)	Run actions/setup-python@ece7cb06caefa5fff74198d8649806c4678c61a1	2026-09-08T08:34:27.4136905Z   freethreaded: false
consumer (ubuntu-24.04-arm, aarch64-linux-gnu)	Run actions/setup-python@ece7cb06caefa5fff74198d8649806c4678c61a1	2026-09-08T08:34:27.4137730Z ##[endgroup]
consumer (ubuntu-24.04-arm, aarch64-linux-gnu)	Run actions/setup-python@ece7cb06caefa5fff74198d8649806c4678c61a1	2026-09-08T08:34:27.5236276Z ##[group]Installed versions
consumer (ubuntu-24.04-arm, aarch64-linux-gnu)	Run actions/setup-python@ece7cb06caefa5fff74198d8649806c4678c61a1	2026-09-08T08:34:27.5606739Z Successfully set up CPython (3.14.7)
consumer (ubuntu-24.04-arm, aarch64-linux-gnu)	Run actions/setup-python@ece7cb06caefa5fff74198d8649806c4678c61a1	2026-09-08T08:34:27.5608405Z ##[endgroup]
consumer (ubuntu-24.04-arm, aarch64-linux-gnu)	Run erlef/setup-beam@54075bcc5e249e4758d363f27d099f55d843f124	﻿2026-09-08T08:34:27.5809559Z ##[group]Run erlef/setup-beam@54075bcc5e249e4758d363f27d099f55d843f124
consumer (ubuntu-24.04-arm, aarch64-linux-gnu)	Run erlef/setup-beam@54075bcc5e249e4758d363f27d099f55d843f124	2026-09-08T08:34:27.5810863Z with:
consumer (ubuntu-24.04-arm, aarch64-linux-gnu)	Run erlef/setup-beam@54075bcc5e249e4758d363f27d099f55d843f124	2026-09-08T08:34:27.5811545Z   otp-version: 29.0.4
consumer (ubuntu-24.04-arm, aarch64-linux-gnu)	Run erlef/setup-beam@54075bcc5e249e4758d363f27d099f55d843f124	2026-09-08T08:34:27.5812418Z   elixir-version: 1.20.0
consumer (ubuntu-24.04-arm, aarch64-linux-gnu)	Run erlef/setup-beam@54075bcc5e249e4758d363f27d099f55d843f124	2026-09-08T08:34:27.5818775Z   github-token: ***
consumer (ubuntu-24.04-arm, aarch64-linux-gnu)	Run erlef/setup-beam@54075bcc5e249e4758d363f27d099f55d843f124	2026-09-08T08:34:27.5819630Z   otp-architecture: 64
consumer (ubuntu-24.04-arm, aarch64-linux-gnu)	Run erlef/setup-beam@54075bcc5e249e4758d363f27d099f55d843f124	2026-09-08T08:34:27.5820395Z   install-hex: true
consumer (ubuntu-24.04-arm, aarch64-linux-gnu)	Run erlef/setup-beam@54075bcc5e249e4758d363f27d099f55d843f124	2026-09-08T08:34:27.5821141Z   install-rebar: true
consumer (ubuntu-24.04-arm, aarch64-linux-gnu)	Run erlef/setup-beam@54075bcc5e249e4758d363f27d099f55d843f124	2026-09-08T08:34:27.5821936Z   version-type: loose
consumer (ubuntu-24.04-arm, aarch64-linux-gnu)	Run erlef/setup-beam@54075bcc5e249e4758d363f27d099f55d843f124	2026-09-08T08:34:27.5822955Z   disable_problem_matchers: false
consumer (ubuntu-24.04-arm, aarch64-linux-gnu)	Run erlef/setup-beam@54075bcc5e249e4758d363f27d099f55d843f124	2026-09-08T08:34:27.5823875Z   hexpm-mirrors: https://builds.hex.pm
consumer (ubuntu-24.04-arm, aarch64-linux-gnu)	Run erlef/setup-beam@54075bcc5e249e4758d363f27d099f55d843f124	
consumer (ubuntu-24.04-arm, aarch64-linux-gnu)	Run erlef/setup-beam@54075bcc5e249e4758d363f27d099f55d843f124	2026-09-08T08:34:27.5824855Z env:
consumer (ubuntu-24.04-arm, aarch64-linux-gnu)	Run erlef/setup-beam@54075bcc5e249e4758d363f27d099f55d843f124	2026-09-08T08:34:27.5825659Z   pythonLocation: /opt/hostedtoolcache/Python/3.14.7/arm64
consumer (ubuntu-24.04-arm, aarch64-linux-gnu)	Run erlef/setup-beam@54075bcc5e249e4758d363f27d099f55d843f124	2026-09-08T08:34:27.5827078Z   PKG_CONFIG_PATH: /opt/hostedtoolcache/Python/3.14.7/arm64/lib/pkgconfig
consumer (ubuntu-24.04-arm, aarch64-linux-gnu)	Run erlef/setup-beam@54075bcc5e249e4758d363f27d099f55d843f124	2026-09-08T08:34:27.5828343Z   Python_ROOT_DIR: /opt/hostedtoolcache/Python/3.14.7/arm64
consumer (ubuntu-24.04-arm, aarch64-linux-gnu)	Run erlef/setup-beam@54075bcc5e249e4758d363f27d099f55d843f124	2026-09-08T08:34:27.5829504Z   Python2_ROOT_DIR: /opt/hostedtoolcache/Python/3.14.7/arm64
consumer (ubuntu-24.04-arm, aarch64-linux-gnu)	Run erlef/setup-beam@54075bcc5e249e4758d363f27d099f55d843f124	2026-09-08T08:34:27.5830888Z   Python3_ROOT_DIR: /opt/hostedtoolcache/Python/3.14.7/arm64
consumer (ubuntu-24.04-arm, aarch64-linux-gnu)	Run erlef/setup-beam@54075bcc5e249e4758d363f27d099f55d843f124	2026-09-08T08:34:27.5832053Z   LD_LIBRARY_PATH: /opt/hostedtoolcache/Python/3.14.7/arm64/lib
consumer (ubuntu-24.04-arm, aarch64-linux-gnu)	Run erlef/setup-beam@54075bcc5e249e4758d363f27d099f55d843f124	2026-09-08T08:34:27.5833355Z ##[endgroup]
consumer (ubuntu-24.04-arm, aarch64-linux-gnu)	Run erlef/setup-beam@54075bcc5e249e4758d363f27d099f55d843f124	2026-09-08T08:34:27.7608395Z ##[group]Installing Erlang/OTP OTP-29.0.4 - built on arm64/ubuntu-24.04
consumer (ubuntu-24.04-arm, aarch64-linux-gnu)	Run erlef/setup-beam@54075bcc5e249e4758d363f27d099f55d843f124	2026-09-08T08:34:28.0987221Z [command]/usr/bin/tar zx --strip-components=1 --warning=no-unknown-keyword --overwrite -C /home/runner/work/_temp/e9142909-5fce-4295-854b-861c8267cc39 -f /home/runner/work/_temp/0e339786-a5cb-44ce-b73b-10052ff796ff
consumer (ubuntu-24.04-arm, aarch64-linux-gnu)	Run erlef/setup-beam@54075bcc5e249e4758d363f27d099f55d843f124	2026-09-08T08:34:30.2058787Z [command]/home/runner/work/_temp/.setup-beam/otp/Install -minimal /home/runner/work/_temp/.setup-beam/otp
consumer (ubuntu-24.04-arm, aarch64-linux-gnu)	Run erlef/setup-beam@54075bcc5e249e4758d363f27d099f55d843f124	2026-09-08T08:34:30.2300522Z Installed Erlang/OTP version
consumer (ubuntu-24.04-arm, aarch64-linux-gnu)	Run erlef/setup-beam@54075bcc5e249e4758d363f27d099f55d843f124	2026-09-08T08:34:30.2315826Z [command]/home/runner/work/_temp/.setup-beam/otp/bin/erl -version
consumer (ubuntu-24.04-arm, aarch64-linux-gnu)	Run erlef/setup-beam@54075bcc5e249e4758d363f27d099f55d843f124	2026-09-08T08:34:30.2409554Z Erlang (SMP,ASYNC_THREADS) (BEAM) emulator version 17.0.4
consumer (ubuntu-24.04-arm, aarch64-linux-gnu)	Run erlef/setup-beam@54075bcc5e249e4758d363f27d099f55d843f124	2026-09-08T08:34:30.2437079Z ##[endgroup]
consumer (ubuntu-24.04-arm, aarch64-linux-gnu)	Run erlef/setup-beam@54075bcc5e249e4758d363f27d099f55d843f124	2026-09-08T08:34:30.2438113Z [command]/home/runner/work/_temp/.setup-beam/otp/bin/erl -noshell -eval io:format(erlang:system_info(otp_release)), halt().
consumer (ubuntu-24.04-arm, aarch64-linux-gnu)	Run erlef/setup-beam@54075bcc5e249e4758d363f27d099f55d843f124	2026-09-08T08:34:30.3910328Z 29::debug::Was not able to coerce latest with semver
consumer (ubuntu-24.04-arm, aarch64-linux-gnu)	Run erlef/setup-beam@54075bcc5e249e4758d363f27d099f55d843f124	2026-09-08T08:34:30.3923501Z Using Elixir 1.20.0 (built for Erlang/OTP 29)
consumer (ubuntu-24.04-arm, aarch64-linux-gnu)	Run erlef/setup-beam@54075bcc5e249e4758d363f27d099f55d843f124	2026-09-08T08:34:30.3924740Z ##[group]Installing Elixir v1.20.0-otp-29
consumer (ubuntu-24.04-arm, aarch64-linux-gnu)	Run erlef/setup-beam@54075bcc5e249e4758d363f27d099f55d843f124	2026-09-08T08:34:30.4718050Z [command]/usr/bin/unzip -o -q /home/runner/work/_temp/2605fa21-111f-4349-bd76-852a9f3849f7
consumer (ubuntu-24.04-arm, aarch64-linux-gnu)	Run erlef/setup-beam@54075bcc5e249e4758d363f27d099f55d843f124	2026-09-08T08:34:30.7766267Z Installed Elixir version
consumer (ubuntu-24.04-arm, aarch64-linux-gnu)	Run erlef/setup-beam@54075bcc5e249e4758d363f27d099f55d843f124	2026-09-08T08:34:30.7780826Z [command]/home/runner/work/_temp/.setup-beam/elixir/bin/elixir -v
consumer (ubuntu-24.04-arm, aarch64-linux-gnu)	Run erlef/setup-beam@54075bcc5e249e4758d363f27d099f55d843f124	2026-09-08T08:34:30.9608911Z Erlang/OTP 29 [erts-17.0.4] [source] [64-bit] [smp:4:4] [ds:4:4:10] [async-threads:1] [jit]
consumer (ubuntu-24.04-arm, aarch64-linux-gnu)	Run erlef/setup-beam@54075bcc5e249e4758d363f27d099f55d843f124	2026-09-08T08:34:30.9609610Z 
consumer (ubuntu-24.04-arm, aarch64-linux-gnu)	Run erlef/setup-beam@54075bcc5e249e4758d363f27d099f55d843f124	2026-09-08T08:34:30.9646013Z Elixir 1.20.0 (compiled with Erlang/OTP 29)
consumer (ubuntu-24.04-arm, aarch64-linux-gnu)	Run erlef/setup-beam@54075bcc5e249e4758d363f27d099f55d843f124	2026-09-08T08:34:30.9692573Z ##[endgroup]
consumer (ubuntu-24.04-arm, aarch64-linux-gnu)	Run erlef/setup-beam@54075bcc5e249e4758d363f27d099f55d843f124	2026-09-08T08:34:30.9694066Z ##[group]Running mix local.rebar,--force
consumer (ubuntu-24.04-arm, aarch64-linux-gnu)	Run erlef/setup-beam@54075bcc5e249e4758d363f27d099f55d843f124	2026-09-08T08:34:30.9704039Z [command]/home/runner/work/_temp/.setup-beam/elixir/bin/mix local.rebar --force
consumer (ubuntu-24.04-arm, aarch64-linux-gnu)	Run erlef/setup-beam@54075bcc5e249e4758d363f27d099f55d843f124	2026-09-08T08:34:31.6476857Z * creating /home/runner/.mix/elixir/1-20-otp-29/rebar3
consumer (ubuntu-24.04-arm, aarch64-linux-gnu)	Run erlef/setup-beam@54075bcc5e249e4758d363f27d099f55d843f124	2026-09-08T08:34:31.6531440Z ##[endgroup]
consumer (ubuntu-24.04-arm, aarch64-linux-gnu)	Run erlef/setup-beam@54075bcc5e249e4758d363f27d099f55d843f124	2026-09-08T08:34:31.6532124Z ##[group]Running mix local.hex,--force
consumer (ubuntu-24.04-arm, aarch64-linux-gnu)	Run erlef/setup-beam@54075bcc5e249e4758d363f27d099f55d843f124	2026-09-08T08:34:31.6549603Z [command]/home/runner/work/_temp/.setup-beam/elixir/bin/mix local.hex --force
consumer (ubuntu-24.04-arm, aarch64-linux-gnu)	Run erlef/setup-beam@54075bcc5e249e4758d363f27d099f55d843f124	2026-09-08T08:34:32.3467924Z * creating /home/runner/.mix/archives/hex-2.5.1
consumer (ubuntu-24.04-arm, aarch64-linux-gnu)	Run erlef/setup-beam@54075bcc5e249e4758d363f27d099f55d843f124	2026-09-08T08:34:32.3528450Z ##[endgroup]
consumer (ubuntu-24.04-arm, aarch64-linux-gnu)	Install consumer proof prerequisites	﻿2026-09-08T08:34:32.3701083Z ##[group]Run sudo apt-get update
consumer (ubuntu-24.04-arm, aarch64-linux-gnu)	Install consumer proof prerequisites	2026-09-08T08:34:32.3701718Z ^[[36;1msudo apt-get update^[[0m
consumer (ubuntu-24.04-arm, aarch64-linux-gnu)	Install consumer proof prerequisites	2026-09-08T08:34:32.3702082Z ^[[36;1msudo apt-get install --yes bubblewrap binutils^[[0m
consumer (ubuntu-24.04-arm, aarch64-linux-gnu)	Install consumer proof prerequisites	2026-09-08T08:34:32.3702476Z ^[[36;1mmix local.hex --force^[[0m
consumer (ubuntu-24.04-arm, aarch64-linux-gnu)	Install consumer proof prerequisites	2026-09-08T08:34:32.3812409Z shell: /usr/bin/bash -e {0}
consumer (ubuntu-24.04-arm, aarch64-linux-gnu)	Install consumer proof prerequisites	2026-09-08T08:34:32.3813356Z env:
consumer (ubuntu-24.04-arm, aarch64-linux-gnu)	Install consumer proof prerequisites	2026-09-08T08:34:32.3813711Z   pythonLocation: /opt/hostedtoolcache/Python/3.14.7/arm64
consumer (ubuntu-24.04-arm, aarch64-linux-gnu)	Install consumer proof prerequisites	2026-09-08T08:34:32.3814251Z   PKG_CONFIG_PATH: /opt/hostedtoolcache/Python/3.14.7/arm64/lib/pkgconfig
consumer (ubuntu-24.04-arm, aarch64-linux-gnu)	Install consumer proof prerequisites	2026-09-08T08:34:32.3814708Z   Python_ROOT_DIR: /opt/hostedtoolcache/Python/3.14.7/arm64
consumer (ubuntu-24.04-arm, aarch64-linux-gnu)	Install consumer proof prerequisites	2026-09-08T08:34:32.3815115Z   Python2_ROOT_DIR: /opt/hostedtoolcache/Python/3.14.7/arm64
consumer (ubuntu-24.04-arm, aarch64-linux-gnu)	Install consumer proof prerequisites	2026-09-08T08:34:32.3815594Z   Python3_ROOT_DIR: /opt/hostedtoolcache/Python/3.14.7/arm64
consumer (ubuntu-24.04-arm, aarch64-linux-gnu)	Install consumer proof prerequisites	2026-09-08T08:34:32.3816001Z   LD_LIBRARY_PATH: /opt/hostedtoolcache/Python/3.14.7/arm64/lib
consumer (ubuntu-24.04-arm, aarch64-linux-gnu)	Install consumer proof prerequisites	2026-09-08T08:34:32.3816444Z   INSTALL_DIR_FOR_OTP: /home/runner/work/_temp/.setup-beam/otp
consumer (ubuntu-24.04-arm, aarch64-linux-gnu)	Install consumer proof prerequisites	2026-09-08T08:34:32.3817002Z   INSTALL_DIR_FOR_ELIXIR: /home/runner/work/_temp/.setup-beam/elixir
consumer (ubuntu-24.04-arm, aarch64-linux-gnu)	Install consumer proof prerequisites	2026-09-08T08:34:32.3817507Z ##[endgroup]
consumer (ubuntu-24.04-arm, aarch64-linux-gnu)	Install consumer proof prerequisites	2026-09-08T08:34:32.4663122Z Get:1 https://packages.microsoft.com/ubuntu/24.04/prod noble InRelease [3600 B]
consumer (ubuntu-24.04-arm, aarch64-linux-gnu)	Install consumer proof prerequisites	2026-09-08T08:34:32.5163892Z Get:2 https://packages.microsoft.com/ubuntu/24.04/prod noble/main arm64 Packages [394 kB]
consumer (ubuntu-24.04-arm, aarch64-linux-gnu)	Install consumer proof prerequisites	2026-09-08T08:34:32.5291432Z Get:3 https://packages.microsoft.com/ubuntu/24.04/prod noble/main amd64 Packages [441 kB]
consumer (ubuntu-24.04-arm, aarch64-linux-gnu)	Install consumer proof prerequisites	2026-09-08T08:34:32.6279175Z Hit:4 http://ports.ubuntu.com/ubuntu-ports noble InRelease
consumer (ubuntu-24.04-arm, aarch64-linux-gnu)	Install consumer proof prerequisites	2026-09-08T08:34:32.6549279Z Get:5 http://ports.ubuntu.com/ubuntu-ports noble-updates InRelease [126 kB]
consumer (ubuntu-24.04-arm, aarch64-linux-gnu)	Install consumer proof prerequisites	2026-09-08T08:34:32.7726201Z Get:6 http://ports.ubuntu.com/ubuntu-ports noble-backports InRelease [126 kB]
consumer (ubuntu-24.04-arm, aarch64-linux-gnu)	Install consumer proof prerequisites	2026-09-08T08:34:32.8282074Z Get:7 http://ports.ubuntu.com/ubuntu-ports noble-security InRelease [126 kB]
consumer (ubuntu-24.04-arm, aarch64-linux-gnu)	Install consumer proof prerequisites	2026-09-08T08:34:32.8673280Z Get:8 http://ports.ubuntu.com/ubuntu-ports noble-updates/main arm64 Packages [1318 kB]
consumer (ubuntu-24.04-arm, aarch64-linux-gnu)	Install consumer proof prerequisites	2026-09-08T08:34:32.9885051Z Get:9 http://ports.ubuntu.com/ubuntu-ports noble-updates/main Translation-en [292 kB]
consumer (ubuntu-24.04-arm, aarch64-linux-gnu)	Install consumer proof prerequisites	2026-09-08T08:34:33.0201624Z Get:10 http://ports.ubuntu.com/ubuntu-ports noble-updates/main arm64 Components [178 kB]
consumer (ubuntu-24.04-arm, aarch64-linux-gnu)	Install consumer proof prerequisites	2026-09-08T08:34:33.0491883Z Get:11 http://ports.ubuntu.com/ubuntu-ports noble-updates/universe arm64 Packages [1731 kB]
consumer (ubuntu-24.04-arm, aarch64-linux-gnu)	Install consumer proof prerequisites	2026-09-08T08:34:33.1298504Z Get:12 http://ports.ubuntu.com/ubuntu-ports noble-updates/universe Translation-en [339 kB]
consumer (ubuntu-24.04-arm, aarch64-linux-gnu)	Install consumer proof prerequisites	2026-09-08T08:34:33.1614103Z Get:13 http://ports.ubuntu.com/ubuntu-ports noble-updates/universe arm64 Components [387 kB]
consumer (ubuntu-24.04-arm, aarch64-linux-gnu)	Install consumer proof prerequisites	2026-09-08T08:34:33.1908048Z Get:14 http://ports.ubuntu.com/ubuntu-ports noble-updates/restricted arm64 Packages [2320 kB]
consumer (ubuntu-24.04-arm, aarch64-linux-gnu)	Install consumer proof prerequisites	2026-09-08T08:34:33.2517808Z Get:15 http://ports.ubuntu.com/ubuntu-ports noble-updates/restricted Translation-en [352 kB]
consumer (ubuntu-24.04-arm, aarch64-linux-gnu)	Install consumer proof prerequisites	2026-09-08T08:34:33.2804514Z Get:16 http://ports.ubuntu.com/ubuntu-ports noble-backports/main arm64 Components [3576 B]
consumer (ubuntu-24.04-arm, aarch64-linux-gnu)	Install consumer proof prerequisites	2026-09-08T08:34:33.3075677Z Get:17 http://ports.ubuntu.com/ubuntu-ports noble-backports/universe arm64 Components [12.6 kB]
consumer (ubuntu-24.04-arm, aarch64-linux-gnu)	Install consumer proof prerequisites	2026-09-08T08:34:33.4014352Z Get:18 http://ports.ubuntu.com/ubuntu-ports noble-security/main arm64 Packages [1065 kB]
consumer (ubuntu-24.04-arm, aarch64-linux-gnu)	Install consumer proof prerequisites	2026-09-08T08:34:33.4341000Z Get:19 http://ports.ubuntu.com/ubuntu-ports noble-security/main Translation-en [212 kB]
consumer (ubuntu-24.04-arm, aarch64-linux-gnu)	Install consumer proof prerequisites	2026-09-08T08:34:33.4619954Z Get:20 http://ports.ubuntu.com/ubuntu-ports noble-security/main arm64 Components [43.3 kB]
consumer (ubuntu-24.04-arm, aarch64-linux-gnu)	Install consumer proof prerequisites	2026-09-08T08:34:33.4892271Z Get:21 http://ports.ubuntu.com/ubuntu-ports noble-security/universe arm64 Packages [1280 kB]
consumer (ubuntu-24.04-arm, aarch64-linux-gnu)	Install consumer proof prerequisites	2026-09-08T08:34:33.5230404Z Get:22 http://ports.ubuntu.com/ubuntu-ports noble-security/universe Translation-en [241 kB]
consumer (ubuntu-24.04-arm, aarch64-linux-gnu)	Install consumer proof prerequisites	2026-09-08T08:34:33.5510457Z Get:23 http://ports.ubuntu.com/ubuntu-ports noble-security/universe arm64 Components [76.2 kB]
consumer (ubuntu-24.04-arm, aarch64-linux-gnu)	Install consumer proof prerequisites	2026-09-08T08:34:33.5784618Z Get:24 http://ports.ubuntu.com/ubuntu-ports noble-security/restricted arm64 Packages [2210 kB]
consumer (ubuntu-24.04-arm, aarch64-linux-gnu)	Install consumer proof prerequisites	2026-09-08T08:34:33.6174725Z Get:25 http://ports.ubuntu.com/ubuntu-ports noble-security/restricted Translation-en [334 kB]
consumer (ubuntu-24.04-arm, aarch64-linux-gnu)	Install consumer proof prerequisites	2026-09-08T08:34:37.2183242Z Fetched 13.6 MB in 1s (9158 kB/s)
consumer (ubuntu-24.04-arm, aarch64-linux-gnu)	Install consumer proof prerequisites	2026-09-08T08:34:38.0879476Z Reading package lists...
consumer (ubuntu-24.04-arm, aarch64-linux-gnu)	Install consumer proof prerequisites	2026-09-08T08:34:38.1174343Z Reading package lists...
consumer (ubuntu-24.04-arm, aarch64-linux-gnu)	Install consumer proof prerequisites	2026-09-08T08:34:38.3424030Z Building dependency tree...
consumer (ubuntu-24.04-arm, aarch64-linux-gnu)	Install consumer proof prerequisites	2026-09-08T08:34:38.3429390Z Reading state information...
consumer (ubuntu-24.04-arm, aarch64-linux-gnu)	Install consumer proof prerequisites	2026-09-08T08:34:38.5737623Z binutils is already the newest version (2.42-4ubuntu2.10).
consumer (ubuntu-24.04-arm, aarch64-linux-gnu)	Install consumer proof prerequisites	2026-09-08T08:34:38.5738237Z The following NEW packages will be installed:
consumer (ubuntu-24.04-arm, aarch64-linux-gnu)	Install consumer proof prerequisites	2026-09-08T08:34:38.5743836Z   bubblewrap
consumer (ubuntu-24.04-arm, aarch64-linux-gnu)	Install consumer proof prerequisites	2026-09-08T08:34:38.9265284Z 0 upgraded, 1 newly installed, 0 to remove and 43 not upgraded.
consumer (ubuntu-24.04-arm, aarch64-linux-gnu)	Install consumer proof prerequisites	2026-09-08T08:34:38.9265835Z Need to get 49.7 kB of archives.
consumer (ubuntu-24.04-arm, aarch64-linux-gnu)	Install consumer proof prerequisites	2026-09-08T08:34:38.9266549Z After this operation, 129 kB of additional disk space will be used.
consumer (ubuntu-24.04-arm, aarch64-linux-gnu)	Install consumer proof prerequisites	2026-09-08T08:34:38.9267191Z Get:1 http://ports.ubuntu.com/ubuntu-ports noble-updates/main arm64 bubblewrap arm64 0.9.0-1ubuntu0.1 [49.7 kB]
consumer (ubuntu-24.04-arm, aarch64-linux-gnu)	Install consumer proof prerequisites	2026-09-08T08:34:39.4234802Z Fetched 49.7 kB in 1s (83.3 kB/s)
consumer (ubuntu-24.04-arm, aarch64-linux-gnu)	Install consumer proof prerequisites	2026-09-08T08:34:39.4435489Z Selecting previously unselected package bubblewrap.
consumer (ubuntu-24.04-arm, aarch64-linux-gnu)	Install consumer proof prerequisites	2026-09-08T08:34:39.4633230Z (Reading database ... 
consumer (ubuntu-24.04-arm, aarch64-linux-gnu)	Install consumer proof prerequisites	2026-09-08T08:34:39.4633905Z (Reading database ... 5%
consumer (ubuntu-24.04-arm, aarch64-linux-gnu)	Install consumer proof prerequisites	2026-09-08T08:34:39.4634643Z (Reading database ... 10%
consumer (ubuntu-24.04-arm, aarch64-linux-gnu)	Install consumer proof prerequisites	2026-09-08T08:34:39.4635270Z (Reading database ... 15%
consumer (ubuntu-24.04-arm, aarch64-linux-gnu)	Install consumer proof prerequisites	2026-09-08T08:34:39.4635731Z (Reading database ... 20%
consumer (ubuntu-24.04-arm, aarch64-linux-gnu)	Install consumer proof prerequisites	2026-09-08T08:34:39.4636255Z (Reading database ... 25%
consumer (ubuntu-24.04-arm, aarch64-linux-gnu)	Install consumer proof prerequisites	2026-09-08T08:34:39.4636727Z (Reading database ... 30%
consumer (ubuntu-24.04-arm, aarch64-linux-gnu)	Install consumer proof prerequisites	2026-09-08T08:34:39.4637225Z (Reading database ... 35%
consumer (ubuntu-24.04-arm, aarch64-linux-gnu)	Install consumer proof prerequisites	2026-09-08T08:34:39.4637687Z (Reading database ... 40%
consumer (ubuntu-24.04-arm, aarch64-linux-gnu)	Install consumer proof prerequisites	2026-09-08T08:34:39.4638189Z (Reading database ... 45%
consumer (ubuntu-24.04-arm, aarch64-linux-gnu)	Install consumer proof prerequisites	2026-09-08T08:34:39.4638629Z (Reading database ... 50%
consumer (ubuntu-24.04-arm, aarch64-linux-gnu)	Install consumer proof prerequisites	2026-09-08T08:34:39.4793484Z (Reading database ... 55%
consumer (ubuntu-24.04-arm, aarch64-linux-gnu)	Install consumer proof prerequisites	2026-09-08T08:34:39.6418346Z (Reading database ... 60%
consumer (ubuntu-24.04-arm, aarch64-linux-gnu)	Install consumer proof prerequisites	2026-09-08T08:34:39.8343519Z (Reading database ... 65%
consumer (ubuntu-24.04-arm, aarch64-linux-gnu)	Install consumer proof prerequisites	2026-09-08T08:34:39.9915691Z (Reading database ... 70%
consumer (ubuntu-24.04-arm, aarch64-linux-gnu)	Install consumer proof prerequisites	2026-09-08T08:34:40.0217425Z (Reading database ... 75%
consumer (ubuntu-24.04-arm, aarch64-linux-gnu)	Install consumer proof prerequisites	2026-09-08T08:34:40.1005324Z (Reading database ... 80%
consumer (ubuntu-24.04-arm, aarch64-linux-gnu)	Install consumer proof prerequisites	2026-09-08T08:34:40.3333706Z (Reading database ... 85%
consumer (ubuntu-24.04-arm, aarch64-linux-gnu)	Install consumer proof prerequisites	2026-09-08T08:34:40.5429967Z (Reading database ... 90%
consumer (ubuntu-24.04-arm, aarch64-linux-gnu)	Install consumer proof prerequisites	2026-09-08T08:34:40.7534275Z (Reading database ... 95%
consumer (ubuntu-24.04-arm, aarch64-linux-gnu)	Install consumer proof prerequisites	2026-09-08T08:34:40.7534797Z (Reading database ... 100%
consumer (ubuntu-24.04-arm, aarch64-linux-gnu)	Install consumer proof prerequisites	2026-09-08T08:34:40.7535441Z (Reading database ... 200999 files and directories currently installed.)
consumer (ubuntu-24.04-arm, aarch64-linux-gnu)	Install consumer proof prerequisites	2026-09-08T08:34:40.7579815Z Preparing to unpack .../bubblewrap_0.9.0-1ubuntu0.1_arm64.deb ...
consumer (ubuntu-24.04-arm, aarch64-linux-gnu)	Install consumer proof prerequisites	2026-09-08T08:34:40.7606467Z Unpacking bubblewrap (0.9.0-1ubuntu0.1) ...
consumer (ubuntu-24.04-arm, aarch64-linux-gnu)	Install consumer proof prerequisites	2026-09-08T08:34:40.8029639Z Setting up bubblewrap (0.9.0-1ubuntu0.1) ...
consumer (ubuntu-24.04-arm, aarch64-linux-gnu)	Install consumer proof prerequisites	2026-09-08T08:34:40.8084513Z Processing triggers for man-db (2.12.0-4build2) ...
consumer (ubuntu-24.04-arm, aarch64-linux-gnu)	Install consumer proof prerequisites	2026-09-08T08:34:40.8110410Z Not building database; man-db/auto-update is not 'true'.
consumer (ubuntu-24.04-arm, aarch64-linux-gnu)	Install consumer proof prerequisites	2026-09-08T08:34:42.9643027Z 
consumer (ubuntu-24.04-arm, aarch64-linux-gnu)	Install consumer proof prerequisites	2026-09-08T08:34:42.9643909Z Running kernel seems to be up-to-date.
consumer (ubuntu-24.04-arm, aarch64-linux-gnu)	Install consumer proof prerequisites	2026-09-08T08:34:42.9644587Z 
consumer (ubuntu-24.04-arm, aarch64-linux-gnu)	Install consumer proof prerequisites	2026-09-08T08:34:42.9644772Z No services need to be restarted.
consumer (ubuntu-24.04-arm, aarch64-linux-gnu)	Install consumer proof prerequisites	2026-09-08T08:34:42.9644968Z 
consumer (ubuntu-24.04-arm, aarch64-linux-gnu)	Install consumer proof prerequisites	2026-09-08T08:34:42.9645105Z No containers need to be restarted.
consumer (ubuntu-24.04-arm, aarch64-linux-gnu)	Install consumer proof prerequisites	2026-09-08T08:34:42.9645284Z 
consumer (ubuntu-24.04-arm, aarch64-linux-gnu)	Install consumer proof prerequisites	2026-09-08T08:34:42.9645907Z No user sessions are running outdated binaries.
consumer (ubuntu-24.04-arm, aarch64-linux-gnu)	Install consumer proof prerequisites	2026-09-08T08:34:42.9646152Z 
consumer (ubuntu-24.04-arm, aarch64-linux-gnu)	Install consumer proof prerequisites	2026-09-08T08:34:42.9646397Z No VM guests are running outdated hypervisor (qemu) binaries on this host.
consumer (ubuntu-24.04-arm, aarch64-linux-gnu)	Install consumer proof prerequisites	2026-09-08T08:34:44.8076071Z * creating /home/runner/.mix/archives/hex-2.5.1
consumer (ubuntu-24.04-arm, aarch64-linux-gnu)	Verify current package with exact reviewed native archive	﻿2026-09-08T08:34:44.8193528Z ##[group]Run set -o pipefail
consumer (ubuntu-24.04-arm, aarch64-linux-gnu)	Verify current package with exact reviewed native archive	2026-09-08T08:34:44.8194013Z ^[[36;1mset -o pipefail^[[0m
consumer (ubuntu-24.04-arm, aarch64-linux-gnu)	Verify current package with exact reviewed native archive	2026-09-08T08:34:44.8194700Z ^[[36;1mpython3 -u scripts/linux_consumer_ci.py --target "$APHID_TARGET" --work "$RUNNER_TEMP/aphid-current-consumer" 2>&1 | tee "$RUNNER_TEMP/current-consumer.log"^[[0m
consumer (ubuntu-24.04-arm, aarch64-linux-gnu)	Verify current package with exact reviewed native archive	2026-09-08T08:34:44.8248349Z shell: /usr/bin/bash -e {0}
consumer (ubuntu-24.04-arm, aarch64-linux-gnu)	Verify current package with exact reviewed native archive	2026-09-08T08:34:44.8248804Z env:
consumer (ubuntu-24.04-arm, aarch64-linux-gnu)	Verify current package with exact reviewed native archive	2026-09-08T08:34:44.8249097Z   pythonLocation: /opt/hostedtoolcache/Python/3.14.7/arm64
consumer (ubuntu-24.04-arm, aarch64-linux-gnu)	Verify current package with exact reviewed native archive	2026-09-08T08:34:44.8249533Z   PKG_CONFIG_PATH: /opt/hostedtoolcache/Python/3.14.7/arm64/lib/pkgconfig
consumer (ubuntu-24.04-arm, aarch64-linux-gnu)	Verify current package with exact reviewed native archive	2026-09-08T08:34:44.8250081Z   Python_ROOT_DIR: /opt/hostedtoolcache/Python/3.14.7/arm64
consumer (ubuntu-24.04-arm, aarch64-linux-gnu)	Verify current package with exact reviewed native archive	2026-09-08T08:34:44.8250483Z   Python2_ROOT_DIR: /opt/hostedtoolcache/Python/3.14.7/arm64
consumer (ubuntu-24.04-arm, aarch64-linux-gnu)	Verify current package with exact reviewed native archive	2026-09-08T08:34:44.8250944Z   Python3_ROOT_DIR: /opt/hostedtoolcache/Python/3.14.7/arm64
consumer (ubuntu-24.04-arm, aarch64-linux-gnu)	Verify current package with exact reviewed native archive	2026-09-08T08:34:44.8251363Z   LD_LIBRARY_PATH: /opt/hostedtoolcache/Python/3.14.7/arm64/lib
consumer (ubuntu-24.04-arm, aarch64-linux-gnu)	Verify current package with exact reviewed native archive	2026-09-08T08:34:44.8251800Z   INSTALL_DIR_FOR_OTP: /home/runner/work/_temp/.setup-beam/otp
consumer (ubuntu-24.04-arm, aarch64-linux-gnu)	Verify current package with exact reviewed native archive	2026-09-08T08:34:44.8252385Z   INSTALL_DIR_FOR_ELIXIR: /home/runner/work/_temp/.setup-beam/elixir
consumer (ubuntu-24.04-arm, aarch64-linux-gnu)	Verify current package with exact reviewed native archive	2026-09-08T08:34:44.8255646Z   GH_TOKEN: ***
consumer (ubuntu-24.04-arm, aarch64-linux-gnu)	Verify current package with exact reviewed native archive	2026-09-08T08:34:44.8255966Z   APHID_TARGET: aarch64-linux-gnu
consumer (ubuntu-24.04-arm, aarch64-linux-gnu)	Verify current package with exact reviewed native archive	2026-09-08T08:34:44.8256238Z ##[endgroup]
consumer (ubuntu-24.04-arm, aarch64-linux-gnu)	Verify current package with exact reviewed native archive	2026-09-08T08:34:52.3734918Z {"command": ["gh", "run", "download", "34193449987", "--repo", "catethos/Aphid", "--name", "validation-aarch64-linux-gnu-34193449987-1", "--dir", "/home/runner/work/_temp/aphid-current-consumer/retained"], "cwd": "/home/runner/work/Aphid/Aphid", "exit": 0, "seconds": 1.717}
consumer (ubuntu-24.04-arm, aarch64-linux-gnu)	Verify current package with exact reviewed native archive	2026-09-08T08:34:52.9139991Z Building aphid 0.1.0-dev
consumer (ubuntu-24.04-arm, aarch64-linux-gnu)	Verify current package with exact reviewed native archive	2026-09-08T08:34:52.9140815Z   Dependencies:
consumer (ubuntu-24.04-arm, aarch64-linux-gnu)	Verify current package with exact reviewed native archive	2026-09-08T08:34:52.9141978Z     zigler == 0.16.0 (app: zigler)
consumer (ubuntu-24.04-arm, aarch64-linux-gnu)	Verify current package with exact reviewed native archive	2026-09-08T08:34:52.9142432Z     telemetry ~> 1.3 (app: telemetry)
consumer (ubuntu-24.04-arm, aarch64-linux-gnu)	Verify current package with exact reviewed native archive	2026-09-08T08:34:52.9181747Z   App: aphid
consumer (ubuntu-24.04-arm, aarch64-linux-gnu)	Verify current package with exact reviewed native archive	2026-09-08T08:34:52.9182248Z   Name: aphid
consumer (ubuntu-24.04-arm, aarch64-linux-gnu)	Verify current package with exact reviewed native archive	2026-09-08T08:34:52.9183573Z   Files:
consumer (ubuntu-24.04-arm, aarch64-linux-gnu)	Verify current package with exact reviewed native archive	2026-09-08T08:34:52.9184019Z     mix.exs
consumer (ubuntu-24.04-arm, aarch64-linux-gnu)	Verify current package with exact reviewed native archive	2026-09-08T08:34:52.9184247Z     mix.lock
consumer (ubuntu-24.04-arm, aarch64-linux-gnu)	Verify current package with exact reviewed native archive	2026-09-08T08:34:52.9187192Z     mix/aphid_bundle.exs
consumer (ubuntu-24.04-arm, aarch64-linux-gnu)	Verify current package with exact reviewed native archive	2026-09-08T08:34:52.9188211Z     lib/aphid.ex
consumer (ubuntu-24.04-arm, aarch64-linux-gnu)	Verify current package with exact reviewed native archive	2026-09-08T08:34:52.9188569Z     lib/aphid/application.ex
consumer (ubuntu-24.04-arm, aarch64-linux-gnu)	Verify current package with exact reviewed native archive	2026-09-08T08:34:52.9189009Z     lib/aphid/bundle_loader.ex
consumer (ubuntu-24.04-arm, aarch64-linux-gnu)	Verify current package with exact reviewed native archive	2026-09-08T08:34:52.9189333Z     lib/aphid/database.ex
consumer (ubuntu-24.04-arm, aarch64-linux-gnu)	Verify current package with exact reviewed native archive	2026-09-08T08:34:52.9189651Z     lib/aphid/error.ex
consumer (ubuntu-24.04-arm, aarch64-linux-gnu)	Verify current package with exact reviewed native archive	2026-09-08T08:34:52.9189913Z     lib/aphid/native.ex
consumer (ubuntu-24.04-arm, aarch64-linux-gnu)	Verify current package with exact reviewed native archive	2026-09-08T08:34:52.9190164Z     lib/aphid/options.ex
consumer (ubuntu-24.04-arm, aarch64-linux-gnu)	Verify current package with exact reviewed native archive	2026-09-08T08:34:52.9190476Z     lib/aphid/proof.ex
consumer (ubuntu-24.04-arm, aarch64-linux-gnu)	Verify current package with exact reviewed native archive	2026-09-08T08:34:52.9190752Z     lib/aphid/result.ex
consumer (ubuntu-24.04-arm, aarch64-linux-gnu)	Verify current package with exact reviewed native archive	2026-09-08T08:34:52.9191037Z     lib/aphid/stream.ex
consumer (ubuntu-24.04-arm, aarch64-linux-gnu)	Verify current package with exact reviewed native archive	2026-09-08T08:34:52.9191340Z     lib/aphid/telemetry.ex
consumer (ubuntu-24.04-arm, aarch64-linux-gnu)	Verify current package with exact reviewed native archive	2026-09-08T08:34:52.9191602Z     lib/aphid/transaction.ex
consumer (ubuntu-24.04-arm, aarch64-linux-gnu)	Verify current package with exact reviewed native archive	2026-09-08T08:34:52.9191908Z     lib/aphid/value.ex
consumer (ubuntu-24.04-arm, aarch64-linux-gnu)	Verify current package with exact reviewed native archive	2026-09-08T08:34:52.9192197Z     README.md
consumer (ubuntu-24.04-arm, aarch64-linux-gnu)	Verify current package with exact reviewed native archive	2026-09-08T08:34:52.9192442Z     LICENSE
consumer (ubuntu-24.04-arm, aarch64-linux-gnu)	Verify current package with exact reviewed native archive	2026-09-08T08:34:52.9192675Z     THIRD_PARTY.md
consumer (ubuntu-24.04-arm, aarch64-linux-gnu)	Verify current package with exact reviewed native archive	2026-09-08T08:34:52.9193139Z     THIRD_PARTY_NOTICES.txt
consumer (ubuntu-24.04-arm, aarch64-linux-gnu)	Verify current package with exact reviewed native archive	2026-09-08T08:34:52.9193492Z     docs/architecture.md
consumer (ubuntu-24.04-arm, aarch64-linux-gnu)	Verify current package with exact reviewed native archive	2026-09-08T08:34:52.9193774Z     docs/extensions.md
consumer (ubuntu-24.04-arm, aarch64-linux-gnu)	Verify current package with exact reviewed native archive	2026-09-08T08:34:52.9194075Z     docs/github-release.md
consumer (ubuntu-24.04-arm, aarch64-linux-gnu)	Verify current package with exact reviewed native archive	2026-09-08T08:34:52.9194357Z     docs/local-installation.md
consumer (ubuntu-24.04-arm, aarch64-linux-gnu)	Verify current package with exact reviewed native archive	2026-09-08T08:34:52.9194639Z     docs/release-checklist.md
consumer (ubuntu-24.04-arm, aarch64-linux-gnu)	Verify current package with exact reviewed native archive	2026-09-08T08:34:52.9194954Z     docs/source-installation.md
consumer (ubuntu-24.04-arm, aarch64-linux-gnu)	Verify current package with exact reviewed native archive	2026-09-08T08:34:52.9195255Z     docs/status.md
consumer (ubuntu-24.04-arm, aarch64-linux-gnu)	Verify current package with exact reviewed native archive	2026-09-08T08:34:52.9195567Z     docs/telemetry.md
consumer (ubuntu-24.04-arm, aarch64-linux-gnu)	Verify current package with exact reviewed native archive	2026-09-08T08:34:52.9195819Z     docs/types.md
consumer (ubuntu-24.04-arm, aarch64-linux-gnu)	Verify current package with exact reviewed native archive	2026-09-08T08:34:52.9196055Z     native/lock.json
consumer (ubuntu-24.04-arm, aarch64-linux-gnu)	Verify current package with exact reviewed native archive	2026-09-08T08:34:52.9196331Z     native/local-bundle.json
consumer (ubuntu-24.04-arm, aarch64-linux-gnu)	Verify current package with exact reviewed native archive	2026-09-08T08:34:52.9196628Z     native/linux-bundles.json
consumer (ubuntu-24.04-arm, aarch64-linux-gnu)	Verify current package with exact reviewed native archive	2026-09-08T08:34:52.9196893Z     native/aphid_nif.zig
consumer (ubuntu-24.04-arm, aarch64-linux-gnu)	Verify current package with exact reviewed native archive	2026-09-08T08:34:52.9197240Z     native/bridge.h
consumer (ubuntu-24.04-arm, aarch64-linux-gnu)	Verify current package with exact reviewed native archive	2026-09-08T08:34:52.9197507Z     native/bridge.cpp
consumer (ubuntu-24.04-arm, aarch64-linux-gnu)	Verify current package with exact reviewed native archive	2026-09-08T08:34:52.9197797Z     native/CMakeLists.txt
consumer (ubuntu-24.04-arm, aarch64-linux-gnu)	Verify current package with exact reviewed native archive	2026-09-08T08:34:52.9198532Z     native/patches/aggregate-state-alignment.patch
consumer (ubuntu-24.04-arm, aarch64-linux-gnu)	Verify current package with exact reviewed native archive	2026-09-08T08:34:52.9198956Z     native/patches/alp-conversion-range.patch
consumer (ubuntu-24.04-arm, aarch64-linux-gnu)	Verify current package with exact reviewed native archive	2026-09-08T08:34:52.9199303Z     native/patches/detach-clear-default.patch
consumer (ubuntu-24.04-arm, aarch64-linux-gnu)	Verify current package with exact reviewed native archive	2026-09-08T08:34:52.9199639Z     native/patches/duckdb-tabular-only.patch
consumer (ubuntu-24.04-arm, aarch64-linux-gnu)	Verify current package with exact reviewed native archive	2026-09-08T08:34:52.9200312Z     native/patches/fts-atomic-create.patch
consumer (ubuntu-24.04-arm, aarch64-linux-gnu)	Verify current package with exact reviewed native archive	2026-09-08T08:34:52.9200663Z     native/patches/join-row-alignment.patch
consumer (ubuntu-24.04-arm, aarch64-linux-gnu)	Verify current package with exact reviewed native archive	2026-09-08T08:34:52.9201035Z     native/patches/node-delete-finalize.patch
consumer (ubuntu-24.04-arm, aarch64-linux-gnu)	Verify current package with exact reviewed native archive	2026-09-08T08:34:52.9201376Z     native/patches/row-value-alignment.patch
consumer (ubuntu-24.04-arm, aarch64-linux-gnu)	Verify current package with exact reviewed native archive	2026-09-08T08:34:52.9201705Z     native/patches/sort-key-alignment.patch
consumer (ubuntu-24.04-arm, aarch64-linux-gnu)	Verify current package with exact reviewed native archive	2026-09-08T08:34:52.9202107Z     native/patches/string-hash-alignment.patch
consumer (ubuntu-24.04-arm, aarch64-linux-gnu)	Verify current package with exact reviewed native archive	2026-09-08T08:34:52.9202476Z     native/patches/vector-drop-auto-transaction.patch
consumer (ubuntu-24.04-arm, aarch64-linux-gnu)	Verify current package with exact reviewed native archive	2026-09-08T08:34:52.9203465Z     scripts/build.py
consumer (ubuntu-24.04-arm, aarch64-linux-gnu)	Verify current package with exact reviewed native archive	2026-09-08T08:34:52.9203729Z     scripts/proof.py
consumer (ubuntu-24.04-arm, aarch64-linux-gnu)	Verify current package with exact reviewed native archive	2026-09-08T08:34:52.9203984Z     scripts/source_preflight.py
consumer (ubuntu-24.04-arm, aarch64-linux-gnu)	Verify current package with exact reviewed native archive	2026-09-08T08:34:52.9204343Z     native/proof.zig
consumer (ubuntu-24.04-arm, aarch64-linux-gnu)	Verify current package with exact reviewed native archive	2026-09-08T08:34:52.9204589Z     native/proof.h
consumer (ubuntu-24.04-arm, aarch64-linux-gnu)	Verify current package with exact reviewed native archive	2026-09-08T08:34:52.9204847Z     native/proof.cpp
consumer (ubuntu-24.04-arm, aarch64-linux-gnu)	Verify current package with exact reviewed native archive	2026-09-08T08:34:52.9205097Z   Version: 0.1.0-dev
consumer (ubuntu-24.04-arm, aarch64-linux-gnu)	Verify current package with exact reviewed native archive	2026-09-08T08:34:52.9205350Z   Build tools: mix
consumer (ubuntu-24.04-arm, aarch64-linux-gnu)	Verify current package with exact reviewed native archive	2026-09-08T08:34:52.9205707Z   Description: LadybugDB for Elixir through Zigler
consumer (ubuntu-24.04-arm, aarch64-linux-gnu)	Verify current package with exact reviewed native archive	2026-09-08T08:34:52.9206061Z   Licenses: MIT
consumer (ubuntu-24.04-arm, aarch64-linux-gnu)	Verify current package with exact reviewed native archive	2026-09-08T08:34:52.9206331Z   Links: 
consumer (ubuntu-24.04-arm, aarch64-linux-gnu)	Verify current package with exact reviewed native archive	2026-09-08T08:34:52.9206657Z     GitHub: https://github.com/catethos/Aphid
consumer (ubuntu-24.04-arm, aarch64-linux-gnu)	Verify current package with exact reviewed native archive	2026-09-08T08:34:52.9207096Z   Elixir: ~> 1.20
consumer (ubuntu-24.04-arm, aarch64-linux-gnu)	Verify current package with exact reviewed native archive	2026-09-08T08:34:52.9602444Z Package checksum: 11ca5ca447a7a93ee6d8e2d79758f3ed67d9ce04d20947a08e82598851152507
consumer (ubuntu-24.04-arm, aarch64-linux-gnu)	Verify current package with exact reviewed native archive	2026-09-08T08:34:52.9603917Z Saved to /home/runner/work/_temp/aphid-current-consumer/aphid-0.1.0-dev-combined.tar
consumer (ubuntu-24.04-arm, aarch64-linux-gnu)	Verify current package with exact reviewed native archive	2026-09-08T08:34:52.9753203Z {"command": ["mix", "hex.build", "--output", "/home/runner/work/_temp/aphid-current-consumer/aphid-0.1.0-dev-combined.tar"], "cwd": "/home/runner/work/Aphid/Aphid", "exit": 0, "seconds": 0.565}
consumer (ubuntu-24.04-arm, aarch64-linux-gnu)	Verify current package with exact reviewed native archive	2026-09-08T08:34:52.9755121Z {"source_package_sha256": "11ca5ca447a7a93ee6d8e2d79758f3ed67d9ce04d20947a08e82598851152507", "native_archive_sha256": "235ceb0490a1baf64e33fd53f17f683ce263197cf0cac6cf1107275dd94b62af", "native_qualification": {"run_id": 34193449987, "attempt": 1, "commit": "c37c458211d0bff7e4054f90bf5d429f29ece2ef"}}
consumer (ubuntu-24.04-arm, aarch64-linux-gnu)	Verify current package with exact reviewed native archive	2026-09-08T08:34:54.0144638Z using exact local Hex source package: 11ca5ca447a7a93ee6d8e2d79758f3ed67d9ce04d20947a08e82598851152507
consumer (ubuntu-24.04-arm, aarch64-linux-gnu)	Verify current package with exact reviewed native archive	2026-09-08T08:34:54.0475844Z fresh caches; pinned source dependencies: [{"name": "earmark_parser", "version": "1.4.46", "sha256": "9c44636e8a1c68c62f526b2dcd85d941dbbcee7ab82cf64ba06ce28bef8e89f5"}, {"name": "ex_doc", "version": "0.39.1", "sha256": "8abf0ed3e3ca87c0847dfc4168ceab5bedfe881692f1b7c45f4a11b232806865"}, {"name": "makeup", "version": "1.2.2", "sha256": "9a1a24e5b343b8ae16abea0822c10a6f75da27af7fa802ada5251f7579bfccfa"}, {"name": "makeup_elixir", "version": "1.0.1", "sha256": "7284900d412a3e5cfd97fdaed4f5ed389b8f2b4cb49efc0eb3bd10e2febf9507"}, {"name": "makeup_erlang", "version": "1.1.0", "sha256": "1cd6780fb1dd1a03979abaed0fe82712b0625118fd5257d3ebbf73f960c73c3c"}, {"name": "nimble_parsec", "version": "1.4.2", "sha256": "4b21398942dda052b403bbe1da991ccd03a053668d147d53fb8c4e0efe09c973"}, {"name": "pegasus", "version": "0.2.6", "sha256": "0ac159f0ccab7967cf90208327cc8a35788874814c8d78e19d47104d3fc049b9"}, {"name": "protoss", "version": "1.1.0", "sha256": "c2f874383dd047fcfdf467b814dd33a208a4d24a467aef90d86185b41a0752ad"}, {"name": "telemetry", "version": "1.4.2", "sha256": "928f6495066506077862c0d1646609eed891a4326bee3126ba54b60af61febb1"}, {"name": "zig_doc", "version": "0.7.0", "sha256": "28b57b0bc12f241fc855b6514fe5198f3067fbab2555a3e3a83f6f9ed4699f4c"}, {"name": "zig_get", "version": "0.16.0", "sha256": "2841127cf2005da74fb28d3cc68397a393d3d71df5f45752b974345e696beb01"}, {"name": "zig_parser", "version": "0.7.0", "sha256": "fd0b2fc343820a202787a78a40feae372386b4303717b099223d5f5c5f21f0bb"}, {"name": "zigler", "version": "0.16.0", "sha256": "867ce49289568a7fabff400cb9f1636a429defcd488f3302a82c4b51b2bc7741"}]
consumer (ubuntu-24.04-arm, aarch64-linux-gnu)	Verify current package with exact reviewed native archive	2026-09-08T08:34:54.2403883Z Linux namespace probe passed: build trees hidden, compiler paths masked, external network unavailable
consumer (ubuntu-24.04-arm, aarch64-linux-gnu)	Verify current package with exact reviewed native archive	2026-09-08T08:34:54.2833823Z {"command": ["sudo", "-E", "bwrap", "--die-with-parent", "--unshare-pid", "--ro-bind", "/", "/", "--dev", "/dev", "--proc", "/proc", "--bind", "/home/runner/work/_temp/aphid-current-consumer/fresh", "/home/runner/work/_temp/aphid-current-consumer/fresh", "--unshare-net", "--tmpfs", "/home/runner/work/Aphid/Aphid", "--tmpfs", "/home/runner/work/_temp/aphid-current-consumer/retained", "--ro-bind", "/dev/null", "/usr/bin/aarch64-linux-gnu-as", "--ro-bind", "/dev/null", "/usr/bin/aarch64-linux-gnu-g++-12", "--ro-bind", "/dev/null", "/usr/bin/aarch64-linux-gnu-g++-13", "--ro-bind", "/dev/null", "/usr/bin/aarch64-linux-gnu-g++-14", "--ro-bind", "/dev/null", "/usr/bin/aarch64-linux-gnu-gcc-12", "--ro-bind", "/dev/null", "/usr/bin/aarch64-linux-gnu-gcc-13", "--ro-bind", "/dev/null", "/usr/bin/aarch64-linux-gnu-gcc-14", "--ro-bind", "/dev/null", "/usr/bin/aarch64-linux-gnu-ld.bfd", "--ro-bind", "/dev/null", "/usr/bin/c89-gcc", "--ro-bind", "/dev/null", "/usr/bin/c99-gcc", "--ro-bind", "/dev/null", "/usr/bin/make", "--ro-bind", "/dev/null", "/usr/lib/llvm-16/bin/clang", "--ro-bind", "/dev/null", "/usr/lib/llvm-16/bin/lld", "--ro-bind", "/dev/null", "/usr/lib/llvm-16/bin/llvm-as", "--ro-bind", "/dev/null", "/usr/lib/llvm-17/bin/clang", "--ro-bind", "/dev/null", "/usr/lib/llvm-17/bin/lld", "--ro-bind", "/dev/null", "/usr/lib/llvm-17/bin/llvm-as", "--ro-bind", "/dev/null", "/usr/lib/llvm-18/bin/clang", "--ro-bind", "/dev/null", "/usr/lib/llvm-18/bin/lld", "--ro-bind", "/dev/null", "/usr/lib/llvm-18/bin/llvm-as", "--ro-bind", "/dev/null", "/usr/local/bin/cmake", "--ro-bind", "/dev/null", "/usr/local/bin/ninja", "--cap-add", "CAP_SETUID", "--cap-add", "CAP_SETGID", "--cap-add", "CAP_SETPCAP", "--clearenv", "--setenv", "LANG", "C.UTF-8", "--setenv", "HOME", "/home/runner", "--setenv", "PATH", "/home/runner/work/_temp/.setup-beam/elixir/bin:/home/runner/.mix/escripts:/home/runner/work/_temp/.setup-beam/otp/bin:/opt/hostedtoolcache/Python/3.14.7/arm64/bin:/opt/hostedtoolcache/Python/3.14.7/arm64:/snap/bin:/home/runner/.local/bin:/opt/pipx_bin:/home/runner/.cargo/bin:/home/runner/.config/composer/vendor/bin:/home/runner/.dotnet/tools:/usr/local/sbin:/usr/local/bin:/usr/sbin:/usr/bin:/sbin:/bin:/usr/games:/usr/local/games:/snap/bin", "--", "/usr/bin/setpriv", "--reuid", "1001", "--regid", "1001", "--clear-groups", "--bounding-set=-all", "--no-new-privs", "--", "/opt/hostedtoolcache/Python/3.14.7/arm64/bin/python3", "/home/runner/work/_temp/aphid-current-consumer/fresh/isolation-check.py"], "cwd": "/home/runner/work/_temp/aphid-current-consumer/fresh", "exit": 0, "seconds": 0.214}
consumer (ubuntu-24.04-arm, aarch64-linux-gnu)	Verify current package with exact reviewed native archive	2026-09-08T08:34:54.4917328Z UTF-8 runtime filename mode verified
consumer (ubuntu-24.04-arm, aarch64-linux-gnu)	Verify current package with exact reviewed native archive	2026-09-08T08:34:54.4978561Z {"command": ["sudo", "-E", "bwrap", "--die-with-parent", "--unshare-pid", "--ro-bind", "/", "/", "--dev", "/dev", "--proc", "/proc", "--bind", "/home/runner/work/_temp/aphid-current-consumer/fresh", "/home/runner/work/_temp/aphid-current-consumer/fresh", "--unshare-net", "--tmpfs", "/home/runner/work/Aphid/Aphid", "--tmpfs", "/home/runner/work/_temp/aphid-current-consumer/retained", "--ro-bind", "/dev/null", "/usr/bin/aarch64-linux-gnu-as", "--ro-bind", "/dev/null", "/usr/bin/aarch64-linux-gnu-g++-12", "--ro-bind", "/dev/null", "/usr/bin/aarch64-linux-gnu-g++-13", "--ro-bind", "/dev/null", "/usr/bin/aarch64-linux-gnu-g++-14", "--ro-bind", "/dev/null", "/usr/bin/aarch64-linux-gnu-gcc-12", "--ro-bind", "/dev/null", "/usr/bin/aarch64-linux-gnu-gcc-13", "--ro-bind", "/dev/null", "/usr/bin/aarch64-linux-gnu-gcc-14", "--ro-bind", "/dev/null", "/usr/bin/aarch64-linux-gnu-ld.bfd", "--ro-bind", "/dev/null", "/usr/bin/c89-gcc", "--ro-bind", "/dev/null", "/usr/bin/c99-gcc", "--ro-bind", "/dev/null", "/usr/bin/make", "--ro-bind", "/dev/null", "/usr/lib/llvm-16/bin/clang", "--ro-bind", "/dev/null", "/usr/lib/llvm-16/bin/lld", "--ro-bind", "/dev/null", "/usr/lib/llvm-16/bin/llvm-as", "--ro-bind", "/dev/null", "/usr/lib/llvm-17/bin/clang", "--ro-bind", "/dev/null", "/usr/lib/llvm-17/bin/lld", "--ro-bind", "/dev/null", "/usr/lib/llvm-17/bin/llvm-as", "--ro-bind", "/dev/null", "/usr/lib/llvm-18/bin/clang", "--ro-bind", "/dev/null", "/usr/lib/llvm-18/bin/lld", "--ro-bind", "/dev/null", "/usr/lib/llvm-18/bin/llvm-as", "--ro-bind", "/dev/null", "/usr/local/bin/cmake", "--ro-bind", "/dev/null", "/usr/local/bin/ninja", "--cap-add", "CAP_SETUID", "--cap-add", "CAP_SETGID", "--cap-add", "CAP_SETPCAP", "--clearenv", "--setenv", "LANG", "C.UTF-8", "--setenv", "HOME", "/home/runner", "--setenv", "PATH", "/home/runner/work/_temp/.setup-beam/elixir/bin:/home/runner/.mix/escripts:/home/runner/work/_temp/.setup-beam/otp/bin:/opt/hostedtoolcache/Python/3.14.7/arm64/bin:/opt/hostedtoolcache/Python/3.14.7/arm64:/snap/bin:/home/runner/.local/bin:/opt/pipx_bin:/home/runner/.cargo/bin:/home/runner/.config/composer/vendor/bin:/home/runner/.dotnet/tools:/usr/local/sbin:/usr/local/bin:/usr/sbin:/usr/bin:/sbin:/bin:/usr/games:/usr/local/games:/snap/bin", "--", "/usr/bin/setpriv", "--reuid", "1001", "--regid", "1001", "--clear-groups", "--bounding-set=-all", "--no-new-privs", "--", "/home/runner/work/_temp/.setup-beam/elixir/bin/elixir", "-e", ":utf8 = :file.native_name_encoding(); IO.puts(\"UTF-8 runtime filename mode verified\")"], "cwd": "/home/runner/work/_temp/aphid-current-consumer/fresh", "exit": 0, "seconds": 0.214}
consumer (ubuntu-24.04-arm, aarch64-linux-gnu)	Verify current package with exact reviewed native archive	2026-09-08T08:34:55.5008518Z Resolving Hex dependencies...
consumer (ubuntu-24.04-arm, aarch64-linux-gnu)	Verify current package with exact reviewed native archive	2026-09-08T08:34:55.5203414Z Resolution completed in 0.019s
consumer (ubuntu-24.04-arm, aarch64-linux-gnu)	Verify current package with exact reviewed native archive	2026-09-08T08:34:55.5222578Z Unchanged:
consumer (ubuntu-24.04-arm, aarch64-linux-gnu)	Verify current package with exact reviewed native archive	2026-09-08T08:34:55.5223061Z   earmark_parser 1.4.46
consumer (ubuntu-24.04-arm, aarch64-linux-gnu)	Verify current package with exact reviewed native archive	2026-09-08T08:34:55.5230597Z   ex_doc 0.39.1
consumer (ubuntu-24.04-arm, aarch64-linux-gnu)	Verify current package with exact reviewed native archive	2026-09-08T08:34:55.5231057Z   makeup 1.2.2
consumer (ubuntu-24.04-arm, aarch64-linux-gnu)	Verify current package with exact reviewed native archive	2026-09-08T08:34:55.5231425Z   makeup_elixir 1.0.1
consumer (ubuntu-24.04-arm, aarch64-linux-gnu)	Verify current package with exact reviewed native archive	2026-09-08T08:34:55.5231679Z   makeup_erlang 1.1.0
consumer (ubuntu-24.04-arm, aarch64-linux-gnu)	Verify current package with exact reviewed native archive	2026-09-08T08:34:55.5232350Z   nimble_parsec 1.4.2
consumer (ubuntu-24.04-arm, aarch64-linux-gnu)	Verify current package with exact reviewed native archive	2026-09-08T08:34:55.5232946Z   pegasus 0.2.6
consumer (ubuntu-24.04-arm, aarch64-linux-gnu)	Verify current package with exact reviewed native archive	2026-09-08T08:34:55.5233210Z   protoss 1.1.0
consumer (ubuntu-24.04-arm, aarch64-linux-gnu)	Verify current package with exact reviewed native archive	2026-09-08T08:34:55.5233516Z   telemetry 1.4.2
consumer (ubuntu-24.04-arm, aarch64-linux-gnu)	Verify current package with exact reviewed native archive	2026-09-08T08:34:55.5233794Z   zig_doc 0.7.0
consumer (ubuntu-24.04-arm, aarch64-linux-gnu)	Verify current package with exact reviewed native archive	2026-09-08T08:34:55.5234111Z   zig_get 0.16.0
consumer (ubuntu-24.04-arm, aarch64-linux-gnu)	Verify current package with exact reviewed native archive	2026-09-08T08:34:55.5234443Z   zig_parser 0.7.0
consumer (ubuntu-24.04-arm, aarch64-linux-gnu)	Verify current package with exact reviewed native archive	2026-09-08T08:34:55.5234700Z   zigler 0.16.0
consumer (ubuntu-24.04-arm, aarch64-linux-gnu)	Verify current package with exact reviewed native archive	2026-09-08T08:34:55.5273052Z * Getting zigler (Hex package)
consumer (ubuntu-24.04-arm, aarch64-linux-gnu)	Verify current package with exact reviewed native archive	2026-09-08T08:34:55.5991149Z * Getting telemetry (Hex package)
consumer (ubuntu-24.04-arm, aarch64-linux-gnu)	Verify current package with exact reviewed native archive	2026-09-08T08:34:55.6588280Z * creating /home/runner/work/_temp/aphid-current-consumer/fresh/mix-home/elixir/1-20-otp-29/rebar3
consumer (ubuntu-24.04-arm, aarch64-linux-gnu)	Verify current package with exact reviewed native archive	2026-09-08T08:34:55.6594497Z * Getting protoss (Hex package)
consumer (ubuntu-24.04-arm, aarch64-linux-gnu)	Verify current package with exact reviewed native archive	2026-09-08T08:34:55.6646211Z * Getting zig_doc (Hex package)
consumer (ubuntu-24.04-arm, aarch64-linux-gnu)	Verify current package with exact reviewed native archive	2026-09-08T08:34:55.6719561Z * Getting zig_get (Hex package)
consumer (ubuntu-24.04-arm, aarch64-linux-gnu)	Verify current package with exact reviewed native archive	2026-09-08T08:34:55.7959951Z * Getting zig_parser (Hex package)
consumer (ubuntu-24.04-arm, aarch64-linux-gnu)	Verify current package with exact reviewed native archive	2026-09-08T08:34:55.8104730Z * Getting pegasus (Hex package)
consumer (ubuntu-24.04-arm, aarch64-linux-gnu)	Verify current package with exact reviewed native archive	2026-09-08T08:34:55.8171875Z * Getting nimble_parsec (Hex package)
consumer (ubuntu-24.04-arm, aarch64-linux-gnu)	Verify current package with exact reviewed native archive	2026-09-08T08:34:55.8228535Z * Getting ex_doc (Hex package)
consumer (ubuntu-24.04-arm, aarch64-linux-gnu)	Verify current package with exact reviewed native archive	2026-09-08T08:34:55.8527597Z * Getting earmark_parser (Hex package)
consumer (ubuntu-24.04-arm, aarch64-linux-gnu)	Verify current package with exact reviewed native archive	2026-09-08T08:34:55.8675664Z * Getting makeup_elixir (Hex package)
consumer (ubuntu-24.04-arm, aarch64-linux-gnu)	Verify current package with exact reviewed native archive	2026-09-08T08:34:55.8748808Z * Getting makeup_erlang (Hex package)
consumer (ubuntu-24.04-arm, aarch64-linux-gnu)	Verify current package with exact reviewed native archive	2026-09-08T08:34:55.8805140Z * Getting makeup (Hex package)
consumer (ubuntu-24.04-arm, aarch64-linux-gnu)	Verify current package with exact reviewed native archive	2026-09-08T08:34:55.9540559Z {"command": ["sudo", "-E", "bwrap", "--die-with-parent", "--unshare-pid", "--ro-bind", "/", "/", "--dev", "/dev", "--proc", "/proc", "--bind", "/home/runner/work/_temp/aphid-current-consumer/fresh", "/home/runner/work/_temp/aphid-current-consumer/fresh", "--tmpfs", "/home/runner/work/Aphid/Aphid", "--tmpfs", "/home/runner/work/_temp/aphid-current-consumer/retained", "--ro-bind", "/dev/null", "/usr/bin/aarch64-linux-gnu-as", "--ro-bind", "/dev/null", "/usr/bin/aarch64-linux-gnu-g++-12", "--ro-bind", "/dev/null", "/usr/bin/aarch64-linux-gnu-g++-13", "--ro-bind", "/dev/null", "/usr/bin/aarch64-linux-gnu-g++-14", "--ro-bind", "/dev/null", "/usr/bin/aarch64-linux-gnu-gcc-12", "--ro-bind", "/dev/null", "/usr/bin/aarch64-linux-gnu-gcc-13", "--ro-bind", "/dev/null", "/usr/bin/aarch64-linux-gnu-gcc-14", "--ro-bind", "/dev/null", "/usr/bin/aarch64-linux-gnu-ld.bfd", "--ro-bind", "/dev/null", "/usr/bin/c89-gcc", "--ro-bind", "/dev/null", "/usr/bin/c99-gcc", "--ro-bind", "/dev/null", "/usr/bin/make", "--ro-bind", "/dev/null", "/usr/lib/llvm-16/bin/clang", "--ro-bind", "/dev/null", "/usr/lib/llvm-16/bin/lld", "--ro-bind", "/dev/null", "/usr/lib/llvm-16/bin/llvm-as", "--ro-bind", "/dev/null", "/usr/lib/llvm-17/bin/clang", "--ro-bind", "/dev/null", "/usr/lib/llvm-17/bin/lld", "--ro-bind", "/dev/null", "/usr/lib/llvm-17/bin/llvm-as", "--ro-bind", "/dev/null", "/usr/lib/llvm-18/bin/clang", "--ro-bind", "/dev/null", "/usr/lib/llvm-18/bin/lld", "--ro-bind", "/dev/null", "/usr/lib/llvm-18/bin/llvm-as", "--ro-bind", "/dev/null", "/usr/local/bin/cmake", "--ro-bind", "/dev/null", "/usr/local/bin/ninja", "--cap-add", "CAP_SETUID", "--cap-add", "CAP_SETGID", "--cap-add", "CAP_SETPCAP", "--clearenv", "--setenv", "LANG", "C.UTF-8", "--setenv", "HOME", "/home/runner/work/_temp/aphid-current-consumer/fresh/home", "--setenv", "PATH", "/home/runner/work/_temp/aphid-current-consumer/fresh/tools:/home/runner/work/_temp/.setup-beam/elixir/bin:/home/runner/work/_temp/.setup-beam/elixir/bin:/home/runner/work/_temp/.setup-beam/otp/bin:/usr/bin:/bin:/usr/sbin:/sbin", "--setenv", "MIX_HOME", "/home/runner/work/_temp/aphid-current-consumer/fresh/mix-home", "--setenv", "HEX_HOME", "/home/runner/work/_temp/aphid-current-consumer/fresh/hex-home", "--setenv", "MIX_ENV", "prod", "--setenv", "ZIG_EXECUTABLE_PATH", "/home/runner/work/_temp/aphid-current-consumer/fresh/tools/zig", "--setenv", "ZIG_GLOBAL_CACHE_DIR", "/home/runner/work/_temp/aphid-current-consumer/fresh/zig-cache", "--setenv", "ZIGLER_STAGING_ROOT", "/home/runner/work/_temp/aphid-current-consumer/fresh/staging", "--setenv", "ERL_FLAGS", "+S 1:1 +SDcpu 1:1", "--setenv", "APHID_INSTALL", "precompiled", "--setenv", "APHID_BUNDLE_ARCHIVE", "/home/runner/work/_temp/aphid-current-consumer/fresh/candidate.tar.gz", "--setenv", "APHID_BUNDLE_SHA256", "235ceb0490a1baf64e33fd53f17f683ce263197cf0cac6cf1107275dd94b62af", "--setenv", "TMPDIR", "/home/runner/work/_temp/aphid-current-consumer/fresh/tmp", "--", "/usr/bin/setpriv", "--reuid", "1001", "--regid", "1001", "--clear-groups", "--bounding-set=-all", "--no-new-privs", "--", "mix", "deps.get", "--check-locked"], "cwd": "/home/runner/work/_temp/aphid-current-consumer/fresh/consumer", "exit": 0, "seconds": 1.417}
consumer (ubuntu-24.04-arm, aarch64-linux-gnu)	Verify current package with exact reviewed native archive	2026-09-08T08:34:55.9551457Z Normal Hex acquisition verified: 13 locked archives; switching to loopback-only networking
consumer (ubuntu-24.04-arm, aarch64-linux-gnu)	Verify current package with exact reviewed native archive	2026-09-08T08:34:56.4970612Z ==> earmark_parser
consumer (ubuntu-24.04-arm, aarch64-linux-gnu)	Verify current package with exact reviewed native archive	2026-09-08T08:34:56.4980529Z Compiling 2 files (.xrl)
consumer (ubuntu-24.04-arm, aarch64-linux-gnu)	Verify current package with exact reviewed native archive	2026-09-08T08:34:56.5288229Z Compiling 1 file (.yrl)
consumer (ubuntu-24.04-arm, aarch64-linux-gnu)	Verify current package with exact reviewed native archive	2026-09-08T08:34:56.5556885Z Compiling 3 files (.erl)
consumer (ubuntu-24.04-arm, aarch64-linux-gnu)	Verify current package with exact reviewed native archive	2026-09-08T08:34:56.7799156Z Compiling 32 files (.ex)
consumer (ubuntu-24.04-arm, aarch64-linux-gnu)	Verify current package with exact reviewed native archive	2026-09-08T08:34:57.7849721Z Generated earmark_parser app
consumer (ubuntu-24.04-arm, aarch64-linux-gnu)	Verify current package with exact reviewed native archive	2026-09-08T08:34:57.7973193Z ==> protoss
consumer (ubuntu-24.04-arm, aarch64-linux-gnu)	Verify current package with exact reviewed native archive	2026-09-08T08:34:57.7973613Z Compiling 1 file (.ex)
consumer (ubuntu-24.04-arm, aarch64-linux-gnu)	Verify current package with exact reviewed native archive	2026-09-08T08:34:57.8382099Z Generated protoss app
consumer (ubuntu-24.04-arm, aarch64-linux-gnu)	Verify current package with exact reviewed native archive	2026-09-08T08:34:57.8563278Z ==> zig_get
consumer (ubuntu-24.04-arm, aarch64-linux-gnu)	Verify current package with exact reviewed native archive	2026-09-08T08:34:57.8563692Z Compiling 1 file (.ex)
consumer (ubuntu-24.04-arm, aarch64-linux-gnu)	Verify current package with exact reviewed native archive	2026-09-08T08:34:57.9215615Z Generated zig_get app
consumer (ubuntu-24.04-arm, aarch64-linux-gnu)	Verify current package with exact reviewed native archive	2026-09-08T08:34:57.9354572Z ==> nimble_parsec
consumer (ubuntu-24.04-arm, aarch64-linux-gnu)	Verify current package with exact reviewed native archive	2026-09-08T08:34:57.9356312Z Compiling 4 files (.ex)
consumer (ubuntu-24.04-arm, aarch64-linux-gnu)	Verify current package with exact reviewed native archive	2026-09-08T08:34:58.2901355Z Generated nimble_parsec app
consumer (ubuntu-24.04-arm, aarch64-linux-gnu)	Verify current package with exact reviewed native archive	2026-09-08T08:34:58.3007808Z ==> pegasus
consumer (ubuntu-24.04-arm, aarch64-linux-gnu)	Verify current package with exact reviewed native archive	2026-09-08T08:34:58.3008856Z Compiling 11 files (.ex)
consumer (ubuntu-24.04-arm, aarch64-linux-gnu)	Verify current package with exact reviewed native archive	2026-09-08T08:35:00.0253338Z Generated pegasus app
consumer (ubuntu-24.04-arm, aarch64-linux-gnu)	Verify current package with exact reviewed native archive	2026-09-08T08:35:00.0378084Z ==> zig_parser
consumer (ubuntu-24.04-arm, aarch64-linux-gnu)	Verify current package with exact reviewed native archive	2026-09-08T08:35:00.0378746Z Compiling 37 files (.ex)
consumer (ubuntu-24.04-arm, aarch64-linux-gnu)	Verify current package with exact reviewed native archive	2026-09-08T08:35:04.2390260Z     warning: incompatible types given to Map.replace!/3:
consumer (ubuntu-24.04-arm, aarch64-linux-gnu)	Verify current package with exact reviewed native archive	2026-09-08T08:35:04.2390691Z 
consumer (ubuntu-24.04-arm, aarch64-linux-gnu)	Verify current package with exact reviewed native archive	2026-09-08T08:35:04.2390875Z         Map.replace!(parse(args), :doc_comment, comment)
consumer (ubuntu-24.04-arm, aarch64-linux-gnu)	Verify current package with exact reviewed native archive	2026-09-08T08:35:04.2391175Z 
consumer (ubuntu-24.04-arm, aarch64-linux-gnu)	Verify current package with exact reviewed native archive	2026-09-08T08:35:04.2391284Z     the map:
consumer (ubuntu-24.04-arm, aarch64-linux-gnu)	Verify current package with exact reviewed native archive	2026-09-08T08:35:04.2391525Z 
consumer (ubuntu-24.04-arm, aarch64-linux-gnu)	Verify current package with exact reviewed native archive	2026-09-08T08:35:04.2391768Z         dynamic(%Zig.Parser.Test{block: %Zig.Parser.Block{}, location: nil})
consumer (ubuntu-24.04-arm, aarch64-linux-gnu)	Verify current package with exact reviewed native archive	2026-09-08T08:35:04.2392067Z 
consumer (ubuntu-24.04-arm, aarch64-linux-gnu)	Verify current package with exact reviewed native archive	2026-09-08T08:35:04.2392195Z     does not have all required keys:
consumer (ubuntu-24.04-arm, aarch64-linux-gnu)	Verify current package with exact reviewed native archive	2026-09-08T08:35:04.2392385Z 
consumer (ubuntu-24.04-arm, aarch64-linux-gnu)	Verify current package with exact reviewed native archive	2026-09-08T08:35:04.2392527Z         :doc_comment
consumer (ubuntu-24.04-arm, aarch64-linux-gnu)	Verify current package with exact reviewed native archive	2026-09-08T08:35:04.2392688Z 
consumer (ubuntu-24.04-arm, aarch64-linux-gnu)	Verify current package with exact reviewed native archive	2026-09-08T08:35:04.2392996Z     therefore this function will always raise
consumer (ubuntu-24.04-arm, aarch64-linux-gnu)	Verify current package with exact reviewed native archive	2026-09-08T08:35:04.2393655Z 
consumer (ubuntu-24.04-arm, aarch64-linux-gnu)	Verify current package with exact reviewed native archive	2026-09-08T08:35:04.2393790Z     where "args" was given the type:
consumer (ubuntu-24.04-arm, aarch64-linux-gnu)	Verify current package with exact reviewed native archive	2026-09-08T08:35:04.2394039Z 
consumer (ubuntu-24.04-arm, aarch64-linux-gnu)	Verify current package with exact reviewed native archive	2026-09-08T08:35:04.2394192Z         # type: dynamic(non_empty_list(term()))
consumer (ubuntu-24.04-arm, aarch64-linux-gnu)	Verify current package with exact reviewed native archive	2026-09-08T08:35:04.2394525Z         # from: lib/zig.parser/test.ex:16:10
consumer (ubuntu-24.04-arm, aarch64-linux-gnu)	Verify current package with exact reviewed native archive	2026-09-08T08:35:04.2395029Z         parse(args)
consumer (ubuntu-24.04-arm, aarch64-linux-gnu)	Verify current package with exact reviewed native archive	2026-09-08T08:35:04.2395218Z 
consumer (ubuntu-24.04-arm, aarch64-linux-gnu)	Verify current package with exact reviewed native archive	2026-09-08T08:35:04.2395333Z     where "comment" was given the type:
consumer (ubuntu-24.04-arm, aarch64-linux-gnu)	Verify current package with exact reviewed native archive	2026-09-08T08:35:04.2395534Z 
consumer (ubuntu-24.04-arm, aarch64-linux-gnu)	Verify current package with exact reviewed native archive	2026-09-08T08:35:04.2395647Z         # type: dynamic()
consumer (ubuntu-24.04-arm, aarch64-linux-gnu)	Verify current package with exact reviewed native archive	2026-09-08T08:35:04.2395957Z         # from: lib/zig.parser/test.ex
consumer (ubuntu-24.04-arm, aarch64-linux-gnu)	Verify current package with exact reviewed native archive	2026-09-08T08:35:04.2396325Z         [{:TestDecl, [start, {:doc_comment, comment} | args]} | rest_args]
consumer (ubuntu-24.04-arm, aarch64-linux-gnu)	Verify current package with exact reviewed native archive	2026-09-08T08:35:04.2396604Z 
consumer (ubuntu-24.04-arm, aarch64-linux-gnu)	Verify current package with exact reviewed native archive	2026-09-08T08:35:04.2396737Z     type warning found at:
consumer (ubuntu-24.04-arm, aarch64-linux-gnu)	Verify current package with exact reviewed native archive	2026-09-08T08:35:04.2397270Z     │
consumer (ubuntu-24.04-arm, aarch64-linux-gnu)	Verify current package with exact reviewed native archive	2026-09-08T08:35:04.2397667Z  17 │       |> Map.replace!(:doc_comment, comment)
consumer (ubuntu-24.04-arm, aarch64-linux-gnu)	Verify current package with exact reviewed native archive	2026-09-08T08:35:04.2398159Z     │              ~
consumer (ubuntu-24.04-arm, aarch64-linux-gnu)	Verify current package with exact reviewed native archive	2026-09-08T08:35:04.2398418Z     │
consumer (ubuntu-24.04-arm, aarch64-linux-gnu)	Verify current package with exact reviewed native archive	2026-09-08T08:35:04.2398899Z     └─ lib/zig.parser/test.ex:17:14: Zig.Parser.Test.post_traverse/5
consumer (ubuntu-24.04-arm, aarch64-linux-gnu)	Verify current package with exact reviewed native archive	2026-09-08T08:35:04.2399268Z 
consumer (ubuntu-24.04-arm, aarch64-linux-gnu)	Verify current package with exact reviewed native archive	2026-09-08T08:35:04.6194242Z Generated zig_parser app
consumer (ubuntu-24.04-arm, aarch64-linux-gnu)	Verify current package with exact reviewed native archive	2026-09-08T08:35:04.6364874Z ==> makeup
consumer (ubuntu-24.04-arm, aarch64-linux-gnu)	Verify current package with exact reviewed native archive	2026-09-08T08:35:04.6365471Z Compiling 15 files (.ex)
consumer (ubuntu-24.04-arm, aarch64-linux-gnu)	Verify current package with exact reviewed native archive	2026-09-08T08:35:05.0441779Z Generated makeup app
consumer (ubuntu-24.04-arm, aarch64-linux-gnu)	Verify current package with exact reviewed native archive	2026-09-08T08:35:05.0597452Z ==> makeup_elixir
consumer (ubuntu-24.04-arm, aarch64-linux-gnu)	Verify current package with exact reviewed native archive	2026-09-08T08:35:05.0598060Z Compiling 6 files (.ex)
consumer (ubuntu-24.04-arm, aarch64-linux-gnu)	Verify current package with exact reviewed native archive	2026-09-08T08:35:14.3365952Z Generated makeup_elixir app
consumer (ubuntu-24.04-arm, aarch64-linux-gnu)	Verify current package with exact reviewed native archive	2026-09-08T08:35:14.3513529Z ==> makeup_erlang
consumer (ubuntu-24.04-arm, aarch64-linux-gnu)	Verify current package with exact reviewed native archive	2026-09-08T08:35:14.3513977Z Compiling 4 files (.ex)
consumer (ubuntu-24.04-arm, aarch64-linux-gnu)	Verify current package with exact reviewed native archive	2026-09-08T08:35:23.7077630Z Generated makeup_erlang app
consumer (ubuntu-24.04-arm, aarch64-linux-gnu)	Verify current package with exact reviewed native archive	2026-09-08T08:35:23.7331481Z ==> ex_doc
consumer (ubuntu-24.04-arm, aarch64-linux-gnu)	Verify current package with exact reviewed native archive	2026-09-08T08:35:23.7332115Z Compiling 27 files (.ex)
consumer (ubuntu-24.04-arm, aarch64-linux-gnu)	Verify current package with exact reviewed native archive	2026-09-08T08:35:25.3109988Z      warning: this clause of defp favicon_path/1 is never used (or it will always fail/warn when invoked)
consumer (ubuntu-24.04-arm, aarch64-linux-gnu)	Verify current package with exact reviewed native archive	2026-09-08T08:35:25.3111235Z      │
consumer (ubuntu-24.04-arm, aarch64-linux-gnu)	Verify current package with exact reviewed native archive	2026-09-08T08:35:25.3111862Z  153 │   defp favicon_path(%{favicon: nil}), do: nil
consumer (ubuntu-24.04-arm, aarch64-linux-gnu)	Verify current package with exact reviewed native archive	2026-09-08T08:35:25.3112653Z      │        ~
consumer (ubuntu-24.04-arm, aarch64-linux-gnu)	Verify current package with exact reviewed native archive	2026-09-08T08:35:25.3113454Z      │
consumer (ubuntu-24.04-arm, aarch64-linux-gnu)	Verify current package with exact reviewed native archive	2026-09-08T08:35:25.3114332Z      └─ lib/ex_doc/formatter/html/templates.ex:153:8: ExDoc.Formatter.HTML.Templates.favicon_path/1
consumer (ubuntu-24.04-arm, aarch64-linux-gnu)	Verify current package with exact reviewed native archive	2026-09-08T08:35:25.3114886Z 
consumer (ubuntu-24.04-arm, aarch64-linux-gnu)	Verify current package with exact reviewed native archive	2026-09-08T08:35:25.3115351Z      warning: the following clause cannot match because the previous clauses already matched all possible values:
consumer (ubuntu-24.04-arm, aarch64-linux-gnu)	Verify current package with exact reviewed native archive	2026-09-08T08:35:25.3115832Z 
consumer (ubuntu-24.04-arm, aarch64-linux-gnu)	Verify current package with exact reviewed native archive	2026-09-08T08:35:25.3116082Z          _ ->
consumer (ubuntu-24.04-arm, aarch64-linux-gnu)	Verify current package with exact reviewed native archive	2026-09-08T08:35:25.3116378Z 
consumer (ubuntu-24.04-arm, aarch64-linux-gnu)	Verify current package with exact reviewed native archive	2026-09-08T08:35:25.3116780Z      it attempts to match on the result of:
consumer (ubuntu-24.04-arm, aarch64-linux-gnu)	Verify current package with exact reviewed native archive	2026-09-08T08:35:25.3116996Z 
consumer (ubuntu-24.04-arm, aarch64-linux-gnu)	Verify current package with exact reviewed native archive	2026-09-08T08:35:25.3117144Z          result
consumer (ubuntu-24.04-arm, aarch64-linux-gnu)	Verify current package with exact reviewed native archive	2026-09-08T08:35:25.3117262Z 
consumer (ubuntu-24.04-arm, aarch64-linux-gnu)	Verify current package with exact reviewed native archive	2026-09-08T08:35:25.3117485Z      which has the already matched type:
consumer (ubuntu-24.04-arm, aarch64-linux-gnu)	Verify current package with exact reviewed native archive	2026-09-08T08:35:25.3117698Z 
consumer (ubuntu-24.04-arm, aarch64-linux-gnu)	Verify current package with exact reviewed native archive	2026-09-08T08:35:25.3117931Z          dynamic({:docs_v1, term(), term(), term(), term(), term(), term()} or {:error, term()})
consumer (ubuntu-24.04-arm, aarch64-linux-gnu)	Verify current package with exact reviewed native archive	2026-09-08T08:35:25.3118267Z 
consumer (ubuntu-24.04-arm, aarch64-linux-gnu)	Verify current package with exact reviewed native archive	2026-09-08T08:35:25.3118430Z      type warning found at:
consumer (ubuntu-24.04-arm, aarch64-linux-gnu)	Verify current package with exact reviewed native archive	2026-09-08T08:35:25.3118793Z      │
consumer (ubuntu-24.04-arm, aarch64-linux-gnu)	Verify current package with exact reviewed native archive	2026-09-08T08:35:25.3119315Z  124 │       _ ->
consumer (ubuntu-24.04-arm, aarch64-linux-gnu)	Verify current package with exact reviewed native archive	2026-09-08T08:35:25.3119822Z      │         ~
consumer (ubuntu-24.04-arm, aarch64-linux-gnu)	Verify current package with exact reviewed native archive	2026-09-08T08:35:25.3120226Z      │
consumer (ubuntu-24.04-arm, aarch64-linux-gnu)	Verify current package with exact reviewed native archive	2026-09-08T08:35:25.3120801Z      └─ lib/ex_doc/retriever.ex:124:9: ExDoc.Retriever.docs_chunk/1
consumer (ubuntu-24.04-arm, aarch64-linux-gnu)	Verify current package with exact reviewed native archive	2026-09-08T08:35:25.3121276Z 
consumer (ubuntu-24.04-arm, aarch64-linux-gnu)	Verify current package with exact reviewed native archive	2026-09-08T08:35:25.3173844Z      warning: this clause of defp logo_path/1 is never used (or it will always fail/warn when invoked)
consumer (ubuntu-24.04-arm, aarch64-linux-gnu)	Verify current package with exact reviewed native archive	2026-09-08T08:35:25.3174538Z      │
consumer (ubuntu-24.04-arm, aarch64-linux-gnu)	Verify current package with exact reviewed native archive	2026-09-08T08:35:25.3175050Z  156 │   defp logo_path(%{logo: nil}), do: nil
consumer (ubuntu-24.04-arm, aarch64-linux-gnu)	Verify current package with exact reviewed native archive	2026-09-08T08:35:25.3175453Z      │        ~
consumer (ubuntu-24.04-arm, aarch64-linux-gnu)	Verify current package with exact reviewed native archive	2026-09-08T08:35:25.3176245Z      │
consumer (ubuntu-24.04-arm, aarch64-linux-gnu)	Verify current package with exact reviewed native archive	2026-09-08T08:35:25.3279733Z      └─ lib/ex_doc/formatter/html/templates.ex:156:8: ExDoc.Formatter.HTML.Templates.logo_path/1
consumer (ubuntu-24.04-arm, aarch64-linux-gnu)	Verify current package with exact reviewed native archive	2026-09-08T08:35:25.3280143Z 
consumer (ubuntu-24.04-arm, aarch64-linux-gnu)	Verify current package with exact reviewed native archive	2026-09-08T08:35:25.3280310Z      warning: the following clause will never match:
consumer (ubuntu-24.04-arm, aarch64-linux-gnu)	Verify current package with exact reviewed native archive	2026-09-08T08:35:25.3280520Z 
consumer (ubuntu-24.04-arm, aarch64-linux-gnu)	Verify current package with exact reviewed native archive	2026-09-08T08:35:25.3280603Z          nil ->
consumer (ubuntu-24.04-arm, aarch64-linux-gnu)	Verify current package with exact reviewed native archive	2026-09-08T08:35:25.3280716Z 
consumer (ubuntu-24.04-arm, aarch64-linux-gnu)	Verify current package with exact reviewed native archive	2026-09-08T08:35:25.3280840Z      because it attempts to match on the result of:
consumer (ubuntu-24.04-arm, aarch64-linux-gnu)	Verify current package with exact reviewed native archive	2026-09-08T08:35:25.3281045Z 
consumer (ubuntu-24.04-arm, aarch64-linux-gnu)	Verify current package with exact reviewed native archive	2026-09-08T08:35:25.3281226Z          ExDoc.Language.Source.fetch_type!(module_data, name, arity)
consumer (ubuntu-24.04-arm, aarch64-linux-gnu)	Verify current package with exact reviewed native archive	2026-09-08T08:35:25.3281911Z 
consumer (ubuntu-24.04-arm, aarch64-linux-gnu)	Verify current package with exact reviewed native archive	2026-09-08T08:35:25.3282011Z      which has type:
consumer (ubuntu-24.04-arm, aarch64-linux-gnu)	Verify current package with exact reviewed native archive	2026-09-08T08:35:25.3282133Z 
consumer (ubuntu-24.04-arm, aarch64-linux-gnu)	Verify current package with exact reviewed native archive	2026-09-08T08:35:25.3282236Z          dynamic(not false and not nil)
consumer (ubuntu-24.04-arm, aarch64-linux-gnu)	Verify current package with exact reviewed native archive	2026-09-08T08:35:25.3282405Z 
consumer (ubuntu-24.04-arm, aarch64-linux-gnu)	Verify current package with exact reviewed native archive	2026-09-08T08:35:25.3282501Z      type warning found at:
consumer (ubuntu-24.04-arm, aarch64-linux-gnu)	Verify current package with exact reviewed native archive	2026-09-08T08:35:25.3283107Z      │
consumer (ubuntu-24.04-arm, aarch64-linux-gnu)	Verify current package with exact reviewed native archive	2026-09-08T08:35:25.3283321Z  150 │         nil ->
consumer (ubuntu-24.04-arm, aarch64-linux-gnu)	Verify current package with exact reviewed native archive	2026-09-08T08:35:25.3283543Z      │         ~~~~~~
consumer (ubuntu-24.04-arm, aarch64-linux-gnu)	Verify current package with exact reviewed native archive	2026-09-08T08:35:25.3283742Z      │
consumer (ubuntu-24.04-arm, aarch64-linux-gnu)	Verify current package with exact reviewed native archive	2026-09-08T08:35:25.3284091Z      └─ lib/ex_doc/language/erlang.ex:150: ExDoc.Language.Erlang.type_data/6
consumer (ubuntu-24.04-arm, aarch64-linux-gnu)	Verify current package with exact reviewed native archive	2026-09-08T08:35:25.3284370Z 
consumer (ubuntu-24.04-arm, aarch64-linux-gnu)	Verify current package with exact reviewed native archive	2026-09-08T08:35:25.3319569Z      warning: the following clause is redundant:
consumer (ubuntu-24.04-arm, aarch64-linux-gnu)	Verify current package with exact reviewed native archive	2026-09-08T08:35:25.3319849Z 
consumer (ubuntu-24.04-arm, aarch64-linux-gnu)	Verify current package with exact reviewed native archive	2026-09-08T08:35:25.3319954Z          defp to_var({:<<>>, _, _}, _)
consumer (ubuntu-24.04-arm, aarch64-linux-gnu)	Verify current package with exact reviewed native archive	2026-09-08T08:35:25.3320125Z 
consumer (ubuntu-24.04-arm, aarch64-linux-gnu)	Verify current package with exact reviewed native archive	2026-09-08T08:35:25.3320210Z      it has type:
consumer (ubuntu-24.04-arm, aarch64-linux-gnu)	Verify current package with exact reviewed native archive	2026-09-08T08:35:25.3320324Z 
consumer (ubuntu-24.04-arm, aarch64-linux-gnu)	Verify current package with exact reviewed native archive	2026-09-08T08:35:25.3320442Z          dynamic({:<<>>, term(), term()}), dynamic()
consumer (ubuntu-24.04-arm, aarch64-linux-gnu)	Verify current package with exact reviewed native archive	2026-09-08T08:35:25.3320635Z 
consumer (ubuntu-24.04-arm, aarch64-linux-gnu)	Verify current package with exact reviewed native archive	2026-09-08T08:35:25.3320806Z      previous clauses have already matched on the following types:
consumer (ubuntu-24.04-arm, aarch64-linux-gnu)	Verify current package with exact reviewed native archive	2026-09-08T08:35:25.3321079Z 
consumer (ubuntu-24.04-arm, aarch64-linux-gnu)	Verify current package with exact reviewed native archive	2026-09-08T08:35:25.3321172Z          {:%{}, term(), term()}, term()
consumer (ubuntu-24.04-arm, aarch64-linux-gnu)	Verify current package with exact reviewed native archive	2026-09-08T08:35:25.3321422Z          {atom(), term(), term()}, term()
consumer (ubuntu-24.04-arm, aarch64-linux-gnu)	Verify current package with exact reviewed native archive	2026-09-08T08:35:25.3321592Z 
consumer (ubuntu-24.04-arm, aarch64-linux-gnu)	Verify current package with exact reviewed native archive	2026-09-08T08:35:25.3321824Z      │
consumer (ubuntu-24.04-arm, aarch64-linux-gnu)	Verify current package with exact reviewed native archive	2026-09-08T08:35:25.3322203Z  569 │   defp to_var({:<<>>, _, _}, _), do: {:binary, [], nil}
consumer (ubuntu-24.04-arm, aarch64-linux-gnu)	Verify current package with exact reviewed native archive	2026-09-08T08:35:25.3322544Z      │        ~
consumer (ubuntu-24.04-arm, aarch64-linux-gnu)	Verify current package with exact reviewed native archive	2026-09-08T08:35:25.3322863Z      │
consumer (ubuntu-24.04-arm, aarch64-linux-gnu)	Verify current package with exact reviewed native archive	2026-09-08T08:35:25.3323257Z      └─ lib/ex_doc/language/elixir.ex:569:8: ExDoc.Language.Elixir.to_var/2
consumer (ubuntu-24.04-arm, aarch64-linux-gnu)	Verify current package with exact reviewed native archive	2026-09-08T08:35:25.3323534Z 
consumer (ubuntu-24.04-arm, aarch64-linux-gnu)	Verify current package with exact reviewed native archive	2026-09-08T08:35:25.3434778Z      warning: the following clause is redundant:
consumer (ubuntu-24.04-arm, aarch64-linux-gnu)	Verify current package with exact reviewed native archive	2026-09-08T08:35:25.3435035Z 
consumer (ubuntu-24.04-arm, aarch64-linux-gnu)	Verify current package with exact reviewed native archive	2026-09-08T08:35:25.3435137Z          defp to_var({:{}, _, _}, _)
consumer (ubuntu-24.04-arm, aarch64-linux-gnu)	Verify current package with exact reviewed native archive	2026-09-08T08:35:25.3435301Z 
consumer (ubuntu-24.04-arm, aarch64-linux-gnu)	Verify current package with exact reviewed native archive	2026-09-08T08:35:25.3435386Z      it has type:
consumer (ubuntu-24.04-arm, aarch64-linux-gnu)	Verify current package with exact reviewed native archive	2026-09-08T08:35:25.3435498Z 
consumer (ubuntu-24.04-arm, aarch64-linux-gnu)	Verify current package with exact reviewed native archive	2026-09-08T08:35:25.3435611Z          dynamic({:{}, term(), term()}), dynamic()
consumer (ubuntu-24.04-arm, aarch64-linux-gnu)	Verify current package with exact reviewed native archive	2026-09-08T08:35:25.3435803Z 
consumer (ubuntu-24.04-arm, aarch64-linux-gnu)	Verify current package with exact reviewed native archive	2026-09-08T08:35:25.3435970Z      previous clauses have already matched on the following types:
consumer (ubuntu-24.04-arm, aarch64-linux-gnu)	Verify current package with exact reviewed native archive	2026-09-08T08:35:25.3436244Z 
consumer (ubuntu-24.04-arm, aarch64-linux-gnu)	Verify current package with exact reviewed native archive	2026-09-08T08:35:25.3436337Z          {:%{}, term(), term()}, term()
consumer (ubuntu-24.04-arm, aarch64-linux-gnu)	Verify current package with exact reviewed native archive	2026-09-08T08:35:25.3436595Z          {atom(), term(), term()}, term()
consumer (ubuntu-24.04-arm, aarch64-linux-gnu)	Verify current package with exact reviewed native archive	2026-09-08T08:35:25.3436762Z 
consumer (ubuntu-24.04-arm, aarch64-linux-gnu)	Verify current package with exact reviewed native archive	2026-09-08T08:35:25.3436939Z      │
consumer (ubuntu-24.04-arm, aarch64-linux-gnu)	Verify current package with exact reviewed native archive	2026-09-08T08:35:25.3437236Z  570 │   defp to_var({:{}, _, _}, _), do: {:tuple, [], nil}
consumer (ubuntu-24.04-arm, aarch64-linux-gnu)	Verify current package with exact reviewed native archive	2026-09-08T08:35:25.3437541Z      │        ~
consumer (ubuntu-24.04-arm, aarch64-linux-gnu)	Verify current package with exact reviewed native archive	2026-09-08T08:35:25.3437721Z      │
consumer (ubuntu-24.04-arm, aarch64-linux-gnu)	Verify current package with exact reviewed native archive	2026-09-08T08:35:25.3438061Z      └─ lib/ex_doc/language/elixir.ex:570:8: ExDoc.Language.Elixir.to_var/2
consumer (ubuntu-24.04-arm, aarch64-linux-gnu)	Verify current package with exact reviewed native archive	2026-09-08T08:35:25.3438343Z 
consumer (ubuntu-24.04-arm, aarch64-linux-gnu)	Verify current package with exact reviewed native archive	2026-09-08T08:35:25.3447673Z      warning: the following clause is redundant:
consumer (ubuntu-24.04-arm, aarch64-linux-gnu)	Verify current package with exact reviewed native archive	2026-09-08T08:35:25.3447897Z 
consumer (ubuntu-24.04-arm, aarch64-linux-gnu)	Verify current package with exact reviewed native archive	2026-09-08T08:35:25.3448020Z          defp to_var(float, _) when is_integer(float)
consumer (ubuntu-24.04-arm, aarch64-linux-gnu)	Verify current package with exact reviewed native archive	2026-09-08T08:35:25.3448223Z 
consumer (ubuntu-24.04-arm, aarch64-linux-gnu)	Verify current package with exact reviewed native archive	2026-09-08T08:35:25.3448301Z      it has type:
consumer (ubuntu-24.04-arm, aarch64-linux-gnu)	Verify current package with exact reviewed native archive	2026-09-08T08:35:25.3448416Z 
consumer (ubuntu-24.04-arm, aarch64-linux-gnu)	Verify current package with exact reviewed native archive	2026-09-08T08:35:25.3448509Z          integer(), dynamic()
consumer (ubuntu-24.04-arm, aarch64-linux-gnu)	Verify current package with exact reviewed native archive	2026-09-08T08:35:25.3448651Z 
consumer (ubuntu-24.04-arm, aarch64-linux-gnu)	Verify current package with exact reviewed native archive	2026-09-08T08:35:25.3448818Z      previous clauses have already matched on the following types:
consumer (ubuntu-24.04-arm, aarch64-linux-gnu)	Verify current package with exact reviewed native archive	2026-09-08T08:35:25.3449082Z 
consumer (ubuntu-24.04-arm, aarch64-linux-gnu)	Verify current package with exact reviewed native archive	2026-09-08T08:35:25.3449177Z          {:%{}, term(), term()}, term()
consumer (ubuntu-24.04-arm, aarch64-linux-gnu)	Verify current package with exact reviewed native archive	2026-09-08T08:35:25.3449436Z          {atom(), term(), term()}, term()
consumer (ubuntu-24.04-arm, aarch64-linux-gnu)	Verify current package with exact reviewed native archive	2026-09-08T08:35:25.3449685Z          {term(), term()}, term()
consumer (ubuntu-24.04-arm, aarch64-linux-gnu)	Verify current package with exact reviewed native archive	2026-09-08T08:35:25.3449925Z          integer(), term()
consumer (ubuntu-24.04-arm, aarch64-linux-gnu)	Verify current package with exact reviewed native archive	2026-09-08T08:35:25.3450060Z 
consumer (ubuntu-24.04-arm, aarch64-linux-gnu)	Verify current package with exact reviewed native archive	2026-09-08T08:35:25.3450217Z      │
consumer (ubuntu-24.04-arm, aarch64-linux-gnu)	Verify current package with exact reviewed native archive	2026-09-08T08:35:25.3450564Z  573 │   defp to_var(float, _) when is_integer(float), do: {:float, [], nil}
consumer (ubuntu-24.04-arm, aarch64-linux-gnu)	Verify current package with exact reviewed native archive	2026-09-08T08:35:25.3450928Z      │        ~
consumer (ubuntu-24.04-arm, aarch64-linux-gnu)	Verify current package with exact reviewed native archive	2026-09-08T08:35:25.3451106Z      │
consumer (ubuntu-24.04-arm, aarch64-linux-gnu)	Verify current package with exact reviewed native archive	2026-09-08T08:35:25.3451440Z      └─ lib/ex_doc/language/elixir.ex:573:8: ExDoc.Language.Elixir.to_var/2
consumer (ubuntu-24.04-arm, aarch64-linux-gnu)	Verify current package with exact reviewed native archive	2026-09-08T08:35:25.3451714Z 
consumer (ubuntu-24.04-arm, aarch64-linux-gnu)	Verify current package with exact reviewed native archive	2026-09-08T08:35:25.3481669Z Generated ex_doc app
consumer (ubuntu-24.04-arm, aarch64-linux-gnu)	Verify current package with exact reviewed native archive	2026-09-08T08:35:25.6516275Z ==> aphid_consumer
consumer (ubuntu-24.04-arm, aarch64-linux-gnu)	Verify current package with exact reviewed native archive	2026-09-08T08:35:25.6517032Z ===> Analyzing applications...
consumer (ubuntu-24.04-arm, aarch64-linux-gnu)	Verify current package with exact reviewed native archive	2026-09-08T08:35:25.7039561Z ===> Compiling telemetry
consumer (ubuntu-24.04-arm, aarch64-linux-gnu)	Verify current package with exact reviewed native archive	2026-09-08T08:35:25.9882050Z ==> zig_doc
consumer (ubuntu-24.04-arm, aarch64-linux-gnu)	Verify current package with exact reviewed native archive	2026-09-08T08:35:25.9882364Z Compiling 5 files (.ex)
consumer (ubuntu-24.04-arm, aarch64-linux-gnu)	Verify current package with exact reviewed native archive	2026-09-08T08:35:26.2098553Z     warning: the following clause will never match:
consumer (ubuntu-24.04-arm, aarch64-linux-gnu)	Verify current package with exact reviewed native archive	2026-09-08T08:35:26.2098849Z 
consumer (ubuntu-24.04-arm, aarch64-linux-gnu)	Verify current package with exact reviewed native archive	2026-09-08T08:35:26.2098986Z         {{:error, reason}, path} ->
consumer (ubuntu-24.04-arm, aarch64-linux-gnu)	Verify current package with exact reviewed native archive	2026-09-08T08:35:26.2099160Z 
consumer (ubuntu-24.04-arm, aarch64-linux-gnu)	Verify current package with exact reviewed native archive	2026-09-08T08:35:26.2099259Z     it is expected to match on type:
consumer (ubuntu-24.04-arm, aarch64-linux-gnu)	Verify current package with exact reviewed native archive	2026-09-08T08:35:26.2099786Z 
consumer (ubuntu-24.04-arm, aarch64-linux-gnu)	Verify current package with exact reviewed native archive	2026-09-08T08:35:26.2099868Z         dynamic(
consumer (ubuntu-24.04-arm, aarch64-linux-gnu)	Verify current package with exact reviewed native archive	2026-09-08T08:35:26.2100054Z           :error or
consumer (ubuntu-24.04-arm, aarch64-linux-gnu)	Verify current package with exact reviewed native archive	2026-09-08T08:35:26.2100368Z             ({term(), :read, binary() or empty_list() or non_empty_list(term(), term())} and
consumer (ubuntu-24.04-arm, aarch64-linux-gnu)	Verify current package with exact reviewed native archive	2026-09-08T08:35:26.2100873Z                not {{:ok, term()}, :read, binary() or empty_list() or non_empty_list(term(), term())})
consumer (ubuntu-24.04-arm, aarch64-linux-gnu)	Verify current package with exact reviewed native archive	2026-09-08T08:35:26.2101249Z         )
consumer (ubuntu-24.04-arm, aarch64-linux-gnu)	Verify current package with exact reviewed native archive	2026-09-08T08:35:26.2101349Z 
consumer (ubuntu-24.04-arm, aarch64-linux-gnu)	Verify current package with exact reviewed native archive	2026-09-08T08:35:26.2101439Z     type warning found at:
consumer (ubuntu-24.04-arm, aarch64-linux-gnu)	Verify current package with exact reviewed native archive	2026-09-08T08:35:26.2101862Z     │
consumer (ubuntu-24.04-arm, aarch64-linux-gnu)	Verify current package with exact reviewed native archive	2026-09-08T08:35:26.2102110Z  69 │       {{:error, reason}, path} ->
consumer (ubuntu-24.04-arm, aarch64-linux-gnu)	Verify current package with exact reviewed native archive	2026-09-08T08:35:26.2102396Z     │       ~~~~~~~~~~~~~~~~~~~~~~~~~~~
consumer (ubuntu-24.04-arm, aarch64-linux-gnu)	Verify current package with exact reviewed native archive	2026-09-08T08:35:26.2102624Z     │
consumer (ubuntu-24.04-arm, aarch64-linux-gnu)	Verify current package with exact reviewed native archive	2026-09-08T08:35:26.2103230Z     └─ lib/zig.doc/generator.ex:69: Zig.Doc.Generator.modulenode_from_config/3
consumer (ubuntu-24.04-arm, aarch64-linux-gnu)	Verify current package with exact reviewed native archive	2026-09-08T08:35:26.2103525Z 
consumer (ubuntu-24.04-arm, aarch64-linux-gnu)	Verify current package with exact reviewed native archive	2026-09-08T08:35:26.2122520Z Generated zig_doc app
consumer (ubuntu-24.04-arm, aarch64-linux-gnu)	Verify current package with exact reviewed native archive	2026-09-08T08:35:26.2598182Z ==> zigler
consumer (ubuntu-24.04-arm, aarch64-linux-gnu)	Verify current package with exact reviewed native archive	2026-09-08T08:35:26.2598528Z Compiling 50 files (.ex)
consumer (ubuntu-24.04-arm, aarch64-linux-gnu)	Verify current package with exact reviewed native archive	2026-09-08T08:35:26.2706955Z 
consumer (ubuntu-24.04-arm, aarch64-linux-gnu)	Verify current package with exact reviewed native archive	2026-09-08T08:35:26.2707443Z 08:35:26.268 [warning] not cross-compiling windows-msvc
consumer (ubuntu-24.04-arm, aarch64-linux-gnu)	Verify current package with exact reviewed native archive	2026-09-08T08:35:26.3573278Z      warning: clauses with the same name and arity (number of arguments) should be grouped together, "def render_elixir_spec/1" was previously defined (lib/zig/_nif.ex:373)
consumer (ubuntu-24.04-arm, aarch64-linux-gnu)	Verify current package with exact reviewed native archive	2026-09-08T08:35:26.3574306Z      │
consumer (ubuntu-24.04-arm, aarch64-linux-gnu)	Verify current package with exact reviewed native archive	2026-09-08T08:35:26.3574590Z  386 │   def render_elixir_spec(nif) do
consumer (ubuntu-24.04-arm, aarch64-linux-gnu)	Verify current package with exact reviewed native archive	2026-09-08T08:35:26.3574877Z      │       ~
consumer (ubuntu-24.04-arm, aarch64-linux-gnu)	Verify current package with exact reviewed native archive	2026-09-08T08:35:26.3575060Z      │
consumer (ubuntu-24.04-arm, aarch64-linux-gnu)	Verify current package with exact reviewed native archive	2026-09-08T08:35:26.3575279Z      └─ lib/zig/_nif.ex:386:7
consumer (ubuntu-24.04-arm, aarch64-linux-gnu)	Verify current package with exact reviewed native archive	2026-09-08T08:35:26.3575427Z 
consumer (ubuntu-24.04-arm, aarch64-linux-gnu)	Verify current package with exact reviewed native archive	2026-09-08T08:35:28.2530295Z 
consumer (ubuntu-24.04-arm, aarch64-linux-gnu)	Verify current package with exact reviewed native archive	2026-09-08T08:35:28.2531062Z 08:35:28.252 [debug] creating staging directory /home/runner/work/_temp/aphid-current-consumer/fresh/staging/Elixir.Zig.Formatter
consumer (ubuntu-24.04-arm, aarch64-linux-gnu)	Verify current package with exact reviewed native archive	2026-09-08T08:35:28.2608236Z      warning: unused require EEx
consumer (ubuntu-24.04-arm, aarch64-linux-gnu)	Verify current package with exact reviewed native archive	2026-09-08T08:35:28.2608728Z      │
consumer (ubuntu-24.04-arm, aarch64-linux-gnu)	Verify current package with exact reviewed native archive	2026-09-08T08:35:28.2608968Z  437 │   require EEx
consumer (ubuntu-24.04-arm, aarch64-linux-gnu)	Verify current package with exact reviewed native archive	2026-09-08T08:35:28.2609179Z      │   ~
consumer (ubuntu-24.04-arm, aarch64-linux-gnu)	Verify current package with exact reviewed native archive	2026-09-08T08:35:28.2609350Z      │
consumer (ubuntu-24.04-arm, aarch64-linux-gnu)	Verify current package with exact reviewed native archive	2026-09-08T08:35:28.2609564Z      └─ lib/zig/_nif.ex:437:3
consumer (ubuntu-24.04-arm, aarch64-linux-gnu)	Verify current package with exact reviewed native archive	2026-09-08T08:35:28.2609751Z 
consumer (ubuntu-24.04-arm, aarch64-linux-gnu)	Verify current package with exact reviewed native archive	2026-09-08T08:35:28.2638692Z 
consumer (ubuntu-24.04-arm, aarch64-linux-gnu)	Verify current package with exact reviewed native archive	2026-09-08T08:35:28.2639197Z 08:35:28.263 [info] searching for zig in /home/runner/work/_temp/aphid-current-consumer/fresh/home/.cache/zigler/zig-aarch64-linux-0.16.0/zig
consumer (ubuntu-24.04-arm, aarch64-linux-gnu)	Verify current package with exact reviewed native archive	2026-09-08T08:35:28.7691890Z warning: Zig.Formatter not active (%CompileError{file: nil, line: nil, description: "zig executable not found"}).  If you need Formatter function, and zig is not available, Please run `mix zig.get` to install it.
consumer (ubuntu-24.04-arm, aarch64-linux-gnu)	Verify current package with exact reviewed native archive	2026-09-08T08:35:28.7707989Z ##[warning]  lib/zig/formatter.ex:46: (file)
consumer (ubuntu-24.04-arm, aarch64-linux-gnu)	Verify current package with exact reviewed native archive	2026-09-08T08:35:28.7715483Z   (elixir 1.20.0) src/elixir_compiler.erl:102: :elixir_compiler.dispatch/4
consumer (ubuntu-24.04-arm, aarch64-linux-gnu)	Verify current package with exact reviewed native archive	2026-09-08T08:35:28.7715980Z   (elixir 1.20.0) src/elixir_compiler.erl:76: :elixir_compiler.compile/4
consumer (ubuntu-24.04-arm, aarch64-linux-gnu)	Verify current package with exact reviewed native archive	2026-09-08T08:35:28.7716502Z   (elixir 1.20.0) src/elixir_compiler.erl:42: :elixir_compiler.optimize_defmodule/2
consumer (ubuntu-24.04-arm, aarch64-linux-gnu)	Verify current package with exact reviewed native archive	2026-09-08T08:35:28.7716952Z   (elixir 1.20.0) src/elixir_lexical.erl:18: :elixir_lexical.run/3
consumer (ubuntu-24.04-arm, aarch64-linux-gnu)	Verify current package with exact reviewed native archive	2026-09-08T08:35:28.7717362Z   (elixir 1.20.0) src/elixir_compiler.erl:21: :elixir_compiler.quoted/3
consumer (ubuntu-24.04-arm, aarch64-linux-gnu)	Verify current package with exact reviewed native archive	2026-09-08T08:35:28.7717639Z 
consumer (ubuntu-24.04-arm, aarch64-linux-gnu)	Verify current package with exact reviewed native archive	2026-09-08T08:35:28.8394768Z Generated zigler app
consumer (ubuntu-24.04-arm, aarch64-linux-gnu)	Verify current package with exact reviewed native archive	2026-09-08T08:35:30.2006681Z ==> aphid
consumer (ubuntu-24.04-arm, aarch64-linux-gnu)	Verify current package with exact reviewed native archive	2026-09-08T08:35:30.2007704Z Aphid local bundle verified and installed: SHA256 235ceb0490a1baf64e33fd53f17f683ce263197cf0cac6cf1107275dd94b62af
consumer (ubuntu-24.04-arm, aarch64-linux-gnu)	Verify current package with exact reviewed native archive	2026-09-08T08:35:30.2138569Z Compiling 13 files (.ex)
consumer (ubuntu-24.04-arm, aarch64-linux-gnu)	Verify current package with exact reviewed native archive	2026-09-08T08:35:30.3454958Z 
consumer (ubuntu-24.04-arm, aarch64-linux-gnu)	Verify current package with exact reviewed native archive	2026-09-08T08:35:30.3456007Z 08:35:30.345 [debug] skipping compile step for precompiled module Elixir.Aphid.Proof, at /home/runner/work/_temp/aphid-current-consumer/fresh/consumer/_build/prod/lib/aphid/priv/lib/Elixir.Aphid.Proof.so
consumer (ubuntu-24.04-arm, aarch64-linux-gnu)	Verify current package with exact reviewed native archive	2026-09-08T08:35:30.3465537Z 
consumer (ubuntu-24.04-arm, aarch64-linux-gnu)	Verify current package with exact reviewed native archive	2026-09-08T08:35:30.3466269Z 08:35:30.346 [debug] destination library path: /home/runner/work/_temp/aphid-current-consumer/fresh/consumer/_build/prod/lib/aphid/priv/lib/Elixir.Aphid.Proof.so
consumer (ubuntu-24.04-arm, aarch64-linux-gnu)	Verify current package with exact reviewed native archive	2026-09-08T08:35:30.5869961Z 
consumer (ubuntu-24.04-arm, aarch64-linux-gnu)	Verify current package with exact reviewed native archive	2026-09-08T08:35:30.5871122Z 08:35:30.586 [debug] skipping compile step for precompiled module Elixir.Aphid.Native, at /home/runner/work/_temp/aphid-current-consumer/fresh/consumer/_build/prod/lib/aphid/priv/lib/Elixir.Aphid.Native.so
consumer (ubuntu-24.04-arm, aarch64-linux-gnu)	Verify current package with exact reviewed native archive	2026-09-08T08:35:30.5882169Z 
consumer (ubuntu-24.04-arm, aarch64-linux-gnu)	Verify current package with exact reviewed native archive	2026-09-08T08:35:30.5883161Z 08:35:30.586 [debug] destination library path: /home/runner/work/_temp/aphid-current-consumer/fresh/consumer/_build/prod/lib/aphid/priv/lib/Elixir.Aphid.Native.so
consumer (ubuntu-24.04-arm, aarch64-linux-gnu)	Verify current package with exact reviewed native archive	2026-09-08T08:35:31.2037563Z Generated aphid app
consumer (ubuntu-24.04-arm, aarch64-linux-gnu)	Verify current package with exact reviewed native archive	2026-09-08T08:35:31.2420425Z {"command": ["sudo", "-E", "bwrap", "--die-with-parent", "--unshare-pid", "--ro-bind", "/", "/", "--dev", "/dev", "--proc", "/proc", "--bind", "/home/runner/work/_temp/aphid-current-consumer/fresh", "/home/runner/work/_temp/aphid-current-consumer/fresh", "--unshare-net", "--tmpfs", "/home/runner/work/Aphid/Aphid", "--tmpfs", "/home/runner/work/_temp/aphid-current-consumer/retained", "--ro-bind", "/dev/null", "/usr/bin/aarch64-linux-gnu-as", "--ro-bind", "/dev/null", "/usr/bin/aarch64-linux-gnu-g++-12", "--ro-bind", "/dev/null", "/usr/bin/aarch64-linux-gnu-g++-13", "--ro-bind", "/dev/null", "/usr/bin/aarch64-linux-gnu-g++-14", "--ro-bind", "/dev/null", "/usr/bin/aarch64-linux-gnu-gcc-12", "--ro-bind", "/dev/null", "/usr/bin/aarch64-linux-gnu-gcc-13", "--ro-bind", "/dev/null", "/usr/bin/aarch64-linux-gnu-gcc-14", "--ro-bind", "/dev/null", "/usr/bin/aarch64-linux-gnu-ld.bfd", "--ro-bind", "/dev/null", "/usr/bin/c89-gcc", "--ro-bind", "/dev/null", "/usr/bin/c99-gcc", "--ro-bind", "/dev/null", "/usr/bin/make", "--ro-bind", "/dev/null", "/usr/lib/llvm-16/bin/clang", "--ro-bind", "/dev/null", "/usr/lib/llvm-16/bin/lld", "--ro-bind", "/dev/null", "/usr/lib/llvm-16/bin/llvm-as", "--ro-bind", "/dev/null", "/usr/lib/llvm-17/bin/clang", "--ro-bind", "/dev/null", "/usr/lib/llvm-17/bin/lld", "--ro-bind", "/dev/null", "/usr/lib/llvm-17/bin/llvm-as", "--ro-bind", "/dev/null", "/usr/lib/llvm-18/bin/clang", "--ro-bind", "/dev/null", "/usr/lib/llvm-18/bin/lld", "--ro-bind", "/dev/null", "/usr/lib/llvm-18/bin/llvm-as", "--ro-bind", "/dev/null", "/usr/local/bin/cmake", "--ro-bind", "/dev/null", "/usr/local/bin/ninja", "--cap-add", "CAP_SETUID", "--cap-add", "CAP_SETGID", "--cap-add", "CAP_SETPCAP", "--clearenv", "--setenv", "LANG", "C.UTF-8", "--setenv", "HOME", "/home/runner/work/_temp/aphid-current-consumer/fresh/home", "--setenv", "PATH", "/home/runner/work/_temp/aphid-current-consumer/fresh/tools:/home/runner/work/_temp/.setup-beam/elixir/bin:/home/runner/work/_temp/.setup-beam/elixir/bin:/home/runner/work/_temp/.setup-beam/otp/bin:/usr/bin:/bin:/usr/sbin:/sbin", "--setenv", "MIX_HOME", "/home/runner/work/_temp/aphid-current-consumer/fresh/mix-home", "--setenv", "HEX_HOME", "/home/runner/work/_temp/aphid-current-consumer/fresh/hex-home", "--setenv", "MIX_ENV", "prod", "--setenv", "ZIG_EXECUTABLE_PATH", "/home/runner/work/_temp/aphid-current-consumer/fresh/tools/zig", "--setenv", "ZIG_GLOBAL_CACHE_DIR", "/home/runner/work/_temp/aphid-current-consumer/fresh/zig-cache", "--setenv", "ZIGLER_STAGING_ROOT", "/home/runner/work/_temp/aphid-current-consumer/fresh/staging", "--setenv", "ERL_FLAGS", "+S 1:1 +SDcpu 1:1", "--setenv", "APHID_INSTALL", "precompiled", "--setenv", "APHID_BUNDLE_ARCHIVE", "/home/runner/work/_temp/aphid-current-consumer/fresh/candidate.tar.gz", "--setenv", "APHID_BUNDLE_SHA256", "235ceb0490a1baf64e33fd53f17f683ce263197cf0cac6cf1107275dd94b62af", "--setenv", "TMPDIR", "/home/runner/work/_temp/aphid-current-consumer/fresh/tmp", "--", "/usr/bin/setpriv", "--reuid", "1001", "--regid", "1001", "--clear-groups", "--bounding-set=-all", "--no-new-privs", "--", "mix", "deps.compile"], "cwd": "/home/runner/work/_temp/aphid-current-consumer/fresh/consumer", "exit": 0, "seconds": 35.287}
consumer (ubuntu-24.04-arm, aarch64-linux-gnu)	Verify current package with exact reviewed native archive	2026-09-08T08:35:33.1689351Z ==> aphid
consumer (ubuntu-24.04-arm, aarch64-linux-gnu)	Verify current package with exact reviewed native archive	2026-09-08T08:35:33.1699694Z Aphid local bundle verified and installed: SHA256 235ceb0490a1baf64e33fd53f17f683ce263197cf0cac6cf1107275dd94b62af
consumer (ubuntu-24.04-arm, aarch64-linux-gnu)	Verify current package with exact reviewed native archive	2026-09-08T08:35:33.6182944Z ==> aphid_consumer
consumer (ubuntu-24.04-arm, aarch64-linux-gnu)	Verify current package with exact reviewed native archive	2026-09-08T08:35:33.6183318Z Generated aphid_consumer app
consumer (ubuntu-24.04-arm, aarch64-linux-gnu)	Verify current package with exact reviewed native archive	2026-09-08T08:35:33.6604620Z {"command": ["sudo", "-E", "bwrap", "--die-with-parent", "--unshare-pid", "--ro-bind", "/", "/", "--dev", "/dev", "--proc", "/proc", "--bind", "/home/runner/work/_temp/aphid-current-consumer/fresh", "/home/runner/work/_temp/aphid-current-consumer/fresh", "--unshare-net", "--tmpfs", "/home/runner/work/Aphid/Aphid", "--tmpfs", "/home/runner/work/_temp/aphid-current-consumer/retained", "--ro-bind", "/dev/null", "/usr/bin/aarch64-linux-gnu-as", "--ro-bind", "/dev/null", "/usr/bin/aarch64-linux-gnu-g++-12", "--ro-bind", "/dev/null", "/usr/bin/aarch64-linux-gnu-g++-13", "--ro-bind", "/dev/null", "/usr/bin/aarch64-linux-gnu-g++-14", "--ro-bind", "/dev/null", "/usr/bin/aarch64-linux-gnu-gcc-12", "--ro-bind", "/dev/null", "/usr/bin/aarch64-linux-gnu-gcc-13", "--ro-bind", "/dev/null", "/usr/bin/aarch64-linux-gnu-gcc-14", "--ro-bind", "/dev/null", "/usr/bin/aarch64-linux-gnu-ld.bfd", "--ro-bind", "/dev/null", "/usr/bin/c89-gcc", "--ro-bind", "/dev/null", "/usr/bin/c99-gcc", "--ro-bind", "/dev/null", "/usr/bin/make", "--ro-bind", "/dev/null", "/usr/lib/llvm-16/bin/clang", "--ro-bind", "/dev/null", "/usr/lib/llvm-16/bin/lld", "--ro-bind", "/dev/null", "/usr/lib/llvm-16/bin/llvm-as", "--ro-bind", "/dev/null", "/usr/lib/llvm-17/bin/clang", "--ro-bind", "/dev/null", "/usr/lib/llvm-17/bin/lld", "--ro-bind", "/dev/null", "/usr/lib/llvm-17/bin/llvm-as", "--ro-bind", "/dev/null", "/usr/lib/llvm-18/bin/clang", "--ro-bind", "/dev/null", "/usr/lib/llvm-18/bin/lld", "--ro-bind", "/dev/null", "/usr/lib/llvm-18/bin/llvm-as", "--ro-bind", "/dev/null", "/usr/local/bin/cmake", "--ro-bind", "/dev/null", "/usr/local/bin/ninja", "--cap-add", "CAP_SETUID", "--cap-add", "CAP_SETGID", "--cap-add", "CAP_SETPCAP", "--clearenv", "--setenv", "LANG", "C.UTF-8", "--setenv", "HOME", "/home/runner/work/_temp/aphid-current-consumer/fresh/home", "--setenv", "PATH", "/home/runner/work/_temp/aphid-current-consumer/fresh/tools:/home/runner/work/_temp/.setup-beam/elixir/bin:/home/runner/work/_temp/.setup-beam/elixir/bin:/home/runner/work/_temp/.setup-beam/otp/bin:/usr/bin:/bin:/usr/sbin:/sbin", "--setenv", "MIX_HOME", "/home/runner/work/_temp/aphid-current-consumer/fresh/mix-home", "--setenv", "HEX_HOME", "/home/runner/work/_temp/aphid-current-consumer/fresh/hex-home", "--setenv", "MIX_ENV", "prod", "--setenv", "ZIG_EXECUTABLE_PATH", "/home/runner/work/_temp/aphid-current-consumer/fresh/tools/zig", "--setenv", "ZIG_GLOBAL_CACHE_DIR", "/home/runner/work/_temp/aphid-current-consumer/fresh/zig-cache", "--setenv", "ZIGLER_STAGING_ROOT", "/home/runner/work/_temp/aphid-current-consumer/fresh/staging", "--setenv", "ERL_FLAGS", "+S 1:1 +SDcpu 1:1", "--setenv", "APHID_INSTALL", "precompiled", "--setenv", "APHID_BUNDLE_ARCHIVE", "/home/runner/work/_temp/aphid-current-consumer/fresh/candidate.tar.gz", "--setenv", "APHID_BUNDLE_SHA256", "235ceb0490a1baf64e33fd53f17f683ce263197cf0cac6cf1107275dd94b62af", "--setenv", "TMPDIR", "/home/runner/work/_temp/aphid-current-consumer/fresh/tmp", "--", "/usr/bin/setpriv", "--reuid", "1001", "--regid", "1001", "--clear-groups", "--bounding-set=-all", "--no-new-privs", "--", "mix", "compile"], "cwd": "/home/runner/work/_temp/aphid-current-consumer/fresh/consumer", "exit": 0, "seconds": 2.418}
consumer (ubuntu-24.04-arm, aarch64-linux-gnu)	Verify current package with exact reviewed native archive	2026-09-08T08:35:34.3989430Z runtime identity: {"1.20.0", ~c"29", ~c"2.18"}
consumer (ubuntu-24.04-arm, aarch64-linux-gnu)	Verify current package with exact reviewed native archive	2026-09-08T08:35:36.0235222Z Running ExUnit with seed: 0, max_cases: 2
consumer (ubuntu-24.04-arm, aarch64-linux-gnu)	Verify current package with exact reviewed native archive	2026-09-08T08:35:36.0235855Z 
consumer (ubuntu-24.04-arm, aarch64-linux-gnu)	Verify current package with exact reviewed native archive	2026-09-08T08:35:40.8775380Z ................Aphid basic example passed
consumer (ubuntu-24.04-arm, aarch64-linux-gnu)	Verify current package with exact reviewed native archive	2026-09-08T08:35:40.9155625Z .Aphid transaction example passed
consumer (ubuntu-24.04-arm, aarch64-linux-gnu)	Verify current package with exact reviewed native archive	2026-09-08T08:35:40.9415155Z .Aphid stream example passed
consumer (ubuntu-24.04-arm, aarch64-linux-gnu)	Verify current package with exact reviewed native archive	2026-09-08T08:35:41.0155410Z .Aphid FTS example passed
consumer (ubuntu-24.04-arm, aarch64-linux-gnu)	Verify current package with exact reviewed native archive	2026-09-08T08:35:41.0535457Z .Aphid vector example passed
consumer (ubuntu-24.04-arm, aarch64-linux-gnu)	Verify current package with exact reviewed native archive	2026-09-08T08:35:41.1378947Z .Aphid DuckDB example passed
consumer (ubuntu-24.04-arm, aarch64-linux-gnu)	Verify current package with exact reviewed native archive	2026-09-08T08:35:47.4342524Z .............stale-cancel race: 30 iterations; maximum cancel-to-idle 213005 us
consumer (ubuntu-24.04-arm, aarch64-linux-gnu)	Verify current package with exact reviewed native archive	2026-09-08T08:35:51.8945657Z ........heartbeat: 11 samples; maximum gap 6 ms
consumer (ubuntu-24.04-arm, aarch64-linux-gnu)	Verify current package with exact reviewed native archive	2026-09-08T08:35:51.9855192Z .
consumer (ubuntu-24.04-arm, aarch64-linux-gnu)	Verify current package with exact reviewed native archive	2026-09-08T08:35:51.9856419Z 08:35:51.983 [error] Aphid artifact [unloadable]: /home/runner/work/_temp/aphid-current-consumer/fresh/consumer/_build/prod/lib/aphid/priv/lib/Elixir.Aphid.Native: {:upgrade, ~c"Library upgrade-call unsuccessful (-1)."}; use the matching complete bundle and runtime. No source fallback.
consumer (ubuntu-24.04-arm, aarch64-linux-gnu)	Verify current package with exact reviewed native archive	2026-09-08T08:35:51.9897169Z 
consumer (ubuntu-24.04-arm, aarch64-linux-gnu)	Verify current package with exact reviewed native archive	2026-09-08T08:35:51.9897706Z 08:35:51.986 [warning] The on_load function for module Elixir.Aphid.Native returned:
consumer (ubuntu-24.04-arm, aarch64-linux-gnu)	Verify current package with exact reviewed native archive	2026-09-08T08:35:51.9898235Z {:error, {:upgrade, ~c"Library upgrade-call unsuccessful (-1)."}}
consumer (ubuntu-24.04-arm, aarch64-linux-gnu)	Verify current package with exact reviewed native archive	2026-09-08T08:35:51.9898488Z 
consumer (ubuntu-24.04-arm, aarch64-linux-gnu)	Verify current package with exact reviewed native archive	2026-09-08T08:35:54.6600415Z .................................................
consumer (ubuntu-24.04-arm, aarch64-linux-gnu)	Verify current package with exact reviewed native archive	2026-09-08T08:35:54.6618070Z Finished in 20.2 seconds (1.6s on load, 0.00s async, 18.6s sync)
consumer (ubuntu-24.04-arm, aarch64-linux-gnu)	Verify current package with exact reviewed native archive	2026-09-08T08:35:54.6618725Z 
consumer (ubuntu-24.04-arm, aarch64-linux-gnu)	Verify current package with exact reviewed native archive	2026-09-08T08:35:54.6619055Z Result: 92 passed
consumer (ubuntu-24.04-arm, aarch64-linux-gnu)	Verify current package with exact reviewed native archive	2026-09-08T08:35:54.7347084Z {"command": ["sudo", "-E", "bwrap", "--die-with-parent", "--unshare-pid", "--ro-bind", "/", "/", "--dev", "/dev", "--proc", "/proc", "--bind", "/home/runner/work/_temp/aphid-current-consumer/fresh", "/home/runner/work/_temp/aphid-current-consumer/fresh", "--unshare-net", "--tmpfs", "/home/runner/work/Aphid/Aphid", "--tmpfs", "/home/runner/work/_temp/aphid-current-consumer/retained", "--ro-bind", "/dev/null", "/usr/bin/aarch64-linux-gnu-as", "--ro-bind", "/dev/null", "/usr/bin/aarch64-linux-gnu-g++-12", "--ro-bind", "/dev/null", "/usr/bin/aarch64-linux-gnu-g++-13", "--ro-bind", "/dev/null", "/usr/bin/aarch64-linux-gnu-g++-14", "--ro-bind", "/dev/null", "/usr/bin/aarch64-linux-gnu-gcc-12", "--ro-bind", "/dev/null", "/usr/bin/aarch64-linux-gnu-gcc-13", "--ro-bind", "/dev/null", "/usr/bin/aarch64-linux-gnu-gcc-14", "--ro-bind", "/dev/null", "/usr/bin/aarch64-linux-gnu-ld.bfd", "--ro-bind", "/dev/null", "/usr/bin/c89-gcc", "--ro-bind", "/dev/null", "/usr/bin/c99-gcc", "--ro-bind", "/dev/null", "/usr/bin/make", "--ro-bind", "/dev/null", "/usr/lib/llvm-16/bin/clang", "--ro-bind", "/dev/null", "/usr/lib/llvm-16/bin/lld", "--ro-bind", "/dev/null", "/usr/lib/llvm-16/bin/llvm-as", "--ro-bind", "/dev/null", "/usr/lib/llvm-17/bin/clang", "--ro-bind", "/dev/null", "/usr/lib/llvm-17/bin/lld", "--ro-bind", "/dev/null", "/usr/lib/llvm-17/bin/llvm-as", "--ro-bind", "/dev/null", "/usr/lib/llvm-18/bin/clang", "--ro-bind", "/dev/null", "/usr/lib/llvm-18/bin/lld", "--ro-bind", "/dev/null", "/usr/lib/llvm-18/bin/llvm-as", "--ro-bind", "/dev/null", "/usr/local/bin/cmake", "--ro-bind", "/dev/null", "/usr/local/bin/ninja", "--cap-add", "CAP_SETUID", "--cap-add", "CAP_SETGID", "--cap-add", "CAP_SETPCAP", "--clearenv", "--setenv", "LANG", "C.UTF-8", "--setenv", "HOME", "/home/runner/work/_temp/aphid-current-consumer/fresh/home", "--setenv", "PATH", "/home/runner/work/_temp/aphid-current-consumer/fresh/tools:/home/runner/work/_temp/.setup-beam/elixir/bin:/home/runner/work/_temp/.setup-beam/elixir/bin:/home/runner/work/_temp/.setup-beam/otp/bin:/usr/bin:/bin:/usr/sbin:/sbin", "--setenv", "MIX_HOME", "/home/runner/work/_temp/aphid-current-consumer/fresh/mix-home", "--setenv", "HEX_HOME", "/home/runner/work/_temp/aphid-current-consumer/fresh/hex-home", "--setenv", "MIX_ENV", "prod", "--setenv", "ZIG_EXECUTABLE_PATH", "/home/runner/work/_temp/aphid-current-consumer/fresh/tools/zig", "--setenv", "ZIG_GLOBAL_CACHE_DIR", "/home/runner/work/_temp/aphid-current-consumer/fresh/zig-cache", "--setenv", "ZIGLER_STAGING_ROOT", "/home/runner/work/_temp/aphid-current-consumer/fresh/staging", "--setenv", "ERL_FLAGS", "+S 1:1 +SDcpu 1:1", "--setenv", "TMPDIR", "/home/runner/work/_temp/aphid-current-consumer/fresh/tmp", "--", "/usr/bin/setpriv", "--reuid", "1001", "--regid", "1001", "--clear-groups", "--bounding-set=-all", "--no-new-privs", "--", "mix", "run", "--no-compile", "check.exs"], "cwd": "/home/runner/work/_temp/aphid-current-consumer/fresh/consumer", "exit": 0, "seconds": 21.054}
consumer (ubuntu-24.04-arm, aarch64-linux-gnu)	Verify current package with exact reviewed native archive	2026-09-08T08:35:54.9002671Z Installed license hashes, including source-package supplement: 08cc1d20ccb4808537545220152d6aff97701e2c3b0b8597ab2dadaa82a789d1
consumer (ubuntu-24.04-arm, aarch64-linux-gnu)	Verify current package with exact reviewed native archive	2026-09-08T08:35:54.9003658Z fresh Mix consumer passed; native files unchanged; no native compiler invocation
consumer (ubuntu-24.04-arm, aarch64-linux-gnu)	Verify current package with exact reviewed native archive	2026-09-08T08:35:54.9267802Z {"command": ["/opt/hostedtoolcache/Python/3.14.7/arm64/bin/python3", "scripts/precompiled_consumer.py", "--archive", "/home/runner/work/_temp/aphid-current-consumer/retained/aphid-linux-distribution/packaged/aphid-0.1.0-dev-aarch64-linux-gnu.tar.gz", "--sha256", "235ceb0490a1baf64e33fd53f17f683ce263197cf0cac6cf1107275dd94b62af", "--package", "/home/runner/work/_temp/aphid-current-consumer/aphid-0.1.0-dev-combined.tar", "--package-sha256", "11ca5ca447a7a93ee6d8e2d79758f3ed67d9ce04d20947a08e82598851152507", "--destination", "/home/runner/work/_temp/aphid-current-consumer/fresh", "--hex-dependencies", "--hide-build", "/home/runner/work/_temp/aphid-current-consumer/retained"], "cwd": "/home/runner/work/Aphid/Aphid", "exit": 0, "seconds": 61.951}
consumer (ubuntu-24.04-arm, aarch64-linux-gnu)	Verify current package with exact reviewed native archive	2026-09-08T08:35:54.9861814Z CASE missing
consumer (ubuntu-24.04-arm, aarch64-linux-gnu)	Verify current package with exact reviewed native archive	2026-09-08T08:35:55.4346593Z Aphid artifact [missing]: set APHID_BUNDLE_ARCHIVE to an existing local .tar.gz. No source fallback.
consumer (ubuntu-24.04-arm, aarch64-linux-gnu)	Verify current package with exact reviewed native archive	2026-09-08T08:35:55.4510719Z {"command": ["elixir", "/home/runner/work/_temp/aphid-current-consumer/failures/reject.exs"], "cwd": "/home/runner/work/_temp/aphid-current-consumer/failures", "exit": 0, "seconds": 0.465}
consumer (ubuntu-24.04-arm, aarch64-linux-gnu)	Verify current package with exact reviewed native archive	2026-09-08T08:35:55.4512175Z CASE missing-pin
consumer (ubuntu-24.04-arm, aarch64-linux-gnu)	Verify current package with exact reviewed native archive	2026-09-08T08:35:55.9012995Z Aphid artifact [corrupt]: set APHID_BUNDLE_SHA256 to an independently trusted 64-digit SHA256. No source fallback.
consumer (ubuntu-24.04-arm, aarch64-linux-gnu)	Verify current package with exact reviewed native archive	2026-09-08T08:35:55.9161397Z {"command": ["elixir", "/home/runner/work/_temp/aphid-current-consumer/failures/reject.exs"], "cwd": "/home/runner/work/_temp/aphid-current-consumer/failures", "exit": 0, "seconds": 0.465}
consumer (ubuntu-24.04-arm, aarch64-linux-gnu)	Verify current package with exact reviewed native archive	2026-09-08T08:35:55.9163016Z CASE checksum
consumer (ubuntu-24.04-arm, aarch64-linux-gnu)	Verify current package with exact reviewed native archive	2026-09-08T08:35:56.3832593Z Aphid artifact [corrupt]: archive SHA256 mismatch; obtain the pinned archive again. No source fallback.
consumer (ubuntu-24.04-arm, aarch64-linux-gnu)	Verify current package with exact reviewed native archive	2026-09-08T08:35:56.4312397Z {"command": ["elixir", "/home/runner/work/_temp/aphid-current-consumer/failures/reject.exs"], "cwd": "/home/runner/work/_temp/aphid-current-consumer/failures", "exit": 0, "seconds": 0.515}
consumer (ubuntu-24.04-arm, aarch64-linux-gnu)	Verify current package with exact reviewed native archive	2026-09-08T08:35:56.4314060Z CASE target
consumer (ubuntu-24.04-arm, aarch64-linux-gnu)	Verify current package with exact reviewed native archive	2026-09-08T08:35:56.9002513Z Aphid artifact [unsupported-target]: the artifact does not match this operating system. No source fallback.
consumer (ubuntu-24.04-arm, aarch64-linux-gnu)	Verify current package with exact reviewed native archive	2026-09-08T08:35:56.9463937Z {"command": ["elixir", "/home/runner/work/_temp/aphid-current-consumer/failures/reject.exs"], "cwd": "/home/runner/work/_temp/aphid-current-consumer/failures", "exit": 0, "seconds": 0.515}
consumer (ubuntu-24.04-arm, aarch64-linux-gnu)	Verify current package with exact reviewed native archive	2026-09-08T08:35:56.9465314Z CASE engine
consumer (ubuntu-24.04-arm, aarch64-linux-gnu)	Verify current package with exact reviewed native archive	2026-09-08T08:35:57.4130709Z Aphid artifact [incompatible-engine]: native lock differs; obtain the bundle for this Aphid source package. No source fallback.
consumer (ubuntu-24.04-arm, aarch64-linux-gnu)	Verify current package with exact reviewed native archive	2026-09-08T08:35:57.4614209Z {"command": ["elixir", "/home/runner/work/_temp/aphid-current-consumer/failures/reject.exs"], "cwd": "/home/runner/work/_temp/aphid-current-consumer/failures", "exit": 0, "seconds": 0.515}
consumer (ubuntu-24.04-arm, aarch64-linux-gnu)	Verify current package with exact reviewed native archive	2026-09-08T08:35:57.4615364Z CASE manifest
consumer (ubuntu-24.04-arm, aarch64-linux-gnu)	Verify current package with exact reviewed native archive	2026-09-08T08:35:57.9343447Z Aphid artifact [corrupt]: content manifest mismatch; obtain the pinned archive again. No source fallback.
consumer (ubuntu-24.04-arm, aarch64-linux-gnu)	Verify current package with exact reviewed native archive	2026-09-08T08:35:57.9765731Z {"command": ["elixir", "/home/runner/work/_temp/aphid-current-consumer/failures/reject.exs"], "cwd": "/home/runner/work/_temp/aphid-current-consumer/failures", "exit": 0, "seconds": 0.515}
consumer (ubuntu-24.04-arm, aarch64-linux-gnu)	Verify current package with exact reviewed native archive	2026-09-08T08:35:57.9767169Z CASE missing-sidecar
consumer (ubuntu-24.04-arm, aarch64-linux-gnu)	Verify current package with exact reviewed native archive	2026-09-08T08:35:58.4582633Z Aphid artifact [missing]: bundle lacks liblbug.so; obtain the complete 0.1.0-dev bundle. No source fallback.
consumer (ubuntu-24.04-arm, aarch64-linux-gnu)	Verify current package with exact reviewed native archive	2026-09-08T08:35:58.4918210Z {"command": ["elixir", "/home/runner/work/_temp/aphid-current-consumer/failures/reject.exs"], "cwd": "/home/runner/work/_temp/aphid-current-consumer/failures", "exit": 0, "seconds": 0.515}
consumer (ubuntu-24.04-arm, aarch64-linux-gnu)	Verify current package with exact reviewed native archive	2026-09-08T08:35:58.4919463Z CASE architecture
consumer (ubuntu-24.04-arm, aarch64-linux-gnu)	Verify current package with exact reviewed native archive	2026-09-08T08:35:58.9728088Z Aphid artifact [wrong-architecture]: Elixir.Aphid.Native.so has the wrong ELF machine architecture. No source fallback.
consumer (ubuntu-24.04-arm, aarch64-linux-gnu)	Verify current package with exact reviewed native archive	2026-09-08T08:35:59.0069522Z {"command": ["elixir", "/home/runner/work/_temp/aphid-current-consumer/failures/reject.exs"], "cwd": "/home/runner/work/_temp/aphid-current-consumer/failures", "exit": 0, "seconds": 0.515}
consumer (ubuntu-24.04-arm, aarch64-linux-gnu)	Verify current package with exact reviewed native archive	2026-09-08T08:35:59.0070961Z CASE unloadable-header
consumer (ubuntu-24.04-arm, aarch64-linux-gnu)	Verify current package with exact reviewed native archive	2026-09-08T08:35:59.4755601Z Aphid artifact [unloadable]: Elixir.Aphid.Native.so is not a native shared library for this target; obtain a valid bundle. No source fallback.
consumer (ubuntu-24.04-arm, aarch64-linux-gnu)	Verify current package with exact reviewed native archive	2026-09-08T08:35:59.5221749Z {"command": ["elixir", "/home/runner/work/_temp/aphid-current-consumer/failures/reject.exs"], "cwd": "/home/runner/work/_temp/aphid-current-consumer/failures", "exit": 0, "seconds": 0.515}
consumer (ubuntu-24.04-arm, aarch64-linux-gnu)	Verify current package with exact reviewed native archive	2026-09-08T08:35:59.5223231Z CASE native-fingerprint
consumer (ubuntu-24.04-arm, aarch64-linux-gnu)	Verify current package with exact reviewed native archive	2026-09-08T08:36:00.0000973Z Aphid artifact [incompatible-engine]: native fingerprint differs from this package's reviewed local-bundle.json; use the matching candidate. No source fallback.
consumer (ubuntu-24.04-arm, aarch64-linux-gnu)	Verify current package with exact reviewed native archive	2026-09-08T08:36:00.0374869Z {"command": ["elixir", "/home/runner/work/_temp/aphid-current-consumer/failures/reject.exs"], "cwd": "/home/runner/work/_temp/aphid-current-consumer/failures", "exit": 0, "seconds": 0.515}
consumer (ubuntu-24.04-arm, aarch64-linux-gnu)	Verify current package with exact reviewed native archive	2026-09-08T08:36:00.0378918Z CASE lost-selection
consumer (ubuntu-24.04-arm, aarch64-linux-gnu)	Verify current package with exact reviewed native archive	2026-09-08T08:36:00.4898994Z Aphid artifact [missing]: this development version has no authorized default delivery; select a pinned archive or HTTPS URL, or set APHID_INSTALL=source with its build prerequisites. No source fallback.
consumer (ubuntu-24.04-arm, aarch64-linux-gnu)	Verify current package with exact reviewed native archive	2026-09-08T08:36:00.5027568Z {"command": ["elixir", "/home/runner/work/_temp/aphid-current-consumer/failures/reject.exs"], "cwd": "/home/runner/work/_temp/aphid-current-consumer/failures", "exit": 0, "seconds": 0.465}
consumer (ubuntu-24.04-arm, aarch64-linux-gnu)	Verify current package with exact reviewed native archive	2026-09-08T08:36:00.5028799Z CASE force-source
consumer (ubuntu-24.04-arm, aarch64-linux-gnu)	Verify current package with exact reviewed native archive	2026-09-08T08:36:00.9540731Z Aphid artifact [selection]: unset ZIGLER_PRECOMPILE_FORCE_RECOMPILE; local bundle mode never falls back to source. No source fallback.
consumer (ubuntu-24.04-arm, aarch64-linux-gnu)	Verify current package with exact reviewed native archive	2026-09-08T08:36:00.9677477Z {"command": ["elixir", "/home/runner/work/_temp/aphid-current-consumer/failures/reject.exs"], "cwd": "/home/runner/work/_temp/aphid-current-consumer/failures", "exit": 0, "seconds": 0.465}
consumer (ubuntu-24.04-arm, aarch64-linux-gnu)	Verify current package with exact reviewed native archive	2026-09-08T08:36:00.9678984Z CASE conflicting-source
consumer (ubuntu-24.04-arm, aarch64-linux-gnu)	Verify current package with exact reviewed native archive	2026-09-08T08:36:01.4203353Z Aphid artifact [selection]: use APHID_INSTALL=precompiled with archive or HTTPS URL and SHA256, or explicit source without bundle inputs. No source fallback.
consumer (ubuntu-24.04-arm, aarch64-linux-gnu)	Verify current package with exact reviewed native archive	2026-09-08T08:36:01.4329291Z {"command": ["elixir", "/home/runner/work/_temp/aphid-current-consumer/failures/reject.exs"], "cwd": "/home/runner/work/_temp/aphid-current-consumer/failures", "exit": 0, "seconds": 0.465}
consumer (ubuntu-24.04-arm, aarch64-linux-gnu)	Verify current package with exact reviewed native archive	2026-09-08T08:36:01.4330953Z CASE invalid-tar
consumer (ubuntu-24.04-arm, aarch64-linux-gnu)	Verify current package with exact reviewed native archive	2026-09-08T08:36:01.9085187Z Aphid artifact [corrupt]: invalid tar archive: :eof. No source fallback.
consumer (ubuntu-24.04-arm, aarch64-linux-gnu)	Verify current package with exact reviewed native archive	2026-09-08T08:36:01.9489120Z {"command": ["elixir", "/home/runner/work/_temp/aphid-current-consumer/failures/reject.exs"], "cwd": "/home/runner/work/_temp/aphid-current-consumer/failures", "exit": 0, "seconds": 0.516}
consumer (ubuntu-24.04-arm, aarch64-linux-gnu)	Verify current package with exact reviewed native archive	2026-09-08T08:36:01.9490889Z CASE traversal
consumer (ubuntu-24.04-arm, aarch64-linux-gnu)	Verify current package with exact reviewed native archive	2026-09-08T08:36:02.4193893Z Aphid artifact [unsafe]: archive contains a link, special file or unsafe path: "../escape". No source fallback.
consumer (ubuntu-24.04-arm, aarch64-linux-gnu)	Verify current package with exact reviewed native archive	2026-09-08T08:36:02.4640198Z {"command": ["elixir", "/home/runner/work/_temp/aphid-current-consumer/failures/reject.exs"], "cwd": "/home/runner/work/_temp/aphid-current-consumer/failures", "exit": 0, "seconds": 0.515}
consumer (ubuntu-24.04-arm, aarch64-linux-gnu)	Verify current package with exact reviewed native archive	2026-09-08T08:36:02.4641754Z CASE absolute
consumer (ubuntu-24.04-arm, aarch64-linux-gnu)	Verify current package with exact reviewed native archive	2026-09-08T08:36:02.9402478Z Aphid artifact [unsafe]: archive contains a link, special file or unsafe path: "/tmp/aphid-escape". No source fallback.
consumer (ubuntu-24.04-arm, aarch64-linux-gnu)	Verify current package with exact reviewed native archive	2026-09-08T08:36:02.9793435Z {"command": ["elixir", "/home/runner/work/_temp/aphid-current-consumer/failures/reject.exs"], "cwd": "/home/runner/work/_temp/aphid-current-consumer/failures", "exit": 0, "seconds": 0.515}
consumer (ubuntu-24.04-arm, aarch64-linux-gnu)	Verify current package with exact reviewed native archive	2026-09-08T08:36:02.9794989Z CASE duplicate
consumer (ubuntu-24.04-arm, aarch64-linux-gnu)	Verify current package with exact reviewed native archive	2026-09-08T08:36:03.4436733Z Aphid artifact [unsafe]: duplicate or case-colliding archive member. No source fallback.
consumer (ubuntu-24.04-arm, aarch64-linux-gnu)	Verify current package with exact reviewed native archive	2026-09-08T08:36:03.4945383Z {"command": ["elixir", "/home/runner/work/_temp/aphid-current-consumer/failures/reject.exs"], "cwd": "/home/runner/work/_temp/aphid-current-consumer/failures", "exit": 0, "seconds": 0.515}
consumer (ubuntu-24.04-arm, aarch64-linux-gnu)	Verify current package with exact reviewed native archive	2026-09-08T08:36:03.4946403Z CASE case-collision
consumer (ubuntu-24.04-arm, aarch64-linux-gnu)	Verify current package with exact reviewed native archive	2026-09-08T08:36:03.9643753Z Aphid artifact [unsafe]: duplicate or case-colliding archive member. No source fallback.
consumer (ubuntu-24.04-arm, aarch64-linux-gnu)	Verify current package with exact reviewed native archive	2026-09-08T08:36:04.0099394Z {"command": ["elixir", "/home/runner/work/_temp/aphid-current-consumer/failures/reject.exs"], "cwd": "/home/runner/work/_temp/aphid-current-consumer/failures", "exit": 0, "seconds": 0.515}
consumer (ubuntu-24.04-arm, aarch64-linux-gnu)	Verify current package with exact reviewed native archive	2026-09-08T08:36:04.0101074Z CASE file-directory
consumer (ubuntu-24.04-arm, aarch64-linux-gnu)	Verify current package with exact reviewed native archive	2026-09-08T08:36:04.4854974Z Aphid artifact [unsafe]: archive file is also used as a directory. No source fallback.
consumer (ubuntu-24.04-arm, aarch64-linux-gnu)	Verify current package with exact reviewed native archive	2026-09-08T08:36:04.5251573Z {"command": ["elixir", "/home/runner/work/_temp/aphid-current-consumer/failures/reject.exs"], "cwd": "/home/runner/work/_temp/aphid-current-consumer/failures", "exit": 0, "seconds": 0.515}
consumer (ubuntu-24.04-arm, aarch64-linux-gnu)	Verify current package with exact reviewed native archive	2026-09-08T08:36:04.5253169Z CASE dot-path
consumer (ubuntu-24.04-arm, aarch64-linux-gnu)	Verify current package with exact reviewed native archive	2026-09-08T08:36:05.0122046Z Aphid artifact [unsafe]: archive contains a link, special file or unsafe path: "./escape". No source fallback.
consumer (ubuntu-24.04-arm, aarch64-linux-gnu)	Verify current package with exact reviewed native archive	2026-09-08T08:36:05.0404666Z {"command": ["elixir", "/home/runner/work/_temp/aphid-current-consumer/failures/reject.exs"], "cwd": "/home/runner/work/_temp/aphid-current-consumer/failures", "exit": 0, "seconds": 0.515}
consumer (ubuntu-24.04-arm, aarch64-linux-gnu)	Verify current package with exact reviewed native archive	2026-09-08T08:36:05.0405889Z CASE symlink
consumer (ubuntu-24.04-arm, aarch64-linux-gnu)	Verify current package with exact reviewed native archive	2026-09-08T08:36:05.5233980Z Aphid artifact [unsafe]: archive contains a link, special file or unsafe path: "link". No source fallback.
consumer (ubuntu-24.04-arm, aarch64-linux-gnu)	Verify current package with exact reviewed native archive	2026-09-08T08:36:05.5555668Z {"command": ["elixir", "/home/runner/work/_temp/aphid-current-consumer/failures/reject.exs"], "cwd": "/home/runner/work/_temp/aphid-current-consumer/failures", "exit": 0, "seconds": 0.515}
consumer (ubuntu-24.04-arm, aarch64-linux-gnu)	Verify current package with exact reviewed native archive	2026-09-08T08:36:05.5557368Z CASE hardlink
consumer (ubuntu-24.04-arm, aarch64-linux-gnu)	Verify current package with exact reviewed native archive	2026-09-08T08:36:06.0284923Z Aphid artifact [unsafe]: archive contains a link, special file or unsafe path: "hard". No source fallback.
consumer (ubuntu-24.04-arm, aarch64-linux-gnu)	Verify current package with exact reviewed native archive	2026-09-08T08:36:06.0705946Z {"command": ["elixir", "/home/runner/work/_temp/aphid-current-consumer/failures/reject.exs"], "cwd": "/home/runner/work/_temp/aphid-current-consumer/failures", "exit": 0, "seconds": 0.515}
consumer (ubuntu-24.04-arm, aarch64-linux-gnu)	Verify current package with exact reviewed native archive	2026-09-08T08:36:06.0707539Z CASE fifo
consumer (ubuntu-24.04-arm, aarch64-linux-gnu)	Verify current package with exact reviewed native archive	2026-09-08T08:36:06.5394918Z Aphid artifact [unsafe]: archive contains a link, special file or unsafe path: "fifo". No source fallback.
consumer (ubuntu-24.04-arm, aarch64-linux-gnu)	Verify current package with exact reviewed native archive	2026-09-08T08:36:06.5856942Z {"command": ["elixir", "/home/runner/work/_temp/aphid-current-consumer/failures/reject.exs"], "cwd": "/home/runner/work/_temp/aphid-current-consumer/failures", "exit": 0, "seconds": 0.515}
consumer (ubuntu-24.04-arm, aarch64-linux-gnu)	Verify current package with exact reviewed native archive	2026-09-08T08:36:06.5897234Z NOTICE FIXTURE missing-source-notices
consumer (ubuntu-24.04-arm, aarch64-linux-gnu)	Verify current package with exact reviewed native archive	2026-09-08T08:36:07.0649142Z Aphid artifact [missing]: source package lacks THIRD_PARTY_NOTICES.txt; obtain the complete source package. No source fallback.
consumer (ubuntu-24.04-arm, aarch64-linux-gnu)	Verify current package with exact reviewed native archive	2026-09-08T08:36:07.1045921Z {"command": ["elixir", "/home/runner/work/_temp/aphid-current-consumer/failures/reject.exs"], "cwd": "/home/runner/work/_temp/aphid-current-consumer/failures", "exit": 0, "seconds": 0.515}
consumer (ubuntu-24.04-arm, aarch64-linux-gnu)	Verify current package with exact reviewed native archive	2026-09-08T08:36:07.1049547Z NOTICE FIXTURE notice-collision-0
consumer (ubuntu-24.04-arm, aarch64-linux-gnu)	Verify current package with exact reviewed native archive	2026-09-08T08:36:07.5753587Z Aphid artifact [corrupt]: archive collides with the source-package notice supplement. No source fallback.
consumer (ubuntu-24.04-arm, aarch64-linux-gnu)	Verify current package with exact reviewed native archive	2026-09-08T08:36:07.6210636Z {"command": ["elixir", "/home/runner/work/_temp/aphid-current-consumer/failures/reject.exs"], "cwd": "/home/runner/work/_temp/aphid-current-consumer/failures", "exit": 0, "seconds": 0.516}
consumer (ubuntu-24.04-arm, aarch64-linux-gnu)	Verify current package with exact reviewed native archive	2026-09-08T08:36:07.6214776Z NOTICE FIXTURE notice-collision-1
consumer (ubuntu-24.04-arm, aarch64-linux-gnu)	Verify current package with exact reviewed native archive	2026-09-08T08:36:08.0878678Z Aphid artifact [corrupt]: archive collides with the source-package notice supplement. No source fallback.
consumer (ubuntu-24.04-arm, aarch64-linux-gnu)	Verify current package with exact reviewed native archive	2026-09-08T08:36:08.1364483Z {"command": ["elixir", "/home/runner/work/_temp/aphid-current-consumer/failures/reject.exs"], "cwd": "/home/runner/work/_temp/aphid-current-consumer/failures", "exit": 0, "seconds": 0.515}
consumer (ubuntu-24.04-arm, aarch64-linux-gnu)	Verify current package with exact reviewed native archive	2026-09-08T08:36:08.1368707Z NOTICE FIXTURE notice-collision-2
consumer (ubuntu-24.04-arm, aarch64-linux-gnu)	Verify current package with exact reviewed native archive	2026-09-08T08:36:08.6041278Z Aphid artifact [corrupt]: archive collides with the source-package notice supplement. No source fallback.
consumer (ubuntu-24.04-arm, aarch64-linux-gnu)	Verify current package with exact reviewed native archive	2026-09-08T08:36:08.6518004Z {"command": ["elixir", "/home/runner/work/_temp/aphid-current-consumer/failures/reject.exs"], "cwd": "/home/runner/work/_temp/aphid-current-consumer/failures", "exit": 0, "seconds": 0.515}
consumer (ubuntu-24.04-arm, aarch64-linux-gnu)	Verify current package with exact reviewed native archive	2026-09-08T08:36:10.5076147Z Aphid local bundle verified and installed: SHA256 235ceb0490a1baf64e33fd53f17f683ce263197cf0cac6cf1107275dd94b62af
consumer (ubuntu-24.04-arm, aarch64-linux-gnu)	Verify current package with exact reviewed native archive	2026-09-08T08:36:10.5076895Z Semantically identical reordered receipt accepted without replacement
consumer (ubuntu-24.04-arm, aarch64-linux-gnu)	Verify current package with exact reviewed native archive	2026-09-08T08:36:11.7672902Z notice rejection detail: Aphid artifact [missing]: installed licenses/aphid-supplemental.txt is absent; use an empty MIX_BUILD_PATH. No source fallback.
consumer (ubuntu-24.04-arm, aarch64-linux-gnu)	Verify current package with exact reviewed native archive	2026-09-08T08:36:11.7676161Z expected notice rejection: licenses/aphid-supplemental.txt: missing
consumer (ubuntu-24.04-arm, aarch64-linux-gnu)	Verify current package with exact reviewed native archive	2026-09-08T08:36:12.9973166Z notice rejection detail: Aphid artifact [corrupt]: installed licenses/aphid-supplemental.txt changed; use an empty MIX_BUILD_PATH. No source fallback.
consumer (ubuntu-24.04-arm, aarch64-linux-gnu)	Verify current package with exact reviewed native archive	2026-09-08T08:36:12.9974336Z expected notice rejection: licenses/aphid-supplemental.txt: corrupt
consumer (ubuntu-24.04-arm, aarch64-linux-gnu)	Verify current package with exact reviewed native archive	2026-09-08T08:36:14.2447753Z notice rejection detail: Aphid artifact [missing]: installed licenses/duckdb/third_party/snowball/LICENSE is absent; use an empty MIX_BUILD_PATH. No source fallback.
consumer (ubuntu-24.04-arm, aarch64-linux-gnu)	Verify current package with exact reviewed native archive	2026-09-08T08:36:14.2448696Z expected notice rejection: licenses/duckdb/third_party/snowball/LICENSE: missing
consumer (ubuntu-24.04-arm, aarch64-linux-gnu)	Verify current package with exact reviewed native archive	2026-09-08T08:36:15.5483716Z notice rejection detail: Aphid artifact [corrupt]: installed licenses/duckdb/third_party/snowball/LICENSE changed; use an empty MIX_BUILD_PATH. No source fallback.
consumer (ubuntu-24.04-arm, aarch64-linux-gnu)	Verify current package with exact reviewed native archive	2026-09-08T08:36:15.5484641Z expected notice rejection: licenses/duckdb/third_party/snowball/LICENSE: corrupt
consumer (ubuntu-24.04-arm, aarch64-linux-gnu)	Verify current package with exact reviewed native archive	2026-09-08T08:36:16.8567246Z Aphid local bundle verified and installed: SHA256 235ceb0490a1baf64e33fd53f17f683ce263197cf0cac6cf1107275dd94b62af
consumer (ubuntu-24.04-arm, aarch64-linux-gnu)	Verify current package with exact reviewed native archive	2026-09-08T08:36:16.8568246Z Shipped notice restoration and repeat installation passed without native module load
consumer (ubuntu-24.04-arm, aarch64-linux-gnu)	Verify current package with exact reviewed native archive	2026-09-08T08:36:16.9290231Z {"command": ["elixir", "/home/runner/work/_temp/aphid-current-consumer/failures/notices.exs", "/home/runner/work/_temp/aphid-current-consumer/fresh/candidate-retained.tar.gz", "235ceb0490a1baf64e33fd53f17f683ce263197cf0cac6cf1107275dd94b62af", "/home/runner/work/_temp/aphid-current-consumer/fresh/consumer/_build/prod/lib/aphid/priv"], "cwd": "/home/runner/work/_temp/aphid-current-consumer/failures", "exit": 0, "seconds": 8.24}
consumer (ubuntu-24.04-arm, aarch64-linux-gnu)	Verify current package with exact reviewed native archive	2026-09-08T08:36:16.9623451Z REAL LOADER missing
consumer (ubuntu-24.04-arm, aarch64-linux-gnu)	Verify current package with exact reviewed native archive	2026-09-08T08:36:17.2704259Z 
consumer (ubuntu-24.04-arm, aarch64-linux-gnu)	Verify current package with exact reviewed native archive	2026-09-08T08:36:17.2705285Z 08:36:17.267 [error] Aphid artifact [missing]: /home/runner/work/_temp/aphid-current-consumer/failures/load-missing/aphid/priv/lib/liblbug.so; reinstall the complete pinned bundle. No source fallback.
consumer (ubuntu-24.04-arm, aarch64-linux-gnu)	Verify current package with exact reviewed native archive	2026-09-08T08:36:17.2717600Z real loader rejected artifact: Elixir.Aphid.Native
consumer (ubuntu-24.04-arm, aarch64-linux-gnu)	Verify current package with exact reviewed native archive	2026-09-08T08:36:17.2808299Z 
consumer (ubuntu-24.04-arm, aarch64-linux-gnu)	Verify current package with exact reviewed native archive	2026-09-08T08:36:17.2808777Z 08:36:17.271 [warning] The on_load function for module Elixir.Aphid.Native returned:
consumer (ubuntu-24.04-arm, aarch64-linux-gnu)	Verify current package with exact reviewed native archive	2026-09-08T08:36:17.2809222Z {:error,
consumer (ubuntu-24.04-arm, aarch64-linux-gnu)	Verify current package with exact reviewed native archive	2026-09-08T08:36:17.2809390Z  {:missing,
consumer (ubuntu-24.04-arm, aarch64-linux-gnu)	Verify current package with exact reviewed native archive	2026-09-08T08:36:17.2809789Z   "/home/runner/work/_temp/aphid-current-consumer/failures/load-missing/aphid/priv/lib/liblbug.so"}}
consumer (ubuntu-24.04-arm, aarch64-linux-gnu)	Verify current package with exact reviewed native archive	2026-09-08T08:36:17.2810170Z 
consumer (ubuntu-24.04-arm, aarch64-linux-gnu)	Verify current package with exact reviewed native archive	2026-09-08T08:36:17.2861429Z 
consumer (ubuntu-24.04-arm, aarch64-linux-gnu)	Verify current package with exact reviewed native archive	2026-09-08T08:36:17.2862388Z 08:36:17.285 [error] Aphid artifact [missing]: /home/runner/work/_temp/aphid-current-consumer/failures/load-missing/aphid/priv/lib/liblbug.so; reinstall the complete pinned bundle. No source fallback.
consumer (ubuntu-24.04-arm, aarch64-linux-gnu)	Verify current package with exact reviewed native archive	2026-09-08T08:36:17.2874872Z real loader rejected artifact: Elixir.Aphid.Proof
consumer (ubuntu-24.04-arm, aarch64-linux-gnu)	Verify current package with exact reviewed native archive	2026-09-08T08:36:17.2875553Z 
consumer (ubuntu-24.04-arm, aarch64-linux-gnu)	Verify current package with exact reviewed native archive	2026-09-08T08:36:17.2875942Z 08:36:17.287 [warning] The on_load function for module Elixir.Aphid.Proof returned:
consumer (ubuntu-24.04-arm, aarch64-linux-gnu)	Verify current package with exact reviewed native archive	2026-09-08T08:36:17.2876335Z {:error,
consumer (ubuntu-24.04-arm, aarch64-linux-gnu)	Verify current package with exact reviewed native archive	2026-09-08T08:36:17.2876533Z  {:missing,
consumer (ubuntu-24.04-arm, aarch64-linux-gnu)	Verify current package with exact reviewed native archive	2026-09-08T08:36:17.2876913Z   "/home/runner/work/_temp/aphid-current-consumer/failures/load-missing/aphid/priv/lib/liblbug.so"}}
consumer (ubuntu-24.04-arm, aarch64-linux-gnu)	Verify current package with exact reviewed native archive	2026-09-08T08:36:17.2877292Z 
consumer (ubuntu-24.04-arm, aarch64-linux-gnu)	Verify current package with exact reviewed native archive	2026-09-08T08:36:17.3271082Z {"command": ["elixir", "-pa", "/home/runner/work/_temp/aphid-current-consumer/failures/load-missing/aphid/ebin", "/home/runner/work/_temp/aphid-current-consumer/failures/load.exs"], "cwd": "/home/runner/work/_temp/aphid-current-consumer/failures", "exit": 0, "seconds": 0.365}
consumer (ubuntu-24.04-arm, aarch64-linux-gnu)	Verify current package with exact reviewed native archive	2026-09-08T08:36:17.3609229Z REAL LOADER corrupt
consumer (ubuntu-24.04-arm, aarch64-linux-gnu)	Verify current package with exact reviewed native archive	2026-09-08T08:36:17.6654616Z 
consumer (ubuntu-24.04-arm, aarch64-linux-gnu)	Verify current package with exact reviewed native archive	2026-09-08T08:36:17.6655687Z 08:36:17.662 [error] Aphid artifact [corrupt]: /home/runner/work/_temp/aphid-current-consumer/failures/load-corrupt/aphid/priv/lib/liblbug.so; reinstall the complete pinned bundle. No source fallback.
consumer (ubuntu-24.04-arm, aarch64-linux-gnu)	Verify current package with exact reviewed native archive	2026-09-08T08:36:17.6667629Z real loader rejected artifact: Elixir.Aphid.Native
consumer (ubuntu-24.04-arm, aarch64-linux-gnu)	Verify current package with exact reviewed native archive	2026-09-08T08:36:17.6759547Z 
consumer (ubuntu-24.04-arm, aarch64-linux-gnu)	Verify current package with exact reviewed native archive	2026-09-08T08:36:17.6759994Z 08:36:17.666 [warning] The on_load function for module Elixir.Aphid.Native returned:
consumer (ubuntu-24.04-arm, aarch64-linux-gnu)	Verify current package with exact reviewed native archive	2026-09-08T08:36:17.6760765Z {:error,
consumer (ubuntu-24.04-arm, aarch64-linux-gnu)	Verify current package with exact reviewed native archive	2026-09-08T08:36:17.6760942Z  {:corrupt,
consumer (ubuntu-24.04-arm, aarch64-linux-gnu)	Verify current package with exact reviewed native archive	2026-09-08T08:36:17.6761333Z   "/home/runner/work/_temp/aphid-current-consumer/failures/load-corrupt/aphid/priv/lib/liblbug.so"}}
consumer (ubuntu-24.04-arm, aarch64-linux-gnu)	Verify current package with exact reviewed native archive	2026-09-08T08:36:17.6761710Z 
consumer (ubuntu-24.04-arm, aarch64-linux-gnu)	Verify current package with exact reviewed native archive	2026-09-08T08:36:17.6813115Z 
consumer (ubuntu-24.04-arm, aarch64-linux-gnu)	Verify current package with exact reviewed native archive	2026-09-08T08:36:17.6814059Z 08:36:17.680 [error] Aphid artifact [corrupt]: /home/runner/work/_temp/aphid-current-consumer/failures/load-corrupt/aphid/priv/lib/liblbug.so; reinstall the complete pinned bundle. No source fallback.
consumer (ubuntu-24.04-arm, aarch64-linux-gnu)	Verify current package with exact reviewed native archive	2026-09-08T08:36:17.6826820Z real loader rejected artifact: Elixir.Aphid.Proof
consumer (ubuntu-24.04-arm, aarch64-linux-gnu)	Verify current package with exact reviewed native archive	2026-09-08T08:36:17.6827562Z 
consumer (ubuntu-24.04-arm, aarch64-linux-gnu)	Verify current package with exact reviewed native archive	2026-09-08T08:36:17.6827808Z 08:36:17.682 [warning] The on_load function for module Elixir.Aphid.Proof returned:
consumer (ubuntu-24.04-arm, aarch64-linux-gnu)	Verify current package with exact reviewed native archive	2026-09-08T08:36:17.6828458Z {:error,
consumer (ubuntu-24.04-arm, aarch64-linux-gnu)	Verify current package with exact reviewed native archive	2026-09-08T08:36:17.6828708Z  {:corrupt,
consumer (ubuntu-24.04-arm, aarch64-linux-gnu)	Verify current package with exact reviewed native archive	2026-09-08T08:36:17.6829113Z   "/home/runner/work/_temp/aphid-current-consumer/failures/load-corrupt/aphid/priv/lib/liblbug.so"}}
consumer (ubuntu-24.04-arm, aarch64-linux-gnu)	Verify current package with exact reviewed native archive	2026-09-08T08:36:17.6829499Z 
consumer (ubuntu-24.04-arm, aarch64-linux-gnu)	Verify current package with exact reviewed native archive	2026-09-08T08:36:17.7259213Z {"command": ["elixir", "-pa", "/home/runner/work/_temp/aphid-current-consumer/failures/load-corrupt/aphid/ebin", "/home/runner/work/_temp/aphid-current-consumer/failures/load.exs"], "cwd": "/home/runner/work/_temp/aphid-current-consumer/failures", "exit": 0, "seconds": 0.365}
consumer (ubuntu-24.04-arm, aarch64-linux-gnu)	Verify current package with exact reviewed native archive	2026-09-08T08:36:17.7560635Z REAL LOADER unloadable
consumer (ubuntu-24.04-arm, aarch64-linux-gnu)	Verify current package with exact reviewed native archive	2026-09-08T08:36:18.2078241Z 
consumer (ubuntu-24.04-arm, aarch64-linux-gnu)	Verify current package with exact reviewed native archive	2026-09-08T08:36:18.2080026Z 08:36:18.205 [error] Aphid artifact [unloadable]: /home/runner/work/_temp/aphid-current-consumer/failures/load-unloadable/aphid/priv/lib/Elixir.Aphid.Native: {:load_failed, ~c"Failed to load NIF library: '/home/runner/work/_temp/aphid-current-consumer/failures/load-unloadable/aphid/priv/lib/Elixir.Aphid.Native.so: failed to map segment from shared object'"}; use the matching complete bundle and runtime. No source fallback.
consumer (ubuntu-24.04-arm, aarch64-linux-gnu)	Verify current package with exact reviewed native archive	2026-09-08T08:36:18.2106040Z real loader rejected artifact: Elixir.Aphid.Native
consumer (ubuntu-24.04-arm, aarch64-linux-gnu)	Verify current package with exact reviewed native archive	2026-09-08T08:36:18.2106570Z 
consumer (ubuntu-24.04-arm, aarch64-linux-gnu)	Verify current package with exact reviewed native archive	2026-09-08T08:36:18.2106991Z 08:36:18.208 [warning] The on_load function for module Elixir.Aphid.Native returned:
consumer (ubuntu-24.04-arm, aarch64-linux-gnu)	Verify current package with exact reviewed native archive	2026-09-08T08:36:18.2107443Z {:error,
consumer (ubuntu-24.04-arm, aarch64-linux-gnu)	Verify current package with exact reviewed native archive	2026-09-08T08:36:18.2107615Z  {:load_failed,
consumer (ubuntu-24.04-arm, aarch64-linux-gnu)	Verify current package with exact reviewed native archive	2026-09-08T08:36:18.2108359Z   ~c"Failed to load NIF library: '/home/runner/work/_temp/aphid-current-consumer/failures/load-unloadable/aphid/priv/lib/Elixir.Aphid.Native.so: failed to map segment from shared object'"}}
consumer (ubuntu-24.04-arm, aarch64-linux-gnu)	Verify current package with exact reviewed native archive	2026-09-08T08:36:18.2109039Z 
consumer (ubuntu-24.04-arm, aarch64-linux-gnu)	Verify current package with exact reviewed native archive	2026-09-08T08:36:18.2938515Z 
consumer (ubuntu-24.04-arm, aarch64-linux-gnu)	Verify current package with exact reviewed native archive	2026-09-08T08:36:18.2940190Z 08:36:18.293 [error] Aphid artifact [unloadable]: /home/runner/work/_temp/aphid-current-consumer/failures/load-unloadable/aphid/priv/lib/Elixir.Aphid.Proof: {:load_failed, ~c"Failed to load NIF library: '/home/runner/work/_temp/aphid-current-consumer/failures/load-unloadable/aphid/priv/lib/Elixir.Aphid.Proof.so: failed to map segment from shared object'"}; use the matching complete bundle and runtime. No source fallback.
consumer (ubuntu-24.04-arm, aarch64-linux-gnu)	Verify current package with exact reviewed native archive	2026-09-08T08:36:18.2952493Z real loader rejected artifact: Elixir.Aphid.Proof
consumer (ubuntu-24.04-arm, aarch64-linux-gnu)	Verify current package with exact reviewed native archive	2026-09-08T08:36:18.2953786Z 
consumer (ubuntu-24.04-arm, aarch64-linux-gnu)	Verify current package with exact reviewed native archive	2026-09-08T08:36:18.2954228Z 08:36:18.294 [warning] The on_load function for module Elixir.Aphid.Proof returned:
consumer (ubuntu-24.04-arm, aarch64-linux-gnu)	Verify current package with exact reviewed native archive	2026-09-08T08:36:18.2954679Z {:error,
consumer (ubuntu-24.04-arm, aarch64-linux-gnu)	Verify current package with exact reviewed native archive	2026-09-08T08:36:18.2954856Z  {:load_failed,
consumer (ubuntu-24.04-arm, aarch64-linux-gnu)	Verify current package with exact reviewed native archive	2026-09-08T08:36:18.2955544Z   ~c"Failed to load NIF library: '/home/runner/work/_temp/aphid-current-consumer/failures/load-unloadable/aphid/priv/lib/Elixir.Aphid.Proof.so: failed to map segment from shared object'"}}
consumer (ubuntu-24.04-arm, aarch64-linux-gnu)	Verify current package with exact reviewed native archive	2026-09-08T08:36:18.2956222Z 
consumer (ubuntu-24.04-arm, aarch64-linux-gnu)	Verify current package with exact reviewed native archive	2026-09-08T08:36:18.3214498Z {"command": ["sudo", "-E", "unshare", "--mount", "--fork", "--propagation", "private", "sh", "-c", "mount --bind \"$1\" \"$1\" && mount -o remount,bind,noexec \"$1\" && shift && exec \"$@\"", "noexec-proof", "/home/runner/work/_temp/aphid-current-consumer/failures/load-unloadable/aphid/priv/lib", "/usr/bin/setpriv", "--reuid", "1001", "--regid", "1001", "--clear-groups", "--no-new-privs", "--", "/usr/bin/env", "PATH=/home/runner/work/_temp/.setup-beam/elixir/bin:/home/runner/.mix/escripts:/home/runner/work/_temp/.setup-beam/otp/bin:/opt/hostedtoolcache/Python/3.14.7/arm64/bin:/opt/hostedtoolcache/Python/3.14.7/arm64:/snap/bin:/home/runner/.local/bin:/opt/pipx_bin:/home/runner/.cargo/bin:/home/runner/.config/composer/vendor/bin:/home/runner/.dotnet/tools:/usr/local/sbin:/usr/local/bin:/usr/sbin:/usr/bin:/sbin:/bin:/usr/games:/usr/local/games:/snap/bin", "/home/runner/work/_temp/.setup-beam/elixir/bin/elixir", "-pa", "/home/runner/work/_temp/aphid-current-consumer/failures/load-unloadable/aphid/ebin", "/home/runner/work/_temp/aphid-current-consumer/failures/load.exs"], "cwd": "/home/runner/work/_temp/aphid-current-consumer/failures", "exit": 0, "seconds": 0.565}
consumer (ubuntu-24.04-arm, aarch64-linux-gnu)	Verify current package with exact reviewed native archive	2026-09-08T08:36:18.3219053Z real Mix adapter rejection cases and loader processes passed
consumer (ubuntu-24.04-arm, aarch64-linux-gnu)	Verify current package with exact reviewed native archive	2026-09-08T08:36:18.3347680Z {"command": ["/opt/hostedtoolcache/Python/3.14.7/arm64/bin/python3", "scripts/local_bundle_failures.py", "--destination", "/home/runner/work/_temp/aphid-current-consumer/failures", "--consumer", "/home/runner/work/_temp/aphid-current-consumer/fresh"], "cwd": "/home/runner/work/Aphid/Aphid", "exit": 0, "seconds": 23.408}
consumer (ubuntu-24.04-arm, aarch64-linux-gnu)	Verify current package with exact reviewed native archive	2026-09-08T08:36:19.2323682Z * assembling aphid_consumer-0.0.0 on MIX_ENV=prod
consumer (ubuntu-24.04-arm, aarch64-linux-gnu)	Verify current package with exact reviewed native archive	2026-09-08T08:36:19.2327338Z * skipping runtime configuration (config/runtime.exs not found)
consumer (ubuntu-24.04-arm, aarch64-linux-gnu)	Verify current package with exact reviewed native archive	2026-09-08T08:36:19.3225439Z * creating /home/runner/work/_temp/aphid-current-consumer/mix-release-proof/assembled/releases/0.0.0/env.sh
consumer (ubuntu-24.04-arm, aarch64-linux-gnu)	Verify current package with exact reviewed native archive	2026-09-08T08:36:19.5508654Z * building /home/runner/work/_temp/aphid-current-consumer/mix-release-proof/assembled/aphid_consumer-0.0.0.tar.gz
consumer (ubuntu-24.04-arm, aarch64-linux-gnu)	Verify current package with exact reviewed native archive	2026-09-08T08:36:31.6970589Z 
consumer (ubuntu-24.04-arm, aarch64-linux-gnu)	Verify current package with exact reviewed native archive	2026-09-08T08:36:31.6971246Z Release created at /home/runner/work/_temp/aphid-current-consumer/mix-release-proof/assembled
consumer (ubuntu-24.04-arm, aarch64-linux-gnu)	Verify current package with exact reviewed native archive	2026-09-08T08:36:31.6971654Z 
consumer (ubuntu-24.04-arm, aarch64-linux-gnu)	Verify current package with exact reviewed native archive	2026-09-08T08:36:31.6971753Z     # To start your system
consumer (ubuntu-24.04-arm, aarch64-linux-gnu)	Verify current package with exact reviewed native archive	2026-09-08T08:36:31.6972203Z     /home/runner/work/_temp/aphid-current-consumer/mix-release-proof/assembled/bin/aphid_consumer start
consumer (ubuntu-24.04-arm, aarch64-linux-gnu)	Verify current package with exact reviewed native archive	2026-09-08T08:36:31.6972587Z 
consumer (ubuntu-24.04-arm, aarch64-linux-gnu)	Verify current package with exact reviewed native archive	2026-09-08T08:36:31.6972698Z Once the release is running:
consumer (ubuntu-24.04-arm, aarch64-linux-gnu)	Verify current package with exact reviewed native archive	2026-09-08T08:36:31.6973129Z 
consumer (ubuntu-24.04-arm, aarch64-linux-gnu)	Verify current package with exact reviewed native archive	2026-09-08T08:36:31.6973240Z     # To connect to it remotely
consumer (ubuntu-24.04-arm, aarch64-linux-gnu)	Verify current package with exact reviewed native archive	2026-09-08T08:36:31.6973678Z     /home/runner/work/_temp/aphid-current-consumer/mix-release-proof/assembled/bin/aphid_consumer remote
consumer (ubuntu-24.04-arm, aarch64-linux-gnu)	Verify current package with exact reviewed native archive	2026-09-08T08:36:31.6974111Z 
consumer (ubuntu-24.04-arm, aarch64-linux-gnu)	Verify current package with exact reviewed native archive	2026-09-08T08:36:31.6974257Z     # To stop it gracefully (you may also send SIGINT/SIGTERM)
consumer (ubuntu-24.04-arm, aarch64-linux-gnu)	Verify current package with exact reviewed native archive	2026-09-08T08:36:31.6974769Z     /home/runner/work/_temp/aphid-current-consumer/mix-release-proof/assembled/bin/aphid_consumer stop
consumer (ubuntu-24.04-arm, aarch64-linux-gnu)	Verify current package with exact reviewed native archive	2026-09-08T08:36:31.6975156Z 
consumer (ubuntu-24.04-arm, aarch64-linux-gnu)	Verify current package with exact reviewed native archive	2026-09-08T08:36:31.6975254Z To list all commands:
consumer (ubuntu-24.04-arm, aarch64-linux-gnu)	Verify current package with exact reviewed native archive	2026-09-08T08:36:31.6975379Z 
consumer (ubuntu-24.04-arm, aarch64-linux-gnu)	Verify current package with exact reviewed native archive	2026-09-08T08:36:31.6975650Z     /home/runner/work/_temp/aphid-current-consumer/mix-release-proof/assembled/bin/aphid_consumer
consumer (ubuntu-24.04-arm, aarch64-linux-gnu)	Verify current package with exact reviewed native archive	2026-09-08T08:36:31.6976315Z 
consumer (ubuntu-24.04-arm, aarch64-linux-gnu)	Verify current package with exact reviewed native archive	2026-09-08T08:36:31.7284113Z {"command": ["sudo", "-E", "bwrap", "--die-with-parent", "--unshare-pid", "--ro-bind", "/", "/", "--dev", "/dev", "--proc", "/proc", "--bind", "/home/runner/work/_temp/aphid-current-consumer/mix-release-proof", "/home/runner/work/_temp/aphid-current-consumer/mix-release-proof", "--unshare-net", "--tmpfs", "/home/runner/work/Aphid/Aphid", "--tmpfs", "/home/runner/work/_temp/aphid-current-consumer/fresh", "--ro-bind", "/dev/null", "/usr/bin/aarch64-linux-gnu-as", "--ro-bind", "/dev/null", "/usr/bin/aarch64-linux-gnu-g++-12", "--ro-bind", "/dev/null", "/usr/bin/aarch64-linux-gnu-g++-13", "--ro-bind", "/dev/null", "/usr/bin/aarch64-linux-gnu-g++-14", "--ro-bind", "/dev/null", "/usr/bin/aarch64-linux-gnu-gcc-12", "--ro-bind", "/dev/null", "/usr/bin/aarch64-linux-gnu-gcc-13", "--ro-bind", "/dev/null", "/usr/bin/aarch64-linux-gnu-gcc-14", "--ro-bind", "/dev/null", "/usr/bin/aarch64-linux-gnu-ld.bfd", "--ro-bind", "/dev/null", "/usr/bin/c89-gcc", "--ro-bind", "/dev/null", "/usr/bin/c99-gcc", "--ro-bind", "/dev/null", "/usr/bin/make", "--ro-bind", "/dev/null", "/usr/lib/llvm-16/bin/clang", "--ro-bind", "/dev/null", "/usr/lib/llvm-16/bin/lld", "--ro-bind", "/dev/null", "/usr/lib/llvm-16/bin/llvm-as", "--ro-bind", "/dev/null", "/usr/lib/llvm-17/bin/clang", "--ro-bind", "/dev/null", "/usr/lib/llvm-17/bin/lld", "--ro-bind", "/dev/null", "/usr/lib/llvm-17/bin/llvm-as", "--ro-bind", "/dev/null", "/usr/lib/llvm-18/bin/clang", "--ro-bind", "/dev/null", "/usr/lib/llvm-18/bin/lld", "--ro-bind", "/dev/null", "/usr/lib/llvm-18/bin/llvm-as", "--ro-bind", "/dev/null", "/usr/local/bin/cmake", "--ro-bind", "/dev/null", "/usr/local/bin/ninja", "--cap-add", "CAP_SETUID", "--cap-add", "CAP_SETGID", "--cap-add", "CAP_SETPCAP", "--clearenv", "--setenv", "LANG", "C.UTF-8", "--setenv", "HOME", "/home/runner/work/_temp/aphid-current-consumer/mix-release-proof/home", "--setenv", "PATH", "/home/runner/work/_temp/aphid-current-consumer/mix-release-proof/tools:/home/runner/work/_temp/.setup-beam/elixir/bin:/home/runner/work/_temp/.setup-beam/elixir/bin:/home/runner/work/_temp/.setup-beam/otp/bin:/usr/bin:/bin:/usr/sbin:/sbin", "--setenv", "MIX_HOME", "/home/runner/work/_temp/aphid-current-consumer/mix-release-proof/mix-home", "--setenv", "HEX_HOME", "/home/runner/work/_temp/aphid-current-consumer/mix-release-proof/hex-home", "--setenv", "MIX_ENV", "prod", "--setenv", "TMPDIR", "/home/runner/work/_temp/aphid-current-consumer/mix-release-proof/tmp", "--setenv", "ZIG_EXECUTABLE_PATH", "/home/runner/work/_temp/aphid-current-consumer/mix-release-proof/tools/zig", "--setenv", "ZIG_GLOBAL_CACHE_DIR", "/home/runner/work/_temp/aphid-current-consumer/mix-release-proof/zig-cache", "--setenv", "ERL_FLAGS", "+S 1:1 +SDcpu 1:1", "--setenv", "RELEASE_DISTRIBUTION", "none", "--", "/usr/bin/setpriv", "--reuid", "1001", "--regid", "1001", "--clear-groups", "--bounding-set=-all", "--no-new-privs", "--", "mix", "release", "--no-compile", "--path", "/home/runner/work/_temp/aphid-current-consumer/mix-release-proof/assembled"], "cwd": "/home/runner/work/_temp/aphid-current-consumer/mix-release-proof/build", "exit": 0, "seconds": 13.046}
consumer (ubuntu-24.04-arm, aarch64-linux-gnu)	Verify current package with exact reviewed native archive	2026-09-08T08:36:31.8698678Z {"release_archive": "/home/runner/work/_temp/aphid-current-consumer/mix-release-validation.tar.gz", "sha256": "cfd4ae518a89bf4a6d3df2bdd6159046627db3c64a325e7530561952a64a26f1", "bytes": 129576068}
consumer (ubuntu-24.04-arm, aarch64-linux-gnu)	Verify current package with exact reviewed native archive	2026-09-08T08:36:34.5678310Z Relocated source-package notice supplement: 08cc1d20ccb4808537545220152d6aff97701e2c3b0b8597ab2dadaa82a789d1
consumer (ubuntu-24.04-arm, aarch64-linux-gnu)	Verify current package with exact reviewed native archive	2026-09-08T08:36:35.1455776Z audited shipped native files: 23
consumer (ubuntu-24.04-arm, aarch64-linux-gnu)	Verify current package with exact reviewed native archive	2026-09-08T08:36:35.1491665Z {"release_native_audit": {"erts-17.0.4/bin/beam.smp": {"sha256": "8fdca9a37a6575df18c4722ffaa746dac48bf3c5a5c7d3494736d6b78a89e68c", "libraries": "\tlinux-vdso.so.1 (0x0000ffa5653bc000)\n\tlibtinfo.so.6 => /lib/aarch64-linux-gnu/libtinfo.so.6 (0x0000ffa564da0000)\n\tlibz.so.1 => /lib/aarch64-linux-gnu/libz.so.1 (0x0000ffa564d60000)\n\tlibstdc++.so.6 => /lib/aarch64-linux-gnu/libstdc++.so.6 (0x0000ffa564ad0000)\n\tlibm.so.6 => /lib/aarch64-linux-gnu/libm.so.6 (0x0000ffa564a20000)\n\tlibgcc_s.so.1 => /lib/aarch64-linux-gnu/libgcc_s.so.1 (0x0000ffa5649e0000)\n\tlibc.so.6 => /lib/aarch64-linux-gnu/libc.so.6 (0x0000ffa564820000)\n\t/lib/ld-linux-aarch64.so.1 (0x0000ffa565380000)\n", "glibc": ["GLIBC_2.17", "GLIBC_2.29", "GLIBC_2.32", "GLIBC_2.33", "GLIBC_2.34", "GLIBC_2.38"]}, "erts-17.0.4/bin/ct_run": {"sha256": "aab3662c71b1fa731f15579ca772ee4a542bfef619c928abd6a52dc2da55094a", "libraries": "\tlinux-vdso.so.1 (0x0000fffce881c000)\n\tlibm.so.6 => /lib/aarch64-linux-gnu/libm.so.6 (0x0000fffce8700000)\n\tlibc.so.6 => /lib/aarch64-linux-gnu/libc.so.6 (0x0000fffce8540000)\n\t/lib/ld-linux-aarch64.so.1 (0x0000fffce87e0000)\n", "glibc": ["GLIBC_2.17", "GLIBC_2.34"]}, "erts-17.0.4/bin/dialyzer": {"sha256": "284b6aa35ef4c22d42ef7dc62cdcd6af61914d75d0622104185b4c5d122a1b53", "libraries": "\tlinux-vdso.so.1 (0x0000ffb3982d6000)\n\tlibm.so.6 => /lib/aarch64-linux-gnu/libm.so.6 (0x0000ffb3981b0000)\n\tlibc.so.6 => /lib/aarch64-linux-gnu/libc.so.6 (0x0000ffb397ff0000)\n\t/lib/ld-linux-aarch64.so.1 (0x0000ffb398290000)\n", "glibc": ["GLIBC_2.17", "GLIBC_2.34"]}, "erts-17.0.4/bin/epmd": {"sha256": "e335111ec747c35ee3f694289413baa5c2ca14accfb172f7f01a9c0239536c6c", "libraries": "\tlinux-vdso.so.1 (0x0000ffd95be4c000)\n\tlibm.so.6 => /lib/aarch64-linux-gnu/libm.so.6 (0x0000ffd95bd30000)\n\tlibc.so.6 => /lib/aarch64-linux-gnu/libc.so.6 (0x0000ffd95bb70000)\n\t/lib/ld-linux-aarch64.so.1 (0x0000ffd95be10000)\n", "glibc": ["GLIBC_2.17", "GLIBC_2.34", "GLIBC_2.38"]}, "erts-17.0.4/bin/erl_call": {"sha256": "578c36e7565cffb7d81cdeb03a40033dcc656123cec13ff62bab9e8e60b0ef90", "libraries": "\tlinux-vdso.so.1 (0x0000ffcc6d2f8000)\n\tlibc.so.6 => /lib/aarch64-linux-gnu/libc.so.6 (0x0000ffcc6d0b0000)\n\t/lib/ld-linux-aarch64.so.1 (0x0000ffcc6d2b0000)\n", "glibc": ["GLIBC_2.17", "GLIBC_2.34", "GLIBC_2.38"]}, "erts-17.0.4/bin/erl_child_setup": {"sha256": "c80f5f92c7e5379b9809b78f2f3fc65933f5b382a1af3460050a46bb71154f20", "libraries": "\tlinux-vdso.so.1 (0x0000ff63ee10e000)\n\tlibc.so.6 => /lib/aarch64-linux-gnu/libc.so.6 (0x0000ff63eded0000)\n\t/lib/ld-linux-aarch64.so.1 (0x0000ff63ee0c0000)\n", "glibc": ["GLIBC_2.17", "GLIBC_2.34", "GLIBC_2.38"]}, "erts-17.0.4/bin/erlc": {"sha256": "d437ab7db8ea9c27b0f45edb2c7dbe713dd3eb112af05300dbccd86aa1b9f720", "libraries": "\tlinux-vdso.so.1 (0x0000ffeb45e6c000)\n\tlibm.so.6 => /lib/aarch64-linux-gnu/libm.so.6 (0x0000ffeb45d30000)\n\tlibc.so.6 => /lib/aarch64-linux-gnu/libc.so.6 (0x0000ffeb45b70000)\n\t/lib/ld-linux-aarch64.so.1 (0x0000ffeb45e20000)\n", "glibc": ["GLIBC_2.17", "GLIBC_2.33", "GLIBC_2.34", "GLIBC_2.38"]}, "erts-17.0.4/bin/erlexec": {"sha256": "9f67618612702729ab2c84245b8ab3449beb5b660996e9937dd0eae3f1d10d52", "libraries": "\tlinux-vdso.so.1 (0x0000ff25a42ec000)\n\tlibm.so.6 => /lib/aarch64-linux-gnu/libm.so.6 (0x0000ff25a41d0000)\n\tlibc.so.6 => /lib/aarch64-linux-gnu/libc.so.6 (0x0000ff25a4010000)\n\t/lib/ld-linux-aarch64.so.1 (0x0000ff25a42b0000)\n", "glibc": ["GLIBC_2.17", "GLIBC_2.34"]}, "erts-17.0.4/bin/escript": {"sha256": "7938896287512300e3a866cc99d788cc382506a0b1428e5c59eaee2b5b87349e", "libraries": "\tlinux-vdso.so.1 (0x0000ff14b0dfc000)\n\tlibm.so.6 => /lib/aarch64-linux-gnu/libm.so.6 (0x0000ff14b0ce0000)\n\tlibc.so.6 => /lib/aarch64-linux-gnu/libc.so.6 (0x0000ff14b0b20000)\n\t/lib/ld-linux-aarch64.so.1 (0x0000ff14b0dc0000)\n", "glibc": ["GLIBC_2.17", "GLIBC_2.34"]}, "erts-17.0.4/bin/heart": {"sha256": "e961189cda8626307638f0576d6415794df4badadaac4d7d1bdf09d39b285212", "libraries": "\tlinux-vdso.so.1 (0x0000ff643609f000)\n\tlibc.so.6 => /lib/aarch64-linux-gnu/libc.so.6 (0x0000ff6435e60000)\n\t/lib/ld-linux-aarch64.so.1 (0x0000ff6436050000)\n", "glibc": ["GLIBC_2.17", "GLIBC_2.34", "GLIBC_2.38"]}, "erts-17.0.4/bin/inet_gethost": {"sha256": "abc240bf54f4ee4060e6f4f5066a7375d339e7c9c4b113767bb0c0186099ea8d", "libraries": "\tlinux-vdso.so.1 (0x0000ff89a1419000)\n\tlibm.so.6 => /lib/aarch64-linux-gnu/libm.so.6 (0x0000ff89a12f0000)\n\tlibc.so.6 => /lib/aarch64-linux-gnu/libc.so.6 (0x0000ff89a1130000)\n\t/lib/ld-linux-aarch64.so.1 (0x0000ff89a13d0000)\n", "glibc": ["GLIBC_2.17", "GLIBC_2.34", "GLIBC_2.38"]}, "erts-17.0.4/bin/run_erl": {"sha256": "7cc44bb9e4090e7d70adcf3a072948db7d3554c0545b6110246d432179ae3ba3", "libraries": "\tlinux-vdso.so.1 (0x0000ff8829cdc000)\n\tlibc.so.6 => /lib/aarch64-linux-gnu/libc.so.6 (0x0000ff8829ab0000)\n\t/lib/ld-linux-aarch64.so.1 (0x0000ff8829ca0000)\n", "glibc": ["GLIBC_2.17", "GLIBC_2.34", "GLIBC_2.38"]}, "erts-17.0.4/bin/to_erl": {"sha256": "d2b23fd7a72596ea3291a9ab065f9282572558ac9fffe479540e93c755762760", "libraries": "\tlinux-vdso.so.1 (0x0000ff9024999000)\n\tlibc.so.6 => /lib/aarch64-linux-gnu/libc.so.6 (0x0000ff9024760000)\n\t/lib/ld-linux-aarch64.so.1 (0x0000ff9024950000)\n", "glibc": ["GLIBC_2.17", "GLIBC_2.34", "GLIBC_2.38"]}, "erts-17.0.4/bin/typer": {"sha256": "a0fb469204d56f8d82bcfca898a8525c993c94c6de5aeeb8672d17e8aa9607f8", "libraries": "\tlinux-vdso.so.1 (0x0000ff9232c4d000)\n\tlibm.so.6 => /lib/aarch64-linux-gnu/libm.so.6 (0x0000ff9232b20000)\n\tlibc.so.6 => /lib/aarch64-linux-gnu/libc.so.6 (0x0000ff9232960000)\n\t/lib/ld-linux-aarch64.so.1 (0x0000ff9232c00000)\n", "glibc": ["GLIBC_2.17", "GLIBC_2.34"]}, "erts-17.0.4/bin/yielding_c_fun": {"sha256": "117606177ce98635cfb17578b63857c8b99297f05cfd4f190e722c68bf7d0aa7", "libraries": "\tlinux-vdso.so.1 (0x0000ff74c4a1c000)\n\tlibc.so.6 => /lib/aarch64-linux-gnu/libc.so.6 (0x0000ff74c47c0000)\n\t/lib/ld-linux-aarch64.so.1 (0x0000ff74c49e0000)\n", "glibc": ["GLIBC_2.17", "GLIBC_2.34"]}, "lib/aphid-0.1.0-dev/priv/lib/Elixir.Aphid.Native.so": {"sha256": "8232add3bd3faf792a7179d6edcefabf29493601ec49740acf166e7f480de6ce", "libraries": "\tlinux-vdso.so.1 (0x0000ff5a2a15c000)\n\tlibaphid_bridge.so => /home/runner/work/_temp/aphid-current-consumer/mix-release-proof/relocated caf\u00e9 release/lib/aphid-0.1.0-dev/priv/lib/libaphid_bridge.so (0x0000ff5a29eb0000)\n\tlibc.so.6 => /lib/aarch64-linux-gnu/libc.so.6 (0x0000ff5a29cf0000)\n\tlibpthread.so.0 => /lib/aarch64-linux-gnu/libpthread.so.0 (0x0000ff5a29cc0000)\n\tliblbug.so => /home/runner/work/_temp/aphid-current-consumer/mix-release-proof/relocated caf\u00e9 release/lib/aphid-0.1.0-dev/priv/lib/liblbug.so (0x0000ff5a24ec0000)\n\tlibstdc++.so.6 => /lib/aarch64-linux-gnu/libstdc++.so.6 (0x0000ff5a24c30000)\n\tlibgcc_s.so.1 => /lib/aarch64-linux-gnu/libgcc_s.so.1 (0x0000ff5a24bf0000)\n\t/lib/ld-linux-aarch64.so.1 (0x0000ff5a2a120000)\n\tlibm.so.6 => /lib/aarch64-linux-gnu/libm.so.6 (0x0000ff5a24b40000)\n", "glibc": ["GLIBC_2.17", "GLIBC_2.25", "GLIBC_2.27", "GLIBC_2.28"]}, "lib/aphid-0.1.0-dev/priv/lib/Elixir.Aphid.Proof.so": {"sha256": "b1db41ec30e2e5cc687fc01b2e127be1aad50bf42180859ada588f073ca0f54e", "libraries": "\tlinux-vdso.so.1 (0x0000ffbaea2ac000)\n\tlibc.so.6 => /lib/aarch64-linux-gnu/libc.so.6 (0x0000ffbae9ed0000)\n\tlibpthread.so.0 => /lib/aarch64-linux-gnu/libpthread.so.0 (0x0000ffbae9ea0000)\n\t/lib/ld-linux-aarch64.so.1 (0x0000ffbaea270000)\n", "glibc": ["GLIBC_2.17", "GLIBC_2.25", "GLIBC_2.27", "GLIBC_2.28"]}, "lib/aphid-0.1.0-dev/priv/lib/libaphid_bridge.so": {"sha256": "dec22ccb93953aba35af38af0454880d832a8b2aa04fc68b2c316c258959636f", "libraries": "\tlinux-vdso.so.1 (0x0000ffa1ade5c000)\n\tliblbug.so => /home/runner/work/_temp/aphid-current-consumer/mix-release-proof/relocated caf\u00e9 release/lib/aphid-0.1.0-dev/priv/lib/liblbug.so (0x0000ffa1a8fd0000)\n\tlibstdc++.so.6 => /lib/aarch64-linux-gnu/libstdc++.so.6 (0x0000ffa1a8d40000)\n\tlibgcc_s.so.1 => /lib/aarch64-linux-gnu/libgcc_s.so.1 (0x0000ffa1a8d00000)\n\tlibc.so.6 => /lib/aarch64-linux-gnu/libc.so.6 (0x0000ffa1a8b40000)\n\t/lib/ld-linux-aarch64.so.1 (0x0000ffa1ade20000)\n\tlibm.so.6 => /lib/aarch64-linux-gnu/libm.so.6 (0x0000ffa1a8a90000)\n", "glibc": ["GLIBC_2.17", "GLIBC_2.32"]}, "lib/aphid-0.1.0-dev/priv/lib/liblbug.so": {"sha256": "c2311d4273f619fbff9ae20ab4cc12f338275dafddd981ed87dff2ec44c592d7", "libraries": "\tlinux-vdso.so.1 (0x0000ff8d30e0c000)\n\tlibstdc++.so.6 => /lib/aarch64-linux-gnu/libstdc++.so.6 (0x0000ff8d2bd30000)\n\tlibm.so.6 => /lib/aarch64-linux-gnu/libm.so.6 (0x0000ff8d2bc80000)\n\tlibgcc_s.so.1 => /lib/aarch64-linux-gnu/libgcc_s.so.1 (0x0000ff8d2bc40000)\n\tlibc.so.6 => /lib/aarch64-linux-gnu/libc.so.6 (0x0000ff8d2ba80000)\n\t/lib/ld-linux-aarch64.so.1 (0x0000ff8d30dc0000)\n", "glibc": ["GLIBC_2.17", "GLIBC_2.23", "GLIBC_2.25", "GLIBC_2.29", "GLIBC_2.32", "GLIBC_2.33", "GLIBC_2.34", "GLIBC_2.38"]}, "lib/crypto-5.9.2/priv/lib/crypto.so": {"sha256": "a577499088d4a86165f50583e0d4b0d5542b0adbb1d85a720103b1537d2e8fd1", "libraries": "\tlinux-vdso.so.1 (0x0000ffed380dc000)\n\tlibcrypto.so.3 => /usr/lib/aarch64-linux-gnu/libcrypto.so.3 (0x0000ffed37bc0000)\n\tlibc.so.6 => /usr/lib/aarch64-linux-gnu/libc.so.6 (0x0000ffed37a00000)\n\t/lib/ld-linux-aarch64.so.1 (0x0000ffed380a0000)\n", "glibc": ["GLIBC_2.17"]}, "lib/crypto-5.9.2/priv/lib/crypto_callback.so": {"sha256": "a4e67da6f8a9065b75ce7449af138fee674089fa7e460dbc6137c819c0761300", "libraries": "\tlinux-vdso.so.1 (0x0000ffee6c01c000)\n\tlibc.so.6 => /lib/aarch64-linux-gnu/libc.so.6 (0x0000ffee6bde0000)\n\t/lib/ld-linux-aarch64.so.1 (0x0000ffee6bfd0000)\n", "glibc": ["GLIBC_2.17"]}, "lib/crypto-5.9.2/priv/lib/otp_test_engine.so": {"sha256": "f3e94d48a21b091e4361f01098653f88f0f579a143a1f223db9b2a8334cf74cf", "libraries": "\tlinux-vdso.so.1 (0x0000ff66bc107000)\n\tlibcrypto.so.3 => /usr/lib/aarch64-linux-gnu/libcrypto.so.3 (0x0000ff66bbc00000)\n\tlibc.so.6 => /usr/lib/aarch64-linux-gnu/libc.so.6 (0x0000ff66bba40000)\n\t/lib/ld-linux-aarch64.so.1 (0x0000ff66bc0c0000)\n", "glibc": ["GLIBC_2.17"]}, "validation/_build/native/tests/fixture": {"sha256": "ebefae04cc752f1c31f57ae684ed6f39066dfe24bb9d80c0ef8909de53870290", "libraries": "\tlinux-vdso.so.1 (0x0000ff361a9dc000)\n\tlibstdc++.so.6 => /lib/aarch64-linux-gnu/libstdc++.so.6 (0x0000ff3617cd0000)\n\tlibm.so.6 => /lib/aarch64-linux-gnu/libm.so.6 (0x0000ff3617c20000)\n\tlibgcc_s.so.1 => /lib/aarch64-linux-gnu/libgcc_s.so.1 (0x0000ff3617be0000)\n\tlibc.so.6 => /lib/aarch64-linux-gnu/libc.so.6 (0x0000ff3617a20000)\n\t/lib/ld-linux-aarch64.so.1 (0x0000ff361a9a0000)\n", "glibc": ["GLIBC_2.17", "GLIBC_2.23", "GLIBC_2.25", "GLIBC_2.29", "GLIBC_2.32", "GLIBC_2.33", "GLIBC_2.34", "GLIBC_2.38"]}}}
consumer (ubuntu-24.04-arm, aarch64-linux-gnu)	Verify current package with exact reviewed native archive	2026-09-08T08:36:35.4912281Z Linux release guards verified: no network routes, hidden build/host runtimes, compiler denied
consumer (ubuntu-24.04-arm, aarch64-linux-gnu)	Verify current package with exact reviewed native archive	2026-09-08T08:36:35.5328517Z {"command": ["sudo", "-E", "bwrap", "--die-with-parent", "--unshare-pid", "--ro-bind", "/", "/", "--dev", "/dev", "--proc", "/proc", "--bind", "/home/runner/work/_temp/aphid-current-consumer/mix-release-proof", "/home/runner/work/_temp/aphid-current-consumer/mix-release-proof", "--unshare-net", "--tmpfs", "/home/runner/work/Aphid/Aphid", "--tmpfs", "/home/runner/work/Aphid", "--tmpfs", "/home/runner/work/_temp/aphid-current-consumer/fresh", "--tmpfs", "/home/runner/work/_temp/aphid-current-consumer/mix-release-proof/build", "--tmpfs", "/home/runner/work/_temp/aphid-current-consumer/mix-release-proof/assembled", "--tmpfs", "/home/runner/work/_temp/.setup-beam/elixir", "--tmpfs", "/home/runner/work/_temp/.setup-beam/otp", "--tmpfs", "/home/runner/.mix", "--ro-bind", "/dev/null", "/usr/bin/aarch64-linux-gnu-as", "--ro-bind", "/dev/null", "/usr/bin/aarch64-linux-gnu-g++-12", "--ro-bind", "/dev/null", "/usr/bin/aarch64-linux-gnu-g++-13", "--ro-bind", "/dev/null", "/usr/bin/aarch64-linux-gnu-g++-14", "--ro-bind", "/dev/null", "/usr/bin/aarch64-linux-gnu-gcc-12", "--ro-bind", "/dev/null", "/usr/bin/aarch64-linux-gnu-gcc-13", "--ro-bind", "/dev/null", "/usr/bin/aarch64-linux-gnu-gcc-14", "--ro-bind", "/dev/null", "/usr/bin/aarch64-linux-gnu-ld.bfd", "--ro-bind", "/dev/null", "/usr/bin/c89-gcc", "--ro-bind", "/dev/null", "/usr/bin/c99-gcc", "--ro-bind", "/dev/null", "/usr/bin/make", "--ro-bind", "/dev/null", "/usr/lib/llvm-16/bin/clang", "--ro-bind", "/dev/null", "/usr/lib/llvm-16/bin/lld", "--ro-bind", "/dev/null", "/usr/lib/llvm-16/bin/llvm-as", "--ro-bind", "/dev/null", "/usr/lib/llvm-17/bin/clang", "--ro-bind", "/dev/null", "/usr/lib/llvm-17/bin/lld", "--ro-bind", "/dev/null", "/usr/lib/llvm-17/bin/llvm-as", "--ro-bind", "/dev/null", "/usr/lib/llvm-18/bin/clang", "--ro-bind", "/dev/null", "/usr/lib/llvm-18/bin/lld", "--ro-bind", "/dev/null", "/usr/lib/llvm-18/bin/llvm-as", "--ro-bind", "/dev/null", "/usr/local/bin/cmake", "--ro-bind", "/dev/null", "/usr/local/bin/ninja", "--cap-add", "CAP_SETUID", "--cap-add", "CAP_SETGID", "--cap-add", "CAP_SETPCAP", "--clearenv", "--setenv", "LANG", "C.UTF-8", "--setenv", "HOME", "/home/runner/work/_temp/aphid-current-consumer/mix-release-proof/home", "--setenv", "PATH", "/usr/bin:/bin:/usr/sbin:/sbin", "--setenv", "TMPDIR", "/home/runner/work/_temp/aphid-current-consumer/mix-release-proof/tmp", "--setenv", "ERL_FLAGS", "+S 1:1 +SDcpu 1:1", "--setenv", "RELEASE_DISTRIBUTION", "none", "--setenv", "PROOF_DATABASE", "/home/runner/work/_temp/aphid-current-consumer/mix-release-proof/persistent.db", "--setenv", "PROOF_DENIED_FILES", "/home/runner/work/Aphid/Aphid/mix.exs|/home/runner/work/_temp/aphid-current-consumer/mix-release-proof/build/mix.exs|/home/runner/work/_temp/aphid-current-consumer/fresh/consumer/mix.exs|/home/runner/work/_temp/.setup-beam/elixir/bin/elixir", "--", "/usr/bin/setpriv", "--reuid", "1001", "--regid", "1001", "--clear-groups", "--bounding-set=-all", "--no-new-privs", "--", "/home/runner/work/_temp/aphid-current-consumer/mix-release-proof/relocated caf\u00e9 release/bin/aphid_consumer", "eval", "Code.require_file(\"guards.exs\")"], "cwd": "/home/runner/work/_temp/aphid-current-consumer/mix-release-proof/relocated caf\u00e9 release/validation", "exit": 0, "seconds": 0.365}
consumer (ubuntu-24.04-arm, aarch64-linux-gnu)	Verify current package with exact reviewed native archive	2026-09-08T08:36:36.0334932Z bundled release runtime: {"1.20.0", ~c"17.0.4",
consumer (ubuntu-24.04-arm, aarch64-linux-gnu)	Verify current package with exact reviewed native archive	2026-09-08T08:36:36.0336290Z  "/home/runner/work/_temp/aphid-current-consumer/mix-release-proof/relocated café release"}
consumer (ubuntu-24.04-arm, aarch64-linux-gnu)	Verify current package with exact reviewed native archive	2026-09-08T08:36:37.6386632Z Running ExUnit with seed: 0, max_cases: 2
consumer (ubuntu-24.04-arm, aarch64-linux-gnu)	Verify current package with exact reviewed native archive	2026-09-08T08:36:37.6386951Z 
consumer (ubuntu-24.04-arm, aarch64-linux-gnu)	Verify current package with exact reviewed native archive	2026-09-08T08:36:42.4851479Z ................Aphid basic example passed
consumer (ubuntu-24.04-arm, aarch64-linux-gnu)	Verify current package with exact reviewed native archive	2026-09-08T08:36:42.5171102Z .Aphid transaction example passed
consumer (ubuntu-24.04-arm, aarch64-linux-gnu)	Verify current package with exact reviewed native archive	2026-09-08T08:36:42.5431099Z .Aphid stream example passed
consumer (ubuntu-24.04-arm, aarch64-linux-gnu)	Verify current package with exact reviewed native archive	2026-09-08T08:36:42.6232055Z .Aphid FTS example passed
consumer (ubuntu-24.04-arm, aarch64-linux-gnu)	Verify current package with exact reviewed native archive	2026-09-08T08:36:42.6611334Z .Aphid vector example passed
consumer (ubuntu-24.04-arm, aarch64-linux-gnu)	Verify current package with exact reviewed native archive	2026-09-08T08:36:42.7445341Z .Aphid DuckDB example passed
consumer (ubuntu-24.04-arm, aarch64-linux-gnu)	Verify current package with exact reviewed native archive	2026-09-08T08:36:48.7488628Z .............stale-cancel race: 30 iterations; maximum cancel-to-idle 198997 us
consumer (ubuntu-24.04-arm, aarch64-linux-gnu)	Verify current package with exact reviewed native archive	2026-09-08T08:36:52.9361622Z ........heartbeat: 11 samples; maximum gap 6 ms
consumer (ubuntu-24.04-arm, aarch64-linux-gnu)	Verify current package with exact reviewed native archive	2026-09-08T08:36:53.0266186Z .
consumer (ubuntu-24.04-arm, aarch64-linux-gnu)	Verify current package with exact reviewed native archive	2026-09-08T08:36:53.0267938Z 08:36:53.024 [error] Aphid artifact [unloadable]: /home/runner/work/_temp/aphid-current-consumer/mix-release-proof/relocated café release/lib/aphid-0.1.0-dev/priv/lib/Elixir.Aphid.Native: {:upgrade, ~c"Library upgrade-call unsuccessful (-1)."}; use the matching complete bundle and runtime. No source fallback.
consumer (ubuntu-24.04-arm, aarch64-linux-gnu)	Verify current package with exact reviewed native archive	2026-09-08T08:36:53.0293852Z 
consumer (ubuntu-24.04-arm, aarch64-linux-gnu)	Verify current package with exact reviewed native archive	2026-09-08T08:36:53.0294590Z 08:36:53.027 [warning] The on_load function for module Elixir.Aphid.Native returned:
consumer (ubuntu-24.04-arm, aarch64-linux-gnu)	Verify current package with exact reviewed native archive	2026-09-08T08:36:53.0295398Z {:error, {:upgrade, ~c"Library upgrade-call unsuccessful (-1)."}}
consumer (ubuntu-24.04-arm, aarch64-linux-gnu)	Verify current package with exact reviewed native archive	2026-09-08T08:36:53.0295679Z 
consumer (ubuntu-24.04-arm, aarch64-linux-gnu)	Verify current package with exact reviewed native archive	2026-09-08T08:36:55.5105047Z .................................................
consumer (ubuntu-24.04-arm, aarch64-linux-gnu)	Verify current package with exact reviewed native archive	2026-09-08T08:36:55.5123246Z Finished in 17.8 seconds (0.00s async, 17.8s sync)
consumer (ubuntu-24.04-arm, aarch64-linux-gnu)	Verify current package with exact reviewed native archive	2026-09-08T08:36:55.5123518Z 
consumer (ubuntu-24.04-arm, aarch64-linux-gnu)	Verify current package with exact reviewed native archive	2026-09-08T08:36:55.5123907Z Result: 92 passed
consumer (ubuntu-24.04-arm, aarch64-linux-gnu)	Verify current package with exact reviewed native archive	2026-09-08T08:36:55.5124200Z relocated Mix release: all 92 tests passed
consumer (ubuntu-24.04-arm, aarch64-linux-gnu)	Verify current package with exact reviewed native archive	2026-09-08T08:36:55.5374956Z {"command": ["sudo", "-E", "bwrap", "--die-with-parent", "--unshare-pid", "--ro-bind", "/", "/", "--dev", "/dev", "--proc", "/proc", "--bind", "/home/runner/work/_temp/aphid-current-consumer/mix-release-proof", "/home/runner/work/_temp/aphid-current-consumer/mix-release-proof", "--unshare-net", "--tmpfs", "/home/runner/work/Aphid/Aphid", "--tmpfs", "/home/runner/work/Aphid", "--tmpfs", "/home/runner/work/_temp/aphid-current-consumer/fresh", "--tmpfs", "/home/runner/work/_temp/aphid-current-consumer/mix-release-proof/build", "--tmpfs", "/home/runner/work/_temp/aphid-current-consumer/mix-release-proof/assembled", "--tmpfs", "/home/runner/work/_temp/.setup-beam/elixir", "--tmpfs", "/home/runner/work/_temp/.setup-beam/otp", "--tmpfs", "/home/runner/.mix", "--ro-bind", "/dev/null", "/usr/bin/aarch64-linux-gnu-as", "--ro-bind", "/dev/null", "/usr/bin/aarch64-linux-gnu-g++-12", "--ro-bind", "/dev/null", "/usr/bin/aarch64-linux-gnu-g++-13", "--ro-bind", "/dev/null", "/usr/bin/aarch64-linux-gnu-g++-14", "--ro-bind", "/dev/null", "/usr/bin/aarch64-linux-gnu-gcc-12", "--ro-bind", "/dev/null", "/usr/bin/aarch64-linux-gnu-gcc-13", "--ro-bind", "/dev/null", "/usr/bin/aarch64-linux-gnu-gcc-14", "--ro-bind", "/dev/null", "/usr/bin/aarch64-linux-gnu-ld.bfd", "--ro-bind", "/dev/null", "/usr/bin/c89-gcc", "--ro-bind", "/dev/null", "/usr/bin/c99-gcc", "--ro-bind", "/dev/null", "/usr/bin/make", "--ro-bind", "/dev/null", "/usr/lib/llvm-16/bin/clang", "--ro-bind", "/dev/null", "/usr/lib/llvm-16/bin/lld", "--ro-bind", "/dev/null", "/usr/lib/llvm-16/bin/llvm-as", "--ro-bind", "/dev/null", "/usr/lib/llvm-17/bin/clang", "--ro-bind", "/dev/null", "/usr/lib/llvm-17/bin/lld", "--ro-bind", "/dev/null", "/usr/lib/llvm-17/bin/llvm-as", "--ro-bind", "/dev/null", "/usr/lib/llvm-18/bin/clang", "--ro-bind", "/dev/null", "/usr/lib/llvm-18/bin/lld", "--ro-bind", "/dev/null", "/usr/lib/llvm-18/bin/llvm-as", "--ro-bind", "/dev/null", "/usr/local/bin/cmake", "--ro-bind", "/dev/null", "/usr/local/bin/ninja", "--cap-add", "CAP_SETUID", "--cap-add", "CAP_SETGID", "--cap-add", "CAP_SETPCAP", "--clearenv", "--setenv", "LANG", "C.UTF-8", "--setenv", "HOME", "/home/runner/work/_temp/aphid-current-consumer/mix-release-proof/home", "--setenv", "PATH", "/usr/bin:/bin:/usr/sbin:/sbin", "--setenv", "TMPDIR", "/home/runner/work/_temp/aphid-current-consumer/mix-release-proof/tmp", "--setenv", "ERL_FLAGS", "+S 1:1 +SDcpu 1:1", "--setenv", "RELEASE_DISTRIBUTION", "none", "--setenv", "PROOF_DATABASE", "/home/runner/work/_temp/aphid-current-consumer/mix-release-proof/persistent.db", "--setenv", "PROOF_DENIED_FILES", "/home/runner/work/Aphid/Aphid/mix.exs|/home/runner/work/_temp/aphid-current-consumer/mix-release-proof/build/mix.exs|/home/runner/work/_temp/aphid-current-consumer/fresh/consumer/mix.exs|/home/runner/work/_temp/.setup-beam/elixir/bin/elixir", "--", "/usr/bin/setpriv", "--reuid", "1001", "--regid", "1001", "--clear-groups", "--bounding-set=-all", "--no-new-privs", "--", "/home/runner/work/_temp/aphid-current-consumer/mix-release-proof/relocated caf\u00e9 release/bin/aphid_consumer", "eval", "Code.require_file(\"suite.exs\")"], "cwd": "/home/runner/work/_temp/aphid-current-consumer/mix-release-proof/relocated caf\u00e9 release/validation", "exit": 0, "seconds": 20.004}
consumer (ubuntu-24.04-arm, aarch64-linux-gnu)	Verify current package with exact reviewed native archive	2026-09-08T08:36:56.2684977Z 
consumer (ubuntu-24.04-arm, aarch64-linux-gnu)	Verify current package with exact reviewed native archive	2026-09-08T08:36:56.2685545Z 08:36:56.268 [notice] Application aphid exited: :stopped
consumer (ubuntu-24.04-arm, aarch64-linux-gnu)	Verify current package with exact reviewed native archive	2026-09-08T08:36:56.2686390Z embedded activation passed; application restart did not reload NIFs
consumer (ubuntu-24.04-arm, aarch64-linux-gnu)	Verify current package with exact reviewed native archive	2026-09-08T08:36:56.2950521Z release start booted applications, loaded both NIFs, persisted data and closed database
consumer (ubuntu-24.04-arm, aarch64-linux-gnu)	Verify current package with exact reviewed native archive	2026-09-08T08:36:56.3246606Z {"command": ["sudo", "-E", "bwrap", "--die-with-parent", "--unshare-pid", "--ro-bind", "/", "/", "--dev", "/dev", "--proc", "/proc", "--bind", "/home/runner/work/_temp/aphid-current-consumer/mix-release-proof", "/home/runner/work/_temp/aphid-current-consumer/mix-release-proof", "--unshare-net", "--tmpfs", "/home/runner/work/Aphid/Aphid", "--tmpfs", "/home/runner/work/Aphid", "--tmpfs", "/home/runner/work/_temp/aphid-current-consumer/fresh", "--tmpfs", "/home/runner/work/_temp/aphid-current-consumer/mix-release-proof/build", "--tmpfs", "/home/runner/work/_temp/aphid-current-consumer/mix-release-proof/assembled", "--tmpfs", "/home/runner/work/_temp/.setup-beam/elixir", "--tmpfs", "/home/runner/work/_temp/.setup-beam/otp", "--tmpfs", "/home/runner/.mix", "--ro-bind", "/dev/null", "/usr/bin/aarch64-linux-gnu-as", "--ro-bind", "/dev/null", "/usr/bin/aarch64-linux-gnu-g++-12", "--ro-bind", "/dev/null", "/usr/bin/aarch64-linux-gnu-g++-13", "--ro-bind", "/dev/null", "/usr/bin/aarch64-linux-gnu-g++-14", "--ro-bind", "/dev/null", "/usr/bin/aarch64-linux-gnu-gcc-12", "--ro-bind", "/dev/null", "/usr/bin/aarch64-linux-gnu-gcc-13", "--ro-bind", "/dev/null", "/usr/bin/aarch64-linux-gnu-gcc-14", "--ro-bind", "/dev/null", "/usr/bin/aarch64-linux-gnu-ld.bfd", "--ro-bind", "/dev/null", "/usr/bin/c89-gcc", "--ro-bind", "/dev/null", "/usr/bin/c99-gcc", "--ro-bind", "/dev/null", "/usr/bin/make", "--ro-bind", "/dev/null", "/usr/lib/llvm-16/bin/clang", "--ro-bind", "/dev/null", "/usr/lib/llvm-16/bin/lld", "--ro-bind", "/dev/null", "/usr/lib/llvm-16/bin/llvm-as", "--ro-bind", "/dev/null", "/usr/lib/llvm-17/bin/clang", "--ro-bind", "/dev/null", "/usr/lib/llvm-17/bin/lld", "--ro-bind", "/dev/null", "/usr/lib/llvm-17/bin/llvm-as", "--ro-bind", "/dev/null", "/usr/lib/llvm-18/bin/clang", "--ro-bind", "/dev/null", "/usr/lib/llvm-18/bin/lld", "--ro-bind", "/dev/null", "/usr/lib/llvm-18/bin/llvm-as", "--ro-bind", "/dev/null", "/usr/local/bin/cmake", "--ro-bind", "/dev/null", "/usr/local/bin/ninja", "--cap-add", "CAP_SETUID", "--cap-add", "CAP_SETGID", "--cap-add", "CAP_SETPCAP", "--clearenv", "--setenv", "LANG", "C.UTF-8", "--setenv", "HOME", "/home/runner/work/_temp/aphid-current-consumer/mix-release-proof/home", "--setenv", "PATH", "/usr/bin:/bin:/usr/sbin:/sbin", "--setenv", "TMPDIR", "/home/runner/work/_temp/aphid-current-consumer/mix-release-proof/tmp", "--setenv", "ERL_FLAGS", "+S 1:1 +SDcpu 1:1", "--setenv", "RELEASE_DISTRIBUTION", "none", "--setenv", "PROOF_DATABASE", "/home/runner/work/_temp/aphid-current-consumer/mix-release-proof/persistent.db", "--setenv", "PROOF_DENIED_FILES", "/home/runner/work/Aphid/Aphid/mix.exs|/home/runner/work/_temp/aphid-current-consumer/mix-release-proof/build/mix.exs|/home/runner/work/_temp/aphid-current-consumer/fresh/consumer/mix.exs|/home/runner/work/_temp/.setup-beam/elixir/bin/elixir", "--setenv", "RELEASE_VM_ARGS", "/home/runner/work/_temp/aphid-current-consumer/mix-release-proof/start.vm.args", "--setenv", "PROOF_START_SCRIPT", "/home/runner/work/_temp/aphid-current-consumer/mix-release-proof/relocated caf\u00e9 release/validation/start.exs", "--", "/usr/bin/setpriv", "--reuid", "1001", "--regid", "1001", "--clear-groups", "--bounding-set=-all", "--no-new-privs", "--", "/home/runner/work/_temp/aphid-current-consumer/mix-release-proof/relocated caf\u00e9 release/bin/aphid_consumer", "start"], "cwd": "/home/runner/work/_temp/aphid-current-consumer/mix-release-proof/relocated caf\u00e9 release/validation", "exit": 0, "seconds": 0.765}
consumer (ubuntu-24.04-arm, aarch64-linux-gnu)	Verify current package with exact reviewed native archive	2026-09-08T08:36:56.8519326Z new release VM reopened persisted database after graceful shutdown
consumer (ubuntu-24.04-arm, aarch64-linux-gnu)	Verify current package with exact reviewed native archive	2026-09-08T08:36:56.8895846Z {"command": ["sudo", "-E", "bwrap", "--die-with-parent", "--unshare-pid", "--ro-bind", "/", "/", "--dev", "/dev", "--proc", "/proc", "--bind", "/home/runner/work/_temp/aphid-current-consumer/mix-release-proof", "/home/runner/work/_temp/aphid-current-consumer/mix-release-proof", "--unshare-net", "--tmpfs", "/home/runner/work/Aphid/Aphid", "--tmpfs", "/home/runner/work/Aphid", "--tmpfs", "/home/runner/work/_temp/aphid-current-consumer/fresh", "--tmpfs", "/home/runner/work/_temp/aphid-current-consumer/mix-release-proof/build", "--tmpfs", "/home/runner/work/_temp/aphid-current-consumer/mix-release-proof/assembled", "--tmpfs", "/home/runner/work/_temp/.setup-beam/elixir", "--tmpfs", "/home/runner/work/_temp/.setup-beam/otp", "--tmpfs", "/home/runner/.mix", "--ro-bind", "/dev/null", "/usr/bin/aarch64-linux-gnu-as", "--ro-bind", "/dev/null", "/usr/bin/aarch64-linux-gnu-g++-12", "--ro-bind", "/dev/null", "/usr/bin/aarch64-linux-gnu-g++-13", "--ro-bind", "/dev/null", "/usr/bin/aarch64-linux-gnu-g++-14", "--ro-bind", "/dev/null", "/usr/bin/aarch64-linux-gnu-gcc-12", "--ro-bind", "/dev/null", "/usr/bin/aarch64-linux-gnu-gcc-13", "--ro-bind", "/dev/null", "/usr/bin/aarch64-linux-gnu-gcc-14", "--ro-bind", "/dev/null", "/usr/bin/aarch64-linux-gnu-ld.bfd", "--ro-bind", "/dev/null", "/usr/bin/c89-gcc", "--ro-bind", "/dev/null", "/usr/bin/c99-gcc", "--ro-bind", "/dev/null", "/usr/bin/make", "--ro-bind", "/dev/null", "/usr/lib/llvm-16/bin/clang", "--ro-bind", "/dev/null", "/usr/lib/llvm-16/bin/lld", "--ro-bind", "/dev/null", "/usr/lib/llvm-16/bin/llvm-as", "--ro-bind", "/dev/null", "/usr/lib/llvm-17/bin/clang", "--ro-bind", "/dev/null", "/usr/lib/llvm-17/bin/lld", "--ro-bind", "/dev/null", "/usr/lib/llvm-17/bin/llvm-as", "--ro-bind", "/dev/null", "/usr/lib/llvm-18/bin/clang", "--ro-bind", "/dev/null", "/usr/lib/llvm-18/bin/lld", "--ro-bind", "/dev/null", "/usr/lib/llvm-18/bin/llvm-as", "--ro-bind", "/dev/null", "/usr/local/bin/cmake", "--ro-bind", "/dev/null", "/usr/local/bin/ninja", "--cap-add", "CAP_SETUID", "--cap-add", "CAP_SETGID", "--cap-add", "CAP_SETPCAP", "--clearenv", "--setenv", "LANG", "C.UTF-8", "--setenv", "HOME", "/home/runner/work/_temp/aphid-current-consumer/mix-release-proof/home", "--setenv", "PATH", "/usr/bin:/bin:/usr/sbin:/sbin", "--setenv", "TMPDIR", "/home/runner/work/_temp/aphid-current-consumer/mix-release-proof/tmp", "--setenv", "ERL_FLAGS", "+S 1:1 +SDcpu 1:1", "--setenv", "RELEASE_DISTRIBUTION", "none", "--setenv", "PROOF_DATABASE", "/home/runner/work/_temp/aphid-current-consumer/mix-release-proof/persistent.db", "--setenv", "PROOF_DENIED_FILES", "/home/runner/work/Aphid/Aphid/mix.exs|/home/runner/work/_temp/aphid-current-consumer/mix-release-proof/build/mix.exs|/home/runner/work/_temp/aphid-current-consumer/fresh/consumer/mix.exs|/home/runner/work/_temp/.setup-beam/elixir/bin/elixir", "--", "/usr/bin/setpriv", "--reuid", "1001", "--regid", "1001", "--clear-groups", "--bounding-set=-all", "--no-new-privs", "--", "/home/runner/work/_temp/aphid-current-consumer/mix-release-proof/relocated caf\u00e9 release/bin/aphid_consumer", "eval", "Code.require_file(\"reopen.exs\")"], "cwd": "/home/runner/work/_temp/aphid-current-consumer/mix-release-proof/relocated caf\u00e9 release/validation", "exit": 0, "seconds": 0.565}
consumer (ubuntu-24.04-arm, aarch64-linux-gnu)	Verify current package with exact reviewed native archive	2026-09-08T08:36:57.0758869Z retained ExUnit scratch databases (not archive contents): ['validation/tmp/Aphid.TransactionTest/test-supervisor-death-stops-even-an-exit-trapping-callback-before-persistent-reopen-cc171fa5/graph', 'validation/tmp/AphidTest/test-supervisor-restart-preserves-data-and-waits-for-the-retiring-native-owner-1f95b412/graph']
consumer (ubuntu-24.04-arm, aarch64-linux-gnu)	Verify current package with exact reviewed native archive	2026-09-08T08:36:57.1893476Z relocated Mix release passed: closure unchanged, compiler-free, offline start/shutdown/reopen, 92 tests; no release support claim
consumer (ubuntu-24.04-arm, aarch64-linux-gnu)	Verify current package with exact reviewed native archive	2026-09-08T08:36:57.2222839Z {"command": ["/opt/hostedtoolcache/Python/3.14.7/arm64/bin/python3", "scripts/mix_release.py", "--consumer", "/home/runner/work/_temp/aphid-current-consumer/fresh", "--destination", "/home/runner/work/_temp/aphid-current-consumer/mix-release-proof", "--output", "/home/runner/work/_temp/aphid-current-consumer/mix-release-validation.tar.gz"], "cwd": "/home/runner/work/Aphid/Aphid", "exit": 0, "seconds": 38.887}
consumer (ubuntu-24.04-arm, aarch64-linux-gnu)	Verify current package with exact reviewed native archive	2026-09-08T08:36:58.5964059Z missing embedded startup rejected 1
consumer (ubuntu-24.04-arm, aarch64-linux-gnu)	Verify current package with exact reviewed native archive	2026-09-08T08:36:58.6359605Z {"command": ["/opt/hostedtoolcache/Python/3.14.7/arm64/bin/python3", "/home/runner/work/_temp/aphid-current-consumer/embedded-failures/check.py", "/home/runner/work/_temp/aphid-current-consumer/embedded-failures/missing.log", "missing", "/home/runner/work/_temp/aphid-current-consumer/mix-release-proof/relocated caf\u00e9 release/bin/aphid_consumer", "start"], "cwd": "/home/runner/work/_temp/aphid-current-consumer/embedded-failures", "exit": 0, "seconds": 1.267}
consumer (ubuntu-24.04-arm, aarch64-linux-gnu)	Verify current package with exact reviewed native archive	2026-09-08T08:37:00.0782494Z corrupt embedded startup rejected 1
consumer (ubuntu-24.04-arm, aarch64-linux-gnu)	Verify current package with exact reviewed native archive	2026-09-08T08:37:00.0848914Z {"command": ["/opt/hostedtoolcache/Python/3.14.7/arm64/bin/python3", "/home/runner/work/_temp/aphid-current-consumer/embedded-failures/check.py", "/home/runner/work/_temp/aphid-current-consumer/embedded-failures/corrupt.log", "corrupt", "/home/runner/work/_temp/aphid-current-consumer/mix-release-proof/relocated caf\u00e9 release/bin/aphid_consumer", "start"], "cwd": "/home/runner/work/_temp/aphid-current-consumer/embedded-failures", "exit": 0, "seconds": 1.316}
consumer (ubuntu-24.04-arm, aarch64-linux-gnu)	Verify current package with exact reviewed native archive	2026-09-08T08:37:01.7020503Z unloadable embedded startup rejected 1
consumer (ubuntu-24.04-arm, aarch64-linux-gnu)	Verify current package with exact reviewed native archive	2026-09-08T08:37:01.7439688Z {"command": ["/opt/hostedtoolcache/Python/3.14.7/arm64/bin/python3", "/home/runner/work/_temp/aphid-current-consumer/embedded-failures/check.py", "/home/runner/work/_temp/aphid-current-consumer/embedded-failures/unloadable.log", "unloadable", "sudo", "-E", "unshare", "--mount", "--fork", "--propagation", "private", "sh", "-c", "mount --bind \"$1\" \"$1\" && mount -o remount,bind,noexec \"$1\" && shift && exec \"$@\"", "noexec-proof", "/home/runner/work/_temp/aphid-current-consumer/mix-release-proof/relocated caf\u00e9 release/lib/aphid-0.1.0-dev/priv/lib", "/usr/bin/setpriv", "--reuid", "1001", "--regid", "1001", "--clear-groups", "--no-new-privs", "--", "/usr/bin/env", "PATH=/home/runner/work/_temp/.setup-beam/elixir/bin:/home/runner/.mix/escripts:/home/runner/work/_temp/.setup-beam/otp/bin:/opt/hostedtoolcache/Python/3.14.7/arm64/bin:/opt/hostedtoolcache/Python/3.14.7/arm64:/snap/bin:/home/runner/.local/bin:/opt/pipx_bin:/home/runner/.cargo/bin:/home/runner/.config/composer/vendor/bin:/home/runner/.dotnet/tools:/usr/local/sbin:/usr/local/bin:/usr/sbin:/usr/bin:/sbin:/bin:/usr/games:/usr/local/games:/snap/bin", "/home/runner/work/_temp/aphid-current-consumer/mix-release-proof/relocated caf\u00e9 release/bin/aphid_consumer", "start"], "cwd": "/home/runner/work/_temp/aphid-current-consumer/embedded-failures", "exit": 0, "seconds": 1.37}
consumer (ubuntu-24.04-arm, aarch64-linux-gnu)	Verify current package with exact reviewed native archive	2026-09-08T08:37:01.8461488Z embedded missing/corrupt/unloadable startup failures passed; native closure restored unchanged
consumer (ubuntu-24.04-arm, aarch64-linux-gnu)	Verify current package with exact reviewed native archive	2026-09-08T08:37:01.8962809Z {"command": ["/opt/hostedtoolcache/Python/3.14.7/arm64/bin/python3", "scripts/embedded_failures.py", "--release-work", "/home/runner/work/_temp/aphid-current-consumer/mix-release-proof", "--destination", "/home/runner/work/_temp/aphid-current-consumer/embedded-failures"], "cwd": "/home/runner/work/Aphid/Aphid", "exit": 0, "seconds": 4.674}
consumer (ubuntu-24.04-arm, aarch64-linux-gnu)	Verify current package with exact reviewed native archive	2026-09-08T08:37:01.8964433Z Current combined source package passed with the unchanged qualified Linux bundle; no native build or artifact upload.
consumer (ubuntu-24.04-arm, aarch64-linux-gnu)	Post Run actions/setup-python@ece7cb06caefa5fff74198d8649806c4678c61a1	﻿2026-09-08T08:37:01.9207692Z Post job cleanup.
consumer (ubuntu-24.04-arm, aarch64-linux-gnu)	Post Run actions/checkout@d23441a48e516b6c34aea4fa41551a30e30af803	﻿2026-09-08T08:37:02.0466632Z Post job cleanup.
consumer (ubuntu-24.04-arm, aarch64-linux-gnu)	Post Run actions/checkout@d23441a48e516b6c34aea4fa41551a30e30af803	2026-09-08T08:37:02.1179172Z [command]/usr/bin/git version
consumer (ubuntu-24.04-arm, aarch64-linux-gnu)	Post Run actions/checkout@d23441a48e516b6c34aea4fa41551a30e30af803	2026-09-08T08:37:02.1213448Z git version 2.55.0
consumer (ubuntu-24.04-arm, aarch64-linux-gnu)	Post Run actions/checkout@d23441a48e516b6c34aea4fa41551a30e30af803	2026-09-08T08:37:02.1246152Z Temporarily overriding HOME='/home/runner/work/_temp/0fa2d2cc-647b-49cd-a640-9a7a40f283d8' before making global git config changes
consumer (ubuntu-24.04-arm, aarch64-linux-gnu)	Post Run actions/checkout@d23441a48e516b6c34aea4fa41551a30e30af803	2026-09-08T08:37:02.1246901Z Adding repository directory to the temporary git global config as a safe directory
consumer (ubuntu-24.04-arm, aarch64-linux-gnu)	Post Run actions/checkout@d23441a48e516b6c34aea4fa41551a30e30af803	2026-09-08T08:37:02.1250923Z [command]/usr/bin/git config --global --add safe.directory /home/runner/work/Aphid/Aphid
consumer (ubuntu-24.04-arm, aarch64-linux-gnu)	Post Run actions/checkout@d23441a48e516b6c34aea4fa41551a30e30af803	2026-09-08T08:37:02.1277411Z Removing SSH command configuration
consumer (ubuntu-24.04-arm, aarch64-linux-gnu)	Post Run actions/checkout@d23441a48e516b6c34aea4fa41551a30e30af803	2026-09-08T08:37:02.1284019Z [command]/usr/bin/git config --local --name-only --get-regexp core\.sshCommand
consumer (ubuntu-24.04-arm, aarch64-linux-gnu)	Post Run actions/checkout@d23441a48e516b6c34aea4fa41551a30e30af803	2026-09-08T08:37:02.1333451Z [command]/usr/bin/git submodule foreach --recursive sh -c "git config --local --name-only --get-regexp 'core\.sshCommand' && git config --local --unset-all 'core.sshCommand' || :"
consumer (ubuntu-24.04-arm, aarch64-linux-gnu)	Post Run actions/checkout@d23441a48e516b6c34aea4fa41551a30e30af803	2026-09-08T08:37:02.1490202Z Removing HTTP extra header
consumer (ubuntu-24.04-arm, aarch64-linux-gnu)	Post Run actions/checkout@d23441a48e516b6c34aea4fa41551a30e30af803	2026-09-08T08:37:02.1495785Z [command]/usr/bin/git config --local --name-only --get-regexp http\.https\:\/\/github\.com\/\.extraheader
consumer (ubuntu-24.04-arm, aarch64-linux-gnu)	Post Run actions/checkout@d23441a48e516b6c34aea4fa41551a30e30af803	2026-09-08T08:37:02.1523475Z [command]/usr/bin/git submodule foreach --recursive sh -c "git config --local --name-only --get-regexp 'http\.https\:\/\/github\.com\/\.extraheader' && git config --local --unset-all 'http.https://github.com/.extraheader' || :"
consumer (ubuntu-24.04-arm, aarch64-linux-gnu)	Post Run actions/checkout@d23441a48e516b6c34aea4fa41551a30e30af803	2026-09-08T08:37:02.1714977Z Removing includeIf entries pointing to credentials config files
consumer (ubuntu-24.04-arm, aarch64-linux-gnu)	Post Run actions/checkout@d23441a48e516b6c34aea4fa41551a30e30af803	2026-09-08T08:37:02.1715958Z [command]/usr/bin/git config --local --name-only --get-regexp ^includeIf\.gitdir:
consumer (ubuntu-24.04-arm, aarch64-linux-gnu)	Post Run actions/checkout@d23441a48e516b6c34aea4fa41551a30e30af803	2026-09-08T08:37:02.1738064Z [command]/usr/bin/git submodule foreach --recursive git config --local --show-origin --name-only --get-regexp remote.origin.url
consumer (ubuntu-24.04-arm, aarch64-linux-gnu)	Complete job	﻿2026-09-08T08:37:02.2057509Z Cleaning up orphan processes
