consumer (ubuntu-24.04-arm, aarch64-linux-gnu)	Set up job	﻿2026-09-08T15:37:41.0119674Z Current runner version: '2.337.0'
consumer (ubuntu-24.04-arm, aarch64-linux-gnu)	Set up job	2026-09-08T15:37:41.0148828Z ##[group]Runner Image Provisioner
consumer (ubuntu-24.04-arm, aarch64-linux-gnu)	Set up job	2026-09-08T15:37:41.0149780Z Hosted Compute Agent
consumer (ubuntu-24.04-arm, aarch64-linux-gnu)	Set up job	2026-09-08T15:37:41.0150392Z Version: 20260828.587
consumer (ubuntu-24.04-arm, aarch64-linux-gnu)	Set up job	2026-09-08T15:37:41.0151203Z Commit: abac92662cab4cc7352de4f9f9d2e2419aad9c29
consumer (ubuntu-24.04-arm, aarch64-linux-gnu)	Set up job	2026-09-08T15:37:41.0152260Z Build Date: 2026-08-28T16:44:25Z
consumer (ubuntu-24.04-arm, aarch64-linux-gnu)	Set up job	2026-09-08T15:37:41.0153063Z Worker ID: {0b02a7dc-85cd-4ed7-8991-478e74d0c2ed}
consumer (ubuntu-24.04-arm, aarch64-linux-gnu)	Set up job	2026-09-08T15:37:41.0153852Z Azure Region: centralus
consumer (ubuntu-24.04-arm, aarch64-linux-gnu)	Set up job	2026-09-08T15:37:41.0154473Z ##[endgroup]
consumer (ubuntu-24.04-arm, aarch64-linux-gnu)	Set up job	2026-09-08T15:37:41.0156865Z ##[group]Operating System
consumer (ubuntu-24.04-arm, aarch64-linux-gnu)	Set up job	2026-09-08T15:37:41.0157543Z Ubuntu
consumer (ubuntu-24.04-arm, aarch64-linux-gnu)	Set up job	2026-09-08T15:37:41.0158195Z 24.04.4
consumer (ubuntu-24.04-arm, aarch64-linux-gnu)	Set up job	2026-09-08T15:37:41.0158722Z LTS
consumer (ubuntu-24.04-arm, aarch64-linux-gnu)	Set up job	2026-09-08T15:37:41.0159244Z ##[endgroup]
consumer (ubuntu-24.04-arm, aarch64-linux-gnu)	Set up job	2026-09-08T15:37:41.0159911Z ##[group]Runner Image
consumer (ubuntu-24.04-arm, aarch64-linux-gnu)	Set up job	2026-09-08T15:37:41.0160540Z Image: ubuntu-24.04-arm
consumer (ubuntu-24.04-arm, aarch64-linux-gnu)	Set up job	2026-09-08T15:37:41.0161197Z Version: 20260831.111.1
consumer (ubuntu-24.04-arm, aarch64-linux-gnu)	Set up job	2026-09-08T15:37:41.0162799Z Included Software: https://github.com/actions/runner-images/blob/ubuntu24-arm64/20260831.111/images/ubuntu/Ubuntu2404-Arm64-Readme.md
consumer (ubuntu-24.04-arm, aarch64-linux-gnu)	Set up job	2026-09-08T15:37:41.0164811Z Image Release: https://github.com/actions/runner-images/releases/tag/ubuntu24-arm64%2F20260831.111
consumer (ubuntu-24.04-arm, aarch64-linux-gnu)	Set up job	2026-09-08T15:37:41.0165802Z ##[endgroup]
consumer (ubuntu-24.04-arm, aarch64-linux-gnu)	Set up job	2026-09-08T15:37:41.0167124Z ##[group]GITHUB_TOKEN Permissions
consumer (ubuntu-24.04-arm, aarch64-linux-gnu)	Set up job	2026-09-08T15:37:41.0170060Z Actions: read
consumer (ubuntu-24.04-arm, aarch64-linux-gnu)	Set up job	2026-09-08T15:37:41.0171210Z Contents: read
consumer (ubuntu-24.04-arm, aarch64-linux-gnu)	Set up job	2026-09-08T15:37:41.0172094Z Metadata: read
consumer (ubuntu-24.04-arm, aarch64-linux-gnu)	Set up job	2026-09-08T15:37:41.0172655Z ##[endgroup]
consumer (ubuntu-24.04-arm, aarch64-linux-gnu)	Set up job	2026-09-08T15:37:41.0175441Z Secret source: Actions
consumer (ubuntu-24.04-arm, aarch64-linux-gnu)	Set up job	2026-09-08T15:37:41.0176858Z Prepare workflow directory
consumer (ubuntu-24.04-arm, aarch64-linux-gnu)	Set up job	2026-09-08T15:37:41.0573710Z Prepare all required actions
consumer (ubuntu-24.04-arm, aarch64-linux-gnu)	Set up job	2026-09-08T15:37:41.0628176Z Getting action download info
consumer (ubuntu-24.04-arm, aarch64-linux-gnu)	Set up job	2026-09-08T15:37:41.3555349Z Download action repository 'actions/checkout@d23441a48e516b6c34aea4fa41551a30e30af803' (SHA:d23441a48e516b6c34aea4fa41551a30e30af803)
consumer (ubuntu-24.04-arm, aarch64-linux-gnu)	Set up job	2026-09-08T15:37:41.5245435Z Download action repository 'actions/setup-python@ece7cb06caefa5fff74198d8649806c4678c61a1' (SHA:ece7cb06caefa5fff74198d8649806c4678c61a1)
consumer (ubuntu-24.04-arm, aarch64-linux-gnu)	Set up job	2026-09-08T15:37:41.6862593Z Download action repository 'erlef/setup-beam@54075bcc5e249e4758d363f27d099f55d843f124' (SHA:54075bcc5e249e4758d363f27d099f55d843f124)
consumer (ubuntu-24.04-arm, aarch64-linux-gnu)	Set up job	2026-09-08T15:37:42.2381917Z Complete job name: consumer (ubuntu-24.04-arm, aarch64-linux-gnu)
consumer (ubuntu-24.04-arm, aarch64-linux-gnu)	Run actions/checkout@d23441a48e516b6c34aea4fa41551a30e30af803	﻿2026-09-08T15:37:42.3221793Z ##[group]Run actions/checkout@d23441a48e516b6c34aea4fa41551a30e30af803
consumer (ubuntu-24.04-arm, aarch64-linux-gnu)	Run actions/checkout@d23441a48e516b6c34aea4fa41551a30e30af803	2026-09-08T15:37:42.3223333Z with:
consumer (ubuntu-24.04-arm, aarch64-linux-gnu)	Run actions/checkout@d23441a48e516b6c34aea4fa41551a30e30af803	2026-09-08T15:37:42.3224080Z   persist-credentials: false
consumer (ubuntu-24.04-arm, aarch64-linux-gnu)	Run actions/checkout@d23441a48e516b6c34aea4fa41551a30e30af803	2026-09-08T15:37:42.3224730Z   repository: catethos/Aphid
consumer (ubuntu-24.04-arm, aarch64-linux-gnu)	Run actions/checkout@d23441a48e516b6c34aea4fa41551a30e30af803	2026-09-08T15:37:42.3228525Z   token: ***
consumer (ubuntu-24.04-arm, aarch64-linux-gnu)	Run actions/checkout@d23441a48e516b6c34aea4fa41551a30e30af803	2026-09-08T15:37:42.3229122Z   ssh-strict: true
consumer (ubuntu-24.04-arm, aarch64-linux-gnu)	Run actions/checkout@d23441a48e516b6c34aea4fa41551a30e30af803	2026-09-08T15:37:42.3229653Z   ssh-user: git
consumer (ubuntu-24.04-arm, aarch64-linux-gnu)	Run actions/checkout@d23441a48e516b6c34aea4fa41551a30e30af803	2026-09-08T15:37:42.3230249Z   clean: true
consumer (ubuntu-24.04-arm, aarch64-linux-gnu)	Run actions/checkout@d23441a48e516b6c34aea4fa41551a30e30af803	2026-09-08T15:37:42.3230801Z   sparse-checkout-cone-mode: true
consumer (ubuntu-24.04-arm, aarch64-linux-gnu)	Run actions/checkout@d23441a48e516b6c34aea4fa41551a30e30af803	2026-09-08T15:37:42.3231619Z   fetch-depth: 1
consumer (ubuntu-24.04-arm, aarch64-linux-gnu)	Run actions/checkout@d23441a48e516b6c34aea4fa41551a30e30af803	2026-09-08T15:37:42.3232286Z   fetch-tags: false
consumer (ubuntu-24.04-arm, aarch64-linux-gnu)	Run actions/checkout@d23441a48e516b6c34aea4fa41551a30e30af803	2026-09-08T15:37:42.3232862Z   show-progress: true
consumer (ubuntu-24.04-arm, aarch64-linux-gnu)	Run actions/checkout@d23441a48e516b6c34aea4fa41551a30e30af803	2026-09-08T15:37:42.3233446Z   lfs: false
consumer (ubuntu-24.04-arm, aarch64-linux-gnu)	Run actions/checkout@d23441a48e516b6c34aea4fa41551a30e30af803	2026-09-08T15:37:42.3233956Z   submodules: false
consumer (ubuntu-24.04-arm, aarch64-linux-gnu)	Run actions/checkout@d23441a48e516b6c34aea4fa41551a30e30af803	2026-09-08T15:37:42.3234592Z   set-safe-directory: true
consumer (ubuntu-24.04-arm, aarch64-linux-gnu)	Run actions/checkout@d23441a48e516b6c34aea4fa41551a30e30af803	2026-09-08T15:37:42.3235324Z   allow-unsafe-pr-checkout: false
consumer (ubuntu-24.04-arm, aarch64-linux-gnu)	Run actions/checkout@d23441a48e516b6c34aea4fa41551a30e30af803	2026-09-08T15:37:42.3236501Z ##[endgroup]
consumer (ubuntu-24.04-arm, aarch64-linux-gnu)	Run actions/checkout@d23441a48e516b6c34aea4fa41551a30e30af803	2026-09-08T15:37:42.4096728Z Syncing repository: catethos/Aphid
consumer (ubuntu-24.04-arm, aarch64-linux-gnu)	Run actions/checkout@d23441a48e516b6c34aea4fa41551a30e30af803	2026-09-08T15:37:42.4099592Z ##[group]Getting Git version info
consumer (ubuntu-24.04-arm, aarch64-linux-gnu)	Run actions/checkout@d23441a48e516b6c34aea4fa41551a30e30af803	2026-09-08T15:37:42.4100655Z Working directory is '/home/runner/work/Aphid/Aphid'
consumer (ubuntu-24.04-arm, aarch64-linux-gnu)	Run actions/checkout@d23441a48e516b6c34aea4fa41551a30e30af803	2026-09-08T15:37:42.4102325Z [command]/usr/bin/git version
consumer (ubuntu-24.04-arm, aarch64-linux-gnu)	Run actions/checkout@d23441a48e516b6c34aea4fa41551a30e30af803	2026-09-08T15:37:42.4125796Z git version 2.55.0
consumer (ubuntu-24.04-arm, aarch64-linux-gnu)	Run actions/checkout@d23441a48e516b6c34aea4fa41551a30e30af803	2026-09-08T15:37:42.4144687Z ##[endgroup]
consumer (ubuntu-24.04-arm, aarch64-linux-gnu)	Run actions/checkout@d23441a48e516b6c34aea4fa41551a30e30af803	2026-09-08T15:37:42.4151126Z Temporarily overriding HOME='/home/runner/work/_temp/e83824ae-a63b-4741-9d19-179bc92bc80c' before making global git config changes
consumer (ubuntu-24.04-arm, aarch64-linux-gnu)	Run actions/checkout@d23441a48e516b6c34aea4fa41551a30e30af803	2026-09-08T15:37:42.4152901Z Adding repository directory to the temporary git global config as a safe directory
consumer (ubuntu-24.04-arm, aarch64-linux-gnu)	Run actions/checkout@d23441a48e516b6c34aea4fa41551a30e30af803	2026-09-08T15:37:42.4155900Z [command]/usr/bin/git config --global --add safe.directory /home/runner/work/Aphid/Aphid
consumer (ubuntu-24.04-arm, aarch64-linux-gnu)	Run actions/checkout@d23441a48e516b6c34aea4fa41551a30e30af803	2026-09-08T15:37:42.4232990Z Deleting the contents of '/home/runner/work/Aphid/Aphid'
consumer (ubuntu-24.04-arm, aarch64-linux-gnu)	Run actions/checkout@d23441a48e516b6c34aea4fa41551a30e30af803	2026-09-08T15:37:42.4234696Z ##[group]Determining repository object format
consumer (ubuntu-24.04-arm, aarch64-linux-gnu)	Run actions/checkout@d23441a48e516b6c34aea4fa41551a30e30af803	2026-09-08T15:37:42.4236164Z ##[endgroup]
consumer (ubuntu-24.04-arm, aarch64-linux-gnu)	Run actions/checkout@d23441a48e516b6c34aea4fa41551a30e30af803	2026-09-08T15:37:42.4237795Z ##[group]Initializing the repository
consumer (ubuntu-24.04-arm, aarch64-linux-gnu)	Run actions/checkout@d23441a48e516b6c34aea4fa41551a30e30af803	2026-09-08T15:37:42.4238900Z [command]/usr/bin/git init /home/runner/work/Aphid/Aphid
consumer (ubuntu-24.04-arm, aarch64-linux-gnu)	Run actions/checkout@d23441a48e516b6c34aea4fa41551a30e30af803	2026-09-08T15:37:42.4262500Z hint: Using 'master' as the name for the initial branch. This default branch name
consumer (ubuntu-24.04-arm, aarch64-linux-gnu)	Run actions/checkout@d23441a48e516b6c34aea4fa41551a30e30af803	2026-09-08T15:37:42.4263731Z hint: will change to "main" in Git 3.0. To configure the initial branch name
consumer (ubuntu-24.04-arm, aarch64-linux-gnu)	Run actions/checkout@d23441a48e516b6c34aea4fa41551a30e30af803	2026-09-08T15:37:42.4265194Z hint: to use in all of your new repositories, which will suppress this warning,
consumer (ubuntu-24.04-arm, aarch64-linux-gnu)	Run actions/checkout@d23441a48e516b6c34aea4fa41551a30e30af803	2026-09-08T15:37:42.4266013Z hint: call:
consumer (ubuntu-24.04-arm, aarch64-linux-gnu)	Run actions/checkout@d23441a48e516b6c34aea4fa41551a30e30af803	2026-09-08T15:37:42.4266651Z hint:
consumer (ubuntu-24.04-arm, aarch64-linux-gnu)	Run actions/checkout@d23441a48e516b6c34aea4fa41551a30e30af803	2026-09-08T15:37:42.4267317Z hint: 	git config --global init.defaultBranch <name>
consumer (ubuntu-24.04-arm, aarch64-linux-gnu)	Run actions/checkout@d23441a48e516b6c34aea4fa41551a30e30af803	2026-09-08T15:37:42.4267998Z hint:
consumer (ubuntu-24.04-arm, aarch64-linux-gnu)	Run actions/checkout@d23441a48e516b6c34aea4fa41551a30e30af803	2026-09-08T15:37:42.4268770Z hint: Names commonly chosen instead of 'master' are 'main', 'trunk' and
consumer (ubuntu-24.04-arm, aarch64-linux-gnu)	Run actions/checkout@d23441a48e516b6c34aea4fa41551a30e30af803	2026-09-08T15:37:42.4269783Z hint: 'development'. The just-created branch can be renamed via this command:
consumer (ubuntu-24.04-arm, aarch64-linux-gnu)	Run actions/checkout@d23441a48e516b6c34aea4fa41551a30e30af803	2026-09-08T15:37:42.4270722Z hint:
consumer (ubuntu-24.04-arm, aarch64-linux-gnu)	Run actions/checkout@d23441a48e516b6c34aea4fa41551a30e30af803	2026-09-08T15:37:42.4271222Z hint: 	git branch -m <name>
consumer (ubuntu-24.04-arm, aarch64-linux-gnu)	Run actions/checkout@d23441a48e516b6c34aea4fa41551a30e30af803	2026-09-08T15:37:42.4272037Z hint:
consumer (ubuntu-24.04-arm, aarch64-linux-gnu)	Run actions/checkout@d23441a48e516b6c34aea4fa41551a30e30af803	2026-09-08T15:37:42.4272913Z hint: Disable this message with "git config set advice.defaultBranchName false"
consumer (ubuntu-24.04-arm, aarch64-linux-gnu)	Run actions/checkout@d23441a48e516b6c34aea4fa41551a30e30af803	2026-09-08T15:37:42.4273996Z Initialized empty Git repository in /home/runner/work/Aphid/Aphid/.git/
consumer (ubuntu-24.04-arm, aarch64-linux-gnu)	Run actions/checkout@d23441a48e516b6c34aea4fa41551a30e30af803	2026-09-08T15:37:42.4275986Z [command]/usr/bin/git remote add origin https://github.com/catethos/Aphid
consumer (ubuntu-24.04-arm, aarch64-linux-gnu)	Run actions/checkout@d23441a48e516b6c34aea4fa41551a30e30af803	2026-09-08T15:37:42.4304391Z ##[endgroup]
consumer (ubuntu-24.04-arm, aarch64-linux-gnu)	Run actions/checkout@d23441a48e516b6c34aea4fa41551a30e30af803	2026-09-08T15:37:42.4305492Z ##[group]Disabling automatic garbage collection
consumer (ubuntu-24.04-arm, aarch64-linux-gnu)	Run actions/checkout@d23441a48e516b6c34aea4fa41551a30e30af803	2026-09-08T15:37:42.4307259Z [command]/usr/bin/git config --local gc.auto 0
consumer (ubuntu-24.04-arm, aarch64-linux-gnu)	Run actions/checkout@d23441a48e516b6c34aea4fa41551a30e30af803	2026-09-08T15:37:42.4333790Z ##[endgroup]
consumer (ubuntu-24.04-arm, aarch64-linux-gnu)	Run actions/checkout@d23441a48e516b6c34aea4fa41551a30e30af803	2026-09-08T15:37:42.4334702Z ##[group]Setting up auth
consumer (ubuntu-24.04-arm, aarch64-linux-gnu)	Run actions/checkout@d23441a48e516b6c34aea4fa41551a30e30af803	2026-09-08T15:37:42.4335405Z Removing SSH command configuration
consumer (ubuntu-24.04-arm, aarch64-linux-gnu)	Run actions/checkout@d23441a48e516b6c34aea4fa41551a30e30af803	2026-09-08T15:37:42.4340603Z [command]/usr/bin/git config --local --name-only --get-regexp core\.sshCommand
consumer (ubuntu-24.04-arm, aarch64-linux-gnu)	Run actions/checkout@d23441a48e516b6c34aea4fa41551a30e30af803	2026-09-08T15:37:42.4367626Z [command]/usr/bin/git submodule foreach --recursive sh -c "git config --local --name-only --get-regexp 'core\.sshCommand' && git config --local --unset-all 'core.sshCommand' || :"
consumer (ubuntu-24.04-arm, aarch64-linux-gnu)	Run actions/checkout@d23441a48e516b6c34aea4fa41551a30e30af803	2026-09-08T15:37:42.4615327Z Removing HTTP extra header
consumer (ubuntu-24.04-arm, aarch64-linux-gnu)	Run actions/checkout@d23441a48e516b6c34aea4fa41551a30e30af803	2026-09-08T15:37:42.4620710Z [command]/usr/bin/git config --local --name-only --get-regexp http\.https\:\/\/github\.com\/\.extraheader
consumer (ubuntu-24.04-arm, aarch64-linux-gnu)	Run actions/checkout@d23441a48e516b6c34aea4fa41551a30e30af803	2026-09-08T15:37:42.4653145Z [command]/usr/bin/git submodule foreach --recursive sh -c "git config --local --name-only --get-regexp 'http\.https\:\/\/github\.com\/\.extraheader' && git config --local --unset-all 'http.https://github.com/.extraheader' || :"
consumer (ubuntu-24.04-arm, aarch64-linux-gnu)	Run actions/checkout@d23441a48e516b6c34aea4fa41551a30e30af803	2026-09-08T15:37:42.4833313Z Removing includeIf entries pointing to credentials config files
consumer (ubuntu-24.04-arm, aarch64-linux-gnu)	Run actions/checkout@d23441a48e516b6c34aea4fa41551a30e30af803	2026-09-08T15:37:42.4838942Z [command]/usr/bin/git config --local --name-only --get-regexp ^includeIf\.gitdir:
consumer (ubuntu-24.04-arm, aarch64-linux-gnu)	Run actions/checkout@d23441a48e516b6c34aea4fa41551a30e30af803	2026-09-08T15:37:42.4869878Z [command]/usr/bin/git submodule foreach --recursive git config --local --show-origin --name-only --get-regexp remote.origin.url
consumer (ubuntu-24.04-arm, aarch64-linux-gnu)	Run actions/checkout@d23441a48e516b6c34aea4fa41551a30e30af803	2026-09-08T15:37:42.5054112Z [command]/usr/bin/git config --file /home/runner/work/_temp/git-credentials-933c109b-d777-411f-afd8-f14c8b7a814d.config http.https://github.com/.extraheader AUTHORIZATION: basic ***
consumer (ubuntu-24.04-arm, aarch64-linux-gnu)	Run actions/checkout@d23441a48e516b6c34aea4fa41551a30e30af803	2026-09-08T15:37:42.5089873Z [command]/usr/bin/git config --local includeIf.gitdir:/home/runner/work/Aphid/Aphid/.git.path /home/runner/work/_temp/git-credentials-933c109b-d777-411f-afd8-f14c8b7a814d.config
consumer (ubuntu-24.04-arm, aarch64-linux-gnu)	Run actions/checkout@d23441a48e516b6c34aea4fa41551a30e30af803	2026-09-08T15:37:42.5117632Z [command]/usr/bin/git config --local includeIf.gitdir:/home/runner/work/Aphid/Aphid/.git/worktrees/*.path /home/runner/work/_temp/git-credentials-933c109b-d777-411f-afd8-f14c8b7a814d.config
consumer (ubuntu-24.04-arm, aarch64-linux-gnu)	Run actions/checkout@d23441a48e516b6c34aea4fa41551a30e30af803	2026-09-08T15:37:42.5146108Z [command]/usr/bin/git config --local includeIf.gitdir:/github/workspace/.git.path /github/runner_temp/git-credentials-933c109b-d777-411f-afd8-f14c8b7a814d.config
consumer (ubuntu-24.04-arm, aarch64-linux-gnu)	Run actions/checkout@d23441a48e516b6c34aea4fa41551a30e30af803	2026-09-08T15:37:42.5175669Z [command]/usr/bin/git config --local includeIf.gitdir:/github/workspace/.git/worktrees/*.path /github/runner_temp/git-credentials-933c109b-d777-411f-afd8-f14c8b7a814d.config
consumer (ubuntu-24.04-arm, aarch64-linux-gnu)	Run actions/checkout@d23441a48e516b6c34aea4fa41551a30e30af803	2026-09-08T15:37:42.5201215Z ##[endgroup]
consumer (ubuntu-24.04-arm, aarch64-linux-gnu)	Run actions/checkout@d23441a48e516b6c34aea4fa41551a30e30af803	2026-09-08T15:37:42.5202687Z ##[group]Fetching the repository
consumer (ubuntu-24.04-arm, aarch64-linux-gnu)	Run actions/checkout@d23441a48e516b6c34aea4fa41551a30e30af803	2026-09-08T15:37:42.5209462Z [command]/usr/bin/git -c protocol.version=2 fetch --no-tags --prune --no-recurse-submodules --depth=1 origin +6eec31bf5209bfdb4fb29531389eaabd083cae96:refs/remotes/origin/main
consumer (ubuntu-24.04-arm, aarch64-linux-gnu)	Run actions/checkout@d23441a48e516b6c34aea4fa41551a30e30af803	2026-09-08T15:37:44.0866791Z From https://github.com/catethos/Aphid
consumer (ubuntu-24.04-arm, aarch64-linux-gnu)	Run actions/checkout@d23441a48e516b6c34aea4fa41551a30e30af803	2026-09-08T15:37:44.0868623Z  * [new ref]         6eec31bf5209bfdb4fb29531389eaabd083cae96 -> origin/main
consumer (ubuntu-24.04-arm, aarch64-linux-gnu)	Run actions/checkout@d23441a48e516b6c34aea4fa41551a30e30af803	2026-09-08T15:37:44.0875771Z [command]/usr/bin/git branch --list --remote origin/main
consumer (ubuntu-24.04-arm, aarch64-linux-gnu)	Run actions/checkout@d23441a48e516b6c34aea4fa41551a30e30af803	2026-09-08T15:37:44.0906439Z   origin/main
consumer (ubuntu-24.04-arm, aarch64-linux-gnu)	Run actions/checkout@d23441a48e516b6c34aea4fa41551a30e30af803	2026-09-08T15:37:44.0914123Z [command]/usr/bin/git rev-parse refs/remotes/origin/main
consumer (ubuntu-24.04-arm, aarch64-linux-gnu)	Run actions/checkout@d23441a48e516b6c34aea4fa41551a30e30af803	2026-09-08T15:37:44.0935815Z 6eec31bf5209bfdb4fb29531389eaabd083cae96
consumer (ubuntu-24.04-arm, aarch64-linux-gnu)	Run actions/checkout@d23441a48e516b6c34aea4fa41551a30e30af803	2026-09-08T15:37:44.0939653Z ##[endgroup]
consumer (ubuntu-24.04-arm, aarch64-linux-gnu)	Run actions/checkout@d23441a48e516b6c34aea4fa41551a30e30af803	2026-09-08T15:37:44.0941092Z ##[group]Determining the checkout info
consumer (ubuntu-24.04-arm, aarch64-linux-gnu)	Run actions/checkout@d23441a48e516b6c34aea4fa41551a30e30af803	2026-09-08T15:37:44.0942836Z ##[endgroup]
consumer (ubuntu-24.04-arm, aarch64-linux-gnu)	Run actions/checkout@d23441a48e516b6c34aea4fa41551a30e30af803	2026-09-08T15:37:44.0944352Z [command]/usr/bin/git sparse-checkout disable
consumer (ubuntu-24.04-arm, aarch64-linux-gnu)	Run actions/checkout@d23441a48e516b6c34aea4fa41551a30e30af803	2026-09-08T15:37:44.0984361Z [command]/usr/bin/git config --local --unset-all extensions.worktreeConfig
consumer (ubuntu-24.04-arm, aarch64-linux-gnu)	Run actions/checkout@d23441a48e516b6c34aea4fa41551a30e30af803	2026-09-08T15:37:44.1012743Z ##[group]Checking out the ref
consumer (ubuntu-24.04-arm, aarch64-linux-gnu)	Run actions/checkout@d23441a48e516b6c34aea4fa41551a30e30af803	2026-09-08T15:37:44.1015004Z [command]/usr/bin/git checkout --progress --force -B main refs/remotes/origin/main
consumer (ubuntu-24.04-arm, aarch64-linux-gnu)	Run actions/checkout@d23441a48e516b6c34aea4fa41551a30e30af803	2026-09-08T15:37:44.2475331Z Switched to a new branch 'main'
consumer (ubuntu-24.04-arm, aarch64-linux-gnu)	Run actions/checkout@d23441a48e516b6c34aea4fa41551a30e30af803	2026-09-08T15:37:44.2476812Z branch 'main' set up to track 'origin/main'.
consumer (ubuntu-24.04-arm, aarch64-linux-gnu)	Run actions/checkout@d23441a48e516b6c34aea4fa41551a30e30af803	2026-09-08T15:37:44.2494624Z ##[endgroup]
consumer (ubuntu-24.04-arm, aarch64-linux-gnu)	Run actions/checkout@d23441a48e516b6c34aea4fa41551a30e30af803	2026-09-08T15:37:44.2530540Z [command]/usr/bin/git log -1 --format=%H
consumer (ubuntu-24.04-arm, aarch64-linux-gnu)	Run actions/checkout@d23441a48e516b6c34aea4fa41551a30e30af803	2026-09-08T15:37:44.2566640Z 6eec31bf5209bfdb4fb29531389eaabd083cae96
consumer (ubuntu-24.04-arm, aarch64-linux-gnu)	Run actions/checkout@d23441a48e516b6c34aea4fa41551a30e30af803	2026-09-08T15:37:44.2575941Z ##[group]Removing auth
consumer (ubuntu-24.04-arm, aarch64-linux-gnu)	Run actions/checkout@d23441a48e516b6c34aea4fa41551a30e30af803	2026-09-08T15:37:44.2576945Z Removing SSH command configuration
consumer (ubuntu-24.04-arm, aarch64-linux-gnu)	Run actions/checkout@d23441a48e516b6c34aea4fa41551a30e30af803	2026-09-08T15:37:44.2578436Z [command]/usr/bin/git config --local --name-only --get-regexp core\.sshCommand
consumer (ubuntu-24.04-arm, aarch64-linux-gnu)	Run actions/checkout@d23441a48e516b6c34aea4fa41551a30e30af803	2026-09-08T15:37:44.2595951Z [command]/usr/bin/git submodule foreach --recursive sh -c "git config --local --name-only --get-regexp 'core\.sshCommand' && git config --local --unset-all 'core.sshCommand' || :"
consumer (ubuntu-24.04-arm, aarch64-linux-gnu)	Run actions/checkout@d23441a48e516b6c34aea4fa41551a30e30af803	2026-09-08T15:37:44.2778645Z Removing HTTP extra header
consumer (ubuntu-24.04-arm, aarch64-linux-gnu)	Run actions/checkout@d23441a48e516b6c34aea4fa41551a30e30af803	2026-09-08T15:37:44.2780604Z [command]/usr/bin/git config --local --name-only --get-regexp http\.https\:\/\/github\.com\/\.extraheader
consumer (ubuntu-24.04-arm, aarch64-linux-gnu)	Run actions/checkout@d23441a48e516b6c34aea4fa41551a30e30af803	2026-09-08T15:37:44.2809201Z [command]/usr/bin/git submodule foreach --recursive sh -c "git config --local --name-only --get-regexp 'http\.https\:\/\/github\.com\/\.extraheader' && git config --local --unset-all 'http.https://github.com/.extraheader' || :"
consumer (ubuntu-24.04-arm, aarch64-linux-gnu)	Run actions/checkout@d23441a48e516b6c34aea4fa41551a30e30af803	2026-09-08T15:37:44.2997282Z Removing includeIf entries pointing to credentials config files
consumer (ubuntu-24.04-arm, aarch64-linux-gnu)	Run actions/checkout@d23441a48e516b6c34aea4fa41551a30e30af803	2026-09-08T15:37:44.2999813Z [command]/usr/bin/git config --local --name-only --get-regexp ^includeIf\.gitdir:
consumer (ubuntu-24.04-arm, aarch64-linux-gnu)	Run actions/checkout@d23441a48e516b6c34aea4fa41551a30e30af803	2026-09-08T15:37:44.3020779Z includeif.gitdir:/home/runner/work/Aphid/Aphid/.git.path
consumer (ubuntu-24.04-arm, aarch64-linux-gnu)	Run actions/checkout@d23441a48e516b6c34aea4fa41551a30e30af803	2026-09-08T15:37:44.3022121Z includeif.gitdir:/home/runner/work/Aphid/Aphid/.git/worktrees/*.path
consumer (ubuntu-24.04-arm, aarch64-linux-gnu)	Run actions/checkout@d23441a48e516b6c34aea4fa41551a30e30af803	2026-09-08T15:37:44.3023029Z includeif.gitdir:/github/workspace/.git.path
consumer (ubuntu-24.04-arm, aarch64-linux-gnu)	Run actions/checkout@d23441a48e516b6c34aea4fa41551a30e30af803	2026-09-08T15:37:44.3023758Z includeif.gitdir:/github/workspace/.git/worktrees/*.path
consumer (ubuntu-24.04-arm, aarch64-linux-gnu)	Run actions/checkout@d23441a48e516b6c34aea4fa41551a30e30af803	2026-09-08T15:37:44.3036351Z [command]/usr/bin/git config --local --get-all includeif.gitdir:/home/runner/work/Aphid/Aphid/.git.path
consumer (ubuntu-24.04-arm, aarch64-linux-gnu)	Run actions/checkout@d23441a48e516b6c34aea4fa41551a30e30af803	2026-09-08T15:37:44.3050289Z /home/runner/work/_temp/git-credentials-933c109b-d777-411f-afd8-f14c8b7a814d.config
consumer (ubuntu-24.04-arm, aarch64-linux-gnu)	Run actions/checkout@d23441a48e516b6c34aea4fa41551a30e30af803	2026-09-08T15:37:44.3066266Z [command]/usr/bin/git config --local --unset includeif.gitdir:/home/runner/work/Aphid/Aphid/.git.path /home/runner/work/_temp/git-credentials-933c109b-d777-411f-afd8-f14c8b7a814d.config
consumer (ubuntu-24.04-arm, aarch64-linux-gnu)	Run actions/checkout@d23441a48e516b6c34aea4fa41551a30e30af803	2026-09-08T15:37:44.3088631Z [command]/usr/bin/git config --local --get-all includeif.gitdir:/home/runner/work/Aphid/Aphid/.git/worktrees/*.path
consumer (ubuntu-24.04-arm, aarch64-linux-gnu)	Run actions/checkout@d23441a48e516b6c34aea4fa41551a30e30af803	2026-09-08T15:37:44.3111543Z /home/runner/work/_temp/git-credentials-933c109b-d777-411f-afd8-f14c8b7a814d.config
consumer (ubuntu-24.04-arm, aarch64-linux-gnu)	Run actions/checkout@d23441a48e516b6c34aea4fa41551a30e30af803	2026-09-08T15:37:44.3123689Z [command]/usr/bin/git config --local --unset includeif.gitdir:/home/runner/work/Aphid/Aphid/.git/worktrees/*.path /home/runner/work/_temp/git-credentials-933c109b-d777-411f-afd8-f14c8b7a814d.config
consumer (ubuntu-24.04-arm, aarch64-linux-gnu)	Run actions/checkout@d23441a48e516b6c34aea4fa41551a30e30af803	2026-09-08T15:37:44.3147203Z [command]/usr/bin/git config --local --get-all includeif.gitdir:/github/workspace/.git.path
consumer (ubuntu-24.04-arm, aarch64-linux-gnu)	Run actions/checkout@d23441a48e516b6c34aea4fa41551a30e30af803	2026-09-08T15:37:44.3172995Z /github/runner_temp/git-credentials-933c109b-d777-411f-afd8-f14c8b7a814d.config
consumer (ubuntu-24.04-arm, aarch64-linux-gnu)	Run actions/checkout@d23441a48e516b6c34aea4fa41551a30e30af803	2026-09-08T15:37:44.3175036Z [command]/usr/bin/git config --local --unset includeif.gitdir:/github/workspace/.git.path /github/runner_temp/git-credentials-933c109b-d777-411f-afd8-f14c8b7a814d.config
consumer (ubuntu-24.04-arm, aarch64-linux-gnu)	Run actions/checkout@d23441a48e516b6c34aea4fa41551a30e30af803	2026-09-08T15:37:44.3204689Z [command]/usr/bin/git config --local --get-all includeif.gitdir:/github/workspace/.git/worktrees/*.path
consumer (ubuntu-24.04-arm, aarch64-linux-gnu)	Run actions/checkout@d23441a48e516b6c34aea4fa41551a30e30af803	2026-09-08T15:37:44.3226143Z /github/runner_temp/git-credentials-933c109b-d777-411f-afd8-f14c8b7a814d.config
consumer (ubuntu-24.04-arm, aarch64-linux-gnu)	Run actions/checkout@d23441a48e516b6c34aea4fa41551a30e30af803	2026-09-08T15:37:44.3231698Z [command]/usr/bin/git config --local --unset includeif.gitdir:/github/workspace/.git/worktrees/*.path /github/runner_temp/git-credentials-933c109b-d777-411f-afd8-f14c8b7a814d.config
consumer (ubuntu-24.04-arm, aarch64-linux-gnu)	Run actions/checkout@d23441a48e516b6c34aea4fa41551a30e30af803	2026-09-08T15:37:44.3261840Z [command]/usr/bin/git submodule foreach --recursive git config --local --show-origin --name-only --get-regexp remote.origin.url
consumer (ubuntu-24.04-arm, aarch64-linux-gnu)	Run actions/checkout@d23441a48e516b6c34aea4fa41551a30e30af803	2026-09-08T15:37:44.3462398Z Removing credentials config '/home/runner/work/_temp/git-credentials-933c109b-d777-411f-afd8-f14c8b7a814d.config'
consumer (ubuntu-24.04-arm, aarch64-linux-gnu)	Run actions/checkout@d23441a48e516b6c34aea4fa41551a30e30af803	2026-09-08T15:37:44.3464030Z ##[endgroup]
consumer (ubuntu-24.04-arm, aarch64-linux-gnu)	Run actions/setup-python@ece7cb06caefa5fff74198d8649806c4678c61a1	﻿2026-09-08T15:37:44.3725959Z ##[group]Run actions/setup-python@ece7cb06caefa5fff74198d8649806c4678c61a1
consumer (ubuntu-24.04-arm, aarch64-linux-gnu)	Run actions/setup-python@ece7cb06caefa5fff74198d8649806c4678c61a1	2026-09-08T15:37:44.3726761Z with:
consumer (ubuntu-24.04-arm, aarch64-linux-gnu)	Run actions/setup-python@ece7cb06caefa5fff74198d8649806c4678c61a1	2026-09-08T15:37:44.3727060Z   python-version: 3.14
consumer (ubuntu-24.04-arm, aarch64-linux-gnu)	Run actions/setup-python@ece7cb06caefa5fff74198d8649806c4678c61a1	2026-09-08T15:37:44.3727514Z   check-latest: false
consumer (ubuntu-24.04-arm, aarch64-linux-gnu)	Run actions/setup-python@ece7cb06caefa5fff74198d8649806c4678c61a1	2026-09-08T15:37:44.3730275Z   token: ***
consumer (ubuntu-24.04-arm, aarch64-linux-gnu)	Run actions/setup-python@ece7cb06caefa5fff74198d8649806c4678c61a1	2026-09-08T15:37:44.3730628Z   update-environment: true
consumer (ubuntu-24.04-arm, aarch64-linux-gnu)	Run actions/setup-python@ece7cb06caefa5fff74198d8649806c4678c61a1	2026-09-08T15:37:44.3731114Z   allow-prereleases: false
consumer (ubuntu-24.04-arm, aarch64-linux-gnu)	Run actions/setup-python@ece7cb06caefa5fff74198d8649806c4678c61a1	2026-09-08T15:37:44.3731725Z   freethreaded: false
consumer (ubuntu-24.04-arm, aarch64-linux-gnu)	Run actions/setup-python@ece7cb06caefa5fff74198d8649806c4678c61a1	2026-09-08T15:37:44.3732121Z ##[endgroup]
consumer (ubuntu-24.04-arm, aarch64-linux-gnu)	Run actions/setup-python@ece7cb06caefa5fff74198d8649806c4678c61a1	2026-09-08T15:37:44.4825494Z ##[group]Installed versions
consumer (ubuntu-24.04-arm, aarch64-linux-gnu)	Run actions/setup-python@ece7cb06caefa5fff74198d8649806c4678c61a1	2026-09-08T15:37:44.5257367Z Successfully set up CPython (3.14.7)
consumer (ubuntu-24.04-arm, aarch64-linux-gnu)	Run actions/setup-python@ece7cb06caefa5fff74198d8649806c4678c61a1	2026-09-08T15:37:44.5258679Z ##[endgroup]
consumer (ubuntu-24.04-arm, aarch64-linux-gnu)	Run erlef/setup-beam@54075bcc5e249e4758d363f27d099f55d843f124	﻿2026-09-08T15:37:44.5414778Z ##[group]Run erlef/setup-beam@54075bcc5e249e4758d363f27d099f55d843f124
consumer (ubuntu-24.04-arm, aarch64-linux-gnu)	Run erlef/setup-beam@54075bcc5e249e4758d363f27d099f55d843f124	2026-09-08T15:37:44.5415370Z with:
consumer (ubuntu-24.04-arm, aarch64-linux-gnu)	Run erlef/setup-beam@54075bcc5e249e4758d363f27d099f55d843f124	2026-09-08T15:37:44.5415753Z   otp-version: 29.0.4
consumer (ubuntu-24.04-arm, aarch64-linux-gnu)	Run erlef/setup-beam@54075bcc5e249e4758d363f27d099f55d843f124	2026-09-08T15:37:44.5416074Z   elixir-version: 1.20.0
consumer (ubuntu-24.04-arm, aarch64-linux-gnu)	Run erlef/setup-beam@54075bcc5e249e4758d363f27d099f55d843f124	2026-09-08T15:37:44.5419228Z   github-token: ***
consumer (ubuntu-24.04-arm, aarch64-linux-gnu)	Run erlef/setup-beam@54075bcc5e249e4758d363f27d099f55d843f124	2026-09-08T15:37:44.5419588Z   otp-architecture: 64
consumer (ubuntu-24.04-arm, aarch64-linux-gnu)	Run erlef/setup-beam@54075bcc5e249e4758d363f27d099f55d843f124	2026-09-08T15:37:44.5419903Z   install-hex: true
consumer (ubuntu-24.04-arm, aarch64-linux-gnu)	Run erlef/setup-beam@54075bcc5e249e4758d363f27d099f55d843f124	2026-09-08T15:37:44.5420265Z   install-rebar: true
consumer (ubuntu-24.04-arm, aarch64-linux-gnu)	Run erlef/setup-beam@54075bcc5e249e4758d363f27d099f55d843f124	2026-09-08T15:37:44.5420584Z   version-type: loose
consumer (ubuntu-24.04-arm, aarch64-linux-gnu)	Run erlef/setup-beam@54075bcc5e249e4758d363f27d099f55d843f124	2026-09-08T15:37:44.5420980Z   disable_problem_matchers: false
consumer (ubuntu-24.04-arm, aarch64-linux-gnu)	Run erlef/setup-beam@54075bcc5e249e4758d363f27d099f55d843f124	2026-09-08T15:37:44.5421784Z   hexpm-mirrors: https://builds.hex.pm
consumer (ubuntu-24.04-arm, aarch64-linux-gnu)	Run erlef/setup-beam@54075bcc5e249e4758d363f27d099f55d843f124	
consumer (ubuntu-24.04-arm, aarch64-linux-gnu)	Run erlef/setup-beam@54075bcc5e249e4758d363f27d099f55d843f124	2026-09-08T15:37:44.5422188Z env:
consumer (ubuntu-24.04-arm, aarch64-linux-gnu)	Run erlef/setup-beam@54075bcc5e249e4758d363f27d099f55d843f124	2026-09-08T15:37:44.5422634Z   pythonLocation: /opt/hostedtoolcache/Python/3.14.7/arm64
consumer (ubuntu-24.04-arm, aarch64-linux-gnu)	Run erlef/setup-beam@54075bcc5e249e4758d363f27d099f55d843f124	2026-09-08T15:37:44.5423172Z   PKG_CONFIG_PATH: /opt/hostedtoolcache/Python/3.14.7/arm64/lib/pkgconfig
consumer (ubuntu-24.04-arm, aarch64-linux-gnu)	Run erlef/setup-beam@54075bcc5e249e4758d363f27d099f55d843f124	2026-09-08T15:37:44.5423715Z   Python_ROOT_DIR: /opt/hostedtoolcache/Python/3.14.7/arm64
consumer (ubuntu-24.04-arm, aarch64-linux-gnu)	Run erlef/setup-beam@54075bcc5e249e4758d363f27d099f55d843f124	2026-09-08T15:37:44.5424259Z   Python2_ROOT_DIR: /opt/hostedtoolcache/Python/3.14.7/arm64
consumer (ubuntu-24.04-arm, aarch64-linux-gnu)	Run erlef/setup-beam@54075bcc5e249e4758d363f27d099f55d843f124	2026-09-08T15:37:44.5424859Z   Python3_ROOT_DIR: /opt/hostedtoolcache/Python/3.14.7/arm64
consumer (ubuntu-24.04-arm, aarch64-linux-gnu)	Run erlef/setup-beam@54075bcc5e249e4758d363f27d099f55d843f124	2026-09-08T15:37:44.5425392Z   LD_LIBRARY_PATH: /opt/hostedtoolcache/Python/3.14.7/arm64/lib
consumer (ubuntu-24.04-arm, aarch64-linux-gnu)	Run erlef/setup-beam@54075bcc5e249e4758d363f27d099f55d843f124	2026-09-08T15:37:44.5425815Z ##[endgroup]
consumer (ubuntu-24.04-arm, aarch64-linux-gnu)	Run erlef/setup-beam@54075bcc5e249e4758d363f27d099f55d843f124	2026-09-08T15:37:44.7274096Z ##[group]Installing Erlang/OTP OTP-29.0.4 - built on arm64/ubuntu-24.04
consumer (ubuntu-24.04-arm, aarch64-linux-gnu)	Run erlef/setup-beam@54075bcc5e249e4758d363f27d099f55d843f124	2026-09-08T15:37:45.2349080Z [command]/usr/bin/tar zx --strip-components=1 --warning=no-unknown-keyword --overwrite -C /home/runner/work/_temp/0844d7dd-dcd1-445a-a474-af7181e0a389 -f /home/runner/work/_temp/904bd921-1ed3-41b7-8506-35f3e8c5fdf3
consumer (ubuntu-24.04-arm, aarch64-linux-gnu)	Run erlef/setup-beam@54075bcc5e249e4758d363f27d099f55d843f124	2026-09-08T15:37:47.3934773Z [command]/home/runner/work/_temp/.setup-beam/otp/Install -minimal /home/runner/work/_temp/.setup-beam/otp
consumer (ubuntu-24.04-arm, aarch64-linux-gnu)	Run erlef/setup-beam@54075bcc5e249e4758d363f27d099f55d843f124	2026-09-08T15:37:47.4194000Z Installed Erlang/OTP version
consumer (ubuntu-24.04-arm, aarch64-linux-gnu)	Run erlef/setup-beam@54075bcc5e249e4758d363f27d099f55d843f124	2026-09-08T15:37:47.4204493Z [command]/home/runner/work/_temp/.setup-beam/otp/bin/erl -version
consumer (ubuntu-24.04-arm, aarch64-linux-gnu)	Run erlef/setup-beam@54075bcc5e249e4758d363f27d099f55d843f124	2026-09-08T15:37:47.4296219Z Erlang (SMP,ASYNC_THREADS) (BEAM) emulator version 17.0.4
consumer (ubuntu-24.04-arm, aarch64-linux-gnu)	Run erlef/setup-beam@54075bcc5e249e4758d363f27d099f55d843f124	2026-09-08T15:37:47.4325688Z ##[endgroup]
consumer (ubuntu-24.04-arm, aarch64-linux-gnu)	Run erlef/setup-beam@54075bcc5e249e4758d363f27d099f55d843f124	2026-09-08T15:37:47.4332511Z [command]/home/runner/work/_temp/.setup-beam/otp/bin/erl -noshell -eval io:format(erlang:system_info(otp_release)), halt().
consumer (ubuntu-24.04-arm, aarch64-linux-gnu)	Run erlef/setup-beam@54075bcc5e249e4758d363f27d099f55d843f124	2026-09-08T15:37:47.6139465Z 29::debug::Was not able to coerce latest with semver
consumer (ubuntu-24.04-arm, aarch64-linux-gnu)	Run erlef/setup-beam@54075bcc5e249e4758d363f27d099f55d843f124	2026-09-08T15:37:47.6153812Z Using Elixir 1.20.0 (built for Erlang/OTP 29)
consumer (ubuntu-24.04-arm, aarch64-linux-gnu)	Run erlef/setup-beam@54075bcc5e249e4758d363f27d099f55d843f124	2026-09-08T15:37:47.6155016Z ##[group]Installing Elixir v1.20.0-otp-29
consumer (ubuntu-24.04-arm, aarch64-linux-gnu)	Run erlef/setup-beam@54075bcc5e249e4758d363f27d099f55d843f124	2026-09-08T15:37:47.8599955Z [command]/usr/bin/unzip -o -q /home/runner/work/_temp/454bdb1f-f56b-4526-b24f-5e45bbe0bc05
consumer (ubuntu-24.04-arm, aarch64-linux-gnu)	Run erlef/setup-beam@54075bcc5e249e4758d363f27d099f55d843f124	2026-09-08T15:37:48.1905954Z Installed Elixir version
consumer (ubuntu-24.04-arm, aarch64-linux-gnu)	Run erlef/setup-beam@54075bcc5e249e4758d363f27d099f55d843f124	2026-09-08T15:37:48.1923373Z [command]/home/runner/work/_temp/.setup-beam/elixir/bin/elixir -v
consumer (ubuntu-24.04-arm, aarch64-linux-gnu)	Run erlef/setup-beam@54075bcc5e249e4758d363f27d099f55d843f124	2026-09-08T15:37:48.3748968Z Erlang/OTP 29 [erts-17.0.4] [source] [64-bit] [smp:4:4] [ds:4:4:10] [async-threads:1] [jit]
consumer (ubuntu-24.04-arm, aarch64-linux-gnu)	Run erlef/setup-beam@54075bcc5e249e4758d363f27d099f55d843f124	2026-09-08T15:37:48.3749674Z 
consumer (ubuntu-24.04-arm, aarch64-linux-gnu)	Run erlef/setup-beam@54075bcc5e249e4758d363f27d099f55d843f124	2026-09-08T15:37:48.3799044Z Elixir 1.20.0 (compiled with Erlang/OTP 29)
consumer (ubuntu-24.04-arm, aarch64-linux-gnu)	Run erlef/setup-beam@54075bcc5e249e4758d363f27d099f55d843f124	2026-09-08T15:37:48.3865354Z ##[endgroup]
consumer (ubuntu-24.04-arm, aarch64-linux-gnu)	Run erlef/setup-beam@54075bcc5e249e4758d363f27d099f55d843f124	2026-09-08T15:37:48.3866087Z ##[group]Running mix local.rebar,--force
consumer (ubuntu-24.04-arm, aarch64-linux-gnu)	Run erlef/setup-beam@54075bcc5e249e4758d363f27d099f55d843f124	2026-09-08T15:37:48.3885155Z [command]/home/runner/work/_temp/.setup-beam/elixir/bin/mix local.rebar --force
consumer (ubuntu-24.04-arm, aarch64-linux-gnu)	Run erlef/setup-beam@54075bcc5e249e4758d363f27d099f55d843f124	2026-09-08T15:37:49.1627837Z * creating /home/runner/.mix/elixir/1-20-otp-29/rebar3
consumer (ubuntu-24.04-arm, aarch64-linux-gnu)	Run erlef/setup-beam@54075bcc5e249e4758d363f27d099f55d843f124	2026-09-08T15:37:49.1681285Z ##[endgroup]
consumer (ubuntu-24.04-arm, aarch64-linux-gnu)	Run erlef/setup-beam@54075bcc5e249e4758d363f27d099f55d843f124	2026-09-08T15:37:49.1681978Z ##[group]Running mix local.hex,--force
consumer (ubuntu-24.04-arm, aarch64-linux-gnu)	Run erlef/setup-beam@54075bcc5e249e4758d363f27d099f55d843f124	2026-09-08T15:37:49.1698350Z [command]/home/runner/work/_temp/.setup-beam/elixir/bin/mix local.hex --force
consumer (ubuntu-24.04-arm, aarch64-linux-gnu)	Run erlef/setup-beam@54075bcc5e249e4758d363f27d099f55d843f124	2026-09-08T15:37:50.0148613Z * creating /home/runner/.mix/archives/hex-2.5.1
consumer (ubuntu-24.04-arm, aarch64-linux-gnu)	Run erlef/setup-beam@54075bcc5e249e4758d363f27d099f55d843f124	2026-09-08T15:37:50.0216026Z ##[endgroup]
consumer (ubuntu-24.04-arm, aarch64-linux-gnu)	Install consumer proof prerequisites	﻿2026-09-08T15:37:50.0360894Z ##[group]Run sudo apt-get update
consumer (ubuntu-24.04-arm, aarch64-linux-gnu)	Install consumer proof prerequisites	2026-09-08T15:37:50.0361895Z ^[[36;1msudo apt-get update^[[0m
consumer (ubuntu-24.04-arm, aarch64-linux-gnu)	Install consumer proof prerequisites	2026-09-08T15:37:50.0362308Z ^[[36;1msudo apt-get install --yes bubblewrap binutils^[[0m
consumer (ubuntu-24.04-arm, aarch64-linux-gnu)	Install consumer proof prerequisites	2026-09-08T15:37:50.0362736Z ^[[36;1mmix local.hex --force^[[0m
consumer (ubuntu-24.04-arm, aarch64-linux-gnu)	Install consumer proof prerequisites	2026-09-08T15:37:50.0459341Z shell: /usr/bin/bash -e {0}
consumer (ubuntu-24.04-arm, aarch64-linux-gnu)	Install consumer proof prerequisites	2026-09-08T15:37:50.0459747Z env:
consumer (ubuntu-24.04-arm, aarch64-linux-gnu)	Install consumer proof prerequisites	2026-09-08T15:37:50.0460077Z   pythonLocation: /opt/hostedtoolcache/Python/3.14.7/arm64
consumer (ubuntu-24.04-arm, aarch64-linux-gnu)	Install consumer proof prerequisites	2026-09-08T15:37:50.0460601Z   PKG_CONFIG_PATH: /opt/hostedtoolcache/Python/3.14.7/arm64/lib/pkgconfig
consumer (ubuntu-24.04-arm, aarch64-linux-gnu)	Install consumer proof prerequisites	2026-09-08T15:37:50.0461056Z   Python_ROOT_DIR: /opt/hostedtoolcache/Python/3.14.7/arm64
consumer (ubuntu-24.04-arm, aarch64-linux-gnu)	Install consumer proof prerequisites	2026-09-08T15:37:50.0461798Z   Python2_ROOT_DIR: /opt/hostedtoolcache/Python/3.14.7/arm64
consumer (ubuntu-24.04-arm, aarch64-linux-gnu)	Install consumer proof prerequisites	2026-09-08T15:37:50.0462324Z   Python3_ROOT_DIR: /opt/hostedtoolcache/Python/3.14.7/arm64
consumer (ubuntu-24.04-arm, aarch64-linux-gnu)	Install consumer proof prerequisites	2026-09-08T15:37:50.0462762Z   LD_LIBRARY_PATH: /opt/hostedtoolcache/Python/3.14.7/arm64/lib
consumer (ubuntu-24.04-arm, aarch64-linux-gnu)	Install consumer proof prerequisites	2026-09-08T15:37:50.0463230Z   INSTALL_DIR_FOR_OTP: /home/runner/work/_temp/.setup-beam/otp
consumer (ubuntu-24.04-arm, aarch64-linux-gnu)	Install consumer proof prerequisites	2026-09-08T15:37:50.0463674Z   INSTALL_DIR_FOR_ELIXIR: /home/runner/work/_temp/.setup-beam/elixir
consumer (ubuntu-24.04-arm, aarch64-linux-gnu)	Install consumer proof prerequisites	2026-09-08T15:37:50.0464213Z ##[endgroup]
consumer (ubuntu-24.04-arm, aarch64-linux-gnu)	Install consumer proof prerequisites	2026-09-08T15:37:50.1853778Z Get:1 https://packages.microsoft.com/ubuntu/24.04/prod noble InRelease [3600 B]
consumer (ubuntu-24.04-arm, aarch64-linux-gnu)	Install consumer proof prerequisites	2026-09-08T15:37:50.2986046Z Get:2 https://packages.microsoft.com/ubuntu/24.04/prod noble/main arm64 Packages [394 kB]
consumer (ubuntu-24.04-arm, aarch64-linux-gnu)	Install consumer proof prerequisites	2026-09-08T15:37:50.3136505Z Get:3 https://packages.microsoft.com/ubuntu/24.04/prod noble/main amd64 Packages [441 kB]
consumer (ubuntu-24.04-arm, aarch64-linux-gnu)	Install consumer proof prerequisites	2026-09-08T15:37:50.3416392Z Hit:4 http://ports.ubuntu.com/ubuntu-ports noble InRelease
consumer (ubuntu-24.04-arm, aarch64-linux-gnu)	Install consumer proof prerequisites	2026-09-08T15:37:50.3808333Z Get:5 http://ports.ubuntu.com/ubuntu-ports noble-updates InRelease [126 kB]
consumer (ubuntu-24.04-arm, aarch64-linux-gnu)	Install consumer proof prerequisites	2026-09-08T15:37:50.5515327Z Get:6 http://ports.ubuntu.com/ubuntu-ports noble-backports InRelease [126 kB]
consumer (ubuntu-24.04-arm, aarch64-linux-gnu)	Install consumer proof prerequisites	2026-09-08T15:37:50.6320144Z Get:7 http://ports.ubuntu.com/ubuntu-ports noble-security InRelease [126 kB]
consumer (ubuntu-24.04-arm, aarch64-linux-gnu)	Install consumer proof prerequisites	2026-09-08T15:37:50.6933582Z Get:8 http://ports.ubuntu.com/ubuntu-ports noble-updates/main arm64 Packages [1318 kB]
consumer (ubuntu-24.04-arm, aarch64-linux-gnu)	Install consumer proof prerequisites	2026-09-08T15:37:50.8669224Z Get:9 http://ports.ubuntu.com/ubuntu-ports noble-updates/main Translation-en [292 kB]
consumer (ubuntu-24.04-arm, aarch64-linux-gnu)	Install consumer proof prerequisites	2026-09-08T15:37:50.9134811Z Get:10 http://ports.ubuntu.com/ubuntu-ports noble-updates/main arm64 Components [178 kB]
consumer (ubuntu-24.04-arm, aarch64-linux-gnu)	Install consumer proof prerequisites	2026-09-08T15:37:50.9564738Z Get:11 http://ports.ubuntu.com/ubuntu-ports noble-updates/universe arm64 Packages [1731 kB]
consumer (ubuntu-24.04-arm, aarch64-linux-gnu)	Install consumer proof prerequisites	2026-09-08T15:37:51.0732399Z Get:12 http://ports.ubuntu.com/ubuntu-ports noble-updates/universe Translation-en [339 kB]
consumer (ubuntu-24.04-arm, aarch64-linux-gnu)	Install consumer proof prerequisites	2026-09-08T15:37:51.1168341Z Get:13 http://ports.ubuntu.com/ubuntu-ports noble-updates/universe arm64 Components [387 kB]
consumer (ubuntu-24.04-arm, aarch64-linux-gnu)	Install consumer proof prerequisites	2026-09-08T15:37:51.1617623Z Get:14 http://ports.ubuntu.com/ubuntu-ports noble-updates/restricted arm64 Packages [2320 kB]
consumer (ubuntu-24.04-arm, aarch64-linux-gnu)	Install consumer proof prerequisites	2026-09-08T15:37:51.2496388Z Get:15 http://ports.ubuntu.com/ubuntu-ports noble-updates/restricted Translation-en [352 kB]
consumer (ubuntu-24.04-arm, aarch64-linux-gnu)	Install consumer proof prerequisites	2026-09-08T15:37:51.2912271Z Get:16 http://ports.ubuntu.com/ubuntu-ports noble-backports/main arm64 Components [3576 B]
consumer (ubuntu-24.04-arm, aarch64-linux-gnu)	Install consumer proof prerequisites	2026-09-08T15:37:51.3306233Z Get:17 http://ports.ubuntu.com/ubuntu-ports noble-backports/universe arm64 Components [12.6 kB]
consumer (ubuntu-24.04-arm, aarch64-linux-gnu)	Install consumer proof prerequisites	2026-09-08T15:37:51.4497465Z Get:18 http://ports.ubuntu.com/ubuntu-ports noble-security/main arm64 Packages [1065 kB]
consumer (ubuntu-24.04-arm, aarch64-linux-gnu)	Install consumer proof prerequisites	2026-09-08T15:37:51.4969068Z Get:19 http://ports.ubuntu.com/ubuntu-ports noble-security/main Translation-en [212 kB]
consumer (ubuntu-24.04-arm, aarch64-linux-gnu)	Install consumer proof prerequisites	2026-09-08T15:37:51.5372717Z Get:20 http://ports.ubuntu.com/ubuntu-ports noble-security/main arm64 Components [43.3 kB]
consumer (ubuntu-24.04-arm, aarch64-linux-gnu)	Install consumer proof prerequisites	2026-09-08T15:37:51.5769556Z Get:21 http://ports.ubuntu.com/ubuntu-ports noble-security/universe arm64 Packages [1280 kB]
consumer (ubuntu-24.04-arm, aarch64-linux-gnu)	Install consumer proof prerequisites	2026-09-08T15:37:51.6257560Z Get:22 http://ports.ubuntu.com/ubuntu-ports noble-security/universe Translation-en [241 kB]
consumer (ubuntu-24.04-arm, aarch64-linux-gnu)	Install consumer proof prerequisites	2026-09-08T15:37:51.6664511Z Get:23 http://ports.ubuntu.com/ubuntu-ports noble-security/universe arm64 Components [76.2 kB]
consumer (ubuntu-24.04-arm, aarch64-linux-gnu)	Install consumer proof prerequisites	2026-09-08T15:37:51.7064858Z Get:24 http://ports.ubuntu.com/ubuntu-ports noble-security/restricted arm64 Packages [2210 kB]
consumer (ubuntu-24.04-arm, aarch64-linux-gnu)	Install consumer proof prerequisites	2026-09-08T15:37:51.7626698Z Get:25 http://ports.ubuntu.com/ubuntu-ports noble-security/restricted Translation-en [334 kB]
consumer (ubuntu-24.04-arm, aarch64-linux-gnu)	Install consumer proof prerequisites	2026-09-08T15:37:57.8087581Z Fetched 13.6 MB in 2s (7698 kB/s)
consumer (ubuntu-24.04-arm, aarch64-linux-gnu)	Install consumer proof prerequisites	2026-09-08T15:37:58.7231777Z Reading package lists...
consumer (ubuntu-24.04-arm, aarch64-linux-gnu)	Install consumer proof prerequisites	2026-09-08T15:37:58.7530431Z Reading package lists...
consumer (ubuntu-24.04-arm, aarch64-linux-gnu)	Install consumer proof prerequisites	2026-09-08T15:37:58.9904032Z Building dependency tree...
consumer (ubuntu-24.04-arm, aarch64-linux-gnu)	Install consumer proof prerequisites	2026-09-08T15:37:58.9910870Z Reading state information...
consumer (ubuntu-24.04-arm, aarch64-linux-gnu)	Install consumer proof prerequisites	2026-09-08T15:37:59.2536429Z binutils is already the newest version (2.42-4ubuntu2.10).
consumer (ubuntu-24.04-arm, aarch64-linux-gnu)	Install consumer proof prerequisites	2026-09-08T15:37:59.2537213Z The following NEW packages will be installed:
consumer (ubuntu-24.04-arm, aarch64-linux-gnu)	Install consumer proof prerequisites	2026-09-08T15:37:59.2542921Z   bubblewrap
consumer (ubuntu-24.04-arm, aarch64-linux-gnu)	Install consumer proof prerequisites	2026-09-08T15:37:59.5853966Z 0 upgraded, 1 newly installed, 0 to remove and 43 not upgraded.
consumer (ubuntu-24.04-arm, aarch64-linux-gnu)	Install consumer proof prerequisites	2026-09-08T15:37:59.5854522Z Need to get 49.7 kB of archives.
consumer (ubuntu-24.04-arm, aarch64-linux-gnu)	Install consumer proof prerequisites	2026-09-08T15:37:59.5855172Z After this operation, 129 kB of additional disk space will be used.
consumer (ubuntu-24.04-arm, aarch64-linux-gnu)	Install consumer proof prerequisites	2026-09-08T15:37:59.5855834Z Get:1 http://ports.ubuntu.com/ubuntu-ports noble-updates/main arm64 bubblewrap arm64 0.9.0-1ubuntu0.1 [49.7 kB]
consumer (ubuntu-24.04-arm, aarch64-linux-gnu)	Install consumer proof prerequisites	2026-09-08T15:38:00.1751617Z Fetched 49.7 kB in 1s (76.7 kB/s)
consumer (ubuntu-24.04-arm, aarch64-linux-gnu)	Install consumer proof prerequisites	2026-09-08T15:38:00.2131141Z Selecting previously unselected package bubblewrap.
consumer (ubuntu-24.04-arm, aarch64-linux-gnu)	Install consumer proof prerequisites	2026-09-08T15:38:00.2476948Z (Reading database ... 
consumer (ubuntu-24.04-arm, aarch64-linux-gnu)	Install consumer proof prerequisites	2026-09-08T15:38:00.2477662Z (Reading database ... 5%
consumer (ubuntu-24.04-arm, aarch64-linux-gnu)	Install consumer proof prerequisites	2026-09-08T15:38:00.2477971Z (Reading database ... 10%
consumer (ubuntu-24.04-arm, aarch64-linux-gnu)	Install consumer proof prerequisites	2026-09-08T15:38:00.2478309Z (Reading database ... 15%
consumer (ubuntu-24.04-arm, aarch64-linux-gnu)	Install consumer proof prerequisites	2026-09-08T15:38:00.2478646Z (Reading database ... 20%
consumer (ubuntu-24.04-arm, aarch64-linux-gnu)	Install consumer proof prerequisites	2026-09-08T15:38:00.2478909Z (Reading database ... 25%
consumer (ubuntu-24.04-arm, aarch64-linux-gnu)	Install consumer proof prerequisites	2026-09-08T15:38:00.2479227Z (Reading database ... 30%
consumer (ubuntu-24.04-arm, aarch64-linux-gnu)	Install consumer proof prerequisites	2026-09-08T15:38:00.2479497Z (Reading database ... 35%
consumer (ubuntu-24.04-arm, aarch64-linux-gnu)	Install consumer proof prerequisites	2026-09-08T15:38:00.2479849Z (Reading database ... 40%
consumer (ubuntu-24.04-arm, aarch64-linux-gnu)	Install consumer proof prerequisites	2026-09-08T15:38:00.2480158Z (Reading database ... 45%
consumer (ubuntu-24.04-arm, aarch64-linux-gnu)	Install consumer proof prerequisites	2026-09-08T15:38:00.2480425Z (Reading database ... 50%
consumer (ubuntu-24.04-arm, aarch64-linux-gnu)	Install consumer proof prerequisites	2026-09-08T15:38:00.2997483Z (Reading database ... 55%
consumer (ubuntu-24.04-arm, aarch64-linux-gnu)	Install consumer proof prerequisites	2026-09-08T15:38:00.7166083Z (Reading database ... 60%
consumer (ubuntu-24.04-arm, aarch64-linux-gnu)	Install consumer proof prerequisites	2026-09-08T15:38:00.9732417Z (Reading database ... 65%
consumer (ubuntu-24.04-arm, aarch64-linux-gnu)	Install consumer proof prerequisites	2026-09-08T15:38:01.1588716Z (Reading database ... 70%
consumer (ubuntu-24.04-arm, aarch64-linux-gnu)	Install consumer proof prerequisites	2026-09-08T15:38:01.2464313Z (Reading database ... 75%
consumer (ubuntu-24.04-arm, aarch64-linux-gnu)	Install consumer proof prerequisites	2026-09-08T15:38:01.4618398Z (Reading database ... 80%
consumer (ubuntu-24.04-arm, aarch64-linux-gnu)	Install consumer proof prerequisites	2026-09-08T15:38:01.8707855Z (Reading database ... 85%
consumer (ubuntu-24.04-arm, aarch64-linux-gnu)	Install consumer proof prerequisites	2026-09-08T15:38:02.4924709Z (Reading database ... 90%
consumer (ubuntu-24.04-arm, aarch64-linux-gnu)	Install consumer proof prerequisites	2026-09-08T15:38:02.9879474Z (Reading database ... 95%
consumer (ubuntu-24.04-arm, aarch64-linux-gnu)	Install consumer proof prerequisites	2026-09-08T15:38:02.9924175Z (Reading database ... 100%
consumer (ubuntu-24.04-arm, aarch64-linux-gnu)	Install consumer proof prerequisites	2026-09-08T15:38:02.9924971Z (Reading database ... 200999 files and directories currently installed.)
consumer (ubuntu-24.04-arm, aarch64-linux-gnu)	Install consumer proof prerequisites	2026-09-08T15:38:02.9925515Z Preparing to unpack .../bubblewrap_0.9.0-1ubuntu0.1_arm64.deb ...
consumer (ubuntu-24.04-arm, aarch64-linux-gnu)	Install consumer proof prerequisites	2026-09-08T15:38:02.9995334Z Unpacking bubblewrap (0.9.0-1ubuntu0.1) ...
consumer (ubuntu-24.04-arm, aarch64-linux-gnu)	Install consumer proof prerequisites	2026-09-08T15:38:03.0420846Z Setting up bubblewrap (0.9.0-1ubuntu0.1) ...
consumer (ubuntu-24.04-arm, aarch64-linux-gnu)	Install consumer proof prerequisites	2026-09-08T15:38:03.0472009Z Processing triggers for man-db (2.12.0-4build2) ...
consumer (ubuntu-24.04-arm, aarch64-linux-gnu)	Install consumer proof prerequisites	2026-09-08T15:38:03.0538328Z Not building database; man-db/auto-update is not 'true'.
consumer (ubuntu-24.04-arm, aarch64-linux-gnu)	Install consumer proof prerequisites	2026-09-08T15:38:05.6598757Z 
consumer (ubuntu-24.04-arm, aarch64-linux-gnu)	Install consumer proof prerequisites	2026-09-08T15:38:05.6599459Z Running kernel seems to be up-to-date.
consumer (ubuntu-24.04-arm, aarch64-linux-gnu)	Install consumer proof prerequisites	2026-09-08T15:38:05.6599761Z 
consumer (ubuntu-24.04-arm, aarch64-linux-gnu)	Install consumer proof prerequisites	2026-09-08T15:38:05.6599896Z No services need to be restarted.
consumer (ubuntu-24.04-arm, aarch64-linux-gnu)	Install consumer proof prerequisites	2026-09-08T15:38:05.6600359Z 
consumer (ubuntu-24.04-arm, aarch64-linux-gnu)	Install consumer proof prerequisites	2026-09-08T15:38:05.6600511Z No containers need to be restarted.
consumer (ubuntu-24.04-arm, aarch64-linux-gnu)	Install consumer proof prerequisites	2026-09-08T15:38:05.6600716Z 
consumer (ubuntu-24.04-arm, aarch64-linux-gnu)	Install consumer proof prerequisites	2026-09-08T15:38:05.6600929Z No user sessions are running outdated binaries.
consumer (ubuntu-24.04-arm, aarch64-linux-gnu)	Install consumer proof prerequisites	2026-09-08T15:38:05.6601146Z 
consumer (ubuntu-24.04-arm, aarch64-linux-gnu)	Install consumer proof prerequisites	2026-09-08T15:38:05.6601763Z No VM guests are running outdated hypervisor (qemu) binaries on this host.
consumer (ubuntu-24.04-arm, aarch64-linux-gnu)	Install consumer proof prerequisites	2026-09-08T15:38:07.7766205Z * creating /home/runner/.mix/archives/hex-2.5.1
consumer (ubuntu-24.04-arm, aarch64-linux-gnu)	Acquire independently pinned source qualification	﻿2026-09-08T15:38:07.8009357Z ##[group]Run python3 - <<'PY'
consumer (ubuntu-24.04-arm, aarch64-linux-gnu)	Acquire independently pinned source qualification	2026-09-08T15:38:07.8009821Z ^[[36;1mpython3 - <<'PY'^[[0m
consumer (ubuntu-24.04-arm, aarch64-linux-gnu)	Acquire independently pinned source qualification	2026-09-08T15:38:07.8010182Z ^[[36;1mimport json, os, re, subprocess^[[0m
consumer (ubuntu-24.04-arm, aarch64-linux-gnu)	Acquire independently pinned source qualification	2026-09-08T15:38:07.8010486Z ^[[36;1mfrom pathlib import Path^[[0m
consumer (ubuntu-24.04-arm, aarch64-linux-gnu)	Acquire independently pinned source qualification	2026-09-08T15:38:07.8011255Z ^[[36;1msource_run = os.environ['SOURCE_RUN']^[[0m
consumer (ubuntu-24.04-arm, aarch64-linux-gnu)	Acquire independently pinned source qualification	2026-09-08T15:38:07.8011991Z ^[[36;1massert re.fullmatch(r'[0-9]+', source_run), 'Invalid run ID'^[[0m
consumer (ubuntu-24.04-arm, aarch64-linux-gnu)	Acquire independently pinned source qualification	2026-09-08T15:38:07.8012530Z ^[[36;1massert re.fullmatch(r'[0-9a-f]{64}', os.environ['SOURCE_SHA256']), 'Invalid source SHA256'^[[0m
consumer (ubuntu-24.04-arm, aarch64-linux-gnu)	Acquire independently pinned source qualification	2026-09-08T15:38:07.8013306Z ^[[36;1mmetadata = json.loads(subprocess.check_output(['gh', 'api', f'repos/catethos/Aphid/actions/runs/{source_run}'], text=True))^[[0m
consumer (ubuntu-24.04-arm, aarch64-linux-gnu)	Acquire independently pinned source qualification	2026-09-08T15:38:07.8014421Z ^[[36;1massert (metadata['status'], metadata['conclusion'], metadata['event'], metadata['head_branch'], metadata['path']) == ('completed', 'success', 'workflow_dispatch', 'main', '.github/workflows/linux-consumer.yml')^[[0m
consumer (ubuntu-24.04-arm, aarch64-linux-gnu)	Acquire independently pinned source qualification	2026-09-08T15:38:07.8015429Z ^[[36;1mPath(os.environ['RUNNER_TEMP'], 'source-run.json').write_text(json.dumps(metadata, indent=2))^[[0m
consumer (ubuntu-24.04-arm, aarch64-linux-gnu)	Acquire independently pinned source qualification	2026-09-08T15:38:07.8016497Z ^[[36;1msubprocess.run(['gh', 'run', 'download', source_run, '--repo', 'catethos/Aphid', '--name', f'combined-source-{source_run}', '--dir', os.environ['RUNNER_TEMP'] + '/qualified-source'], check=True)^[[0m
consumer (ubuntu-24.04-arm, aarch64-linux-gnu)	Acquire independently pinned source qualification	2026-09-08T15:38:07.8017224Z ^[[36;1mPY^[[0m
consumer (ubuntu-24.04-arm, aarch64-linux-gnu)	Acquire independently pinned source qualification	2026-09-08T15:38:07.8068280Z shell: /usr/bin/bash -e {0}
consumer (ubuntu-24.04-arm, aarch64-linux-gnu)	Acquire independently pinned source qualification	2026-09-08T15:38:07.8068741Z env:
consumer (ubuntu-24.04-arm, aarch64-linux-gnu)	Acquire independently pinned source qualification	2026-09-08T15:38:07.8069032Z   pythonLocation: /opt/hostedtoolcache/Python/3.14.7/arm64
consumer (ubuntu-24.04-arm, aarch64-linux-gnu)	Acquire independently pinned source qualification	2026-09-08T15:38:07.8069550Z   PKG_CONFIG_PATH: /opt/hostedtoolcache/Python/3.14.7/arm64/lib/pkgconfig
consumer (ubuntu-24.04-arm, aarch64-linux-gnu)	Acquire independently pinned source qualification	2026-09-08T15:38:07.8070007Z   Python_ROOT_DIR: /opt/hostedtoolcache/Python/3.14.7/arm64
consumer (ubuntu-24.04-arm, aarch64-linux-gnu)	Acquire independently pinned source qualification	2026-09-08T15:38:07.8070404Z   Python2_ROOT_DIR: /opt/hostedtoolcache/Python/3.14.7/arm64
consumer (ubuntu-24.04-arm, aarch64-linux-gnu)	Acquire independently pinned source qualification	2026-09-08T15:38:07.8070856Z   Python3_ROOT_DIR: /opt/hostedtoolcache/Python/3.14.7/arm64
consumer (ubuntu-24.04-arm, aarch64-linux-gnu)	Acquire independently pinned source qualification	2026-09-08T15:38:07.8071275Z   LD_LIBRARY_PATH: /opt/hostedtoolcache/Python/3.14.7/arm64/lib
consumer (ubuntu-24.04-arm, aarch64-linux-gnu)	Acquire independently pinned source qualification	2026-09-08T15:38:07.8071937Z   INSTALL_DIR_FOR_OTP: /home/runner/work/_temp/.setup-beam/otp
consumer (ubuntu-24.04-arm, aarch64-linux-gnu)	Acquire independently pinned source qualification	2026-09-08T15:38:07.8072404Z   INSTALL_DIR_FOR_ELIXIR: /home/runner/work/_temp/.setup-beam/elixir
consumer (ubuntu-24.04-arm, aarch64-linux-gnu)	Acquire independently pinned source qualification	2026-09-08T15:38:07.8075228Z   GH_TOKEN: ***
consumer (ubuntu-24.04-arm, aarch64-linux-gnu)	Acquire independently pinned source qualification	2026-09-08T15:38:07.8075551Z   SOURCE_RUN: 34242496036
consumer (ubuntu-24.04-arm, aarch64-linux-gnu)	Acquire independently pinned source qualification	2026-09-08T15:38:07.8075953Z   SOURCE_SHA256: 9faa9af3eb1c826446b0bf9473e94632e4fbb9fcb6bfc9d85bae1a90862f2448
consumer (ubuntu-24.04-arm, aarch64-linux-gnu)	Acquire independently pinned source qualification	2026-09-08T15:38:07.8076422Z ##[endgroup]
consumer (ubuntu-24.04-arm, aarch64-linux-gnu)	Prove anonymous package-default installation and offline runtime	﻿2026-09-08T15:38:11.4882010Z ##[group]Run set -o pipefail
consumer (ubuntu-24.04-arm, aarch64-linux-gnu)	Prove anonymous package-default installation and offline runtime	2026-09-08T15:38:11.4882569Z ^[[36;1mset -o pipefail^[[0m
consumer (ubuntu-24.04-arm, aarch64-linux-gnu)	Prove anonymous package-default installation and offline runtime	2026-09-08T15:38:11.4882933Z ^[[36;1mpython3 -u - <<'PY' 2>&1 | tee "$RUNNER_TEMP/public-consumer.log"^[[0m
consumer (ubuntu-24.04-arm, aarch64-linux-gnu)	Prove anonymous package-default installation and offline runtime	2026-09-08T15:38:11.4883345Z ^[[36;1mimport hashlib, json, os, subprocess, sys^[[0m
consumer (ubuntu-24.04-arm, aarch64-linux-gnu)	Prove anonymous package-default installation and offline runtime	2026-09-08T15:38:11.4883742Z ^[[36;1mfrom pathlib import Path^[[0m
consumer (ubuntu-24.04-arm, aarch64-linux-gnu)	Prove anonymous package-default installation and offline runtime	2026-09-08T15:38:11.4884042Z ^[[36;1mroot = Path(os.environ['RUNNER_TEMP'])^[[0m
consumer (ubuntu-24.04-arm, aarch64-linux-gnu)	Prove anonymous package-default installation and offline runtime	2026-09-08T15:38:11.4884543Z ^[[36;1mpackages = list((root / 'qualified-source').rglob('aphid-0.1.1-dev-combined.tar'))^[[0m
consumer (ubuntu-24.04-arm, aarch64-linux-gnu)	Prove anonymous package-default installation and offline runtime	2026-09-08T15:38:11.4885112Z ^[[36;1massert len(packages) == 1, 'Expected one exact qualified package'^[[0m
consumer (ubuntu-24.04-arm, aarch64-linux-gnu)	Prove anonymous package-default installation and offline runtime	2026-09-08T15:38:11.4885503Z ^[[36;1mpackage = packages[0]^[[0m
consumer (ubuntu-24.04-arm, aarch64-linux-gnu)	Prove anonymous package-default installation and offline runtime	2026-09-08T15:38:11.4886067Z ^[[36;1massert hashlib.sha256(package.read_bytes()).hexdigest() == os.environ['SOURCE_SHA256'], 'Source pin mismatch'^[[0m
consumer (ubuntu-24.04-arm, aarch64-linux-gnu)	Prove anonymous package-default installation and offline runtime	2026-09-08T15:38:11.4886773Z ^[[36;1mpin = json.loads(Path('native/linux-bundles.json').read_text())[os.environ['APHID_TARGET']]^[[0m
consumer (ubuntu-24.04-arm, aarch64-linux-gnu)	Prove anonymous package-default installation and offline runtime	2026-09-08T15:38:11.4887497Z ^[[36;1murl = 'https://github.com/catethos/Aphid/releases/download/v' + pin['package_version'] + '/' + pin['archive']^[[0m
consumer (ubuntu-24.04-arm, aarch64-linux-gnu)	Prove anonymous package-default installation and offline runtime	2026-09-08T15:38:11.4888165Z ^[[36;1marchive = root / pin['archive']^[[0m
consumer (ubuntu-24.04-arm, aarch64-linux-gnu)	Prove anonymous package-default installation and offline runtime	2026-09-08T15:38:11.4888873Z ^[[36;1msubprocess.run(['curl', '--fail', '--location', '--proto', '=https', '--proto-redir', '=https', '--max-time', '300', '--output', str(archive), url], check=True)^[[0m
consumer (ubuntu-24.04-arm, aarch64-linux-gnu)	Prove anonymous package-default installation and offline runtime	2026-09-08T15:38:11.4890675Z ^[[36;1msubprocess.run([sys.executable, '-u', 'scripts/precompiled_consumer.py', '--archive', str(archive), '--sha256', pin['sha256'], '--package', str(package), '--package-sha256', os.environ['SOURCE_SHA256'], '--destination', str(root / 'public-consumer'), '--hex-dependencies', '--package-default', '--hide-build', str(root / 'qualified-source')] + (['--hex-registry'] if os.environ['HEX_REGISTRY'] == 'true' else []), check=True)^[[0m
consumer (ubuntu-24.04-arm, aarch64-linux-gnu)	Prove anonymous package-default installation and offline runtime	2026-09-08T15:38:11.4892640Z ^[[36;1mPY^[[0m
consumer (ubuntu-24.04-arm, aarch64-linux-gnu)	Prove anonymous package-default installation and offline runtime	2026-09-08T15:38:11.4928513Z shell: /usr/bin/bash -e {0}
consumer (ubuntu-24.04-arm, aarch64-linux-gnu)	Prove anonymous package-default installation and offline runtime	2026-09-08T15:38:11.4928964Z env:
consumer (ubuntu-24.04-arm, aarch64-linux-gnu)	Prove anonymous package-default installation and offline runtime	2026-09-08T15:38:11.4929254Z   pythonLocation: /opt/hostedtoolcache/Python/3.14.7/arm64
consumer (ubuntu-24.04-arm, aarch64-linux-gnu)	Prove anonymous package-default installation and offline runtime	2026-09-08T15:38:11.4929762Z   PKG_CONFIG_PATH: /opt/hostedtoolcache/Python/3.14.7/arm64/lib/pkgconfig
consumer (ubuntu-24.04-arm, aarch64-linux-gnu)	Prove anonymous package-default installation and offline runtime	2026-09-08T15:38:11.4930358Z   Python_ROOT_DIR: /opt/hostedtoolcache/Python/3.14.7/arm64
consumer (ubuntu-24.04-arm, aarch64-linux-gnu)	Prove anonymous package-default installation and offline runtime	2026-09-08T15:38:11.4930774Z   Python2_ROOT_DIR: /opt/hostedtoolcache/Python/3.14.7/arm64
consumer (ubuntu-24.04-arm, aarch64-linux-gnu)	Prove anonymous package-default installation and offline runtime	2026-09-08T15:38:11.4931212Z   Python3_ROOT_DIR: /opt/hostedtoolcache/Python/3.14.7/arm64
consumer (ubuntu-24.04-arm, aarch64-linux-gnu)	Prove anonymous package-default installation and offline runtime	2026-09-08T15:38:11.4931895Z   LD_LIBRARY_PATH: /opt/hostedtoolcache/Python/3.14.7/arm64/lib
consumer (ubuntu-24.04-arm, aarch64-linux-gnu)	Prove anonymous package-default installation and offline runtime	2026-09-08T15:38:11.4932385Z   INSTALL_DIR_FOR_OTP: /home/runner/work/_temp/.setup-beam/otp
consumer (ubuntu-24.04-arm, aarch64-linux-gnu)	Prove anonymous package-default installation and offline runtime	2026-09-08T15:38:11.4932852Z   INSTALL_DIR_FOR_ELIXIR: /home/runner/work/_temp/.setup-beam/elixir
consumer (ubuntu-24.04-arm, aarch64-linux-gnu)	Prove anonymous package-default installation and offline runtime	2026-09-08T15:38:11.4933228Z   APHID_TARGET: aarch64-linux-gnu
consumer (ubuntu-24.04-arm, aarch64-linux-gnu)	Prove anonymous package-default installation and offline runtime	2026-09-08T15:38:11.4933659Z   SOURCE_SHA256: 9faa9af3eb1c826446b0bf9473e94632e4fbb9fcb6bfc9d85bae1a90862f2448
consumer (ubuntu-24.04-arm, aarch64-linux-gnu)	Prove anonymous package-default installation and offline runtime	2026-09-08T15:38:11.4934077Z   HEX_REGISTRY: true
consumer (ubuntu-24.04-arm, aarch64-linux-gnu)	Prove anonymous package-default installation and offline runtime	2026-09-08T15:38:11.4934291Z ##[endgroup]
consumer (ubuntu-24.04-arm, aarch64-linux-gnu)	Prove anonymous package-default installation and offline runtime	2026-09-08T15:38:11.5523878Z   % Total    % Received % Xferd  Average Speed   Time    Time     Time  Current
consumer (ubuntu-24.04-arm, aarch64-linux-gnu)	Prove anonymous package-default installation and offline runtime	2026-09-08T15:38:11.5524722Z                                  Dload  Upload   Total   Spent    Left  Speed
consumer (ubuntu-24.04-arm, aarch64-linux-gnu)	Prove anonymous package-default installation and offline runtime	2026-09-08T15:38:11.5525008Z 
consumer (ubuntu-24.04-arm, aarch64-linux-gnu)	Prove anonymous package-default installation and offline runtime	2026-09-08T15:38:11.7920554Z   0     0    0     0    0     0      0      0 --:--:-- --:--:-- --:--:--     0
consumer (ubuntu-24.04-arm, aarch64-linux-gnu)	Prove anonymous package-default installation and offline runtime	2026-09-08T15:38:11.7921140Z   0     0    0     0    0     0      0      0 --:--:-- --:--:-- --:--:--     0
consumer (ubuntu-24.04-arm, aarch64-linux-gnu)	Prove anonymous package-default installation and offline runtime	2026-09-08T15:38:12.1275916Z 
consumer (ubuntu-24.04-arm, aarch64-linux-gnu)	Prove anonymous package-default installation and offline runtime	2026-09-08T15:38:12.1276824Z 100 44.1M  100 44.1M    0     0  76.6M      0 --:--:-- --:--:-- --:--:-- 76.6M
consumer (ubuntu-24.04-arm, aarch64-linux-gnu)	Prove anonymous package-default installation and offline runtime	2026-09-08T15:38:13.3474989Z using exact local Hex source package: 9faa9af3eb1c826446b0bf9473e94632e4fbb9fcb6bfc9d85bae1a90862f2448
consumer (ubuntu-24.04-arm, aarch64-linux-gnu)	Prove anonymous package-default installation and offline runtime	2026-09-08T15:38:13.3849698Z fresh caches; pinned source dependencies: [{"name": "earmark_parser", "version": "1.4.46", "sha256": "9c44636e8a1c68c62f526b2dcd85d941dbbcee7ab82cf64ba06ce28bef8e89f5"}, {"name": "ex_doc", "version": "0.39.1", "sha256": "8abf0ed3e3ca87c0847dfc4168ceab5bedfe881692f1b7c45f4a11b232806865"}, {"name": "makeup", "version": "1.2.2", "sha256": "9a1a24e5b343b8ae16abea0822c10a6f75da27af7fa802ada5251f7579bfccfa"}, {"name": "makeup_elixir", "version": "1.0.1", "sha256": "7284900d412a3e5cfd97fdaed4f5ed389b8f2b4cb49efc0eb3bd10e2febf9507"}, {"name": "makeup_erlang", "version": "1.1.0", "sha256": "1cd6780fb1dd1a03979abaed0fe82712b0625118fd5257d3ebbf73f960c73c3c"}, {"name": "nimble_parsec", "version": "1.4.2", "sha256": "4b21398942dda052b403bbe1da991ccd03a053668d147d53fb8c4e0efe09c973"}, {"name": "pegasus", "version": "0.2.6", "sha256": "0ac159f0ccab7967cf90208327cc8a35788874814c8d78e19d47104d3fc049b9"}, {"name": "protoss", "version": "1.1.0", "sha256": "c2f874383dd047fcfdf467b814dd33a208a4d24a467aef90d86185b41a0752ad"}, {"name": "telemetry", "version": "1.4.2", "sha256": "928f6495066506077862c0d1646609eed891a4326bee3126ba54b60af61febb1"}, {"name": "zig_doc", "version": "0.7.0", "sha256": "28b57b0bc12f241fc855b6514fe5198f3067fbab2555a3e3a83f6f9ed4699f4c"}, {"name": "zig_get", "version": "0.16.0", "sha256": "2841127cf2005da74fb28d3cc68397a393d3d71df5f45752b974345e696beb01"}, {"name": "zig_parser", "version": "0.7.0", "sha256": "fd0b2fc343820a202787a78a40feae372386b4303717b099223d5f5c5f21f0bb"}, {"name": "zigler", "version": "0.16.0", "sha256": "867ce49289568a7fabff400cb9f1636a429defcd488f3302a82c4b51b2bc7741"}]
consumer (ubuntu-24.04-arm, aarch64-linux-gnu)	Prove anonymous package-default installation and offline runtime	2026-09-08T15:38:13.5347209Z Linux namespace probe passed: build trees hidden, compiler paths masked, external network unavailable
consumer (ubuntu-24.04-arm, aarch64-linux-gnu)	Prove anonymous package-default installation and offline runtime	2026-09-08T15:38:13.5715373Z {"command": ["sudo", "-E", "bwrap", "--die-with-parent", "--unshare-pid", "--ro-bind", "/", "/", "--dev", "/dev", "--proc", "/proc", "--bind", "/home/runner/work/_temp/public-consumer", "/home/runner/work/_temp/public-consumer", "--unshare-net", "--tmpfs", "/home/runner/work/Aphid/Aphid", "--tmpfs", "/home/runner/work/_temp/qualified-source", "--ro-bind", "/dev/null", "/usr/bin/aarch64-linux-gnu-as", "--ro-bind", "/dev/null", "/usr/bin/aarch64-linux-gnu-g++-12", "--ro-bind", "/dev/null", "/usr/bin/aarch64-linux-gnu-g++-13", "--ro-bind", "/dev/null", "/usr/bin/aarch64-linux-gnu-g++-14", "--ro-bind", "/dev/null", "/usr/bin/aarch64-linux-gnu-gcc-12", "--ro-bind", "/dev/null", "/usr/bin/aarch64-linux-gnu-gcc-13", "--ro-bind", "/dev/null", "/usr/bin/aarch64-linux-gnu-gcc-14", "--ro-bind", "/dev/null", "/usr/bin/aarch64-linux-gnu-ld.bfd", "--ro-bind", "/dev/null", "/usr/bin/c89-gcc", "--ro-bind", "/dev/null", "/usr/bin/c99-gcc", "--ro-bind", "/dev/null", "/usr/bin/make", "--ro-bind", "/dev/null", "/usr/lib/llvm-16/bin/clang", "--ro-bind", "/dev/null", "/usr/lib/llvm-16/bin/lld", "--ro-bind", "/dev/null", "/usr/lib/llvm-16/bin/llvm-as", "--ro-bind", "/dev/null", "/usr/lib/llvm-17/bin/clang", "--ro-bind", "/dev/null", "/usr/lib/llvm-17/bin/lld", "--ro-bind", "/dev/null", "/usr/lib/llvm-17/bin/llvm-as", "--ro-bind", "/dev/null", "/usr/lib/llvm-18/bin/clang", "--ro-bind", "/dev/null", "/usr/lib/llvm-18/bin/lld", "--ro-bind", "/dev/null", "/usr/lib/llvm-18/bin/llvm-as", "--ro-bind", "/dev/null", "/usr/local/bin/cmake", "--ro-bind", "/dev/null", "/usr/local/bin/ninja", "--cap-add", "CAP_SETUID", "--cap-add", "CAP_SETGID", "--cap-add", "CAP_SETPCAP", "--clearenv", "--setenv", "LANG", "C.UTF-8", "--setenv", "HOME", "/home/runner", "--setenv", "PATH", "/home/runner/work/_temp/.setup-beam/elixir/bin:/home/runner/.mix/escripts:/home/runner/work/_temp/.setup-beam/otp/bin:/opt/hostedtoolcache/Python/3.14.7/arm64/bin:/opt/hostedtoolcache/Python/3.14.7/arm64:/snap/bin:/home/runner/.local/bin:/opt/pipx_bin:/home/runner/.cargo/bin:/home/runner/.config/composer/vendor/bin:/home/runner/.dotnet/tools:/usr/local/sbin:/usr/local/bin:/usr/sbin:/usr/bin:/sbin:/bin:/usr/games:/usr/local/games:/snap/bin", "--", "/usr/bin/setpriv", "--reuid", "1001", "--regid", "1001", "--clear-groups", "--bounding-set=-all", "--no-new-privs", "--", "/opt/hostedtoolcache/Python/3.14.7/arm64/bin/python3", "/home/runner/work/_temp/public-consumer/isolation-check.py"], "cwd": "/home/runner/work/_temp/public-consumer", "exit": 0, "seconds": 0.165}
consumer (ubuntu-24.04-arm, aarch64-linux-gnu)	Prove anonymous package-default installation and offline runtime	2026-09-08T15:38:13.7911221Z UTF-8 runtime filename mode verified
consumer (ubuntu-24.04-arm, aarch64-linux-gnu)	Prove anonymous package-default installation and offline runtime	2026-09-08T15:38:13.8362642Z {"command": ["sudo", "-E", "bwrap", "--die-with-parent", "--unshare-pid", "--ro-bind", "/", "/", "--dev", "/dev", "--proc", "/proc", "--bind", "/home/runner/work/_temp/public-consumer", "/home/runner/work/_temp/public-consumer", "--unshare-net", "--tmpfs", "/home/runner/work/Aphid/Aphid", "--tmpfs", "/home/runner/work/_temp/qualified-source", "--ro-bind", "/dev/null", "/usr/bin/aarch64-linux-gnu-as", "--ro-bind", "/dev/null", "/usr/bin/aarch64-linux-gnu-g++-12", "--ro-bind", "/dev/null", "/usr/bin/aarch64-linux-gnu-g++-13", "--ro-bind", "/dev/null", "/usr/bin/aarch64-linux-gnu-g++-14", "--ro-bind", "/dev/null", "/usr/bin/aarch64-linux-gnu-gcc-12", "--ro-bind", "/dev/null", "/usr/bin/aarch64-linux-gnu-gcc-13", "--ro-bind", "/dev/null", "/usr/bin/aarch64-linux-gnu-gcc-14", "--ro-bind", "/dev/null", "/usr/bin/aarch64-linux-gnu-ld.bfd", "--ro-bind", "/dev/null", "/usr/bin/c89-gcc", "--ro-bind", "/dev/null", "/usr/bin/c99-gcc", "--ro-bind", "/dev/null", "/usr/bin/make", "--ro-bind", "/dev/null", "/usr/lib/llvm-16/bin/clang", "--ro-bind", "/dev/null", "/usr/lib/llvm-16/bin/lld", "--ro-bind", "/dev/null", "/usr/lib/llvm-16/bin/llvm-as", "--ro-bind", "/dev/null", "/usr/lib/llvm-17/bin/clang", "--ro-bind", "/dev/null", "/usr/lib/llvm-17/bin/lld", "--ro-bind", "/dev/null", "/usr/lib/llvm-17/bin/llvm-as", "--ro-bind", "/dev/null", "/usr/lib/llvm-18/bin/clang", "--ro-bind", "/dev/null", "/usr/lib/llvm-18/bin/lld", "--ro-bind", "/dev/null", "/usr/lib/llvm-18/bin/llvm-as", "--ro-bind", "/dev/null", "/usr/local/bin/cmake", "--ro-bind", "/dev/null", "/usr/local/bin/ninja", "--cap-add", "CAP_SETUID", "--cap-add", "CAP_SETGID", "--cap-add", "CAP_SETPCAP", "--clearenv", "--setenv", "LANG", "C.UTF-8", "--setenv", "HOME", "/home/runner", "--setenv", "PATH", "/home/runner/work/_temp/.setup-beam/elixir/bin:/home/runner/.mix/escripts:/home/runner/work/_temp/.setup-beam/otp/bin:/opt/hostedtoolcache/Python/3.14.7/arm64/bin:/opt/hostedtoolcache/Python/3.14.7/arm64:/snap/bin:/home/runner/.local/bin:/opt/pipx_bin:/home/runner/.cargo/bin:/home/runner/.config/composer/vendor/bin:/home/runner/.dotnet/tools:/usr/local/sbin:/usr/local/bin:/usr/sbin:/usr/bin:/sbin:/bin:/usr/games:/usr/local/games:/snap/bin", "--", "/usr/bin/setpriv", "--reuid", "1001", "--regid", "1001", "--clear-groups", "--bounding-set=-all", "--no-new-privs", "--", "/home/runner/work/_temp/.setup-beam/elixir/bin/elixir", "-e", ":utf8 = :file.native_name_encoding(); IO.puts(\"UTF-8 runtime filename mode verified\")"], "cwd": "/home/runner/work/_temp/public-consumer", "exit": 0, "seconds": 0.265}
consumer (ubuntu-24.04-arm, aarch64-linux-gnu)	Prove anonymous package-default installation and offline runtime	2026-09-08T15:38:14.9167068Z Resolving Hex dependencies...
consumer (ubuntu-24.04-arm, aarch64-linux-gnu)	Prove anonymous package-default installation and offline runtime	2026-09-08T15:38:14.9366252Z Resolution completed in 0.019s
consumer (ubuntu-24.04-arm, aarch64-linux-gnu)	Prove anonymous package-default installation and offline runtime	2026-09-08T15:38:14.9383797Z New:
consumer (ubuntu-24.04-arm, aarch64-linux-gnu)	Prove anonymous package-default installation and offline runtime	2026-09-08T15:38:14.9384324Z   aphid 0.1.1-dev
consumer (ubuntu-24.04-arm, aarch64-linux-gnu)	Prove anonymous package-default installation and offline runtime	2026-09-08T15:38:14.9391829Z Unchanged:
consumer (ubuntu-24.04-arm, aarch64-linux-gnu)	Prove anonymous package-default installation and offline runtime	2026-09-08T15:38:14.9392337Z   earmark_parser 1.4.46
consumer (ubuntu-24.04-arm, aarch64-linux-gnu)	Prove anonymous package-default installation and offline runtime	2026-09-08T15:38:14.9392830Z   ex_doc 0.39.1
consumer (ubuntu-24.04-arm, aarch64-linux-gnu)	Prove anonymous package-default installation and offline runtime	2026-09-08T15:38:14.9393085Z   makeup 1.2.2
consumer (ubuntu-24.04-arm, aarch64-linux-gnu)	Prove anonymous package-default installation and offline runtime	2026-09-08T15:38:14.9393442Z   makeup_elixir 1.0.1
consumer (ubuntu-24.04-arm, aarch64-linux-gnu)	Prove anonymous package-default installation and offline runtime	2026-09-08T15:38:14.9393807Z   makeup_erlang 1.1.0
consumer (ubuntu-24.04-arm, aarch64-linux-gnu)	Prove anonymous package-default installation and offline runtime	2026-09-08T15:38:14.9394276Z   nimble_parsec 1.4.2
consumer (ubuntu-24.04-arm, aarch64-linux-gnu)	Prove anonymous package-default installation and offline runtime	2026-09-08T15:38:14.9394669Z   pegasus 0.2.6
consumer (ubuntu-24.04-arm, aarch64-linux-gnu)	Prove anonymous package-default installation and offline runtime	2026-09-08T15:38:14.9395021Z   protoss 1.1.0
consumer (ubuntu-24.04-arm, aarch64-linux-gnu)	Prove anonymous package-default installation and offline runtime	2026-09-08T15:38:14.9395420Z   telemetry 1.4.2
consumer (ubuntu-24.04-arm, aarch64-linux-gnu)	Prove anonymous package-default installation and offline runtime	2026-09-08T15:38:14.9395678Z   zig_doc 0.7.0
consumer (ubuntu-24.04-arm, aarch64-linux-gnu)	Prove anonymous package-default installation and offline runtime	2026-09-08T15:38:14.9396044Z   zig_get 0.16.0
consumer (ubuntu-24.04-arm, aarch64-linux-gnu)	Prove anonymous package-default installation and offline runtime	2026-09-08T15:38:14.9396414Z   zig_parser 0.7.0
consumer (ubuntu-24.04-arm, aarch64-linux-gnu)	Prove anonymous package-default installation and offline runtime	2026-09-08T15:38:14.9396737Z   zigler 0.16.0
consumer (ubuntu-24.04-arm, aarch64-linux-gnu)	Prove anonymous package-default installation and offline runtime	2026-09-08T15:38:14.9448531Z * Getting aphid (Hex package)
consumer (ubuntu-24.04-arm, aarch64-linux-gnu)	Prove anonymous package-default installation and offline runtime	2026-09-08T15:38:15.1668983Z * Getting telemetry (Hex package)
consumer (ubuntu-24.04-arm, aarch64-linux-gnu)	Prove anonymous package-default installation and offline runtime	2026-09-08T15:38:15.3876567Z * creating /home/runner/work/_temp/public-consumer/mix-home/elixir/1-20-otp-29/rebar3
consumer (ubuntu-24.04-arm, aarch64-linux-gnu)	Prove anonymous package-default installation and offline runtime	2026-09-08T15:38:15.3885814Z * Getting zigler (Hex package)
consumer (ubuntu-24.04-arm, aarch64-linux-gnu)	Prove anonymous package-default installation and offline runtime	2026-09-08T15:38:15.4156043Z * Getting protoss (Hex package)
consumer (ubuntu-24.04-arm, aarch64-linux-gnu)	Prove anonymous package-default installation and offline runtime	2026-09-08T15:38:15.4191899Z * Getting zig_doc (Hex package)
consumer (ubuntu-24.04-arm, aarch64-linux-gnu)	Prove anonymous package-default installation and offline runtime	2026-09-08T15:38:15.4243128Z * Getting zig_get (Hex package)
consumer (ubuntu-24.04-arm, aarch64-linux-gnu)	Prove anonymous package-default installation and offline runtime	2026-09-08T15:38:15.4276154Z * Getting zig_parser (Hex package)
consumer (ubuntu-24.04-arm, aarch64-linux-gnu)	Prove anonymous package-default installation and offline runtime	2026-09-08T15:38:15.4411242Z * Getting pegasus (Hex package)
consumer (ubuntu-24.04-arm, aarch64-linux-gnu)	Prove anonymous package-default installation and offline runtime	2026-09-08T15:38:15.4471777Z * Getting nimble_parsec (Hex package)
consumer (ubuntu-24.04-arm, aarch64-linux-gnu)	Prove anonymous package-default installation and offline runtime	2026-09-08T15:38:15.4524195Z * Getting ex_doc (Hex package)
consumer (ubuntu-24.04-arm, aarch64-linux-gnu)	Prove anonymous package-default installation and offline runtime	2026-09-08T15:38:15.4793672Z * Getting earmark_parser (Hex package)
consumer (ubuntu-24.04-arm, aarch64-linux-gnu)	Prove anonymous package-default installation and offline runtime	2026-09-08T15:38:15.4930764Z * Getting makeup_elixir (Hex package)
consumer (ubuntu-24.04-arm, aarch64-linux-gnu)	Prove anonymous package-default installation and offline runtime	2026-09-08T15:38:15.5001681Z * Getting makeup_erlang (Hex package)
consumer (ubuntu-24.04-arm, aarch64-linux-gnu)	Prove anonymous package-default installation and offline runtime	2026-09-08T15:38:15.5055589Z * Getting makeup (Hex package)
consumer (ubuntu-24.04-arm, aarch64-linux-gnu)	Prove anonymous package-default installation and offline runtime	2026-09-08T15:38:15.5951669Z {"command": ["sudo", "-E", "bwrap", "--die-with-parent", "--unshare-pid", "--ro-bind", "/", "/", "--dev", "/dev", "--proc", "/proc", "--bind", "/home/runner/work/_temp/public-consumer", "/home/runner/work/_temp/public-consumer", "--tmpfs", "/home/runner/work/Aphid/Aphid", "--tmpfs", "/home/runner/work/_temp/qualified-source", "--ro-bind", "/dev/null", "/usr/bin/aarch64-linux-gnu-as", "--ro-bind", "/dev/null", "/usr/bin/aarch64-linux-gnu-g++-12", "--ro-bind", "/dev/null", "/usr/bin/aarch64-linux-gnu-g++-13", "--ro-bind", "/dev/null", "/usr/bin/aarch64-linux-gnu-g++-14", "--ro-bind", "/dev/null", "/usr/bin/aarch64-linux-gnu-gcc-12", "--ro-bind", "/dev/null", "/usr/bin/aarch64-linux-gnu-gcc-13", "--ro-bind", "/dev/null", "/usr/bin/aarch64-linux-gnu-gcc-14", "--ro-bind", "/dev/null", "/usr/bin/aarch64-linux-gnu-ld.bfd", "--ro-bind", "/dev/null", "/usr/bin/c89-gcc", "--ro-bind", "/dev/null", "/usr/bin/c99-gcc", "--ro-bind", "/dev/null", "/usr/bin/make", "--ro-bind", "/dev/null", "/usr/lib/llvm-16/bin/clang", "--ro-bind", "/dev/null", "/usr/lib/llvm-16/bin/lld", "--ro-bind", "/dev/null", "/usr/lib/llvm-16/bin/llvm-as", "--ro-bind", "/dev/null", "/usr/lib/llvm-17/bin/clang", "--ro-bind", "/dev/null", "/usr/lib/llvm-17/bin/lld", "--ro-bind", "/dev/null", "/usr/lib/llvm-17/bin/llvm-as", "--ro-bind", "/dev/null", "/usr/lib/llvm-18/bin/clang", "--ro-bind", "/dev/null", "/usr/lib/llvm-18/bin/lld", "--ro-bind", "/dev/null", "/usr/lib/llvm-18/bin/llvm-as", "--ro-bind", "/dev/null", "/usr/local/bin/cmake", "--ro-bind", "/dev/null", "/usr/local/bin/ninja", "--cap-add", "CAP_SETUID", "--cap-add", "CAP_SETGID", "--cap-add", "CAP_SETPCAP", "--clearenv", "--setenv", "LANG", "C.UTF-8", "--setenv", "HOME", "/home/runner/work/_temp/public-consumer/home", "--setenv", "PATH", "/home/runner/work/_temp/public-consumer/tools:/home/runner/work/_temp/.setup-beam/elixir/bin:/home/runner/work/_temp/.setup-beam/elixir/bin:/home/runner/work/_temp/.setup-beam/otp/bin:/usr/bin:/bin:/usr/sbin:/sbin", "--setenv", "MIX_HOME", "/home/runner/work/_temp/public-consumer/mix-home", "--setenv", "HEX_HOME", "/home/runner/work/_temp/public-consumer/hex-home", "--setenv", "MIX_ENV", "prod", "--setenv", "ZIG_EXECUTABLE_PATH", "/home/runner/work/_temp/public-consumer/tools/zig", "--setenv", "ZIG_GLOBAL_CACHE_DIR", "/home/runner/work/_temp/public-consumer/zig-cache", "--setenv", "ZIGLER_STAGING_ROOT", "/home/runner/work/_temp/public-consumer/staging", "--setenv", "ERL_FLAGS", "+S 1:1 +SDcpu 1:1", "--setenv", "TMPDIR", "/home/runner/work/_temp/public-consumer/tmp", "--", "/usr/bin/setpriv", "--reuid", "1001", "--regid", "1001", "--clear-groups", "--bounding-set=-all", "--no-new-privs", "--", "mix", "deps.get"], "cwd": "/home/runner/work/_temp/public-consumer/consumer", "exit": 0, "seconds": 1.719}
consumer (ubuntu-24.04-arm, aarch64-linux-gnu)	Prove anonymous package-default installation and offline runtime	2026-09-08T15:38:15.5990276Z Normal Hex acquisition verified: 14 locked archives; dependency acquisition complete
consumer (ubuntu-24.04-arm, aarch64-linux-gnu)	Prove anonymous package-default installation and offline runtime	2026-09-08T15:38:16.0345762Z ==> earmark_parser
consumer (ubuntu-24.04-arm, aarch64-linux-gnu)	Prove anonymous package-default installation and offline runtime	2026-09-08T15:38:16.0354914Z Compiling 2 files (.xrl)
consumer (ubuntu-24.04-arm, aarch64-linux-gnu)	Prove anonymous package-default installation and offline runtime	2026-09-08T15:38:16.0690140Z Compiling 1 file (.yrl)
consumer (ubuntu-24.04-arm, aarch64-linux-gnu)	Prove anonymous package-default installation and offline runtime	2026-09-08T15:38:16.0970972Z Compiling 3 files (.erl)
consumer (ubuntu-24.04-arm, aarch64-linux-gnu)	Prove anonymous package-default installation and offline runtime	2026-09-08T15:38:16.3329107Z Compiling 32 files (.ex)
consumer (ubuntu-24.04-arm, aarch64-linux-gnu)	Prove anonymous package-default installation and offline runtime	2026-09-08T15:38:17.2809991Z Generated earmark_parser app
consumer (ubuntu-24.04-arm, aarch64-linux-gnu)	Prove anonymous package-default installation and offline runtime	2026-09-08T15:38:17.2932774Z ==> protoss
consumer (ubuntu-24.04-arm, aarch64-linux-gnu)	Prove anonymous package-default installation and offline runtime	2026-09-08T15:38:17.2933123Z Compiling 1 file (.ex)
consumer (ubuntu-24.04-arm, aarch64-linux-gnu)	Prove anonymous package-default installation and offline runtime	2026-09-08T15:38:17.3342580Z Generated protoss app
consumer (ubuntu-24.04-arm, aarch64-linux-gnu)	Prove anonymous package-default installation and offline runtime	2026-09-08T15:38:17.3522856Z ==> zig_get
consumer (ubuntu-24.04-arm, aarch64-linux-gnu)	Prove anonymous package-default installation and offline runtime	2026-09-08T15:38:17.3523693Z Compiling 1 file (.ex)
consumer (ubuntu-24.04-arm, aarch64-linux-gnu)	Prove anonymous package-default installation and offline runtime	2026-09-08T15:38:17.4166520Z Generated zig_get app
consumer (ubuntu-24.04-arm, aarch64-linux-gnu)	Prove anonymous package-default installation and offline runtime	2026-09-08T15:38:17.4302447Z ==> nimble_parsec
consumer (ubuntu-24.04-arm, aarch64-linux-gnu)	Prove anonymous package-default installation and offline runtime	2026-09-08T15:38:17.4302835Z Compiling 4 files (.ex)
consumer (ubuntu-24.04-arm, aarch64-linux-gnu)	Prove anonymous package-default installation and offline runtime	2026-09-08T15:38:17.8028372Z Generated nimble_parsec app
consumer (ubuntu-24.04-arm, aarch64-linux-gnu)	Prove anonymous package-default installation and offline runtime	2026-09-08T15:38:17.8138215Z ==> pegasus
consumer (ubuntu-24.04-arm, aarch64-linux-gnu)	Prove anonymous package-default installation and offline runtime	2026-09-08T15:38:17.8138835Z Compiling 11 files (.ex)
consumer (ubuntu-24.04-arm, aarch64-linux-gnu)	Prove anonymous package-default installation and offline runtime	2026-09-08T15:38:19.6305098Z Generated pegasus app
consumer (ubuntu-24.04-arm, aarch64-linux-gnu)	Prove anonymous package-default installation and offline runtime	2026-09-08T15:38:19.6438656Z ==> zig_parser
consumer (ubuntu-24.04-arm, aarch64-linux-gnu)	Prove anonymous package-default installation and offline runtime	2026-09-08T15:38:19.6439264Z Compiling 37 files (.ex)
consumer (ubuntu-24.04-arm, aarch64-linux-gnu)	Prove anonymous package-default installation and offline runtime	2026-09-08T15:38:24.0479286Z     warning: incompatible types given to Map.replace!/3:
consumer (ubuntu-24.04-arm, aarch64-linux-gnu)	Prove anonymous package-default installation and offline runtime	2026-09-08T15:38:24.0480300Z 
consumer (ubuntu-24.04-arm, aarch64-linux-gnu)	Prove anonymous package-default installation and offline runtime	2026-09-08T15:38:24.0481004Z         Map.replace!(parse(args), :doc_comment, comment)
consumer (ubuntu-24.04-arm, aarch64-linux-gnu)	Prove anonymous package-default installation and offline runtime	2026-09-08T15:38:24.0481334Z 
consumer (ubuntu-24.04-arm, aarch64-linux-gnu)	Prove anonymous package-default installation and offline runtime	2026-09-08T15:38:24.0481697Z     the map:
consumer (ubuntu-24.04-arm, aarch64-linux-gnu)	Prove anonymous package-default installation and offline runtime	2026-09-08T15:38:24.0482009Z 
consumer (ubuntu-24.04-arm, aarch64-linux-gnu)	Prove anonymous package-default installation and offline runtime	2026-09-08T15:38:24.0482248Z         dynamic(%Zig.Parser.Test{block: %Zig.Parser.Block{}, location: nil})
consumer (ubuntu-24.04-arm, aarch64-linux-gnu)	Prove anonymous package-default installation and offline runtime	2026-09-08T15:38:24.0482572Z 
consumer (ubuntu-24.04-arm, aarch64-linux-gnu)	Prove anonymous package-default installation and offline runtime	2026-09-08T15:38:24.0482686Z     does not have all required keys:
consumer (ubuntu-24.04-arm, aarch64-linux-gnu)	Prove anonymous package-default installation and offline runtime	2026-09-08T15:38:24.0482884Z 
consumer (ubuntu-24.04-arm, aarch64-linux-gnu)	Prove anonymous package-default installation and offline runtime	2026-09-08T15:38:24.0483026Z         :doc_comment
consumer (ubuntu-24.04-arm, aarch64-linux-gnu)	Prove anonymous package-default installation and offline runtime	2026-09-08T15:38:24.0483168Z 
consumer (ubuntu-24.04-arm, aarch64-linux-gnu)	Prove anonymous package-default installation and offline runtime	2026-09-08T15:38:24.0483312Z     therefore this function will always raise
consumer (ubuntu-24.04-arm, aarch64-linux-gnu)	Prove anonymous package-default installation and offline runtime	2026-09-08T15:38:24.0483515Z 
consumer (ubuntu-24.04-arm, aarch64-linux-gnu)	Prove anonymous package-default installation and offline runtime	2026-09-08T15:38:24.0483667Z     where "args" was given the type:
consumer (ubuntu-24.04-arm, aarch64-linux-gnu)	Prove anonymous package-default installation and offline runtime	2026-09-08T15:38:24.0483881Z 
consumer (ubuntu-24.04-arm, aarch64-linux-gnu)	Prove anonymous package-default installation and offline runtime	2026-09-08T15:38:24.0484032Z         # type: dynamic(non_empty_list(term()))
consumer (ubuntu-24.04-arm, aarch64-linux-gnu)	Prove anonymous package-default installation and offline runtime	2026-09-08T15:38:24.0484362Z         # from: lib/zig.parser/test.ex:16:10
consumer (ubuntu-24.04-arm, aarch64-linux-gnu)	Prove anonymous package-default installation and offline runtime	2026-09-08T15:38:24.0484711Z         parse(args)
consumer (ubuntu-24.04-arm, aarch64-linux-gnu)	Prove anonymous package-default installation and offline runtime	2026-09-08T15:38:24.0484848Z 
consumer (ubuntu-24.04-arm, aarch64-linux-gnu)	Prove anonymous package-default installation and offline runtime	2026-09-08T15:38:24.0484981Z     where "comment" was given the type:
consumer (ubuntu-24.04-arm, aarch64-linux-gnu)	Prove anonymous package-default installation and offline runtime	2026-09-08T15:38:24.0485163Z 
consumer (ubuntu-24.04-arm, aarch64-linux-gnu)	Prove anonymous package-default installation and offline runtime	2026-09-08T15:38:24.0485302Z         # type: dynamic()
consumer (ubuntu-24.04-arm, aarch64-linux-gnu)	Prove anonymous package-default installation and offline runtime	2026-09-08T15:38:24.0485595Z         # from: lib/zig.parser/test.ex
consumer (ubuntu-24.04-arm, aarch64-linux-gnu)	Prove anonymous package-default installation and offline runtime	2026-09-08T15:38:24.0485970Z         [{:TestDecl, [start, {:doc_comment, comment} | args]} | rest_args]
consumer (ubuntu-24.04-arm, aarch64-linux-gnu)	Prove anonymous package-default installation and offline runtime	2026-09-08T15:38:24.0486584Z 
consumer (ubuntu-24.04-arm, aarch64-linux-gnu)	Prove anonymous package-default installation and offline runtime	2026-09-08T15:38:24.0486749Z     type warning found at:
consumer (ubuntu-24.04-arm, aarch64-linux-gnu)	Prove anonymous package-default installation and offline runtime	2026-09-08T15:38:24.0487289Z     │
consumer (ubuntu-24.04-arm, aarch64-linux-gnu)	Prove anonymous package-default installation and offline runtime	2026-09-08T15:38:24.0487668Z  17 │       |> Map.replace!(:doc_comment, comment)
consumer (ubuntu-24.04-arm, aarch64-linux-gnu)	Prove anonymous package-default installation and offline runtime	2026-09-08T15:38:24.0488145Z     │              ~
consumer (ubuntu-24.04-arm, aarch64-linux-gnu)	Prove anonymous package-default installation and offline runtime	2026-09-08T15:38:24.0488404Z     │
consumer (ubuntu-24.04-arm, aarch64-linux-gnu)	Prove anonymous package-default installation and offline runtime	2026-09-08T15:38:24.0488822Z     └─ lib/zig.parser/test.ex:17:14: Zig.Parser.Test.post_traverse/5
consumer (ubuntu-24.04-arm, aarch64-linux-gnu)	Prove anonymous package-default installation and offline runtime	2026-09-08T15:38:24.0489189Z 
consumer (ubuntu-24.04-arm, aarch64-linux-gnu)	Prove anonymous package-default installation and offline runtime	2026-09-08T15:38:24.4181916Z Generated zig_parser app
consumer (ubuntu-24.04-arm, aarch64-linux-gnu)	Prove anonymous package-default installation and offline runtime	2026-09-08T15:38:24.4358513Z ==> makeup
consumer (ubuntu-24.04-arm, aarch64-linux-gnu)	Prove anonymous package-default installation and offline runtime	2026-09-08T15:38:24.4358919Z Compiling 15 files (.ex)
consumer (ubuntu-24.04-arm, aarch64-linux-gnu)	Prove anonymous package-default installation and offline runtime	2026-09-08T15:38:24.8529362Z Generated makeup app
consumer (ubuntu-24.04-arm, aarch64-linux-gnu)	Prove anonymous package-default installation and offline runtime	2026-09-08T15:38:24.8689132Z ==> makeup_elixir
consumer (ubuntu-24.04-arm, aarch64-linux-gnu)	Prove anonymous package-default installation and offline runtime	2026-09-08T15:38:24.8690041Z Compiling 6 files (.ex)
consumer (ubuntu-24.04-arm, aarch64-linux-gnu)	Prove anonymous package-default installation and offline runtime	2026-09-08T15:38:34.6941845Z Generated makeup_elixir app
consumer (ubuntu-24.04-arm, aarch64-linux-gnu)	Prove anonymous package-default installation and offline runtime	2026-09-08T15:38:34.7106239Z ==> makeup_erlang
consumer (ubuntu-24.04-arm, aarch64-linux-gnu)	Prove anonymous package-default installation and offline runtime	2026-09-08T15:38:34.7106657Z Compiling 4 files (.ex)
consumer (ubuntu-24.04-arm, aarch64-linux-gnu)	Prove anonymous package-default installation and offline runtime	2026-09-08T15:38:44.6493760Z Generated makeup_erlang app
consumer (ubuntu-24.04-arm, aarch64-linux-gnu)	Prove anonymous package-default installation and offline runtime	2026-09-08T15:38:44.6764173Z ==> ex_doc
consumer (ubuntu-24.04-arm, aarch64-linux-gnu)	Prove anonymous package-default installation and offline runtime	2026-09-08T15:38:44.6765115Z Compiling 27 files (.ex)
consumer (ubuntu-24.04-arm, aarch64-linux-gnu)	Prove anonymous package-default installation and offline runtime	2026-09-08T15:38:46.3287803Z      warning: this clause of defp favicon_path/1 is never used (or it will always fail/warn when invoked)
consumer (ubuntu-24.04-arm, aarch64-linux-gnu)	Prove anonymous package-default installation and offline runtime	2026-09-08T15:38:46.3288763Z      │
consumer (ubuntu-24.04-arm, aarch64-linux-gnu)	Prove anonymous package-default installation and offline runtime	2026-09-08T15:38:46.3289186Z  153 │   defp favicon_path(%{favicon: nil}), do: nil
consumer (ubuntu-24.04-arm, aarch64-linux-gnu)	Prove anonymous package-default installation and offline runtime	2026-09-08T15:38:46.3289668Z      │        ~
consumer (ubuntu-24.04-arm, aarch64-linux-gnu)	Prove anonymous package-default installation and offline runtime	2026-09-08T15:38:46.3290274Z      │
consumer (ubuntu-24.04-arm, aarch64-linux-gnu)	Prove anonymous package-default installation and offline runtime	2026-09-08T15:38:46.3291029Z      └─ lib/ex_doc/formatter/html/templates.ex:153:8: ExDoc.Formatter.HTML.Templates.favicon_path/1
consumer (ubuntu-24.04-arm, aarch64-linux-gnu)	Prove anonymous package-default installation and offline runtime	2026-09-08T15:38:46.3291858Z 
consumer (ubuntu-24.04-arm, aarch64-linux-gnu)	Prove anonymous package-default installation and offline runtime	2026-09-08T15:38:46.3292493Z      warning: the following clause cannot match because the previous clauses already matched all possible values:
consumer (ubuntu-24.04-arm, aarch64-linux-gnu)	Prove anonymous package-default installation and offline runtime	2026-09-08T15:38:46.3292964Z 
consumer (ubuntu-24.04-arm, aarch64-linux-gnu)	Prove anonymous package-default installation and offline runtime	2026-09-08T15:38:46.3293076Z          _ ->
consumer (ubuntu-24.04-arm, aarch64-linux-gnu)	Prove anonymous package-default installation and offline runtime	2026-09-08T15:38:46.3293280Z 
consumer (ubuntu-24.04-arm, aarch64-linux-gnu)	Prove anonymous package-default installation and offline runtime	2026-09-08T15:38:46.3293439Z      it attempts to match on the result of:
consumer (ubuntu-24.04-arm, aarch64-linux-gnu)	Prove anonymous package-default installation and offline runtime	2026-09-08T15:38:46.3293681Z 
consumer (ubuntu-24.04-arm, aarch64-linux-gnu)	Prove anonymous package-default installation and offline runtime	2026-09-08T15:38:46.3293770Z          result
consumer (ubuntu-24.04-arm, aarch64-linux-gnu)	Prove anonymous package-default installation and offline runtime	2026-09-08T15:38:46.3293900Z 
consumer (ubuntu-24.04-arm, aarch64-linux-gnu)	Prove anonymous package-default installation and offline runtime	2026-09-08T15:38:46.3294058Z      which has the already matched type:
consumer (ubuntu-24.04-arm, aarch64-linux-gnu)	Prove anonymous package-default installation and offline runtime	2026-09-08T15:38:46.3294297Z 
consumer (ubuntu-24.04-arm, aarch64-linux-gnu)	Prove anonymous package-default installation and offline runtime	2026-09-08T15:38:46.3294544Z          dynamic({:docs_v1, term(), term(), term(), term(), term(), term()} or {:error, term()})
consumer (ubuntu-24.04-arm, aarch64-linux-gnu)	Prove anonymous package-default installation and offline runtime	2026-09-08T15:38:46.3294867Z 
consumer (ubuntu-24.04-arm, aarch64-linux-gnu)	Prove anonymous package-default installation and offline runtime	2026-09-08T15:38:46.3295029Z      type warning found at:
consumer (ubuntu-24.04-arm, aarch64-linux-gnu)	Prove anonymous package-default installation and offline runtime	2026-09-08T15:38:46.3295376Z      │
consumer (ubuntu-24.04-arm, aarch64-linux-gnu)	Prove anonymous package-default installation and offline runtime	2026-09-08T15:38:46.3295685Z  124 │       _ ->
consumer (ubuntu-24.04-arm, aarch64-linux-gnu)	Prove anonymous package-default installation and offline runtime	2026-09-08T15:38:46.3296053Z      │         ~
consumer (ubuntu-24.04-arm, aarch64-linux-gnu)	Prove anonymous package-default installation and offline runtime	2026-09-08T15:38:46.3296285Z      │
consumer (ubuntu-24.04-arm, aarch64-linux-gnu)	Prove anonymous package-default installation and offline runtime	2026-09-08T15:38:46.3296736Z      └─ lib/ex_doc/retriever.ex:124:9: ExDoc.Retriever.docs_chunk/1
consumer (ubuntu-24.04-arm, aarch64-linux-gnu)	Prove anonymous package-default installation and offline runtime	2026-09-08T15:38:46.3297309Z 
consumer (ubuntu-24.04-arm, aarch64-linux-gnu)	Prove anonymous package-default installation and offline runtime	2026-09-08T15:38:46.3339402Z      warning: this clause of defp logo_path/1 is never used (or it will always fail/warn when invoked)
consumer (ubuntu-24.04-arm, aarch64-linux-gnu)	Prove anonymous package-default installation and offline runtime	2026-09-08T15:38:46.3340131Z      │
consumer (ubuntu-24.04-arm, aarch64-linux-gnu)	Prove anonymous package-default installation and offline runtime	2026-09-08T15:38:46.3452970Z  156 │   defp logo_path(%{logo: nil}), do: nil
consumer (ubuntu-24.04-arm, aarch64-linux-gnu)	Prove anonymous package-default installation and offline runtime	2026-09-08T15:38:46.3453346Z      │        ~
consumer (ubuntu-24.04-arm, aarch64-linux-gnu)	Prove anonymous package-default installation and offline runtime	2026-09-08T15:38:46.3453532Z      │
consumer (ubuntu-24.04-arm, aarch64-linux-gnu)	Prove anonymous package-default installation and offline runtime	2026-09-08T15:38:46.3453970Z      └─ lib/ex_doc/formatter/html/templates.ex:156:8: ExDoc.Formatter.HTML.Templates.logo_path/1
consumer (ubuntu-24.04-arm, aarch64-linux-gnu)	Prove anonymous package-default installation and offline runtime	2026-09-08T15:38:46.3454363Z 
consumer (ubuntu-24.04-arm, aarch64-linux-gnu)	Prove anonymous package-default installation and offline runtime	2026-09-08T15:38:46.3454526Z      warning: the following clause will never match:
consumer (ubuntu-24.04-arm, aarch64-linux-gnu)	Prove anonymous package-default installation and offline runtime	2026-09-08T15:38:46.3454729Z 
consumer (ubuntu-24.04-arm, aarch64-linux-gnu)	Prove anonymous package-default installation and offline runtime	2026-09-08T15:38:46.3454809Z          nil ->
consumer (ubuntu-24.04-arm, aarch64-linux-gnu)	Prove anonymous package-default installation and offline runtime	2026-09-08T15:38:46.3454917Z 
consumer (ubuntu-24.04-arm, aarch64-linux-gnu)	Prove anonymous package-default installation and offline runtime	2026-09-08T15:38:46.3455037Z      because it attempts to match on the result of:
consumer (ubuntu-24.04-arm, aarch64-linux-gnu)	Prove anonymous package-default installation and offline runtime	2026-09-08T15:38:46.3455238Z 
consumer (ubuntu-24.04-arm, aarch64-linux-gnu)	Prove anonymous package-default installation and offline runtime	2026-09-08T15:38:46.3455404Z          ExDoc.Language.Source.fetch_type!(module_data, name, arity)
consumer (ubuntu-24.04-arm, aarch64-linux-gnu)	Prove anonymous package-default installation and offline runtime	2026-09-08T15:38:46.3455658Z 
consumer (ubuntu-24.04-arm, aarch64-linux-gnu)	Prove anonymous package-default installation and offline runtime	2026-09-08T15:38:46.3455744Z      which has type:
consumer (ubuntu-24.04-arm, aarch64-linux-gnu)	Prove anonymous package-default installation and offline runtime	2026-09-08T15:38:46.3455860Z 
consumer (ubuntu-24.04-arm, aarch64-linux-gnu)	Prove anonymous package-default installation and offline runtime	2026-09-08T15:38:46.3455974Z          dynamic(not false and not nil)
consumer (ubuntu-24.04-arm, aarch64-linux-gnu)	Prove anonymous package-default installation and offline runtime	2026-09-08T15:38:46.3456144Z 
consumer (ubuntu-24.04-arm, aarch64-linux-gnu)	Prove anonymous package-default installation and offline runtime	2026-09-08T15:38:46.3456232Z      type warning found at:
consumer (ubuntu-24.04-arm, aarch64-linux-gnu)	Prove anonymous package-default installation and offline runtime	2026-09-08T15:38:46.3456444Z      │
consumer (ubuntu-24.04-arm, aarch64-linux-gnu)	Prove anonymous package-default installation and offline runtime	2026-09-08T15:38:46.3456692Z  150 │         nil ->
consumer (ubuntu-24.04-arm, aarch64-linux-gnu)	Prove anonymous package-default installation and offline runtime	2026-09-08T15:38:46.3456915Z      │         ~~~~~~
consumer (ubuntu-24.04-arm, aarch64-linux-gnu)	Prove anonymous package-default installation and offline runtime	2026-09-08T15:38:46.3457106Z      │
consumer (ubuntu-24.04-arm, aarch64-linux-gnu)	Prove anonymous package-default installation and offline runtime	2026-09-08T15:38:46.3457443Z      └─ lib/ex_doc/language/erlang.ex:150: ExDoc.Language.Erlang.type_data/6
consumer (ubuntu-24.04-arm, aarch64-linux-gnu)	Prove anonymous package-default installation and offline runtime	2026-09-08T15:38:46.3457723Z 
consumer (ubuntu-24.04-arm, aarch64-linux-gnu)	Prove anonymous package-default installation and offline runtime	2026-09-08T15:38:46.3520014Z      warning: the following clause is redundant:
consumer (ubuntu-24.04-arm, aarch64-linux-gnu)	Prove anonymous package-default installation and offline runtime	2026-09-08T15:38:46.3520912Z 
consumer (ubuntu-24.04-arm, aarch64-linux-gnu)	Prove anonymous package-default installation and offline runtime	2026-09-08T15:38:46.3521188Z          defp to_var({:<<>>, _, _}, _)
consumer (ubuntu-24.04-arm, aarch64-linux-gnu)	Prove anonymous package-default installation and offline runtime	2026-09-08T15:38:46.3521491Z 
consumer (ubuntu-24.04-arm, aarch64-linux-gnu)	Prove anonymous package-default installation and offline runtime	2026-09-08T15:38:46.3521594Z      it has type:
consumer (ubuntu-24.04-arm, aarch64-linux-gnu)	Prove anonymous package-default installation and offline runtime	2026-09-08T15:38:46.3521709Z 
consumer (ubuntu-24.04-arm, aarch64-linux-gnu)	Prove anonymous package-default installation and offline runtime	2026-09-08T15:38:46.3521830Z          dynamic({:<<>>, term(), term()}), dynamic()
consumer (ubuntu-24.04-arm, aarch64-linux-gnu)	Prove anonymous package-default installation and offline runtime	2026-09-08T15:38:46.3522027Z 
consumer (ubuntu-24.04-arm, aarch64-linux-gnu)	Prove anonymous package-default installation and offline runtime	2026-09-08T15:38:46.3522201Z      previous clauses have already matched on the following types:
consumer (ubuntu-24.04-arm, aarch64-linux-gnu)	Prove anonymous package-default installation and offline runtime	2026-09-08T15:38:46.3522450Z 
consumer (ubuntu-24.04-arm, aarch64-linux-gnu)	Prove anonymous package-default installation and offline runtime	2026-09-08T15:38:46.3522540Z          {:%{}, term(), term()}, term()
consumer (ubuntu-24.04-arm, aarch64-linux-gnu)	Prove anonymous package-default installation and offline runtime	2026-09-08T15:38:46.3522807Z          {atom(), term(), term()}, term()
consumer (ubuntu-24.04-arm, aarch64-linux-gnu)	Prove anonymous package-default installation and offline runtime	2026-09-08T15:38:46.3522980Z 
consumer (ubuntu-24.04-arm, aarch64-linux-gnu)	Prove anonymous package-default installation and offline runtime	2026-09-08T15:38:46.3523232Z      │
consumer (ubuntu-24.04-arm, aarch64-linux-gnu)	Prove anonymous package-default installation and offline runtime	2026-09-08T15:38:46.3523534Z  569 │   defp to_var({:<<>>, _, _}, _), do: {:binary, [], nil}
consumer (ubuntu-24.04-arm, aarch64-linux-gnu)	Prove anonymous package-default installation and offline runtime	2026-09-08T15:38:46.3523844Z      │        ~
consumer (ubuntu-24.04-arm, aarch64-linux-gnu)	Prove anonymous package-default installation and offline runtime	2026-09-08T15:38:46.3524021Z      │
consumer (ubuntu-24.04-arm, aarch64-linux-gnu)	Prove anonymous package-default installation and offline runtime	2026-09-08T15:38:46.3524355Z      └─ lib/ex_doc/language/elixir.ex:569:8: ExDoc.Language.Elixir.to_var/2
consumer (ubuntu-24.04-arm, aarch64-linux-gnu)	Prove anonymous package-default installation and offline runtime	2026-09-08T15:38:46.3524632Z 
consumer (ubuntu-24.04-arm, aarch64-linux-gnu)	Prove anonymous package-default installation and offline runtime	2026-09-08T15:38:46.3630643Z      warning: the following clause is redundant:
consumer (ubuntu-24.04-arm, aarch64-linux-gnu)	Prove anonymous package-default installation and offline runtime	2026-09-08T15:38:46.3631078Z 
consumer (ubuntu-24.04-arm, aarch64-linux-gnu)	Prove anonymous package-default installation and offline runtime	2026-09-08T15:38:46.3631687Z          defp to_var({:{}, _, _}, _)
consumer (ubuntu-24.04-arm, aarch64-linux-gnu)	Prove anonymous package-default installation and offline runtime	2026-09-08T15:38:46.3631953Z 
consumer (ubuntu-24.04-arm, aarch64-linux-gnu)	Prove anonymous package-default installation and offline runtime	2026-09-08T15:38:46.3632163Z      it has type:
consumer (ubuntu-24.04-arm, aarch64-linux-gnu)	Prove anonymous package-default installation and offline runtime	2026-09-08T15:38:46.3632289Z 
consumer (ubuntu-24.04-arm, aarch64-linux-gnu)	Prove anonymous package-default installation and offline runtime	2026-09-08T15:38:46.3632400Z          dynamic({:{}, term(), term()}), dynamic()
consumer (ubuntu-24.04-arm, aarch64-linux-gnu)	Prove anonymous package-default installation and offline runtime	2026-09-08T15:38:46.3632595Z 
consumer (ubuntu-24.04-arm, aarch64-linux-gnu)	Prove anonymous package-default installation and offline runtime	2026-09-08T15:38:46.3632765Z      previous clauses have already matched on the following types:
consumer (ubuntu-24.04-arm, aarch64-linux-gnu)	Prove anonymous package-default installation and offline runtime	2026-09-08T15:38:46.3633015Z 
consumer (ubuntu-24.04-arm, aarch64-linux-gnu)	Prove anonymous package-default installation and offline runtime	2026-09-08T15:38:46.3633111Z          {:%{}, term(), term()}, term()
consumer (ubuntu-24.04-arm, aarch64-linux-gnu)	Prove anonymous package-default installation and offline runtime	2026-09-08T15:38:46.3633378Z          {atom(), term(), term()}, term()
consumer (ubuntu-24.04-arm, aarch64-linux-gnu)	Prove anonymous package-default installation and offline runtime	2026-09-08T15:38:46.3633548Z 
consumer (ubuntu-24.04-arm, aarch64-linux-gnu)	Prove anonymous package-default installation and offline runtime	2026-09-08T15:38:46.3633804Z      │
consumer (ubuntu-24.04-arm, aarch64-linux-gnu)	Prove anonymous package-default installation and offline runtime	2026-09-08T15:38:46.3634097Z  570 │   defp to_var({:{}, _, _}, _), do: {:tuple, [], nil}
consumer (ubuntu-24.04-arm, aarch64-linux-gnu)	Prove anonymous package-default installation and offline runtime	2026-09-08T15:38:46.3634401Z      │        ~
consumer (ubuntu-24.04-arm, aarch64-linux-gnu)	Prove anonymous package-default installation and offline runtime	2026-09-08T15:38:46.3634584Z      │
consumer (ubuntu-24.04-arm, aarch64-linux-gnu)	Prove anonymous package-default installation and offline runtime	2026-09-08T15:38:46.3635111Z      └─ lib/ex_doc/language/elixir.ex:570:8: ExDoc.Language.Elixir.to_var/2
consumer (ubuntu-24.04-arm, aarch64-linux-gnu)	Prove anonymous package-default installation and offline runtime	2026-09-08T15:38:46.3635473Z 
consumer (ubuntu-24.04-arm, aarch64-linux-gnu)	Prove anonymous package-default installation and offline runtime	2026-09-08T15:38:46.3644230Z      warning: the following clause is redundant:
consumer (ubuntu-24.04-arm, aarch64-linux-gnu)	Prove anonymous package-default installation and offline runtime	2026-09-08T15:38:46.3644630Z 
consumer (ubuntu-24.04-arm, aarch64-linux-gnu)	Prove anonymous package-default installation and offline runtime	2026-09-08T15:38:46.3644870Z          defp to_var(float, _) when is_integer(float)
consumer (ubuntu-24.04-arm, aarch64-linux-gnu)	Prove anonymous package-default installation and offline runtime	2026-09-08T15:38:46.3645082Z 
consumer (ubuntu-24.04-arm, aarch64-linux-gnu)	Prove anonymous package-default installation and offline runtime	2026-09-08T15:38:46.3645162Z      it has type:
consumer (ubuntu-24.04-arm, aarch64-linux-gnu)	Prove anonymous package-default installation and offline runtime	2026-09-08T15:38:46.3645275Z 
consumer (ubuntu-24.04-arm, aarch64-linux-gnu)	Prove anonymous package-default installation and offline runtime	2026-09-08T15:38:46.3645361Z          integer(), dynamic()
consumer (ubuntu-24.04-arm, aarch64-linux-gnu)	Prove anonymous package-default installation and offline runtime	2026-09-08T15:38:46.3645509Z 
consumer (ubuntu-24.04-arm, aarch64-linux-gnu)	Prove anonymous package-default installation and offline runtime	2026-09-08T15:38:46.3645674Z      previous clauses have already matched on the following types:
consumer (ubuntu-24.04-arm, aarch64-linux-gnu)	Prove anonymous package-default installation and offline runtime	2026-09-08T15:38:46.3645967Z 
consumer (ubuntu-24.04-arm, aarch64-linux-gnu)	Prove anonymous package-default installation and offline runtime	2026-09-08T15:38:46.3646056Z          {:%{}, term(), term()}, term()
consumer (ubuntu-24.04-arm, aarch64-linux-gnu)	Prove anonymous package-default installation and offline runtime	2026-09-08T15:38:46.3646825Z          {atom(), term(), term()}, term()
consumer (ubuntu-24.04-arm, aarch64-linux-gnu)	Prove anonymous package-default installation and offline runtime	2026-09-08T15:38:46.3647076Z          {term(), term()}, term()
consumer (ubuntu-24.04-arm, aarch64-linux-gnu)	Prove anonymous package-default installation and offline runtime	2026-09-08T15:38:46.3647309Z          integer(), term()
consumer (ubuntu-24.04-arm, aarch64-linux-gnu)	Prove anonymous package-default installation and offline runtime	2026-09-08T15:38:46.3647440Z 
consumer (ubuntu-24.04-arm, aarch64-linux-gnu)	Prove anonymous package-default installation and offline runtime	2026-09-08T15:38:46.3647601Z      │
consumer (ubuntu-24.04-arm, aarch64-linux-gnu)	Prove anonymous package-default installation and offline runtime	2026-09-08T15:38:46.3647935Z  573 │   defp to_var(float, _) when is_integer(float), do: {:float, [], nil}
consumer (ubuntu-24.04-arm, aarch64-linux-gnu)	Prove anonymous package-default installation and offline runtime	2026-09-08T15:38:46.3648290Z      │        ~
consumer (ubuntu-24.04-arm, aarch64-linux-gnu)	Prove anonymous package-default installation and offline runtime	2026-09-08T15:38:46.3648462Z      │
consumer (ubuntu-24.04-arm, aarch64-linux-gnu)	Prove anonymous package-default installation and offline runtime	2026-09-08T15:38:46.3648801Z      └─ lib/ex_doc/language/elixir.ex:573:8: ExDoc.Language.Elixir.to_var/2
consumer (ubuntu-24.04-arm, aarch64-linux-gnu)	Prove anonymous package-default installation and offline runtime	2026-09-08T15:38:46.3649077Z 
consumer (ubuntu-24.04-arm, aarch64-linux-gnu)	Prove anonymous package-default installation and offline runtime	2026-09-08T15:38:46.3680197Z Generated ex_doc app
consumer (ubuntu-24.04-arm, aarch64-linux-gnu)	Prove anonymous package-default installation and offline runtime	2026-09-08T15:38:46.6795606Z ==> aphid_consumer
consumer (ubuntu-24.04-arm, aarch64-linux-gnu)	Prove anonymous package-default installation and offline runtime	2026-09-08T15:38:46.6795934Z ===> Analyzing applications...
consumer (ubuntu-24.04-arm, aarch64-linux-gnu)	Prove anonymous package-default installation and offline runtime	2026-09-08T15:38:46.7334957Z ===> Compiling telemetry
consumer (ubuntu-24.04-arm, aarch64-linux-gnu)	Prove anonymous package-default installation and offline runtime	2026-09-08T15:38:47.0239857Z ==> zig_doc
consumer (ubuntu-24.04-arm, aarch64-linux-gnu)	Prove anonymous package-default installation and offline runtime	2026-09-08T15:38:47.0240187Z Compiling 5 files (.ex)
consumer (ubuntu-24.04-arm, aarch64-linux-gnu)	Prove anonymous package-default installation and offline runtime	2026-09-08T15:38:47.2571254Z     warning: the following clause will never match:
consumer (ubuntu-24.04-arm, aarch64-linux-gnu)	Prove anonymous package-default installation and offline runtime	2026-09-08T15:38:47.2571760Z 
consumer (ubuntu-24.04-arm, aarch64-linux-gnu)	Prove anonymous package-default installation and offline runtime	2026-09-08T15:38:47.2571962Z         {{:error, reason}, path} ->
consumer (ubuntu-24.04-arm, aarch64-linux-gnu)	Prove anonymous package-default installation and offline runtime	2026-09-08T15:38:47.2572147Z 
consumer (ubuntu-24.04-arm, aarch64-linux-gnu)	Prove anonymous package-default installation and offline runtime	2026-09-08T15:38:47.2572250Z     it is expected to match on type:
consumer (ubuntu-24.04-arm, aarch64-linux-gnu)	Prove anonymous package-default installation and offline runtime	2026-09-08T15:38:47.2572414Z 
consumer (ubuntu-24.04-arm, aarch64-linux-gnu)	Prove anonymous package-default installation and offline runtime	2026-09-08T15:38:47.2572494Z         dynamic(
consumer (ubuntu-24.04-arm, aarch64-linux-gnu)	Prove anonymous package-default installation and offline runtime	2026-09-08T15:38:47.2572681Z           :error or
consumer (ubuntu-24.04-arm, aarch64-linux-gnu)	Prove anonymous package-default installation and offline runtime	2026-09-08T15:38:47.2572996Z             ({term(), :read, binary() or empty_list() or non_empty_list(term(), term())} and
consumer (ubuntu-24.04-arm, aarch64-linux-gnu)	Prove anonymous package-default installation and offline runtime	2026-09-08T15:38:47.2573506Z                not {{:ok, term()}, :read, binary() or empty_list() or non_empty_list(term(), term())})
consumer (ubuntu-24.04-arm, aarch64-linux-gnu)	Prove anonymous package-default installation and offline runtime	2026-09-08T15:38:47.2574287Z         )
consumer (ubuntu-24.04-arm, aarch64-linux-gnu)	Prove anonymous package-default installation and offline runtime	2026-09-08T15:38:47.2574388Z 
consumer (ubuntu-24.04-arm, aarch64-linux-gnu)	Prove anonymous package-default installation and offline runtime	2026-09-08T15:38:47.2574483Z     type warning found at:
consumer (ubuntu-24.04-arm, aarch64-linux-gnu)	Prove anonymous package-default installation and offline runtime	2026-09-08T15:38:47.2574924Z     │
consumer (ubuntu-24.04-arm, aarch64-linux-gnu)	Prove anonymous package-default installation and offline runtime	2026-09-08T15:38:47.2575182Z  69 │       {{:error, reason}, path} ->
consumer (ubuntu-24.04-arm, aarch64-linux-gnu)	Prove anonymous package-default installation and offline runtime	2026-09-08T15:38:47.2575465Z     │       ~~~~~~~~~~~~~~~~~~~~~~~~~~~
consumer (ubuntu-24.04-arm, aarch64-linux-gnu)	Prove anonymous package-default installation and offline runtime	2026-09-08T15:38:47.2575700Z     │
consumer (ubuntu-24.04-arm, aarch64-linux-gnu)	Prove anonymous package-default installation and offline runtime	2026-09-08T15:38:47.2576068Z     └─ lib/zig.doc/generator.ex:69: Zig.Doc.Generator.modulenode_from_config/3
consumer (ubuntu-24.04-arm, aarch64-linux-gnu)	Prove anonymous package-default installation and offline runtime	2026-09-08T15:38:47.2576361Z 
consumer (ubuntu-24.04-arm, aarch64-linux-gnu)	Prove anonymous package-default installation and offline runtime	2026-09-08T15:38:47.2596827Z Generated zig_doc app
consumer (ubuntu-24.04-arm, aarch64-linux-gnu)	Prove anonymous package-default installation and offline runtime	2026-09-08T15:38:47.2815511Z ==> zigler
consumer (ubuntu-24.04-arm, aarch64-linux-gnu)	Prove anonymous package-default installation and offline runtime	2026-09-08T15:38:47.2815930Z Compiling 50 files (.ex)
consumer (ubuntu-24.04-arm, aarch64-linux-gnu)	Prove anonymous package-default installation and offline runtime	2026-09-08T15:38:47.2942739Z 
consumer (ubuntu-24.04-arm, aarch64-linux-gnu)	Prove anonymous package-default installation and offline runtime	2026-09-08T15:38:47.2943266Z 15:38:47.291 [warning] not cross-compiling windows-msvc
consumer (ubuntu-24.04-arm, aarch64-linux-gnu)	Prove anonymous package-default installation and offline runtime	2026-09-08T15:38:47.3842262Z      warning: clauses with the same name and arity (number of arguments) should be grouped together, "def render_elixir_spec/1" was previously defined (lib/zig/_nif.ex:373)
consumer (ubuntu-24.04-arm, aarch64-linux-gnu)	Prove anonymous package-default installation and offline runtime	2026-09-08T15:38:47.3843256Z      │
consumer (ubuntu-24.04-arm, aarch64-linux-gnu)	Prove anonymous package-default installation and offline runtime	2026-09-08T15:38:47.3843556Z  386 │   def render_elixir_spec(nif) do
consumer (ubuntu-24.04-arm, aarch64-linux-gnu)	Prove anonymous package-default installation and offline runtime	2026-09-08T15:38:47.3843823Z      │       ~
consumer (ubuntu-24.04-arm, aarch64-linux-gnu)	Prove anonymous package-default installation and offline runtime	2026-09-08T15:38:47.3844004Z      │
consumer (ubuntu-24.04-arm, aarch64-linux-gnu)	Prove anonymous package-default installation and offline runtime	2026-09-08T15:38:47.3844227Z      └─ lib/zig/_nif.ex:386:7
consumer (ubuntu-24.04-arm, aarch64-linux-gnu)	Prove anonymous package-default installation and offline runtime	2026-09-08T15:38:47.3844371Z 
consumer (ubuntu-24.04-arm, aarch64-linux-gnu)	Prove anonymous package-default installation and offline runtime	2026-09-08T15:38:49.3719262Z 
consumer (ubuntu-24.04-arm, aarch64-linux-gnu)	Prove anonymous package-default installation and offline runtime	2026-09-08T15:38:49.3720102Z 15:38:49.371 [debug] creating staging directory /home/runner/work/_temp/public-consumer/staging/Elixir.Zig.Formatter
consumer (ubuntu-24.04-arm, aarch64-linux-gnu)	Prove anonymous package-default installation and offline runtime	2026-09-08T15:38:49.3802505Z      warning: unused require EEx
consumer (ubuntu-24.04-arm, aarch64-linux-gnu)	Prove anonymous package-default installation and offline runtime	2026-09-08T15:38:49.3803089Z      │
consumer (ubuntu-24.04-arm, aarch64-linux-gnu)	Prove anonymous package-default installation and offline runtime	2026-09-08T15:38:49.3803337Z  437 │   require EEx
consumer (ubuntu-24.04-arm, aarch64-linux-gnu)	Prove anonymous package-default installation and offline runtime	2026-09-08T15:38:49.3803597Z      │   ~
consumer (ubuntu-24.04-arm, aarch64-linux-gnu)	Prove anonymous package-default installation and offline runtime	2026-09-08T15:38:49.3803767Z      │
consumer (ubuntu-24.04-arm, aarch64-linux-gnu)	Prove anonymous package-default installation and offline runtime	2026-09-08T15:38:49.3803980Z      └─ lib/zig/_nif.ex:437:3
consumer (ubuntu-24.04-arm, aarch64-linux-gnu)	Prove anonymous package-default installation and offline runtime	2026-09-08T15:38:49.3804129Z 
consumer (ubuntu-24.04-arm, aarch64-linux-gnu)	Prove anonymous package-default installation and offline runtime	2026-09-08T15:38:49.3853068Z 
consumer (ubuntu-24.04-arm, aarch64-linux-gnu)	Prove anonymous package-default installation and offline runtime	2026-09-08T15:38:49.3853869Z 15:38:49.384 [info] searching for zig in /home/runner/work/_temp/public-consumer/home/.cache/zigler/zig-aarch64-linux-0.16.0/zig
consumer (ubuntu-24.04-arm, aarch64-linux-gnu)	Prove anonymous package-default installation and offline runtime	2026-09-08T15:38:49.9143674Z warning: Zig.Formatter not active (%CompileError{file: nil, line: nil, description: "zig executable not found"}).  If you need Formatter function, and zig is not available, Please run `mix zig.get` to install it.
consumer (ubuntu-24.04-arm, aarch64-linux-gnu)	Prove anonymous package-default installation and offline runtime	2026-09-08T15:38:49.9163140Z ##[warning]  lib/zig/formatter.ex:46: (file)
consumer (ubuntu-24.04-arm, aarch64-linux-gnu)	Prove anonymous package-default installation and offline runtime	2026-09-08T15:38:49.9170906Z   (elixir 1.20.0) src/elixir_compiler.erl:102: :elixir_compiler.dispatch/4
consumer (ubuntu-24.04-arm, aarch64-linux-gnu)	Prove anonymous package-default installation and offline runtime	2026-09-08T15:38:49.9171752Z   (elixir 1.20.0) src/elixir_compiler.erl:76: :elixir_compiler.compile/4
consumer (ubuntu-24.04-arm, aarch64-linux-gnu)	Prove anonymous package-default installation and offline runtime	2026-09-08T15:38:49.9172259Z   (elixir 1.20.0) src/elixir_compiler.erl:42: :elixir_compiler.optimize_defmodule/2
consumer (ubuntu-24.04-arm, aarch64-linux-gnu)	Prove anonymous package-default installation and offline runtime	2026-09-08T15:38:49.9172716Z   (elixir 1.20.0) src/elixir_lexical.erl:18: :elixir_lexical.run/3
consumer (ubuntu-24.04-arm, aarch64-linux-gnu)	Prove anonymous package-default installation and offline runtime	2026-09-08T15:38:49.9173512Z   (elixir 1.20.0) src/elixir_compiler.erl:21: :elixir_compiler.quoted/3
consumer (ubuntu-24.04-arm, aarch64-linux-gnu)	Prove anonymous package-default installation and offline runtime	2026-09-08T15:38:49.9173772Z 
consumer (ubuntu-24.04-arm, aarch64-linux-gnu)	Prove anonymous package-default installation and offline runtime	2026-09-08T15:38:49.9887343Z Generated zigler app
consumer (ubuntu-24.04-arm, aarch64-linux-gnu)	Prove anonymous package-default installation and offline runtime	2026-09-08T15:38:52.1590364Z ==> aphid
consumer (ubuntu-24.04-arm, aarch64-linux-gnu)	Prove anonymous package-default installation and offline runtime	2026-09-08T15:38:52.1591367Z Aphid local bundle verified and installed: SHA256 d919aa4165d3fa9bbf673bc3645c33e9389afedf0cdb89f7c8c1d2ff8c19f2d5
consumer (ubuntu-24.04-arm, aarch64-linux-gnu)	Prove anonymous package-default installation and offline runtime	2026-09-08T15:38:52.1644571Z Compiling 13 files (.ex)
consumer (ubuntu-24.04-arm, aarch64-linux-gnu)	Prove anonymous package-default installation and offline runtime	2026-09-08T15:38:52.3078877Z 
consumer (ubuntu-24.04-arm, aarch64-linux-gnu)	Prove anonymous package-default installation and offline runtime	2026-09-08T15:38:52.3079889Z 15:38:52.307 [debug] skipping compile step for precompiled module Elixir.Aphid.Proof, at /home/runner/work/_temp/public-consumer/consumer/_build/prod/lib/aphid/priv/lib/Elixir.Aphid.Proof.so
consumer (ubuntu-24.04-arm, aarch64-linux-gnu)	Prove anonymous package-default installation and offline runtime	2026-09-08T15:38:52.3091632Z 
consumer (ubuntu-24.04-arm, aarch64-linux-gnu)	Prove anonymous package-default installation and offline runtime	2026-09-08T15:38:52.3092509Z 15:38:52.308 [debug] destination library path: /home/runner/work/_temp/public-consumer/consumer/_build/prod/lib/aphid/priv/lib/Elixir.Aphid.Proof.so
consumer (ubuntu-24.04-arm, aarch64-linux-gnu)	Prove anonymous package-default installation and offline runtime	2026-09-08T15:38:52.5723432Z 
consumer (ubuntu-24.04-arm, aarch64-linux-gnu)	Prove anonymous package-default installation and offline runtime	2026-09-08T15:38:52.5724447Z 15:38:52.571 [debug] skipping compile step for precompiled module Elixir.Aphid.Native, at /home/runner/work/_temp/public-consumer/consumer/_build/prod/lib/aphid/priv/lib/Elixir.Aphid.Native.so
consumer (ubuntu-24.04-arm, aarch64-linux-gnu)	Prove anonymous package-default installation and offline runtime	2026-09-08T15:38:52.5736149Z 
consumer (ubuntu-24.04-arm, aarch64-linux-gnu)	Prove anonymous package-default installation and offline runtime	2026-09-08T15:38:52.5736690Z 15:38:52.571 [debug] destination library path: /home/runner/work/_temp/public-consumer/consumer/_build/prod/lib/aphid/priv/lib/Elixir.Aphid.Native.so
consumer (ubuntu-24.04-arm, aarch64-linux-gnu)	Prove anonymous package-default installation and offline runtime	2026-09-08T15:38:53.2288970Z Generated aphid app
consumer (ubuntu-24.04-arm, aarch64-linux-gnu)	Prove anonymous package-default installation and offline runtime	2026-09-08T15:38:53.2507017Z {"command": ["sudo", "-E", "bwrap", "--die-with-parent", "--unshare-pid", "--ro-bind", "/", "/", "--dev", "/dev", "--proc", "/proc", "--bind", "/home/runner/work/_temp/public-consumer", "/home/runner/work/_temp/public-consumer", "--tmpfs", "/home/runner/work/Aphid/Aphid", "--tmpfs", "/home/runner/work/_temp/qualified-source", "--ro-bind", "/dev/null", "/usr/bin/aarch64-linux-gnu-as", "--ro-bind", "/dev/null", "/usr/bin/aarch64-linux-gnu-g++-12", "--ro-bind", "/dev/null", "/usr/bin/aarch64-linux-gnu-g++-13", "--ro-bind", "/dev/null", "/usr/bin/aarch64-linux-gnu-g++-14", "--ro-bind", "/dev/null", "/usr/bin/aarch64-linux-gnu-gcc-12", "--ro-bind", "/dev/null", "/usr/bin/aarch64-linux-gnu-gcc-13", "--ro-bind", "/dev/null", "/usr/bin/aarch64-linux-gnu-gcc-14", "--ro-bind", "/dev/null", "/usr/bin/aarch64-linux-gnu-ld.bfd", "--ro-bind", "/dev/null", "/usr/bin/c89-gcc", "--ro-bind", "/dev/null", "/usr/bin/c99-gcc", "--ro-bind", "/dev/null", "/usr/bin/make", "--ro-bind", "/dev/null", "/usr/lib/llvm-16/bin/clang", "--ro-bind", "/dev/null", "/usr/lib/llvm-16/bin/lld", "--ro-bind", "/dev/null", "/usr/lib/llvm-16/bin/llvm-as", "--ro-bind", "/dev/null", "/usr/lib/llvm-17/bin/clang", "--ro-bind", "/dev/null", "/usr/lib/llvm-17/bin/lld", "--ro-bind", "/dev/null", "/usr/lib/llvm-17/bin/llvm-as", "--ro-bind", "/dev/null", "/usr/lib/llvm-18/bin/clang", "--ro-bind", "/dev/null", "/usr/lib/llvm-18/bin/lld", "--ro-bind", "/dev/null", "/usr/lib/llvm-18/bin/llvm-as", "--ro-bind", "/dev/null", "/usr/local/bin/cmake", "--ro-bind", "/dev/null", "/usr/local/bin/ninja", "--cap-add", "CAP_SETUID", "--cap-add", "CAP_SETGID", "--cap-add", "CAP_SETPCAP", "--clearenv", "--setenv", "LANG", "C.UTF-8", "--setenv", "HOME", "/home/runner/work/_temp/public-consumer/home", "--setenv", "PATH", "/home/runner/work/_temp/public-consumer/tools:/home/runner/work/_temp/.setup-beam/elixir/bin:/home/runner/work/_temp/.setup-beam/elixir/bin:/home/runner/work/_temp/.setup-beam/otp/bin:/usr/bin:/bin:/usr/sbin:/sbin", "--setenv", "MIX_HOME", "/home/runner/work/_temp/public-consumer/mix-home", "--setenv", "HEX_HOME", "/home/runner/work/_temp/public-consumer/hex-home", "--setenv", "MIX_ENV", "prod", "--setenv", "ZIG_EXECUTABLE_PATH", "/home/runner/work/_temp/public-consumer/tools/zig", "--setenv", "ZIG_GLOBAL_CACHE_DIR", "/home/runner/work/_temp/public-consumer/zig-cache", "--setenv", "ZIGLER_STAGING_ROOT", "/home/runner/work/_temp/public-consumer/staging", "--setenv", "ERL_FLAGS", "+S 1:1 +SDcpu 1:1", "--setenv", "TMPDIR", "/home/runner/work/_temp/public-consumer/tmp", "--", "/usr/bin/setpriv", "--reuid", "1001", "--regid", "1001", "--clear-groups", "--bounding-set=-all", "--no-new-privs", "--", "mix", "deps.compile"], "cwd": "/home/runner/work/_temp/public-consumer/consumer", "exit": 0, "seconds": 37.651}
consumer (ubuntu-24.04-arm, aarch64-linux-gnu)	Prove anonymous package-default installation and offline runtime	2026-09-08T15:38:53.9456995Z Generated aphid_consumer app
consumer (ubuntu-24.04-arm, aarch64-linux-gnu)	Prove anonymous package-default installation and offline runtime	2026-09-08T15:38:53.9662171Z {"command": ["sudo", "-E", "bwrap", "--die-with-parent", "--unshare-pid", "--ro-bind", "/", "/", "--dev", "/dev", "--proc", "/proc", "--bind", "/home/runner/work/_temp/public-consumer", "/home/runner/work/_temp/public-consumer", "--tmpfs", "/home/runner/work/Aphid/Aphid", "--tmpfs", "/home/runner/work/_temp/qualified-source", "--ro-bind", "/dev/null", "/usr/bin/aarch64-linux-gnu-as", "--ro-bind", "/dev/null", "/usr/bin/aarch64-linux-gnu-g++-12", "--ro-bind", "/dev/null", "/usr/bin/aarch64-linux-gnu-g++-13", "--ro-bind", "/dev/null", "/usr/bin/aarch64-linux-gnu-g++-14", "--ro-bind", "/dev/null", "/usr/bin/aarch64-linux-gnu-gcc-12", "--ro-bind", "/dev/null", "/usr/bin/aarch64-linux-gnu-gcc-13", "--ro-bind", "/dev/null", "/usr/bin/aarch64-linux-gnu-gcc-14", "--ro-bind", "/dev/null", "/usr/bin/aarch64-linux-gnu-ld.bfd", "--ro-bind", "/dev/null", "/usr/bin/c89-gcc", "--ro-bind", "/dev/null", "/usr/bin/c99-gcc", "--ro-bind", "/dev/null", "/usr/bin/make", "--ro-bind", "/dev/null", "/usr/lib/llvm-16/bin/clang", "--ro-bind", "/dev/null", "/usr/lib/llvm-16/bin/lld", "--ro-bind", "/dev/null", "/usr/lib/llvm-16/bin/llvm-as", "--ro-bind", "/dev/null", "/usr/lib/llvm-17/bin/clang", "--ro-bind", "/dev/null", "/usr/lib/llvm-17/bin/lld", "--ro-bind", "/dev/null", "/usr/lib/llvm-17/bin/llvm-as", "--ro-bind", "/dev/null", "/usr/lib/llvm-18/bin/clang", "--ro-bind", "/dev/null", "/usr/lib/llvm-18/bin/lld", "--ro-bind", "/dev/null", "/usr/lib/llvm-18/bin/llvm-as", "--ro-bind", "/dev/null", "/usr/local/bin/cmake", "--ro-bind", "/dev/null", "/usr/local/bin/ninja", "--cap-add", "CAP_SETUID", "--cap-add", "CAP_SETGID", "--cap-add", "CAP_SETPCAP", "--clearenv", "--setenv", "LANG", "C.UTF-8", "--setenv", "HOME", "/home/runner/work/_temp/public-consumer/home", "--setenv", "PATH", "/home/runner/work/_temp/public-consumer/tools:/home/runner/work/_temp/.setup-beam/elixir/bin:/home/runner/work/_temp/.setup-beam/elixir/bin:/home/runner/work/_temp/.setup-beam/otp/bin:/usr/bin:/bin:/usr/sbin:/sbin", "--setenv", "MIX_HOME", "/home/runner/work/_temp/public-consumer/mix-home", "--setenv", "HEX_HOME", "/home/runner/work/_temp/public-consumer/hex-home", "--setenv", "MIX_ENV", "prod", "--setenv", "ZIG_EXECUTABLE_PATH", "/home/runner/work/_temp/public-consumer/tools/zig", "--setenv", "ZIG_GLOBAL_CACHE_DIR", "/home/runner/work/_temp/public-consumer/zig-cache", "--setenv", "ZIGLER_STAGING_ROOT", "/home/runner/work/_temp/public-consumer/staging", "--setenv", "ERL_FLAGS", "+S 1:1 +SDcpu 1:1", "--setenv", "TMPDIR", "/home/runner/work/_temp/public-consumer/tmp", "--", "/usr/bin/setpriv", "--reuid", "1001", "--regid", "1001", "--clear-groups", "--bounding-set=-all", "--no-new-privs", "--", "mix", "compile"], "cwd": "/home/runner/work/_temp/public-consumer/consumer", "exit": 0, "seconds": 0.715}
consumer (ubuntu-24.04-arm, aarch64-linux-gnu)	Prove anonymous package-default installation and offline runtime	2026-09-08T15:38:54.6356021Z runtime identity: {"1.20.0", ~c"29", ~c"2.18"}
consumer (ubuntu-24.04-arm, aarch64-linux-gnu)	Prove anonymous package-default installation and offline runtime	2026-09-08T15:38:56.4629484Z Running ExUnit with seed: 0, max_cases: 2
consumer (ubuntu-24.04-arm, aarch64-linux-gnu)	Prove anonymous package-default installation and offline runtime	2026-09-08T15:38:56.4629971Z 
consumer (ubuntu-24.04-arm, aarch64-linux-gnu)	Prove anonymous package-default installation and offline runtime	2026-09-08T15:39:02.9700137Z ...................Aphid basic example passed
consumer (ubuntu-24.04-arm, aarch64-linux-gnu)	Prove anonymous package-default installation and offline runtime	2026-09-08T15:39:03.0030734Z .Aphid transaction example passed
consumer (ubuntu-24.04-arm, aarch64-linux-gnu)	Prove anonymous package-default installation and offline runtime	2026-09-08T15:39:03.0300195Z .Aphid stream example passed
consumer (ubuntu-24.04-arm, aarch64-linux-gnu)	Prove anonymous package-default installation and offline runtime	2026-09-08T15:39:03.1170436Z .Aphid FTS example passed
consumer (ubuntu-24.04-arm, aarch64-linux-gnu)	Prove anonymous package-default installation and offline runtime	2026-09-08T15:39:03.1560550Z .Aphid vector example passed
consumer (ubuntu-24.04-arm, aarch64-linux-gnu)	Prove anonymous package-default installation and offline runtime	2026-09-08T15:39:03.2494829Z .Aphid DuckDB example passed
consumer (ubuntu-24.04-arm, aarch64-linux-gnu)	Prove anonymous package-default installation and offline runtime	2026-09-08T15:39:09.6147525Z .............stale-cancel race: 30 iterations; maximum cancel-to-idle 201009 us
consumer (ubuntu-24.04-arm, aarch64-linux-gnu)	Prove anonymous package-default installation and offline runtime	2026-09-08T15:39:14.2449912Z ........heartbeat: 11 samples; maximum gap 6 ms
consumer (ubuntu-24.04-arm, aarch64-linux-gnu)	Prove anonymous package-default installation and offline runtime	2026-09-08T15:39:14.3363917Z .
consumer (ubuntu-24.04-arm, aarch64-linux-gnu)	Prove anonymous package-default installation and offline runtime	2026-09-08T15:39:14.3365129Z 15:39:14.334 [error] Aphid artifact [unloadable]: /home/runner/work/_temp/public-consumer/consumer/_build/prod/lib/aphid/priv/lib/Elixir.Aphid.Native: {:upgrade, ~c"Library upgrade-call unsuccessful (-1)."}; use the matching complete bundle and runtime. No source fallback.
consumer (ubuntu-24.04-arm, aarch64-linux-gnu)	Prove anonymous package-default installation and offline runtime	2026-09-08T15:39:14.3397388Z 
consumer (ubuntu-24.04-arm, aarch64-linux-gnu)	Prove anonymous package-default installation and offline runtime	2026-09-08T15:39:14.3398030Z 15:39:14.337 [warning] The on_load function for module Elixir.Aphid.Native returned:
consumer (ubuntu-24.04-arm, aarch64-linux-gnu)	Prove anonymous package-default installation and offline runtime	2026-09-08T15:39:14.3398553Z {:error, {:upgrade, ~c"Library upgrade-call unsuccessful (-1)."}}
consumer (ubuntu-24.04-arm, aarch64-linux-gnu)	Prove anonymous package-default installation and offline runtime	2026-09-08T15:39:14.3398806Z 
consumer (ubuntu-24.04-arm, aarch64-linux-gnu)	Prove anonymous package-default installation and offline runtime	2026-09-08T15:39:17.0040015Z .....................................................
consumer (ubuntu-24.04-arm, aarch64-linux-gnu)	Prove anonymous package-default installation and offline runtime	2026-09-08T15:39:17.0058697Z Finished in 22.3 seconds (1.8s on load, 0.00s async, 20.5s sync)
consumer (ubuntu-24.04-arm, aarch64-linux-gnu)	Prove anonymous package-default installation and offline runtime	2026-09-08T15:39:17.0059263Z 
consumer (ubuntu-24.04-arm, aarch64-linux-gnu)	Prove anonymous package-default installation and offline runtime	2026-09-08T15:39:17.0059537Z Result: 99 passed
consumer (ubuntu-24.04-arm, aarch64-linux-gnu)	Prove anonymous package-default installation and offline runtime	2026-09-08T15:39:17.0471811Z {"command": ["sudo", "-E", "bwrap", "--die-with-parent", "--unshare-pid", "--ro-bind", "/", "/", "--dev", "/dev", "--proc", "/proc", "--bind", "/home/runner/work/_temp/public-consumer", "/home/runner/work/_temp/public-consumer", "--unshare-net", "--tmpfs", "/home/runner/work/Aphid/Aphid", "--tmpfs", "/home/runner/work/_temp/qualified-source", "--ro-bind", "/dev/null", "/usr/bin/aarch64-linux-gnu-as", "--ro-bind", "/dev/null", "/usr/bin/aarch64-linux-gnu-g++-12", "--ro-bind", "/dev/null", "/usr/bin/aarch64-linux-gnu-g++-13", "--ro-bind", "/dev/null", "/usr/bin/aarch64-linux-gnu-g++-14", "--ro-bind", "/dev/null", "/usr/bin/aarch64-linux-gnu-gcc-12", "--ro-bind", "/dev/null", "/usr/bin/aarch64-linux-gnu-gcc-13", "--ro-bind", "/dev/null", "/usr/bin/aarch64-linux-gnu-gcc-14", "--ro-bind", "/dev/null", "/usr/bin/aarch64-linux-gnu-ld.bfd", "--ro-bind", "/dev/null", "/usr/bin/c89-gcc", "--ro-bind", "/dev/null", "/usr/bin/c99-gcc", "--ro-bind", "/dev/null", "/usr/bin/make", "--ro-bind", "/dev/null", "/usr/lib/llvm-16/bin/clang", "--ro-bind", "/dev/null", "/usr/lib/llvm-16/bin/lld", "--ro-bind", "/dev/null", "/usr/lib/llvm-16/bin/llvm-as", "--ro-bind", "/dev/null", "/usr/lib/llvm-17/bin/clang", "--ro-bind", "/dev/null", "/usr/lib/llvm-17/bin/lld", "--ro-bind", "/dev/null", "/usr/lib/llvm-17/bin/llvm-as", "--ro-bind", "/dev/null", "/usr/lib/llvm-18/bin/clang", "--ro-bind", "/dev/null", "/usr/lib/llvm-18/bin/lld", "--ro-bind", "/dev/null", "/usr/lib/llvm-18/bin/llvm-as", "--ro-bind", "/dev/null", "/usr/local/bin/cmake", "--ro-bind", "/dev/null", "/usr/local/bin/ninja", "--cap-add", "CAP_SETUID", "--cap-add", "CAP_SETGID", "--cap-add", "CAP_SETPCAP", "--clearenv", "--setenv", "LANG", "C.UTF-8", "--setenv", "HOME", "/home/runner/work/_temp/public-consumer/home", "--setenv", "PATH", "/home/runner/work/_temp/public-consumer/tools:/home/runner/work/_temp/.setup-beam/elixir/bin:/home/runner/work/_temp/.setup-beam/elixir/bin:/home/runner/work/_temp/.setup-beam/otp/bin:/usr/bin:/bin:/usr/sbin:/sbin", "--setenv", "MIX_HOME", "/home/runner/work/_temp/public-consumer/mix-home", "--setenv", "HEX_HOME", "/home/runner/work/_temp/public-consumer/hex-home", "--setenv", "MIX_ENV", "prod", "--setenv", "ZIG_EXECUTABLE_PATH", "/home/runner/work/_temp/public-consumer/tools/zig", "--setenv", "ZIG_GLOBAL_CACHE_DIR", "/home/runner/work/_temp/public-consumer/zig-cache", "--setenv", "ZIGLER_STAGING_ROOT", "/home/runner/work/_temp/public-consumer/staging", "--setenv", "ERL_FLAGS", "+S 1:1 +SDcpu 1:1", "--setenv", "TMPDIR", "/home/runner/work/_temp/public-consumer/tmp", "--", "/usr/bin/setpriv", "--reuid", "1001", "--regid", "1001", "--clear-groups", "--bounding-set=-all", "--no-new-privs", "--", "mix", "run", "--no-compile", "check.exs"], "cwd": "/home/runner/work/_temp/public-consumer/consumer", "exit": 0, "seconds": 23.06}
consumer (ubuntu-24.04-arm, aarch64-linux-gnu)	Prove anonymous package-default installation and offline runtime	2026-09-08T15:39:17.2160130Z Installed license hashes, including source-package supplement: a9380f27e98b9ee7180560a31c99994cdfcbb2b8efae4b526e5225b14c56e992
consumer (ubuntu-24.04-arm, aarch64-linux-gnu)	Prove anonymous package-default installation and offline runtime	2026-09-08T15:39:17.2160966Z fresh Mix consumer passed; native files unchanged; no native compiler invocation
consumer (ubuntu-24.04-arm, aarch64-linux-gnu)	Post Run actions/setup-python@ece7cb06caefa5fff74198d8649806c4678c61a1	﻿2026-09-08T15:39:17.2443832Z Post job cleanup.
consumer (ubuntu-24.04-arm, aarch64-linux-gnu)	Post Run actions/checkout@d23441a48e516b6c34aea4fa41551a30e30af803	﻿2026-09-08T15:39:17.3644575Z Post job cleanup.
consumer (ubuntu-24.04-arm, aarch64-linux-gnu)	Post Run actions/checkout@d23441a48e516b6c34aea4fa41551a30e30af803	2026-09-08T15:39:17.4363201Z [command]/usr/bin/git version
consumer (ubuntu-24.04-arm, aarch64-linux-gnu)	Post Run actions/checkout@d23441a48e516b6c34aea4fa41551a30e30af803	2026-09-08T15:39:17.4399422Z git version 2.55.0
consumer (ubuntu-24.04-arm, aarch64-linux-gnu)	Post Run actions/checkout@d23441a48e516b6c34aea4fa41551a30e30af803	2026-09-08T15:39:17.4437317Z Temporarily overriding HOME='/home/runner/work/_temp/f5a650e0-bf19-46e7-96a2-ff51a371d53d' before making global git config changes
consumer (ubuntu-24.04-arm, aarch64-linux-gnu)	Post Run actions/checkout@d23441a48e516b6c34aea4fa41551a30e30af803	2026-09-08T15:39:17.4440899Z Adding repository directory to the temporary git global config as a safe directory
consumer (ubuntu-24.04-arm, aarch64-linux-gnu)	Post Run actions/checkout@d23441a48e516b6c34aea4fa41551a30e30af803	2026-09-08T15:39:17.4442502Z [command]/usr/bin/git config --global --add safe.directory /home/runner/work/Aphid/Aphid
consumer (ubuntu-24.04-arm, aarch64-linux-gnu)	Post Run actions/checkout@d23441a48e516b6c34aea4fa41551a30e30af803	2026-09-08T15:39:17.4473787Z Removing SSH command configuration
consumer (ubuntu-24.04-arm, aarch64-linux-gnu)	Post Run actions/checkout@d23441a48e516b6c34aea4fa41551a30e30af803	2026-09-08T15:39:17.4480834Z [command]/usr/bin/git config --local --name-only --get-regexp core\.sshCommand
consumer (ubuntu-24.04-arm, aarch64-linux-gnu)	Post Run actions/checkout@d23441a48e516b6c34aea4fa41551a30e30af803	2026-09-08T15:39:17.4513901Z [command]/usr/bin/git submodule foreach --recursive sh -c "git config --local --name-only --get-regexp 'core\.sshCommand' && git config --local --unset-all 'core.sshCommand' || :"
consumer (ubuntu-24.04-arm, aarch64-linux-gnu)	Post Run actions/checkout@d23441a48e516b6c34aea4fa41551a30e30af803	2026-09-08T15:39:17.4714289Z Removing HTTP extra header
consumer (ubuntu-24.04-arm, aarch64-linux-gnu)	Post Run actions/checkout@d23441a48e516b6c34aea4fa41551a30e30af803	2026-09-08T15:39:17.4724080Z [command]/usr/bin/git config --local --name-only --get-regexp http\.https\:\/\/github\.com\/\.extraheader
consumer (ubuntu-24.04-arm, aarch64-linux-gnu)	Post Run actions/checkout@d23441a48e516b6c34aea4fa41551a30e30af803	2026-09-08T15:39:17.4755387Z [command]/usr/bin/git submodule foreach --recursive sh -c "git config --local --name-only --get-regexp 'http\.https\:\/\/github\.com\/\.extraheader' && git config --local --unset-all 'http.https://github.com/.extraheader' || :"
consumer (ubuntu-24.04-arm, aarch64-linux-gnu)	Post Run actions/checkout@d23441a48e516b6c34aea4fa41551a30e30af803	2026-09-08T15:39:17.4961342Z Removing includeIf entries pointing to credentials config files
consumer (ubuntu-24.04-arm, aarch64-linux-gnu)	Post Run actions/checkout@d23441a48e516b6c34aea4fa41551a30e30af803	2026-09-08T15:39:17.4969307Z [command]/usr/bin/git config --local --name-only --get-regexp ^includeIf\.gitdir:
consumer (ubuntu-24.04-arm, aarch64-linux-gnu)	Post Run actions/checkout@d23441a48e516b6c34aea4fa41551a30e30af803	2026-09-08T15:39:17.5003877Z [command]/usr/bin/git submodule foreach --recursive git config --local --show-origin --name-only --get-regexp remote.origin.url
consumer (ubuntu-24.04-arm, aarch64-linux-gnu)	Complete job	﻿2026-09-08T15:39:17.5356349Z Cleaning up orphan processes
consumer (ubuntu-24.04, x86_64-linux-gnu)	Set up job	﻿2026-09-08T15:37:38.9681362Z Current runner version: '2.337.0'
consumer (ubuntu-24.04, x86_64-linux-gnu)	Set up job	2026-09-08T15:37:38.9704460Z ##[group]Runner Image Provisioner
consumer (ubuntu-24.04, x86_64-linux-gnu)	Set up job	2026-09-08T15:37:38.9705281Z Hosted Compute Agent
consumer (ubuntu-24.04, x86_64-linux-gnu)	Set up job	2026-09-08T15:37:38.9705804Z Version: 20260828.587
consumer (ubuntu-24.04, x86_64-linux-gnu)	Set up job	2026-09-08T15:37:38.9706332Z Commit: abac92662cab4cc7352de4f9f9d2e2419aad9c29
consumer (ubuntu-24.04, x86_64-linux-gnu)	Set up job	2026-09-08T15:37:38.9706970Z Build Date: 2026-08-28T16:44:25Z
consumer (ubuntu-24.04, x86_64-linux-gnu)	Set up job	2026-09-08T15:37:38.9707610Z Worker ID: {98502c4a-1f31-4e0f-9386-c36fe6234b13}
consumer (ubuntu-24.04, x86_64-linux-gnu)	Set up job	2026-09-08T15:37:38.9708220Z Azure Region: eastus
consumer (ubuntu-24.04, x86_64-linux-gnu)	Set up job	2026-09-08T15:37:38.9708705Z ##[endgroup]
consumer (ubuntu-24.04, x86_64-linux-gnu)	Set up job	2026-09-08T15:37:38.9709791Z ##[group]Operating System
consumer (ubuntu-24.04, x86_64-linux-gnu)	Set up job	2026-09-08T15:37:38.9710360Z Ubuntu
consumer (ubuntu-24.04, x86_64-linux-gnu)	Set up job	2026-09-08T15:37:38.9711082Z 24.04.4
consumer (ubuntu-24.04, x86_64-linux-gnu)	Set up job	2026-09-08T15:37:38.9711528Z LTS
consumer (ubuntu-24.04, x86_64-linux-gnu)	Set up job	2026-09-08T15:37:38.9712031Z ##[endgroup]
consumer (ubuntu-24.04, x86_64-linux-gnu)	Set up job	2026-09-08T15:37:38.9712526Z ##[group]Runner Image
consumer (ubuntu-24.04, x86_64-linux-gnu)	Set up job	2026-09-08T15:37:38.9713037Z Image: ubuntu-24.04
consumer (ubuntu-24.04, x86_64-linux-gnu)	Set up job	2026-09-08T15:37:38.9713585Z Version: 20260831.293.1
consumer (ubuntu-24.04, x86_64-linux-gnu)	Set up job	2026-09-08T15:37:38.9714424Z Included Software: https://github.com/actions/runner-images/blob/ubuntu24/20260831.293/images/ubuntu/Ubuntu2404-Readme.md
consumer (ubuntu-24.04, x86_64-linux-gnu)	Set up job	2026-09-08T15:37:38.9715877Z Image Release: https://github.com/actions/runner-images/releases/tag/ubuntu24%2F20260831.293
consumer (ubuntu-24.04, x86_64-linux-gnu)	Set up job	2026-09-08T15:37:38.9716731Z ##[endgroup]
consumer (ubuntu-24.04, x86_64-linux-gnu)	Set up job	2026-09-08T15:37:38.9717719Z ##[group]GITHUB_TOKEN Permissions
consumer (ubuntu-24.04, x86_64-linux-gnu)	Set up job	2026-09-08T15:37:38.9719847Z Actions: read
consumer (ubuntu-24.04, x86_64-linux-gnu)	Set up job	2026-09-08T15:37:38.9720353Z Contents: read
consumer (ubuntu-24.04, x86_64-linux-gnu)	Set up job	2026-09-08T15:37:38.9721031Z Metadata: read
consumer (ubuntu-24.04, x86_64-linux-gnu)	Set up job	2026-09-08T15:37:38.9721588Z ##[endgroup]
consumer (ubuntu-24.04, x86_64-linux-gnu)	Set up job	2026-09-08T15:37:38.9723321Z Secret source: Actions
consumer (ubuntu-24.04, x86_64-linux-gnu)	Set up job	2026-09-08T15:37:38.9724452Z Prepare workflow directory
consumer (ubuntu-24.04, x86_64-linux-gnu)	Set up job	2026-09-08T15:37:38.9985536Z Prepare all required actions
consumer (ubuntu-24.04, x86_64-linux-gnu)	Set up job	2026-09-08T15:37:39.0024966Z Getting action download info
consumer (ubuntu-24.04, x86_64-linux-gnu)	Set up job	2026-09-08T15:37:39.2016746Z Download action repository 'actions/checkout@d23441a48e516b6c34aea4fa41551a30e30af803' (SHA:d23441a48e516b6c34aea4fa41551a30e30af803)
consumer (ubuntu-24.04, x86_64-linux-gnu)	Set up job	2026-09-08T15:37:39.5809280Z Download action repository 'actions/setup-python@ece7cb06caefa5fff74198d8649806c4678c61a1' (SHA:ece7cb06caefa5fff74198d8649806c4678c61a1)
consumer (ubuntu-24.04, x86_64-linux-gnu)	Set up job	2026-09-08T15:37:39.9347895Z Download action repository 'erlef/setup-beam@54075bcc5e249e4758d363f27d099f55d843f124' (SHA:54075bcc5e249e4758d363f27d099f55d843f124)
consumer (ubuntu-24.04, x86_64-linux-gnu)	Set up job	2026-09-08T15:37:40.4726621Z Complete job name: consumer (ubuntu-24.04, x86_64-linux-gnu)
consumer (ubuntu-24.04, x86_64-linux-gnu)	Run actions/checkout@d23441a48e516b6c34aea4fa41551a30e30af803	﻿2026-09-08T15:37:40.5332439Z ##[group]Run actions/checkout@d23441a48e516b6c34aea4fa41551a30e30af803
consumer (ubuntu-24.04, x86_64-linux-gnu)	Run actions/checkout@d23441a48e516b6c34aea4fa41551a30e30af803	2026-09-08T15:37:40.5333301Z with:
consumer (ubuntu-24.04, x86_64-linux-gnu)	Run actions/checkout@d23441a48e516b6c34aea4fa41551a30e30af803	2026-09-08T15:37:40.5333543Z   persist-credentials: false
consumer (ubuntu-24.04, x86_64-linux-gnu)	Run actions/checkout@d23441a48e516b6c34aea4fa41551a30e30af803	2026-09-08T15:37:40.5333811Z   repository: catethos/Aphid
consumer (ubuntu-24.04, x86_64-linux-gnu)	Run actions/checkout@d23441a48e516b6c34aea4fa41551a30e30af803	2026-09-08T15:37:40.5335964Z   token: ***
consumer (ubuntu-24.04, x86_64-linux-gnu)	Run actions/checkout@d23441a48e516b6c34aea4fa41551a30e30af803	2026-09-08T15:37:40.5336275Z   ssh-strict: true
consumer (ubuntu-24.04, x86_64-linux-gnu)	Run actions/checkout@d23441a48e516b6c34aea4fa41551a30e30af803	2026-09-08T15:37:40.5336542Z   ssh-user: git
consumer (ubuntu-24.04, x86_64-linux-gnu)	Run actions/checkout@d23441a48e516b6c34aea4fa41551a30e30af803	2026-09-08T15:37:40.5336752Z   clean: true
consumer (ubuntu-24.04, x86_64-linux-gnu)	Run actions/checkout@d23441a48e516b6c34aea4fa41551a30e30af803	2026-09-08T15:37:40.5336988Z   sparse-checkout-cone-mode: true
consumer (ubuntu-24.04, x86_64-linux-gnu)	Run actions/checkout@d23441a48e516b6c34aea4fa41551a30e30af803	2026-09-08T15:37:40.5337245Z   fetch-depth: 1
consumer (ubuntu-24.04, x86_64-linux-gnu)	Run actions/checkout@d23441a48e516b6c34aea4fa41551a30e30af803	2026-09-08T15:37:40.5337458Z   fetch-tags: false
consumer (ubuntu-24.04, x86_64-linux-gnu)	Run actions/checkout@d23441a48e516b6c34aea4fa41551a30e30af803	2026-09-08T15:37:40.5337670Z   show-progress: true
consumer (ubuntu-24.04, x86_64-linux-gnu)	Run actions/checkout@d23441a48e516b6c34aea4fa41551a30e30af803	2026-09-08T15:37:40.5337906Z   lfs: false
consumer (ubuntu-24.04, x86_64-linux-gnu)	Run actions/checkout@d23441a48e516b6c34aea4fa41551a30e30af803	2026-09-08T15:37:40.5338142Z   submodules: false
consumer (ubuntu-24.04, x86_64-linux-gnu)	Run actions/checkout@d23441a48e516b6c34aea4fa41551a30e30af803	2026-09-08T15:37:40.5338364Z   set-safe-directory: true
consumer (ubuntu-24.04, x86_64-linux-gnu)	Run actions/checkout@d23441a48e516b6c34aea4fa41551a30e30af803	2026-09-08T15:37:40.5338619Z   allow-unsafe-pr-checkout: false
consumer (ubuntu-24.04, x86_64-linux-gnu)	Run actions/checkout@d23441a48e516b6c34aea4fa41551a30e30af803	2026-09-08T15:37:40.5339081Z ##[endgroup]
consumer (ubuntu-24.04, x86_64-linux-gnu)	Run actions/checkout@d23441a48e516b6c34aea4fa41551a30e30af803	2026-09-08T15:37:40.6151597Z Syncing repository: catethos/Aphid
consumer (ubuntu-24.04, x86_64-linux-gnu)	Run actions/checkout@d23441a48e516b6c34aea4fa41551a30e30af803	2026-09-08T15:37:40.6153096Z ##[group]Getting Git version info
consumer (ubuntu-24.04, x86_64-linux-gnu)	Run actions/checkout@d23441a48e516b6c34aea4fa41551a30e30af803	2026-09-08T15:37:40.6153588Z Working directory is '/home/runner/work/Aphid/Aphid'
consumer (ubuntu-24.04, x86_64-linux-gnu)	Run actions/checkout@d23441a48e516b6c34aea4fa41551a30e30af803	2026-09-08T15:37:40.6154278Z [command]/usr/bin/git version
consumer (ubuntu-24.04, x86_64-linux-gnu)	Run actions/checkout@d23441a48e516b6c34aea4fa41551a30e30af803	2026-09-08T15:37:40.9208774Z git version 2.55.0
consumer (ubuntu-24.04, x86_64-linux-gnu)	Run actions/checkout@d23441a48e516b6c34aea4fa41551a30e30af803	2026-09-08T15:37:40.9234820Z ##[endgroup]
consumer (ubuntu-24.04, x86_64-linux-gnu)	Run actions/checkout@d23441a48e516b6c34aea4fa41551a30e30af803	2026-09-08T15:37:40.9247176Z Temporarily overriding HOME='/home/runner/work/_temp/631324ee-028a-410c-970f-d69d957440b5' before making global git config changes
consumer (ubuntu-24.04, x86_64-linux-gnu)	Run actions/checkout@d23441a48e516b6c34aea4fa41551a30e30af803	2026-09-08T15:37:40.9248041Z Adding repository directory to the temporary git global config as a safe directory
consumer (ubuntu-24.04, x86_64-linux-gnu)	Run actions/checkout@d23441a48e516b6c34aea4fa41551a30e30af803	2026-09-08T15:37:40.9252928Z [command]/usr/bin/git config --global --add safe.directory /home/runner/work/Aphid/Aphid
consumer (ubuntu-24.04, x86_64-linux-gnu)	Run actions/checkout@d23441a48e516b6c34aea4fa41551a30e30af803	2026-09-08T15:37:40.9303522Z Deleting the contents of '/home/runner/work/Aphid/Aphid'
consumer (ubuntu-24.04, x86_64-linux-gnu)	Run actions/checkout@d23441a48e516b6c34aea4fa41551a30e30af803	2026-09-08T15:37:40.9307483Z ##[group]Determining repository object format
consumer (ubuntu-24.04, x86_64-linux-gnu)	Run actions/checkout@d23441a48e516b6c34aea4fa41551a30e30af803	2026-09-08T15:37:40.9309843Z ##[endgroup]
consumer (ubuntu-24.04, x86_64-linux-gnu)	Run actions/checkout@d23441a48e516b6c34aea4fa41551a30e30af803	2026-09-08T15:37:40.9310504Z ##[group]Initializing the repository
consumer (ubuntu-24.04, x86_64-linux-gnu)	Run actions/checkout@d23441a48e516b6c34aea4fa41551a30e30af803	2026-09-08T15:37:40.9314655Z [command]/usr/bin/git init /home/runner/work/Aphid/Aphid
consumer (ubuntu-24.04, x86_64-linux-gnu)	Run actions/checkout@d23441a48e516b6c34aea4fa41551a30e30af803	2026-09-08T15:37:40.9467815Z hint: Using 'master' as the name for the initial branch. This default branch name
consumer (ubuntu-24.04, x86_64-linux-gnu)	Run actions/checkout@d23441a48e516b6c34aea4fa41551a30e30af803	2026-09-08T15:37:40.9469500Z hint: will change to "main" in Git 3.0. To configure the initial branch name
consumer (ubuntu-24.04, x86_64-linux-gnu)	Run actions/checkout@d23441a48e516b6c34aea4fa41551a30e30af803	2026-09-08T15:37:40.9470639Z hint: to use in all of your new repositories, which will suppress this warning,
consumer (ubuntu-24.04, x86_64-linux-gnu)	Run actions/checkout@d23441a48e516b6c34aea4fa41551a30e30af803	2026-09-08T15:37:40.9471705Z hint: call:
consumer (ubuntu-24.04, x86_64-linux-gnu)	Run actions/checkout@d23441a48e516b6c34aea4fa41551a30e30af803	2026-09-08T15:37:40.9472268Z hint:
consumer (ubuntu-24.04, x86_64-linux-gnu)	Run actions/checkout@d23441a48e516b6c34aea4fa41551a30e30af803	2026-09-08T15:37:40.9472841Z hint: 	git config --global init.defaultBranch <name>
consumer (ubuntu-24.04, x86_64-linux-gnu)	Run actions/checkout@d23441a48e516b6c34aea4fa41551a30e30af803	2026-09-08T15:37:40.9473567Z hint:
consumer (ubuntu-24.04, x86_64-linux-gnu)	Run actions/checkout@d23441a48e516b6c34aea4fa41551a30e30af803	2026-09-08T15:37:40.9474248Z hint: Names commonly chosen instead of 'master' are 'main', 'trunk' and
consumer (ubuntu-24.04, x86_64-linux-gnu)	Run actions/checkout@d23441a48e516b6c34aea4fa41551a30e30af803	2026-09-08T15:37:40.9475107Z hint: 'development'. The just-created branch can be renamed via this command:
consumer (ubuntu-24.04, x86_64-linux-gnu)	Run actions/checkout@d23441a48e516b6c34aea4fa41551a30e30af803	2026-09-08T15:37:40.9475654Z hint:
consumer (ubuntu-24.04, x86_64-linux-gnu)	Run actions/checkout@d23441a48e516b6c34aea4fa41551a30e30af803	2026-09-08T15:37:40.9475960Z hint: 	git branch -m <name>
consumer (ubuntu-24.04, x86_64-linux-gnu)	Run actions/checkout@d23441a48e516b6c34aea4fa41551a30e30af803	2026-09-08T15:37:40.9476304Z hint:
consumer (ubuntu-24.04, x86_64-linux-gnu)	Run actions/checkout@d23441a48e516b6c34aea4fa41551a30e30af803	2026-09-08T15:37:40.9476760Z hint: Disable this message with "git config set advice.defaultBranchName false"
consumer (ubuntu-24.04, x86_64-linux-gnu)	Run actions/checkout@d23441a48e516b6c34aea4fa41551a30e30af803	2026-09-08T15:37:40.9477512Z Initialized empty Git repository in /home/runner/work/Aphid/Aphid/.git/
consumer (ubuntu-24.04, x86_64-linux-gnu)	Run actions/checkout@d23441a48e516b6c34aea4fa41551a30e30af803	2026-09-08T15:37:40.9480529Z [command]/usr/bin/git remote add origin https://github.com/catethos/Aphid
consumer (ubuntu-24.04, x86_64-linux-gnu)	Run actions/checkout@d23441a48e516b6c34aea4fa41551a30e30af803	2026-09-08T15:37:40.9529101Z ##[endgroup]
consumer (ubuntu-24.04, x86_64-linux-gnu)	Run actions/checkout@d23441a48e516b6c34aea4fa41551a30e30af803	2026-09-08T15:37:40.9529727Z ##[group]Disabling automatic garbage collection
consumer (ubuntu-24.04, x86_64-linux-gnu)	Run actions/checkout@d23441a48e516b6c34aea4fa41551a30e30af803	2026-09-08T15:37:40.9533661Z [command]/usr/bin/git config --local gc.auto 0
consumer (ubuntu-24.04, x86_64-linux-gnu)	Run actions/checkout@d23441a48e516b6c34aea4fa41551a30e30af803	2026-09-08T15:37:40.9563067Z ##[endgroup]
consumer (ubuntu-24.04, x86_64-linux-gnu)	Run actions/checkout@d23441a48e516b6c34aea4fa41551a30e30af803	2026-09-08T15:37:40.9563642Z ##[group]Setting up auth
consumer (ubuntu-24.04, x86_64-linux-gnu)	Run actions/checkout@d23441a48e516b6c34aea4fa41551a30e30af803	2026-09-08T15:37:40.9564447Z Removing SSH command configuration
consumer (ubuntu-24.04, x86_64-linux-gnu)	Run actions/checkout@d23441a48e516b6c34aea4fa41551a30e30af803	2026-09-08T15:37:40.9569757Z [command]/usr/bin/git config --local --name-only --get-regexp core\.sshCommand
consumer (ubuntu-24.04, x86_64-linux-gnu)	Run actions/checkout@d23441a48e516b6c34aea4fa41551a30e30af803	2026-09-08T15:37:40.9600960Z [command]/usr/bin/git submodule foreach --recursive sh -c "git config --local --name-only --get-regexp 'core\.sshCommand' && git config --local --unset-all 'core.sshCommand' || :"
consumer (ubuntu-24.04, x86_64-linux-gnu)	Run actions/checkout@d23441a48e516b6c34aea4fa41551a30e30af803	2026-09-08T15:37:41.0403528Z Removing HTTP extra header
consumer (ubuntu-24.04, x86_64-linux-gnu)	Run actions/checkout@d23441a48e516b6c34aea4fa41551a30e30af803	2026-09-08T15:37:41.0408798Z [command]/usr/bin/git config --local --name-only --get-regexp http\.https\:\/\/github\.com\/\.extraheader
consumer (ubuntu-24.04, x86_64-linux-gnu)	Run actions/checkout@d23441a48e516b6c34aea4fa41551a30e30af803	2026-09-08T15:37:41.0456438Z [command]/usr/bin/git submodule foreach --recursive sh -c "git config --local --name-only --get-regexp 'http\.https\:\/\/github\.com\/\.extraheader' && git config --local --unset-all 'http.https://github.com/.extraheader' || :"
consumer (ubuntu-24.04, x86_64-linux-gnu)	Run actions/checkout@d23441a48e516b6c34aea4fa41551a30e30af803	2026-09-08T15:37:41.0649359Z Removing includeIf entries pointing to credentials config files
consumer (ubuntu-24.04, x86_64-linux-gnu)	Run actions/checkout@d23441a48e516b6c34aea4fa41551a30e30af803	2026-09-08T15:37:41.0656079Z [command]/usr/bin/git config --local --name-only --get-regexp ^includeIf\.gitdir:
consumer (ubuntu-24.04, x86_64-linux-gnu)	Run actions/checkout@d23441a48e516b6c34aea4fa41551a30e30af803	2026-09-08T15:37:41.0689464Z [command]/usr/bin/git submodule foreach --recursive git config --local --show-origin --name-only --get-regexp remote.origin.url
consumer (ubuntu-24.04, x86_64-linux-gnu)	Run actions/checkout@d23441a48e516b6c34aea4fa41551a30e30af803	2026-09-08T15:37:41.0890619Z [command]/usr/bin/git config --file /home/runner/work/_temp/git-credentials-06f05ab2-2de7-4e4c-968b-537ed36c2e71.config http.https://github.com/.extraheader AUTHORIZATION: basic ***
consumer (ubuntu-24.04, x86_64-linux-gnu)	Run actions/checkout@d23441a48e516b6c34aea4fa41551a30e30af803	2026-09-08T15:37:41.0927699Z [command]/usr/bin/git config --local includeIf.gitdir:/home/runner/work/Aphid/Aphid/.git.path /home/runner/work/_temp/git-credentials-06f05ab2-2de7-4e4c-968b-537ed36c2e71.config
consumer (ubuntu-24.04, x86_64-linux-gnu)	Run actions/checkout@d23441a48e516b6c34aea4fa41551a30e30af803	2026-09-08T15:37:41.0956756Z [command]/usr/bin/git config --local includeIf.gitdir:/home/runner/work/Aphid/Aphid/.git/worktrees/*.path /home/runner/work/_temp/git-credentials-06f05ab2-2de7-4e4c-968b-537ed36c2e71.config
consumer (ubuntu-24.04, x86_64-linux-gnu)	Run actions/checkout@d23441a48e516b6c34aea4fa41551a30e30af803	2026-09-08T15:37:41.0989111Z [command]/usr/bin/git config --local includeIf.gitdir:/github/workspace/.git.path /github/runner_temp/git-credentials-06f05ab2-2de7-4e4c-968b-537ed36c2e71.config
consumer (ubuntu-24.04, x86_64-linux-gnu)	Run actions/checkout@d23441a48e516b6c34aea4fa41551a30e30af803	2026-09-08T15:37:41.1018663Z [command]/usr/bin/git config --local includeIf.gitdir:/github/workspace/.git/worktrees/*.path /github/runner_temp/git-credentials-06f05ab2-2de7-4e4c-968b-537ed36c2e71.config
consumer (ubuntu-24.04, x86_64-linux-gnu)	Run actions/checkout@d23441a48e516b6c34aea4fa41551a30e30af803	2026-09-08T15:37:41.1047601Z ##[endgroup]
consumer (ubuntu-24.04, x86_64-linux-gnu)	Run actions/checkout@d23441a48e516b6c34aea4fa41551a30e30af803	2026-09-08T15:37:41.1048058Z ##[group]Fetching the repository
consumer (ubuntu-24.04, x86_64-linux-gnu)	Run actions/checkout@d23441a48e516b6c34aea4fa41551a30e30af803	2026-09-08T15:37:41.1054740Z [command]/usr/bin/git -c protocol.version=2 fetch --no-tags --prune --no-recurse-submodules --depth=1 origin +6eec31bf5209bfdb4fb29531389eaabd083cae96:refs/remotes/origin/main
consumer (ubuntu-24.04, x86_64-linux-gnu)	Run actions/checkout@d23441a48e516b6c34aea4fa41551a30e30af803	2026-09-08T15:37:42.5334971Z From https://github.com/catethos/Aphid
consumer (ubuntu-24.04, x86_64-linux-gnu)	Run actions/checkout@d23441a48e516b6c34aea4fa41551a30e30af803	2026-09-08T15:37:42.5335508Z  * [new ref]         6eec31bf5209bfdb4fb29531389eaabd083cae96 -> origin/main
consumer (ubuntu-24.04, x86_64-linux-gnu)	Run actions/checkout@d23441a48e516b6c34aea4fa41551a30e30af803	2026-09-08T15:37:42.5344052Z [command]/usr/bin/git branch --list --remote origin/main
consumer (ubuntu-24.04, x86_64-linux-gnu)	Run actions/checkout@d23441a48e516b6c34aea4fa41551a30e30af803	2026-09-08T15:37:42.5369455Z   origin/main
consumer (ubuntu-24.04, x86_64-linux-gnu)	Run actions/checkout@d23441a48e516b6c34aea4fa41551a30e30af803	2026-09-08T15:37:42.5378645Z [command]/usr/bin/git rev-parse refs/remotes/origin/main
consumer (ubuntu-24.04, x86_64-linux-gnu)	Run actions/checkout@d23441a48e516b6c34aea4fa41551a30e30af803	2026-09-08T15:37:42.5401942Z 6eec31bf5209bfdb4fb29531389eaabd083cae96
consumer (ubuntu-24.04, x86_64-linux-gnu)	Run actions/checkout@d23441a48e516b6c34aea4fa41551a30e30af803	2026-09-08T15:37:42.5409997Z ##[endgroup]
consumer (ubuntu-24.04, x86_64-linux-gnu)	Run actions/checkout@d23441a48e516b6c34aea4fa41551a30e30af803	2026-09-08T15:37:42.5410354Z ##[group]Determining the checkout info
consumer (ubuntu-24.04, x86_64-linux-gnu)	Run actions/checkout@d23441a48e516b6c34aea4fa41551a30e30af803	2026-09-08T15:37:42.5410971Z ##[endgroup]
consumer (ubuntu-24.04, x86_64-linux-gnu)	Run actions/checkout@d23441a48e516b6c34aea4fa41551a30e30af803	2026-09-08T15:37:42.5412163Z [command]/usr/bin/git sparse-checkout disable
consumer (ubuntu-24.04, x86_64-linux-gnu)	Run actions/checkout@d23441a48e516b6c34aea4fa41551a30e30af803	2026-09-08T15:37:42.5675857Z [command]/usr/bin/git config --local --unset-all extensions.worktreeConfig
consumer (ubuntu-24.04, x86_64-linux-gnu)	Run actions/checkout@d23441a48e516b6c34aea4fa41551a30e30af803	2026-09-08T15:37:42.5721953Z ##[group]Checking out the ref
consumer (ubuntu-24.04, x86_64-linux-gnu)	Run actions/checkout@d23441a48e516b6c34aea4fa41551a30e30af803	2026-09-08T15:37:42.5722605Z [command]/usr/bin/git checkout --progress --force -B main refs/remotes/origin/main
consumer (ubuntu-24.04, x86_64-linux-gnu)	Run actions/checkout@d23441a48e516b6c34aea4fa41551a30e30af803	2026-09-08T15:37:42.7385411Z Switched to a new branch 'main'
consumer (ubuntu-24.04, x86_64-linux-gnu)	Run actions/checkout@d23441a48e516b6c34aea4fa41551a30e30af803	2026-09-08T15:37:42.7388311Z branch 'main' set up to track 'origin/main'.
consumer (ubuntu-24.04, x86_64-linux-gnu)	Run actions/checkout@d23441a48e516b6c34aea4fa41551a30e30af803	2026-09-08T15:37:42.7406385Z ##[endgroup]
consumer (ubuntu-24.04, x86_64-linux-gnu)	Run actions/checkout@d23441a48e516b6c34aea4fa41551a30e30af803	2026-09-08T15:37:42.7449439Z [command]/usr/bin/git log -1 --format=%H
consumer (ubuntu-24.04, x86_64-linux-gnu)	Run actions/checkout@d23441a48e516b6c34aea4fa41551a30e30af803	2026-09-08T15:37:42.7474171Z 6eec31bf5209bfdb4fb29531389eaabd083cae96
consumer (ubuntu-24.04, x86_64-linux-gnu)	Run actions/checkout@d23441a48e516b6c34aea4fa41551a30e30af803	2026-09-08T15:37:42.7482358Z ##[group]Removing auth
consumer (ubuntu-24.04, x86_64-linux-gnu)	Run actions/checkout@d23441a48e516b6c34aea4fa41551a30e30af803	2026-09-08T15:37:42.7482690Z Removing SSH command configuration
consumer (ubuntu-24.04, x86_64-linux-gnu)	Run actions/checkout@d23441a48e516b6c34aea4fa41551a30e30af803	2026-09-08T15:37:42.7485765Z [command]/usr/bin/git config --local --name-only --get-regexp core\.sshCommand
consumer (ubuntu-24.04, x86_64-linux-gnu)	Run actions/checkout@d23441a48e516b6c34aea4fa41551a30e30af803	2026-09-08T15:37:42.7515234Z [command]/usr/bin/git submodule foreach --recursive sh -c "git config --local --name-only --get-regexp 'core\.sshCommand' && git config --local --unset-all 'core.sshCommand' || :"
consumer (ubuntu-24.04, x86_64-linux-gnu)	Run actions/checkout@d23441a48e516b6c34aea4fa41551a30e30af803	2026-09-08T15:37:42.7708150Z Removing HTTP extra header
consumer (ubuntu-24.04, x86_64-linux-gnu)	Run actions/checkout@d23441a48e516b6c34aea4fa41551a30e30af803	2026-09-08T15:37:42.7713285Z [command]/usr/bin/git config --local --name-only --get-regexp http\.https\:\/\/github\.com\/\.extraheader
consumer (ubuntu-24.04, x86_64-linux-gnu)	Run actions/checkout@d23441a48e516b6c34aea4fa41551a30e30af803	2026-09-08T15:37:42.7743983Z [command]/usr/bin/git submodule foreach --recursive sh -c "git config --local --name-only --get-regexp 'http\.https\:\/\/github\.com\/\.extraheader' && git config --local --unset-all 'http.https://github.com/.extraheader' || :"
consumer (ubuntu-24.04, x86_64-linux-gnu)	Run actions/checkout@d23441a48e516b6c34aea4fa41551a30e30af803	2026-09-08T15:37:42.7936909Z Removing includeIf entries pointing to credentials config files
consumer (ubuntu-24.04, x86_64-linux-gnu)	Run actions/checkout@d23441a48e516b6c34aea4fa41551a30e30af803	2026-09-08T15:37:42.7938115Z [command]/usr/bin/git config --local --name-only --get-regexp ^includeIf\.gitdir:
consumer (ubuntu-24.04, x86_64-linux-gnu)	Run actions/checkout@d23441a48e516b6c34aea4fa41551a30e30af803	2026-09-08T15:37:42.7963493Z includeif.gitdir:/home/runner/work/Aphid/Aphid/.git.path
consumer (ubuntu-24.04, x86_64-linux-gnu)	Run actions/checkout@d23441a48e516b6c34aea4fa41551a30e30af803	2026-09-08T15:37:42.7963998Z includeif.gitdir:/home/runner/work/Aphid/Aphid/.git/worktrees/*.path
consumer (ubuntu-24.04, x86_64-linux-gnu)	Run actions/checkout@d23441a48e516b6c34aea4fa41551a30e30af803	2026-09-08T15:37:42.7964411Z includeif.gitdir:/github/workspace/.git.path
consumer (ubuntu-24.04, x86_64-linux-gnu)	Run actions/checkout@d23441a48e516b6c34aea4fa41551a30e30af803	2026-09-08T15:37:42.7964745Z includeif.gitdir:/github/workspace/.git/worktrees/*.path
consumer (ubuntu-24.04, x86_64-linux-gnu)	Run actions/checkout@d23441a48e516b6c34aea4fa41551a30e30af803	2026-09-08T15:37:42.7971555Z [command]/usr/bin/git config --local --get-all includeif.gitdir:/home/runner/work/Aphid/Aphid/.git.path
consumer (ubuntu-24.04, x86_64-linux-gnu)	Run actions/checkout@d23441a48e516b6c34aea4fa41551a30e30af803	2026-09-08T15:37:42.7993676Z /home/runner/work/_temp/git-credentials-06f05ab2-2de7-4e4c-968b-537ed36c2e71.config
consumer (ubuntu-24.04, x86_64-linux-gnu)	Run actions/checkout@d23441a48e516b6c34aea4fa41551a30e30af803	2026-09-08T15:37:42.8001766Z [command]/usr/bin/git config --local --unset includeif.gitdir:/home/runner/work/Aphid/Aphid/.git.path /home/runner/work/_temp/git-credentials-06f05ab2-2de7-4e4c-968b-537ed36c2e71.config
consumer (ubuntu-24.04, x86_64-linux-gnu)	Run actions/checkout@d23441a48e516b6c34aea4fa41551a30e30af803	2026-09-08T15:37:42.8033868Z [command]/usr/bin/git config --local --get-all includeif.gitdir:/home/runner/work/Aphid/Aphid/.git/worktrees/*.path
consumer (ubuntu-24.04, x86_64-linux-gnu)	Run actions/checkout@d23441a48e516b6c34aea4fa41551a30e30af803	2026-09-08T15:37:42.8056450Z /home/runner/work/_temp/git-credentials-06f05ab2-2de7-4e4c-968b-537ed36c2e71.config
consumer (ubuntu-24.04, x86_64-linux-gnu)	Run actions/checkout@d23441a48e516b6c34aea4fa41551a30e30af803	2026-09-08T15:37:42.8064046Z [command]/usr/bin/git config --local --unset includeif.gitdir:/home/runner/work/Aphid/Aphid/.git/worktrees/*.path /home/runner/work/_temp/git-credentials-06f05ab2-2de7-4e4c-968b-537ed36c2e71.config
consumer (ubuntu-24.04, x86_64-linux-gnu)	Run actions/checkout@d23441a48e516b6c34aea4fa41551a30e30af803	2026-09-08T15:37:42.8098875Z [command]/usr/bin/git config --local --get-all includeif.gitdir:/github/workspace/.git.path
consumer (ubuntu-24.04, x86_64-linux-gnu)	Run actions/checkout@d23441a48e516b6c34aea4fa41551a30e30af803	2026-09-08T15:37:42.8126577Z /github/runner_temp/git-credentials-06f05ab2-2de7-4e4c-968b-537ed36c2e71.config
consumer (ubuntu-24.04, x86_64-linux-gnu)	Run actions/checkout@d23441a48e516b6c34aea4fa41551a30e30af803	2026-09-08T15:37:42.8143172Z [command]/usr/bin/git config --local --unset includeif.gitdir:/github/workspace/.git.path /github/runner_temp/git-credentials-06f05ab2-2de7-4e4c-968b-537ed36c2e71.config
consumer (ubuntu-24.04, x86_64-linux-gnu)	Run actions/checkout@d23441a48e516b6c34aea4fa41551a30e30af803	2026-09-08T15:37:42.8185173Z [command]/usr/bin/git config --local --get-all includeif.gitdir:/github/workspace/.git/worktrees/*.path
consumer (ubuntu-24.04, x86_64-linux-gnu)	Run actions/checkout@d23441a48e516b6c34aea4fa41551a30e30af803	2026-09-08T15:37:42.8208229Z /github/runner_temp/git-credentials-06f05ab2-2de7-4e4c-968b-537ed36c2e71.config
consumer (ubuntu-24.04, x86_64-linux-gnu)	Run actions/checkout@d23441a48e516b6c34aea4fa41551a30e30af803	2026-09-08T15:37:42.8216515Z [command]/usr/bin/git config --local --unset includeif.gitdir:/github/workspace/.git/worktrees/*.path /github/runner_temp/git-credentials-06f05ab2-2de7-4e4c-968b-537ed36c2e71.config
consumer (ubuntu-24.04, x86_64-linux-gnu)	Run actions/checkout@d23441a48e516b6c34aea4fa41551a30e30af803	2026-09-08T15:37:42.8248925Z [command]/usr/bin/git submodule foreach --recursive git config --local --show-origin --name-only --get-regexp remote.origin.url
consumer (ubuntu-24.04, x86_64-linux-gnu)	Run actions/checkout@d23441a48e516b6c34aea4fa41551a30e30af803	2026-09-08T15:37:42.8455963Z Removing credentials config '/home/runner/work/_temp/git-credentials-06f05ab2-2de7-4e4c-968b-537ed36c2e71.config'
consumer (ubuntu-24.04, x86_64-linux-gnu)	Run actions/checkout@d23441a48e516b6c34aea4fa41551a30e30af803	2026-09-08T15:37:42.8463826Z ##[endgroup]
consumer (ubuntu-24.04, x86_64-linux-gnu)	Run actions/setup-python@ece7cb06caefa5fff74198d8649806c4678c61a1	﻿2026-09-08T15:37:42.8728315Z ##[group]Run actions/setup-python@ece7cb06caefa5fff74198d8649806c4678c61a1
consumer (ubuntu-24.04, x86_64-linux-gnu)	Run actions/setup-python@ece7cb06caefa5fff74198d8649806c4678c61a1	2026-09-08T15:37:42.8728687Z with:
consumer (ubuntu-24.04, x86_64-linux-gnu)	Run actions/setup-python@ece7cb06caefa5fff74198d8649806c4678c61a1	2026-09-08T15:37:42.8728863Z   python-version: 3.14
consumer (ubuntu-24.04, x86_64-linux-gnu)	Run actions/setup-python@ece7cb06caefa5fff74198d8649806c4678c61a1	2026-09-08T15:37:42.8729057Z   check-latest: false
consumer (ubuntu-24.04, x86_64-linux-gnu)	Run actions/setup-python@ece7cb06caefa5fff74198d8649806c4678c61a1	2026-09-08T15:37:42.8731292Z   token: ***
consumer (ubuntu-24.04, x86_64-linux-gnu)	Run actions/setup-python@ece7cb06caefa5fff74198d8649806c4678c61a1	2026-09-08T15:37:42.8731491Z   update-environment: true
consumer (ubuntu-24.04, x86_64-linux-gnu)	Run actions/setup-python@ece7cb06caefa5fff74198d8649806c4678c61a1	2026-09-08T15:37:42.8731699Z   allow-prereleases: false
consumer (ubuntu-24.04, x86_64-linux-gnu)	Run actions/setup-python@ece7cb06caefa5fff74198d8649806c4678c61a1	2026-09-08T15:37:42.8731884Z   freethreaded: false
consumer (ubuntu-24.04, x86_64-linux-gnu)	Run actions/setup-python@ece7cb06caefa5fff74198d8649806c4678c61a1	2026-09-08T15:37:42.8732062Z ##[endgroup]
consumer (ubuntu-24.04, x86_64-linux-gnu)	Run actions/setup-python@ece7cb06caefa5fff74198d8649806c4678c61a1	2026-09-08T15:37:42.9775526Z ##[group]Installed versions
consumer (ubuntu-24.04, x86_64-linux-gnu)	Run actions/setup-python@ece7cb06caefa5fff74198d8649806c4678c61a1	2026-09-08T15:37:42.9920969Z Successfully set up CPython (3.14.7)
consumer (ubuntu-24.04, x86_64-linux-gnu)	Run actions/setup-python@ece7cb06caefa5fff74198d8649806c4678c61a1	2026-09-08T15:37:42.9921582Z ##[endgroup]
consumer (ubuntu-24.04, x86_64-linux-gnu)	Run erlef/setup-beam@54075bcc5e249e4758d363f27d099f55d843f124	﻿2026-09-08T15:37:43.0073002Z ##[group]Run erlef/setup-beam@54075bcc5e249e4758d363f27d099f55d843f124
consumer (ubuntu-24.04, x86_64-linux-gnu)	Run erlef/setup-beam@54075bcc5e249e4758d363f27d099f55d843f124	2026-09-08T15:37:43.0073370Z with:
consumer (ubuntu-24.04, x86_64-linux-gnu)	Run erlef/setup-beam@54075bcc5e249e4758d363f27d099f55d843f124	2026-09-08T15:37:43.0073560Z   otp-version: 29.0.4
consumer (ubuntu-24.04, x86_64-linux-gnu)	Run erlef/setup-beam@54075bcc5e249e4758d363f27d099f55d843f124	2026-09-08T15:37:43.0073768Z   elixir-version: 1.20.0
consumer (ubuntu-24.04, x86_64-linux-gnu)	Run erlef/setup-beam@54075bcc5e249e4758d363f27d099f55d843f124	2026-09-08T15:37:43.0075783Z   github-token: ***
consumer (ubuntu-24.04, x86_64-linux-gnu)	Run erlef/setup-beam@54075bcc5e249e4758d363f27d099f55d843f124	2026-09-08T15:37:43.0075994Z   otp-architecture: 64
consumer (ubuntu-24.04, x86_64-linux-gnu)	Run erlef/setup-beam@54075bcc5e249e4758d363f27d099f55d843f124	2026-09-08T15:37:43.0076200Z   install-hex: true
consumer (ubuntu-24.04, x86_64-linux-gnu)	Run erlef/setup-beam@54075bcc5e249e4758d363f27d099f55d843f124	2026-09-08T15:37:43.0076383Z   install-rebar: true
consumer (ubuntu-24.04, x86_64-linux-gnu)	Run erlef/setup-beam@54075bcc5e249e4758d363f27d099f55d843f124	2026-09-08T15:37:43.0076571Z   version-type: loose
consumer (ubuntu-24.04, x86_64-linux-gnu)	Run erlef/setup-beam@54075bcc5e249e4758d363f27d099f55d843f124	2026-09-08T15:37:43.0076761Z   disable_problem_matchers: false
consumer (ubuntu-24.04, x86_64-linux-gnu)	Run erlef/setup-beam@54075bcc5e249e4758d363f27d099f55d843f124	2026-09-08T15:37:43.0077004Z   hexpm-mirrors: https://builds.hex.pm
consumer (ubuntu-24.04, x86_64-linux-gnu)	Run erlef/setup-beam@54075bcc5e249e4758d363f27d099f55d843f124	
consumer (ubuntu-24.04, x86_64-linux-gnu)	Run erlef/setup-beam@54075bcc5e249e4758d363f27d099f55d843f124	2026-09-08T15:37:43.0077248Z env:
consumer (ubuntu-24.04, x86_64-linux-gnu)	Run erlef/setup-beam@54075bcc5e249e4758d363f27d099f55d843f124	2026-09-08T15:37:43.0077465Z   pythonLocation: /opt/hostedtoolcache/Python/3.14.7/x64
consumer (ubuntu-24.04, x86_64-linux-gnu)	Run erlef/setup-beam@54075bcc5e249e4758d363f27d099f55d843f124	2026-09-08T15:37:43.0077832Z   PKG_CONFIG_PATH: /opt/hostedtoolcache/Python/3.14.7/x64/lib/pkgconfig
consumer (ubuntu-24.04, x86_64-linux-gnu)	Run erlef/setup-beam@54075bcc5e249e4758d363f27d099f55d843f124	2026-09-08T15:37:43.0078180Z   Python_ROOT_DIR: /opt/hostedtoolcache/Python/3.14.7/x64
consumer (ubuntu-24.04, x86_64-linux-gnu)	Run erlef/setup-beam@54075bcc5e249e4758d363f27d099f55d843f124	2026-09-08T15:37:43.0078492Z   Python2_ROOT_DIR: /opt/hostedtoolcache/Python/3.14.7/x64
consumer (ubuntu-24.04, x86_64-linux-gnu)	Run erlef/setup-beam@54075bcc5e249e4758d363f27d099f55d843f124	2026-09-08T15:37:43.0078791Z   Python3_ROOT_DIR: /opt/hostedtoolcache/Python/3.14.7/x64
consumer (ubuntu-24.04, x86_64-linux-gnu)	Run erlef/setup-beam@54075bcc5e249e4758d363f27d099f55d843f124	2026-09-08T15:37:43.0079132Z   LD_LIBRARY_PATH: /opt/hostedtoolcache/Python/3.14.7/x64/lib
consumer (ubuntu-24.04, x86_64-linux-gnu)	Run erlef/setup-beam@54075bcc5e249e4758d363f27d099f55d843f124	2026-09-08T15:37:43.0079399Z ##[endgroup]
consumer (ubuntu-24.04, x86_64-linux-gnu)	Run erlef/setup-beam@54075bcc5e249e4758d363f27d099f55d843f124	2026-09-08T15:37:43.1648140Z ##[group]Installing Erlang/OTP OTP-29.0.4 - built on amd64/ubuntu-24.04
consumer (ubuntu-24.04, x86_64-linux-gnu)	Run erlef/setup-beam@54075bcc5e249e4758d363f27d099f55d843f124	2026-09-08T15:37:43.7840634Z [command]/usr/bin/tar zx --strip-components=1 --warning=no-unknown-keyword --overwrite -C /home/runner/work/_temp/2c8db53c-a8d2-4dda-80fd-7e25d606e50a -f /home/runner/work/_temp/4e908ca2-e936-46b5-ba35-04ac647e9148
consumer (ubuntu-24.04, x86_64-linux-gnu)	Run erlef/setup-beam@54075bcc5e249e4758d363f27d099f55d843f124	2026-09-08T15:37:49.2821626Z [command]/home/runner/work/_temp/.setup-beam/otp/Install -minimal /home/runner/work/_temp/.setup-beam/otp
consumer (ubuntu-24.04, x86_64-linux-gnu)	Run erlef/setup-beam@54075bcc5e249e4758d363f27d099f55d843f124	2026-09-08T15:37:49.3101698Z Installed Erlang/OTP version
consumer (ubuntu-24.04, x86_64-linux-gnu)	Run erlef/setup-beam@54075bcc5e249e4758d363f27d099f55d843f124	2026-09-08T15:37:49.3116000Z [command]/home/runner/work/_temp/.setup-beam/otp/bin/erl -version
consumer (ubuntu-24.04, x86_64-linux-gnu)	Run erlef/setup-beam@54075bcc5e249e4758d363f27d099f55d843f124	2026-09-08T15:37:49.3214664Z Erlang (SMP,ASYNC_THREADS) (BEAM) emulator version 17.0.4
consumer (ubuntu-24.04, x86_64-linux-gnu)	Run erlef/setup-beam@54075bcc5e249e4758d363f27d099f55d843f124	2026-09-08T15:37:49.3239093Z ##[endgroup]
consumer (ubuntu-24.04, x86_64-linux-gnu)	Run erlef/setup-beam@54075bcc5e249e4758d363f27d099f55d843f124	2026-09-08T15:37:49.3244768Z [command]/home/runner/work/_temp/.setup-beam/otp/bin/erl -noshell -eval io:format(erlang:system_info(otp_release)), halt().
consumer (ubuntu-24.04, x86_64-linux-gnu)	Run erlef/setup-beam@54075bcc5e249e4758d363f27d099f55d843f124	2026-09-08T15:37:49.4984810Z 29::debug::Was not able to coerce latest with semver
consumer (ubuntu-24.04, x86_64-linux-gnu)	Run erlef/setup-beam@54075bcc5e249e4758d363f27d099f55d843f124	2026-09-08T15:37:49.4997262Z Using Elixir 1.20.0 (built for Erlang/OTP 29)
consumer (ubuntu-24.04, x86_64-linux-gnu)	Run erlef/setup-beam@54075bcc5e249e4758d363f27d099f55d843f124	2026-09-08T15:37:49.4998423Z ##[group]Installing Elixir v1.20.0-otp-29
consumer (ubuntu-24.04, x86_64-linux-gnu)	Run erlef/setup-beam@54075bcc5e249e4758d363f27d099f55d843f124	2026-09-08T15:37:49.5970192Z [command]/usr/bin/unzip -o -q /home/runner/work/_temp/c1ddaa00-3c98-4410-a66e-9f34d9fdd3cb
consumer (ubuntu-24.04, x86_64-linux-gnu)	Run erlef/setup-beam@54075bcc5e249e4758d363f27d099f55d843f124	2026-09-08T15:37:49.9511979Z Installed Elixir version
consumer (ubuntu-24.04, x86_64-linux-gnu)	Run erlef/setup-beam@54075bcc5e249e4758d363f27d099f55d843f124	2026-09-08T15:37:49.9526029Z [command]/home/runner/work/_temp/.setup-beam/elixir/bin/elixir -v
consumer (ubuntu-24.04, x86_64-linux-gnu)	Run erlef/setup-beam@54075bcc5e249e4758d363f27d099f55d843f124	2026-09-08T15:37:50.1290406Z Erlang/OTP 29 [erts-17.0.4] [source] [64-bit] [smp:4:4] [ds:4:4:10] [async-threads:1] [jit:ns]
consumer (ubuntu-24.04, x86_64-linux-gnu)	Run erlef/setup-beam@54075bcc5e249e4758d363f27d099f55d843f124	2026-09-08T15:37:50.1291055Z 
consumer (ubuntu-24.04, x86_64-linux-gnu)	Run erlef/setup-beam@54075bcc5e249e4758d363f27d099f55d843f124	2026-09-08T15:37:50.1323321Z Elixir 1.20.0 (compiled with Erlang/OTP 29)
consumer (ubuntu-24.04, x86_64-linux-gnu)	Run erlef/setup-beam@54075bcc5e249e4758d363f27d099f55d843f124	2026-09-08T15:37:50.1368693Z ##[endgroup]
consumer (ubuntu-24.04, x86_64-linux-gnu)	Run erlef/setup-beam@54075bcc5e249e4758d363f27d099f55d843f124	2026-09-08T15:37:50.1369064Z ##[group]Running mix local.rebar,--force
consumer (ubuntu-24.04, x86_64-linux-gnu)	Run erlef/setup-beam@54075bcc5e249e4758d363f27d099f55d843f124	2026-09-08T15:37:50.1377379Z [command]/home/runner/work/_temp/.setup-beam/elixir/bin/mix local.rebar --force
consumer (ubuntu-24.04, x86_64-linux-gnu)	Run erlef/setup-beam@54075bcc5e249e4758d363f27d099f55d843f124	2026-09-08T15:37:50.9191079Z * creating /home/runner/.mix/elixir/1-20-otp-29/rebar3
consumer (ubuntu-24.04, x86_64-linux-gnu)	Run erlef/setup-beam@54075bcc5e249e4758d363f27d099f55d843f124	2026-09-08T15:37:50.9253475Z ##[endgroup]
consumer (ubuntu-24.04, x86_64-linux-gnu)	Run erlef/setup-beam@54075bcc5e249e4758d363f27d099f55d843f124	2026-09-08T15:37:50.9253987Z ##[group]Running mix local.hex,--force
consumer (ubuntu-24.04, x86_64-linux-gnu)	Run erlef/setup-beam@54075bcc5e249e4758d363f27d099f55d843f124	2026-09-08T15:37:50.9266009Z [command]/home/runner/work/_temp/.setup-beam/elixir/bin/mix local.hex --force
consumer (ubuntu-24.04, x86_64-linux-gnu)	Run erlef/setup-beam@54075bcc5e249e4758d363f27d099f55d843f124	2026-09-08T15:37:51.5746819Z * creating /home/runner/.mix/archives/hex-2.5.1
consumer (ubuntu-24.04, x86_64-linux-gnu)	Run erlef/setup-beam@54075bcc5e249e4758d363f27d099f55d843f124	2026-09-08T15:37:51.5816629Z ##[endgroup]
consumer (ubuntu-24.04, x86_64-linux-gnu)	Install consumer proof prerequisites	﻿2026-09-08T15:37:51.5975557Z ##[group]Run sudo apt-get update
consumer (ubuntu-24.04, x86_64-linux-gnu)	Install consumer proof prerequisites	2026-09-08T15:37:51.5975875Z ^[[36;1msudo apt-get update^[[0m
consumer (ubuntu-24.04, x86_64-linux-gnu)	Install consumer proof prerequisites	2026-09-08T15:37:51.5976147Z ^[[36;1msudo apt-get install --yes bubblewrap binutils^[[0m
consumer (ubuntu-24.04, x86_64-linux-gnu)	Install consumer proof prerequisites	2026-09-08T15:37:51.5976447Z ^[[36;1mmix local.hex --force^[[0m
consumer (ubuntu-24.04, x86_64-linux-gnu)	Install consumer proof prerequisites	2026-09-08T15:37:51.6017448Z shell: /usr/bin/bash -e {0}
consumer (ubuntu-24.04, x86_64-linux-gnu)	Install consumer proof prerequisites	2026-09-08T15:37:51.6017681Z env:
consumer (ubuntu-24.04, x86_64-linux-gnu)	Install consumer proof prerequisites	2026-09-08T15:37:51.6017907Z   pythonLocation: /opt/hostedtoolcache/Python/3.14.7/x64
consumer (ubuntu-24.04, x86_64-linux-gnu)	Install consumer proof prerequisites	2026-09-08T15:37:51.6018257Z   PKG_CONFIG_PATH: /opt/hostedtoolcache/Python/3.14.7/x64/lib/pkgconfig
consumer (ubuntu-24.04, x86_64-linux-gnu)	Install consumer proof prerequisites	2026-09-08T15:37:51.6018592Z   Python_ROOT_DIR: /opt/hostedtoolcache/Python/3.14.7/x64
consumer (ubuntu-24.04, x86_64-linux-gnu)	Install consumer proof prerequisites	2026-09-08T15:37:51.6018894Z   Python2_ROOT_DIR: /opt/hostedtoolcache/Python/3.14.7/x64
consumer (ubuntu-24.04, x86_64-linux-gnu)	Install consumer proof prerequisites	2026-09-08T15:37:51.6019188Z   Python3_ROOT_DIR: /opt/hostedtoolcache/Python/3.14.7/x64
consumer (ubuntu-24.04, x86_64-linux-gnu)	Install consumer proof prerequisites	2026-09-08T15:37:51.6019482Z   LD_LIBRARY_PATH: /opt/hostedtoolcache/Python/3.14.7/x64/lib
consumer (ubuntu-24.04, x86_64-linux-gnu)	Install consumer proof prerequisites	2026-09-08T15:37:51.6019795Z   INSTALL_DIR_FOR_OTP: /home/runner/work/_temp/.setup-beam/otp
consumer (ubuntu-24.04, x86_64-linux-gnu)	Install consumer proof prerequisites	2026-09-08T15:37:51.6020116Z   INSTALL_DIR_FOR_ELIXIR: /home/runner/work/_temp/.setup-beam/elixir
consumer (ubuntu-24.04, x86_64-linux-gnu)	Install consumer proof prerequisites	2026-09-08T15:37:51.6020440Z ##[endgroup]
consumer (ubuntu-24.04, x86_64-linux-gnu)	Install consumer proof prerequisites	2026-09-08T15:37:51.6857847Z Get:1 file:/etc/apt/apt-mirrors.txt Mirrorlist [144 B]
consumer (ubuntu-24.04, x86_64-linux-gnu)	Install consumer proof prerequisites	2026-09-08T15:37:51.7067047Z Get:6 https://packages.microsoft.com/ubuntu/24.04/prod noble InRelease [3600 B]
consumer (ubuntu-24.04, x86_64-linux-gnu)	Install consumer proof prerequisites	2026-09-08T15:37:51.7155714Z Hit:2 http://azure.archive.ubuntu.com/ubuntu noble InRelease
consumer (ubuntu-24.04, x86_64-linux-gnu)	Install consumer proof prerequisites	2026-09-08T15:37:51.7173101Z Get:3 http://azure.archive.ubuntu.com/ubuntu noble-updates InRelease [126 kB]
consumer (ubuntu-24.04, x86_64-linux-gnu)	Install consumer proof prerequisites	2026-09-08T15:37:51.7242892Z Get:4 http://azure.archive.ubuntu.com/ubuntu noble-backports InRelease [126 kB]
consumer (ubuntu-24.04, x86_64-linux-gnu)	Install consumer proof prerequisites	2026-09-08T15:37:51.7268609Z Get:7 https://dl.google.com/linux/chrome-stable/deb stable InRelease [2548 B]
consumer (ubuntu-24.04, x86_64-linux-gnu)	Install consumer proof prerequisites	2026-09-08T15:37:51.7272846Z Get:5 http://azure.archive.ubuntu.com/ubuntu noble-security InRelease [126 kB]
consumer (ubuntu-24.04, x86_64-linux-gnu)	Install consumer proof prerequisites	2026-09-08T15:37:51.7757053Z Get:8 https://packages.microsoft.com/ubuntu/24.04/prod noble/main amd64 Packages [441 kB]
consumer (ubuntu-24.04, x86_64-linux-gnu)	Install consumer proof prerequisites	2026-09-08T15:37:51.8035408Z Get:9 https://packages.microsoft.com/ubuntu/24.04/prod noble/main arm64 Packages [394 kB]
consumer (ubuntu-24.04, x86_64-linux-gnu)	Install consumer proof prerequisites	2026-09-08T15:37:51.8724626Z Get:10 http://azure.archive.ubuntu.com/ubuntu noble-updates/main amd64 Packages [1260 kB]
consumer (ubuntu-24.04, x86_64-linux-gnu)	Install consumer proof prerequisites	2026-09-08T15:37:51.8822139Z Get:11 http://azure.archive.ubuntu.com/ubuntu noble-updates/main Translation-en [292 kB]
consumer (ubuntu-24.04, x86_64-linux-gnu)	Install consumer proof prerequisites	2026-09-08T15:37:51.8851612Z Get:12 http://azure.archive.ubuntu.com/ubuntu noble-updates/main amd64 Components [180 kB]
consumer (ubuntu-24.04, x86_64-linux-gnu)	Install consumer proof prerequisites	2026-09-08T15:37:51.8866938Z Get:13 http://azure.archive.ubuntu.com/ubuntu noble-updates/universe amd64 Packages [1691 kB]
consumer (ubuntu-24.04, x86_64-linux-gnu)	Install consumer proof prerequisites	2026-09-08T15:37:51.8949718Z Get:14 http://azure.archive.ubuntu.com/ubuntu noble-updates/universe Translation-en [339 kB]
consumer (ubuntu-24.04, x86_64-linux-gnu)	Install consumer proof prerequisites	2026-09-08T15:37:51.8975244Z Get:15 http://azure.archive.ubuntu.com/ubuntu noble-updates/universe amd64 Components [388 kB]
consumer (ubuntu-24.04, x86_64-linux-gnu)	Install consumer proof prerequisites	2026-09-08T15:37:51.9006124Z Get:16 http://azure.archive.ubuntu.com/ubuntu noble-updates/restricted amd64 Packages [1536 kB]
consumer (ubuntu-24.04, x86_64-linux-gnu)	Install consumer proof prerequisites	2026-09-08T15:37:51.9103863Z Get:17 http://azure.archive.ubuntu.com/ubuntu noble-updates/restricted Translation-en [352 kB]
consumer (ubuntu-24.04, x86_64-linux-gnu)	Install consumer proof prerequisites	2026-09-08T15:37:51.9133395Z Get:18 http://azure.archive.ubuntu.com/ubuntu noble-updates/multiverse amd64 Components [940 B]
consumer (ubuntu-24.04, x86_64-linux-gnu)	Install consumer proof prerequisites	2026-09-08T15:37:51.9305666Z Get:19 http://azure.archive.ubuntu.com/ubuntu noble-backports/main amd64 Components [5760 B]
consumer (ubuntu-24.04, x86_64-linux-gnu)	Install consumer proof prerequisites	2026-09-08T15:37:51.9751535Z Get:20 http://azure.archive.ubuntu.com/ubuntu noble-backports/universe amd64 Components [12.6 kB]
consumer (ubuntu-24.04, x86_64-linux-gnu)	Install consumer proof prerequisites	2026-09-08T15:37:52.0032537Z Get:21 https://dl.google.com/linux/chrome-stable/deb stable/main amd64 Packages [1401 B]
consumer (ubuntu-24.04, x86_64-linux-gnu)	Install consumer proof prerequisites	2026-09-08T15:37:52.0290043Z Get:22 http://azure.archive.ubuntu.com/ubuntu noble-security/main amd64 Packages [1002 kB]
consumer (ubuntu-24.04, x86_64-linux-gnu)	Install consumer proof prerequisites	2026-09-08T15:37:52.0343233Z Get:23 http://azure.archive.ubuntu.com/ubuntu noble-security/main Translation-en [212 kB]
consumer (ubuntu-24.04, x86_64-linux-gnu)	Install consumer proof prerequisites	2026-09-08T15:37:52.0362712Z Get:24 http://azure.archive.ubuntu.com/ubuntu noble-security/main amd64 Components [46.3 kB]
consumer (ubuntu-24.04, x86_64-linux-gnu)	Install consumer proof prerequisites	2026-09-08T15:37:52.0376999Z Get:25 http://azure.archive.ubuntu.com/ubuntu noble-security/universe amd64 Packages [1206 kB]
consumer (ubuntu-24.04, x86_64-linux-gnu)	Install consumer proof prerequisites	2026-09-08T15:37:52.0433801Z Get:26 http://azure.archive.ubuntu.com/ubuntu noble-security/universe Translation-en [241 kB]
consumer (ubuntu-24.04, x86_64-linux-gnu)	Install consumer proof prerequisites	2026-09-08T15:37:52.0455358Z Get:27 http://azure.archive.ubuntu.com/ubuntu noble-security/universe amd64 Components [76.2 kB]
consumer (ubuntu-24.04, x86_64-linux-gnu)	Install consumer proof prerequisites	2026-09-08T15:37:52.0471991Z Get:28 http://azure.archive.ubuntu.com/ubuntu noble-security/restricted amd64 Packages [1437 kB]
consumer (ubuntu-24.04, x86_64-linux-gnu)	Install consumer proof prerequisites	2026-09-08T15:37:52.0538502Z Get:29 http://azure.archive.ubuntu.com/ubuntu noble-security/restricted Translation-en [334 kB]
consumer (ubuntu-24.04, x86_64-linux-gnu)	Install consumer proof prerequisites	2026-09-08T15:37:58.6175604Z Fetched 11.8 MB in 1s (10.7 MB/s)
consumer (ubuntu-24.04, x86_64-linux-gnu)	Install consumer proof prerequisites	2026-09-08T15:37:59.2560000Z Reading package lists...
consumer (ubuntu-24.04, x86_64-linux-gnu)	Install consumer proof prerequisites	2026-09-08T15:37:59.2834782Z Reading package lists...
consumer (ubuntu-24.04, x86_64-linux-gnu)	Install consumer proof prerequisites	2026-09-08T15:37:59.4722439Z Building dependency tree...
consumer (ubuntu-24.04, x86_64-linux-gnu)	Install consumer proof prerequisites	2026-09-08T15:37:59.4728517Z Reading state information...
consumer (ubuntu-24.04, x86_64-linux-gnu)	Install consumer proof prerequisites	2026-09-08T15:37:59.6363752Z binutils is already the newest version (2.42-4ubuntu2.10).
consumer (ubuntu-24.04, x86_64-linux-gnu)	Install consumer proof prerequisites	2026-09-08T15:37:59.6364197Z The following NEW packages will be installed:
consumer (ubuntu-24.04, x86_64-linux-gnu)	Install consumer proof prerequisites	2026-09-08T15:37:59.6371972Z   bubblewrap
consumer (ubuntu-24.04, x86_64-linux-gnu)	Install consumer proof prerequisites	2026-09-08T15:37:59.6745122Z 0 upgraded, 1 newly installed, 0 to remove and 44 not upgraded.
consumer (ubuntu-24.04, x86_64-linux-gnu)	Install consumer proof prerequisites	2026-09-08T15:37:59.6745735Z Need to get 50.2 kB of archives.
consumer (ubuntu-24.04, x86_64-linux-gnu)	Install consumer proof prerequisites	2026-09-08T15:37:59.6746137Z After this operation, 133 kB of additional disk space will be used.
consumer (ubuntu-24.04, x86_64-linux-gnu)	Install consumer proof prerequisites	2026-09-08T15:37:59.6746524Z Get:1 file:/etc/apt/apt-mirrors.txt Mirrorlist [144 B]
consumer (ubuntu-24.04, x86_64-linux-gnu)	Install consumer proof prerequisites	2026-09-08T15:37:59.7056022Z Get:2 http://azure.archive.ubuntu.com/ubuntu noble-updates/main amd64 bubblewrap amd64 0.9.0-1ubuntu0.1 [50.2 kB]
consumer (ubuntu-24.04, x86_64-linux-gnu)	Install consumer proof prerequisites	2026-09-08T15:38:00.0928897Z Fetched 50.2 kB in 0s (634 kB/s)
consumer (ubuntu-24.04, x86_64-linux-gnu)	Install consumer proof prerequisites	2026-09-08T15:38:00.6206336Z Selecting previously unselected package bubblewrap.
consumer (ubuntu-24.04, x86_64-linux-gnu)	Install consumer proof prerequisites	2026-09-08T15:38:00.8717872Z (Reading database ... 
consumer (ubuntu-24.04, x86_64-linux-gnu)	Install consumer proof prerequisites	2026-09-08T15:38:00.8718473Z (Reading database ... 5%
consumer (ubuntu-24.04, x86_64-linux-gnu)	Install consumer proof prerequisites	2026-09-08T15:38:00.8718902Z (Reading database ... 10%
consumer (ubuntu-24.04, x86_64-linux-gnu)	Install consumer proof prerequisites	2026-09-08T15:38:00.8719194Z (Reading database ... 15%
consumer (ubuntu-24.04, x86_64-linux-gnu)	Install consumer proof prerequisites	2026-09-08T15:38:00.8719457Z (Reading database ... 20%
consumer (ubuntu-24.04, x86_64-linux-gnu)	Install consumer proof prerequisites	2026-09-08T15:38:00.8719787Z (Reading database ... 25%
consumer (ubuntu-24.04, x86_64-linux-gnu)	Install consumer proof prerequisites	2026-09-08T15:38:00.8720111Z (Reading database ... 30%
consumer (ubuntu-24.04, x86_64-linux-gnu)	Install consumer proof prerequisites	2026-09-08T15:38:00.8720474Z (Reading database ... 35%
consumer (ubuntu-24.04, x86_64-linux-gnu)	Install consumer proof prerequisites	2026-09-08T15:38:00.8721094Z (Reading database ... 40%
consumer (ubuntu-24.04, x86_64-linux-gnu)	Install consumer proof prerequisites	2026-09-08T15:38:00.8721443Z (Reading database ... 45%
consumer (ubuntu-24.04, x86_64-linux-gnu)	Install consumer proof prerequisites	2026-09-08T15:38:00.8721837Z (Reading database ... 50%
consumer (ubuntu-24.04, x86_64-linux-gnu)	Install consumer proof prerequisites	2026-09-08T15:38:00.8761115Z (Reading database ... 55%
consumer (ubuntu-24.04, x86_64-linux-gnu)	Install consumer proof prerequisites	2026-09-08T15:38:01.3267214Z (Reading database ... 60%
consumer (ubuntu-24.04, x86_64-linux-gnu)	Install consumer proof prerequisites	2026-09-08T15:38:01.5666923Z (Reading database ... 65%
consumer (ubuntu-24.04, x86_64-linux-gnu)	Install consumer proof prerequisites	2026-09-08T15:38:02.0147310Z (Reading database ... 70%
consumer (ubuntu-24.04, x86_64-linux-gnu)	Install consumer proof prerequisites	2026-09-08T15:38:02.3158480Z (Reading database ... 75%
consumer (ubuntu-24.04, x86_64-linux-gnu)	Install consumer proof prerequisites	2026-09-08T15:38:02.6963486Z (Reading database ... 80%
consumer (ubuntu-24.04, x86_64-linux-gnu)	Install consumer proof prerequisites	2026-09-08T15:38:02.8527749Z (Reading database ... 85%
consumer (ubuntu-24.04, x86_64-linux-gnu)	Install consumer proof prerequisites	2026-09-08T15:38:03.0362032Z (Reading database ... 90%
consumer (ubuntu-24.04, x86_64-linux-gnu)	Install consumer proof prerequisites	2026-09-08T15:38:03.1653704Z (Reading database ... 95%
consumer (ubuntu-24.04, x86_64-linux-gnu)	Install consumer proof prerequisites	2026-09-08T15:38:03.1654117Z (Reading database ... 100%
consumer (ubuntu-24.04, x86_64-linux-gnu)	Install consumer proof prerequisites	2026-09-08T15:38:03.1654442Z (Reading database ... 201676 files and directories currently installed.)
consumer (ubuntu-24.04, x86_64-linux-gnu)	Install consumer proof prerequisites	2026-09-08T15:38:03.1696428Z Preparing to unpack .../bubblewrap_0.9.0-1ubuntu0.1_amd64.deb ...
consumer (ubuntu-24.04, x86_64-linux-gnu)	Install consumer proof prerequisites	2026-09-08T15:38:03.1951669Z Unpacking bubblewrap (0.9.0-1ubuntu0.1) ...
consumer (ubuntu-24.04, x86_64-linux-gnu)	Install consumer proof prerequisites	2026-09-08T15:38:03.3227557Z Setting up bubblewrap (0.9.0-1ubuntu0.1) ...
consumer (ubuntu-24.04, x86_64-linux-gnu)	Install consumer proof prerequisites	2026-09-08T15:38:03.3281308Z Processing triggers for man-db (2.12.0-4build2) ...
consumer (ubuntu-24.04, x86_64-linux-gnu)	Install consumer proof prerequisites	2026-09-08T15:38:03.3313930Z Not building database; man-db/auto-update is not 'true'.
consumer (ubuntu-24.04, x86_64-linux-gnu)	Install consumer proof prerequisites	2026-09-08T15:38:03.9385995Z 
consumer (ubuntu-24.04, x86_64-linux-gnu)	Install consumer proof prerequisites	2026-09-08T15:38:03.9386815Z Running kernel seems to be up-to-date.
consumer (ubuntu-24.04, x86_64-linux-gnu)	Install consumer proof prerequisites	2026-09-08T15:38:03.9387058Z 
consumer (ubuntu-24.04, x86_64-linux-gnu)	Install consumer proof prerequisites	2026-09-08T15:38:03.9387177Z No services need to be restarted.
consumer (ubuntu-24.04, x86_64-linux-gnu)	Install consumer proof prerequisites	2026-09-08T15:38:03.9387327Z 
consumer (ubuntu-24.04, x86_64-linux-gnu)	Install consumer proof prerequisites	2026-09-08T15:38:03.9387437Z No containers need to be restarted.
consumer (ubuntu-24.04, x86_64-linux-gnu)	Install consumer proof prerequisites	2026-09-08T15:38:03.9387593Z 
consumer (ubuntu-24.04, x86_64-linux-gnu)	Install consumer proof prerequisites	2026-09-08T15:38:03.9387712Z No user sessions are running outdated binaries.
consumer (ubuntu-24.04, x86_64-linux-gnu)	Install consumer proof prerequisites	2026-09-08T15:38:03.9387893Z 
consumer (ubuntu-24.04, x86_64-linux-gnu)	Install consumer proof prerequisites	2026-09-08T15:38:03.9388059Z No VM guests are running outdated hypervisor (qemu) binaries on this host.
consumer (ubuntu-24.04, x86_64-linux-gnu)	Install consumer proof prerequisites	2026-09-08T15:38:05.6101766Z * creating /home/runner/.mix/archives/hex-2.5.1
consumer (ubuntu-24.04, x86_64-linux-gnu)	Acquire independently pinned source qualification	﻿2026-09-08T15:38:05.6211658Z ##[group]Run python3 - <<'PY'
consumer (ubuntu-24.04, x86_64-linux-gnu)	Acquire independently pinned source qualification	2026-09-08T15:38:05.6211962Z ^[[36;1mpython3 - <<'PY'^[[0m
consumer (ubuntu-24.04, x86_64-linux-gnu)	Acquire independently pinned source qualification	2026-09-08T15:38:05.6212174Z ^[[36;1mimport json, os, re, subprocess^[[0m
consumer (ubuntu-24.04, x86_64-linux-gnu)	Acquire independently pinned source qualification	2026-09-08T15:38:05.6212413Z ^[[36;1mfrom pathlib import Path^[[0m
consumer (ubuntu-24.04, x86_64-linux-gnu)	Acquire independently pinned source qualification	2026-09-08T15:38:05.6212647Z ^[[36;1msource_run = os.environ['SOURCE_RUN']^[[0m
consumer (ubuntu-24.04, x86_64-linux-gnu)	Acquire independently pinned source qualification	2026-09-08T15:38:05.6212966Z ^[[36;1massert re.fullmatch(r'[0-9]+', source_run), 'Invalid run ID'^[[0m
consumer (ubuntu-24.04, x86_64-linux-gnu)	Acquire independently pinned source qualification	2026-09-08T15:38:05.6213408Z ^[[36;1massert re.fullmatch(r'[0-9a-f]{64}', os.environ['SOURCE_SHA256']), 'Invalid source SHA256'^[[0m
consumer (ubuntu-24.04, x86_64-linux-gnu)	Acquire independently pinned source qualification	2026-09-08T15:38:05.6214003Z ^[[36;1mmetadata = json.loads(subprocess.check_output(['gh', 'api', f'repos/catethos/Aphid/actions/runs/{source_run}'], text=True))^[[0m
consumer (ubuntu-24.04, x86_64-linux-gnu)	Acquire independently pinned source qualification	2026-09-08T15:38:05.6214851Z ^[[36;1massert (metadata['status'], metadata['conclusion'], metadata['event'], metadata['head_branch'], metadata['path']) == ('completed', 'success', 'workflow_dispatch', 'main', '.github/workflows/linux-consumer.yml')^[[0m
consumer (ubuntu-24.04, x86_64-linux-gnu)	Acquire independently pinned source qualification	2026-09-08T15:38:05.6215641Z ^[[36;1mPath(os.environ['RUNNER_TEMP'], 'source-run.json').write_text(json.dumps(metadata, indent=2))^[[0m
consumer (ubuntu-24.04, x86_64-linux-gnu)	Acquire independently pinned source qualification	2026-09-08T15:38:05.6216431Z ^[[36;1msubprocess.run(['gh', 'run', 'download', source_run, '--repo', 'catethos/Aphid', '--name', f'combined-source-{source_run}', '--dir', os.environ['RUNNER_TEMP'] + '/qualified-source'], check=True)^[[0m
consumer (ubuntu-24.04, x86_64-linux-gnu)	Acquire independently pinned source qualification	2026-09-08T15:38:05.6217004Z ^[[36;1mPY^[[0m
consumer (ubuntu-24.04, x86_64-linux-gnu)	Acquire independently pinned source qualification	2026-09-08T15:38:05.6251261Z shell: /usr/bin/bash -e {0}
consumer (ubuntu-24.04, x86_64-linux-gnu)	Acquire independently pinned source qualification	2026-09-08T15:38:05.6251545Z env:
consumer (ubuntu-24.04, x86_64-linux-gnu)	Acquire independently pinned source qualification	2026-09-08T15:38:05.6251795Z   pythonLocation: /opt/hostedtoolcache/Python/3.14.7/x64
consumer (ubuntu-24.04, x86_64-linux-gnu)	Acquire independently pinned source qualification	2026-09-08T15:38:05.6252155Z   PKG_CONFIG_PATH: /opt/hostedtoolcache/Python/3.14.7/x64/lib/pkgconfig
consumer (ubuntu-24.04, x86_64-linux-gnu)	Acquire independently pinned source qualification	2026-09-08T15:38:05.6252489Z   Python_ROOT_DIR: /opt/hostedtoolcache/Python/3.14.7/x64
consumer (ubuntu-24.04, x86_64-linux-gnu)	Acquire independently pinned source qualification	2026-09-08T15:38:05.6252785Z   Python2_ROOT_DIR: /opt/hostedtoolcache/Python/3.14.7/x64
consumer (ubuntu-24.04, x86_64-linux-gnu)	Acquire independently pinned source qualification	2026-09-08T15:38:05.6253077Z   Python3_ROOT_DIR: /opt/hostedtoolcache/Python/3.14.7/x64
consumer (ubuntu-24.04, x86_64-linux-gnu)	Acquire independently pinned source qualification	2026-09-08T15:38:05.6253388Z   LD_LIBRARY_PATH: /opt/hostedtoolcache/Python/3.14.7/x64/lib
consumer (ubuntu-24.04, x86_64-linux-gnu)	Acquire independently pinned source qualification	2026-09-08T15:38:05.6253702Z   INSTALL_DIR_FOR_OTP: /home/runner/work/_temp/.setup-beam/otp
consumer (ubuntu-24.04, x86_64-linux-gnu)	Acquire independently pinned source qualification	2026-09-08T15:38:05.6254045Z   INSTALL_DIR_FOR_ELIXIR: /home/runner/work/_temp/.setup-beam/elixir
consumer (ubuntu-24.04, x86_64-linux-gnu)	Acquire independently pinned source qualification	2026-09-08T15:38:05.6256161Z   GH_TOKEN: ***
consumer (ubuntu-24.04, x86_64-linux-gnu)	Acquire independently pinned source qualification	2026-09-08T15:38:05.6256346Z   SOURCE_RUN: 34242496036
consumer (ubuntu-24.04, x86_64-linux-gnu)	Acquire independently pinned source qualification	2026-09-08T15:38:05.6256655Z   SOURCE_SHA256: 9faa9af3eb1c826446b0bf9473e94632e4fbb9fcb6bfc9d85bae1a90862f2448
consumer (ubuntu-24.04, x86_64-linux-gnu)	Acquire independently pinned source qualification	2026-09-08T15:38:05.6256989Z ##[endgroup]
consumer (ubuntu-24.04, x86_64-linux-gnu)	Prove anonymous package-default installation and offline runtime	﻿2026-09-08T15:38:06.3882458Z ##[group]Run set -o pipefail
consumer (ubuntu-24.04, x86_64-linux-gnu)	Prove anonymous package-default installation and offline runtime	2026-09-08T15:38:06.3882742Z ^[[36;1mset -o pipefail^[[0m
consumer (ubuntu-24.04, x86_64-linux-gnu)	Prove anonymous package-default installation and offline runtime	2026-09-08T15:38:06.3883023Z ^[[36;1mpython3 -u - <<'PY' 2>&1 | tee "$RUNNER_TEMP/public-consumer.log"^[[0m
consumer (ubuntu-24.04, x86_64-linux-gnu)	Prove anonymous package-default installation and offline runtime	2026-09-08T15:38:06.3883349Z ^[[36;1mimport hashlib, json, os, subprocess, sys^[[0m
consumer (ubuntu-24.04, x86_64-linux-gnu)	Prove anonymous package-default installation and offline runtime	2026-09-08T15:38:06.3883605Z ^[[36;1mfrom pathlib import Path^[[0m
consumer (ubuntu-24.04, x86_64-linux-gnu)	Prove anonymous package-default installation and offline runtime	2026-09-08T15:38:06.3883840Z ^[[36;1mroot = Path(os.environ['RUNNER_TEMP'])^[[0m
consumer (ubuntu-24.04, x86_64-linux-gnu)	Prove anonymous package-default installation and offline runtime	2026-09-08T15:38:06.3884204Z ^[[36;1mpackages = list((root / 'qualified-source').rglob('aphid-0.1.1-dev-combined.tar'))^[[0m
consumer (ubuntu-24.04, x86_64-linux-gnu)	Prove anonymous package-default installation and offline runtime	2026-09-08T15:38:06.3884637Z ^[[36;1massert len(packages) == 1, 'Expected one exact qualified package'^[[0m
consumer (ubuntu-24.04, x86_64-linux-gnu)	Prove anonymous package-default installation and offline runtime	2026-09-08T15:38:06.3884945Z ^[[36;1mpackage = packages[0]^[[0m
consumer (ubuntu-24.04, x86_64-linux-gnu)	Prove anonymous package-default installation and offline runtime	2026-09-08T15:38:06.3885335Z ^[[36;1massert hashlib.sha256(package.read_bytes()).hexdigest() == os.environ['SOURCE_SHA256'], 'Source pin mismatch'^[[0m
consumer (ubuntu-24.04, x86_64-linux-gnu)	Prove anonymous package-default installation and offline runtime	2026-09-08T15:38:06.3885896Z ^[[36;1mpin = json.loads(Path('native/linux-bundles.json').read_text())[os.environ['APHID_TARGET']]^[[0m
consumer (ubuntu-24.04, x86_64-linux-gnu)	Prove anonymous package-default installation and offline runtime	2026-09-08T15:38:06.3886645Z ^[[36;1murl = 'https://github.com/catethos/Aphid/releases/download/v' + pin['package_version'] + '/' + pin['archive']^[[0m
consumer (ubuntu-24.04, x86_64-linux-gnu)	Prove anonymous package-default installation and offline runtime	2026-09-08T15:38:06.3887113Z ^[[36;1marchive = root / pin['archive']^[[0m
consumer (ubuntu-24.04, x86_64-linux-gnu)	Prove anonymous package-default installation and offline runtime	2026-09-08T15:38:06.3887612Z ^[[36;1msubprocess.run(['curl', '--fail', '--location', '--proto', '=https', '--proto-redir', '=https', '--max-time', '300', '--output', str(archive), url], check=True)^[[0m
consumer (ubuntu-24.04, x86_64-linux-gnu)	Prove anonymous package-default installation and offline runtime	2026-09-08T15:38:06.3889039Z ^[[36;1msubprocess.run([sys.executable, '-u', 'scripts/precompiled_consumer.py', '--archive', str(archive), '--sha256', pin['sha256'], '--package', str(package), '--package-sha256', os.environ['SOURCE_SHA256'], '--destination', str(root / 'public-consumer'), '--hex-dependencies', '--package-default', '--hide-build', str(root / 'qualified-source')] + (['--hex-registry'] if os.environ['HEX_REGISTRY'] == 'true' else []), check=True)^[[0m
consumer (ubuntu-24.04, x86_64-linux-gnu)	Prove anonymous package-default installation and offline runtime	2026-09-08T15:38:06.3890146Z ^[[36;1mPY^[[0m
consumer (ubuntu-24.04, x86_64-linux-gnu)	Prove anonymous package-default installation and offline runtime	2026-09-08T15:38:06.3923558Z shell: /usr/bin/bash -e {0}
consumer (ubuntu-24.04, x86_64-linux-gnu)	Prove anonymous package-default installation and offline runtime	2026-09-08T15:38:06.3923767Z env:
consumer (ubuntu-24.04, x86_64-linux-gnu)	Prove anonymous package-default installation and offline runtime	2026-09-08T15:38:06.3923999Z   pythonLocation: /opt/hostedtoolcache/Python/3.14.7/x64
consumer (ubuntu-24.04, x86_64-linux-gnu)	Prove anonymous package-default installation and offline runtime	2026-09-08T15:38:06.3924357Z   PKG_CONFIG_PATH: /opt/hostedtoolcache/Python/3.14.7/x64/lib/pkgconfig
consumer (ubuntu-24.04, x86_64-linux-gnu)	Prove anonymous package-default installation and offline runtime	2026-09-08T15:38:06.3924715Z   Python_ROOT_DIR: /opt/hostedtoolcache/Python/3.14.7/x64
consumer (ubuntu-24.04, x86_64-linux-gnu)	Prove anonymous package-default installation and offline runtime	2026-09-08T15:38:06.3925022Z   Python2_ROOT_DIR: /opt/hostedtoolcache/Python/3.14.7/x64
consumer (ubuntu-24.04, x86_64-linux-gnu)	Prove anonymous package-default installation and offline runtime	2026-09-08T15:38:06.3925314Z   Python3_ROOT_DIR: /opt/hostedtoolcache/Python/3.14.7/x64
consumer (ubuntu-24.04, x86_64-linux-gnu)	Prove anonymous package-default installation and offline runtime	2026-09-08T15:38:06.3925609Z   LD_LIBRARY_PATH: /opt/hostedtoolcache/Python/3.14.7/x64/lib
consumer (ubuntu-24.04, x86_64-linux-gnu)	Prove anonymous package-default installation and offline runtime	2026-09-08T15:38:06.3925924Z   INSTALL_DIR_FOR_OTP: /home/runner/work/_temp/.setup-beam/otp
consumer (ubuntu-24.04, x86_64-linux-gnu)	Prove anonymous package-default installation and offline runtime	2026-09-08T15:38:06.3926260Z   INSTALL_DIR_FOR_ELIXIR: /home/runner/work/_temp/.setup-beam/elixir
consumer (ubuntu-24.04, x86_64-linux-gnu)	Prove anonymous package-default installation and offline runtime	2026-09-08T15:38:06.3926548Z   APHID_TARGET: x86_64-linux-gnu
consumer (ubuntu-24.04, x86_64-linux-gnu)	Prove anonymous package-default installation and offline runtime	2026-09-08T15:38:06.3926858Z   SOURCE_SHA256: 9faa9af3eb1c826446b0bf9473e94632e4fbb9fcb6bfc9d85bae1a90862f2448
consumer (ubuntu-24.04, x86_64-linux-gnu)	Prove anonymous package-default installation and offline runtime	2026-09-08T15:38:06.3927185Z   HEX_REGISTRY: true
consumer (ubuntu-24.04, x86_64-linux-gnu)	Prove anonymous package-default installation and offline runtime	2026-09-08T15:38:06.3927369Z ##[endgroup]
consumer (ubuntu-24.04, x86_64-linux-gnu)	Prove anonymous package-default installation and offline runtime	2026-09-08T15:38:06.4398903Z   % Total    % Received % Xferd  Average Speed   Time    Time     Time  Current
consumer (ubuntu-24.04, x86_64-linux-gnu)	Prove anonymous package-default installation and offline runtime	2026-09-08T15:38:06.4399550Z                                  Dload  Upload   Total   Spent    Left  Speed
consumer (ubuntu-24.04, x86_64-linux-gnu)	Prove anonymous package-default installation and offline runtime	2026-09-08T15:38:06.4399769Z 
consumer (ubuntu-24.04, x86_64-linux-gnu)	Prove anonymous package-default installation and offline runtime	2026-09-08T15:38:06.5563613Z   0     0    0     0    0     0      0      0 --:--:-- --:--:-- --:--:--     0
consumer (ubuntu-24.04, x86_64-linux-gnu)	Prove anonymous package-default installation and offline runtime	2026-09-08T15:38:06.5564121Z   0     0    0     0    0     0      0      0 --:--:-- --:--:-- --:--:--     0
consumer (ubuntu-24.04, x86_64-linux-gnu)	Prove anonymous package-default installation and offline runtime	2026-09-08T15:38:06.7063029Z 
consumer (ubuntu-24.04, x86_64-linux-gnu)	Prove anonymous package-default installation and offline runtime	2026-09-08T15:38:06.7063732Z 100 47.6M  100 47.6M    0     0   178M      0 --:--:-- --:--:-- --:--:--  178M
consumer (ubuntu-24.04, x86_64-linux-gnu)	Prove anonymous package-default installation and offline runtime	2026-09-08T15:38:07.9181324Z using exact local Hex source package: 9faa9af3eb1c826446b0bf9473e94632e4fbb9fcb6bfc9d85bae1a90862f2448
consumer (ubuntu-24.04, x86_64-linux-gnu)	Prove anonymous package-default installation and offline runtime	2026-09-08T15:38:07.9644187Z fresh caches; pinned source dependencies: [{"name": "earmark_parser", "version": "1.4.46", "sha256": "9c44636e8a1c68c62f526b2dcd85d941dbbcee7ab82cf64ba06ce28bef8e89f5"}, {"name": "ex_doc", "version": "0.39.1", "sha256": "8abf0ed3e3ca87c0847dfc4168ceab5bedfe881692f1b7c45f4a11b232806865"}, {"name": "makeup", "version": "1.2.2", "sha256": "9a1a24e5b343b8ae16abea0822c10a6f75da27af7fa802ada5251f7579bfccfa"}, {"name": "makeup_elixir", "version": "1.0.1", "sha256": "7284900d412a3e5cfd97fdaed4f5ed389b8f2b4cb49efc0eb3bd10e2febf9507"}, {"name": "makeup_erlang", "version": "1.1.0", "sha256": "1cd6780fb1dd1a03979abaed0fe82712b0625118fd5257d3ebbf73f960c73c3c"}, {"name": "nimble_parsec", "version": "1.4.2", "sha256": "4b21398942dda052b403bbe1da991ccd03a053668d147d53fb8c4e0efe09c973"}, {"name": "pegasus", "version": "0.2.6", "sha256": "0ac159f0ccab7967cf90208327cc8a35788874814c8d78e19d47104d3fc049b9"}, {"name": "protoss", "version": "1.1.0", "sha256": "c2f874383dd047fcfdf467b814dd33a208a4d24a467aef90d86185b41a0752ad"}, {"name": "telemetry", "version": "1.4.2", "sha256": "928f6495066506077862c0d1646609eed891a4326bee3126ba54b60af61febb1"}, {"name": "zig_doc", "version": "0.7.0", "sha256": "28b57b0bc12f241fc855b6514fe5198f3067fbab2555a3e3a83f6f9ed4699f4c"}, {"name": "zig_get", "version": "0.16.0", "sha256": "2841127cf2005da74fb28d3cc68397a393d3d71df5f45752b974345e696beb01"}, {"name": "zig_parser", "version": "0.7.0", "sha256": "fd0b2fc343820a202787a78a40feae372386b4303717b099223d5f5c5f21f0bb"}, {"name": "zigler", "version": "0.16.0", "sha256": "867ce49289568a7fabff400cb9f1636a429defcd488f3302a82c4b51b2bc7741"}]
consumer (ubuntu-24.04, x86_64-linux-gnu)	Prove anonymous package-default installation and offline runtime	2026-09-08T15:38:08.0311615Z Linux namespace probe passed: build trees hidden, compiler paths masked, external network unavailable
consumer (ubuntu-24.04, x86_64-linux-gnu)	Prove anonymous package-default installation and offline runtime	2026-09-08T15:38:08.0521367Z {"command": ["sudo", "-E", "bwrap", "--die-with-parent", "--unshare-pid", "--ro-bind", "/", "/", "--dev", "/dev", "--proc", "/proc", "--bind", "/home/runner/work/_temp/public-consumer", "/home/runner/work/_temp/public-consumer", "--unshare-net", "--tmpfs", "/home/runner/work/Aphid/Aphid", "--tmpfs", "/home/runner/work/_temp/qualified-source", "--ro-bind", "/dev/null", "/usr/bin/c89-gcc", "--ro-bind", "/dev/null", "/usr/bin/c99-gcc", "--ro-bind", "/dev/null", "/usr/bin/make", "--ro-bind", "/dev/null", "/usr/bin/x86_64-linux-gnu-as", "--ro-bind", "/dev/null", "/usr/bin/x86_64-linux-gnu-g++-12", "--ro-bind", "/dev/null", "/usr/bin/x86_64-linux-gnu-g++-13", "--ro-bind", "/dev/null", "/usr/bin/x86_64-linux-gnu-g++-14", "--ro-bind", "/dev/null", "/usr/bin/x86_64-linux-gnu-gcc-12", "--ro-bind", "/dev/null", "/usr/bin/x86_64-linux-gnu-gcc-13", "--ro-bind", "/dev/null", "/usr/bin/x86_64-linux-gnu-gcc-14", "--ro-bind", "/dev/null", "/usr/bin/x86_64-linux-gnu-ld.bfd", "--ro-bind", "/dev/null", "/usr/lib/llvm-16/bin/clang", "--ro-bind", "/dev/null", "/usr/lib/llvm-16/bin/lld", "--ro-bind", "/dev/null", "/usr/lib/llvm-16/bin/llvm-as", "--ro-bind", "/dev/null", "/usr/lib/llvm-17/bin/clang", "--ro-bind", "/dev/null", "/usr/lib/llvm-17/bin/lld", "--ro-bind", "/dev/null", "/usr/lib/llvm-17/bin/llvm-as", "--ro-bind", "/dev/null", "/usr/lib/llvm-18/bin/clang", "--ro-bind", "/dev/null", "/usr/lib/llvm-18/bin/lld", "--ro-bind", "/dev/null", "/usr/lib/llvm-18/bin/llvm-as", "--ro-bind", "/dev/null", "/usr/local/bin/cmake", "--ro-bind", "/dev/null", "/usr/local/bin/ninja", "--cap-add", "CAP_SETUID", "--cap-add", "CAP_SETGID", "--cap-add", "CAP_SETPCAP", "--clearenv", "--setenv", "LANG", "C.UTF-8", "--setenv", "HOME", "/home/runner", "--setenv", "PATH", "/home/runner/work/_temp/.setup-beam/elixir/bin:/home/runner/.mix/escripts:/home/runner/work/_temp/.setup-beam/otp/bin:/opt/hostedtoolcache/Python/3.14.7/x64/bin:/opt/hostedtoolcache/Python/3.14.7/x64:/snap/bin:/home/runner/.local/bin:/opt/pipx_bin:/home/runner/.cargo/bin:/home/runner/.config/composer/vendor/bin:/usr/local/.ghcup/bin:/home/runner/.dotnet/tools:/usr/local/sbin:/usr/local/bin:/usr/sbin:/usr/bin:/sbin:/bin:/usr/games:/usr/local/games:/snap/bin", "--", "/usr/bin/setpriv", "--reuid", "1001", "--regid", "1001", "--clear-groups", "--bounding-set=-all", "--no-new-privs", "--", "/opt/hostedtoolcache/Python/3.14.7/x64/bin/python3", "/home/runner/work/_temp/public-consumer/isolation-check.py"], "cwd": "/home/runner/work/_temp/public-consumer", "exit": 0, "seconds": 0.064}
consumer (ubuntu-24.04, x86_64-linux-gnu)	Prove anonymous package-default installation and offline runtime	2026-09-08T15:38:08.2508530Z UTF-8 runtime filename mode verified
consumer (ubuntu-24.04, x86_64-linux-gnu)	Prove anonymous package-default installation and offline runtime	2026-09-08T15:38:08.2670055Z {"command": ["sudo", "-E", "bwrap", "--die-with-parent", "--unshare-pid", "--ro-bind", "/", "/", "--dev", "/dev", "--proc", "/proc", "--bind", "/home/runner/work/_temp/public-consumer", "/home/runner/work/_temp/public-consumer", "--unshare-net", "--tmpfs", "/home/runner/work/Aphid/Aphid", "--tmpfs", "/home/runner/work/_temp/qualified-source", "--ro-bind", "/dev/null", "/usr/bin/c89-gcc", "--ro-bind", "/dev/null", "/usr/bin/c99-gcc", "--ro-bind", "/dev/null", "/usr/bin/make", "--ro-bind", "/dev/null", "/usr/bin/x86_64-linux-gnu-as", "--ro-bind", "/dev/null", "/usr/bin/x86_64-linux-gnu-g++-12", "--ro-bind", "/dev/null", "/usr/bin/x86_64-linux-gnu-g++-13", "--ro-bind", "/dev/null", "/usr/bin/x86_64-linux-gnu-g++-14", "--ro-bind", "/dev/null", "/usr/bin/x86_64-linux-gnu-gcc-12", "--ro-bind", "/dev/null", "/usr/bin/x86_64-linux-gnu-gcc-13", "--ro-bind", "/dev/null", "/usr/bin/x86_64-linux-gnu-gcc-14", "--ro-bind", "/dev/null", "/usr/bin/x86_64-linux-gnu-ld.bfd", "--ro-bind", "/dev/null", "/usr/lib/llvm-16/bin/clang", "--ro-bind", "/dev/null", "/usr/lib/llvm-16/bin/lld", "--ro-bind", "/dev/null", "/usr/lib/llvm-16/bin/llvm-as", "--ro-bind", "/dev/null", "/usr/lib/llvm-17/bin/clang", "--ro-bind", "/dev/null", "/usr/lib/llvm-17/bin/lld", "--ro-bind", "/dev/null", "/usr/lib/llvm-17/bin/llvm-as", "--ro-bind", "/dev/null", "/usr/lib/llvm-18/bin/clang", "--ro-bind", "/dev/null", "/usr/lib/llvm-18/bin/lld", "--ro-bind", "/dev/null", "/usr/lib/llvm-18/bin/llvm-as", "--ro-bind", "/dev/null", "/usr/local/bin/cmake", "--ro-bind", "/dev/null", "/usr/local/bin/ninja", "--cap-add", "CAP_SETUID", "--cap-add", "CAP_SETGID", "--cap-add", "CAP_SETPCAP", "--clearenv", "--setenv", "LANG", "C.UTF-8", "--setenv", "HOME", "/home/runner", "--setenv", "PATH", "/home/runner/work/_temp/.setup-beam/elixir/bin:/home/runner/.mix/escripts:/home/runner/work/_temp/.setup-beam/otp/bin:/opt/hostedtoolcache/Python/3.14.7/x64/bin:/opt/hostedtoolcache/Python/3.14.7/x64:/snap/bin:/home/runner/.local/bin:/opt/pipx_bin:/home/runner/.cargo/bin:/home/runner/.config/composer/vendor/bin:/usr/local/.ghcup/bin:/home/runner/.dotnet/tools:/usr/local/sbin:/usr/local/bin:/usr/sbin:/usr/bin:/sbin:/bin:/usr/games:/usr/local/games:/snap/bin", "--", "/usr/bin/setpriv", "--reuid", "1001", "--regid", "1001", "--clear-groups", "--bounding-set=-all", "--no-new-privs", "--", "/home/runner/work/_temp/.setup-beam/elixir/bin/elixir", "-e", ":utf8 = :file.native_name_encoding(); IO.puts(\"UTF-8 runtime filename mode verified\")"], "cwd": "/home/runner/work/_temp/public-consumer", "exit": 0, "seconds": 0.214}
consumer (ubuntu-24.04, x86_64-linux-gnu)	Prove anonymous package-default installation and offline runtime	2026-09-08T15:38:09.0566973Z Resolving Hex dependencies...
consumer (ubuntu-24.04, x86_64-linux-gnu)	Prove anonymous package-default installation and offline runtime	2026-09-08T15:38:09.0731732Z Resolution completed in 0.015s
consumer (ubuntu-24.04, x86_64-linux-gnu)	Prove anonymous package-default installation and offline runtime	2026-09-08T15:38:09.0751492Z New:
consumer (ubuntu-24.04, x86_64-linux-gnu)	Prove anonymous package-default installation and offline runtime	2026-09-08T15:38:09.0751797Z   aphid 0.1.1-dev
consumer (ubuntu-24.04, x86_64-linux-gnu)	Prove anonymous package-default installation and offline runtime	2026-09-08T15:38:09.0757745Z Unchanged:
consumer (ubuntu-24.04, x86_64-linux-gnu)	Prove anonymous package-default installation and offline runtime	2026-09-08T15:38:09.0758019Z   earmark_parser 1.4.46
consumer (ubuntu-24.04, x86_64-linux-gnu)	Prove anonymous package-default installation and offline runtime	2026-09-08T15:38:09.0758509Z   ex_doc 0.39.1
consumer (ubuntu-24.04, x86_64-linux-gnu)	Prove anonymous package-default installation and offline runtime	2026-09-08T15:38:09.0758830Z   makeup 1.2.2
consumer (ubuntu-24.04, x86_64-linux-gnu)	Prove anonymous package-default installation and offline runtime	2026-09-08T15:38:09.0760082Z   makeup_elixir 1.0.1
consumer (ubuntu-24.04, x86_64-linux-gnu)	Prove anonymous package-default installation and offline runtime	2026-09-08T15:38:09.0760381Z   makeup_erlang 1.1.0
consumer (ubuntu-24.04, x86_64-linux-gnu)	Prove anonymous package-default installation and offline runtime	2026-09-08T15:38:09.0760844Z   nimble_parsec 1.4.2
consumer (ubuntu-24.04, x86_64-linux-gnu)	Prove anonymous package-default installation and offline runtime	2026-09-08T15:38:09.0761689Z   pegasus 0.2.6
consumer (ubuntu-24.04, x86_64-linux-gnu)	Prove anonymous package-default installation and offline runtime	2026-09-08T15:38:09.0762098Z   protoss 1.1.0
consumer (ubuntu-24.04, x86_64-linux-gnu)	Prove anonymous package-default installation and offline runtime	2026-09-08T15:38:09.0762368Z   telemetry 1.4.2
consumer (ubuntu-24.04, x86_64-linux-gnu)	Prove anonymous package-default installation and offline runtime	2026-09-08T15:38:09.0762688Z   zig_doc 0.7.0
consumer (ubuntu-24.04, x86_64-linux-gnu)	Prove anonymous package-default installation and offline runtime	2026-09-08T15:38:09.0762947Z   zig_get 0.16.0
consumer (ubuntu-24.04, x86_64-linux-gnu)	Prove anonymous package-default installation and offline runtime	2026-09-08T15:38:09.0763343Z   zig_parser 0.7.0
consumer (ubuntu-24.04, x86_64-linux-gnu)	Prove anonymous package-default installation and offline runtime	2026-09-08T15:38:09.0763600Z   zigler 0.16.0
consumer (ubuntu-24.04, x86_64-linux-gnu)	Prove anonymous package-default installation and offline runtime	2026-09-08T15:38:09.0804427Z * Getting aphid (Hex package)
consumer (ubuntu-24.04, x86_64-linux-gnu)	Prove anonymous package-default installation and offline runtime	2026-09-08T15:38:09.1834590Z * Getting telemetry (Hex package)
consumer (ubuntu-24.04, x86_64-linux-gnu)	Prove anonymous package-default installation and offline runtime	2026-09-08T15:38:09.2485490Z * creating /home/runner/work/_temp/public-consumer/mix-home/elixir/1-20-otp-29/rebar3
consumer (ubuntu-24.04, x86_64-linux-gnu)	Prove anonymous package-default installation and offline runtime	2026-09-08T15:38:09.2491661Z * Getting zigler (Hex package)
consumer (ubuntu-24.04, x86_64-linux-gnu)	Prove anonymous package-default installation and offline runtime	2026-09-08T15:38:09.2765580Z * Getting protoss (Hex package)
consumer (ubuntu-24.04, x86_64-linux-gnu)	Prove anonymous package-default installation and offline runtime	2026-09-08T15:38:09.2800570Z * Getting zig_doc (Hex package)
consumer (ubuntu-24.04, x86_64-linux-gnu)	Prove anonymous package-default installation and offline runtime	2026-09-08T15:38:09.2851761Z * Getting zig_get (Hex package)
consumer (ubuntu-24.04, x86_64-linux-gnu)	Prove anonymous package-default installation and offline runtime	2026-09-08T15:38:09.2887254Z * Getting zig_parser (Hex package)
consumer (ubuntu-24.04, x86_64-linux-gnu)	Prove anonymous package-default installation and offline runtime	2026-09-08T15:38:09.3388646Z * Getting pegasus (Hex package)
consumer (ubuntu-24.04, x86_64-linux-gnu)	Prove anonymous package-default installation and offline runtime	2026-09-08T15:38:09.3461944Z * Getting nimble_parsec (Hex package)
consumer (ubuntu-24.04, x86_64-linux-gnu)	Prove anonymous package-default installation and offline runtime	2026-09-08T15:38:09.3523982Z * Getting ex_doc (Hex package)
consumer (ubuntu-24.04, x86_64-linux-gnu)	Prove anonymous package-default installation and offline runtime	2026-09-08T15:38:09.3870595Z * Getting earmark_parser (Hex package)
consumer (ubuntu-24.04, x86_64-linux-gnu)	Prove anonymous package-default installation and offline runtime	2026-09-08T15:38:09.4028521Z * Getting makeup_elixir (Hex package)
consumer (ubuntu-24.04, x86_64-linux-gnu)	Prove anonymous package-default installation and offline runtime	2026-09-08T15:38:09.4094727Z * Getting makeup_erlang (Hex package)
consumer (ubuntu-24.04, x86_64-linux-gnu)	Prove anonymous package-default installation and offline runtime	2026-09-08T15:38:09.4145286Z * Getting makeup (Hex package)
consumer (ubuntu-24.04, x86_64-linux-gnu)	Prove anonymous package-default installation and offline runtime	2026-09-08T15:38:09.5768847Z {"command": ["sudo", "-E", "bwrap", "--die-with-parent", "--unshare-pid", "--ro-bind", "/", "/", "--dev", "/dev", "--proc", "/proc", "--bind", "/home/runner/work/_temp/public-consumer", "/home/runner/work/_temp/public-consumer", "--tmpfs", "/home/runner/work/Aphid/Aphid", "--tmpfs", "/home/runner/work/_temp/qualified-source", "--ro-bind", "/dev/null", "/usr/bin/c89-gcc", "--ro-bind", "/dev/null", "/usr/bin/c99-gcc", "--ro-bind", "/dev/null", "/usr/bin/make", "--ro-bind", "/dev/null", "/usr/bin/x86_64-linux-gnu-as", "--ro-bind", "/dev/null", "/usr/bin/x86_64-linux-gnu-g++-12", "--ro-bind", "/dev/null", "/usr/bin/x86_64-linux-gnu-g++-13", "--ro-bind", "/dev/null", "/usr/bin/x86_64-linux-gnu-g++-14", "--ro-bind", "/dev/null", "/usr/bin/x86_64-linux-gnu-gcc-12", "--ro-bind", "/dev/null", "/usr/bin/x86_64-linux-gnu-gcc-13", "--ro-bind", "/dev/null", "/usr/bin/x86_64-linux-gnu-gcc-14", "--ro-bind", "/dev/null", "/usr/bin/x86_64-linux-gnu-ld.bfd", "--ro-bind", "/dev/null", "/usr/lib/llvm-16/bin/clang", "--ro-bind", "/dev/null", "/usr/lib/llvm-16/bin/lld", "--ro-bind", "/dev/null", "/usr/lib/llvm-16/bin/llvm-as", "--ro-bind", "/dev/null", "/usr/lib/llvm-17/bin/clang", "--ro-bind", "/dev/null", "/usr/lib/llvm-17/bin/lld", "--ro-bind", "/dev/null", "/usr/lib/llvm-17/bin/llvm-as", "--ro-bind", "/dev/null", "/usr/lib/llvm-18/bin/clang", "--ro-bind", "/dev/null", "/usr/lib/llvm-18/bin/lld", "--ro-bind", "/dev/null", "/usr/lib/llvm-18/bin/llvm-as", "--ro-bind", "/dev/null", "/usr/local/bin/cmake", "--ro-bind", "/dev/null", "/usr/local/bin/ninja", "--cap-add", "CAP_SETUID", "--cap-add", "CAP_SETGID", "--cap-add", "CAP_SETPCAP", "--clearenv", "--setenv", "LANG", "C.UTF-8", "--setenv", "HOME", "/home/runner/work/_temp/public-consumer/home", "--setenv", "PATH", "/home/runner/work/_temp/public-consumer/tools:/home/runner/work/_temp/.setup-beam/elixir/bin:/home/runner/work/_temp/.setup-beam/elixir/bin:/home/runner/work/_temp/.setup-beam/otp/bin:/usr/bin:/bin:/usr/sbin:/sbin", "--setenv", "MIX_HOME", "/home/runner/work/_temp/public-consumer/mix-home", "--setenv", "HEX_HOME", "/home/runner/work/_temp/public-consumer/hex-home", "--setenv", "MIX_ENV", "prod", "--setenv", "ZIG_EXECUTABLE_PATH", "/home/runner/work/_temp/public-consumer/tools/zig", "--setenv", "ZIG_GLOBAL_CACHE_DIR", "/home/runner/work/_temp/public-consumer/zig-cache", "--setenv", "ZIGLER_STAGING_ROOT", "/home/runner/work/_temp/public-consumer/staging", "--setenv", "ERL_FLAGS", "+S 1:1 +SDcpu 1:1", "--setenv", "TMPDIR", "/home/runner/work/_temp/public-consumer/tmp", "--", "/usr/bin/setpriv", "--reuid", "1001", "--regid", "1001", "--clear-groups", "--bounding-set=-all", "--no-new-privs", "--", "mix", "deps.get"], "cwd": "/home/runner/work/_temp/public-consumer/consumer", "exit": 0, "seconds": 1.267}
consumer (ubuntu-24.04, x86_64-linux-gnu)	Prove anonymous package-default installation and offline runtime	2026-09-08T15:38:09.5817205Z Normal Hex acquisition verified: 14 locked archives; dependency acquisition complete
consumer (ubuntu-24.04, x86_64-linux-gnu)	Prove anonymous package-default installation and offline runtime	2026-09-08T15:38:09.9653003Z ==> earmark_parser
consumer (ubuntu-24.04, x86_64-linux-gnu)	Prove anonymous package-default installation and offline runtime	2026-09-08T15:38:09.9661303Z Compiling 2 files (.xrl)
consumer (ubuntu-24.04, x86_64-linux-gnu)	Prove anonymous package-default installation and offline runtime	2026-09-08T15:38:09.9937806Z Compiling 1 file (.yrl)
consumer (ubuntu-24.04, x86_64-linux-gnu)	Prove anonymous package-default installation and offline runtime	2026-09-08T15:38:10.0195211Z Compiling 3 files (.erl)
consumer (ubuntu-24.04, x86_64-linux-gnu)	Prove anonymous package-default installation and offline runtime	2026-09-08T15:38:10.2554482Z Compiling 32 files (.ex)
consumer (ubuntu-24.04, x86_64-linux-gnu)	Prove anonymous package-default installation and offline runtime	2026-09-08T15:38:11.1914971Z Generated earmark_parser app
consumer (ubuntu-24.04, x86_64-linux-gnu)	Prove anonymous package-default installation and offline runtime	2026-09-08T15:38:11.2044413Z ==> protoss
consumer (ubuntu-24.04, x86_64-linux-gnu)	Prove anonymous package-default installation and offline runtime	2026-09-08T15:38:11.2044795Z Compiling 1 file (.ex)
consumer (ubuntu-24.04, x86_64-linux-gnu)	Prove anonymous package-default installation and offline runtime	2026-09-08T15:38:11.2476340Z Generated protoss app
consumer (ubuntu-24.04, x86_64-linux-gnu)	Prove anonymous package-default installation and offline runtime	2026-09-08T15:38:11.2642257Z ==> zig_get
consumer (ubuntu-24.04, x86_64-linux-gnu)	Prove anonymous package-default installation and offline runtime	2026-09-08T15:38:11.2642674Z Compiling 1 file (.ex)
consumer (ubuntu-24.04, x86_64-linux-gnu)	Prove anonymous package-default installation and offline runtime	2026-09-08T15:38:11.3292296Z Generated zig_get app
consumer (ubuntu-24.04, x86_64-linux-gnu)	Prove anonymous package-default installation and offline runtime	2026-09-08T15:38:11.3418193Z ==> nimble_parsec
consumer (ubuntu-24.04, x86_64-linux-gnu)	Prove anonymous package-default installation and offline runtime	2026-09-08T15:38:11.3418626Z Compiling 4 files (.ex)
consumer (ubuntu-24.04, x86_64-linux-gnu)	Prove anonymous package-default installation and offline runtime	2026-09-08T15:38:11.7203676Z Generated nimble_parsec app
consumer (ubuntu-24.04, x86_64-linux-gnu)	Prove anonymous package-default installation and offline runtime	2026-09-08T15:38:11.7315874Z ==> pegasus
consumer (ubuntu-24.04, x86_64-linux-gnu)	Prove anonymous package-default installation and offline runtime	2026-09-08T15:38:11.7316403Z Compiling 11 files (.ex)
consumer (ubuntu-24.04, x86_64-linux-gnu)	Prove anonymous package-default installation and offline runtime	2026-09-08T15:38:13.5491862Z Generated pegasus app
consumer (ubuntu-24.04, x86_64-linux-gnu)	Prove anonymous package-default installation and offline runtime	2026-09-08T15:38:13.5611365Z ==> zig_parser
consumer (ubuntu-24.04, x86_64-linux-gnu)	Prove anonymous package-default installation and offline runtime	2026-09-08T15:38:13.5611805Z Compiling 37 files (.ex)
consumer (ubuntu-24.04, x86_64-linux-gnu)	Prove anonymous package-default installation and offline runtime	2026-09-08T15:38:17.6146136Z     warning: incompatible types given to Map.replace!/3:
consumer (ubuntu-24.04, x86_64-linux-gnu)	Prove anonymous package-default installation and offline runtime	2026-09-08T15:38:17.6146992Z 
consumer (ubuntu-24.04, x86_64-linux-gnu)	Prove anonymous package-default installation and offline runtime	2026-09-08T15:38:17.6147508Z         Map.replace!(parse(args), :doc_comment, comment)
consumer (ubuntu-24.04, x86_64-linux-gnu)	Prove anonymous package-default installation and offline runtime	2026-09-08T15:38:17.6148062Z 
consumer (ubuntu-24.04, x86_64-linux-gnu)	Prove anonymous package-default installation and offline runtime	2026-09-08T15:38:17.6148407Z     the map:
consumer (ubuntu-24.04, x86_64-linux-gnu)	Prove anonymous package-default installation and offline runtime	2026-09-08T15:38:17.6148795Z 
consumer (ubuntu-24.04, x86_64-linux-gnu)	Prove anonymous package-default installation and offline runtime	2026-09-08T15:38:17.6149303Z         dynamic(%Zig.Parser.Test{block: %Zig.Parser.Block{}, location: nil})
consumer (ubuntu-24.04, x86_64-linux-gnu)	Prove anonymous package-default installation and offline runtime	2026-09-08T15:38:17.6149905Z 
consumer (ubuntu-24.04, x86_64-linux-gnu)	Prove anonymous package-default installation and offline runtime	2026-09-08T15:38:17.6150264Z     does not have all required keys:
consumer (ubuntu-24.04, x86_64-linux-gnu)	Prove anonymous package-default installation and offline runtime	2026-09-08T15:38:17.6151146Z 
consumer (ubuntu-24.04, x86_64-linux-gnu)	Prove anonymous package-default installation and offline runtime	2026-09-08T15:38:17.6151409Z         :doc_comment
consumer (ubuntu-24.04, x86_64-linux-gnu)	Prove anonymous package-default installation and offline runtime	2026-09-08T15:38:17.6154374Z 
consumer (ubuntu-24.04, x86_64-linux-gnu)	Prove anonymous package-default installation and offline runtime	2026-09-08T15:38:17.6155091Z     therefore this function will always raise
consumer (ubuntu-24.04, x86_64-linux-gnu)	Prove anonymous package-default installation and offline runtime	2026-09-08T15:38:17.6155588Z 
consumer (ubuntu-24.04, x86_64-linux-gnu)	Prove anonymous package-default installation and offline runtime	2026-09-08T15:38:17.6155921Z     where "args" was given the type:
consumer (ubuntu-24.04, x86_64-linux-gnu)	Prove anonymous package-default installation and offline runtime	2026-09-08T15:38:17.6156755Z 
consumer (ubuntu-24.04, x86_64-linux-gnu)	Prove anonymous package-default installation and offline runtime	2026-09-08T15:38:17.6157144Z         # type: dynamic(non_empty_list(term()))
consumer (ubuntu-24.04, x86_64-linux-gnu)	Prove anonymous package-default installation and offline runtime	2026-09-08T15:38:17.6157750Z         # from: lib/zig.parser/test.ex:16:10
consumer (ubuntu-24.04, x86_64-linux-gnu)	Prove anonymous package-default installation and offline runtime	2026-09-08T15:38:17.6158311Z         parse(args)
consumer (ubuntu-24.04, x86_64-linux-gnu)	Prove anonymous package-default installation and offline runtime	2026-09-08T15:38:17.6158678Z 
consumer (ubuntu-24.04, x86_64-linux-gnu)	Prove anonymous package-default installation and offline runtime	2026-09-08T15:38:17.6159014Z     where "comment" was given the type:
consumer (ubuntu-24.04, x86_64-linux-gnu)	Prove anonymous package-default installation and offline runtime	2026-09-08T15:38:17.6159440Z 
consumer (ubuntu-24.04, x86_64-linux-gnu)	Prove anonymous package-default installation and offline runtime	2026-09-08T15:38:17.6159764Z         # type: dynamic()
consumer (ubuntu-24.04, x86_64-linux-gnu)	Prove anonymous package-default installation and offline runtime	2026-09-08T15:38:17.6160301Z         # from: lib/zig.parser/test.ex
consumer (ubuntu-24.04, x86_64-linux-gnu)	Prove anonymous package-default installation and offline runtime	2026-09-08T15:38:17.6161142Z         [{:TestDecl, [start, {:doc_comment, comment} | args]} | rest_args]
consumer (ubuntu-24.04, x86_64-linux-gnu)	Prove anonymous package-default installation and offline runtime	2026-09-08T15:38:17.6161715Z 
consumer (ubuntu-24.04, x86_64-linux-gnu)	Prove anonymous package-default installation and offline runtime	2026-09-08T15:38:17.6162023Z     type warning found at:
consumer (ubuntu-24.04, x86_64-linux-gnu)	Prove anonymous package-default installation and offline runtime	2026-09-08T15:38:17.6163058Z     │
consumer (ubuntu-24.04, x86_64-linux-gnu)	Prove anonymous package-default installation and offline runtime	2026-09-08T15:38:17.6163676Z  17 │       |> Map.replace!(:doc_comment, comment)
consumer (ubuntu-24.04, x86_64-linux-gnu)	Prove anonymous package-default installation and offline runtime	2026-09-08T15:38:17.6164307Z     │              ~
consumer (ubuntu-24.04, x86_64-linux-gnu)	Prove anonymous package-default installation and offline runtime	2026-09-08T15:38:17.6164789Z     │
consumer (ubuntu-24.04, x86_64-linux-gnu)	Prove anonymous package-default installation and offline runtime	2026-09-08T15:38:17.6165445Z     └─ lib/zig.parser/test.ex:17:14: Zig.Parser.Test.post_traverse/5
consumer (ubuntu-24.04, x86_64-linux-gnu)	Prove anonymous package-default installation and offline runtime	2026-09-08T15:38:17.6166010Z 
consumer (ubuntu-24.04, x86_64-linux-gnu)	Prove anonymous package-default installation and offline runtime	2026-09-08T15:38:17.8583981Z Generated zig_parser app
consumer (ubuntu-24.04, x86_64-linux-gnu)	Prove anonymous package-default installation and offline runtime	2026-09-08T15:38:17.8765835Z ==> makeup
consumer (ubuntu-24.04, x86_64-linux-gnu)	Prove anonymous package-default installation and offline runtime	2026-09-08T15:38:17.8766338Z Compiling 15 files (.ex)
consumer (ubuntu-24.04, x86_64-linux-gnu)	Prove anonymous package-default installation and offline runtime	2026-09-08T15:38:18.2800374Z Generated makeup app
consumer (ubuntu-24.04, x86_64-linux-gnu)	Prove anonymous package-default installation and offline runtime	2026-09-08T15:38:18.2951797Z ==> makeup_elixir
consumer (ubuntu-24.04, x86_64-linux-gnu)	Prove anonymous package-default installation and offline runtime	2026-09-08T15:38:18.2952624Z Compiling 6 files (.ex)
consumer (ubuntu-24.04, x86_64-linux-gnu)	Prove anonymous package-default installation and offline runtime	2026-09-08T15:38:26.9959816Z Generated makeup_elixir app
consumer (ubuntu-24.04, x86_64-linux-gnu)	Prove anonymous package-default installation and offline runtime	2026-09-08T15:38:27.0119004Z ==> makeup_erlang
consumer (ubuntu-24.04, x86_64-linux-gnu)	Prove anonymous package-default installation and offline runtime	2026-09-08T15:38:27.0119530Z Compiling 4 files (.ex)
consumer (ubuntu-24.04, x86_64-linux-gnu)	Prove anonymous package-default installation and offline runtime	2026-09-08T15:38:35.4309088Z Generated makeup_erlang app
consumer (ubuntu-24.04, x86_64-linux-gnu)	Prove anonymous package-default installation and offline runtime	2026-09-08T15:38:35.4749110Z ==> ex_doc
consumer (ubuntu-24.04, x86_64-linux-gnu)	Prove anonymous package-default installation and offline runtime	2026-09-08T15:38:35.4749617Z Compiling 27 files (.ex)
consumer (ubuntu-24.04, x86_64-linux-gnu)	Prove anonymous package-default installation and offline runtime	2026-09-08T15:38:37.1112644Z      warning: this clause of defp favicon_path/1 is never used (or it will always fail/warn when invoked)
consumer (ubuntu-24.04, x86_64-linux-gnu)	Prove anonymous package-default installation and offline runtime	2026-09-08T15:38:37.1113561Z      │
consumer (ubuntu-24.04, x86_64-linux-gnu)	Prove anonymous package-default installation and offline runtime	2026-09-08T15:38:37.1113962Z  153 │   defp favicon_path(%{favicon: nil}), do: nil
consumer (ubuntu-24.04, x86_64-linux-gnu)	Prove anonymous package-default installation and offline runtime	2026-09-08T15:38:37.1114373Z      │        ~
consumer (ubuntu-24.04, x86_64-linux-gnu)	Prove anonymous package-default installation and offline runtime	2026-09-08T15:38:37.1114619Z      │
consumer (ubuntu-24.04, x86_64-linux-gnu)	Prove anonymous package-default installation and offline runtime	2026-09-08T15:38:37.1115212Z      └─ lib/ex_doc/formatter/html/templates.ex:153:8: ExDoc.Formatter.HTML.Templates.favicon_path/1
consumer (ubuntu-24.04, x86_64-linux-gnu)	Prove anonymous package-default installation and offline runtime	2026-09-08T15:38:37.1115750Z 
consumer (ubuntu-24.04, x86_64-linux-gnu)	Prove anonymous package-default installation and offline runtime	2026-09-08T15:38:37.1116284Z      warning: the following clause cannot match because the previous clauses already matched all possible values:
consumer (ubuntu-24.04, x86_64-linux-gnu)	Prove anonymous package-default installation and offline runtime	2026-09-08T15:38:37.1116852Z 
consumer (ubuntu-24.04, x86_64-linux-gnu)	Prove anonymous package-default installation and offline runtime	2026-09-08T15:38:37.1117174Z          _ ->
consumer (ubuntu-24.04, x86_64-linux-gnu)	Prove anonymous package-default installation and offline runtime	2026-09-08T15:38:37.1117314Z 
consumer (ubuntu-24.04, x86_64-linux-gnu)	Prove anonymous package-default installation and offline runtime	2026-09-08T15:38:37.1117463Z      it attempts to match on the result of:
consumer (ubuntu-24.04, x86_64-linux-gnu)	Prove anonymous package-default installation and offline runtime	2026-09-08T15:38:37.1117699Z 
consumer (ubuntu-24.04, x86_64-linux-gnu)	Prove anonymous package-default installation and offline runtime	2026-09-08T15:38:37.1117813Z          result
consumer (ubuntu-24.04, x86_64-linux-gnu)	Prove anonymous package-default installation and offline runtime	2026-09-08T15:38:37.1117960Z 
consumer (ubuntu-24.04, x86_64-linux-gnu)	Prove anonymous package-default installation and offline runtime	2026-09-08T15:38:37.1118159Z      which has the already matched type:
consumer (ubuntu-24.04, x86_64-linux-gnu)	Prove anonymous package-default installation and offline runtime	2026-09-08T15:38:37.1118453Z 
consumer (ubuntu-24.04, x86_64-linux-gnu)	Prove anonymous package-default installation and offline runtime	2026-09-08T15:38:37.1118805Z          dynamic({:docs_v1, term(), term(), term(), term(), term(), term()} or {:error, term()})
consumer (ubuntu-24.04, x86_64-linux-gnu)	Prove anonymous package-default installation and offline runtime	2026-09-08T15:38:37.1119256Z 
consumer (ubuntu-24.04, x86_64-linux-gnu)	Prove anonymous package-default installation and offline runtime	2026-09-08T15:38:37.1119529Z      type warning found at:
consumer (ubuntu-24.04, x86_64-linux-gnu)	Prove anonymous package-default installation and offline runtime	2026-09-08T15:38:37.1119850Z      │
consumer (ubuntu-24.04, x86_64-linux-gnu)	Prove anonymous package-default installation and offline runtime	2026-09-08T15:38:37.1120161Z  124 │       _ ->
consumer (ubuntu-24.04, x86_64-linux-gnu)	Prove anonymous package-default installation and offline runtime	2026-09-08T15:38:37.1120447Z      │         ~
consumer (ubuntu-24.04, x86_64-linux-gnu)	Prove anonymous package-default installation and offline runtime	2026-09-08T15:38:37.1120919Z      │
consumer (ubuntu-24.04, x86_64-linux-gnu)	Prove anonymous package-default installation and offline runtime	2026-09-08T15:38:37.1121376Z      └─ lib/ex_doc/retriever.ex:124:9: ExDoc.Retriever.docs_chunk/1
consumer (ubuntu-24.04, x86_64-linux-gnu)	Prove anonymous package-default installation and offline runtime	2026-09-08T15:38:37.1122054Z 
consumer (ubuntu-24.04, x86_64-linux-gnu)	Prove anonymous package-default installation and offline runtime	2026-09-08T15:38:37.1162755Z      warning: this clause of defp logo_path/1 is never used (or it will always fail/warn when invoked)
consumer (ubuntu-24.04, x86_64-linux-gnu)	Prove anonymous package-default installation and offline runtime	2026-09-08T15:38:37.1163704Z      │
consumer (ubuntu-24.04, x86_64-linux-gnu)	Prove anonymous package-default installation and offline runtime	2026-09-08T15:38:37.1164098Z  156 │   defp logo_path(%{logo: nil}), do: nil
consumer (ubuntu-24.04, x86_64-linux-gnu)	Prove anonymous package-default installation and offline runtime	2026-09-08T15:38:37.1164489Z      │        ~
consumer (ubuntu-24.04, x86_64-linux-gnu)	Prove anonymous package-default installation and offline runtime	2026-09-08T15:38:37.1164739Z      │
consumer (ubuntu-24.04, x86_64-linux-gnu)	Prove anonymous package-default installation and offline runtime	2026-09-08T15:38:37.1165298Z      └─ lib/ex_doc/formatter/html/templates.ex:156:8: ExDoc.Formatter.HTML.Templates.logo_path/1
consumer (ubuntu-24.04, x86_64-linux-gnu)	Prove anonymous package-default installation and offline runtime	2026-09-08T15:38:37.1165718Z 
consumer (ubuntu-24.04, x86_64-linux-gnu)	Prove anonymous package-default installation and offline runtime	2026-09-08T15:38:37.1237456Z      warning: the following clause will never match:
consumer (ubuntu-24.04, x86_64-linux-gnu)	Prove anonymous package-default installation and offline runtime	2026-09-08T15:38:37.1237811Z 
consumer (ubuntu-24.04, x86_64-linux-gnu)	Prove anonymous package-default installation and offline runtime	2026-09-08T15:38:37.1237932Z          nil ->
consumer (ubuntu-24.04, x86_64-linux-gnu)	Prove anonymous package-default installation and offline runtime	2026-09-08T15:38:37.1238101Z 
consumer (ubuntu-24.04, x86_64-linux-gnu)	Prove anonymous package-default installation and offline runtime	2026-09-08T15:38:37.1238285Z      because it attempts to match on the result of:
consumer (ubuntu-24.04, x86_64-linux-gnu)	Prove anonymous package-default installation and offline runtime	2026-09-08T15:38:37.1238549Z 
consumer (ubuntu-24.04, x86_64-linux-gnu)	Prove anonymous package-default installation and offline runtime	2026-09-08T15:38:37.1238775Z          ExDoc.Language.Source.fetch_type!(module_data, name, arity)
consumer (ubuntu-24.04, x86_64-linux-gnu)	Prove anonymous package-default installation and offline runtime	2026-09-08T15:38:37.1239112Z 
consumer (ubuntu-24.04, x86_64-linux-gnu)	Prove anonymous package-default installation and offline runtime	2026-09-08T15:38:37.1239222Z      which has type:
consumer (ubuntu-24.04, x86_64-linux-gnu)	Prove anonymous package-default installation and offline runtime	2026-09-08T15:38:37.1239385Z 
consumer (ubuntu-24.04, x86_64-linux-gnu)	Prove anonymous package-default installation and offline runtime	2026-09-08T15:38:37.1239817Z          dynamic(not false and not nil)
consumer (ubuntu-24.04, x86_64-linux-gnu)	Prove anonymous package-default installation and offline runtime	2026-09-08T15:38:37.1239992Z 
consumer (ubuntu-24.04, x86_64-linux-gnu)	Prove anonymous package-default installation and offline runtime	2026-09-08T15:38:37.1240084Z      type warning found at:
consumer (ubuntu-24.04, x86_64-linux-gnu)	Prove anonymous package-default installation and offline runtime	2026-09-08T15:38:37.1240469Z      │
consumer (ubuntu-24.04, x86_64-linux-gnu)	Prove anonymous package-default installation and offline runtime	2026-09-08T15:38:37.1240862Z  150 │         nil ->
consumer (ubuntu-24.04, x86_64-linux-gnu)	Prove anonymous package-default installation and offline runtime	2026-09-08T15:38:37.1241163Z      │         ~~~~~~
consumer (ubuntu-24.04, x86_64-linux-gnu)	Prove anonymous package-default installation and offline runtime	2026-09-08T15:38:37.1241416Z      │
consumer (ubuntu-24.04, x86_64-linux-gnu)	Prove anonymous package-default installation and offline runtime	2026-09-08T15:38:37.1241846Z      └─ lib/ex_doc/language/erlang.ex:150: ExDoc.Language.Erlang.type_data/6
consumer (ubuntu-24.04, x86_64-linux-gnu)	Prove anonymous package-default installation and offline runtime	2026-09-08T15:38:37.1242100Z 
consumer (ubuntu-24.04, x86_64-linux-gnu)	Prove anonymous package-default installation and offline runtime	2026-09-08T15:38:37.1397316Z      warning: the following clause is redundant:
consumer (ubuntu-24.04, x86_64-linux-gnu)	Prove anonymous package-default installation and offline runtime	2026-09-08T15:38:37.1397684Z 
consumer (ubuntu-24.04, x86_64-linux-gnu)	Prove anonymous package-default installation and offline runtime	2026-09-08T15:38:37.1397821Z          defp to_var({:<<>>, _, _}, _)
consumer (ubuntu-24.04, x86_64-linux-gnu)	Prove anonymous package-default installation and offline runtime	2026-09-08T15:38:37.1398043Z 
consumer (ubuntu-24.04, x86_64-linux-gnu)	Prove anonymous package-default installation and offline runtime	2026-09-08T15:38:37.1398150Z      it has type:
consumer (ubuntu-24.04, x86_64-linux-gnu)	Prove anonymous package-default installation and offline runtime	2026-09-08T15:38:37.1398311Z 
consumer (ubuntu-24.04, x86_64-linux-gnu)	Prove anonymous package-default installation and offline runtime	2026-09-08T15:38:37.1398460Z          dynamic({:<<>>, term(), term()}), dynamic()
consumer (ubuntu-24.04, x86_64-linux-gnu)	Prove anonymous package-default installation and offline runtime	2026-09-08T15:38:37.1398714Z 
consumer (ubuntu-24.04, x86_64-linux-gnu)	Prove anonymous package-default installation and offline runtime	2026-09-08T15:38:37.1398945Z      previous clauses have already matched on the following types:
consumer (ubuntu-24.04, x86_64-linux-gnu)	Prove anonymous package-default installation and offline runtime	2026-09-08T15:38:37.1399213Z 
consumer (ubuntu-24.04, x86_64-linux-gnu)	Prove anonymous package-default installation and offline runtime	2026-09-08T15:38:37.1399311Z          {:%{}, term(), term()}, term()
consumer (ubuntu-24.04, x86_64-linux-gnu)	Prove anonymous package-default installation and offline runtime	2026-09-08T15:38:37.1399718Z          {atom(), term(), term()}, term()
consumer (ubuntu-24.04, x86_64-linux-gnu)	Prove anonymous package-default installation and offline runtime	2026-09-08T15:38:37.1399944Z 
consumer (ubuntu-24.04, x86_64-linux-gnu)	Prove anonymous package-default installation and offline runtime	2026-09-08T15:38:37.1400247Z      │
consumer (ubuntu-24.04, x86_64-linux-gnu)	Prove anonymous package-default installation and offline runtime	2026-09-08T15:38:37.1400633Z  569 │   defp to_var({:<<>>, _, _}, _), do: {:binary, [], nil}
consumer (ubuntu-24.04, x86_64-linux-gnu)	Prove anonymous package-default installation and offline runtime	2026-09-08T15:38:37.1401169Z      │        ~
consumer (ubuntu-24.04, x86_64-linux-gnu)	Prove anonymous package-default installation and offline runtime	2026-09-08T15:38:37.1401409Z      │
consumer (ubuntu-24.04, x86_64-linux-gnu)	Prove anonymous package-default installation and offline runtime	2026-09-08T15:38:37.1401850Z      └─ lib/ex_doc/language/elixir.ex:569:8: ExDoc.Language.Elixir.to_var/2
consumer (ubuntu-24.04, x86_64-linux-gnu)	Prove anonymous package-default installation and offline runtime	2026-09-08T15:38:37.1402194Z 
consumer (ubuntu-24.04, x86_64-linux-gnu)	Prove anonymous package-default installation and offline runtime	2026-09-08T15:38:37.1447075Z      warning: the following clause is redundant:
consumer (ubuntu-24.04, x86_64-linux-gnu)	Prove anonymous package-default installation and offline runtime	2026-09-08T15:38:37.1447388Z 
consumer (ubuntu-24.04, x86_64-linux-gnu)	Prove anonymous package-default installation and offline runtime	2026-09-08T15:38:37.1447506Z          defp to_var({:{}, _, _}, _)
consumer (ubuntu-24.04, x86_64-linux-gnu)	Prove anonymous package-default installation and offline runtime	2026-09-08T15:38:37.1447727Z 
consumer (ubuntu-24.04, x86_64-linux-gnu)	Prove anonymous package-default installation and offline runtime	2026-09-08T15:38:37.1447847Z      it has type:
consumer (ubuntu-24.04, x86_64-linux-gnu)	Prove anonymous package-default installation and offline runtime	2026-09-08T15:38:37.1448001Z 
consumer (ubuntu-24.04, x86_64-linux-gnu)	Prove anonymous package-default installation and offline runtime	2026-09-08T15:38:37.1448154Z          dynamic({:{}, term(), term()}), dynamic()
consumer (ubuntu-24.04, x86_64-linux-gnu)	Prove anonymous package-default installation and offline runtime	2026-09-08T15:38:37.1448404Z 
consumer (ubuntu-24.04, x86_64-linux-gnu)	Prove anonymous package-default installation and offline runtime	2026-09-08T15:38:37.1448631Z      previous clauses have already matched on the following types:
consumer (ubuntu-24.04, x86_64-linux-gnu)	Prove anonymous package-default installation and offline runtime	2026-09-08T15:38:37.1448967Z 
consumer (ubuntu-24.04, x86_64-linux-gnu)	Prove anonymous package-default installation and offline runtime	2026-09-08T15:38:37.1449090Z          {:%{}, term(), term()}, term()
consumer (ubuntu-24.04, x86_64-linux-gnu)	Prove anonymous package-default installation and offline runtime	2026-09-08T15:38:37.1449475Z          {atom(), term(), term()}, term()
consumer (ubuntu-24.04, x86_64-linux-gnu)	Prove anonymous package-default installation and offline runtime	2026-09-08T15:38:37.1449703Z 
consumer (ubuntu-24.04, x86_64-linux-gnu)	Prove anonymous package-default installation and offline runtime	2026-09-08T15:38:37.1449918Z      │
consumer (ubuntu-24.04, x86_64-linux-gnu)	Prove anonymous package-default installation and offline runtime	2026-09-08T15:38:37.1450302Z  570 │   defp to_var({:{}, _, _}, _), do: {:tuple, [], nil}
consumer (ubuntu-24.04, x86_64-linux-gnu)	Prove anonymous package-default installation and offline runtime	2026-09-08T15:38:37.1450843Z      │        ~
consumer (ubuntu-24.04, x86_64-linux-gnu)	Prove anonymous package-default installation and offline runtime	2026-09-08T15:38:37.1451098Z      │
consumer (ubuntu-24.04, x86_64-linux-gnu)	Prove anonymous package-default installation and offline runtime	2026-09-08T15:38:37.1451544Z      └─ lib/ex_doc/language/elixir.ex:570:8: ExDoc.Language.Elixir.to_var/2
consumer (ubuntu-24.04, x86_64-linux-gnu)	Prove anonymous package-default installation and offline runtime	2026-09-08T15:38:37.1451907Z 
consumer (ubuntu-24.04, x86_64-linux-gnu)	Prove anonymous package-default installation and offline runtime	2026-09-08T15:38:37.1460414Z      warning: the following clause is redundant:
consumer (ubuntu-24.04, x86_64-linux-gnu)	Prove anonymous package-default installation and offline runtime	2026-09-08T15:38:37.1460862Z 
consumer (ubuntu-24.04, x86_64-linux-gnu)	Prove anonymous package-default installation and offline runtime	2026-09-08T15:38:37.1461042Z          defp to_var(float, _) when is_integer(float)
consumer (ubuntu-24.04, x86_64-linux-gnu)	Prove anonymous package-default installation and offline runtime	2026-09-08T15:38:37.1461320Z 
consumer (ubuntu-24.04, x86_64-linux-gnu)	Prove anonymous package-default installation and offline runtime	2026-09-08T15:38:37.1461437Z      it has type:
consumer (ubuntu-24.04, x86_64-linux-gnu)	Prove anonymous package-default installation and offline runtime	2026-09-08T15:38:37.1461575Z 
consumer (ubuntu-24.04, x86_64-linux-gnu)	Prove anonymous package-default installation and offline runtime	2026-09-08T15:38:37.1461697Z          integer(), dynamic()
consumer (ubuntu-24.04, x86_64-linux-gnu)	Prove anonymous package-default installation and offline runtime	2026-09-08T15:38:37.1461869Z 
consumer (ubuntu-24.04, x86_64-linux-gnu)	Prove anonymous package-default installation and offline runtime	2026-09-08T15:38:37.1462083Z      previous clauses have already matched on the following types:
consumer (ubuntu-24.04, x86_64-linux-gnu)	Prove anonymous package-default installation and offline runtime	2026-09-08T15:38:37.1462572Z 
consumer (ubuntu-24.04, x86_64-linux-gnu)	Prove anonymous package-default installation and offline runtime	2026-09-08T15:38:37.1462691Z          {:%{}, term(), term()}, term()
consumer (ubuntu-24.04, x86_64-linux-gnu)	Prove anonymous package-default installation and offline runtime	2026-09-08T15:38:37.1463333Z          {atom(), term(), term()}, term()
consumer (ubuntu-24.04, x86_64-linux-gnu)	Prove anonymous package-default installation and offline runtime	2026-09-08T15:38:37.1463646Z          {term(), term()}, term()
consumer (ubuntu-24.04, x86_64-linux-gnu)	Prove anonymous package-default installation and offline runtime	2026-09-08T15:38:37.1463942Z          integer(), term()
consumer (ubuntu-24.04, x86_64-linux-gnu)	Prove anonymous package-default installation and offline runtime	2026-09-08T15:38:37.1464119Z 
consumer (ubuntu-24.04, x86_64-linux-gnu)	Prove anonymous package-default installation and offline runtime	2026-09-08T15:38:37.1464291Z      │
consumer (ubuntu-24.04, x86_64-linux-gnu)	Prove anonymous package-default installation and offline runtime	2026-09-08T15:38:37.1464725Z  573 │   defp to_var(float, _) when is_integer(float), do: {:float, [], nil}
consumer (ubuntu-24.04, x86_64-linux-gnu)	Prove anonymous package-default installation and offline runtime	2026-09-08T15:38:37.1465345Z      │        ~
consumer (ubuntu-24.04, x86_64-linux-gnu)	Prove anonymous package-default installation and offline runtime	2026-09-08T15:38:37.1465597Z      │
consumer (ubuntu-24.04, x86_64-linux-gnu)	Prove anonymous package-default installation and offline runtime	2026-09-08T15:38:37.1466053Z      └─ lib/ex_doc/language/elixir.ex:573:8: ExDoc.Language.Elixir.to_var/2
consumer (ubuntu-24.04, x86_64-linux-gnu)	Prove anonymous package-default installation and offline runtime	2026-09-08T15:38:37.1466424Z 
consumer (ubuntu-24.04, x86_64-linux-gnu)	Prove anonymous package-default installation and offline runtime	2026-09-08T15:38:37.1496564Z Generated ex_doc app
consumer (ubuntu-24.04, x86_64-linux-gnu)	Prove anonymous package-default installation and offline runtime	2026-09-08T15:38:37.4242666Z ==> aphid_consumer
consumer (ubuntu-24.04, x86_64-linux-gnu)	Prove anonymous package-default installation and offline runtime	2026-09-08T15:38:37.4243482Z ===> Analyzing applications...
consumer (ubuntu-24.04, x86_64-linux-gnu)	Prove anonymous package-default installation and offline runtime	2026-09-08T15:38:37.4725472Z ===> Compiling telemetry
consumer (ubuntu-24.04, x86_64-linux-gnu)	Prove anonymous package-default installation and offline runtime	2026-09-08T15:38:37.7441461Z ==> zig_doc
consumer (ubuntu-24.04, x86_64-linux-gnu)	Prove anonymous package-default installation and offline runtime	2026-09-08T15:38:37.7441776Z Compiling 5 files (.ex)
consumer (ubuntu-24.04, x86_64-linux-gnu)	Prove anonymous package-default installation and offline runtime	2026-09-08T15:38:37.9794963Z     warning: the following clause will never match:
consumer (ubuntu-24.04, x86_64-linux-gnu)	Prove anonymous package-default installation and offline runtime	2026-09-08T15:38:37.9795360Z 
consumer (ubuntu-24.04, x86_64-linux-gnu)	Prove anonymous package-default installation and offline runtime	2026-09-08T15:38:37.9795890Z         {{:error, reason}, path} ->
consumer (ubuntu-24.04, x86_64-linux-gnu)	Prove anonymous package-default installation and offline runtime	2026-09-08T15:38:37.9796119Z 
consumer (ubuntu-24.04, x86_64-linux-gnu)	Prove anonymous package-default installation and offline runtime	2026-09-08T15:38:37.9796260Z     it is expected to match on type:
consumer (ubuntu-24.04, x86_64-linux-gnu)	Prove anonymous package-default installation and offline runtime	2026-09-08T15:38:37.9796475Z 
consumer (ubuntu-24.04, x86_64-linux-gnu)	Prove anonymous package-default installation and offline runtime	2026-09-08T15:38:37.9796586Z         dynamic(
consumer (ubuntu-24.04, x86_64-linux-gnu)	Prove anonymous package-default installation and offline runtime	2026-09-08T15:38:37.9796828Z           :error or
consumer (ubuntu-24.04, x86_64-linux-gnu)	Prove anonymous package-default installation and offline runtime	2026-09-08T15:38:37.9797263Z             ({term(), :read, binary() or empty_list() or non_empty_list(term(), term())} and
consumer (ubuntu-24.04, x86_64-linux-gnu)	Prove anonymous package-default installation and offline runtime	2026-09-08T15:38:37.9797927Z                not {{:ok, term()}, :read, binary() or empty_list() or non_empty_list(term(), term())})
consumer (ubuntu-24.04, x86_64-linux-gnu)	Prove anonymous package-default installation and offline runtime	2026-09-08T15:38:37.9798421Z         )
consumer (ubuntu-24.04, x86_64-linux-gnu)	Prove anonymous package-default installation and offline runtime	2026-09-08T15:38:37.9798569Z 
consumer (ubuntu-24.04, x86_64-linux-gnu)	Prove anonymous package-default installation and offline runtime	2026-09-08T15:38:37.9798704Z     type warning found at:
consumer (ubuntu-24.04, x86_64-linux-gnu)	Prove anonymous package-default installation and offline runtime	2026-09-08T15:38:37.9799222Z     │
consumer (ubuntu-24.04, x86_64-linux-gnu)	Prove anonymous package-default installation and offline runtime	2026-09-08T15:38:37.9799584Z  69 │       {{:error, reason}, path} ->
consumer (ubuntu-24.04, x86_64-linux-gnu)	Prove anonymous package-default installation and offline runtime	2026-09-08T15:38:37.9799971Z     │       ~~~~~~~~~~~~~~~~~~~~~~~~~~~
consumer (ubuntu-24.04, x86_64-linux-gnu)	Prove anonymous package-default installation and offline runtime	2026-09-08T15:38:37.9800276Z     │
consumer (ubuntu-24.04, x86_64-linux-gnu)	Prove anonymous package-default installation and offline runtime	2026-09-08T15:38:37.9800965Z     └─ lib/zig.doc/generator.ex:69: Zig.Doc.Generator.modulenode_from_config/3
consumer (ubuntu-24.04, x86_64-linux-gnu)	Prove anonymous package-default installation and offline runtime	2026-09-08T15:38:37.9801373Z 
consumer (ubuntu-24.04, x86_64-linux-gnu)	Prove anonymous package-default installation and offline runtime	2026-09-08T15:38:37.9816041Z Generated zig_doc app
consumer (ubuntu-24.04, x86_64-linux-gnu)	Prove anonymous package-default installation and offline runtime	2026-09-08T15:38:38.0013999Z ==> zigler
consumer (ubuntu-24.04, x86_64-linux-gnu)	Prove anonymous package-default installation and offline runtime	2026-09-08T15:38:38.0014376Z Compiling 50 files (.ex)
consumer (ubuntu-24.04, x86_64-linux-gnu)	Prove anonymous package-default installation and offline runtime	2026-09-08T15:38:38.0138884Z 
consumer (ubuntu-24.04, x86_64-linux-gnu)	Prove anonymous package-default installation and offline runtime	2026-09-08T15:38:38.0139546Z 15:38:38.011 [warning] not cross-compiling windows-msvc
consumer (ubuntu-24.04, x86_64-linux-gnu)	Prove anonymous package-default installation and offline runtime	2026-09-08T15:38:38.1069757Z      warning: clauses with the same name and arity (number of arguments) should be grouped together, "def render_elixir_spec/1" was previously defined (lib/zig/_nif.ex:373)
consumer (ubuntu-24.04, x86_64-linux-gnu)	Prove anonymous package-default installation and offline runtime	2026-09-08T15:38:38.1070616Z      │
consumer (ubuntu-24.04, x86_64-linux-gnu)	Prove anonymous package-default installation and offline runtime	2026-09-08T15:38:38.1071137Z  386 │   def render_elixir_spec(nif) do
consumer (ubuntu-24.04, x86_64-linux-gnu)	Prove anonymous package-default installation and offline runtime	2026-09-08T15:38:38.1071401Z      │       ~
consumer (ubuntu-24.04, x86_64-linux-gnu)	Prove anonymous package-default installation and offline runtime	2026-09-08T15:38:38.1071575Z      │
consumer (ubuntu-24.04, x86_64-linux-gnu)	Prove anonymous package-default installation and offline runtime	2026-09-08T15:38:38.1071781Z      └─ lib/zig/_nif.ex:386:7
consumer (ubuntu-24.04, x86_64-linux-gnu)	Prove anonymous package-default installation and offline runtime	2026-09-08T15:38:38.1071920Z 
consumer (ubuntu-24.04, x86_64-linux-gnu)	Prove anonymous package-default installation and offline runtime	2026-09-08T15:38:40.1175356Z      warning: unused require EEx
consumer (ubuntu-24.04, x86_64-linux-gnu)	Prove anonymous package-default installation and offline runtime	2026-09-08T15:38:40.1176057Z      │
consumer (ubuntu-24.04, x86_64-linux-gnu)	Prove anonymous package-default installation and offline runtime	2026-09-08T15:38:40.1176373Z  437 │   require EEx
consumer (ubuntu-24.04, x86_64-linux-gnu)	Prove anonymous package-default installation and offline runtime	2026-09-08T15:38:40.1176677Z      │   ~
consumer (ubuntu-24.04, x86_64-linux-gnu)	Prove anonymous package-default installation and offline runtime	2026-09-08T15:38:40.1176929Z      │
consumer (ubuntu-24.04, x86_64-linux-gnu)	Prove anonymous package-default installation and offline runtime	2026-09-08T15:38:40.1177232Z      └─ lib/zig/_nif.ex:437:3
consumer (ubuntu-24.04, x86_64-linux-gnu)	Prove anonymous package-default installation and offline runtime	2026-09-08T15:38:40.1177485Z 
consumer (ubuntu-24.04, x86_64-linux-gnu)	Prove anonymous package-default installation and offline runtime	2026-09-08T15:38:40.1999917Z 
consumer (ubuntu-24.04, x86_64-linux-gnu)	Prove anonymous package-default installation and offline runtime	2026-09-08T15:38:40.2001516Z 15:38:40.199 [debug] creating staging directory /home/runner/work/_temp/public-consumer/staging/Elixir.Zig.Formatter
consumer (ubuntu-24.04, x86_64-linux-gnu)	Prove anonymous package-default installation and offline runtime	2026-09-08T15:38:40.2074225Z 
consumer (ubuntu-24.04, x86_64-linux-gnu)	Prove anonymous package-default installation and offline runtime	2026-09-08T15:38:40.2075156Z 15:38:40.207 [info] searching for zig in /home/runner/work/_temp/public-consumer/home/.cache/zigler/zig-x86_64-linux-0.16.0/zig
consumer (ubuntu-24.04, x86_64-linux-gnu)	Prove anonymous package-default installation and offline runtime	2026-09-08T15:38:40.6519285Z warning: Zig.Formatter not active (%CompileError{file: nil, line: nil, description: "zig executable not found"}).  If you need Formatter function, and zig is not available, Please run `mix zig.get` to install it.
consumer (ubuntu-24.04, x86_64-linux-gnu)	Prove anonymous package-default installation and offline runtime	2026-09-08T15:38:40.6537539Z ##[warning]  lib/zig/formatter.ex:46: (file)
consumer (ubuntu-24.04, x86_64-linux-gnu)	Prove anonymous package-default installation and offline runtime	2026-09-08T15:38:40.6546951Z   (elixir 1.20.0) src/elixir_compiler.erl:102: :elixir_compiler.dispatch/4
consumer (ubuntu-24.04, x86_64-linux-gnu)	Prove anonymous package-default installation and offline runtime	2026-09-08T15:38:40.6547606Z   (elixir 1.20.0) src/elixir_compiler.erl:76: :elixir_compiler.compile/4
consumer (ubuntu-24.04, x86_64-linux-gnu)	Prove anonymous package-default installation and offline runtime	2026-09-08T15:38:40.6548306Z   (elixir 1.20.0) src/elixir_compiler.erl:42: :elixir_compiler.optimize_defmodule/2
consumer (ubuntu-24.04, x86_64-linux-gnu)	Prove anonymous package-default installation and offline runtime	2026-09-08T15:38:40.6548945Z   (elixir 1.20.0) src/elixir_lexical.erl:18: :elixir_lexical.run/3
consumer (ubuntu-24.04, x86_64-linux-gnu)	Prove anonymous package-default installation and offline runtime	2026-09-08T15:38:40.6549809Z   (elixir 1.20.0) src/elixir_compiler.erl:21: :elixir_compiler.quoted/3
consumer (ubuntu-24.04, x86_64-linux-gnu)	Prove anonymous package-default installation and offline runtime	2026-09-08T15:38:40.6550163Z 
consumer (ubuntu-24.04, x86_64-linux-gnu)	Prove anonymous package-default installation and offline runtime	2026-09-08T15:38:40.7207172Z Generated zigler app
consumer (ubuntu-24.04, x86_64-linux-gnu)	Prove anonymous package-default installation and offline runtime	2026-09-08T15:38:42.7419515Z ==> aphid
consumer (ubuntu-24.04, x86_64-linux-gnu)	Prove anonymous package-default installation and offline runtime	2026-09-08T15:38:42.7420049Z Aphid local bundle verified and installed: SHA256 02cf205c2e3efe510ddd02440eec764c2f3406a6d591de8c65e4e304c45b4f9f
consumer (ubuntu-24.04, x86_64-linux-gnu)	Prove anonymous package-default installation and offline runtime	2026-09-08T15:38:42.7457286Z Compiling 13 files (.ex)
consumer (ubuntu-24.04, x86_64-linux-gnu)	Prove anonymous package-default installation and offline runtime	2026-09-08T15:38:43.1501608Z 
consumer (ubuntu-24.04, x86_64-linux-gnu)	Prove anonymous package-default installation and offline runtime	2026-09-08T15:38:43.1502741Z 15:38:43.149 [debug] skipping compile step for precompiled module Elixir.Aphid.Proof, at /home/runner/work/_temp/public-consumer/consumer/_build/prod/lib/aphid/priv/lib/Elixir.Aphid.Proof.so
consumer (ubuntu-24.04, x86_64-linux-gnu)	Prove anonymous package-default installation and offline runtime	2026-09-08T15:38:43.1512668Z 
consumer (ubuntu-24.04, x86_64-linux-gnu)	Prove anonymous package-default installation and offline runtime	2026-09-08T15:38:43.1513407Z 15:38:43.150 [debug] destination library path: /home/runner/work/_temp/public-consumer/consumer/_build/prod/lib/aphid/priv/lib/Elixir.Aphid.Proof.so
consumer (ubuntu-24.04, x86_64-linux-gnu)	Prove anonymous package-default installation and offline runtime	2026-09-08T15:38:43.3958040Z 
consumer (ubuntu-24.04, x86_64-linux-gnu)	Prove anonymous package-default installation and offline runtime	2026-09-08T15:38:43.3959371Z 15:38:43.395 [debug] skipping compile step for precompiled module Elixir.Aphid.Native, at /home/runner/work/_temp/public-consumer/consumer/_build/prod/lib/aphid/priv/lib/Elixir.Aphid.Native.so
consumer (ubuntu-24.04, x86_64-linux-gnu)	Prove anonymous package-default installation and offline runtime	2026-09-08T15:38:43.3969646Z 
consumer (ubuntu-24.04, x86_64-linux-gnu)	Prove anonymous package-default installation and offline runtime	2026-09-08T15:38:43.3970407Z 15:38:43.395 [debug] destination library path: /home/runner/work/_temp/public-consumer/consumer/_build/prod/lib/aphid/priv/lib/Elixir.Aphid.Native.so
consumer (ubuntu-24.04, x86_64-linux-gnu)	Prove anonymous package-default installation and offline runtime	2026-09-08T15:38:44.0548918Z Generated aphid app
consumer (ubuntu-24.04, x86_64-linux-gnu)	Prove anonymous package-default installation and offline runtime	2026-09-08T15:38:44.0766426Z {"command": ["sudo", "-E", "bwrap", "--die-with-parent", "--unshare-pid", "--ro-bind", "/", "/", "--dev", "/dev", "--proc", "/proc", "--bind", "/home/runner/work/_temp/public-consumer", "/home/runner/work/_temp/public-consumer", "--tmpfs", "/home/runner/work/Aphid/Aphid", "--tmpfs", "/home/runner/work/_temp/qualified-source", "--ro-bind", "/dev/null", "/usr/bin/c89-gcc", "--ro-bind", "/dev/null", "/usr/bin/c99-gcc", "--ro-bind", "/dev/null", "/usr/bin/make", "--ro-bind", "/dev/null", "/usr/bin/x86_64-linux-gnu-as", "--ro-bind", "/dev/null", "/usr/bin/x86_64-linux-gnu-g++-12", "--ro-bind", "/dev/null", "/usr/bin/x86_64-linux-gnu-g++-13", "--ro-bind", "/dev/null", "/usr/bin/x86_64-linux-gnu-g++-14", "--ro-bind", "/dev/null", "/usr/bin/x86_64-linux-gnu-gcc-12", "--ro-bind", "/dev/null", "/usr/bin/x86_64-linux-gnu-gcc-13", "--ro-bind", "/dev/null", "/usr/bin/x86_64-linux-gnu-gcc-14", "--ro-bind", "/dev/null", "/usr/bin/x86_64-linux-gnu-ld.bfd", "--ro-bind", "/dev/null", "/usr/lib/llvm-16/bin/clang", "--ro-bind", "/dev/null", "/usr/lib/llvm-16/bin/lld", "--ro-bind", "/dev/null", "/usr/lib/llvm-16/bin/llvm-as", "--ro-bind", "/dev/null", "/usr/lib/llvm-17/bin/clang", "--ro-bind", "/dev/null", "/usr/lib/llvm-17/bin/lld", "--ro-bind", "/dev/null", "/usr/lib/llvm-17/bin/llvm-as", "--ro-bind", "/dev/null", "/usr/lib/llvm-18/bin/clang", "--ro-bind", "/dev/null", "/usr/lib/llvm-18/bin/lld", "--ro-bind", "/dev/null", "/usr/lib/llvm-18/bin/llvm-as", "--ro-bind", "/dev/null", "/usr/local/bin/cmake", "--ro-bind", "/dev/null", "/usr/local/bin/ninja", "--cap-add", "CAP_SETUID", "--cap-add", "CAP_SETGID", "--cap-add", "CAP_SETPCAP", "--clearenv", "--setenv", "LANG", "C.UTF-8", "--setenv", "HOME", "/home/runner/work/_temp/public-consumer/home", "--setenv", "PATH", "/home/runner/work/_temp/public-consumer/tools:/home/runner/work/_temp/.setup-beam/elixir/bin:/home/runner/work/_temp/.setup-beam/elixir/bin:/home/runner/work/_temp/.setup-beam/otp/bin:/usr/bin:/bin:/usr/sbin:/sbin", "--setenv", "MIX_HOME", "/home/runner/work/_temp/public-consumer/mix-home", "--setenv", "HEX_HOME", "/home/runner/work/_temp/public-consumer/hex-home", "--setenv", "MIX_ENV", "prod", "--setenv", "ZIG_EXECUTABLE_PATH", "/home/runner/work/_temp/public-consumer/tools/zig", "--setenv", "ZIG_GLOBAL_CACHE_DIR", "/home/runner/work/_temp/public-consumer/zig-cache", "--setenv", "ZIGLER_STAGING_ROOT", "/home/runner/work/_temp/public-consumer/staging", "--setenv", "ERL_FLAGS", "+S 1:1 +SDcpu 1:1", "--setenv", "TMPDIR", "/home/runner/work/_temp/public-consumer/tmp", "--", "/usr/bin/setpriv", "--reuid", "1001", "--regid", "1001", "--clear-groups", "--bounding-set=-all", "--no-new-privs", "--", "mix", "deps.compile"], "cwd": "/home/runner/work/_temp/public-consumer/consumer", "exit": 0, "seconds": 34.494}
consumer (ubuntu-24.04, x86_64-linux-gnu)	Prove anonymous package-default installation and offline runtime	2026-09-08T15:38:44.6938028Z Generated aphid_consumer app
consumer (ubuntu-24.04, x86_64-linux-gnu)	Prove anonymous package-default installation and offline runtime	2026-09-08T15:38:44.7422479Z {"command": ["sudo", "-E", "bwrap", "--die-with-parent", "--unshare-pid", "--ro-bind", "/", "/", "--dev", "/dev", "--proc", "/proc", "--bind", "/home/runner/work/_temp/public-consumer", "/home/runner/work/_temp/public-consumer", "--tmpfs", "/home/runner/work/Aphid/Aphid", "--tmpfs", "/home/runner/work/_temp/qualified-source", "--ro-bind", "/dev/null", "/usr/bin/c89-gcc", "--ro-bind", "/dev/null", "/usr/bin/c99-gcc", "--ro-bind", "/dev/null", "/usr/bin/make", "--ro-bind", "/dev/null", "/usr/bin/x86_64-linux-gnu-as", "--ro-bind", "/dev/null", "/usr/bin/x86_64-linux-gnu-g++-12", "--ro-bind", "/dev/null", "/usr/bin/x86_64-linux-gnu-g++-13", "--ro-bind", "/dev/null", "/usr/bin/x86_64-linux-gnu-g++-14", "--ro-bind", "/dev/null", "/usr/bin/x86_64-linux-gnu-gcc-12", "--ro-bind", "/dev/null", "/usr/bin/x86_64-linux-gnu-gcc-13", "--ro-bind", "/dev/null", "/usr/bin/x86_64-linux-gnu-gcc-14", "--ro-bind", "/dev/null", "/usr/bin/x86_64-linux-gnu-ld.bfd", "--ro-bind", "/dev/null", "/usr/lib/llvm-16/bin/clang", "--ro-bind", "/dev/null", "/usr/lib/llvm-16/bin/lld", "--ro-bind", "/dev/null", "/usr/lib/llvm-16/bin/llvm-as", "--ro-bind", "/dev/null", "/usr/lib/llvm-17/bin/clang", "--ro-bind", "/dev/null", "/usr/lib/llvm-17/bin/lld", "--ro-bind", "/dev/null", "/usr/lib/llvm-17/bin/llvm-as", "--ro-bind", "/dev/null", "/usr/lib/llvm-18/bin/clang", "--ro-bind", "/dev/null", "/usr/lib/llvm-18/bin/lld", "--ro-bind", "/dev/null", "/usr/lib/llvm-18/bin/llvm-as", "--ro-bind", "/dev/null", "/usr/local/bin/cmake", "--ro-bind", "/dev/null", "/usr/local/bin/ninja", "--cap-add", "CAP_SETUID", "--cap-add", "CAP_SETGID", "--cap-add", "CAP_SETPCAP", "--clearenv", "--setenv", "LANG", "C.UTF-8", "--setenv", "HOME", "/home/runner/work/_temp/public-consumer/home", "--setenv", "PATH", "/home/runner/work/_temp/public-consumer/tools:/home/runner/work/_temp/.setup-beam/elixir/bin:/home/runner/work/_temp/.setup-beam/elixir/bin:/home/runner/work/_temp/.setup-beam/otp/bin:/usr/bin:/bin:/usr/sbin:/sbin", "--setenv", "MIX_HOME", "/home/runner/work/_temp/public-consumer/mix-home", "--setenv", "HEX_HOME", "/home/runner/work/_temp/public-consumer/hex-home", "--setenv", "MIX_ENV", "prod", "--setenv", "ZIG_EXECUTABLE_PATH", "/home/runner/work/_temp/public-consumer/tools/zig", "--setenv", "ZIG_GLOBAL_CACHE_DIR", "/home/runner/work/_temp/public-consumer/zig-cache", "--setenv", "ZIGLER_STAGING_ROOT", "/home/runner/work/_temp/public-consumer/staging", "--setenv", "ERL_FLAGS", "+S 1:1 +SDcpu 1:1", "--setenv", "TMPDIR", "/home/runner/work/_temp/public-consumer/tmp", "--", "/usr/bin/setpriv", "--reuid", "1001", "--regid", "1001", "--clear-groups", "--bounding-set=-all", "--no-new-privs", "--", "mix", "compile"], "cwd": "/home/runner/work/_temp/public-consumer/consumer", "exit": 0, "seconds": 0.665}
consumer (ubuntu-24.04, x86_64-linux-gnu)	Prove anonymous package-default installation and offline runtime	2026-09-08T15:38:45.3337464Z runtime identity: {"1.20.0", ~c"29", ~c"2.18"}
consumer (ubuntu-24.04, x86_64-linux-gnu)	Prove anonymous package-default installation and offline runtime	2026-09-08T15:38:47.0916769Z Running ExUnit with seed: 0, max_cases: 2
consumer (ubuntu-24.04, x86_64-linux-gnu)	Prove anonymous package-default installation and offline runtime	2026-09-08T15:38:47.0917252Z 
consumer (ubuntu-24.04, x86_64-linux-gnu)	Prove anonymous package-default installation and offline runtime	2026-09-08T15:38:54.5253108Z ...................Aphid basic example passed
consumer (ubuntu-24.04, x86_64-linux-gnu)	Prove anonymous package-default installation and offline runtime	2026-09-08T15:38:54.5562882Z .Aphid transaction example passed
consumer (ubuntu-24.04, x86_64-linux-gnu)	Prove anonymous package-default installation and offline runtime	2026-09-08T15:38:54.5822907Z .Aphid stream example passed
consumer (ubuntu-24.04, x86_64-linux-gnu)	Prove anonymous package-default installation and offline runtime	2026-09-08T15:38:54.6623284Z .Aphid FTS example passed
consumer (ubuntu-24.04, x86_64-linux-gnu)	Prove anonymous package-default installation and offline runtime	2026-09-08T15:38:54.7002690Z .Aphid vector example passed
consumer (ubuntu-24.04, x86_64-linux-gnu)	Prove anonymous package-default installation and offline runtime	2026-09-08T15:38:54.8026398Z .Aphid DuckDB example passed
consumer (ubuntu-24.04, x86_64-linux-gnu)	Prove anonymous package-default installation and offline runtime	2026-09-08T15:38:59.9803463Z .............stale-cancel race: 30 iterations; maximum cancel-to-idle 164012 us
consumer (ubuntu-24.04, x86_64-linux-gnu)	Prove anonymous package-default installation and offline runtime	2026-09-08T15:39:03.7253340Z ........heartbeat: 10 samples; maximum gap 6 ms
consumer (ubuntu-24.04, x86_64-linux-gnu)	Prove anonymous package-default installation and offline runtime	2026-09-08T15:39:03.8120857Z .
consumer (ubuntu-24.04, x86_64-linux-gnu)	Prove anonymous package-default installation and offline runtime	2026-09-08T15:39:03.8122195Z 15:39:03.810 [error] Aphid artifact [unloadable]: /home/runner/work/_temp/public-consumer/consumer/_build/prod/lib/aphid/priv/lib/Elixir.Aphid.Native: {:upgrade, ~c"Library upgrade-call unsuccessful (-1)."}; use the matching complete bundle and runtime. No source fallback.
consumer (ubuntu-24.04, x86_64-linux-gnu)	Prove anonymous package-default installation and offline runtime	2026-09-08T15:39:03.8160661Z 
consumer (ubuntu-24.04, x86_64-linux-gnu)	Prove anonymous package-default installation and offline runtime	2026-09-08T15:39:03.8161184Z 15:39:03.813 [warning] The on_load function for module Elixir.Aphid.Native returned:
consumer (ubuntu-24.04, x86_64-linux-gnu)	Prove anonymous package-default installation and offline runtime	2026-09-08T15:39:03.8161639Z {:error, {:upgrade, ~c"Library upgrade-call unsuccessful (-1)."}}
consumer (ubuntu-24.04, x86_64-linux-gnu)	Prove anonymous package-default installation and offline runtime	2026-09-08T15:39:03.8161864Z 
consumer (ubuntu-24.04, x86_64-linux-gnu)	Prove anonymous package-default installation and offline runtime	2026-09-08T15:39:06.3420555Z .....................................................
consumer (ubuntu-24.04, x86_64-linux-gnu)	Prove anonymous package-default installation and offline runtime	2026-09-08T15:39:06.3439767Z Finished in 20.9 seconds (1.7s on load, 0.00s async, 19.2s sync)
consumer (ubuntu-24.04, x86_64-linux-gnu)	Prove anonymous package-default installation and offline runtime	2026-09-08T15:39:06.3440147Z 
consumer (ubuntu-24.04, x86_64-linux-gnu)	Prove anonymous package-default installation and offline runtime	2026-09-08T15:39:06.3440307Z Result: 99 passed
consumer (ubuntu-24.04, x86_64-linux-gnu)	Prove anonymous package-default installation and offline runtime	2026-09-08T15:39:06.3749830Z {"command": ["sudo", "-E", "bwrap", "--die-with-parent", "--unshare-pid", "--ro-bind", "/", "/", "--dev", "/dev", "--proc", "/proc", "--bind", "/home/runner/work/_temp/public-consumer", "/home/runner/work/_temp/public-consumer", "--unshare-net", "--tmpfs", "/home/runner/work/Aphid/Aphid", "--tmpfs", "/home/runner/work/_temp/qualified-source", "--ro-bind", "/dev/null", "/usr/bin/c89-gcc", "--ro-bind", "/dev/null", "/usr/bin/c99-gcc", "--ro-bind", "/dev/null", "/usr/bin/make", "--ro-bind", "/dev/null", "/usr/bin/x86_64-linux-gnu-as", "--ro-bind", "/dev/null", "/usr/bin/x86_64-linux-gnu-g++-12", "--ro-bind", "/dev/null", "/usr/bin/x86_64-linux-gnu-g++-13", "--ro-bind", "/dev/null", "/usr/bin/x86_64-linux-gnu-g++-14", "--ro-bind", "/dev/null", "/usr/bin/x86_64-linux-gnu-gcc-12", "--ro-bind", "/dev/null", "/usr/bin/x86_64-linux-gnu-gcc-13", "--ro-bind", "/dev/null", "/usr/bin/x86_64-linux-gnu-gcc-14", "--ro-bind", "/dev/null", "/usr/bin/x86_64-linux-gnu-ld.bfd", "--ro-bind", "/dev/null", "/usr/lib/llvm-16/bin/clang", "--ro-bind", "/dev/null", "/usr/lib/llvm-16/bin/lld", "--ro-bind", "/dev/null", "/usr/lib/llvm-16/bin/llvm-as", "--ro-bind", "/dev/null", "/usr/lib/llvm-17/bin/clang", "--ro-bind", "/dev/null", "/usr/lib/llvm-17/bin/lld", "--ro-bind", "/dev/null", "/usr/lib/llvm-17/bin/llvm-as", "--ro-bind", "/dev/null", "/usr/lib/llvm-18/bin/clang", "--ro-bind", "/dev/null", "/usr/lib/llvm-18/bin/lld", "--ro-bind", "/dev/null", "/usr/lib/llvm-18/bin/llvm-as", "--ro-bind", "/dev/null", "/usr/local/bin/cmake", "--ro-bind", "/dev/null", "/usr/local/bin/ninja", "--cap-add", "CAP_SETUID", "--cap-add", "CAP_SETGID", "--cap-add", "CAP_SETPCAP", "--clearenv", "--setenv", "LANG", "C.UTF-8", "--setenv", "HOME", "/home/runner/work/_temp/public-consumer/home", "--setenv", "PATH", "/home/runner/work/_temp/public-consumer/tools:/home/runner/work/_temp/.setup-beam/elixir/bin:/home/runner/work/_temp/.setup-beam/elixir/bin:/home/runner/work/_temp/.setup-beam/otp/bin:/usr/bin:/bin:/usr/sbin:/sbin", "--setenv", "MIX_HOME", "/home/runner/work/_temp/public-consumer/mix-home", "--setenv", "HEX_HOME", "/home/runner/work/_temp/public-consumer/hex-home", "--setenv", "MIX_ENV", "prod", "--setenv", "ZIG_EXECUTABLE_PATH", "/home/runner/work/_temp/public-consumer/tools/zig", "--setenv", "ZIG_GLOBAL_CACHE_DIR", "/home/runner/work/_temp/public-consumer/zig-cache", "--setenv", "ZIGLER_STAGING_ROOT", "/home/runner/work/_temp/public-consumer/staging", "--setenv", "ERL_FLAGS", "+S 1:1 +SDcpu 1:1", "--setenv", "TMPDIR", "/home/runner/work/_temp/public-consumer/tmp", "--", "/usr/bin/setpriv", "--reuid", "1001", "--regid", "1001", "--clear-groups", "--bounding-set=-all", "--no-new-privs", "--", "mix", "run", "--no-compile", "check.exs"], "cwd": "/home/runner/work/_temp/public-consumer/consumer", "exit": 0, "seconds": 21.611}
consumer (ubuntu-24.04, x86_64-linux-gnu)	Prove anonymous package-default installation and offline runtime	2026-09-08T15:39:06.5301364Z Installed license hashes, including source-package supplement: a9380f27e98b9ee7180560a31c99994cdfcbb2b8efae4b526e5225b14c56e992
consumer (ubuntu-24.04, x86_64-linux-gnu)	Prove anonymous package-default installation and offline runtime	2026-09-08T15:39:06.5302398Z fresh Mix consumer passed; native files unchanged; no native compiler invocation
consumer (ubuntu-24.04, x86_64-linux-gnu)	Post Run actions/setup-python@ece7cb06caefa5fff74198d8649806c4678c61a1	﻿2026-09-08T15:39:06.5529896Z Post job cleanup.
consumer (ubuntu-24.04, x86_64-linux-gnu)	Post Run actions/checkout@d23441a48e516b6c34aea4fa41551a30e30af803	﻿2026-09-08T15:39:06.6676085Z Post job cleanup.
consumer (ubuntu-24.04, x86_64-linux-gnu)	Post Run actions/checkout@d23441a48e516b6c34aea4fa41551a30e30af803	2026-09-08T15:39:06.7375726Z [command]/usr/bin/git version
consumer (ubuntu-24.04, x86_64-linux-gnu)	Post Run actions/checkout@d23441a48e516b6c34aea4fa41551a30e30af803	2026-09-08T15:39:06.7412716Z git version 2.55.0
consumer (ubuntu-24.04, x86_64-linux-gnu)	Post Run actions/checkout@d23441a48e516b6c34aea4fa41551a30e30af803	2026-09-08T15:39:06.7448725Z Temporarily overriding HOME='/home/runner/work/_temp/3ad710e1-f402-43ab-bc38-507ac420a2d1' before making global git config changes
consumer (ubuntu-24.04, x86_64-linux-gnu)	Post Run actions/checkout@d23441a48e516b6c34aea4fa41551a30e30af803	2026-09-08T15:39:06.7449679Z Adding repository directory to the temporary git global config as a safe directory
consumer (ubuntu-24.04, x86_64-linux-gnu)	Post Run actions/checkout@d23441a48e516b6c34aea4fa41551a30e30af803	2026-09-08T15:39:06.7453619Z [command]/usr/bin/git config --global --add safe.directory /home/runner/work/Aphid/Aphid
consumer (ubuntu-24.04, x86_64-linux-gnu)	Post Run actions/checkout@d23441a48e516b6c34aea4fa41551a30e30af803	2026-09-08T15:39:06.7481262Z Removing SSH command configuration
consumer (ubuntu-24.04, x86_64-linux-gnu)	Post Run actions/checkout@d23441a48e516b6c34aea4fa41551a30e30af803	2026-09-08T15:39:06.7486921Z [command]/usr/bin/git config --local --name-only --get-regexp core\.sshCommand
consumer (ubuntu-24.04, x86_64-linux-gnu)	Post Run actions/checkout@d23441a48e516b6c34aea4fa41551a30e30af803	2026-09-08T15:39:06.7516716Z [command]/usr/bin/git submodule foreach --recursive sh -c "git config --local --name-only --get-regexp 'core\.sshCommand' && git config --local --unset-all 'core.sshCommand' || :"
consumer (ubuntu-24.04, x86_64-linux-gnu)	Post Run actions/checkout@d23441a48e516b6c34aea4fa41551a30e30af803	2026-09-08T15:39:06.7734086Z Removing HTTP extra header
consumer (ubuntu-24.04, x86_64-linux-gnu)	Post Run actions/checkout@d23441a48e516b6c34aea4fa41551a30e30af803	2026-09-08T15:39:06.7740408Z [command]/usr/bin/git config --local --name-only --get-regexp http\.https\:\/\/github\.com\/\.extraheader
consumer (ubuntu-24.04, x86_64-linux-gnu)	Post Run actions/checkout@d23441a48e516b6c34aea4fa41551a30e30af803	2026-09-08T15:39:06.7771808Z [command]/usr/bin/git submodule foreach --recursive sh -c "git config --local --name-only --get-regexp 'http\.https\:\/\/github\.com\/\.extraheader' && git config --local --unset-all 'http.https://github.com/.extraheader' || :"
consumer (ubuntu-24.04, x86_64-linux-gnu)	Post Run actions/checkout@d23441a48e516b6c34aea4fa41551a30e30af803	2026-09-08T15:39:06.7981767Z Removing includeIf entries pointing to credentials config files
consumer (ubuntu-24.04, x86_64-linux-gnu)	Post Run actions/checkout@d23441a48e516b6c34aea4fa41551a30e30af803	2026-09-08T15:39:06.7989174Z [command]/usr/bin/git config --local --name-only --get-regexp ^includeIf\.gitdir:
consumer (ubuntu-24.04, x86_64-linux-gnu)	Post Run actions/checkout@d23441a48e516b6c34aea4fa41551a30e30af803	2026-09-08T15:39:06.8016795Z [command]/usr/bin/git submodule foreach --recursive git config --local --show-origin --name-only --get-regexp remote.origin.url
consumer (ubuntu-24.04, x86_64-linux-gnu)	Complete job	﻿2026-09-08T15:39:07.0012082Z Cleaning up orphan processes
