consumer (ubuntu-24.04, x86_64-linux-gnu)	Set up job	﻿2026-09-08T15:18:17.3289642Z Current runner version: '2.337.0'
consumer (ubuntu-24.04, x86_64-linux-gnu)	Set up job	2026-09-08T15:18:17.3316855Z ##[group]Runner Image Provisioner
consumer (ubuntu-24.04, x86_64-linux-gnu)	Set up job	2026-09-08T15:18:17.3317784Z Hosted Compute Agent
consumer (ubuntu-24.04, x86_64-linux-gnu)	Set up job	2026-09-08T15:18:17.3318410Z Version: 20260828.587
consumer (ubuntu-24.04, x86_64-linux-gnu)	Set up job	2026-09-08T15:18:17.3319192Z Commit: abac92662cab4cc7352de4f9f9d2e2419aad9c29
consumer (ubuntu-24.04, x86_64-linux-gnu)	Set up job	2026-09-08T15:18:17.3320297Z Build Date: 2026-08-28T16:44:25Z
consumer (ubuntu-24.04, x86_64-linux-gnu)	Set up job	2026-09-08T15:18:17.3321228Z Worker ID: {92fa0541-e8b6-42c3-a161-caf2dc681636}
consumer (ubuntu-24.04, x86_64-linux-gnu)	Set up job	2026-09-08T15:18:17.3321990Z Azure Region: westus
consumer (ubuntu-24.04, x86_64-linux-gnu)	Set up job	2026-09-08T15:18:17.3322542Z ##[endgroup]
consumer (ubuntu-24.04, x86_64-linux-gnu)	Set up job	2026-09-08T15:18:17.3324284Z ##[group]Operating System
consumer (ubuntu-24.04, x86_64-linux-gnu)	Set up job	2026-09-08T15:18:17.3324979Z Ubuntu
consumer (ubuntu-24.04, x86_64-linux-gnu)	Set up job	2026-09-08T15:18:17.3325610Z 24.04.4
consumer (ubuntu-24.04, x86_64-linux-gnu)	Set up job	2026-09-08T15:18:17.3326239Z LTS
consumer (ubuntu-24.04, x86_64-linux-gnu)	Set up job	2026-09-08T15:18:17.3326807Z ##[endgroup]
consumer (ubuntu-24.04, x86_64-linux-gnu)	Set up job	2026-09-08T15:18:17.3327467Z ##[group]Runner Image
consumer (ubuntu-24.04, x86_64-linux-gnu)	Set up job	2026-09-08T15:18:17.3328151Z Image: ubuntu-24.04
consumer (ubuntu-24.04, x86_64-linux-gnu)	Set up job	2026-09-08T15:18:17.3328878Z Version: 20260831.293.1
consumer (ubuntu-24.04, x86_64-linux-gnu)	Set up job	2026-09-08T15:18:17.3330210Z Included Software: https://github.com/actions/runner-images/blob/ubuntu24/20260831.293/images/ubuntu/Ubuntu2404-Readme.md
consumer (ubuntu-24.04, x86_64-linux-gnu)	Set up job	2026-09-08T15:18:17.3332096Z Image Release: https://github.com/actions/runner-images/releases/tag/ubuntu24%2F20260831.293
consumer (ubuntu-24.04, x86_64-linux-gnu)	Set up job	2026-09-08T15:18:17.3333102Z ##[endgroup]
consumer (ubuntu-24.04, x86_64-linux-gnu)	Set up job	2026-09-08T15:18:17.3334323Z ##[group]GITHUB_TOKEN Permissions
consumer (ubuntu-24.04, x86_64-linux-gnu)	Set up job	2026-09-08T15:18:17.3336520Z Actions: read
consumer (ubuntu-24.04, x86_64-linux-gnu)	Set up job	2026-09-08T15:18:17.3337526Z Contents: read
consumer (ubuntu-24.04, x86_64-linux-gnu)	Set up job	2026-09-08T15:18:17.3338178Z Metadata: read
consumer (ubuntu-24.04, x86_64-linux-gnu)	Set up job	2026-09-08T15:18:17.3338808Z ##[endgroup]
consumer (ubuntu-24.04, x86_64-linux-gnu)	Set up job	2026-09-08T15:18:17.3341417Z Secret source: Actions
consumer (ubuntu-24.04, x86_64-linux-gnu)	Set up job	2026-09-08T15:18:17.3342578Z Prepare workflow directory
consumer (ubuntu-24.04, x86_64-linux-gnu)	Set up job	2026-09-08T15:18:17.3691338Z Prepare all required actions
consumer (ubuntu-24.04, x86_64-linux-gnu)	Set up job	2026-09-08T15:18:17.3741694Z Getting action download info
consumer (ubuntu-24.04, x86_64-linux-gnu)	Set up job	2026-09-08T15:18:17.7527019Z Download action repository 'actions/checkout@d23441a48e516b6c34aea4fa41551a30e30af803' (SHA:d23441a48e516b6c34aea4fa41551a30e30af803)
consumer (ubuntu-24.04, x86_64-linux-gnu)	Set up job	2026-09-08T15:18:17.8638077Z Download action repository 'actions/setup-python@ece7cb06caefa5fff74198d8649806c4678c61a1' (SHA:ece7cb06caefa5fff74198d8649806c4678c61a1)
consumer (ubuntu-24.04, x86_64-linux-gnu)	Set up job	2026-09-08T15:18:17.9395648Z Download action repository 'erlef/setup-beam@54075bcc5e249e4758d363f27d099f55d843f124' (SHA:54075bcc5e249e4758d363f27d099f55d843f124)
consumer (ubuntu-24.04, x86_64-linux-gnu)	Set up job	2026-09-08T15:18:18.4679379Z Complete job name: consumer (ubuntu-24.04, x86_64-linux-gnu)
consumer (ubuntu-24.04, x86_64-linux-gnu)	Run actions/checkout@d23441a48e516b6c34aea4fa41551a30e30af803	﻿2026-09-08T15:18:18.5494769Z ##[group]Run actions/checkout@d23441a48e516b6c34aea4fa41551a30e30af803
consumer (ubuntu-24.04, x86_64-linux-gnu)	Run actions/checkout@d23441a48e516b6c34aea4fa41551a30e30af803	2026-09-08T15:18:18.5495920Z with:
consumer (ubuntu-24.04, x86_64-linux-gnu)	Run actions/checkout@d23441a48e516b6c34aea4fa41551a30e30af803	2026-09-08T15:18:18.5496427Z   persist-credentials: false
consumer (ubuntu-24.04, x86_64-linux-gnu)	Run actions/checkout@d23441a48e516b6c34aea4fa41551a30e30af803	2026-09-08T15:18:18.5497007Z   repository: catethos/Aphid
consumer (ubuntu-24.04, x86_64-linux-gnu)	Run actions/checkout@d23441a48e516b6c34aea4fa41551a30e30af803	2026-09-08T15:18:18.5501224Z   token: ***
consumer (ubuntu-24.04, x86_64-linux-gnu)	Run actions/checkout@d23441a48e516b6c34aea4fa41551a30e30af803	2026-09-08T15:18:18.5501679Z   ssh-strict: true
consumer (ubuntu-24.04, x86_64-linux-gnu)	Run actions/checkout@d23441a48e516b6c34aea4fa41551a30e30af803	2026-09-08T15:18:18.5502116Z   ssh-user: git
consumer (ubuntu-24.04, x86_64-linux-gnu)	Run actions/checkout@d23441a48e516b6c34aea4fa41551a30e30af803	2026-09-08T15:18:18.5502536Z   clean: true
consumer (ubuntu-24.04, x86_64-linux-gnu)	Run actions/checkout@d23441a48e516b6c34aea4fa41551a30e30af803	2026-09-08T15:18:18.5502979Z   sparse-checkout-cone-mode: true
consumer (ubuntu-24.04, x86_64-linux-gnu)	Run actions/checkout@d23441a48e516b6c34aea4fa41551a30e30af803	2026-09-08T15:18:18.5503492Z   fetch-depth: 1
consumer (ubuntu-24.04, x86_64-linux-gnu)	Run actions/checkout@d23441a48e516b6c34aea4fa41551a30e30af803	2026-09-08T15:18:18.5503939Z   fetch-tags: false
consumer (ubuntu-24.04, x86_64-linux-gnu)	Run actions/checkout@d23441a48e516b6c34aea4fa41551a30e30af803	2026-09-08T15:18:18.5504433Z   show-progress: true
consumer (ubuntu-24.04, x86_64-linux-gnu)	Run actions/checkout@d23441a48e516b6c34aea4fa41551a30e30af803	2026-09-08T15:18:18.5504940Z   lfs: false
consumer (ubuntu-24.04, x86_64-linux-gnu)	Run actions/checkout@d23441a48e516b6c34aea4fa41551a30e30af803	2026-09-08T15:18:18.5505406Z   submodules: false
consumer (ubuntu-24.04, x86_64-linux-gnu)	Run actions/checkout@d23441a48e516b6c34aea4fa41551a30e30af803	2026-09-08T15:18:18.5505915Z   set-safe-directory: true
consumer (ubuntu-24.04, x86_64-linux-gnu)	Run actions/checkout@d23441a48e516b6c34aea4fa41551a30e30af803	2026-09-08T15:18:18.5506416Z   allow-unsafe-pr-checkout: false
consumer (ubuntu-24.04, x86_64-linux-gnu)	Run actions/checkout@d23441a48e516b6c34aea4fa41551a30e30af803	2026-09-08T15:18:18.5507219Z ##[endgroup]
consumer (ubuntu-24.04, x86_64-linux-gnu)	Run actions/checkout@d23441a48e516b6c34aea4fa41551a30e30af803	2026-09-08T15:18:18.6553370Z Syncing repository: catethos/Aphid
consumer (ubuntu-24.04, x86_64-linux-gnu)	Run actions/checkout@d23441a48e516b6c34aea4fa41551a30e30af803	2026-09-08T15:18:18.6556126Z ##[group]Getting Git version info
consumer (ubuntu-24.04, x86_64-linux-gnu)	Run actions/checkout@d23441a48e516b6c34aea4fa41551a30e30af803	2026-09-08T15:18:18.6557188Z Working directory is '/home/runner/work/Aphid/Aphid'
consumer (ubuntu-24.04, x86_64-linux-gnu)	Run actions/checkout@d23441a48e516b6c34aea4fa41551a30e30af803	2026-09-08T15:18:18.6558980Z [command]/usr/bin/git version
consumer (ubuntu-24.04, x86_64-linux-gnu)	Run actions/checkout@d23441a48e516b6c34aea4fa41551a30e30af803	2026-09-08T15:18:18.6637563Z git version 2.55.0
consumer (ubuntu-24.04, x86_64-linux-gnu)	Run actions/checkout@d23441a48e516b6c34aea4fa41551a30e30af803	2026-09-08T15:18:18.6670658Z ##[endgroup]
consumer (ubuntu-24.04, x86_64-linux-gnu)	Run actions/checkout@d23441a48e516b6c34aea4fa41551a30e30af803	2026-09-08T15:18:18.6680397Z Temporarily overriding HOME='/home/runner/work/_temp/bb1a9364-7816-459d-834d-b6c59de47fc4' before making global git config changes
consumer (ubuntu-24.04, x86_64-linux-gnu)	Run actions/checkout@d23441a48e516b6c34aea4fa41551a30e30af803	2026-09-08T15:18:18.6682905Z Adding repository directory to the temporary git global config as a safe directory
consumer (ubuntu-24.04, x86_64-linux-gnu)	Run actions/checkout@d23441a48e516b6c34aea4fa41551a30e30af803	2026-09-08T15:18:18.6701998Z [command]/usr/bin/git config --global --add safe.directory /home/runner/work/Aphid/Aphid
consumer (ubuntu-24.04, x86_64-linux-gnu)	Run actions/checkout@d23441a48e516b6c34aea4fa41551a30e30af803	2026-09-08T15:18:18.6753128Z Deleting the contents of '/home/runner/work/Aphid/Aphid'
consumer (ubuntu-24.04, x86_64-linux-gnu)	Run actions/checkout@d23441a48e516b6c34aea4fa41551a30e30af803	2026-09-08T15:18:18.6760575Z ##[group]Determining repository object format
consumer (ubuntu-24.04, x86_64-linux-gnu)	Run actions/checkout@d23441a48e516b6c34aea4fa41551a30e30af803	2026-09-08T15:18:18.6766047Z ##[endgroup]
consumer (ubuntu-24.04, x86_64-linux-gnu)	Run actions/checkout@d23441a48e516b6c34aea4fa41551a30e30af803	2026-09-08T15:18:18.6776025Z ##[group]Initializing the repository
consumer (ubuntu-24.04, x86_64-linux-gnu)	Run actions/checkout@d23441a48e516b6c34aea4fa41551a30e30af803	2026-09-08T15:18:18.6777630Z [command]/usr/bin/git init /home/runner/work/Aphid/Aphid
consumer (ubuntu-24.04, x86_64-linux-gnu)	Run actions/checkout@d23441a48e516b6c34aea4fa41551a30e30af803	2026-09-08T15:18:18.6919388Z hint: Using 'master' as the name for the initial branch. This default branch name
consumer (ubuntu-24.04, x86_64-linux-gnu)	Run actions/checkout@d23441a48e516b6c34aea4fa41551a30e30af803	2026-09-08T15:18:18.6921824Z hint: will change to "main" in Git 3.0. To configure the initial branch name
consumer (ubuntu-24.04, x86_64-linux-gnu)	Run actions/checkout@d23441a48e516b6c34aea4fa41551a30e30af803	2026-09-08T15:18:18.6923347Z hint: to use in all of your new repositories, which will suppress this warning,
consumer (ubuntu-24.04, x86_64-linux-gnu)	Run actions/checkout@d23441a48e516b6c34aea4fa41551a30e30af803	2026-09-08T15:18:18.6924614Z hint: call:
consumer (ubuntu-24.04, x86_64-linux-gnu)	Run actions/checkout@d23441a48e516b6c34aea4fa41551a30e30af803	2026-09-08T15:18:18.6925317Z hint:
consumer (ubuntu-24.04, x86_64-linux-gnu)	Run actions/checkout@d23441a48e516b6c34aea4fa41551a30e30af803	2026-09-08T15:18:18.6926120Z hint: 	git config --global init.defaultBranch <name>
consumer (ubuntu-24.04, x86_64-linux-gnu)	Run actions/checkout@d23441a48e516b6c34aea4fa41551a30e30af803	2026-09-08T15:18:18.6927096Z hint:
consumer (ubuntu-24.04, x86_64-linux-gnu)	Run actions/checkout@d23441a48e516b6c34aea4fa41551a30e30af803	2026-09-08T15:18:18.6928011Z hint: Names commonly chosen instead of 'master' are 'main', 'trunk' and
consumer (ubuntu-24.04, x86_64-linux-gnu)	Run actions/checkout@d23441a48e516b6c34aea4fa41551a30e30af803	2026-09-08T15:18:18.6929604Z hint: 'development'. The just-created branch can be renamed via this command:
consumer (ubuntu-24.04, x86_64-linux-gnu)	Run actions/checkout@d23441a48e516b6c34aea4fa41551a30e30af803	2026-09-08T15:18:18.6931165Z hint:
consumer (ubuntu-24.04, x86_64-linux-gnu)	Run actions/checkout@d23441a48e516b6c34aea4fa41551a30e30af803	2026-09-08T15:18:18.6931824Z hint: 	git branch -m <name>
consumer (ubuntu-24.04, x86_64-linux-gnu)	Run actions/checkout@d23441a48e516b6c34aea4fa41551a30e30af803	2026-09-08T15:18:18.6932574Z hint:
consumer (ubuntu-24.04, x86_64-linux-gnu)	Run actions/checkout@d23441a48e516b6c34aea4fa41551a30e30af803	2026-09-08T15:18:18.6933568Z hint: Disable this message with "git config set advice.defaultBranchName false"
consumer (ubuntu-24.04, x86_64-linux-gnu)	Run actions/checkout@d23441a48e516b6c34aea4fa41551a30e30af803	2026-09-08T15:18:18.6935635Z Initialized empty Git repository in /home/runner/work/Aphid/Aphid/.git/
consumer (ubuntu-24.04, x86_64-linux-gnu)	Run actions/checkout@d23441a48e516b6c34aea4fa41551a30e30af803	2026-09-08T15:18:18.6939358Z [command]/usr/bin/git remote add origin https://github.com/catethos/Aphid
consumer (ubuntu-24.04, x86_64-linux-gnu)	Run actions/checkout@d23441a48e516b6c34aea4fa41551a30e30af803	2026-09-08T15:18:18.6996518Z ##[endgroup]
consumer (ubuntu-24.04, x86_64-linux-gnu)	Run actions/checkout@d23441a48e516b6c34aea4fa41551a30e30af803	2026-09-08T15:18:18.6998046Z ##[group]Disabling automatic garbage collection
consumer (ubuntu-24.04, x86_64-linux-gnu)	Run actions/checkout@d23441a48e516b6c34aea4fa41551a30e30af803	2026-09-08T15:18:18.7003963Z [command]/usr/bin/git config --local gc.auto 0
consumer (ubuntu-24.04, x86_64-linux-gnu)	Run actions/checkout@d23441a48e516b6c34aea4fa41551a30e30af803	2026-09-08T15:18:18.7060708Z ##[endgroup]
consumer (ubuntu-24.04, x86_64-linux-gnu)	Run actions/checkout@d23441a48e516b6c34aea4fa41551a30e30af803	2026-09-08T15:18:18.7062005Z ##[group]Setting up auth
consumer (ubuntu-24.04, x86_64-linux-gnu)	Run actions/checkout@d23441a48e516b6c34aea4fa41551a30e30af803	2026-09-08T15:18:18.7072243Z Removing SSH command configuration
consumer (ubuntu-24.04, x86_64-linux-gnu)	Run actions/checkout@d23441a48e516b6c34aea4fa41551a30e30af803	2026-09-08T15:18:18.7085626Z [command]/usr/bin/git config --local --name-only --get-regexp core\.sshCommand
consumer (ubuntu-24.04, x86_64-linux-gnu)	Run actions/checkout@d23441a48e516b6c34aea4fa41551a30e30af803	2026-09-08T15:18:18.7109294Z [command]/usr/bin/git submodule foreach --recursive sh -c "git config --local --name-only --get-regexp 'core\.sshCommand' && git config --local --unset-all 'core.sshCommand' || :"
consumer (ubuntu-24.04, x86_64-linux-gnu)	Run actions/checkout@d23441a48e516b6c34aea4fa41551a30e30af803	2026-09-08T15:18:18.7547781Z Removing HTTP extra header
consumer (ubuntu-24.04, x86_64-linux-gnu)	Run actions/checkout@d23441a48e516b6c34aea4fa41551a30e30af803	2026-09-08T15:18:18.7555389Z [command]/usr/bin/git config --local --name-only --get-regexp http\.https\:\/\/github\.com\/\.extraheader
consumer (ubuntu-24.04, x86_64-linux-gnu)	Run actions/checkout@d23441a48e516b6c34aea4fa41551a30e30af803	2026-09-08T15:18:18.7597805Z [command]/usr/bin/git submodule foreach --recursive sh -c "git config --local --name-only --get-regexp 'http\.https\:\/\/github\.com\/\.extraheader' && git config --local --unset-all 'http.https://github.com/.extraheader' || :"
consumer (ubuntu-24.04, x86_64-linux-gnu)	Run actions/checkout@d23441a48e516b6c34aea4fa41551a30e30af803	2026-09-08T15:18:18.7830358Z Removing includeIf entries pointing to credentials config files
consumer (ubuntu-24.04, x86_64-linux-gnu)	Run actions/checkout@d23441a48e516b6c34aea4fa41551a30e30af803	2026-09-08T15:18:18.7837577Z [command]/usr/bin/git config --local --name-only --get-regexp ^includeIf\.gitdir:
consumer (ubuntu-24.04, x86_64-linux-gnu)	Run actions/checkout@d23441a48e516b6c34aea4fa41551a30e30af803	2026-09-08T15:18:18.7878012Z [command]/usr/bin/git submodule foreach --recursive git config --local --show-origin --name-only --get-regexp remote.origin.url
consumer (ubuntu-24.04, x86_64-linux-gnu)	Run actions/checkout@d23441a48e516b6c34aea4fa41551a30e30af803	2026-09-08T15:18:18.8153729Z [command]/usr/bin/git config --file /home/runner/work/_temp/git-credentials-6693e3cb-4cb0-4dfb-90a8-7e6bf0f02960.config http.https://github.com/.extraheader AUTHORIZATION: basic ***
consumer (ubuntu-24.04, x86_64-linux-gnu)	Run actions/checkout@d23441a48e516b6c34aea4fa41551a30e30af803	2026-09-08T15:18:18.8197504Z [command]/usr/bin/git config --local includeIf.gitdir:/home/runner/work/Aphid/Aphid/.git.path /home/runner/work/_temp/git-credentials-6693e3cb-4cb0-4dfb-90a8-7e6bf0f02960.config
consumer (ubuntu-24.04, x86_64-linux-gnu)	Run actions/checkout@d23441a48e516b6c34aea4fa41551a30e30af803	2026-09-08T15:18:18.8241016Z [command]/usr/bin/git config --local includeIf.gitdir:/home/runner/work/Aphid/Aphid/.git/worktrees/*.path /home/runner/work/_temp/git-credentials-6693e3cb-4cb0-4dfb-90a8-7e6bf0f02960.config
consumer (ubuntu-24.04, x86_64-linux-gnu)	Run actions/checkout@d23441a48e516b6c34aea4fa41551a30e30af803	2026-09-08T15:18:18.8287240Z [command]/usr/bin/git config --local includeIf.gitdir:/github/workspace/.git.path /github/runner_temp/git-credentials-6693e3cb-4cb0-4dfb-90a8-7e6bf0f02960.config
consumer (ubuntu-24.04, x86_64-linux-gnu)	Run actions/checkout@d23441a48e516b6c34aea4fa41551a30e30af803	2026-09-08T15:18:18.8331008Z [command]/usr/bin/git config --local includeIf.gitdir:/github/workspace/.git/worktrees/*.path /github/runner_temp/git-credentials-6693e3cb-4cb0-4dfb-90a8-7e6bf0f02960.config
consumer (ubuntu-24.04, x86_64-linux-gnu)	Run actions/checkout@d23441a48e516b6c34aea4fa41551a30e30af803	2026-09-08T15:18:18.8371795Z ##[endgroup]
consumer (ubuntu-24.04, x86_64-linux-gnu)	Run actions/checkout@d23441a48e516b6c34aea4fa41551a30e30af803	2026-09-08T15:18:18.8373123Z ##[group]Fetching the repository
consumer (ubuntu-24.04, x86_64-linux-gnu)	Run actions/checkout@d23441a48e516b6c34aea4fa41551a30e30af803	2026-09-08T15:18:18.8380794Z [command]/usr/bin/git -c protocol.version=2 fetch --no-tags --prune --no-recurse-submodules --depth=1 origin +0a1f8725a7830c6e54a5a3760207820c032d63d4:refs/remotes/origin/main
consumer (ubuntu-24.04, x86_64-linux-gnu)	Run actions/checkout@d23441a48e516b6c34aea4fa41551a30e30af803	2026-09-08T15:18:20.5661361Z From https://github.com/catethos/Aphid
consumer (ubuntu-24.04, x86_64-linux-gnu)	Run actions/checkout@d23441a48e516b6c34aea4fa41551a30e30af803	2026-09-08T15:18:20.5663409Z  * [new ref]         0a1f8725a7830c6e54a5a3760207820c032d63d4 -> origin/main
consumer (ubuntu-24.04, x86_64-linux-gnu)	Run actions/checkout@d23441a48e516b6c34aea4fa41551a30e30af803	2026-09-08T15:18:20.5673100Z [command]/usr/bin/git branch --list --remote origin/main
consumer (ubuntu-24.04, x86_64-linux-gnu)	Run actions/checkout@d23441a48e516b6c34aea4fa41551a30e30af803	2026-09-08T15:18:20.5703877Z   origin/main
consumer (ubuntu-24.04, x86_64-linux-gnu)	Run actions/checkout@d23441a48e516b6c34aea4fa41551a30e30af803	2026-09-08T15:18:20.5713073Z [command]/usr/bin/git rev-parse refs/remotes/origin/main
consumer (ubuntu-24.04, x86_64-linux-gnu)	Run actions/checkout@d23441a48e516b6c34aea4fa41551a30e30af803	2026-09-08T15:18:20.5741242Z 0a1f8725a7830c6e54a5a3760207820c032d63d4
consumer (ubuntu-24.04, x86_64-linux-gnu)	Run actions/checkout@d23441a48e516b6c34aea4fa41551a30e30af803	2026-09-08T15:18:20.5752200Z ##[endgroup]
consumer (ubuntu-24.04, x86_64-linux-gnu)	Run actions/checkout@d23441a48e516b6c34aea4fa41551a30e30af803	2026-09-08T15:18:20.5753216Z ##[group]Determining the checkout info
consumer (ubuntu-24.04, x86_64-linux-gnu)	Run actions/checkout@d23441a48e516b6c34aea4fa41551a30e30af803	2026-09-08T15:18:20.5754131Z ##[endgroup]
consumer (ubuntu-24.04, x86_64-linux-gnu)	Run actions/checkout@d23441a48e516b6c34aea4fa41551a30e30af803	2026-09-08T15:18:20.5754678Z [command]/usr/bin/git sparse-checkout disable
consumer (ubuntu-24.04, x86_64-linux-gnu)	Run actions/checkout@d23441a48e516b6c34aea4fa41551a30e30af803	2026-09-08T15:18:20.5812029Z [command]/usr/bin/git config --local --unset-all extensions.worktreeConfig
consumer (ubuntu-24.04, x86_64-linux-gnu)	Run actions/checkout@d23441a48e516b6c34aea4fa41551a30e30af803	2026-09-08T15:18:20.5847636Z ##[group]Checking out the ref
consumer (ubuntu-24.04, x86_64-linux-gnu)	Run actions/checkout@d23441a48e516b6c34aea4fa41551a30e30af803	2026-09-08T15:18:20.5853589Z [command]/usr/bin/git checkout --progress --force -B main refs/remotes/origin/main
consumer (ubuntu-24.04, x86_64-linux-gnu)	Run actions/checkout@d23441a48e516b6c34aea4fa41551a30e30af803	2026-09-08T15:18:20.8057510Z Switched to a new branch 'main'
consumer (ubuntu-24.04, x86_64-linux-gnu)	Run actions/checkout@d23441a48e516b6c34aea4fa41551a30e30af803	2026-09-08T15:18:20.8064592Z branch 'main' set up to track 'origin/main'.
consumer (ubuntu-24.04, x86_64-linux-gnu)	Run actions/checkout@d23441a48e516b6c34aea4fa41551a30e30af803	2026-09-08T15:18:20.8091257Z ##[endgroup]
consumer (ubuntu-24.04, x86_64-linux-gnu)	Run actions/checkout@d23441a48e516b6c34aea4fa41551a30e30af803	2026-09-08T15:18:20.8151309Z [command]/usr/bin/git log -1 --format=%H
consumer (ubuntu-24.04, x86_64-linux-gnu)	Run actions/checkout@d23441a48e516b6c34aea4fa41551a30e30af803	2026-09-08T15:18:20.8178188Z 0a1f8725a7830c6e54a5a3760207820c032d63d4
consumer (ubuntu-24.04, x86_64-linux-gnu)	Run actions/checkout@d23441a48e516b6c34aea4fa41551a30e30af803	2026-09-08T15:18:20.8192051Z ##[group]Removing auth
consumer (ubuntu-24.04, x86_64-linux-gnu)	Run actions/checkout@d23441a48e516b6c34aea4fa41551a30e30af803	2026-09-08T15:18:20.8192518Z Removing SSH command configuration
consumer (ubuntu-24.04, x86_64-linux-gnu)	Run actions/checkout@d23441a48e516b6c34aea4fa41551a30e30af803	2026-09-08T15:18:20.8196208Z [command]/usr/bin/git config --local --name-only --get-regexp core\.sshCommand
consumer (ubuntu-24.04, x86_64-linux-gnu)	Run actions/checkout@d23441a48e516b6c34aea4fa41551a30e30af803	2026-09-08T15:18:20.8236065Z [command]/usr/bin/git submodule foreach --recursive sh -c "git config --local --name-only --get-regexp 'core\.sshCommand' && git config --local --unset-all 'core.sshCommand' || :"
consumer (ubuntu-24.04, x86_64-linux-gnu)	Run actions/checkout@d23441a48e516b6c34aea4fa41551a30e30af803	2026-09-08T15:18:20.8484404Z Removing HTTP extra header
consumer (ubuntu-24.04, x86_64-linux-gnu)	Run actions/checkout@d23441a48e516b6c34aea4fa41551a30e30af803	2026-09-08T15:18:20.8491116Z [command]/usr/bin/git config --local --name-only --get-regexp http\.https\:\/\/github\.com\/\.extraheader
consumer (ubuntu-24.04, x86_64-linux-gnu)	Run actions/checkout@d23441a48e516b6c34aea4fa41551a30e30af803	2026-09-08T15:18:20.8533834Z [command]/usr/bin/git submodule foreach --recursive sh -c "git config --local --name-only --get-regexp 'http\.https\:\/\/github\.com\/\.extraheader' && git config --local --unset-all 'http.https://github.com/.extraheader' || :"
consumer (ubuntu-24.04, x86_64-linux-gnu)	Run actions/checkout@d23441a48e516b6c34aea4fa41551a30e30af803	2026-09-08T15:18:20.8758664Z Removing includeIf entries pointing to credentials config files
consumer (ubuntu-24.04, x86_64-linux-gnu)	Run actions/checkout@d23441a48e516b6c34aea4fa41551a30e30af803	2026-09-08T15:18:20.8764735Z [command]/usr/bin/git config --local --name-only --get-regexp ^includeIf\.gitdir:
consumer (ubuntu-24.04, x86_64-linux-gnu)	Run actions/checkout@d23441a48e516b6c34aea4fa41551a30e30af803	2026-09-08T15:18:20.8797404Z includeif.gitdir:/home/runner/work/Aphid/Aphid/.git.path
consumer (ubuntu-24.04, x86_64-linux-gnu)	Run actions/checkout@d23441a48e516b6c34aea4fa41551a30e30af803	2026-09-08T15:18:20.8798854Z includeif.gitdir:/home/runner/work/Aphid/Aphid/.git/worktrees/*.path
consumer (ubuntu-24.04, x86_64-linux-gnu)	Run actions/checkout@d23441a48e516b6c34aea4fa41551a30e30af803	2026-09-08T15:18:20.8800470Z includeif.gitdir:/github/workspace/.git.path
consumer (ubuntu-24.04, x86_64-linux-gnu)	Run actions/checkout@d23441a48e516b6c34aea4fa41551a30e30af803	2026-09-08T15:18:20.8801547Z includeif.gitdir:/github/workspace/.git/worktrees/*.path
consumer (ubuntu-24.04, x86_64-linux-gnu)	Run actions/checkout@d23441a48e516b6c34aea4fa41551a30e30af803	2026-09-08T15:18:20.8809090Z [command]/usr/bin/git config --local --get-all includeif.gitdir:/home/runner/work/Aphid/Aphid/.git.path
consumer (ubuntu-24.04, x86_64-linux-gnu)	Run actions/checkout@d23441a48e516b6c34aea4fa41551a30e30af803	2026-09-08T15:18:20.8837990Z /home/runner/work/_temp/git-credentials-6693e3cb-4cb0-4dfb-90a8-7e6bf0f02960.config
consumer (ubuntu-24.04, x86_64-linux-gnu)	Run actions/checkout@d23441a48e516b6c34aea4fa41551a30e30af803	2026-09-08T15:18:20.8849804Z [command]/usr/bin/git config --local --unset includeif.gitdir:/home/runner/work/Aphid/Aphid/.git.path /home/runner/work/_temp/git-credentials-6693e3cb-4cb0-4dfb-90a8-7e6bf0f02960.config
consumer (ubuntu-24.04, x86_64-linux-gnu)	Run actions/checkout@d23441a48e516b6c34aea4fa41551a30e30af803	2026-09-08T15:18:20.8891624Z [command]/usr/bin/git config --local --get-all includeif.gitdir:/home/runner/work/Aphid/Aphid/.git/worktrees/*.path
consumer (ubuntu-24.04, x86_64-linux-gnu)	Run actions/checkout@d23441a48e516b6c34aea4fa41551a30e30af803	2026-09-08T15:18:20.8920272Z /home/runner/work/_temp/git-credentials-6693e3cb-4cb0-4dfb-90a8-7e6bf0f02960.config
consumer (ubuntu-24.04, x86_64-linux-gnu)	Run actions/checkout@d23441a48e516b6c34aea4fa41551a30e30af803	2026-09-08T15:18:20.8929834Z [command]/usr/bin/git config --local --unset includeif.gitdir:/home/runner/work/Aphid/Aphid/.git/worktrees/*.path /home/runner/work/_temp/git-credentials-6693e3cb-4cb0-4dfb-90a8-7e6bf0f02960.config
consumer (ubuntu-24.04, x86_64-linux-gnu)	Run actions/checkout@d23441a48e516b6c34aea4fa41551a30e30af803	2026-09-08T15:18:20.8971661Z [command]/usr/bin/git config --local --get-all includeif.gitdir:/github/workspace/.git.path
consumer (ubuntu-24.04, x86_64-linux-gnu)	Run actions/checkout@d23441a48e516b6c34aea4fa41551a30e30af803	2026-09-08T15:18:20.9001419Z /github/runner_temp/git-credentials-6693e3cb-4cb0-4dfb-90a8-7e6bf0f02960.config
consumer (ubuntu-24.04, x86_64-linux-gnu)	Run actions/checkout@d23441a48e516b6c34aea4fa41551a30e30af803	2026-09-08T15:18:20.9014968Z [command]/usr/bin/git config --local --unset includeif.gitdir:/github/workspace/.git.path /github/runner_temp/git-credentials-6693e3cb-4cb0-4dfb-90a8-7e6bf0f02960.config
consumer (ubuntu-24.04, x86_64-linux-gnu)	Run actions/checkout@d23441a48e516b6c34aea4fa41551a30e30af803	2026-09-08T15:18:20.9054241Z [command]/usr/bin/git config --local --get-all includeif.gitdir:/github/workspace/.git/worktrees/*.path
consumer (ubuntu-24.04, x86_64-linux-gnu)	Run actions/checkout@d23441a48e516b6c34aea4fa41551a30e30af803	2026-09-08T15:18:20.9080666Z /github/runner_temp/git-credentials-6693e3cb-4cb0-4dfb-90a8-7e6bf0f02960.config
consumer (ubuntu-24.04, x86_64-linux-gnu)	Run actions/checkout@d23441a48e516b6c34aea4fa41551a30e30af803	2026-09-08T15:18:20.9089278Z [command]/usr/bin/git config --local --unset includeif.gitdir:/github/workspace/.git/worktrees/*.path /github/runner_temp/git-credentials-6693e3cb-4cb0-4dfb-90a8-7e6bf0f02960.config
consumer (ubuntu-24.04, x86_64-linux-gnu)	Run actions/checkout@d23441a48e516b6c34aea4fa41551a30e30af803	2026-09-08T15:18:20.9131067Z [command]/usr/bin/git submodule foreach --recursive git config --local --show-origin --name-only --get-regexp remote.origin.url
consumer (ubuntu-24.04, x86_64-linux-gnu)	Run actions/checkout@d23441a48e516b6c34aea4fa41551a30e30af803	2026-09-08T15:18:20.9375113Z Removing credentials config '/home/runner/work/_temp/git-credentials-6693e3cb-4cb0-4dfb-90a8-7e6bf0f02960.config'
consumer (ubuntu-24.04, x86_64-linux-gnu)	Run actions/checkout@d23441a48e516b6c34aea4fa41551a30e30af803	2026-09-08T15:18:20.9383853Z ##[endgroup]
consumer (ubuntu-24.04, x86_64-linux-gnu)	Run actions/setup-python@ece7cb06caefa5fff74198d8649806c4678c61a1	﻿2026-09-08T15:18:20.9704401Z ##[group]Run actions/setup-python@ece7cb06caefa5fff74198d8649806c4678c61a1
consumer (ubuntu-24.04, x86_64-linux-gnu)	Run actions/setup-python@ece7cb06caefa5fff74198d8649806c4678c61a1	2026-09-08T15:18:20.9704849Z with:
consumer (ubuntu-24.04, x86_64-linux-gnu)	Run actions/setup-python@ece7cb06caefa5fff74198d8649806c4678c61a1	2026-09-08T15:18:20.9705057Z   python-version: 3.14
consumer (ubuntu-24.04, x86_64-linux-gnu)	Run actions/setup-python@ece7cb06caefa5fff74198d8649806c4678c61a1	2026-09-08T15:18:20.9705286Z   check-latest: false
consumer (ubuntu-24.04, x86_64-linux-gnu)	Run actions/setup-python@ece7cb06caefa5fff74198d8649806c4678c61a1	2026-09-08T15:18:20.9707854Z   token: ***
consumer (ubuntu-24.04, x86_64-linux-gnu)	Run actions/setup-python@ece7cb06caefa5fff74198d8649806c4678c61a1	2026-09-08T15:18:20.9708096Z   update-environment: true
consumer (ubuntu-24.04, x86_64-linux-gnu)	Run actions/setup-python@ece7cb06caefa5fff74198d8649806c4678c61a1	2026-09-08T15:18:20.9708367Z   allow-prereleases: false
consumer (ubuntu-24.04, x86_64-linux-gnu)	Run actions/setup-python@ece7cb06caefa5fff74198d8649806c4678c61a1	2026-09-08T15:18:20.9708594Z   freethreaded: false
consumer (ubuntu-24.04, x86_64-linux-gnu)	Run actions/setup-python@ece7cb06caefa5fff74198d8649806c4678c61a1	2026-09-08T15:18:20.9708806Z ##[endgroup]
consumer (ubuntu-24.04, x86_64-linux-gnu)	Run actions/setup-python@ece7cb06caefa5fff74198d8649806c4678c61a1	2026-09-08T15:18:21.1028922Z ##[group]Installed versions
consumer (ubuntu-24.04, x86_64-linux-gnu)	Run actions/setup-python@ece7cb06caefa5fff74198d8649806c4678c61a1	2026-09-08T15:18:21.1144280Z Successfully set up CPython (3.14.7)
consumer (ubuntu-24.04, x86_64-linux-gnu)	Run actions/setup-python@ece7cb06caefa5fff74198d8649806c4678c61a1	2026-09-08T15:18:21.1145118Z ##[endgroup]
consumer (ubuntu-24.04, x86_64-linux-gnu)	Run erlef/setup-beam@54075bcc5e249e4758d363f27d099f55d843f124	﻿2026-09-08T15:18:21.1364756Z ##[group]Run erlef/setup-beam@54075bcc5e249e4758d363f27d099f55d843f124
consumer (ubuntu-24.04, x86_64-linux-gnu)	Run erlef/setup-beam@54075bcc5e249e4758d363f27d099f55d843f124	2026-09-08T15:18:21.1365163Z with:
consumer (ubuntu-24.04, x86_64-linux-gnu)	Run erlef/setup-beam@54075bcc5e249e4758d363f27d099f55d843f124	2026-09-08T15:18:21.1365375Z   otp-version: 29.0.4
consumer (ubuntu-24.04, x86_64-linux-gnu)	Run erlef/setup-beam@54075bcc5e249e4758d363f27d099f55d843f124	2026-09-08T15:18:21.1365600Z   elixir-version: 1.20.0
consumer (ubuntu-24.04, x86_64-linux-gnu)	Run erlef/setup-beam@54075bcc5e249e4758d363f27d099f55d843f124	2026-09-08T15:18:21.1368216Z   github-token: ***
consumer (ubuntu-24.04, x86_64-linux-gnu)	Run erlef/setup-beam@54075bcc5e249e4758d363f27d099f55d843f124	2026-09-08T15:18:21.1368447Z   otp-architecture: 64
consumer (ubuntu-24.04, x86_64-linux-gnu)	Run erlef/setup-beam@54075bcc5e249e4758d363f27d099f55d843f124	2026-09-08T15:18:21.1368673Z   install-hex: true
consumer (ubuntu-24.04, x86_64-linux-gnu)	Run erlef/setup-beam@54075bcc5e249e4758d363f27d099f55d843f124	2026-09-08T15:18:21.1368877Z   install-rebar: true
consumer (ubuntu-24.04, x86_64-linux-gnu)	Run erlef/setup-beam@54075bcc5e249e4758d363f27d099f55d843f124	2026-09-08T15:18:21.1369099Z   version-type: loose
consumer (ubuntu-24.04, x86_64-linux-gnu)	Run erlef/setup-beam@54075bcc5e249e4758d363f27d099f55d843f124	2026-09-08T15:18:21.1369329Z   disable_problem_matchers: false
consumer (ubuntu-24.04, x86_64-linux-gnu)	Run erlef/setup-beam@54075bcc5e249e4758d363f27d099f55d843f124	2026-09-08T15:18:21.1369610Z   hexpm-mirrors: https://builds.hex.pm
consumer (ubuntu-24.04, x86_64-linux-gnu)	Run erlef/setup-beam@54075bcc5e249e4758d363f27d099f55d843f124	
consumer (ubuntu-24.04, x86_64-linux-gnu)	Run erlef/setup-beam@54075bcc5e249e4758d363f27d099f55d843f124	2026-09-08T15:18:21.1369901Z env:
consumer (ubuntu-24.04, x86_64-linux-gnu)	Run erlef/setup-beam@54075bcc5e249e4758d363f27d099f55d843f124	2026-09-08T15:18:21.1370378Z   pythonLocation: /opt/hostedtoolcache/Python/3.14.7/x64
consumer (ubuntu-24.04, x86_64-linux-gnu)	Run erlef/setup-beam@54075bcc5e249e4758d363f27d099f55d843f124	2026-09-08T15:18:21.1370814Z   PKG_CONFIG_PATH: /opt/hostedtoolcache/Python/3.14.7/x64/lib/pkgconfig
consumer (ubuntu-24.04, x86_64-linux-gnu)	Run erlef/setup-beam@54075bcc5e249e4758d363f27d099f55d843f124	2026-09-08T15:18:21.1371231Z   Python_ROOT_DIR: /opt/hostedtoolcache/Python/3.14.7/x64
consumer (ubuntu-24.04, x86_64-linux-gnu)	Run erlef/setup-beam@54075bcc5e249e4758d363f27d099f55d843f124	2026-09-08T15:18:21.1371605Z   Python2_ROOT_DIR: /opt/hostedtoolcache/Python/3.14.7/x64
consumer (ubuntu-24.04, x86_64-linux-gnu)	Run erlef/setup-beam@54075bcc5e249e4758d363f27d099f55d843f124	2026-09-08T15:18:21.1371988Z   Python3_ROOT_DIR: /opt/hostedtoolcache/Python/3.14.7/x64
consumer (ubuntu-24.04, x86_64-linux-gnu)	Run erlef/setup-beam@54075bcc5e249e4758d363f27d099f55d843f124	2026-09-08T15:18:21.1372410Z   LD_LIBRARY_PATH: /opt/hostedtoolcache/Python/3.14.7/x64/lib
consumer (ubuntu-24.04, x86_64-linux-gnu)	Run erlef/setup-beam@54075bcc5e249e4758d363f27d099f55d843f124	2026-09-08T15:18:21.1372731Z ##[endgroup]
consumer (ubuntu-24.04, x86_64-linux-gnu)	Run erlef/setup-beam@54075bcc5e249e4758d363f27d099f55d843f124	2026-09-08T15:18:21.3153861Z ##[group]Installing Erlang/OTP OTP-29.0.4 - built on amd64/ubuntu-24.04
consumer (ubuntu-24.04, x86_64-linux-gnu)	Run erlef/setup-beam@54075bcc5e249e4758d363f27d099f55d843f124	2026-09-08T15:18:21.7389145Z [command]/usr/bin/tar zx --strip-components=1 --warning=no-unknown-keyword --overwrite -C /home/runner/work/_temp/363cf632-6cff-496f-9f0f-cad1dc4fab6d -f /home/runner/work/_temp/1068e34a-cde3-4bbc-8c2d-bc6479b9a255
consumer (ubuntu-24.04, x86_64-linux-gnu)	Run erlef/setup-beam@54075bcc5e249e4758d363f27d099f55d843f124	2026-09-08T15:18:24.5012514Z [command]/home/runner/work/_temp/.setup-beam/otp/Install -minimal /home/runner/work/_temp/.setup-beam/otp
consumer (ubuntu-24.04, x86_64-linux-gnu)	Run erlef/setup-beam@54075bcc5e249e4758d363f27d099f55d843f124	2026-09-08T15:18:24.5344464Z Installed Erlang/OTP version
consumer (ubuntu-24.04, x86_64-linux-gnu)	Run erlef/setup-beam@54075bcc5e249e4758d363f27d099f55d843f124	2026-09-08T15:18:24.5362830Z [command]/home/runner/work/_temp/.setup-beam/otp/bin/erl -version
consumer (ubuntu-24.04, x86_64-linux-gnu)	Run erlef/setup-beam@54075bcc5e249e4758d363f27d099f55d843f124	2026-09-08T15:18:24.5486016Z Erlang (SMP,ASYNC_THREADS) (BEAM) emulator version 17.0.4
consumer (ubuntu-24.04, x86_64-linux-gnu)	Run erlef/setup-beam@54075bcc5e249e4758d363f27d099f55d843f124	2026-09-08T15:18:24.5525316Z ##[endgroup]
consumer (ubuntu-24.04, x86_64-linux-gnu)	Run erlef/setup-beam@54075bcc5e249e4758d363f27d099f55d843f124	2026-09-08T15:18:24.5542324Z [command]/home/runner/work/_temp/.setup-beam/otp/bin/erl -noshell -eval io:format(erlang:system_info(otp_release)), halt().
consumer (ubuntu-24.04, x86_64-linux-gnu)	Run erlef/setup-beam@54075bcc5e249e4758d363f27d099f55d843f124	2026-09-08T15:18:24.7641443Z 29::debug::Was not able to coerce latest with semver
consumer (ubuntu-24.04, x86_64-linux-gnu)	Run erlef/setup-beam@54075bcc5e249e4758d363f27d099f55d843f124	2026-09-08T15:18:24.7659617Z Using Elixir 1.20.0 (built for Erlang/OTP 29)
consumer (ubuntu-24.04, x86_64-linux-gnu)	Run erlef/setup-beam@54075bcc5e249e4758d363f27d099f55d843f124	2026-09-08T15:18:24.7660870Z ##[group]Installing Elixir v1.20.0-otp-29
consumer (ubuntu-24.04, x86_64-linux-gnu)	Run erlef/setup-beam@54075bcc5e249e4758d363f27d099f55d843f124	2026-09-08T15:18:24.8908768Z [command]/usr/bin/unzip -o -q /home/runner/work/_temp/58b2a263-a5a4-4d1c-9e11-8357a3923a23
consumer (ubuntu-24.04, x86_64-linux-gnu)	Run erlef/setup-beam@54075bcc5e249e4758d363f27d099f55d843f124	2026-09-08T15:18:25.3481318Z Installed Elixir version
consumer (ubuntu-24.04, x86_64-linux-gnu)	Run erlef/setup-beam@54075bcc5e249e4758d363f27d099f55d843f124	2026-09-08T15:18:25.3505382Z [command]/home/runner/work/_temp/.setup-beam/elixir/bin/elixir -v
consumer (ubuntu-24.04, x86_64-linux-gnu)	Run erlef/setup-beam@54075bcc5e249e4758d363f27d099f55d843f124	2026-09-08T15:18:25.5745272Z Erlang/OTP 29 [erts-17.0.4] [source] [64-bit] [smp:4:4] [ds:4:4:10] [async-threads:1] [jit:ns]
consumer (ubuntu-24.04, x86_64-linux-gnu)	Run erlef/setup-beam@54075bcc5e249e4758d363f27d099f55d843f124	2026-09-08T15:18:25.5746280Z 
consumer (ubuntu-24.04, x86_64-linux-gnu)	Run erlef/setup-beam@54075bcc5e249e4758d363f27d099f55d843f124	2026-09-08T15:18:25.5795363Z Elixir 1.20.0 (compiled with Erlang/OTP 29)
consumer (ubuntu-24.04, x86_64-linux-gnu)	Run erlef/setup-beam@54075bcc5e249e4758d363f27d099f55d843f124	2026-09-08T15:18:25.5848932Z ##[endgroup]
consumer (ubuntu-24.04, x86_64-linux-gnu)	Run erlef/setup-beam@54075bcc5e249e4758d363f27d099f55d843f124	2026-09-08T15:18:25.5849684Z ##[group]Running mix local.rebar,--force
consumer (ubuntu-24.04, x86_64-linux-gnu)	Run erlef/setup-beam@54075bcc5e249e4758d363f27d099f55d843f124	2026-09-08T15:18:25.5860975Z [command]/home/runner/work/_temp/.setup-beam/elixir/bin/mix local.rebar --force
consumer (ubuntu-24.04, x86_64-linux-gnu)	Run erlef/setup-beam@54075bcc5e249e4758d363f27d099f55d843f124	2026-09-08T15:18:26.4046145Z * creating /home/runner/.mix/elixir/1-20-otp-29/rebar3
consumer (ubuntu-24.04, x86_64-linux-gnu)	Run erlef/setup-beam@54075bcc5e249e4758d363f27d099f55d843f124	2026-09-08T15:18:26.4133059Z ##[endgroup]
consumer (ubuntu-24.04, x86_64-linux-gnu)	Run erlef/setup-beam@54075bcc5e249e4758d363f27d099f55d843f124	2026-09-08T15:18:26.4133587Z ##[group]Running mix local.hex,--force
consumer (ubuntu-24.04, x86_64-linux-gnu)	Run erlef/setup-beam@54075bcc5e249e4758d363f27d099f55d843f124	2026-09-08T15:18:26.4151375Z [command]/home/runner/work/_temp/.setup-beam/elixir/bin/mix local.hex --force
consumer (ubuntu-24.04, x86_64-linux-gnu)	Run erlef/setup-beam@54075bcc5e249e4758d363f27d099f55d843f124	2026-09-08T15:18:27.2665340Z * creating /home/runner/.mix/archives/hex-2.5.1
consumer (ubuntu-24.04, x86_64-linux-gnu)	Run erlef/setup-beam@54075bcc5e249e4758d363f27d099f55d843f124	2026-09-08T15:18:27.2756902Z ##[endgroup]
consumer (ubuntu-24.04, x86_64-linux-gnu)	Install consumer proof prerequisites	﻿2026-09-08T15:18:27.2937715Z ##[group]Run sudo apt-get update
consumer (ubuntu-24.04, x86_64-linux-gnu)	Install consumer proof prerequisites	2026-09-08T15:18:27.2938125Z ^[[36;1msudo apt-get update^[[0m
consumer (ubuntu-24.04, x86_64-linux-gnu)	Install consumer proof prerequisites	2026-09-08T15:18:27.2938461Z ^[[36;1msudo apt-get install --yes bubblewrap binutils^[[0m
consumer (ubuntu-24.04, x86_64-linux-gnu)	Install consumer proof prerequisites	2026-09-08T15:18:27.2938830Z ^[[36;1mmix local.hex --force^[[0m
consumer (ubuntu-24.04, x86_64-linux-gnu)	Install consumer proof prerequisites	2026-09-08T15:18:27.2986646Z shell: /usr/bin/bash -e {0}
consumer (ubuntu-24.04, x86_64-linux-gnu)	Install consumer proof prerequisites	2026-09-08T15:18:27.2986935Z env:
consumer (ubuntu-24.04, x86_64-linux-gnu)	Install consumer proof prerequisites	2026-09-08T15:18:27.2987404Z   pythonLocation: /opt/hostedtoolcache/Python/3.14.7/x64
consumer (ubuntu-24.04, x86_64-linux-gnu)	Install consumer proof prerequisites	2026-09-08T15:18:27.2987891Z   PKG_CONFIG_PATH: /opt/hostedtoolcache/Python/3.14.7/x64/lib/pkgconfig
consumer (ubuntu-24.04, x86_64-linux-gnu)	Install consumer proof prerequisites	2026-09-08T15:18:27.2988364Z   Python_ROOT_DIR: /opt/hostedtoolcache/Python/3.14.7/x64
consumer (ubuntu-24.04, x86_64-linux-gnu)	Install consumer proof prerequisites	2026-09-08T15:18:27.2988786Z   Python2_ROOT_DIR: /opt/hostedtoolcache/Python/3.14.7/x64
consumer (ubuntu-24.04, x86_64-linux-gnu)	Install consumer proof prerequisites	2026-09-08T15:18:27.2989212Z   Python3_ROOT_DIR: /opt/hostedtoolcache/Python/3.14.7/x64
consumer (ubuntu-24.04, x86_64-linux-gnu)	Install consumer proof prerequisites	2026-09-08T15:18:27.2989636Z   LD_LIBRARY_PATH: /opt/hostedtoolcache/Python/3.14.7/x64/lib
consumer (ubuntu-24.04, x86_64-linux-gnu)	Install consumer proof prerequisites	2026-09-08T15:18:27.2990351Z   INSTALL_DIR_FOR_OTP: /home/runner/work/_temp/.setup-beam/otp
consumer (ubuntu-24.04, x86_64-linux-gnu)	Install consumer proof prerequisites	2026-09-08T15:18:27.2990822Z   INSTALL_DIR_FOR_ELIXIR: /home/runner/work/_temp/.setup-beam/elixir
consumer (ubuntu-24.04, x86_64-linux-gnu)	Install consumer proof prerequisites	2026-09-08T15:18:27.2991262Z ##[endgroup]
consumer (ubuntu-24.04, x86_64-linux-gnu)	Install consumer proof prerequisites	2026-09-08T15:18:27.3942153Z Get:1 file:/etc/apt/apt-mirrors.txt Mirrorlist [144 B]
consumer (ubuntu-24.04, x86_64-linux-gnu)	Install consumer proof prerequisites	2026-09-08T15:18:27.4245195Z Hit:2 http://azure.archive.ubuntu.com/ubuntu noble InRelease
consumer (ubuntu-24.04, x86_64-linux-gnu)	Install consumer proof prerequisites	2026-09-08T15:18:27.4246880Z Get:6 https://packages.microsoft.com/ubuntu/24.04/prod noble InRelease [3600 B]
consumer (ubuntu-24.04, x86_64-linux-gnu)	Install consumer proof prerequisites	2026-09-08T15:18:27.4254319Z Get:3 http://azure.archive.ubuntu.com/ubuntu noble-updates InRelease [126 kB]
consumer (ubuntu-24.04, x86_64-linux-gnu)	Install consumer proof prerequisites	2026-09-08T15:18:27.4294445Z Get:4 http://azure.archive.ubuntu.com/ubuntu noble-backports InRelease [126 kB]
consumer (ubuntu-24.04, x86_64-linux-gnu)	Install consumer proof prerequisites	2026-09-08T15:18:27.4315449Z Get:5 http://azure.archive.ubuntu.com/ubuntu noble-security InRelease [126 kB]
consumer (ubuntu-24.04, x86_64-linux-gnu)	Install consumer proof prerequisites	2026-09-08T15:18:27.5431728Z Get:7 https://dl.google.com/linux/chrome-stable/deb stable InRelease [2548 B]
consumer (ubuntu-24.04, x86_64-linux-gnu)	Install consumer proof prerequisites	2026-09-08T15:18:27.5436096Z Get:8 https://packages.microsoft.com/ubuntu/24.04/prod noble/main arm64 Packages [394 kB]
consumer (ubuntu-24.04, x86_64-linux-gnu)	Install consumer proof prerequisites	2026-09-08T15:18:27.5551210Z Get:9 https://packages.microsoft.com/ubuntu/24.04/prod noble/main amd64 Packages [441 kB]
consumer (ubuntu-24.04, x86_64-linux-gnu)	Install consumer proof prerequisites	2026-09-08T15:18:27.5964401Z Get:10 http://azure.archive.ubuntu.com/ubuntu noble-updates/main amd64 Packages [1260 kB]
consumer (ubuntu-24.04, x86_64-linux-gnu)	Install consumer proof prerequisites	2026-09-08T15:18:27.6047499Z Get:11 http://azure.archive.ubuntu.com/ubuntu noble-updates/main Translation-en [292 kB]
consumer (ubuntu-24.04, x86_64-linux-gnu)	Install consumer proof prerequisites	2026-09-08T15:18:27.6073231Z Get:12 http://azure.archive.ubuntu.com/ubuntu noble-updates/main amd64 Components [180 kB]
consumer (ubuntu-24.04, x86_64-linux-gnu)	Install consumer proof prerequisites	2026-09-08T15:18:27.6106747Z Get:13 http://azure.archive.ubuntu.com/ubuntu noble-updates/universe amd64 Packages [1691 kB]
consumer (ubuntu-24.04, x86_64-linux-gnu)	Install consumer proof prerequisites	2026-09-08T15:18:27.6212281Z Get:14 http://azure.archive.ubuntu.com/ubuntu noble-updates/universe Translation-en [339 kB]
consumer (ubuntu-24.04, x86_64-linux-gnu)	Install consumer proof prerequisites	2026-09-08T15:18:27.6241255Z Get:15 http://azure.archive.ubuntu.com/ubuntu noble-updates/universe amd64 Components [388 kB]
consumer (ubuntu-24.04, x86_64-linux-gnu)	Install consumer proof prerequisites	2026-09-08T15:18:27.6301210Z Get:16 http://azure.archive.ubuntu.com/ubuntu noble-updates/restricted amd64 Packages [1536 kB]
consumer (ubuntu-24.04, x86_64-linux-gnu)	Install consumer proof prerequisites	2026-09-08T15:18:27.6391390Z Get:17 http://azure.archive.ubuntu.com/ubuntu noble-updates/restricted Translation-en [352 kB]
consumer (ubuntu-24.04, x86_64-linux-gnu)	Install consumer proof prerequisites	2026-09-08T15:18:27.6450564Z Get:18 http://azure.archive.ubuntu.com/ubuntu noble-updates/multiverse amd64 Components [940 B]
consumer (ubuntu-24.04, x86_64-linux-gnu)	Install consumer proof prerequisites	2026-09-08T15:18:27.6770845Z Get:19 http://azure.archive.ubuntu.com/ubuntu noble-backports/main amd64 Components [5760 B]
consumer (ubuntu-24.04, x86_64-linux-gnu)	Install consumer proof prerequisites	2026-09-08T15:18:27.7208662Z Get:20 http://azure.archive.ubuntu.com/ubuntu noble-backports/universe amd64 Components [12.6 kB]
consumer (ubuntu-24.04, x86_64-linux-gnu)	Install consumer proof prerequisites	2026-09-08T15:18:27.7522369Z Get:21 http://azure.archive.ubuntu.com/ubuntu noble-security/main amd64 Packages [1002 kB]
consumer (ubuntu-24.04, x86_64-linux-gnu)	Install consumer proof prerequisites	2026-09-08T15:18:27.7674853Z Get:22 http://azure.archive.ubuntu.com/ubuntu noble-security/main Translation-en [212 kB]
consumer (ubuntu-24.04, x86_64-linux-gnu)	Install consumer proof prerequisites	2026-09-08T15:18:27.7701232Z Get:23 http://azure.archive.ubuntu.com/ubuntu noble-security/main amd64 Components [46.3 kB]
consumer (ubuntu-24.04, x86_64-linux-gnu)	Install consumer proof prerequisites	2026-09-08T15:18:27.7751822Z Get:24 http://azure.archive.ubuntu.com/ubuntu noble-security/universe amd64 Packages [1206 kB]
consumer (ubuntu-24.04, x86_64-linux-gnu)	Install consumer proof prerequisites	2026-09-08T15:18:27.7815951Z Get:25 http://azure.archive.ubuntu.com/ubuntu noble-security/universe Translation-en [241 kB]
consumer (ubuntu-24.04, x86_64-linux-gnu)	Install consumer proof prerequisites	2026-09-08T15:18:27.7827432Z Get:26 http://azure.archive.ubuntu.com/ubuntu noble-security/universe amd64 Components [76.2 kB]
consumer (ubuntu-24.04, x86_64-linux-gnu)	Install consumer proof prerequisites	2026-09-08T15:18:27.7861817Z Get:27 http://azure.archive.ubuntu.com/ubuntu noble-security/restricted amd64 Packages [1437 kB]
consumer (ubuntu-24.04, x86_64-linux-gnu)	Install consumer proof prerequisites	2026-09-08T15:18:27.7934146Z Get:28 http://azure.archive.ubuntu.com/ubuntu noble-security/restricted Translation-en [334 kB]
consumer (ubuntu-24.04, x86_64-linux-gnu)	Install consumer proof prerequisites	2026-09-08T15:18:27.8625494Z Get:29 https://dl.google.com/linux/chrome-stable/deb stable/main amd64 Packages [1401 B]
consumer (ubuntu-24.04, x86_64-linux-gnu)	Install consumer proof prerequisites	2026-09-08T15:18:32.9744113Z Fetched 11.8 MB in 1s (8925 kB/s)
consumer (ubuntu-24.04, x86_64-linux-gnu)	Install consumer proof prerequisites	2026-09-08T15:18:33.8502545Z Reading package lists...
consumer (ubuntu-24.04, x86_64-linux-gnu)	Install consumer proof prerequisites	2026-09-08T15:18:34.0024015Z Reading package lists...
consumer (ubuntu-24.04, x86_64-linux-gnu)	Install consumer proof prerequisites	2026-09-08T15:18:34.1829842Z Building dependency tree...
consumer (ubuntu-24.04, x86_64-linux-gnu)	Install consumer proof prerequisites	2026-09-08T15:18:34.1837210Z Reading state information...
consumer (ubuntu-24.04, x86_64-linux-gnu)	Install consumer proof prerequisites	2026-09-08T15:18:34.3411486Z binutils is already the newest version (2.42-4ubuntu2.10).
consumer (ubuntu-24.04, x86_64-linux-gnu)	Install consumer proof prerequisites	2026-09-08T15:18:34.3412116Z The following NEW packages will be installed:
consumer (ubuntu-24.04, x86_64-linux-gnu)	Install consumer proof prerequisites	2026-09-08T15:18:34.3418910Z   bubblewrap
consumer (ubuntu-24.04, x86_64-linux-gnu)	Install consumer proof prerequisites	2026-09-08T15:18:34.3593055Z 0 upgraded, 1 newly installed, 0 to remove and 44 not upgraded.
consumer (ubuntu-24.04, x86_64-linux-gnu)	Install consumer proof prerequisites	2026-09-08T15:18:34.3593892Z Need to get 50.2 kB of archives.
consumer (ubuntu-24.04, x86_64-linux-gnu)	Install consumer proof prerequisites	2026-09-08T15:18:34.3594493Z After this operation, 133 kB of additional disk space will be used.
consumer (ubuntu-24.04, x86_64-linux-gnu)	Install consumer proof prerequisites	2026-09-08T15:18:34.3594995Z Get:1 file:/etc/apt/apt-mirrors.txt Mirrorlist [144 B]
consumer (ubuntu-24.04, x86_64-linux-gnu)	Install consumer proof prerequisites	2026-09-08T15:18:34.4333215Z Get:2 http://azure.archive.ubuntu.com/ubuntu noble-updates/main amd64 bubblewrap amd64 0.9.0-1ubuntu0.1 [50.2 kB]
consumer (ubuntu-24.04, x86_64-linux-gnu)	Install consumer proof prerequisites	2026-09-08T15:18:34.7142503Z Fetched 50.2 kB in 0s (543 kB/s)
consumer (ubuntu-24.04, x86_64-linux-gnu)	Install consumer proof prerequisites	2026-09-08T15:18:34.7405479Z Selecting previously unselected package bubblewrap.
consumer (ubuntu-24.04, x86_64-linux-gnu)	Install consumer proof prerequisites	2026-09-08T15:18:34.7732049Z (Reading database ... 
consumer (ubuntu-24.04, x86_64-linux-gnu)	Install consumer proof prerequisites	2026-09-08T15:18:34.7732876Z (Reading database ... 5%
consumer (ubuntu-24.04, x86_64-linux-gnu)	Install consumer proof prerequisites	2026-09-08T15:18:34.7733556Z (Reading database ... 10%
consumer (ubuntu-24.04, x86_64-linux-gnu)	Install consumer proof prerequisites	2026-09-08T15:18:34.7734217Z (Reading database ... 15%
consumer (ubuntu-24.04, x86_64-linux-gnu)	Install consumer proof prerequisites	2026-09-08T15:18:34.7734865Z (Reading database ... 20%
consumer (ubuntu-24.04, x86_64-linux-gnu)	Install consumer proof prerequisites	2026-09-08T15:18:34.7735501Z (Reading database ... 25%
consumer (ubuntu-24.04, x86_64-linux-gnu)	Install consumer proof prerequisites	2026-09-08T15:18:34.7736140Z (Reading database ... 30%
consumer (ubuntu-24.04, x86_64-linux-gnu)	Install consumer proof prerequisites	2026-09-08T15:18:34.7736797Z (Reading database ... 35%
consumer (ubuntu-24.04, x86_64-linux-gnu)	Install consumer proof prerequisites	2026-09-08T15:18:34.7737429Z (Reading database ... 40%
consumer (ubuntu-24.04, x86_64-linux-gnu)	Install consumer proof prerequisites	2026-09-08T15:18:34.7738069Z (Reading database ... 45%
consumer (ubuntu-24.04, x86_64-linux-gnu)	Install consumer proof prerequisites	2026-09-08T15:18:34.7738752Z (Reading database ... 50%
consumer (ubuntu-24.04, x86_64-linux-gnu)	Install consumer proof prerequisites	2026-09-08T15:18:34.7779735Z (Reading database ... 55%
consumer (ubuntu-24.04, x86_64-linux-gnu)	Install consumer proof prerequisites	2026-09-08T15:18:34.9516649Z (Reading database ... 60%
consumer (ubuntu-24.04, x86_64-linux-gnu)	Install consumer proof prerequisites	2026-09-08T15:18:35.0883545Z (Reading database ... 65%
consumer (ubuntu-24.04, x86_64-linux-gnu)	Install consumer proof prerequisites	2026-09-08T15:18:35.2965127Z (Reading database ... 70%
consumer (ubuntu-24.04, x86_64-linux-gnu)	Install consumer proof prerequisites	2026-09-08T15:18:35.4308868Z (Reading database ... 75%
consumer (ubuntu-24.04, x86_64-linux-gnu)	Install consumer proof prerequisites	2026-09-08T15:18:35.6369867Z (Reading database ... 80%
consumer (ubuntu-24.04, x86_64-linux-gnu)	Install consumer proof prerequisites	2026-09-08T15:18:35.8371747Z (Reading database ... 85%
consumer (ubuntu-24.04, x86_64-linux-gnu)	Install consumer proof prerequisites	2026-09-08T15:18:35.9925401Z (Reading database ... 90%
consumer (ubuntu-24.04, x86_64-linux-gnu)	Install consumer proof prerequisites	2026-09-08T15:18:36.1498441Z (Reading database ... 95%
consumer (ubuntu-24.04, x86_64-linux-gnu)	Install consumer proof prerequisites	2026-09-08T15:18:36.1499121Z (Reading database ... 100%
consumer (ubuntu-24.04, x86_64-linux-gnu)	Install consumer proof prerequisites	2026-09-08T15:18:36.1499859Z (Reading database ... 201676 files and directories currently installed.)
consumer (ubuntu-24.04, x86_64-linux-gnu)	Install consumer proof prerequisites	2026-09-08T15:18:36.1553010Z Preparing to unpack .../bubblewrap_0.9.0-1ubuntu0.1_amd64.deb ...
consumer (ubuntu-24.04, x86_64-linux-gnu)	Install consumer proof prerequisites	2026-09-08T15:18:36.1586072Z Unpacking bubblewrap (0.9.0-1ubuntu0.1) ...
consumer (ubuntu-24.04, x86_64-linux-gnu)	Install consumer proof prerequisites	2026-09-08T15:18:36.2068541Z Setting up bubblewrap (0.9.0-1ubuntu0.1) ...
consumer (ubuntu-24.04, x86_64-linux-gnu)	Install consumer proof prerequisites	2026-09-08T15:18:36.2127377Z Processing triggers for man-db (2.12.0-4build2) ...
consumer (ubuntu-24.04, x86_64-linux-gnu)	Install consumer proof prerequisites	2026-09-08T15:18:36.2152413Z Not building database; man-db/auto-update is not 'true'.
consumer (ubuntu-24.04, x86_64-linux-gnu)	Install consumer proof prerequisites	2026-09-08T15:18:36.8667454Z 
consumer (ubuntu-24.04, x86_64-linux-gnu)	Install consumer proof prerequisites	2026-09-08T15:18:36.8668120Z Running kernel seems to be up-to-date.
consumer (ubuntu-24.04, x86_64-linux-gnu)	Install consumer proof prerequisites	2026-09-08T15:18:36.8668526Z 
consumer (ubuntu-24.04, x86_64-linux-gnu)	Install consumer proof prerequisites	2026-09-08T15:18:36.8668743Z No services need to be restarted.
consumer (ubuntu-24.04, x86_64-linux-gnu)	Install consumer proof prerequisites	2026-09-08T15:18:36.8669047Z 
consumer (ubuntu-24.04, x86_64-linux-gnu)	Install consumer proof prerequisites	2026-09-08T15:18:36.8669240Z No containers need to be restarted.
consumer (ubuntu-24.04, x86_64-linux-gnu)	Install consumer proof prerequisites	2026-09-08T15:18:36.8669572Z 
consumer (ubuntu-24.04, x86_64-linux-gnu)	Install consumer proof prerequisites	2026-09-08T15:18:36.8669811Z No user sessions are running outdated binaries.
consumer (ubuntu-24.04, x86_64-linux-gnu)	Install consumer proof prerequisites	2026-09-08T15:18:36.8670531Z 
consumer (ubuntu-24.04, x86_64-linux-gnu)	Install consumer proof prerequisites	2026-09-08T15:18:36.8670911Z No VM guests are running outdated hypervisor (qemu) binaries on this host.
consumer (ubuntu-24.04, x86_64-linux-gnu)	Install consumer proof prerequisites	2026-09-08T15:18:38.6627075Z * creating /home/runner/.mix/archives/hex-2.5.1
consumer (ubuntu-24.04, x86_64-linux-gnu)	Acquire independently pinned source qualification	﻿2026-09-08T15:18:38.6767762Z ##[group]Run python3 - <<'PY'
consumer (ubuntu-24.04, x86_64-linux-gnu)	Acquire independently pinned source qualification	2026-09-08T15:18:38.6768123Z ^[[36;1mpython3 - <<'PY'^[[0m
consumer (ubuntu-24.04, x86_64-linux-gnu)	Acquire independently pinned source qualification	2026-09-08T15:18:38.6768390Z ^[[36;1mimport json, os, re, subprocess^[[0m
consumer (ubuntu-24.04, x86_64-linux-gnu)	Acquire independently pinned source qualification	2026-09-08T15:18:38.6768689Z ^[[36;1mfrom pathlib import Path^[[0m
consumer (ubuntu-24.04, x86_64-linux-gnu)	Acquire independently pinned source qualification	2026-09-08T15:18:38.6768986Z ^[[36;1msource_run = os.environ['SOURCE_RUN']^[[0m
consumer (ubuntu-24.04, x86_64-linux-gnu)	Acquire independently pinned source qualification	2026-09-08T15:18:38.6769396Z ^[[36;1massert re.fullmatch(r'[0-9]+', source_run), 'Invalid run ID'^[[0m
consumer (ubuntu-24.04, x86_64-linux-gnu)	Acquire independently pinned source qualification	2026-09-08T15:18:38.6770587Z ^[[36;1massert re.fullmatch(r'[0-9a-f]{64}', os.environ['SOURCE_SHA256']), 'Invalid source SHA256'^[[0m
consumer (ubuntu-24.04, x86_64-linux-gnu)	Acquire independently pinned source qualification	2026-09-08T15:18:38.6771426Z ^[[36;1mmetadata = json.loads(subprocess.check_output(['gh', 'api', f'repos/catethos/Aphid/actions/runs/{source_run}'], text=True))^[[0m
consumer (ubuntu-24.04, x86_64-linux-gnu)	Acquire independently pinned source qualification	2026-09-08T15:18:38.6772644Z ^[[36;1massert (metadata['status'], metadata['conclusion'], metadata['event'], metadata['head_branch'], metadata['path']) == ('completed', 'success', 'workflow_dispatch', 'main', '.github/workflows/linux-consumer.yml')^[[0m
consumer (ubuntu-24.04, x86_64-linux-gnu)	Acquire independently pinned source qualification	2026-09-08T15:18:38.6773722Z ^[[36;1mPath(os.environ['RUNNER_TEMP'], 'source-run.json').write_text(json.dumps(metadata, indent=2))^[[0m
consumer (ubuntu-24.04, x86_64-linux-gnu)	Acquire independently pinned source qualification	2026-09-08T15:18:38.6774769Z ^[[36;1msubprocess.run(['gh', 'run', 'download', source_run, '--repo', 'catethos/Aphid', '--name', f'combined-source-{source_run}', '--dir', os.environ['RUNNER_TEMP'] + '/qualified-source'], check=True)^[[0m
consumer (ubuntu-24.04, x86_64-linux-gnu)	Acquire independently pinned source qualification	2026-09-08T15:18:38.6775568Z ^[[36;1mPY^[[0m
consumer (ubuntu-24.04, x86_64-linux-gnu)	Acquire independently pinned source qualification	2026-09-08T15:18:38.6815215Z shell: /usr/bin/bash -e {0}
consumer (ubuntu-24.04, x86_64-linux-gnu)	Acquire independently pinned source qualification	2026-09-08T15:18:38.6815482Z env:
consumer (ubuntu-24.04, x86_64-linux-gnu)	Acquire independently pinned source qualification	2026-09-08T15:18:38.6815746Z   pythonLocation: /opt/hostedtoolcache/Python/3.14.7/x64
consumer (ubuntu-24.04, x86_64-linux-gnu)	Acquire independently pinned source qualification	2026-09-08T15:18:38.6816198Z   PKG_CONFIG_PATH: /opt/hostedtoolcache/Python/3.14.7/x64/lib/pkgconfig
consumer (ubuntu-24.04, x86_64-linux-gnu)	Acquire independently pinned source qualification	2026-09-08T15:18:38.6816639Z   Python_ROOT_DIR: /opt/hostedtoolcache/Python/3.14.7/x64
consumer (ubuntu-24.04, x86_64-linux-gnu)	Acquire independently pinned source qualification	2026-09-08T15:18:38.6817018Z   Python2_ROOT_DIR: /opt/hostedtoolcache/Python/3.14.7/x64
consumer (ubuntu-24.04, x86_64-linux-gnu)	Acquire independently pinned source qualification	2026-09-08T15:18:38.6817423Z   Python3_ROOT_DIR: /opt/hostedtoolcache/Python/3.14.7/x64
consumer (ubuntu-24.04, x86_64-linux-gnu)	Acquire independently pinned source qualification	2026-09-08T15:18:38.6817816Z   LD_LIBRARY_PATH: /opt/hostedtoolcache/Python/3.14.7/x64/lib
consumer (ubuntu-24.04, x86_64-linux-gnu)	Acquire independently pinned source qualification	2026-09-08T15:18:38.6818228Z   INSTALL_DIR_FOR_OTP: /home/runner/work/_temp/.setup-beam/otp
consumer (ubuntu-24.04, x86_64-linux-gnu)	Acquire independently pinned source qualification	2026-09-08T15:18:38.6818682Z   INSTALL_DIR_FOR_ELIXIR: /home/runner/work/_temp/.setup-beam/elixir
consumer (ubuntu-24.04, x86_64-linux-gnu)	Acquire independently pinned source qualification	2026-09-08T15:18:38.6822117Z   GH_TOKEN: ***
consumer (ubuntu-24.04, x86_64-linux-gnu)	Acquire independently pinned source qualification	2026-09-08T15:18:38.6822347Z   SOURCE_RUN: 34242496036
consumer (ubuntu-24.04, x86_64-linux-gnu)	Acquire independently pinned source qualification	2026-09-08T15:18:38.6822737Z   SOURCE_SHA256: 9faa9af3eb1c826446b0bf9473e94632e4fbb9fcb6bfc9d85bae1a90862f2448
consumer (ubuntu-24.04, x86_64-linux-gnu)	Acquire independently pinned source qualification	2026-09-08T15:18:38.6823176Z ##[endgroup]
consumer (ubuntu-24.04, x86_64-linux-gnu)	Prove anonymous package-default installation and offline runtime	﻿2026-09-08T15:18:40.5013386Z ##[group]Run set -o pipefail
consumer (ubuntu-24.04, x86_64-linux-gnu)	Prove anonymous package-default installation and offline runtime	2026-09-08T15:18:40.5013747Z ^[[36;1mset -o pipefail^[[0m
consumer (ubuntu-24.04, x86_64-linux-gnu)	Prove anonymous package-default installation and offline runtime	2026-09-08T15:18:40.5014118Z ^[[36;1mpython3 -u - <<'PY' 2>&1 | tee "$RUNNER_TEMP/public-consumer.log"^[[0m
consumer (ubuntu-24.04, x86_64-linux-gnu)	Prove anonymous package-default installation and offline runtime	2026-09-08T15:18:40.5014635Z ^[[36;1mimport hashlib, json, os, subprocess, sys^[[0m
consumer (ubuntu-24.04, x86_64-linux-gnu)	Prove anonymous package-default installation and offline runtime	2026-09-08T15:18:40.5014982Z ^[[36;1mfrom pathlib import Path^[[0m
consumer (ubuntu-24.04, x86_64-linux-gnu)	Prove anonymous package-default installation and offline runtime	2026-09-08T15:18:40.5015303Z ^[[36;1mroot = Path(os.environ['RUNNER_TEMP'])^[[0m
consumer (ubuntu-24.04, x86_64-linux-gnu)	Prove anonymous package-default installation and offline runtime	2026-09-08T15:18:40.5015807Z ^[[36;1mpackages = list((root / 'qualified-source').rglob('aphid-0.1.1-dev-combined.tar'))^[[0m
consumer (ubuntu-24.04, x86_64-linux-gnu)	Prove anonymous package-default installation and offline runtime	2026-09-08T15:18:40.5016402Z ^[[36;1massert len(packages) == 1, 'Expected one exact qualified package'^[[0m
consumer (ubuntu-24.04, x86_64-linux-gnu)	Prove anonymous package-default installation and offline runtime	2026-09-08T15:18:40.5016822Z ^[[36;1mpackage = packages[0]^[[0m
consumer (ubuntu-24.04, x86_64-linux-gnu)	Prove anonymous package-default installation and offline runtime	2026-09-08T15:18:40.5017375Z ^[[36;1massert hashlib.sha256(package.read_bytes()).hexdigest() == os.environ['SOURCE_SHA256'], 'Source pin mismatch'^[[0m
consumer (ubuntu-24.04, x86_64-linux-gnu)	Prove anonymous package-default installation and offline runtime	2026-09-08T15:18:40.5018173Z ^[[36;1mpin = json.loads(Path('native/linux-bundles.json').read_text())[os.environ['APHID_TARGET']]^[[0m
consumer (ubuntu-24.04, x86_64-linux-gnu)	Prove anonymous package-default installation and offline runtime	2026-09-08T15:18:40.5019191Z ^[[36;1murl = 'https://github.com/catethos/Aphid/releases/download/v' + pin['package_version'] + '/' + pin['archive']^[[0m
consumer (ubuntu-24.04, x86_64-linux-gnu)	Prove anonymous package-default installation and offline runtime	2026-09-08T15:18:40.5020132Z ^[[36;1marchive = root / pin['archive']^[[0m
consumer (ubuntu-24.04, x86_64-linux-gnu)	Prove anonymous package-default installation and offline runtime	2026-09-08T15:18:40.5020937Z ^[[36;1msubprocess.run(['curl', '--fail', '--location', '--proto', '=https', '--proto-redir', '=https', '--max-time', '300', '--output', str(archive), url], check=True)^[[0m
consumer (ubuntu-24.04, x86_64-linux-gnu)	Prove anonymous package-default installation and offline runtime	2026-09-08T15:18:40.5022873Z ^[[36;1msubprocess.run([sys.executable, '-u', 'scripts/precompiled_consumer.py', '--archive', str(archive), '--sha256', pin['sha256'], '--package', str(package), '--package-sha256', os.environ['SOURCE_SHA256'], '--destination', str(root / 'public-consumer'), '--hex-dependencies', '--package-default', '--hide-build', str(root / 'qualified-source')] + (['--hex-registry'] if os.environ['HEX_REGISTRY'] == 'true' else []), check=True)^[[0m
consumer (ubuntu-24.04, x86_64-linux-gnu)	Prove anonymous package-default installation and offline runtime	2026-09-08T15:18:40.5024337Z ^[[36;1mPY^[[0m
consumer (ubuntu-24.04, x86_64-linux-gnu)	Prove anonymous package-default installation and offline runtime	2026-09-08T15:18:40.5063334Z shell: /usr/bin/bash -e {0}
consumer (ubuntu-24.04, x86_64-linux-gnu)	Prove anonymous package-default installation and offline runtime	2026-09-08T15:18:40.5063602Z env:
consumer (ubuntu-24.04, x86_64-linux-gnu)	Prove anonymous package-default installation and offline runtime	2026-09-08T15:18:40.5063896Z   pythonLocation: /opt/hostedtoolcache/Python/3.14.7/x64
consumer (ubuntu-24.04, x86_64-linux-gnu)	Prove anonymous package-default installation and offline runtime	2026-09-08T15:18:40.5064363Z   PKG_CONFIG_PATH: /opt/hostedtoolcache/Python/3.14.7/x64/lib/pkgconfig
consumer (ubuntu-24.04, x86_64-linux-gnu)	Prove anonymous package-default installation and offline runtime	2026-09-08T15:18:40.5064822Z   Python_ROOT_DIR: /opt/hostedtoolcache/Python/3.14.7/x64
consumer (ubuntu-24.04, x86_64-linux-gnu)	Prove anonymous package-default installation and offline runtime	2026-09-08T15:18:40.5065214Z   Python2_ROOT_DIR: /opt/hostedtoolcache/Python/3.14.7/x64
consumer (ubuntu-24.04, x86_64-linux-gnu)	Prove anonymous package-default installation and offline runtime	2026-09-08T15:18:40.5065614Z   Python3_ROOT_DIR: /opt/hostedtoolcache/Python/3.14.7/x64
consumer (ubuntu-24.04, x86_64-linux-gnu)	Prove anonymous package-default installation and offline runtime	2026-09-08T15:18:40.5066007Z   LD_LIBRARY_PATH: /opt/hostedtoolcache/Python/3.14.7/x64/lib
consumer (ubuntu-24.04, x86_64-linux-gnu)	Prove anonymous package-default installation and offline runtime	2026-09-08T15:18:40.5066415Z   INSTALL_DIR_FOR_OTP: /home/runner/work/_temp/.setup-beam/otp
consumer (ubuntu-24.04, x86_64-linux-gnu)	Prove anonymous package-default installation and offline runtime	2026-09-08T15:18:40.5066861Z   INSTALL_DIR_FOR_ELIXIR: /home/runner/work/_temp/.setup-beam/elixir
consumer (ubuntu-24.04, x86_64-linux-gnu)	Prove anonymous package-default installation and offline runtime	2026-09-08T15:18:40.5067241Z   APHID_TARGET: x86_64-linux-gnu
consumer (ubuntu-24.04, x86_64-linux-gnu)	Prove anonymous package-default installation and offline runtime	2026-09-08T15:18:40.5067648Z   SOURCE_SHA256: 9faa9af3eb1c826446b0bf9473e94632e4fbb9fcb6bfc9d85bae1a90862f2448
consumer (ubuntu-24.04, x86_64-linux-gnu)	Prove anonymous package-default installation and offline runtime	2026-09-08T15:18:40.5068093Z   HEX_REGISTRY: false
consumer (ubuntu-24.04, x86_64-linux-gnu)	Prove anonymous package-default installation and offline runtime	2026-09-08T15:18:40.5068441Z ##[endgroup]
consumer (ubuntu-24.04, x86_64-linux-gnu)	Prove anonymous package-default installation and offline runtime	2026-09-08T15:18:40.5566100Z   % Total    % Received % Xferd  Average Speed   Time    Time     Time  Current
consumer (ubuntu-24.04, x86_64-linux-gnu)	Prove anonymous package-default installation and offline runtime	2026-09-08T15:18:40.5567876Z                                  Dload  Upload   Total   Spent    Left  Speed
consumer (ubuntu-24.04, x86_64-linux-gnu)	Prove anonymous package-default installation and offline runtime	2026-09-08T15:18:40.5568272Z 
consumer (ubuntu-24.04, x86_64-linux-gnu)	Prove anonymous package-default installation and offline runtime	2026-09-08T15:18:40.7339740Z   0     0    0     0    0     0      0      0 --:--:-- --:--:-- --:--:--     0
consumer (ubuntu-24.04, x86_64-linux-gnu)	Prove anonymous package-default installation and offline runtime	2026-09-08T15:18:40.7340793Z   0     0    0     0    0     0      0      0 --:--:-- --:--:-- --:--:--     0
consumer (ubuntu-24.04, x86_64-linux-gnu)	Prove anonymous package-default installation and offline runtime	2026-09-08T15:18:41.2916171Z 
consumer (ubuntu-24.04, x86_64-linux-gnu)	Prove anonymous package-default installation and offline runtime	2026-09-08T15:18:42.2861511Z  21 47.6M   21 10.0M    0     0  13.7M      0  0:00:03 --:--:--  0:00:03 13.7M
consumer (ubuntu-24.04, x86_64-linux-gnu)	Prove anonymous package-default installation and offline runtime	2026-09-08T15:18:42.3337900Z  95 47.6M   95 45.6M    0     0  26.4M      0  0:00:01  0:00:01 --:--:-- 35.7M
consumer (ubuntu-24.04, x86_64-linux-gnu)	Prove anonymous package-default installation and offline runtime	2026-09-08T15:18:42.3339069Z 100 47.6M  100 47.6M    0     0  26.8M      0  0:00:01  0:00:01 --:--:-- 36.0M
consumer (ubuntu-24.04, x86_64-linux-gnu)	Prove anonymous package-default installation and offline runtime	2026-09-08T15:18:43.7636264Z using exact local Hex source package: 9faa9af3eb1c826446b0bf9473e94632e4fbb9fcb6bfc9d85bae1a90862f2448
consumer (ubuntu-24.04, x86_64-linux-gnu)	Prove anonymous package-default installation and offline runtime	2026-09-08T15:18:43.8268925Z fresh caches; pinned source dependencies: [{"name": "earmark_parser", "version": "1.4.46", "sha256": "9c44636e8a1c68c62f526b2dcd85d941dbbcee7ab82cf64ba06ce28bef8e89f5"}, {"name": "ex_doc", "version": "0.39.1", "sha256": "8abf0ed3e3ca87c0847dfc4168ceab5bedfe881692f1b7c45f4a11b232806865"}, {"name": "makeup", "version": "1.2.2", "sha256": "9a1a24e5b343b8ae16abea0822c10a6f75da27af7fa802ada5251f7579bfccfa"}, {"name": "makeup_elixir", "version": "1.0.1", "sha256": "7284900d412a3e5cfd97fdaed4f5ed389b8f2b4cb49efc0eb3bd10e2febf9507"}, {"name": "makeup_erlang", "version": "1.1.0", "sha256": "1cd6780fb1dd1a03979abaed0fe82712b0625118fd5257d3ebbf73f960c73c3c"}, {"name": "nimble_parsec", "version": "1.4.2", "sha256": "4b21398942dda052b403bbe1da991ccd03a053668d147d53fb8c4e0efe09c973"}, {"name": "pegasus", "version": "0.2.6", "sha256": "0ac159f0ccab7967cf90208327cc8a35788874814c8d78e19d47104d3fc049b9"}, {"name": "protoss", "version": "1.1.0", "sha256": "c2f874383dd047fcfdf467b814dd33a208a4d24a467aef90d86185b41a0752ad"}, {"name": "telemetry", "version": "1.4.2", "sha256": "928f6495066506077862c0d1646609eed891a4326bee3126ba54b60af61febb1"}, {"name": "zig_doc", "version": "0.7.0", "sha256": "28b57b0bc12f241fc855b6514fe5198f3067fbab2555a3e3a83f6f9ed4699f4c"}, {"name": "zig_get", "version": "0.16.0", "sha256": "2841127cf2005da74fb28d3cc68397a393d3d71df5f45752b974345e696beb01"}, {"name": "zig_parser", "version": "0.7.0", "sha256": "fd0b2fc343820a202787a78a40feae372386b4303717b099223d5f5c5f21f0bb"}, {"name": "zigler", "version": "0.16.0", "sha256": "867ce49289568a7fabff400cb9f1636a429defcd488f3302a82c4b51b2bc7741"}]
consumer (ubuntu-24.04, x86_64-linux-gnu)	Prove anonymous package-default installation and offline runtime	2026-09-08T15:18:43.9109189Z Linux namespace probe passed: build trees hidden, compiler paths masked, external network unavailable
consumer (ubuntu-24.04, x86_64-linux-gnu)	Prove anonymous package-default installation and offline runtime	2026-09-08T15:18:43.9223471Z {"command": ["sudo", "-E", "bwrap", "--die-with-parent", "--unshare-pid", "--ro-bind", "/", "/", "--dev", "/dev", "--proc", "/proc", "--bind", "/home/runner/work/_temp/public-consumer", "/home/runner/work/_temp/public-consumer", "--unshare-net", "--tmpfs", "/home/runner/work/Aphid/Aphid", "--tmpfs", "/home/runner/work/_temp/qualified-source", "--ro-bind", "/dev/null", "/usr/bin/c89-gcc", "--ro-bind", "/dev/null", "/usr/bin/c99-gcc", "--ro-bind", "/dev/null", "/usr/bin/make", "--ro-bind", "/dev/null", "/usr/bin/x86_64-linux-gnu-as", "--ro-bind", "/dev/null", "/usr/bin/x86_64-linux-gnu-g++-12", "--ro-bind", "/dev/null", "/usr/bin/x86_64-linux-gnu-g++-13", "--ro-bind", "/dev/null", "/usr/bin/x86_64-linux-gnu-g++-14", "--ro-bind", "/dev/null", "/usr/bin/x86_64-linux-gnu-gcc-12", "--ro-bind", "/dev/null", "/usr/bin/x86_64-linux-gnu-gcc-13", "--ro-bind", "/dev/null", "/usr/bin/x86_64-linux-gnu-gcc-14", "--ro-bind", "/dev/null", "/usr/bin/x86_64-linux-gnu-ld.bfd", "--ro-bind", "/dev/null", "/usr/lib/llvm-16/bin/clang", "--ro-bind", "/dev/null", "/usr/lib/llvm-16/bin/lld", "--ro-bind", "/dev/null", "/usr/lib/llvm-16/bin/llvm-as", "--ro-bind", "/dev/null", "/usr/lib/llvm-17/bin/clang", "--ro-bind", "/dev/null", "/usr/lib/llvm-17/bin/lld", "--ro-bind", "/dev/null", "/usr/lib/llvm-17/bin/llvm-as", "--ro-bind", "/dev/null", "/usr/lib/llvm-18/bin/clang", "--ro-bind", "/dev/null", "/usr/lib/llvm-18/bin/lld", "--ro-bind", "/dev/null", "/usr/lib/llvm-18/bin/llvm-as", "--ro-bind", "/dev/null", "/usr/local/bin/cmake", "--ro-bind", "/dev/null", "/usr/local/bin/ninja", "--cap-add", "CAP_SETUID", "--cap-add", "CAP_SETGID", "--cap-add", "CAP_SETPCAP", "--clearenv", "--setenv", "LANG", "C.UTF-8", "--setenv", "HOME", "/home/runner", "--setenv", "PATH", "/home/runner/work/_temp/.setup-beam/elixir/bin:/home/runner/.mix/escripts:/home/runner/work/_temp/.setup-beam/otp/bin:/opt/hostedtoolcache/Python/3.14.7/x64/bin:/opt/hostedtoolcache/Python/3.14.7/x64:/snap/bin:/home/runner/.local/bin:/opt/pipx_bin:/home/runner/.cargo/bin:/home/runner/.config/composer/vendor/bin:/usr/local/.ghcup/bin:/home/runner/.dotnet/tools:/usr/local/sbin:/usr/local/bin:/usr/sbin:/usr/bin:/sbin:/bin:/usr/games:/usr/local/games:/snap/bin", "--", "/usr/bin/setpriv", "--reuid", "1001", "--regid", "1001", "--clear-groups", "--bounding-set=-all", "--no-new-privs", "--", "/opt/hostedtoolcache/Python/3.14.7/x64/bin/python3", "/home/runner/work/_temp/public-consumer/isolation-check.py"], "cwd": "/home/runner/work/_temp/public-consumer", "exit": 0, "seconds": 0.064}
consumer (ubuntu-24.04, x86_64-linux-gnu)	Prove anonymous package-default installation and offline runtime	2026-09-08T15:18:44.1953780Z UTF-8 runtime filename mode verified
consumer (ubuntu-24.04, x86_64-linux-gnu)	Prove anonymous package-default installation and offline runtime	2026-09-08T15:18:44.2407803Z {"command": ["sudo", "-E", "bwrap", "--die-with-parent", "--unshare-pid", "--ro-bind", "/", "/", "--dev", "/dev", "--proc", "/proc", "--bind", "/home/runner/work/_temp/public-consumer", "/home/runner/work/_temp/public-consumer", "--unshare-net", "--tmpfs", "/home/runner/work/Aphid/Aphid", "--tmpfs", "/home/runner/work/_temp/qualified-source", "--ro-bind", "/dev/null", "/usr/bin/c89-gcc", "--ro-bind", "/dev/null", "/usr/bin/c99-gcc", "--ro-bind", "/dev/null", "/usr/bin/make", "--ro-bind", "/dev/null", "/usr/bin/x86_64-linux-gnu-as", "--ro-bind", "/dev/null", "/usr/bin/x86_64-linux-gnu-g++-12", "--ro-bind", "/dev/null", "/usr/bin/x86_64-linux-gnu-g++-13", "--ro-bind", "/dev/null", "/usr/bin/x86_64-linux-gnu-g++-14", "--ro-bind", "/dev/null", "/usr/bin/x86_64-linux-gnu-gcc-12", "--ro-bind", "/dev/null", "/usr/bin/x86_64-linux-gnu-gcc-13", "--ro-bind", "/dev/null", "/usr/bin/x86_64-linux-gnu-gcc-14", "--ro-bind", "/dev/null", "/usr/bin/x86_64-linux-gnu-ld.bfd", "--ro-bind", "/dev/null", "/usr/lib/llvm-16/bin/clang", "--ro-bind", "/dev/null", "/usr/lib/llvm-16/bin/lld", "--ro-bind", "/dev/null", "/usr/lib/llvm-16/bin/llvm-as", "--ro-bind", "/dev/null", "/usr/lib/llvm-17/bin/clang", "--ro-bind", "/dev/null", "/usr/lib/llvm-17/bin/lld", "--ro-bind", "/dev/null", "/usr/lib/llvm-17/bin/llvm-as", "--ro-bind", "/dev/null", "/usr/lib/llvm-18/bin/clang", "--ro-bind", "/dev/null", "/usr/lib/llvm-18/bin/lld", "--ro-bind", "/dev/null", "/usr/lib/llvm-18/bin/llvm-as", "--ro-bind", "/dev/null", "/usr/local/bin/cmake", "--ro-bind", "/dev/null", "/usr/local/bin/ninja", "--cap-add", "CAP_SETUID", "--cap-add", "CAP_SETGID", "--cap-add", "CAP_SETPCAP", "--clearenv", "--setenv", "LANG", "C.UTF-8", "--setenv", "HOME", "/home/runner", "--setenv", "PATH", "/home/runner/work/_temp/.setup-beam/elixir/bin:/home/runner/.mix/escripts:/home/runner/work/_temp/.setup-beam/otp/bin:/opt/hostedtoolcache/Python/3.14.7/x64/bin:/opt/hostedtoolcache/Python/3.14.7/x64:/snap/bin:/home/runner/.local/bin:/opt/pipx_bin:/home/runner/.cargo/bin:/home/runner/.config/composer/vendor/bin:/usr/local/.ghcup/bin:/home/runner/.dotnet/tools:/usr/local/sbin:/usr/local/bin:/usr/sbin:/usr/bin:/sbin:/bin:/usr/games:/usr/local/games:/snap/bin", "--", "/usr/bin/setpriv", "--reuid", "1001", "--regid", "1001", "--clear-groups", "--bounding-set=-all", "--no-new-privs", "--", "/home/runner/work/_temp/.setup-beam/elixir/bin/elixir", "-e", ":utf8 = :file.native_name_encoding(); IO.puts(\"UTF-8 runtime filename mode verified\")"], "cwd": "/home/runner/work/_temp/public-consumer", "exit": 0, "seconds": 0.317}
consumer (ubuntu-24.04, x86_64-linux-gnu)	Prove anonymous package-default installation and offline runtime	2026-09-08T15:18:45.3025872Z Resolving Hex dependencies...
consumer (ubuntu-24.04, x86_64-linux-gnu)	Prove anonymous package-default installation and offline runtime	2026-09-08T15:18:45.3230338Z Resolution completed in 0.019s
consumer (ubuntu-24.04, x86_64-linux-gnu)	Prove anonymous package-default installation and offline runtime	2026-09-08T15:18:45.3248885Z Unchanged:
consumer (ubuntu-24.04, x86_64-linux-gnu)	Prove anonymous package-default installation and offline runtime	2026-09-08T15:18:45.3249344Z   earmark_parser 1.4.46
consumer (ubuntu-24.04, x86_64-linux-gnu)	Prove anonymous package-default installation and offline runtime	2026-09-08T15:18:45.3256796Z   ex_doc 0.39.1
consumer (ubuntu-24.04, x86_64-linux-gnu)	Prove anonymous package-default installation and offline runtime	2026-09-08T15:18:45.3257314Z   makeup 1.2.2
consumer (ubuntu-24.04, x86_64-linux-gnu)	Prove anonymous package-default installation and offline runtime	2026-09-08T15:18:45.3263827Z   makeup_elixir 1.0.1
consumer (ubuntu-24.04, x86_64-linux-gnu)	Prove anonymous package-default installation and offline runtime	2026-09-08T15:18:45.3264309Z   makeup_erlang 1.1.0
consumer (ubuntu-24.04, x86_64-linux-gnu)	Prove anonymous package-default installation and offline runtime	2026-09-08T15:18:45.3264735Z   nimble_parsec 1.4.2
consumer (ubuntu-24.04, x86_64-linux-gnu)	Prove anonymous package-default installation and offline runtime	2026-09-08T15:18:45.3265129Z   pegasus 0.2.6
consumer (ubuntu-24.04, x86_64-linux-gnu)	Prove anonymous package-default installation and offline runtime	2026-09-08T15:18:45.3265506Z   protoss 1.1.0
consumer (ubuntu-24.04, x86_64-linux-gnu)	Prove anonymous package-default installation and offline runtime	2026-09-08T15:18:45.3265883Z   telemetry 1.4.2
consumer (ubuntu-24.04, x86_64-linux-gnu)	Prove anonymous package-default installation and offline runtime	2026-09-08T15:18:45.3266254Z   zig_doc 0.7.0
consumer (ubuntu-24.04, x86_64-linux-gnu)	Prove anonymous package-default installation and offline runtime	2026-09-08T15:18:45.3266612Z   zig_get 0.16.0
consumer (ubuntu-24.04, x86_64-linux-gnu)	Prove anonymous package-default installation and offline runtime	2026-09-08T15:18:45.3266985Z   zig_parser 0.7.0
consumer (ubuntu-24.04, x86_64-linux-gnu)	Prove anonymous package-default installation and offline runtime	2026-09-08T15:18:45.3267355Z   zigler 0.16.0
consumer (ubuntu-24.04, x86_64-linux-gnu)	Prove anonymous package-default installation and offline runtime	2026-09-08T15:18:45.3298208Z * Getting zigler (Hex package)
consumer (ubuntu-24.04, x86_64-linux-gnu)	Prove anonymous package-default installation and offline runtime	2026-09-08T15:18:45.4110423Z * Getting telemetry (Hex package)
consumer (ubuntu-24.04, x86_64-linux-gnu)	Prove anonymous package-default installation and offline runtime	2026-09-08T15:18:45.4669072Z * creating /home/runner/work/_temp/public-consumer/mix-home/elixir/1-20-otp-29/rebar3
consumer (ubuntu-24.04, x86_64-linux-gnu)	Prove anonymous package-default installation and offline runtime	2026-09-08T15:18:45.4676754Z * Getting protoss (Hex package)
consumer (ubuntu-24.04, x86_64-linux-gnu)	Prove anonymous package-default installation and offline runtime	2026-09-08T15:18:45.4722514Z * Getting zig_doc (Hex package)
consumer (ubuntu-24.04, x86_64-linux-gnu)	Prove anonymous package-default installation and offline runtime	2026-09-08T15:18:45.4790741Z * Getting zig_get (Hex package)
consumer (ubuntu-24.04, x86_64-linux-gnu)	Prove anonymous package-default installation and offline runtime	2026-09-08T15:18:45.4832702Z * Getting zig_parser (Hex package)
consumer (ubuntu-24.04, x86_64-linux-gnu)	Prove anonymous package-default installation and offline runtime	2026-09-08T15:18:45.5031634Z * Getting pegasus (Hex package)
consumer (ubuntu-24.04, x86_64-linux-gnu)	Prove anonymous package-default installation and offline runtime	2026-09-08T15:18:45.5758324Z * Getting nimble_parsec (Hex package)
consumer (ubuntu-24.04, x86_64-linux-gnu)	Prove anonymous package-default installation and offline runtime	2026-09-08T15:18:45.5846845Z * Getting ex_doc (Hex package)
consumer (ubuntu-24.04, x86_64-linux-gnu)	Prove anonymous package-default installation and offline runtime	2026-09-08T15:18:45.6299015Z * Getting earmark_parser (Hex package)
consumer (ubuntu-24.04, x86_64-linux-gnu)	Prove anonymous package-default installation and offline runtime	2026-09-08T15:18:45.6488426Z * Getting makeup_elixir (Hex package)
consumer (ubuntu-24.04, x86_64-linux-gnu)	Prove anonymous package-default installation and offline runtime	2026-09-08T15:18:45.6576871Z * Getting makeup_erlang (Hex package)
consumer (ubuntu-24.04, x86_64-linux-gnu)	Prove anonymous package-default installation and offline runtime	2026-09-08T15:18:45.6674437Z * Getting makeup (Hex package)
consumer (ubuntu-24.04, x86_64-linux-gnu)	Prove anonymous package-default installation and offline runtime	2026-09-08T15:18:45.7151978Z {"command": ["sudo", "-E", "bwrap", "--die-with-parent", "--unshare-pid", "--ro-bind", "/", "/", "--dev", "/dev", "--proc", "/proc", "--bind", "/home/runner/work/_temp/public-consumer", "/home/runner/work/_temp/public-consumer", "--tmpfs", "/home/runner/work/Aphid/Aphid", "--tmpfs", "/home/runner/work/_temp/qualified-source", "--ro-bind", "/dev/null", "/usr/bin/c89-gcc", "--ro-bind", "/dev/null", "/usr/bin/c99-gcc", "--ro-bind", "/dev/null", "/usr/bin/make", "--ro-bind", "/dev/null", "/usr/bin/x86_64-linux-gnu-as", "--ro-bind", "/dev/null", "/usr/bin/x86_64-linux-gnu-g++-12", "--ro-bind", "/dev/null", "/usr/bin/x86_64-linux-gnu-g++-13", "--ro-bind", "/dev/null", "/usr/bin/x86_64-linux-gnu-g++-14", "--ro-bind", "/dev/null", "/usr/bin/x86_64-linux-gnu-gcc-12", "--ro-bind", "/dev/null", "/usr/bin/x86_64-linux-gnu-gcc-13", "--ro-bind", "/dev/null", "/usr/bin/x86_64-linux-gnu-gcc-14", "--ro-bind", "/dev/null", "/usr/bin/x86_64-linux-gnu-ld.bfd", "--ro-bind", "/dev/null", "/usr/lib/llvm-16/bin/clang", "--ro-bind", "/dev/null", "/usr/lib/llvm-16/bin/lld", "--ro-bind", "/dev/null", "/usr/lib/llvm-16/bin/llvm-as", "--ro-bind", "/dev/null", "/usr/lib/llvm-17/bin/clang", "--ro-bind", "/dev/null", "/usr/lib/llvm-17/bin/lld", "--ro-bind", "/dev/null", "/usr/lib/llvm-17/bin/llvm-as", "--ro-bind", "/dev/null", "/usr/lib/llvm-18/bin/clang", "--ro-bind", "/dev/null", "/usr/lib/llvm-18/bin/lld", "--ro-bind", "/dev/null", "/usr/lib/llvm-18/bin/llvm-as", "--ro-bind", "/dev/null", "/usr/local/bin/cmake", "--ro-bind", "/dev/null", "/usr/local/bin/ninja", "--cap-add", "CAP_SETUID", "--cap-add", "CAP_SETGID", "--cap-add", "CAP_SETPCAP", "--clearenv", "--setenv", "LANG", "C.UTF-8", "--setenv", "HOME", "/home/runner/work/_temp/public-consumer/home", "--setenv", "PATH", "/home/runner/work/_temp/public-consumer/tools:/home/runner/work/_temp/.setup-beam/elixir/bin:/home/runner/work/_temp/.setup-beam/elixir/bin:/home/runner/work/_temp/.setup-beam/otp/bin:/usr/bin:/bin:/usr/sbin:/sbin", "--setenv", "MIX_HOME", "/home/runner/work/_temp/public-consumer/mix-home", "--setenv", "HEX_HOME", "/home/runner/work/_temp/public-consumer/hex-home", "--setenv", "MIX_ENV", "prod", "--setenv", "ZIG_EXECUTABLE_PATH", "/home/runner/work/_temp/public-consumer/tools/zig", "--setenv", "ZIG_GLOBAL_CACHE_DIR", "/home/runner/work/_temp/public-consumer/zig-cache", "--setenv", "ZIGLER_STAGING_ROOT", "/home/runner/work/_temp/public-consumer/staging", "--setenv", "ERL_FLAGS", "+S 1:1 +SDcpu 1:1", "--setenv", "TMPDIR", "/home/runner/work/_temp/public-consumer/tmp", "--", "/usr/bin/setpriv", "--reuid", "1001", "--regid", "1001", "--clear-groups", "--bounding-set=-all", "--no-new-privs", "--", "mix", "deps.get", "--check-locked"], "cwd": "/home/runner/work/_temp/public-consumer/consumer", "exit": 0, "seconds": 1.417}
consumer (ubuntu-24.04, x86_64-linux-gnu)	Prove anonymous package-default installation and offline runtime	2026-09-08T15:18:45.7161986Z Normal Hex acquisition verified: 13 locked archives; dependency acquisition complete
consumer (ubuntu-24.04, x86_64-linux-gnu)	Prove anonymous package-default installation and offline runtime	2026-09-08T15:18:46.3703011Z ==> earmark_parser
consumer (ubuntu-24.04, x86_64-linux-gnu)	Prove anonymous package-default installation and offline runtime	2026-09-08T15:18:46.3715017Z Compiling 2 files (.xrl)
consumer (ubuntu-24.04, x86_64-linux-gnu)	Prove anonymous package-default installation and offline runtime	2026-09-08T15:18:46.4088035Z Compiling 1 file (.yrl)
consumer (ubuntu-24.04, x86_64-linux-gnu)	Prove anonymous package-default installation and offline runtime	2026-09-08T15:18:46.4445406Z Compiling 3 files (.erl)
consumer (ubuntu-24.04, x86_64-linux-gnu)	Prove anonymous package-default installation and offline runtime	2026-09-08T15:18:46.7392579Z Compiling 32 files (.ex)
consumer (ubuntu-24.04, x86_64-linux-gnu)	Prove anonymous package-default installation and offline runtime	2026-09-08T15:18:47.9597120Z Generated earmark_parser app
consumer (ubuntu-24.04, x86_64-linux-gnu)	Prove anonymous package-default installation and offline runtime	2026-09-08T15:18:47.9740961Z ==> protoss
consumer (ubuntu-24.04, x86_64-linux-gnu)	Prove anonymous package-default installation and offline runtime	2026-09-08T15:18:47.9741630Z Compiling 1 file (.ex)
consumer (ubuntu-24.04, x86_64-linux-gnu)	Prove anonymous package-default installation and offline runtime	2026-09-08T15:18:48.0306207Z Generated protoss app
consumer (ubuntu-24.04, x86_64-linux-gnu)	Prove anonymous package-default installation and offline runtime	2026-09-08T15:18:48.0546917Z ==> zig_get
consumer (ubuntu-24.04, x86_64-linux-gnu)	Prove anonymous package-default installation and offline runtime	2026-09-08T15:18:48.0547810Z Compiling 1 file (.ex)
consumer (ubuntu-24.04, x86_64-linux-gnu)	Prove anonymous package-default installation and offline runtime	2026-09-08T15:18:48.1416564Z Generated zig_get app
consumer (ubuntu-24.04, x86_64-linux-gnu)	Prove anonymous package-default installation and offline runtime	2026-09-08T15:18:48.1579601Z ==> nimble_parsec
consumer (ubuntu-24.04, x86_64-linux-gnu)	Prove anonymous package-default installation and offline runtime	2026-09-08T15:18:48.1580584Z Compiling 4 files (.ex)
consumer (ubuntu-24.04, x86_64-linux-gnu)	Prove anonymous package-default installation and offline runtime	2026-09-08T15:18:48.6404988Z Generated nimble_parsec app
consumer (ubuntu-24.04, x86_64-linux-gnu)	Prove anonymous package-default installation and offline runtime	2026-09-08T15:18:48.6523240Z ==> pegasus
consumer (ubuntu-24.04, x86_64-linux-gnu)	Prove anonymous package-default installation and offline runtime	2026-09-08T15:18:48.6523870Z Compiling 11 files (.ex)
consumer (ubuntu-24.04, x86_64-linux-gnu)	Prove anonymous package-default installation and offline runtime	2026-09-08T15:18:50.8054256Z Generated pegasus app
consumer (ubuntu-24.04, x86_64-linux-gnu)	Prove anonymous package-default installation and offline runtime	2026-09-08T15:18:50.8194895Z ==> zig_parser
consumer (ubuntu-24.04, x86_64-linux-gnu)	Prove anonymous package-default installation and offline runtime	2026-09-08T15:18:50.8195560Z Compiling 37 files (.ex)
consumer (ubuntu-24.04, x86_64-linux-gnu)	Prove anonymous package-default installation and offline runtime	2026-09-08T15:18:55.6161367Z     warning: incompatible types given to Map.replace!/3:
consumer (ubuntu-24.04, x86_64-linux-gnu)	Prove anonymous package-default installation and offline runtime	2026-09-08T15:18:55.6162145Z 
consumer (ubuntu-24.04, x86_64-linux-gnu)	Prove anonymous package-default installation and offline runtime	2026-09-08T15:18:55.6162776Z         Map.replace!(parse(args), :doc_comment, comment)
consumer (ubuntu-24.04, x86_64-linux-gnu)	Prove anonymous package-default installation and offline runtime	2026-09-08T15:18:55.6163783Z 
consumer (ubuntu-24.04, x86_64-linux-gnu)	Prove anonymous package-default installation and offline runtime	2026-09-08T15:18:55.6164204Z     the map:
consumer (ubuntu-24.04, x86_64-linux-gnu)	Prove anonymous package-default installation and offline runtime	2026-09-08T15:18:55.6164636Z 
consumer (ubuntu-24.04, x86_64-linux-gnu)	Prove anonymous package-default installation and offline runtime	2026-09-08T15:18:55.6165106Z         dynamic(%Zig.Parser.Test{block: %Zig.Parser.Block{}, location: nil})
consumer (ubuntu-24.04, x86_64-linux-gnu)	Prove anonymous package-default installation and offline runtime	2026-09-08T15:18:55.6165667Z 
consumer (ubuntu-24.04, x86_64-linux-gnu)	Prove anonymous package-default installation and offline runtime	2026-09-08T15:18:55.6165863Z     does not have all required keys:
consumer (ubuntu-24.04, x86_64-linux-gnu)	Prove anonymous package-default installation and offline runtime	2026-09-08T15:18:55.6166184Z 
consumer (ubuntu-24.04, x86_64-linux-gnu)	Prove anonymous package-default installation and offline runtime	2026-09-08T15:18:55.6166343Z         :doc_comment
consumer (ubuntu-24.04, x86_64-linux-gnu)	Prove anonymous package-default installation and offline runtime	2026-09-08T15:18:55.6166572Z 
consumer (ubuntu-24.04, x86_64-linux-gnu)	Prove anonymous package-default installation and offline runtime	2026-09-08T15:18:55.6166775Z     therefore this function will always raise
consumer (ubuntu-24.04, x86_64-linux-gnu)	Prove anonymous package-default installation and offline runtime	2026-09-08T15:18:55.6167138Z 
consumer (ubuntu-24.04, x86_64-linux-gnu)	Prove anonymous package-default installation and offline runtime	2026-09-08T15:18:55.6167640Z     where "args" was given the type:
consumer (ubuntu-24.04, x86_64-linux-gnu)	Prove anonymous package-default installation and offline runtime	2026-09-08T15:18:55.6167941Z 
consumer (ubuntu-24.04, x86_64-linux-gnu)	Prove anonymous package-default installation and offline runtime	2026-09-08T15:18:55.6168151Z         # type: dynamic(non_empty_list(term()))
consumer (ubuntu-24.04, x86_64-linux-gnu)	Prove anonymous package-default installation and offline runtime	2026-09-08T15:18:55.6168691Z         # from: lib/zig.parser/test.ex:16:10
consumer (ubuntu-24.04, x86_64-linux-gnu)	Prove anonymous package-default installation and offline runtime	2026-09-08T15:18:55.6169168Z         parse(args)
consumer (ubuntu-24.04, x86_64-linux-gnu)	Prove anonymous package-default installation and offline runtime	2026-09-08T15:18:55.6169384Z 
consumer (ubuntu-24.04, x86_64-linux-gnu)	Prove anonymous package-default installation and offline runtime	2026-09-08T15:18:55.6169564Z     where "comment" was given the type:
consumer (ubuntu-24.04, x86_64-linux-gnu)	Prove anonymous package-default installation and offline runtime	2026-09-08T15:18:55.6169889Z 
consumer (ubuntu-24.04, x86_64-linux-gnu)	Prove anonymous package-default installation and offline runtime	2026-09-08T15:18:55.6170272Z         # type: dynamic()
consumer (ubuntu-24.04, x86_64-linux-gnu)	Prove anonymous package-default installation and offline runtime	2026-09-08T15:18:55.6170697Z         # from: lib/zig.parser/test.ex
consumer (ubuntu-24.04, x86_64-linux-gnu)	Prove anonymous package-default installation and offline runtime	2026-09-08T15:18:55.6171299Z         [{:TestDecl, [start, {:doc_comment, comment} | args]} | rest_args]
consumer (ubuntu-24.04, x86_64-linux-gnu)	Prove anonymous package-default installation and offline runtime	2026-09-08T15:18:55.6171777Z 
consumer (ubuntu-24.04, x86_64-linux-gnu)	Prove anonymous package-default installation and offline runtime	2026-09-08T15:18:55.6171947Z     type warning found at:
consumer (ubuntu-24.04, x86_64-linux-gnu)	Prove anonymous package-default installation and offline runtime	2026-09-08T15:18:55.6172532Z     │
consumer (ubuntu-24.04, x86_64-linux-gnu)	Prove anonymous package-default installation and offline runtime	2026-09-08T15:18:55.6173027Z  17 │       |> Map.replace!(:doc_comment, comment)
consumer (ubuntu-24.04, x86_64-linux-gnu)	Prove anonymous package-default installation and offline runtime	2026-09-08T15:18:55.6173585Z     │              ~
consumer (ubuntu-24.04, x86_64-linux-gnu)	Prove anonymous package-default installation and offline runtime	2026-09-08T15:18:55.6173952Z     │
consumer (ubuntu-24.04, x86_64-linux-gnu)	Prove anonymous package-default installation and offline runtime	2026-09-08T15:18:55.6174538Z     └─ lib/zig.parser/test.ex:17:14: Zig.Parser.Test.post_traverse/5
consumer (ubuntu-24.04, x86_64-linux-gnu)	Prove anonymous package-default installation and offline runtime	2026-09-08T15:18:55.6175050Z 
consumer (ubuntu-24.04, x86_64-linux-gnu)	Prove anonymous package-default installation and offline runtime	2026-09-08T15:18:55.9194652Z Generated zig_parser app
consumer (ubuntu-24.04, x86_64-linux-gnu)	Prove anonymous package-default installation and offline runtime	2026-09-08T15:18:55.9388318Z ==> makeup
consumer (ubuntu-24.04, x86_64-linux-gnu)	Prove anonymous package-default installation and offline runtime	2026-09-08T15:18:55.9389271Z Compiling 15 files (.ex)
consumer (ubuntu-24.04, x86_64-linux-gnu)	Prove anonymous package-default installation and offline runtime	2026-09-08T15:18:56.4487926Z Generated makeup app
consumer (ubuntu-24.04, x86_64-linux-gnu)	Prove anonymous package-default installation and offline runtime	2026-09-08T15:18:56.4658075Z ==> makeup_elixir
consumer (ubuntu-24.04, x86_64-linux-gnu)	Prove anonymous package-default installation and offline runtime	2026-09-08T15:18:56.4658579Z Compiling 6 files (.ex)
consumer (ubuntu-24.04, x86_64-linux-gnu)	Prove anonymous package-default installation and offline runtime	2026-09-08T15:19:07.1006428Z Generated makeup_elixir app
consumer (ubuntu-24.04, x86_64-linux-gnu)	Prove anonymous package-default installation and offline runtime	2026-09-08T15:19:07.1187995Z ==> makeup_erlang
consumer (ubuntu-24.04, x86_64-linux-gnu)	Prove anonymous package-default installation and offline runtime	2026-09-08T15:19:07.1188498Z Compiling 4 files (.ex)
consumer (ubuntu-24.04, x86_64-linux-gnu)	Prove anonymous package-default installation and offline runtime	2026-09-08T15:19:17.3286755Z Generated makeup_erlang app
consumer (ubuntu-24.04, x86_64-linux-gnu)	Prove anonymous package-default installation and offline runtime	2026-09-08T15:19:17.3571176Z ==> ex_doc
consumer (ubuntu-24.04, x86_64-linux-gnu)	Prove anonymous package-default installation and offline runtime	2026-09-08T15:19:17.3571647Z Compiling 27 files (.ex)
consumer (ubuntu-24.04, x86_64-linux-gnu)	Prove anonymous package-default installation and offline runtime	2026-09-08T15:19:19.3182667Z      warning: this clause of defp favicon_path/1 is never used (or it will always fail/warn when invoked)
consumer (ubuntu-24.04, x86_64-linux-gnu)	Prove anonymous package-default installation and offline runtime	2026-09-08T15:19:19.3184254Z      │
consumer (ubuntu-24.04, x86_64-linux-gnu)	Prove anonymous package-default installation and offline runtime	2026-09-08T15:19:19.3185242Z  153 │   defp favicon_path(%{favicon: nil}), do: nil
consumer (ubuntu-24.04, x86_64-linux-gnu)	Prove anonymous package-default installation and offline runtime	2026-09-08T15:19:19.3186180Z      │        ~
consumer (ubuntu-24.04, x86_64-linux-gnu)	Prove anonymous package-default installation and offline runtime	2026-09-08T15:19:19.3186939Z      │
consumer (ubuntu-24.04, x86_64-linux-gnu)	Prove anonymous package-default installation and offline runtime	2026-09-08T15:19:19.3188432Z      └─ lib/ex_doc/formatter/html/templates.ex:153:8: ExDoc.Formatter.HTML.Templates.favicon_path/1
consumer (ubuntu-24.04, x86_64-linux-gnu)	Prove anonymous package-default installation and offline runtime	2026-09-08T15:19:19.3189445Z 
consumer (ubuntu-24.04, x86_64-linux-gnu)	Prove anonymous package-default installation and offline runtime	2026-09-08T15:19:19.3190753Z      warning: the following clause cannot match because the previous clauses already matched all possible values:
consumer (ubuntu-24.04, x86_64-linux-gnu)	Prove anonymous package-default installation and offline runtime	2026-09-08T15:19:19.3191540Z 
consumer (ubuntu-24.04, x86_64-linux-gnu)	Prove anonymous package-default installation and offline runtime	2026-09-08T15:19:19.3192028Z          _ ->
consumer (ubuntu-24.04, x86_64-linux-gnu)	Prove anonymous package-default installation and offline runtime	2026-09-08T15:19:19.3192257Z 
consumer (ubuntu-24.04, x86_64-linux-gnu)	Prove anonymous package-default installation and offline runtime	2026-09-08T15:19:19.3248864Z      it attempts to match on the result of:
consumer (ubuntu-24.04, x86_64-linux-gnu)	Prove anonymous package-default installation and offline runtime	2026-09-08T15:19:19.3249281Z 
consumer (ubuntu-24.04, x86_64-linux-gnu)	Prove anonymous package-default installation and offline runtime	2026-09-08T15:19:19.3249457Z          result
consumer (ubuntu-24.04, x86_64-linux-gnu)	Prove anonymous package-default installation and offline runtime	2026-09-08T15:19:19.3249661Z 
consumer (ubuntu-24.04, x86_64-linux-gnu)	Prove anonymous package-default installation and offline runtime	2026-09-08T15:19:19.3249859Z      which has the already matched type:
consumer (ubuntu-24.04, x86_64-linux-gnu)	Prove anonymous package-default installation and offline runtime	2026-09-08T15:19:19.3250401Z 
consumer (ubuntu-24.04, x86_64-linux-gnu)	Prove anonymous package-default installation and offline runtime	2026-09-08T15:19:19.3250783Z          dynamic({:docs_v1, term(), term(), term(), term(), term(), term()} or {:error, term()})
consumer (ubuntu-24.04, x86_64-linux-gnu)	Prove anonymous package-default installation and offline runtime	2026-09-08T15:19:19.3251317Z 
consumer (ubuntu-24.04, x86_64-linux-gnu)	Prove anonymous package-default installation and offline runtime	2026-09-08T15:19:19.3251480Z      type warning found at:
consumer (ubuntu-24.04, x86_64-linux-gnu)	Prove anonymous package-default installation and offline runtime	2026-09-08T15:19:19.3251944Z      │
consumer (ubuntu-24.04, x86_64-linux-gnu)	Prove anonymous package-default installation and offline runtime	2026-09-08T15:19:19.3252304Z  124 │       _ ->
consumer (ubuntu-24.04, x86_64-linux-gnu)	Prove anonymous package-default installation and offline runtime	2026-09-08T15:19:19.3252725Z      │         ~
consumer (ubuntu-24.04, x86_64-linux-gnu)	Prove anonymous package-default installation and offline runtime	2026-09-08T15:19:19.3253077Z      │
consumer (ubuntu-24.04, x86_64-linux-gnu)	Prove anonymous package-default installation and offline runtime	2026-09-08T15:19:19.3254070Z      └─ lib/ex_doc/retriever.ex:124:9: ExDoc.Retriever.docs_chunk/1
consumer (ubuntu-24.04, x86_64-linux-gnu)	Prove anonymous package-default installation and offline runtime	2026-09-08T15:19:19.3254544Z 
consumer (ubuntu-24.04, x86_64-linux-gnu)	Prove anonymous package-default installation and offline runtime	2026-09-08T15:19:19.3265365Z      warning: this clause of defp logo_path/1 is never used (or it will always fail/warn when invoked)
consumer (ubuntu-24.04, x86_64-linux-gnu)	Prove anonymous package-default installation and offline runtime	2026-09-08T15:19:19.3266243Z      │
consumer (ubuntu-24.04, x86_64-linux-gnu)	Prove anonymous package-default installation and offline runtime	2026-09-08T15:19:19.3266729Z  156 │   defp logo_path(%{logo: nil}), do: nil
consumer (ubuntu-24.04, x86_64-linux-gnu)	Prove anonymous package-default installation and offline runtime	2026-09-08T15:19:19.3267187Z      │        ~
consumer (ubuntu-24.04, x86_64-linux-gnu)	Prove anonymous package-default installation and offline runtime	2026-09-08T15:19:19.3267408Z      │
consumer (ubuntu-24.04, x86_64-linux-gnu)	Prove anonymous package-default installation and offline runtime	2026-09-08T15:19:19.3267881Z      └─ lib/ex_doc/formatter/html/templates.ex:156:8: ExDoc.Formatter.HTML.Templates.logo_path/1
consumer (ubuntu-24.04, x86_64-linux-gnu)	Prove anonymous package-default installation and offline runtime	2026-09-08T15:19:19.3268281Z 
consumer (ubuntu-24.04, x86_64-linux-gnu)	Prove anonymous package-default installation and offline runtime	2026-09-08T15:19:19.3347811Z      warning: the following clause will never match:
consumer (ubuntu-24.04, x86_64-linux-gnu)	Prove anonymous package-default installation and offline runtime	2026-09-08T15:19:19.3348389Z 
consumer (ubuntu-24.04, x86_64-linux-gnu)	Prove anonymous package-default installation and offline runtime	2026-09-08T15:19:19.3348794Z          nil ->
consumer (ubuntu-24.04, x86_64-linux-gnu)	Prove anonymous package-default installation and offline runtime	2026-09-08T15:19:19.3349057Z 
consumer (ubuntu-24.04, x86_64-linux-gnu)	Prove anonymous package-default installation and offline runtime	2026-09-08T15:19:19.3349322Z      because it attempts to match on the result of:
consumer (ubuntu-24.04, x86_64-linux-gnu)	Prove anonymous package-default installation and offline runtime	2026-09-08T15:19:19.3349705Z 
consumer (ubuntu-24.04, x86_64-linux-gnu)	Prove anonymous package-default installation and offline runtime	2026-09-08T15:19:19.3350277Z          ExDoc.Language.Source.fetch_type!(module_data, name, arity)
consumer (ubuntu-24.04, x86_64-linux-gnu)	Prove anonymous package-default installation and offline runtime	2026-09-08T15:19:19.3351165Z 
consumer (ubuntu-24.04, x86_64-linux-gnu)	Prove anonymous package-default installation and offline runtime	2026-09-08T15:19:19.3351386Z      which has type:
consumer (ubuntu-24.04, x86_64-linux-gnu)	Prove anonymous package-default installation and offline runtime	2026-09-08T15:19:19.3351643Z 
consumer (ubuntu-24.04, x86_64-linux-gnu)	Prove anonymous package-default installation and offline runtime	2026-09-08T15:19:19.3351843Z          dynamic(not false and not nil)
consumer (ubuntu-24.04, x86_64-linux-gnu)	Prove anonymous package-default installation and offline runtime	2026-09-08T15:19:19.3352190Z 
consumer (ubuntu-24.04, x86_64-linux-gnu)	Prove anonymous package-default installation and offline runtime	2026-09-08T15:19:19.3352380Z      type warning found at:
consumer (ubuntu-24.04, x86_64-linux-gnu)	Prove anonymous package-default installation and offline runtime	2026-09-08T15:19:19.3352887Z      │
consumer (ubuntu-24.04, x86_64-linux-gnu)	Prove anonymous package-default installation and offline runtime	2026-09-08T15:19:19.3353328Z  150 │         nil ->
consumer (ubuntu-24.04, x86_64-linux-gnu)	Prove anonymous package-default installation and offline runtime	2026-09-08T15:19:19.3353794Z      │         ~~~~~~
consumer (ubuntu-24.04, x86_64-linux-gnu)	Prove anonymous package-default installation and offline runtime	2026-09-08T15:19:19.3354171Z      │
consumer (ubuntu-24.04, x86_64-linux-gnu)	Prove anonymous package-default installation and offline runtime	2026-09-08T15:19:19.3354832Z      └─ lib/ex_doc/language/erlang.ex:150: ExDoc.Language.Erlang.type_data/6
consumer (ubuntu-24.04, x86_64-linux-gnu)	Prove anonymous package-default installation and offline runtime	2026-09-08T15:19:19.3355393Z 
consumer (ubuntu-24.04, x86_64-linux-gnu)	Prove anonymous package-default installation and offline runtime	2026-09-08T15:19:19.3551117Z      warning: the following clause is redundant:
consumer (ubuntu-24.04, x86_64-linux-gnu)	Prove anonymous package-default installation and offline runtime	2026-09-08T15:19:19.3551524Z 
consumer (ubuntu-24.04, x86_64-linux-gnu)	Prove anonymous package-default installation and offline runtime	2026-09-08T15:19:19.3551707Z          defp to_var({:<<>>, _, _}, _)
consumer (ubuntu-24.04, x86_64-linux-gnu)	Prove anonymous package-default installation and offline runtime	2026-09-08T15:19:19.3552011Z 
consumer (ubuntu-24.04, x86_64-linux-gnu)	Prove anonymous package-default installation and offline runtime	2026-09-08T15:19:19.3552173Z      it has type:
consumer (ubuntu-24.04, x86_64-linux-gnu)	Prove anonymous package-default installation and offline runtime	2026-09-08T15:19:19.3552383Z 
consumer (ubuntu-24.04, x86_64-linux-gnu)	Prove anonymous package-default installation and offline runtime	2026-09-08T15:19:19.3552620Z          dynamic({:<<>>, term(), term()}), dynamic()
consumer (ubuntu-24.04, x86_64-linux-gnu)	Prove anonymous package-default installation and offline runtime	2026-09-08T15:19:19.3553000Z 
consumer (ubuntu-24.04, x86_64-linux-gnu)	Prove anonymous package-default installation and offline runtime	2026-09-08T15:19:19.3553357Z      previous clauses have already matched on the following types:
consumer (ubuntu-24.04, x86_64-linux-gnu)	Prove anonymous package-default installation and offline runtime	2026-09-08T15:19:19.3553911Z 
consumer (ubuntu-24.04, x86_64-linux-gnu)	Prove anonymous package-default installation and offline runtime	2026-09-08T15:19:19.3554111Z          {:%{}, term(), term()}, term()
consumer (ubuntu-24.04, x86_64-linux-gnu)	Prove anonymous package-default installation and offline runtime	2026-09-08T15:19:19.3554633Z          {atom(), term(), term()}, term()
consumer (ubuntu-24.04, x86_64-linux-gnu)	Prove anonymous package-default installation and offline runtime	2026-09-08T15:19:19.3554983Z 
consumer (ubuntu-24.04, x86_64-linux-gnu)	Prove anonymous package-default installation and offline runtime	2026-09-08T15:19:19.3555227Z      │
consumer (ubuntu-24.04, x86_64-linux-gnu)	Prove anonymous package-default installation and offline runtime	2026-09-08T15:19:19.3555827Z  569 │   defp to_var({:<<>>, _, _}, _), do: {:binary, [], nil}
consumer (ubuntu-24.04, x86_64-linux-gnu)	Prove anonymous package-default installation and offline runtime	2026-09-08T15:19:19.3556483Z      │        ~
consumer (ubuntu-24.04, x86_64-linux-gnu)	Prove anonymous package-default installation and offline runtime	2026-09-08T15:19:19.3556893Z      │
consumer (ubuntu-24.04, x86_64-linux-gnu)	Prove anonymous package-default installation and offline runtime	2026-09-08T15:19:19.3557581Z      └─ lib/ex_doc/language/elixir.ex:569:8: ExDoc.Language.Elixir.to_var/2
consumer (ubuntu-24.04, x86_64-linux-gnu)	Prove anonymous package-default installation and offline runtime	2026-09-08T15:19:19.3558111Z 
consumer (ubuntu-24.04, x86_64-linux-gnu)	Prove anonymous package-default installation and offline runtime	2026-09-08T15:19:19.3614056Z      warning: the following clause is redundant:
consumer (ubuntu-24.04, x86_64-linux-gnu)	Prove anonymous package-default installation and offline runtime	2026-09-08T15:19:19.3614509Z 
consumer (ubuntu-24.04, x86_64-linux-gnu)	Prove anonymous package-default installation and offline runtime	2026-09-08T15:19:19.3614724Z          defp to_var({:{}, _, _}, _)
consumer (ubuntu-24.04, x86_64-linux-gnu)	Prove anonymous package-default installation and offline runtime	2026-09-08T15:19:19.3615049Z 
consumer (ubuntu-24.04, x86_64-linux-gnu)	Prove anonymous package-default installation and offline runtime	2026-09-08T15:19:19.3615225Z      it has type:
consumer (ubuntu-24.04, x86_64-linux-gnu)	Prove anonymous package-default installation and offline runtime	2026-09-08T15:19:19.3615459Z 
consumer (ubuntu-24.04, x86_64-linux-gnu)	Prove anonymous package-default installation and offline runtime	2026-09-08T15:19:19.3615697Z          dynamic({:{}, term(), term()}), dynamic()
consumer (ubuntu-24.04, x86_64-linux-gnu)	Prove anonymous package-default installation and offline runtime	2026-09-08T15:19:19.3616078Z 
consumer (ubuntu-24.04, x86_64-linux-gnu)	Prove anonymous package-default installation and offline runtime	2026-09-08T15:19:19.3616412Z      previous clauses have already matched on the following types:
consumer (ubuntu-24.04, x86_64-linux-gnu)	Prove anonymous package-default installation and offline runtime	2026-09-08T15:19:19.3616946Z 
consumer (ubuntu-24.04, x86_64-linux-gnu)	Prove anonymous package-default installation and offline runtime	2026-09-08T15:19:19.3617149Z          {:%{}, term(), term()}, term()
consumer (ubuntu-24.04, x86_64-linux-gnu)	Prove anonymous package-default installation and offline runtime	2026-09-08T15:19:19.3617808Z          {atom(), term(), term()}, term()
consumer (ubuntu-24.04, x86_64-linux-gnu)	Prove anonymous package-default installation and offline runtime	2026-09-08T15:19:19.3618237Z 
consumer (ubuntu-24.04, x86_64-linux-gnu)	Prove anonymous package-default installation and offline runtime	2026-09-08T15:19:19.3618660Z      │
consumer (ubuntu-24.04, x86_64-linux-gnu)	Prove anonymous package-default installation and offline runtime	2026-09-08T15:19:19.3619253Z  570 │   defp to_var({:{}, _, _}, _), do: {:tuple, [], nil}
consumer (ubuntu-24.04, x86_64-linux-gnu)	Prove anonymous package-default installation and offline runtime	2026-09-08T15:19:19.3619874Z      │        ~
consumer (ubuntu-24.04, x86_64-linux-gnu)	Prove anonymous package-default installation and offline runtime	2026-09-08T15:19:19.3620485Z      │
consumer (ubuntu-24.04, x86_64-linux-gnu)	Prove anonymous package-default installation and offline runtime	2026-09-08T15:19:19.3621180Z      └─ lib/ex_doc/language/elixir.ex:570:8: ExDoc.Language.Elixir.to_var/2
consumer (ubuntu-24.04, x86_64-linux-gnu)	Prove anonymous package-default installation and offline runtime	2026-09-08T15:19:19.3621728Z 
consumer (ubuntu-24.04, x86_64-linux-gnu)	Prove anonymous package-default installation and offline runtime	2026-09-08T15:19:19.3634267Z      warning: the following clause is redundant:
consumer (ubuntu-24.04, x86_64-linux-gnu)	Prove anonymous package-default installation and offline runtime	2026-09-08T15:19:19.3634732Z 
consumer (ubuntu-24.04, x86_64-linux-gnu)	Prove anonymous package-default installation and offline runtime	2026-09-08T15:19:19.3635088Z          defp to_var(float, _) when is_integer(float)
consumer (ubuntu-24.04, x86_64-linux-gnu)	Prove anonymous package-default installation and offline runtime	2026-09-08T15:19:19.3635437Z 
consumer (ubuntu-24.04, x86_64-linux-gnu)	Prove anonymous package-default installation and offline runtime	2026-09-08T15:19:19.3635592Z      it has type:
consumer (ubuntu-24.04, x86_64-linux-gnu)	Prove anonymous package-default installation and offline runtime	2026-09-08T15:19:19.3635888Z 
consumer (ubuntu-24.04, x86_64-linux-gnu)	Prove anonymous package-default installation and offline runtime	2026-09-08T15:19:19.3636180Z          integer(), dynamic()
consumer (ubuntu-24.04, x86_64-linux-gnu)	Prove anonymous package-default installation and offline runtime	2026-09-08T15:19:19.3636440Z 
consumer (ubuntu-24.04, x86_64-linux-gnu)	Prove anonymous package-default installation and offline runtime	2026-09-08T15:19:19.3636737Z      previous clauses have already matched on the following types:
consumer (ubuntu-24.04, x86_64-linux-gnu)	Prove anonymous package-default installation and offline runtime	2026-09-08T15:19:19.3637606Z 
consumer (ubuntu-24.04, x86_64-linux-gnu)	Prove anonymous package-default installation and offline runtime	2026-09-08T15:19:19.3637941Z          {:%{}, term(), term()}, term()
consumer (ubuntu-24.04, x86_64-linux-gnu)	Prove anonymous package-default installation and offline runtime	2026-09-08T15:19:19.3638479Z          {atom(), term(), term()}, term()
consumer (ubuntu-24.04, x86_64-linux-gnu)	Prove anonymous package-default installation and offline runtime	2026-09-08T15:19:19.3638947Z          {term(), term()}, term()
consumer (ubuntu-24.04, x86_64-linux-gnu)	Prove anonymous package-default installation and offline runtime	2026-09-08T15:19:19.3639461Z          integer(), term()
consumer (ubuntu-24.04, x86_64-linux-gnu)	Prove anonymous package-default installation and offline runtime	2026-09-08T15:19:19.3639722Z 
consumer (ubuntu-24.04, x86_64-linux-gnu)	Prove anonymous package-default installation and offline runtime	2026-09-08T15:19:19.3640154Z      │
consumer (ubuntu-24.04, x86_64-linux-gnu)	Prove anonymous package-default installation and offline runtime	2026-09-08T15:19:19.3640832Z  573 │   defp to_var(float, _) when is_integer(float), do: {:float, [], nil}
consumer (ubuntu-24.04, x86_64-linux-gnu)	Prove anonymous package-default installation and offline runtime	2026-09-08T15:19:19.3641532Z      │        ~
consumer (ubuntu-24.04, x86_64-linux-gnu)	Prove anonymous package-default installation and offline runtime	2026-09-08T15:19:19.3641888Z      │
consumer (ubuntu-24.04, x86_64-linux-gnu)	Prove anonymous package-default installation and offline runtime	2026-09-08T15:19:19.3642518Z      └─ lib/ex_doc/language/elixir.ex:573:8: ExDoc.Language.Elixir.to_var/2
consumer (ubuntu-24.04, x86_64-linux-gnu)	Prove anonymous package-default installation and offline runtime	2026-09-08T15:19:19.3643035Z 
consumer (ubuntu-24.04, x86_64-linux-gnu)	Prove anonymous package-default installation and offline runtime	2026-09-08T15:19:19.3674045Z Generated ex_doc app
consumer (ubuntu-24.04, x86_64-linux-gnu)	Prove anonymous package-default installation and offline runtime	2026-09-08T15:19:19.7016322Z ==> aphid_consumer
consumer (ubuntu-24.04, x86_64-linux-gnu)	Prove anonymous package-default installation and offline runtime	2026-09-08T15:19:19.7017272Z ===> Analyzing applications...
consumer (ubuntu-24.04, x86_64-linux-gnu)	Prove anonymous package-default installation and offline runtime	2026-09-08T15:19:19.7711029Z ===> Compiling telemetry
consumer (ubuntu-24.04, x86_64-linux-gnu)	Prove anonymous package-default installation and offline runtime	2026-09-08T15:19:20.1150945Z ==> zig_doc
consumer (ubuntu-24.04, x86_64-linux-gnu)	Prove anonymous package-default installation and offline runtime	2026-09-08T15:19:20.1151459Z Compiling 5 files (.ex)
consumer (ubuntu-24.04, x86_64-linux-gnu)	Prove anonymous package-default installation and offline runtime	2026-09-08T15:19:20.3964465Z     warning: the following clause will never match:
consumer (ubuntu-24.04, x86_64-linux-gnu)	Prove anonymous package-default installation and offline runtime	2026-09-08T15:19:20.3965016Z 
consumer (ubuntu-24.04, x86_64-linux-gnu)	Prove anonymous package-default installation and offline runtime	2026-09-08T15:19:20.3965272Z         {{:error, reason}, path} ->
consumer (ubuntu-24.04, x86_64-linux-gnu)	Prove anonymous package-default installation and offline runtime	2026-09-08T15:19:20.3965581Z 
consumer (ubuntu-24.04, x86_64-linux-gnu)	Prove anonymous package-default installation and offline runtime	2026-09-08T15:19:20.3965777Z     it is expected to match on type:
consumer (ubuntu-24.04, x86_64-linux-gnu)	Prove anonymous package-default installation and offline runtime	2026-09-08T15:19:20.3966092Z 
consumer (ubuntu-24.04, x86_64-linux-gnu)	Prove anonymous package-default installation and offline runtime	2026-09-08T15:19:20.3966252Z         dynamic(
consumer (ubuntu-24.04, x86_64-linux-gnu)	Prove anonymous package-default installation and offline runtime	2026-09-08T15:19:20.3966610Z           :error or
consumer (ubuntu-24.04, x86_64-linux-gnu)	Prove anonymous package-default installation and offline runtime	2026-09-08T15:19:20.3967250Z             ({term(), :read, binary() or empty_list() or non_empty_list(term(), term())} and
consumer (ubuntu-24.04, x86_64-linux-gnu)	Prove anonymous package-default installation and offline runtime	2026-09-08T15:19:20.3968224Z                not {{:ok, term()}, :read, binary() or empty_list() or non_empty_list(term(), term())})
consumer (ubuntu-24.04, x86_64-linux-gnu)	Prove anonymous package-default installation and offline runtime	2026-09-08T15:19:20.3969044Z         )
consumer (ubuntu-24.04, x86_64-linux-gnu)	Prove anonymous package-default installation and offline runtime	2026-09-08T15:19:20.3969243Z 
consumer (ubuntu-24.04, x86_64-linux-gnu)	Prove anonymous package-default installation and offline runtime	2026-09-08T15:19:20.3969437Z     type warning found at:
consumer (ubuntu-24.04, x86_64-linux-gnu)	Prove anonymous package-default installation and offline runtime	2026-09-08T15:19:20.3970277Z     │
consumer (ubuntu-24.04, x86_64-linux-gnu)	Prove anonymous package-default installation and offline runtime	2026-09-08T15:19:20.3970768Z  69 │       {{:error, reason}, path} ->
consumer (ubuntu-24.04, x86_64-linux-gnu)	Prove anonymous package-default installation and offline runtime	2026-09-08T15:19:20.3971280Z     │       ~~~~~~~~~~~~~~~~~~~~~~~~~~~
consumer (ubuntu-24.04, x86_64-linux-gnu)	Prove anonymous package-default installation and offline runtime	2026-09-08T15:19:20.3971549Z     │
consumer (ubuntu-24.04, x86_64-linux-gnu)	Prove anonymous package-default installation and offline runtime	2026-09-08T15:19:20.3971960Z     └─ lib/zig.doc/generator.ex:69: Zig.Doc.Generator.modulenode_from_config/3
consumer (ubuntu-24.04, x86_64-linux-gnu)	Prove anonymous package-default installation and offline runtime	2026-09-08T15:19:20.3972323Z 
consumer (ubuntu-24.04, x86_64-linux-gnu)	Prove anonymous package-default installation and offline runtime	2026-09-08T15:19:20.3997773Z Generated zig_doc app
consumer (ubuntu-24.04, x86_64-linux-gnu)	Prove anonymous package-default installation and offline runtime	2026-09-08T15:19:20.4213056Z ==> zigler
consumer (ubuntu-24.04, x86_64-linux-gnu)	Prove anonymous package-default installation and offline runtime	2026-09-08T15:19:20.4213671Z Compiling 50 files (.ex)
consumer (ubuntu-24.04, x86_64-linux-gnu)	Prove anonymous package-default installation and offline runtime	2026-09-08T15:19:20.4350092Z 
consumer (ubuntu-24.04, x86_64-linux-gnu)	Prove anonymous package-default installation and offline runtime	2026-09-08T15:19:20.4350573Z 15:19:20.432 [warning] not cross-compiling windows-msvc
consumer (ubuntu-24.04, x86_64-linux-gnu)	Prove anonymous package-default installation and offline runtime	2026-09-08T15:19:20.5433518Z      warning: clauses with the same name and arity (number of arguments) should be grouped together, "def render_elixir_spec/1" was previously defined (lib/zig/_nif.ex:373)
consumer (ubuntu-24.04, x86_64-linux-gnu)	Prove anonymous package-default installation and offline runtime	2026-09-08T15:19:20.5435040Z      │
consumer (ubuntu-24.04, x86_64-linux-gnu)	Prove anonymous package-default installation and offline runtime	2026-09-08T15:19:20.5435540Z  386 │   def render_elixir_spec(nif) do
consumer (ubuntu-24.04, x86_64-linux-gnu)	Prove anonymous package-default installation and offline runtime	2026-09-08T15:19:20.5436095Z      │       ~
consumer (ubuntu-24.04, x86_64-linux-gnu)	Prove anonymous package-default installation and offline runtime	2026-09-08T15:19:20.5436456Z      │
consumer (ubuntu-24.04, x86_64-linux-gnu)	Prove anonymous package-default installation and offline runtime	2026-09-08T15:19:20.5436886Z      └─ lib/zig/_nif.ex:386:7
consumer (ubuntu-24.04, x86_64-linux-gnu)	Prove anonymous package-default installation and offline runtime	2026-09-08T15:19:20.5437174Z 
consumer (ubuntu-24.04, x86_64-linux-gnu)	Prove anonymous package-default installation and offline runtime	2026-09-08T15:19:22.9977221Z 
consumer (ubuntu-24.04, x86_64-linux-gnu)	Prove anonymous package-default installation and offline runtime	2026-09-08T15:19:22.9978596Z 15:19:22.997 [debug] creating staging directory /home/runner/work/_temp/public-consumer/staging/Elixir.Zig.Formatter
consumer (ubuntu-24.04, x86_64-linux-gnu)	Prove anonymous package-default installation and offline runtime	2026-09-08T15:19:23.0004681Z      warning: unused require EEx
consumer (ubuntu-24.04, x86_64-linux-gnu)	Prove anonymous package-default installation and offline runtime	2026-09-08T15:19:23.0005799Z      │
consumer (ubuntu-24.04, x86_64-linux-gnu)	Prove anonymous package-default installation and offline runtime	2026-09-08T15:19:23.0006517Z  437 │   require EEx
consumer (ubuntu-24.04, x86_64-linux-gnu)	Prove anonymous package-default installation and offline runtime	2026-09-08T15:19:23.0006948Z      │   ~
consumer (ubuntu-24.04, x86_64-linux-gnu)	Prove anonymous package-default installation and offline runtime	2026-09-08T15:19:23.0007275Z      │
consumer (ubuntu-24.04, x86_64-linux-gnu)	Prove anonymous package-default installation and offline runtime	2026-09-08T15:19:23.0007674Z      └─ lib/zig/_nif.ex:437:3
consumer (ubuntu-24.04, x86_64-linux-gnu)	Prove anonymous package-default installation and offline runtime	2026-09-08T15:19:23.0007959Z 
consumer (ubuntu-24.04, x86_64-linux-gnu)	Prove anonymous package-default installation and offline runtime	2026-09-08T15:19:23.0074354Z 
consumer (ubuntu-24.04, x86_64-linux-gnu)	Prove anonymous package-default installation and offline runtime	2026-09-08T15:19:23.0075418Z 15:19:23.006 [info] searching for zig in /home/runner/work/_temp/public-consumer/home/.cache/zigler/zig-x86_64-linux-0.16.0/zig
consumer (ubuntu-24.04, x86_64-linux-gnu)	Prove anonymous package-default installation and offline runtime	2026-09-08T15:19:23.6681456Z warning: Zig.Formatter not active (%CompileError{file: nil, line: nil, description: "zig executable not found"}).  If you need Formatter function, and zig is not available, Please run `mix zig.get` to install it.
consumer (ubuntu-24.04, x86_64-linux-gnu)	Prove anonymous package-default installation and offline runtime	2026-09-08T15:19:23.6706885Z ##[warning]  lib/zig/formatter.ex:46: (file)
consumer (ubuntu-24.04, x86_64-linux-gnu)	Prove anonymous package-default installation and offline runtime	2026-09-08T15:19:23.6717347Z   (elixir 1.20.0) src/elixir_compiler.erl:102: :elixir_compiler.dispatch/4
consumer (ubuntu-24.04, x86_64-linux-gnu)	Prove anonymous package-default installation and offline runtime	2026-09-08T15:19:23.6718255Z   (elixir 1.20.0) src/elixir_compiler.erl:76: :elixir_compiler.compile/4
consumer (ubuntu-24.04, x86_64-linux-gnu)	Prove anonymous package-default installation and offline runtime	2026-09-08T15:19:23.6719179Z   (elixir 1.20.0) src/elixir_compiler.erl:42: :elixir_compiler.optimize_defmodule/2
consumer (ubuntu-24.04, x86_64-linux-gnu)	Prove anonymous package-default installation and offline runtime	2026-09-08T15:19:23.6720602Z   (elixir 1.20.0) src/elixir_lexical.erl:18: :elixir_lexical.run/3
consumer (ubuntu-24.04, x86_64-linux-gnu)	Prove anonymous package-default installation and offline runtime	2026-09-08T15:19:23.6721389Z   (elixir 1.20.0) src/elixir_compiler.erl:21: :elixir_compiler.quoted/3
consumer (ubuntu-24.04, x86_64-linux-gnu)	Prove anonymous package-default installation and offline runtime	2026-09-08T15:19:23.6721892Z 
consumer (ubuntu-24.04, x86_64-linux-gnu)	Prove anonymous package-default installation and offline runtime	2026-09-08T15:19:23.7565156Z Generated zigler app
consumer (ubuntu-24.04, x86_64-linux-gnu)	Prove anonymous package-default installation and offline runtime	2026-09-08T15:19:26.8387560Z ==> aphid
consumer (ubuntu-24.04, x86_64-linux-gnu)	Prove anonymous package-default installation and offline runtime	2026-09-08T15:19:26.8388768Z Aphid local bundle verified and installed: SHA256 02cf205c2e3efe510ddd02440eec764c2f3406a6d591de8c65e4e304c45b4f9f
consumer (ubuntu-24.04, x86_64-linux-gnu)	Prove anonymous package-default installation and offline runtime	2026-09-08T15:19:26.8430758Z Compiling 13 files (.ex)
consumer (ubuntu-24.04, x86_64-linux-gnu)	Prove anonymous package-default installation and offline runtime	2026-09-08T15:19:27.0265104Z 
consumer (ubuntu-24.04, x86_64-linux-gnu)	Prove anonymous package-default installation and offline runtime	2026-09-08T15:19:27.0266826Z 15:19:27.025 [debug] skipping compile step for precompiled module Elixir.Aphid.Proof, at /home/runner/work/_temp/public-consumer/consumer/_build/prod/lib/aphid/priv/lib/Elixir.Aphid.Proof.so
consumer (ubuntu-24.04, x86_64-linux-gnu)	Prove anonymous package-default installation and offline runtime	2026-09-08T15:19:27.0283003Z 
consumer (ubuntu-24.04, x86_64-linux-gnu)	Prove anonymous package-default installation and offline runtime	2026-09-08T15:19:27.0284091Z 15:19:27.027 [debug] destination library path: /home/runner/work/_temp/public-consumer/consumer/_build/prod/lib/aphid/priv/lib/Elixir.Aphid.Proof.so
consumer (ubuntu-24.04, x86_64-linux-gnu)	Prove anonymous package-default installation and offline runtime	2026-09-08T15:19:27.3589621Z 
consumer (ubuntu-24.04, x86_64-linux-gnu)	Prove anonymous package-default installation and offline runtime	2026-09-08T15:19:27.3591903Z 15:19:27.358 [debug] skipping compile step for precompiled module Elixir.Aphid.Native, at /home/runner/work/_temp/public-consumer/consumer/_build/prod/lib/aphid/priv/lib/Elixir.Aphid.Native.so
consumer (ubuntu-24.04, x86_64-linux-gnu)	Prove anonymous package-default installation and offline runtime	2026-09-08T15:19:27.3603254Z 
consumer (ubuntu-24.04, x86_64-linux-gnu)	Prove anonymous package-default installation and offline runtime	2026-09-08T15:19:27.3604836Z 15:19:27.358 [debug] destination library path: /home/runner/work/_temp/public-consumer/consumer/_build/prod/lib/aphid/priv/lib/Elixir.Aphid.Native.so
consumer (ubuntu-24.04, x86_64-linux-gnu)	Prove anonymous package-default installation and offline runtime	2026-09-08T15:19:28.1520483Z Generated aphid app
consumer (ubuntu-24.04, x86_64-linux-gnu)	Prove anonymous package-default installation and offline runtime	2026-09-08T15:19:28.1788123Z {"command": ["sudo", "-E", "bwrap", "--die-with-parent", "--unshare-pid", "--ro-bind", "/", "/", "--dev", "/dev", "--proc", "/proc", "--bind", "/home/runner/work/_temp/public-consumer", "/home/runner/work/_temp/public-consumer", "--tmpfs", "/home/runner/work/Aphid/Aphid", "--tmpfs", "/home/runner/work/_temp/qualified-source", "--ro-bind", "/dev/null", "/usr/bin/c89-gcc", "--ro-bind", "/dev/null", "/usr/bin/c99-gcc", "--ro-bind", "/dev/null", "/usr/bin/make", "--ro-bind", "/dev/null", "/usr/bin/x86_64-linux-gnu-as", "--ro-bind", "/dev/null", "/usr/bin/x86_64-linux-gnu-g++-12", "--ro-bind", "/dev/null", "/usr/bin/x86_64-linux-gnu-g++-13", "--ro-bind", "/dev/null", "/usr/bin/x86_64-linux-gnu-g++-14", "--ro-bind", "/dev/null", "/usr/bin/x86_64-linux-gnu-gcc-12", "--ro-bind", "/dev/null", "/usr/bin/x86_64-linux-gnu-gcc-13", "--ro-bind", "/dev/null", "/usr/bin/x86_64-linux-gnu-gcc-14", "--ro-bind", "/dev/null", "/usr/bin/x86_64-linux-gnu-ld.bfd", "--ro-bind", "/dev/null", "/usr/lib/llvm-16/bin/clang", "--ro-bind", "/dev/null", "/usr/lib/llvm-16/bin/lld", "--ro-bind", "/dev/null", "/usr/lib/llvm-16/bin/llvm-as", "--ro-bind", "/dev/null", "/usr/lib/llvm-17/bin/clang", "--ro-bind", "/dev/null", "/usr/lib/llvm-17/bin/lld", "--ro-bind", "/dev/null", "/usr/lib/llvm-17/bin/llvm-as", "--ro-bind", "/dev/null", "/usr/lib/llvm-18/bin/clang", "--ro-bind", "/dev/null", "/usr/lib/llvm-18/bin/lld", "--ro-bind", "/dev/null", "/usr/lib/llvm-18/bin/llvm-as", "--ro-bind", "/dev/null", "/usr/local/bin/cmake", "--ro-bind", "/dev/null", "/usr/local/bin/ninja", "--cap-add", "CAP_SETUID", "--cap-add", "CAP_SETGID", "--cap-add", "CAP_SETPCAP", "--clearenv", "--setenv", "LANG", "C.UTF-8", "--setenv", "HOME", "/home/runner/work/_temp/public-consumer/home", "--setenv", "PATH", "/home/runner/work/_temp/public-consumer/tools:/home/runner/work/_temp/.setup-beam/elixir/bin:/home/runner/work/_temp/.setup-beam/elixir/bin:/home/runner/work/_temp/.setup-beam/otp/bin:/usr/bin:/bin:/usr/sbin:/sbin", "--setenv", "MIX_HOME", "/home/runner/work/_temp/public-consumer/mix-home", "--setenv", "HEX_HOME", "/home/runner/work/_temp/public-consumer/hex-home", "--setenv", "MIX_ENV", "prod", "--setenv", "ZIG_EXECUTABLE_PATH", "/home/runner/work/_temp/public-consumer/tools/zig", "--setenv", "ZIG_GLOBAL_CACHE_DIR", "/home/runner/work/_temp/public-consumer/zig-cache", "--setenv", "ZIGLER_STAGING_ROOT", "/home/runner/work/_temp/public-consumer/staging", "--setenv", "ERL_FLAGS", "+S 1:1 +SDcpu 1:1", "--setenv", "TMPDIR", "/home/runner/work/_temp/public-consumer/tmp", "--", "/usr/bin/setpriv", "--reuid", "1001", "--regid", "1001", "--clear-groups", "--bounding-set=-all", "--no-new-privs", "--", "mix", "deps.compile"], "cwd": "/home/runner/work/_temp/public-consumer/consumer", "exit": 0, "seconds": 42.462}
consumer (ubuntu-24.04, x86_64-linux-gnu)	Prove anonymous package-default installation and offline runtime	2026-09-08T15:19:30.7679763Z ==> aphid
consumer (ubuntu-24.04, x86_64-linux-gnu)	Prove anonymous package-default installation and offline runtime	2026-09-08T15:19:30.7693112Z Aphid local bundle verified and installed: SHA256 02cf205c2e3efe510ddd02440eec764c2f3406a6d591de8c65e4e304c45b4f9f
consumer (ubuntu-24.04, x86_64-linux-gnu)	Prove anonymous package-default installation and offline runtime	2026-09-08T15:19:31.3124520Z ==> aphid_consumer
consumer (ubuntu-24.04, x86_64-linux-gnu)	Prove anonymous package-default installation and offline runtime	2026-09-08T15:19:31.3125286Z Generated aphid_consumer app
consumer (ubuntu-24.04, x86_64-linux-gnu)	Prove anonymous package-default installation and offline runtime	2026-09-08T15:19:31.3520927Z {"command": ["sudo", "-E", "bwrap", "--die-with-parent", "--unshare-pid", "--ro-bind", "/", "/", "--dev", "/dev", "--proc", "/proc", "--bind", "/home/runner/work/_temp/public-consumer", "/home/runner/work/_temp/public-consumer", "--tmpfs", "/home/runner/work/Aphid/Aphid", "--tmpfs", "/home/runner/work/_temp/qualified-source", "--ro-bind", "/dev/null", "/usr/bin/c89-gcc", "--ro-bind", "/dev/null", "/usr/bin/c99-gcc", "--ro-bind", "/dev/null", "/usr/bin/make", "--ro-bind", "/dev/null", "/usr/bin/x86_64-linux-gnu-as", "--ro-bind", "/dev/null", "/usr/bin/x86_64-linux-gnu-g++-12", "--ro-bind", "/dev/null", "/usr/bin/x86_64-linux-gnu-g++-13", "--ro-bind", "/dev/null", "/usr/bin/x86_64-linux-gnu-g++-14", "--ro-bind", "/dev/null", "/usr/bin/x86_64-linux-gnu-gcc-12", "--ro-bind", "/dev/null", "/usr/bin/x86_64-linux-gnu-gcc-13", "--ro-bind", "/dev/null", "/usr/bin/x86_64-linux-gnu-gcc-14", "--ro-bind", "/dev/null", "/usr/bin/x86_64-linux-gnu-ld.bfd", "--ro-bind", "/dev/null", "/usr/lib/llvm-16/bin/clang", "--ro-bind", "/dev/null", "/usr/lib/llvm-16/bin/lld", "--ro-bind", "/dev/null", "/usr/lib/llvm-16/bin/llvm-as", "--ro-bind", "/dev/null", "/usr/lib/llvm-17/bin/clang", "--ro-bind", "/dev/null", "/usr/lib/llvm-17/bin/lld", "--ro-bind", "/dev/null", "/usr/lib/llvm-17/bin/llvm-as", "--ro-bind", "/dev/null", "/usr/lib/llvm-18/bin/clang", "--ro-bind", "/dev/null", "/usr/lib/llvm-18/bin/lld", "--ro-bind", "/dev/null", "/usr/lib/llvm-18/bin/llvm-as", "--ro-bind", "/dev/null", "/usr/local/bin/cmake", "--ro-bind", "/dev/null", "/usr/local/bin/ninja", "--cap-add", "CAP_SETUID", "--cap-add", "CAP_SETGID", "--cap-add", "CAP_SETPCAP", "--clearenv", "--setenv", "LANG", "C.UTF-8", "--setenv", "HOME", "/home/runner/work/_temp/public-consumer/home", "--setenv", "PATH", "/home/runner/work/_temp/public-consumer/tools:/home/runner/work/_temp/.setup-beam/elixir/bin:/home/runner/work/_temp/.setup-beam/elixir/bin:/home/runner/work/_temp/.setup-beam/otp/bin:/usr/bin:/bin:/usr/sbin:/sbin", "--setenv", "MIX_HOME", "/home/runner/work/_temp/public-consumer/mix-home", "--setenv", "HEX_HOME", "/home/runner/work/_temp/public-consumer/hex-home", "--setenv", "MIX_ENV", "prod", "--setenv", "ZIG_EXECUTABLE_PATH", "/home/runner/work/_temp/public-consumer/tools/zig", "--setenv", "ZIG_GLOBAL_CACHE_DIR", "/home/runner/work/_temp/public-consumer/zig-cache", "--setenv", "ZIGLER_STAGING_ROOT", "/home/runner/work/_temp/public-consumer/staging", "--setenv", "ERL_FLAGS", "+S 1:1 +SDcpu 1:1", "--setenv", "TMPDIR", "/home/runner/work/_temp/public-consumer/tmp", "--", "/usr/bin/setpriv", "--reuid", "1001", "--regid", "1001", "--clear-groups", "--bounding-set=-all", "--no-new-privs", "--", "mix", "compile"], "cwd": "/home/runner/work/_temp/public-consumer/consumer", "exit": 0, "seconds": 3.173}
consumer (ubuntu-24.04, x86_64-linux-gnu)	Prove anonymous package-default installation and offline runtime	2026-09-08T15:19:32.2264980Z runtime identity: {"1.20.0", ~c"29", ~c"2.18"}
consumer (ubuntu-24.04, x86_64-linux-gnu)	Prove anonymous package-default installation and offline runtime	2026-09-08T15:19:34.3787503Z Running ExUnit with seed: 0, max_cases: 2
consumer (ubuntu-24.04, x86_64-linux-gnu)	Prove anonymous package-default installation and offline runtime	2026-09-08T15:19:34.3788031Z 
consumer (ubuntu-24.04, x86_64-linux-gnu)	Prove anonymous package-default installation and offline runtime	2026-09-08T15:19:40.9979536Z ...................Aphid basic example passed
consumer (ubuntu-24.04, x86_64-linux-gnu)	Prove anonymous package-default installation and offline runtime	2026-09-08T15:19:41.0359014Z .Aphid transaction example passed
consumer (ubuntu-24.04, x86_64-linux-gnu)	Prove anonymous package-default installation and offline runtime	2026-09-08T15:19:41.0618880Z .Aphid stream example passed
consumer (ubuntu-24.04, x86_64-linux-gnu)	Prove anonymous package-default installation and offline runtime	2026-09-08T15:19:41.1359755Z .Aphid FTS example passed
consumer (ubuntu-24.04, x86_64-linux-gnu)	Prove anonymous package-default installation and offline runtime	2026-09-08T15:19:41.1739388Z .Aphid vector example passed
consumer (ubuntu-24.04, x86_64-linux-gnu)	Prove anonymous package-default installation and offline runtime	2026-09-08T15:19:41.2673649Z .Aphid DuckDB example passed
consumer (ubuntu-24.04, x86_64-linux-gnu)	Prove anonymous package-default installation and offline runtime	2026-09-08T15:19:47.6526545Z .............stale-cancel race: 30 iterations; maximum cancel-to-idle 232006 us
consumer (ubuntu-24.04, x86_64-linux-gnu)	Prove anonymous package-default installation and offline runtime	2026-09-08T15:19:52.2759782Z ........heartbeat: 11 samples; maximum gap 6 ms
consumer (ubuntu-24.04, x86_64-linux-gnu)	Prove anonymous package-default installation and offline runtime	2026-09-08T15:19:52.3787498Z .
consumer (ubuntu-24.04, x86_64-linux-gnu)	Prove anonymous package-default installation and offline runtime	2026-09-08T15:19:52.3789849Z 15:19:52.376 [error] Aphid artifact [unloadable]: /home/runner/work/_temp/public-consumer/consumer/_build/prod/lib/aphid/priv/lib/Elixir.Aphid.Native: {:upgrade, ~c"Library upgrade-call unsuccessful (-1)."}; use the matching complete bundle and runtime. No source fallback.
consumer (ubuntu-24.04, x86_64-linux-gnu)	Prove anonymous package-default installation and offline runtime	2026-09-08T15:19:52.3831267Z 
consumer (ubuntu-24.04, x86_64-linux-gnu)	Prove anonymous package-default installation and offline runtime	2026-09-08T15:19:52.3831910Z 15:19:52.379 [warning] The on_load function for module Elixir.Aphid.Native returned:
consumer (ubuntu-24.04, x86_64-linux-gnu)	Prove anonymous package-default installation and offline runtime	2026-09-08T15:19:52.3832496Z {:error, {:upgrade, ~c"Library upgrade-call unsuccessful (-1)."}}
consumer (ubuntu-24.04, x86_64-linux-gnu)	Prove anonymous package-default installation and offline runtime	2026-09-08T15:19:52.3832780Z 
consumer (ubuntu-24.04, x86_64-linux-gnu)	Prove anonymous package-default installation and offline runtime	2026-09-08T15:19:55.0553574Z .....................................................
consumer (ubuntu-24.04, x86_64-linux-gnu)	Prove anonymous package-default installation and offline runtime	2026-09-08T15:19:55.0575022Z Finished in 22.8 seconds (2.1s on load, 0.00s async, 20.6s sync)
consumer (ubuntu-24.04, x86_64-linux-gnu)	Prove anonymous package-default installation and offline runtime	2026-09-08T15:19:55.0575562Z 
consumer (ubuntu-24.04, x86_64-linux-gnu)	Prove anonymous package-default installation and offline runtime	2026-09-08T15:19:55.0575765Z Result: 99 passed
consumer (ubuntu-24.04, x86_64-linux-gnu)	Prove anonymous package-default installation and offline runtime	2026-09-08T15:19:55.0949746Z {"command": ["sudo", "-E", "bwrap", "--die-with-parent", "--unshare-pid", "--ro-bind", "/", "/", "--dev", "/dev", "--proc", "/proc", "--bind", "/home/runner/work/_temp/public-consumer", "/home/runner/work/_temp/public-consumer", "--unshare-net", "--tmpfs", "/home/runner/work/Aphid/Aphid", "--tmpfs", "/home/runner/work/_temp/qualified-source", "--ro-bind", "/dev/null", "/usr/bin/c89-gcc", "--ro-bind", "/dev/null", "/usr/bin/c99-gcc", "--ro-bind", "/dev/null", "/usr/bin/make", "--ro-bind", "/dev/null", "/usr/bin/x86_64-linux-gnu-as", "--ro-bind", "/dev/null", "/usr/bin/x86_64-linux-gnu-g++-12", "--ro-bind", "/dev/null", "/usr/bin/x86_64-linux-gnu-g++-13", "--ro-bind", "/dev/null", "/usr/bin/x86_64-linux-gnu-g++-14", "--ro-bind", "/dev/null", "/usr/bin/x86_64-linux-gnu-gcc-12", "--ro-bind", "/dev/null", "/usr/bin/x86_64-linux-gnu-gcc-13", "--ro-bind", "/dev/null", "/usr/bin/x86_64-linux-gnu-gcc-14", "--ro-bind", "/dev/null", "/usr/bin/x86_64-linux-gnu-ld.bfd", "--ro-bind", "/dev/null", "/usr/lib/llvm-16/bin/clang", "--ro-bind", "/dev/null", "/usr/lib/llvm-16/bin/lld", "--ro-bind", "/dev/null", "/usr/lib/llvm-16/bin/llvm-as", "--ro-bind", "/dev/null", "/usr/lib/llvm-17/bin/clang", "--ro-bind", "/dev/null", "/usr/lib/llvm-17/bin/lld", "--ro-bind", "/dev/null", "/usr/lib/llvm-17/bin/llvm-as", "--ro-bind", "/dev/null", "/usr/lib/llvm-18/bin/clang", "--ro-bind", "/dev/null", "/usr/lib/llvm-18/bin/lld", "--ro-bind", "/dev/null", "/usr/lib/llvm-18/bin/llvm-as", "--ro-bind", "/dev/null", "/usr/local/bin/cmake", "--ro-bind", "/dev/null", "/usr/local/bin/ninja", "--cap-add", "CAP_SETUID", "--cap-add", "CAP_SETGID", "--cap-add", "CAP_SETPCAP", "--clearenv", "--setenv", "LANG", "C.UTF-8", "--setenv", "HOME", "/home/runner/work/_temp/public-consumer/home", "--setenv", "PATH", "/home/runner/work/_temp/public-consumer/tools:/home/runner/work/_temp/.setup-beam/elixir/bin:/home/runner/work/_temp/.setup-beam/elixir/bin:/home/runner/work/_temp/.setup-beam/otp/bin:/usr/bin:/bin:/usr/sbin:/sbin", "--setenv", "MIX_HOME", "/home/runner/work/_temp/public-consumer/mix-home", "--setenv", "HEX_HOME", "/home/runner/work/_temp/public-consumer/hex-home", "--setenv", "MIX_ENV", "prod", "--setenv", "ZIG_EXECUTABLE_PATH", "/home/runner/work/_temp/public-consumer/tools/zig", "--setenv", "ZIG_GLOBAL_CACHE_DIR", "/home/runner/work/_temp/public-consumer/zig-cache", "--setenv", "ZIGLER_STAGING_ROOT", "/home/runner/work/_temp/public-consumer/staging", "--setenv", "ERL_FLAGS", "+S 1:1 +SDcpu 1:1", "--setenv", "TMPDIR", "/home/runner/work/_temp/public-consumer/tmp", "--", "/usr/bin/setpriv", "--reuid", "1001", "--regid", "1001", "--clear-groups", "--bounding-set=-all", "--no-new-privs", "--", "mix", "run", "--no-compile", "check.exs"], "cwd": "/home/runner/work/_temp/public-consumer/consumer", "exit": 0, "seconds": 23.714}
consumer (ubuntu-24.04, x86_64-linux-gnu)	Prove anonymous package-default installation and offline runtime	2026-09-08T15:19:55.2805155Z Installed license hashes, including source-package supplement: a9380f27e98b9ee7180560a31c99994cdfcbb2b8efae4b526e5225b14c56e992
consumer (ubuntu-24.04, x86_64-linux-gnu)	Prove anonymous package-default installation and offline runtime	2026-09-08T15:19:55.2806638Z fresh Mix consumer passed; native files unchanged; no native compiler invocation
consumer (ubuntu-24.04, x86_64-linux-gnu)	Post Run actions/setup-python@ece7cb06caefa5fff74198d8649806c4678c61a1	﻿2026-09-08T15:19:55.3081125Z Post job cleanup.
consumer (ubuntu-24.04, x86_64-linux-gnu)	Post Run actions/checkout@d23441a48e516b6c34aea4fa41551a30e30af803	﻿2026-09-08T15:19:55.4530977Z Post job cleanup.
consumer (ubuntu-24.04, x86_64-linux-gnu)	Post Run actions/checkout@d23441a48e516b6c34aea4fa41551a30e30af803	2026-09-08T15:19:55.5447998Z [command]/usr/bin/git version
consumer (ubuntu-24.04, x86_64-linux-gnu)	Post Run actions/checkout@d23441a48e516b6c34aea4fa41551a30e30af803	2026-09-08T15:19:55.5493428Z git version 2.55.0
consumer (ubuntu-24.04, x86_64-linux-gnu)	Post Run actions/checkout@d23441a48e516b6c34aea4fa41551a30e30af803	2026-09-08T15:19:55.5537580Z Temporarily overriding HOME='/home/runner/work/_temp/5bfc788a-d765-401f-b5d6-ebb424759a23' before making global git config changes
consumer (ubuntu-24.04, x86_64-linux-gnu)	Post Run actions/checkout@d23441a48e516b6c34aea4fa41551a30e30af803	2026-09-08T15:19:55.5539034Z Adding repository directory to the temporary git global config as a safe directory
consumer (ubuntu-24.04, x86_64-linux-gnu)	Post Run actions/checkout@d23441a48e516b6c34aea4fa41551a30e30af803	2026-09-08T15:19:55.5544973Z [command]/usr/bin/git config --global --add safe.directory /home/runner/work/Aphid/Aphid
consumer (ubuntu-24.04, x86_64-linux-gnu)	Post Run actions/checkout@d23441a48e516b6c34aea4fa41551a30e30af803	2026-09-08T15:19:55.5578902Z Removing SSH command configuration
consumer (ubuntu-24.04, x86_64-linux-gnu)	Post Run actions/checkout@d23441a48e516b6c34aea4fa41551a30e30af803	2026-09-08T15:19:55.5586272Z [command]/usr/bin/git config --local --name-only --get-regexp core\.sshCommand
consumer (ubuntu-24.04, x86_64-linux-gnu)	Post Run actions/checkout@d23441a48e516b6c34aea4fa41551a30e30af803	2026-09-08T15:19:55.5625381Z [command]/usr/bin/git submodule foreach --recursive sh -c "git config --local --name-only --get-regexp 'core\.sshCommand' && git config --local --unset-all 'core.sshCommand' || :"
consumer (ubuntu-24.04, x86_64-linux-gnu)	Post Run actions/checkout@d23441a48e516b6c34aea4fa41551a30e30af803	2026-09-08T15:19:55.5873147Z Removing HTTP extra header
consumer (ubuntu-24.04, x86_64-linux-gnu)	Post Run actions/checkout@d23441a48e516b6c34aea4fa41551a30e30af803	2026-09-08T15:19:55.5878701Z [command]/usr/bin/git config --local --name-only --get-regexp http\.https\:\/\/github\.com\/\.extraheader
consumer (ubuntu-24.04, x86_64-linux-gnu)	Post Run actions/checkout@d23441a48e516b6c34aea4fa41551a30e30af803	2026-09-08T15:19:55.5914798Z [command]/usr/bin/git submodule foreach --recursive sh -c "git config --local --name-only --get-regexp 'http\.https\:\/\/github\.com\/\.extraheader' && git config --local --unset-all 'http.https://github.com/.extraheader' || :"
consumer (ubuntu-24.04, x86_64-linux-gnu)	Post Run actions/checkout@d23441a48e516b6c34aea4fa41551a30e30af803	2026-09-08T15:19:55.6204663Z Removing includeIf entries pointing to credentials config files
consumer (ubuntu-24.04, x86_64-linux-gnu)	Post Run actions/checkout@d23441a48e516b6c34aea4fa41551a30e30af803	2026-09-08T15:19:55.6221408Z [command]/usr/bin/git config --local --name-only --get-regexp ^includeIf\.gitdir:
consumer (ubuntu-24.04, x86_64-linux-gnu)	Post Run actions/checkout@d23441a48e516b6c34aea4fa41551a30e30af803	2026-09-08T15:19:55.6276458Z [command]/usr/bin/git submodule foreach --recursive git config --local --show-origin --name-only --get-regexp remote.origin.url
consumer (ubuntu-24.04, x86_64-linux-gnu)	Complete job	﻿2026-09-08T15:19:55.6798483Z Cleaning up orphan processes
consumer (ubuntu-24.04-arm, aarch64-linux-gnu)	Set up job	﻿2026-09-08T15:18:19.0426162Z Current runner version: '2.337.0'
consumer (ubuntu-24.04-arm, aarch64-linux-gnu)	Set up job	2026-09-08T15:18:19.0461494Z ##[group]Runner Image Provisioner
consumer (ubuntu-24.04-arm, aarch64-linux-gnu)	Set up job	2026-09-08T15:18:19.0462510Z Hosted Compute Agent
consumer (ubuntu-24.04-arm, aarch64-linux-gnu)	Set up job	2026-09-08T15:18:19.0463192Z Version: 20260828.587
consumer (ubuntu-24.04-arm, aarch64-linux-gnu)	Set up job	2026-09-08T15:18:19.0463891Z Commit: abac92662cab4cc7352de4f9f9d2e2419aad9c29
consumer (ubuntu-24.04-arm, aarch64-linux-gnu)	Set up job	2026-09-08T15:18:19.0464727Z Build Date: 2026-08-28T16:44:25Z
consumer (ubuntu-24.04-arm, aarch64-linux-gnu)	Set up job	2026-09-08T15:18:19.0465569Z Worker ID: {7e475263-3afa-46b0-bc24-c008f9ee95f2}
consumer (ubuntu-24.04-arm, aarch64-linux-gnu)	Set up job	2026-09-08T15:18:19.0466646Z Azure Region: southcentralus
consumer (ubuntu-24.04-arm, aarch64-linux-gnu)	Set up job	2026-09-08T15:18:19.0467360Z ##[endgroup]
consumer (ubuntu-24.04-arm, aarch64-linux-gnu)	Set up job	2026-09-08T15:18:19.0469701Z ##[group]Operating System
consumer (ubuntu-24.04-arm, aarch64-linux-gnu)	Set up job	2026-09-08T15:18:19.0470429Z Ubuntu
consumer (ubuntu-24.04-arm, aarch64-linux-gnu)	Set up job	2026-09-08T15:18:19.0471191Z 24.04.4
consumer (ubuntu-24.04-arm, aarch64-linux-gnu)	Set up job	2026-09-08T15:18:19.0471707Z LTS
consumer (ubuntu-24.04-arm, aarch64-linux-gnu)	Set up job	2026-09-08T15:18:19.0472216Z ##[endgroup]
consumer (ubuntu-24.04-arm, aarch64-linux-gnu)	Set up job	2026-09-08T15:18:19.0472894Z ##[group]Runner Image
consumer (ubuntu-24.04-arm, aarch64-linux-gnu)	Set up job	2026-09-08T15:18:19.0473608Z Image: ubuntu-24.04-arm
consumer (ubuntu-24.04-arm, aarch64-linux-gnu)	Set up job	2026-09-08T15:18:19.0474260Z Version: 20260831.111.1
consumer (ubuntu-24.04-arm, aarch64-linux-gnu)	Set up job	2026-09-08T15:18:19.0475415Z Included Software: https://github.com/actions/runner-images/blob/ubuntu24-arm64/20260831.111/images/ubuntu/Ubuntu2404-Arm64-Readme.md
consumer (ubuntu-24.04-arm, aarch64-linux-gnu)	Set up job	2026-09-08T15:18:19.0477769Z Image Release: https://github.com/actions/runner-images/releases/tag/ubuntu24-arm64%2F20260831.111
consumer (ubuntu-24.04-arm, aarch64-linux-gnu)	Set up job	2026-09-08T15:18:19.0478786Z ##[endgroup]
consumer (ubuntu-24.04-arm, aarch64-linux-gnu)	Set up job	2026-09-08T15:18:19.0480076Z ##[group]GITHUB_TOKEN Permissions
consumer (ubuntu-24.04-arm, aarch64-linux-gnu)	Set up job	2026-09-08T15:18:19.0483249Z Actions: read
consumer (ubuntu-24.04-arm, aarch64-linux-gnu)	Set up job	2026-09-08T15:18:19.0484424Z Contents: read
consumer (ubuntu-24.04-arm, aarch64-linux-gnu)	Set up job	2026-09-08T15:18:19.0485011Z Metadata: read
consumer (ubuntu-24.04-arm, aarch64-linux-gnu)	Set up job	2026-09-08T15:18:19.0485554Z ##[endgroup]
consumer (ubuntu-24.04-arm, aarch64-linux-gnu)	Set up job	2026-09-08T15:18:19.0488741Z Secret source: Actions
consumer (ubuntu-24.04-arm, aarch64-linux-gnu)	Set up job	2026-09-08T15:18:19.0489883Z Prepare workflow directory
consumer (ubuntu-24.04-arm, aarch64-linux-gnu)	Set up job	2026-09-08T15:18:19.0887655Z Prepare all required actions
consumer (ubuntu-24.04-arm, aarch64-linux-gnu)	Set up job	2026-09-08T15:18:19.0940633Z Getting action download info
consumer (ubuntu-24.04-arm, aarch64-linux-gnu)	Set up job	2026-09-08T15:18:19.3873975Z Download action repository 'actions/checkout@d23441a48e516b6c34aea4fa41551a30e30af803' (SHA:d23441a48e516b6c34aea4fa41551a30e30af803)
consumer (ubuntu-24.04-arm, aarch64-linux-gnu)	Set up job	2026-09-08T15:18:19.5288221Z Download action repository 'actions/setup-python@ece7cb06caefa5fff74198d8649806c4678c61a1' (SHA:ece7cb06caefa5fff74198d8649806c4678c61a1)
consumer (ubuntu-24.04-arm, aarch64-linux-gnu)	Set up job	2026-09-08T15:18:19.6232924Z Download action repository 'erlef/setup-beam@54075bcc5e249e4758d363f27d099f55d843f124' (SHA:54075bcc5e249e4758d363f27d099f55d843f124)
consumer (ubuntu-24.04-arm, aarch64-linux-gnu)	Set up job	2026-09-08T15:18:20.1990788Z Complete job name: consumer (ubuntu-24.04-arm, aarch64-linux-gnu)
consumer (ubuntu-24.04-arm, aarch64-linux-gnu)	Run actions/checkout@d23441a48e516b6c34aea4fa41551a30e30af803	﻿2026-09-08T15:18:20.2828923Z ##[group]Run actions/checkout@d23441a48e516b6c34aea4fa41551a30e30af803
consumer (ubuntu-24.04-arm, aarch64-linux-gnu)	Run actions/checkout@d23441a48e516b6c34aea4fa41551a30e30af803	2026-09-08T15:18:20.2830603Z with:
consumer (ubuntu-24.04-arm, aarch64-linux-gnu)	Run actions/checkout@d23441a48e516b6c34aea4fa41551a30e30af803	2026-09-08T15:18:20.2831252Z   persist-credentials: false
consumer (ubuntu-24.04-arm, aarch64-linux-gnu)	Run actions/checkout@d23441a48e516b6c34aea4fa41551a30e30af803	2026-09-08T15:18:20.2831991Z   repository: catethos/Aphid
consumer (ubuntu-24.04-arm, aarch64-linux-gnu)	Run actions/checkout@d23441a48e516b6c34aea4fa41551a30e30af803	2026-09-08T15:18:20.2835872Z   token: ***
consumer (ubuntu-24.04-arm, aarch64-linux-gnu)	Run actions/checkout@d23441a48e516b6c34aea4fa41551a30e30af803	2026-09-08T15:18:20.2836790Z   ssh-strict: true
consumer (ubuntu-24.04-arm, aarch64-linux-gnu)	Run actions/checkout@d23441a48e516b6c34aea4fa41551a30e30af803	2026-09-08T15:18:20.2837450Z   ssh-user: git
consumer (ubuntu-24.04-arm, aarch64-linux-gnu)	Run actions/checkout@d23441a48e516b6c34aea4fa41551a30e30af803	2026-09-08T15:18:20.2838015Z   clean: true
consumer (ubuntu-24.04-arm, aarch64-linux-gnu)	Run actions/checkout@d23441a48e516b6c34aea4fa41551a30e30af803	2026-09-08T15:18:20.2838640Z   sparse-checkout-cone-mode: true
consumer (ubuntu-24.04-arm, aarch64-linux-gnu)	Run actions/checkout@d23441a48e516b6c34aea4fa41551a30e30af803	2026-09-08T15:18:20.2839324Z   fetch-depth: 1
consumer (ubuntu-24.04-arm, aarch64-linux-gnu)	Run actions/checkout@d23441a48e516b6c34aea4fa41551a30e30af803	2026-09-08T15:18:20.2839882Z   fetch-tags: false
consumer (ubuntu-24.04-arm, aarch64-linux-gnu)	Run actions/checkout@d23441a48e516b6c34aea4fa41551a30e30af803	2026-09-08T15:18:20.2840543Z   show-progress: true
consumer (ubuntu-24.04-arm, aarch64-linux-gnu)	Run actions/checkout@d23441a48e516b6c34aea4fa41551a30e30af803	2026-09-08T15:18:20.2841117Z   lfs: false
consumer (ubuntu-24.04-arm, aarch64-linux-gnu)	Run actions/checkout@d23441a48e516b6c34aea4fa41551a30e30af803	2026-09-08T15:18:20.2841643Z   submodules: false
consumer (ubuntu-24.04-arm, aarch64-linux-gnu)	Run actions/checkout@d23441a48e516b6c34aea4fa41551a30e30af803	2026-09-08T15:18:20.2842388Z   set-safe-directory: true
consumer (ubuntu-24.04-arm, aarch64-linux-gnu)	Run actions/checkout@d23441a48e516b6c34aea4fa41551a30e30af803	2026-09-08T15:18:20.2843002Z   allow-unsafe-pr-checkout: false
consumer (ubuntu-24.04-arm, aarch64-linux-gnu)	Run actions/checkout@d23441a48e516b6c34aea4fa41551a30e30af803	2026-09-08T15:18:20.2844290Z ##[endgroup]
consumer (ubuntu-24.04-arm, aarch64-linux-gnu)	Run actions/checkout@d23441a48e516b6c34aea4fa41551a30e30af803	2026-09-08T15:18:20.3704865Z Syncing repository: catethos/Aphid
consumer (ubuntu-24.04-arm, aarch64-linux-gnu)	Run actions/checkout@d23441a48e516b6c34aea4fa41551a30e30af803	2026-09-08T15:18:20.3708235Z ##[group]Getting Git version info
consumer (ubuntu-24.04-arm, aarch64-linux-gnu)	Run actions/checkout@d23441a48e516b6c34aea4fa41551a30e30af803	2026-09-08T15:18:20.3709257Z Working directory is '/home/runner/work/Aphid/Aphid'
consumer (ubuntu-24.04-arm, aarch64-linux-gnu)	Run actions/checkout@d23441a48e516b6c34aea4fa41551a30e30af803	2026-09-08T15:18:20.3711085Z [command]/usr/bin/git version
consumer (ubuntu-24.04-arm, aarch64-linux-gnu)	Run actions/checkout@d23441a48e516b6c34aea4fa41551a30e30af803	2026-09-08T15:18:20.3763264Z git version 2.55.0
consumer (ubuntu-24.04-arm, aarch64-linux-gnu)	Run actions/checkout@d23441a48e516b6c34aea4fa41551a30e30af803	2026-09-08T15:18:20.3783399Z ##[endgroup]
consumer (ubuntu-24.04-arm, aarch64-linux-gnu)	Run actions/checkout@d23441a48e516b6c34aea4fa41551a30e30af803	2026-09-08T15:18:20.3797612Z Temporarily overriding HOME='/home/runner/work/_temp/e1df802f-e265-4191-b1ef-6722babb47fb' before making global git config changes
consumer (ubuntu-24.04-arm, aarch64-linux-gnu)	Run actions/checkout@d23441a48e516b6c34aea4fa41551a30e30af803	2026-09-08T15:18:20.3799383Z Adding repository directory to the temporary git global config as a safe directory
consumer (ubuntu-24.04-arm, aarch64-linux-gnu)	Run actions/checkout@d23441a48e516b6c34aea4fa41551a30e30af803	2026-09-08T15:18:20.3802217Z [command]/usr/bin/git config --global --add safe.directory /home/runner/work/Aphid/Aphid
consumer (ubuntu-24.04-arm, aarch64-linux-gnu)	Run actions/checkout@d23441a48e516b6c34aea4fa41551a30e30af803	2026-09-08T15:18:20.3834602Z Deleting the contents of '/home/runner/work/Aphid/Aphid'
consumer (ubuntu-24.04-arm, aarch64-linux-gnu)	Run actions/checkout@d23441a48e516b6c34aea4fa41551a30e30af803	2026-09-08T15:18:20.3840047Z ##[group]Determining repository object format
consumer (ubuntu-24.04-arm, aarch64-linux-gnu)	Run actions/checkout@d23441a48e516b6c34aea4fa41551a30e30af803	2026-09-08T15:18:20.3842026Z ##[endgroup]
consumer (ubuntu-24.04-arm, aarch64-linux-gnu)	Run actions/checkout@d23441a48e516b6c34aea4fa41551a30e30af803	2026-09-08T15:18:20.3843844Z ##[group]Initializing the repository
consumer (ubuntu-24.04-arm, aarch64-linux-gnu)	Run actions/checkout@d23441a48e516b6c34aea4fa41551a30e30af803	2026-09-08T15:18:20.3846187Z [command]/usr/bin/git init /home/runner/work/Aphid/Aphid
consumer (ubuntu-24.04-arm, aarch64-linux-gnu)	Run actions/checkout@d23441a48e516b6c34aea4fa41551a30e30af803	2026-09-08T15:18:20.3912940Z hint: Using 'master' as the name for the initial branch. This default branch name
consumer (ubuntu-24.04-arm, aarch64-linux-gnu)	Run actions/checkout@d23441a48e516b6c34aea4fa41551a30e30af803	2026-09-08T15:18:20.3914578Z hint: will change to "main" in Git 3.0. To configure the initial branch name
consumer (ubuntu-24.04-arm, aarch64-linux-gnu)	Run actions/checkout@d23441a48e516b6c34aea4fa41551a30e30af803	2026-09-08T15:18:20.3915964Z hint: to use in all of your new repositories, which will suppress this warning,
consumer (ubuntu-24.04-arm, aarch64-linux-gnu)	Run actions/checkout@d23441a48e516b6c34aea4fa41551a30e30af803	2026-09-08T15:18:20.3917533Z hint: call:
consumer (ubuntu-24.04-arm, aarch64-linux-gnu)	Run actions/checkout@d23441a48e516b6c34aea4fa41551a30e30af803	2026-09-08T15:18:20.3918622Z hint:
consumer (ubuntu-24.04-arm, aarch64-linux-gnu)	Run actions/checkout@d23441a48e516b6c34aea4fa41551a30e30af803	2026-09-08T15:18:20.3919974Z hint: 	git config --global init.defaultBranch <name>
consumer (ubuntu-24.04-arm, aarch64-linux-gnu)	Run actions/checkout@d23441a48e516b6c34aea4fa41551a30e30af803	2026-09-08T15:18:20.3921000Z hint:
consumer (ubuntu-24.04-arm, aarch64-linux-gnu)	Run actions/checkout@d23441a48e516b6c34aea4fa41551a30e30af803	2026-09-08T15:18:20.3921741Z hint: Names commonly chosen instead of 'master' are 'main', 'trunk' and
consumer (ubuntu-24.04-arm, aarch64-linux-gnu)	Run actions/checkout@d23441a48e516b6c34aea4fa41551a30e30af803	2026-09-08T15:18:20.3922763Z hint: 'development'. The just-created branch can be renamed via this command:
consumer (ubuntu-24.04-arm, aarch64-linux-gnu)	Run actions/checkout@d23441a48e516b6c34aea4fa41551a30e30af803	2026-09-08T15:18:20.3923633Z hint:
consumer (ubuntu-24.04-arm, aarch64-linux-gnu)	Run actions/checkout@d23441a48e516b6c34aea4fa41551a30e30af803	2026-09-08T15:18:20.3924209Z hint: 	git branch -m <name>
consumer (ubuntu-24.04-arm, aarch64-linux-gnu)	Run actions/checkout@d23441a48e516b6c34aea4fa41551a30e30af803	2026-09-08T15:18:20.3924875Z hint:
consumer (ubuntu-24.04-arm, aarch64-linux-gnu)	Run actions/checkout@d23441a48e516b6c34aea4fa41551a30e30af803	2026-09-08T15:18:20.3925645Z hint: Disable this message with "git config set advice.defaultBranchName false"
consumer (ubuntu-24.04-arm, aarch64-linux-gnu)	Run actions/checkout@d23441a48e516b6c34aea4fa41551a30e30af803	2026-09-08T15:18:20.3927123Z Initialized empty Git repository in /home/runner/work/Aphid/Aphid/.git/
consumer (ubuntu-24.04-arm, aarch64-linux-gnu)	Run actions/checkout@d23441a48e516b6c34aea4fa41551a30e30af803	2026-09-08T15:18:20.3929171Z [command]/usr/bin/git remote add origin https://github.com/catethos/Aphid
consumer (ubuntu-24.04-arm, aarch64-linux-gnu)	Run actions/checkout@d23441a48e516b6c34aea4fa41551a30e30af803	2026-09-08T15:18:20.3962471Z ##[endgroup]
consumer (ubuntu-24.04-arm, aarch64-linux-gnu)	Run actions/checkout@d23441a48e516b6c34aea4fa41551a30e30af803	2026-09-08T15:18:20.3964402Z ##[group]Disabling automatic garbage collection
consumer (ubuntu-24.04-arm, aarch64-linux-gnu)	Run actions/checkout@d23441a48e516b6c34aea4fa41551a30e30af803	2026-09-08T15:18:20.3967306Z [command]/usr/bin/git config --local gc.auto 0
consumer (ubuntu-24.04-arm, aarch64-linux-gnu)	Run actions/checkout@d23441a48e516b6c34aea4fa41551a30e30af803	2026-09-08T15:18:20.3997488Z ##[endgroup]
consumer (ubuntu-24.04-arm, aarch64-linux-gnu)	Run actions/checkout@d23441a48e516b6c34aea4fa41551a30e30af803	2026-09-08T15:18:20.3998933Z ##[group]Setting up auth
consumer (ubuntu-24.04-arm, aarch64-linux-gnu)	Run actions/checkout@d23441a48e516b6c34aea4fa41551a30e30af803	2026-09-08T15:18:20.3999667Z Removing SSH command configuration
consumer (ubuntu-24.04-arm, aarch64-linux-gnu)	Run actions/checkout@d23441a48e516b6c34aea4fa41551a30e30af803	2026-09-08T15:18:20.4003666Z [command]/usr/bin/git config --local --name-only --get-regexp core\.sshCommand
consumer (ubuntu-24.04-arm, aarch64-linux-gnu)	Run actions/checkout@d23441a48e516b6c34aea4fa41551a30e30af803	2026-09-08T15:18:20.4035222Z [command]/usr/bin/git submodule foreach --recursive sh -c "git config --local --name-only --get-regexp 'core\.sshCommand' && git config --local --unset-all 'core.sshCommand' || :"
consumer (ubuntu-24.04-arm, aarch64-linux-gnu)	Run actions/checkout@d23441a48e516b6c34aea4fa41551a30e30af803	2026-09-08T15:18:20.4310464Z Removing HTTP extra header
consumer (ubuntu-24.04-arm, aarch64-linux-gnu)	Run actions/checkout@d23441a48e516b6c34aea4fa41551a30e30af803	2026-09-08T15:18:20.4315589Z [command]/usr/bin/git config --local --name-only --get-regexp http\.https\:\/\/github\.com\/\.extraheader
consumer (ubuntu-24.04-arm, aarch64-linux-gnu)	Run actions/checkout@d23441a48e516b6c34aea4fa41551a30e30af803	2026-09-08T15:18:20.4345817Z [command]/usr/bin/git submodule foreach --recursive sh -c "git config --local --name-only --get-regexp 'http\.https\:\/\/github\.com\/\.extraheader' && git config --local --unset-all 'http.https://github.com/.extraheader' || :"
consumer (ubuntu-24.04-arm, aarch64-linux-gnu)	Run actions/checkout@d23441a48e516b6c34aea4fa41551a30e30af803	2026-09-08T15:18:20.4534681Z Removing includeIf entries pointing to credentials config files
consumer (ubuntu-24.04-arm, aarch64-linux-gnu)	Run actions/checkout@d23441a48e516b6c34aea4fa41551a30e30af803	2026-09-08T15:18:20.4539769Z [command]/usr/bin/git config --local --name-only --get-regexp ^includeIf\.gitdir:
consumer (ubuntu-24.04-arm, aarch64-linux-gnu)	Run actions/checkout@d23441a48e516b6c34aea4fa41551a30e30af803	2026-09-08T15:18:20.4570890Z [command]/usr/bin/git submodule foreach --recursive git config --local --show-origin --name-only --get-regexp remote.origin.url
consumer (ubuntu-24.04-arm, aarch64-linux-gnu)	Run actions/checkout@d23441a48e516b6c34aea4fa41551a30e30af803	2026-09-08T15:18:20.4771632Z [command]/usr/bin/git config --file /home/runner/work/_temp/git-credentials-d997f078-2ba2-40de-91c1-b7532015472c.config http.https://github.com/.extraheader AUTHORIZATION: basic ***
consumer (ubuntu-24.04-arm, aarch64-linux-gnu)	Run actions/checkout@d23441a48e516b6c34aea4fa41551a30e30af803	2026-09-08T15:18:20.4809602Z [command]/usr/bin/git config --local includeIf.gitdir:/home/runner/work/Aphid/Aphid/.git.path /home/runner/work/_temp/git-credentials-d997f078-2ba2-40de-91c1-b7532015472c.config
consumer (ubuntu-24.04-arm, aarch64-linux-gnu)	Run actions/checkout@d23441a48e516b6c34aea4fa41551a30e30af803	2026-09-08T15:18:20.4839158Z [command]/usr/bin/git config --local includeIf.gitdir:/home/runner/work/Aphid/Aphid/.git/worktrees/*.path /home/runner/work/_temp/git-credentials-d997f078-2ba2-40de-91c1-b7532015472c.config
consumer (ubuntu-24.04-arm, aarch64-linux-gnu)	Run actions/checkout@d23441a48e516b6c34aea4fa41551a30e30af803	2026-09-08T15:18:20.4868260Z [command]/usr/bin/git config --local includeIf.gitdir:/github/workspace/.git.path /github/runner_temp/git-credentials-d997f078-2ba2-40de-91c1-b7532015472c.config
consumer (ubuntu-24.04-arm, aarch64-linux-gnu)	Run actions/checkout@d23441a48e516b6c34aea4fa41551a30e30af803	2026-09-08T15:18:20.4898853Z [command]/usr/bin/git config --local includeIf.gitdir:/github/workspace/.git/worktrees/*.path /github/runner_temp/git-credentials-d997f078-2ba2-40de-91c1-b7532015472c.config
consumer (ubuntu-24.04-arm, aarch64-linux-gnu)	Run actions/checkout@d23441a48e516b6c34aea4fa41551a30e30af803	2026-09-08T15:18:20.4925592Z ##[endgroup]
consumer (ubuntu-24.04-arm, aarch64-linux-gnu)	Run actions/checkout@d23441a48e516b6c34aea4fa41551a30e30af803	2026-09-08T15:18:20.4926963Z ##[group]Fetching the repository
consumer (ubuntu-24.04-arm, aarch64-linux-gnu)	Run actions/checkout@d23441a48e516b6c34aea4fa41551a30e30af803	2026-09-08T15:18:20.4934186Z [command]/usr/bin/git -c protocol.version=2 fetch --no-tags --prune --no-recurse-submodules --depth=1 origin +0a1f8725a7830c6e54a5a3760207820c032d63d4:refs/remotes/origin/main
consumer (ubuntu-24.04-arm, aarch64-linux-gnu)	Run actions/checkout@d23441a48e516b6c34aea4fa41551a30e30af803	2026-09-08T15:18:22.2170421Z From https://github.com/catethos/Aphid
consumer (ubuntu-24.04-arm, aarch64-linux-gnu)	Run actions/checkout@d23441a48e516b6c34aea4fa41551a30e30af803	2026-09-08T15:18:22.2171404Z  * [new ref]         0a1f8725a7830c6e54a5a3760207820c032d63d4 -> origin/main
consumer (ubuntu-24.04-arm, aarch64-linux-gnu)	Run actions/checkout@d23441a48e516b6c34aea4fa41551a30e30af803	2026-09-08T15:18:22.2183809Z [command]/usr/bin/git branch --list --remote origin/main
consumer (ubuntu-24.04-arm, aarch64-linux-gnu)	Run actions/checkout@d23441a48e516b6c34aea4fa41551a30e30af803	2026-09-08T15:18:22.2214601Z   origin/main
consumer (ubuntu-24.04-arm, aarch64-linux-gnu)	Run actions/checkout@d23441a48e516b6c34aea4fa41551a30e30af803	2026-09-08T15:18:22.2222186Z [command]/usr/bin/git rev-parse refs/remotes/origin/main
consumer (ubuntu-24.04-arm, aarch64-linux-gnu)	Run actions/checkout@d23441a48e516b6c34aea4fa41551a30e30af803	2026-09-08T15:18:22.2244894Z 0a1f8725a7830c6e54a5a3760207820c032d63d4
consumer (ubuntu-24.04-arm, aarch64-linux-gnu)	Run actions/checkout@d23441a48e516b6c34aea4fa41551a30e30af803	2026-09-08T15:18:22.2247435Z ##[endgroup]
consumer (ubuntu-24.04-arm, aarch64-linux-gnu)	Run actions/checkout@d23441a48e516b6c34aea4fa41551a30e30af803	2026-09-08T15:18:22.2248397Z ##[group]Determining the checkout info
consumer (ubuntu-24.04-arm, aarch64-linux-gnu)	Run actions/checkout@d23441a48e516b6c34aea4fa41551a30e30af803	2026-09-08T15:18:22.2249191Z ##[endgroup]
consumer (ubuntu-24.04-arm, aarch64-linux-gnu)	Run actions/checkout@d23441a48e516b6c34aea4fa41551a30e30af803	2026-09-08T15:18:22.2253474Z [command]/usr/bin/git sparse-checkout disable
consumer (ubuntu-24.04-arm, aarch64-linux-gnu)	Run actions/checkout@d23441a48e516b6c34aea4fa41551a30e30af803	2026-09-08T15:18:22.2291820Z [command]/usr/bin/git config --local --unset-all extensions.worktreeConfig
consumer (ubuntu-24.04-arm, aarch64-linux-gnu)	Run actions/checkout@d23441a48e516b6c34aea4fa41551a30e30af803	2026-09-08T15:18:22.2318033Z ##[group]Checking out the ref
consumer (ubuntu-24.04-arm, aarch64-linux-gnu)	Run actions/checkout@d23441a48e516b6c34aea4fa41551a30e30af803	2026-09-08T15:18:22.2322100Z [command]/usr/bin/git checkout --progress --force -B main refs/remotes/origin/main
consumer (ubuntu-24.04-arm, aarch64-linux-gnu)	Run actions/checkout@d23441a48e516b6c34aea4fa41551a30e30af803	2026-09-08T15:18:22.3798769Z Switched to a new branch 'main'
consumer (ubuntu-24.04-arm, aarch64-linux-gnu)	Run actions/checkout@d23441a48e516b6c34aea4fa41551a30e30af803	2026-09-08T15:18:22.3804097Z branch 'main' set up to track 'origin/main'.
consumer (ubuntu-24.04-arm, aarch64-linux-gnu)	Run actions/checkout@d23441a48e516b6c34aea4fa41551a30e30af803	2026-09-08T15:18:22.3818328Z ##[endgroup]
consumer (ubuntu-24.04-arm, aarch64-linux-gnu)	Run actions/checkout@d23441a48e516b6c34aea4fa41551a30e30af803	2026-09-08T15:18:22.3856608Z [command]/usr/bin/git log -1 --format=%H
consumer (ubuntu-24.04-arm, aarch64-linux-gnu)	Run actions/checkout@d23441a48e516b6c34aea4fa41551a30e30af803	2026-09-08T15:18:22.3880176Z 0a1f8725a7830c6e54a5a3760207820c032d63d4
consumer (ubuntu-24.04-arm, aarch64-linux-gnu)	Run actions/checkout@d23441a48e516b6c34aea4fa41551a30e30af803	2026-09-08T15:18:22.3888734Z ##[group]Removing auth
consumer (ubuntu-24.04-arm, aarch64-linux-gnu)	Run actions/checkout@d23441a48e516b6c34aea4fa41551a30e30af803	2026-09-08T15:18:22.3889534Z Removing SSH command configuration
consumer (ubuntu-24.04-arm, aarch64-linux-gnu)	Run actions/checkout@d23441a48e516b6c34aea4fa41551a30e30af803	2026-09-08T15:18:22.3892959Z [command]/usr/bin/git config --local --name-only --get-regexp core\.sshCommand
consumer (ubuntu-24.04-arm, aarch64-linux-gnu)	Run actions/checkout@d23441a48e516b6c34aea4fa41551a30e30af803	2026-09-08T15:18:22.3920956Z [command]/usr/bin/git submodule foreach --recursive sh -c "git config --local --name-only --get-regexp 'core\.sshCommand' && git config --local --unset-all 'core.sshCommand' || :"
consumer (ubuntu-24.04-arm, aarch64-linux-gnu)	Run actions/checkout@d23441a48e516b6c34aea4fa41551a30e30af803	2026-09-08T15:18:22.4108604Z Removing HTTP extra header
consumer (ubuntu-24.04-arm, aarch64-linux-gnu)	Run actions/checkout@d23441a48e516b6c34aea4fa41551a30e30af803	2026-09-08T15:18:22.4110154Z [command]/usr/bin/git config --local --name-only --get-regexp http\.https\:\/\/github\.com\/\.extraheader
consumer (ubuntu-24.04-arm, aarch64-linux-gnu)	Run actions/checkout@d23441a48e516b6c34aea4fa41551a30e30af803	2026-09-08T15:18:22.4139163Z [command]/usr/bin/git submodule foreach --recursive sh -c "git config --local --name-only --get-regexp 'http\.https\:\/\/github\.com\/\.extraheader' && git config --local --unset-all 'http.https://github.com/.extraheader' || :"
consumer (ubuntu-24.04-arm, aarch64-linux-gnu)	Run actions/checkout@d23441a48e516b6c34aea4fa41551a30e30af803	2026-09-08T15:18:22.4323525Z Removing includeIf entries pointing to credentials config files
consumer (ubuntu-24.04-arm, aarch64-linux-gnu)	Run actions/checkout@d23441a48e516b6c34aea4fa41551a30e30af803	2026-09-08T15:18:22.4326384Z [command]/usr/bin/git config --local --name-only --get-regexp ^includeIf\.gitdir:
consumer (ubuntu-24.04-arm, aarch64-linux-gnu)	Run actions/checkout@d23441a48e516b6c34aea4fa41551a30e30af803	2026-09-08T15:18:22.4370740Z includeif.gitdir:/home/runner/work/Aphid/Aphid/.git.path
consumer (ubuntu-24.04-arm, aarch64-linux-gnu)	Run actions/checkout@d23441a48e516b6c34aea4fa41551a30e30af803	2026-09-08T15:18:22.4372140Z includeif.gitdir:/home/runner/work/Aphid/Aphid/.git/worktrees/*.path
consumer (ubuntu-24.04-arm, aarch64-linux-gnu)	Run actions/checkout@d23441a48e516b6c34aea4fa41551a30e30af803	2026-09-08T15:18:22.4373029Z includeif.gitdir:/github/workspace/.git.path
consumer (ubuntu-24.04-arm, aarch64-linux-gnu)	Run actions/checkout@d23441a48e516b6c34aea4fa41551a30e30af803	2026-09-08T15:18:22.4373585Z includeif.gitdir:/github/workspace/.git/worktrees/*.path
consumer (ubuntu-24.04-arm, aarch64-linux-gnu)	Run actions/checkout@d23441a48e516b6c34aea4fa41551a30e30af803	2026-09-08T15:18:22.4379291Z [command]/usr/bin/git config --local --get-all includeif.gitdir:/home/runner/work/Aphid/Aphid/.git.path
consumer (ubuntu-24.04-arm, aarch64-linux-gnu)	Run actions/checkout@d23441a48e516b6c34aea4fa41551a30e30af803	2026-09-08T15:18:22.4402204Z /home/runner/work/_temp/git-credentials-d997f078-2ba2-40de-91c1-b7532015472c.config
consumer (ubuntu-24.04-arm, aarch64-linux-gnu)	Run actions/checkout@d23441a48e516b6c34aea4fa41551a30e30af803	2026-09-08T15:18:22.4410789Z [command]/usr/bin/git config --local --unset includeif.gitdir:/home/runner/work/Aphid/Aphid/.git.path /home/runner/work/_temp/git-credentials-d997f078-2ba2-40de-91c1-b7532015472c.config
consumer (ubuntu-24.04-arm, aarch64-linux-gnu)	Run actions/checkout@d23441a48e516b6c34aea4fa41551a30e30af803	2026-09-08T15:18:22.4442682Z [command]/usr/bin/git config --local --get-all includeif.gitdir:/home/runner/work/Aphid/Aphid/.git/worktrees/*.path
consumer (ubuntu-24.04-arm, aarch64-linux-gnu)	Run actions/checkout@d23441a48e516b6c34aea4fa41551a30e30af803	2026-09-08T15:18:22.4465174Z /home/runner/work/_temp/git-credentials-d997f078-2ba2-40de-91c1-b7532015472c.config
consumer (ubuntu-24.04-arm, aarch64-linux-gnu)	Run actions/checkout@d23441a48e516b6c34aea4fa41551a30e30af803	2026-09-08T15:18:22.4473276Z [command]/usr/bin/git config --local --unset includeif.gitdir:/home/runner/work/Aphid/Aphid/.git/worktrees/*.path /home/runner/work/_temp/git-credentials-d997f078-2ba2-40de-91c1-b7532015472c.config
consumer (ubuntu-24.04-arm, aarch64-linux-gnu)	Run actions/checkout@d23441a48e516b6c34aea4fa41551a30e30af803	2026-09-08T15:18:22.4503774Z [command]/usr/bin/git config --local --get-all includeif.gitdir:/github/workspace/.git.path
consumer (ubuntu-24.04-arm, aarch64-linux-gnu)	Run actions/checkout@d23441a48e516b6c34aea4fa41551a30e30af803	2026-09-08T15:18:22.4526389Z /github/runner_temp/git-credentials-d997f078-2ba2-40de-91c1-b7532015472c.config
consumer (ubuntu-24.04-arm, aarch64-linux-gnu)	Run actions/checkout@d23441a48e516b6c34aea4fa41551a30e30af803	2026-09-08T15:18:22.4534198Z [command]/usr/bin/git config --local --unset includeif.gitdir:/github/workspace/.git.path /github/runner_temp/git-credentials-d997f078-2ba2-40de-91c1-b7532015472c.config
consumer (ubuntu-24.04-arm, aarch64-linux-gnu)	Run actions/checkout@d23441a48e516b6c34aea4fa41551a30e30af803	2026-09-08T15:18:22.4564279Z [command]/usr/bin/git config --local --get-all includeif.gitdir:/github/workspace/.git/worktrees/*.path
consumer (ubuntu-24.04-arm, aarch64-linux-gnu)	Run actions/checkout@d23441a48e516b6c34aea4fa41551a30e30af803	2026-09-08T15:18:22.4585899Z /github/runner_temp/git-credentials-d997f078-2ba2-40de-91c1-b7532015472c.config
consumer (ubuntu-24.04-arm, aarch64-linux-gnu)	Run actions/checkout@d23441a48e516b6c34aea4fa41551a30e30af803	2026-09-08T15:18:22.4593109Z [command]/usr/bin/git config --local --unset includeif.gitdir:/github/workspace/.git/worktrees/*.path /github/runner_temp/git-credentials-d997f078-2ba2-40de-91c1-b7532015472c.config
consumer (ubuntu-24.04-arm, aarch64-linux-gnu)	Run actions/checkout@d23441a48e516b6c34aea4fa41551a30e30af803	2026-09-08T15:18:22.4624263Z [command]/usr/bin/git submodule foreach --recursive git config --local --show-origin --name-only --get-regexp remote.origin.url
consumer (ubuntu-24.04-arm, aarch64-linux-gnu)	Run actions/checkout@d23441a48e516b6c34aea4fa41551a30e30af803	2026-09-08T15:18:22.4812949Z Removing credentials config '/home/runner/work/_temp/git-credentials-d997f078-2ba2-40de-91c1-b7532015472c.config'
consumer (ubuntu-24.04-arm, aarch64-linux-gnu)	Run actions/checkout@d23441a48e516b6c34aea4fa41551a30e30af803	2026-09-08T15:18:22.4820685Z ##[endgroup]
consumer (ubuntu-24.04-arm, aarch64-linux-gnu)	Run actions/setup-python@ece7cb06caefa5fff74198d8649806c4678c61a1	﻿2026-09-08T15:18:22.5085575Z ##[group]Run actions/setup-python@ece7cb06caefa5fff74198d8649806c4678c61a1
consumer (ubuntu-24.04-arm, aarch64-linux-gnu)	Run actions/setup-python@ece7cb06caefa5fff74198d8649806c4678c61a1	2026-09-08T15:18:22.5086442Z with:
consumer (ubuntu-24.04-arm, aarch64-linux-gnu)	Run actions/setup-python@ece7cb06caefa5fff74198d8649806c4678c61a1	2026-09-08T15:18:22.5086926Z   python-version: 3.14
consumer (ubuntu-24.04-arm, aarch64-linux-gnu)	Run actions/setup-python@ece7cb06caefa5fff74198d8649806c4678c61a1	2026-09-08T15:18:22.5087315Z   check-latest: false
consumer (ubuntu-24.04-arm, aarch64-linux-gnu)	Run actions/setup-python@ece7cb06caefa5fff74198d8649806c4678c61a1	2026-09-08T15:18:22.5090124Z   token: ***
consumer (ubuntu-24.04-arm, aarch64-linux-gnu)	Run actions/setup-python@ece7cb06caefa5fff74198d8649806c4678c61a1	2026-09-08T15:18:22.5090616Z   update-environment: true
consumer (ubuntu-24.04-arm, aarch64-linux-gnu)	Run actions/setup-python@ece7cb06caefa5fff74198d8649806c4678c61a1	2026-09-08T15:18:22.5090960Z   allow-prereleases: false
consumer (ubuntu-24.04-arm, aarch64-linux-gnu)	Run actions/setup-python@ece7cb06caefa5fff74198d8649806c4678c61a1	2026-09-08T15:18:22.5091350Z   freethreaded: false
consumer (ubuntu-24.04-arm, aarch64-linux-gnu)	Run actions/setup-python@ece7cb06caefa5fff74198d8649806c4678c61a1	2026-09-08T15:18:22.5091666Z ##[endgroup]
consumer (ubuntu-24.04-arm, aarch64-linux-gnu)	Run actions/setup-python@ece7cb06caefa5fff74198d8649806c4678c61a1	2026-09-08T15:18:22.6165873Z ##[group]Installed versions
consumer (ubuntu-24.04-arm, aarch64-linux-gnu)	Run actions/setup-python@ece7cb06caefa5fff74198d8649806c4678c61a1	2026-09-08T15:18:22.6241503Z Successfully set up CPython (3.14.7)
consumer (ubuntu-24.04-arm, aarch64-linux-gnu)	Run actions/setup-python@ece7cb06caefa5fff74198d8649806c4678c61a1	2026-09-08T15:18:22.6242527Z ##[endgroup]
consumer (ubuntu-24.04-arm, aarch64-linux-gnu)	Run erlef/setup-beam@54075bcc5e249e4758d363f27d099f55d843f124	﻿2026-09-08T15:18:22.6408099Z ##[group]Run erlef/setup-beam@54075bcc5e249e4758d363f27d099f55d843f124
consumer (ubuntu-24.04-arm, aarch64-linux-gnu)	Run erlef/setup-beam@54075bcc5e249e4758d363f27d099f55d843f124	2026-09-08T15:18:22.6408739Z with:
consumer (ubuntu-24.04-arm, aarch64-linux-gnu)	Run erlef/setup-beam@54075bcc5e249e4758d363f27d099f55d843f124	2026-09-08T15:18:22.6409196Z   otp-version: 29.0.4
consumer (ubuntu-24.04-arm, aarch64-linux-gnu)	Run erlef/setup-beam@54075bcc5e249e4758d363f27d099f55d843f124	2026-09-08T15:18:22.6409575Z   elixir-version: 1.20.0
consumer (ubuntu-24.04-arm, aarch64-linux-gnu)	Run erlef/setup-beam@54075bcc5e249e4758d363f27d099f55d843f124	2026-09-08T15:18:22.6412842Z   github-token: ***
consumer (ubuntu-24.04-arm, aarch64-linux-gnu)	Run erlef/setup-beam@54075bcc5e249e4758d363f27d099f55d843f124	2026-09-08T15:18:22.6413264Z   otp-architecture: 64
consumer (ubuntu-24.04-arm, aarch64-linux-gnu)	Run erlef/setup-beam@54075bcc5e249e4758d363f27d099f55d843f124	2026-09-08T15:18:22.6413608Z   install-hex: true
consumer (ubuntu-24.04-arm, aarch64-linux-gnu)	Run erlef/setup-beam@54075bcc5e249e4758d363f27d099f55d843f124	2026-09-08T15:18:22.6414029Z   install-rebar: true
consumer (ubuntu-24.04-arm, aarch64-linux-gnu)	Run erlef/setup-beam@54075bcc5e249e4758d363f27d099f55d843f124	2026-09-08T15:18:22.6414421Z   version-type: loose
consumer (ubuntu-24.04-arm, aarch64-linux-gnu)	Run erlef/setup-beam@54075bcc5e249e4758d363f27d099f55d843f124	2026-09-08T15:18:22.6414789Z   disable_problem_matchers: false
consumer (ubuntu-24.04-arm, aarch64-linux-gnu)	Run erlef/setup-beam@54075bcc5e249e4758d363f27d099f55d843f124	2026-09-08T15:18:22.6415265Z   hexpm-mirrors: https://builds.hex.pm
consumer (ubuntu-24.04-arm, aarch64-linux-gnu)	Run erlef/setup-beam@54075bcc5e249e4758d363f27d099f55d843f124	
consumer (ubuntu-24.04-arm, aarch64-linux-gnu)	Run erlef/setup-beam@54075bcc5e249e4758d363f27d099f55d843f124	2026-09-08T15:18:22.6415672Z env:
consumer (ubuntu-24.04-arm, aarch64-linux-gnu)	Run erlef/setup-beam@54075bcc5e249e4758d363f27d099f55d843f124	2026-09-08T15:18:22.6416104Z   pythonLocation: /opt/hostedtoolcache/Python/3.14.7/arm64
consumer (ubuntu-24.04-arm, aarch64-linux-gnu)	Run erlef/setup-beam@54075bcc5e249e4758d363f27d099f55d843f124	2026-09-08T15:18:22.6416961Z   PKG_CONFIG_PATH: /opt/hostedtoolcache/Python/3.14.7/arm64/lib/pkgconfig
consumer (ubuntu-24.04-arm, aarch64-linux-gnu)	Run erlef/setup-beam@54075bcc5e249e4758d363f27d099f55d843f124	2026-09-08T15:18:22.6417494Z   Python_ROOT_DIR: /opt/hostedtoolcache/Python/3.14.7/arm64
consumer (ubuntu-24.04-arm, aarch64-linux-gnu)	Run erlef/setup-beam@54075bcc5e249e4758d363f27d099f55d843f124	2026-09-08T15:18:22.6418062Z   Python2_ROOT_DIR: /opt/hostedtoolcache/Python/3.14.7/arm64
consumer (ubuntu-24.04-arm, aarch64-linux-gnu)	Run erlef/setup-beam@54075bcc5e249e4758d363f27d099f55d843f124	2026-09-08T15:18:22.6418694Z   Python3_ROOT_DIR: /opt/hostedtoolcache/Python/3.14.7/arm64
consumer (ubuntu-24.04-arm, aarch64-linux-gnu)	Run erlef/setup-beam@54075bcc5e249e4758d363f27d099f55d843f124	2026-09-08T15:18:22.6419306Z   LD_LIBRARY_PATH: /opt/hostedtoolcache/Python/3.14.7/arm64/lib
consumer (ubuntu-24.04-arm, aarch64-linux-gnu)	Run erlef/setup-beam@54075bcc5e249e4758d363f27d099f55d843f124	2026-09-08T15:18:22.6419791Z ##[endgroup]
consumer (ubuntu-24.04-arm, aarch64-linux-gnu)	Run erlef/setup-beam@54075bcc5e249e4758d363f27d099f55d843f124	2026-09-08T15:18:22.9037018Z ##[group]Installing Erlang/OTP OTP-29.0.4 - built on arm64/ubuntu-24.04
consumer (ubuntu-24.04-arm, aarch64-linux-gnu)	Run erlef/setup-beam@54075bcc5e249e4758d363f27d099f55d843f124	2026-09-08T15:18:23.4805025Z [command]/usr/bin/tar zx --strip-components=1 --warning=no-unknown-keyword --overwrite -C /home/runner/work/_temp/9314b7a4-6cdc-4cea-af19-ecd38ecaa030 -f /home/runner/work/_temp/b98f752f-0583-4622-989c-a5b42c6faa7a
consumer (ubuntu-24.04-arm, aarch64-linux-gnu)	Run erlef/setup-beam@54075bcc5e249e4758d363f27d099f55d843f124	2026-09-08T15:18:25.6720558Z [command]/home/runner/work/_temp/.setup-beam/otp/Install -minimal /home/runner/work/_temp/.setup-beam/otp
consumer (ubuntu-24.04-arm, aarch64-linux-gnu)	Run erlef/setup-beam@54075bcc5e249e4758d363f27d099f55d843f124	2026-09-08T15:18:25.6946382Z Installed Erlang/OTP version
consumer (ubuntu-24.04-arm, aarch64-linux-gnu)	Run erlef/setup-beam@54075bcc5e249e4758d363f27d099f55d843f124	2026-09-08T15:18:25.6964183Z [command]/home/runner/work/_temp/.setup-beam/otp/bin/erl -version
consumer (ubuntu-24.04-arm, aarch64-linux-gnu)	Run erlef/setup-beam@54075bcc5e249e4758d363f27d099f55d843f124	2026-09-08T15:18:25.7053167Z Erlang (SMP,ASYNC_THREADS) (BEAM) emulator version 17.0.4
consumer (ubuntu-24.04-arm, aarch64-linux-gnu)	Run erlef/setup-beam@54075bcc5e249e4758d363f27d099f55d843f124	2026-09-08T15:18:25.7089661Z ##[endgroup]
consumer (ubuntu-24.04-arm, aarch64-linux-gnu)	Run erlef/setup-beam@54075bcc5e249e4758d363f27d099f55d843f124	2026-09-08T15:18:25.7090701Z [command]/home/runner/work/_temp/.setup-beam/otp/bin/erl -noshell -eval io:format(erlang:system_info(otp_release)), halt().
consumer (ubuntu-24.04-arm, aarch64-linux-gnu)	Run erlef/setup-beam@54075bcc5e249e4758d363f27d099f55d843f124	2026-09-08T15:18:25.8905608Z 29::debug::Was not able to coerce latest with semver
consumer (ubuntu-24.04-arm, aarch64-linux-gnu)	Run erlef/setup-beam@54075bcc5e249e4758d363f27d099f55d843f124	2026-09-08T15:18:25.8919404Z Using Elixir 1.20.0 (built for Erlang/OTP 29)
consumer (ubuntu-24.04-arm, aarch64-linux-gnu)	Run erlef/setup-beam@54075bcc5e249e4758d363f27d099f55d843f124	2026-09-08T15:18:25.8920264Z ##[group]Installing Elixir v1.20.0-otp-29
consumer (ubuntu-24.04-arm, aarch64-linux-gnu)	Run erlef/setup-beam@54075bcc5e249e4758d363f27d099f55d843f124	2026-09-08T15:18:26.0410831Z [command]/usr/bin/unzip -o -q /home/runner/work/_temp/84bb077a-7f99-4a39-948f-0dfd99ad8b2a
consumer (ubuntu-24.04-arm, aarch64-linux-gnu)	Run erlef/setup-beam@54075bcc5e249e4758d363f27d099f55d843f124	2026-09-08T15:18:26.3592150Z Installed Elixir version
consumer (ubuntu-24.04-arm, aarch64-linux-gnu)	Run erlef/setup-beam@54075bcc5e249e4758d363f27d099f55d843f124	2026-09-08T15:18:26.3611755Z [command]/home/runner/work/_temp/.setup-beam/elixir/bin/elixir -v
consumer (ubuntu-24.04-arm, aarch64-linux-gnu)	Run erlef/setup-beam@54075bcc5e249e4758d363f27d099f55d843f124	2026-09-08T15:18:26.5424600Z Erlang/OTP 29 [erts-17.0.4] [source] [64-bit] [smp:4:4] [ds:4:4:10] [async-threads:1] [jit]
consumer (ubuntu-24.04-arm, aarch64-linux-gnu)	Run erlef/setup-beam@54075bcc5e249e4758d363f27d099f55d843f124	2026-09-08T15:18:26.5425368Z 
consumer (ubuntu-24.04-arm, aarch64-linux-gnu)	Run erlef/setup-beam@54075bcc5e249e4758d363f27d099f55d843f124	2026-09-08T15:18:26.5467995Z Elixir 1.20.0 (compiled with Erlang/OTP 29)
consumer (ubuntu-24.04-arm, aarch64-linux-gnu)	Run erlef/setup-beam@54075bcc5e249e4758d363f27d099f55d843f124	2026-09-08T15:18:26.5510959Z ##[endgroup]
consumer (ubuntu-24.04-arm, aarch64-linux-gnu)	Run erlef/setup-beam@54075bcc5e249e4758d363f27d099f55d843f124	2026-09-08T15:18:26.5511581Z ##[group]Running mix local.rebar,--force
consumer (ubuntu-24.04-arm, aarch64-linux-gnu)	Run erlef/setup-beam@54075bcc5e249e4758d363f27d099f55d843f124	2026-09-08T15:18:26.5521213Z [command]/home/runner/work/_temp/.setup-beam/elixir/bin/mix local.rebar --force
consumer (ubuntu-24.04-arm, aarch64-linux-gnu)	Run erlef/setup-beam@54075bcc5e249e4758d363f27d099f55d843f124	2026-09-08T15:18:27.3506008Z * creating /home/runner/.mix/elixir/1-20-otp-29/rebar3
consumer (ubuntu-24.04-arm, aarch64-linux-gnu)	Run erlef/setup-beam@54075bcc5e249e4758d363f27d099f55d843f124	2026-09-08T15:18:27.3555963Z ##[endgroup]
consumer (ubuntu-24.04-arm, aarch64-linux-gnu)	Run erlef/setup-beam@54075bcc5e249e4758d363f27d099f55d843f124	2026-09-08T15:18:27.3556791Z ##[group]Running mix local.hex,--force
consumer (ubuntu-24.04-arm, aarch64-linux-gnu)	Run erlef/setup-beam@54075bcc5e249e4758d363f27d099f55d843f124	2026-09-08T15:18:27.3573831Z [command]/home/runner/work/_temp/.setup-beam/elixir/bin/mix local.hex --force
consumer (ubuntu-24.04-arm, aarch64-linux-gnu)	Run erlef/setup-beam@54075bcc5e249e4758d363f27d099f55d843f124	2026-09-08T15:18:28.1828627Z * creating /home/runner/.mix/archives/hex-2.5.1
consumer (ubuntu-24.04-arm, aarch64-linux-gnu)	Run erlef/setup-beam@54075bcc5e249e4758d363f27d099f55d843f124	2026-09-08T15:18:28.1898845Z ##[endgroup]
consumer (ubuntu-24.04-arm, aarch64-linux-gnu)	Install consumer proof prerequisites	﻿2026-09-08T15:18:28.2047028Z ##[group]Run sudo apt-get update
consumer (ubuntu-24.04-arm, aarch64-linux-gnu)	Install consumer proof prerequisites	2026-09-08T15:18:28.2047542Z ^[[36;1msudo apt-get update^[[0m
consumer (ubuntu-24.04-arm, aarch64-linux-gnu)	Install consumer proof prerequisites	2026-09-08T15:18:28.2048039Z ^[[36;1msudo apt-get install --yes bubblewrap binutils^[[0m
consumer (ubuntu-24.04-arm, aarch64-linux-gnu)	Install consumer proof prerequisites	2026-09-08T15:18:28.2048415Z ^[[36;1mmix local.hex --force^[[0m
consumer (ubuntu-24.04-arm, aarch64-linux-gnu)	Install consumer proof prerequisites	2026-09-08T15:18:28.2157927Z shell: /usr/bin/bash -e {0}
consumer (ubuntu-24.04-arm, aarch64-linux-gnu)	Install consumer proof prerequisites	2026-09-08T15:18:28.2158451Z env:
consumer (ubuntu-24.04-arm, aarch64-linux-gnu)	Install consumer proof prerequisites	2026-09-08T15:18:28.2158812Z   pythonLocation: /opt/hostedtoolcache/Python/3.14.7/arm64
consumer (ubuntu-24.04-arm, aarch64-linux-gnu)	Install consumer proof prerequisites	2026-09-08T15:18:28.2159269Z   PKG_CONFIG_PATH: /opt/hostedtoolcache/Python/3.14.7/arm64/lib/pkgconfig
consumer (ubuntu-24.04-arm, aarch64-linux-gnu)	Install consumer proof prerequisites	2026-09-08T15:18:28.2159773Z   Python_ROOT_DIR: /opt/hostedtoolcache/Python/3.14.7/arm64
consumer (ubuntu-24.04-arm, aarch64-linux-gnu)	Install consumer proof prerequisites	2026-09-08T15:18:28.2160202Z   Python2_ROOT_DIR: /opt/hostedtoolcache/Python/3.14.7/arm64
consumer (ubuntu-24.04-arm, aarch64-linux-gnu)	Install consumer proof prerequisites	2026-09-08T15:18:28.2160664Z   Python3_ROOT_DIR: /opt/hostedtoolcache/Python/3.14.7/arm64
consumer (ubuntu-24.04-arm, aarch64-linux-gnu)	Install consumer proof prerequisites	2026-09-08T15:18:28.2161082Z   LD_LIBRARY_PATH: /opt/hostedtoolcache/Python/3.14.7/arm64/lib
consumer (ubuntu-24.04-arm, aarch64-linux-gnu)	Install consumer proof prerequisites	2026-09-08T15:18:28.2161498Z   INSTALL_DIR_FOR_OTP: /home/runner/work/_temp/.setup-beam/otp
consumer (ubuntu-24.04-arm, aarch64-linux-gnu)	Install consumer proof prerequisites	2026-09-08T15:18:28.2161975Z   INSTALL_DIR_FOR_ELIXIR: /home/runner/work/_temp/.setup-beam/elixir
consumer (ubuntu-24.04-arm, aarch64-linux-gnu)	Install consumer proof prerequisites	2026-09-08T15:18:28.2162505Z ##[endgroup]
consumer (ubuntu-24.04-arm, aarch64-linux-gnu)	Install consumer proof prerequisites	2026-09-08T15:18:28.3061953Z Get:1 https://packages.microsoft.com/ubuntu/24.04/prod noble InRelease [3600 B]
consumer (ubuntu-24.04-arm, aarch64-linux-gnu)	Install consumer proof prerequisites	2026-09-08T15:18:28.3553647Z Get:2 https://packages.microsoft.com/ubuntu/24.04/prod noble/main arm64 Packages [394 kB]
consumer (ubuntu-24.04-arm, aarch64-linux-gnu)	Install consumer proof prerequisites	2026-09-08T15:18:28.3662225Z Get:3 https://packages.microsoft.com/ubuntu/24.04/prod noble/main amd64 Packages [441 kB]
consumer (ubuntu-24.04-arm, aarch64-linux-gnu)	Install consumer proof prerequisites	2026-09-08T15:18:28.6992996Z Hit:4 http://ports.ubuntu.com/ubuntu-ports noble InRelease
consumer (ubuntu-24.04-arm, aarch64-linux-gnu)	Install consumer proof prerequisites	2026-09-08T15:18:28.8523373Z Get:5 http://ports.ubuntu.com/ubuntu-ports noble-updates InRelease [126 kB]
consumer (ubuntu-24.04-arm, aarch64-linux-gnu)	Install consumer proof prerequisites	2026-09-08T15:18:29.5127163Z Get:6 http://ports.ubuntu.com/ubuntu-ports noble-backports InRelease [126 kB]
consumer (ubuntu-24.04-arm, aarch64-linux-gnu)	Install consumer proof prerequisites	2026-09-08T15:18:29.8278954Z Get:7 http://ports.ubuntu.com/ubuntu-ports noble-security InRelease [126 kB]
consumer (ubuntu-24.04-arm, aarch64-linux-gnu)	Install consumer proof prerequisites	2026-09-08T15:18:30.0394402Z Get:8 http://ports.ubuntu.com/ubuntu-ports noble-updates/main arm64 Packages [1318 kB]
consumer (ubuntu-24.04-arm, aarch64-linux-gnu)	Install consumer proof prerequisites	2026-09-08T15:18:30.7243849Z Get:9 http://ports.ubuntu.com/ubuntu-ports noble-updates/main Translation-en [292 kB]
consumer (ubuntu-24.04-arm, aarch64-linux-gnu)	Install consumer proof prerequisites	2026-09-08T15:18:30.9072087Z Get:10 http://ports.ubuntu.com/ubuntu-ports noble-updates/main arm64 Components [178 kB]
consumer (ubuntu-24.04-arm, aarch64-linux-gnu)	Install consumer proof prerequisites	2026-09-08T15:18:31.0781709Z Get:11 http://ports.ubuntu.com/ubuntu-ports noble-updates/universe arm64 Packages [1731 kB]
consumer (ubuntu-24.04-arm, aarch64-linux-gnu)	Install consumer proof prerequisites	2026-09-08T15:18:31.4677343Z Get:12 http://ports.ubuntu.com/ubuntu-ports noble-updates/universe Translation-en [339 kB]
consumer (ubuntu-24.04-arm, aarch64-linux-gnu)	Install consumer proof prerequisites	2026-09-08T15:18:31.6407812Z Get:13 http://ports.ubuntu.com/ubuntu-ports noble-updates/universe arm64 Components [387 kB]
consumer (ubuntu-24.04-arm, aarch64-linux-gnu)	Install consumer proof prerequisites	2026-09-08T15:18:31.8164019Z Get:14 http://ports.ubuntu.com/ubuntu-ports noble-updates/restricted arm64 Packages [2320 kB]
consumer (ubuntu-24.04-arm, aarch64-linux-gnu)	Install consumer proof prerequisites	2026-09-08T15:18:32.1486823Z Get:15 http://ports.ubuntu.com/ubuntu-ports noble-updates/restricted Translation-en [352 kB]
consumer (ubuntu-24.04-arm, aarch64-linux-gnu)	Install consumer proof prerequisites	2026-09-08T15:18:32.3110535Z Get:16 http://ports.ubuntu.com/ubuntu-ports noble-backports/main arm64 Components [3576 B]
consumer (ubuntu-24.04-arm, aarch64-linux-gnu)	Install consumer proof prerequisites	2026-09-08T15:18:32.4648380Z Get:17 http://ports.ubuntu.com/ubuntu-ports noble-backports/universe arm64 Components [12.6 kB]
consumer (ubuntu-24.04-arm, aarch64-linux-gnu)	Install consumer proof prerequisites	2026-09-08T15:18:32.8118724Z Get:18 http://ports.ubuntu.com/ubuntu-ports noble-security/main arm64 Packages [1067 kB]
consumer (ubuntu-24.04-arm, aarch64-linux-gnu)	Install consumer proof prerequisites	2026-09-08T15:18:32.9952886Z Get:19 http://ports.ubuntu.com/ubuntu-ports noble-security/main Translation-en [213 kB]
consumer (ubuntu-24.04-arm, aarch64-linux-gnu)	Install consumer proof prerequisites	2026-09-08T15:18:33.1537158Z Get:20 http://ports.ubuntu.com/ubuntu-ports noble-security/main arm64 Components [43.3 kB]
consumer (ubuntu-24.04-arm, aarch64-linux-gnu)	Install consumer proof prerequisites	2026-09-08T15:18:33.3078102Z Get:21 http://ports.ubuntu.com/ubuntu-ports noble-security/universe arm64 Packages [1280 kB]
consumer (ubuntu-24.04-arm, aarch64-linux-gnu)	Install consumer proof prerequisites	2026-09-08T15:18:33.4967181Z Get:22 http://ports.ubuntu.com/ubuntu-ports noble-security/universe Translation-en [241 kB]
consumer (ubuntu-24.04-arm, aarch64-linux-gnu)	Install consumer proof prerequisites	2026-09-08T15:18:33.6565264Z Get:23 http://ports.ubuntu.com/ubuntu-ports noble-security/universe arm64 Components [76.2 kB]
consumer (ubuntu-24.04-arm, aarch64-linux-gnu)	Install consumer proof prerequisites	2026-09-08T15:18:33.8113199Z Get:24 http://ports.ubuntu.com/ubuntu-ports noble-security/restricted arm64 Packages [2214 kB]
consumer (ubuntu-24.04-arm, aarch64-linux-gnu)	Install consumer proof prerequisites	2026-09-08T15:18:34.0271909Z Get:25 http://ports.ubuntu.com/ubuntu-ports noble-security/restricted Translation-en [334 kB]
consumer (ubuntu-24.04-arm, aarch64-linux-gnu)	Install consumer proof prerequisites	2026-09-08T15:18:37.5059286Z Fetched 13.6 MB in 6s (2345 kB/s)
consumer (ubuntu-24.04-arm, aarch64-linux-gnu)	Install consumer proof prerequisites	2026-09-08T15:18:38.4982942Z Reading package lists...
consumer (ubuntu-24.04-arm, aarch64-linux-gnu)	Install consumer proof prerequisites	2026-09-08T15:18:38.5285332Z Reading package lists...
consumer (ubuntu-24.04-arm, aarch64-linux-gnu)	Install consumer proof prerequisites	2026-09-08T15:18:38.7761714Z Building dependency tree...
consumer (ubuntu-24.04-arm, aarch64-linux-gnu)	Install consumer proof prerequisites	2026-09-08T15:18:38.7766850Z Reading state information...
consumer (ubuntu-24.04-arm, aarch64-linux-gnu)	Install consumer proof prerequisites	2026-09-08T15:18:39.0311548Z binutils is already the newest version (2.42-4ubuntu2.10).
consumer (ubuntu-24.04-arm, aarch64-linux-gnu)	Install consumer proof prerequisites	2026-09-08T15:18:39.0312196Z The following NEW packages will be installed:
consumer (ubuntu-24.04-arm, aarch64-linux-gnu)	Install consumer proof prerequisites	2026-09-08T15:18:39.0319131Z   bubblewrap
consumer (ubuntu-24.04-arm, aarch64-linux-gnu)	Install consumer proof prerequisites	2026-09-08T15:18:39.1449211Z 0 upgraded, 1 newly installed, 0 to remove and 43 not upgraded.
consumer (ubuntu-24.04-arm, aarch64-linux-gnu)	Install consumer proof prerequisites	2026-09-08T15:18:39.1449751Z Need to get 49.7 kB of archives.
consumer (ubuntu-24.04-arm, aarch64-linux-gnu)	Install consumer proof prerequisites	2026-09-08T15:18:39.1450517Z After this operation, 129 kB of additional disk space will be used.
consumer (ubuntu-24.04-arm, aarch64-linux-gnu)	Install consumer proof prerequisites	2026-09-08T15:18:39.1451167Z Get:1 http://ports.ubuntu.com/ubuntu-ports noble-updates/main arm64 bubblewrap arm64 0.9.0-1ubuntu0.1 [49.7 kB]
consumer (ubuntu-24.04-arm, aarch64-linux-gnu)	Install consumer proof prerequisites	2026-09-08T15:18:39.4918295Z Fetched 49.7 kB in 0s (248 kB/s)
consumer (ubuntu-24.04-arm, aarch64-linux-gnu)	Install consumer proof prerequisites	2026-09-08T15:18:39.5120925Z Selecting previously unselected package bubblewrap.
consumer (ubuntu-24.04-arm, aarch64-linux-gnu)	Install consumer proof prerequisites	2026-09-08T15:18:39.5252821Z (Reading database ... 
consumer (ubuntu-24.04-arm, aarch64-linux-gnu)	Install consumer proof prerequisites	2026-09-08T15:18:39.5253915Z (Reading database ... 5%
consumer (ubuntu-24.04-arm, aarch64-linux-gnu)	Install consumer proof prerequisites	2026-09-08T15:18:39.5254335Z (Reading database ... 10%
consumer (ubuntu-24.04-arm, aarch64-linux-gnu)	Install consumer proof prerequisites	2026-09-08T15:18:39.5254809Z (Reading database ... 15%
consumer (ubuntu-24.04-arm, aarch64-linux-gnu)	Install consumer proof prerequisites	2026-09-08T15:18:39.5255087Z (Reading database ... 20%
consumer (ubuntu-24.04-arm, aarch64-linux-gnu)	Install consumer proof prerequisites	2026-09-08T15:18:39.5255403Z (Reading database ... 25%
consumer (ubuntu-24.04-arm, aarch64-linux-gnu)	Install consumer proof prerequisites	2026-09-08T15:18:39.5255746Z (Reading database ... 30%
consumer (ubuntu-24.04-arm, aarch64-linux-gnu)	Install consumer proof prerequisites	2026-09-08T15:18:39.5256017Z (Reading database ... 35%
consumer (ubuntu-24.04-arm, aarch64-linux-gnu)	Install consumer proof prerequisites	2026-09-08T15:18:39.5256679Z (Reading database ... 40%
consumer (ubuntu-24.04-arm, aarch64-linux-gnu)	Install consumer proof prerequisites	2026-09-08T15:18:39.5256985Z (Reading database ... 45%
consumer (ubuntu-24.04-arm, aarch64-linux-gnu)	Install consumer proof prerequisites	2026-09-08T15:18:39.5257310Z (Reading database ... 50%
consumer (ubuntu-24.04-arm, aarch64-linux-gnu)	Install consumer proof prerequisites	2026-09-08T15:18:39.5337743Z (Reading database ... 55%
consumer (ubuntu-24.04-arm, aarch64-linux-gnu)	Install consumer proof prerequisites	2026-09-08T15:18:39.7021283Z (Reading database ... 60%
consumer (ubuntu-24.04-arm, aarch64-linux-gnu)	Install consumer proof prerequisites	2026-09-08T15:18:39.9087219Z (Reading database ... 65%
consumer (ubuntu-24.04-arm, aarch64-linux-gnu)	Install consumer proof prerequisites	2026-09-08T15:18:40.0112132Z (Reading database ... 70%
consumer (ubuntu-24.04-arm, aarch64-linux-gnu)	Install consumer proof prerequisites	2026-09-08T15:18:40.0288416Z (Reading database ... 75%
consumer (ubuntu-24.04-arm, aarch64-linux-gnu)	Install consumer proof prerequisites	2026-09-08T15:18:40.1622742Z (Reading database ... 80%
consumer (ubuntu-24.04-arm, aarch64-linux-gnu)	Install consumer proof prerequisites	2026-09-08T15:18:40.3532280Z (Reading database ... 85%
consumer (ubuntu-24.04-arm, aarch64-linux-gnu)	Install consumer proof prerequisites	2026-09-08T15:18:40.5575599Z (Reading database ... 90%
consumer (ubuntu-24.04-arm, aarch64-linux-gnu)	Install consumer proof prerequisites	2026-09-08T15:18:40.6802908Z (Reading database ... 95%
consumer (ubuntu-24.04-arm, aarch64-linux-gnu)	Install consumer proof prerequisites	2026-09-08T15:18:40.6803706Z (Reading database ... 100%
consumer (ubuntu-24.04-arm, aarch64-linux-gnu)	Install consumer proof prerequisites	2026-09-08T15:18:40.6804126Z (Reading database ... 200999 files and directories currently installed.)
consumer (ubuntu-24.04-arm, aarch64-linux-gnu)	Install consumer proof prerequisites	2026-09-08T15:18:40.6844091Z Preparing to unpack .../bubblewrap_0.9.0-1ubuntu0.1_arm64.deb ...
consumer (ubuntu-24.04-arm, aarch64-linux-gnu)	Install consumer proof prerequisites	2026-09-08T15:18:40.6913159Z Unpacking bubblewrap (0.9.0-1ubuntu0.1) ...
consumer (ubuntu-24.04-arm, aarch64-linux-gnu)	Install consumer proof prerequisites	2026-09-08T15:18:40.7339465Z Setting up bubblewrap (0.9.0-1ubuntu0.1) ...
consumer (ubuntu-24.04-arm, aarch64-linux-gnu)	Install consumer proof prerequisites	2026-09-08T15:18:40.7391531Z Processing triggers for man-db (2.12.0-4build2) ...
consumer (ubuntu-24.04-arm, aarch64-linux-gnu)	Install consumer proof prerequisites	2026-09-08T15:18:40.7412483Z Not building database; man-db/auto-update is not 'true'.
consumer (ubuntu-24.04-arm, aarch64-linux-gnu)	Install consumer proof prerequisites	2026-09-08T15:18:42.9119182Z 
consumer (ubuntu-24.04-arm, aarch64-linux-gnu)	Install consumer proof prerequisites	2026-09-08T15:18:42.9119939Z Running kernel seems to be up-to-date.
consumer (ubuntu-24.04-arm, aarch64-linux-gnu)	Install consumer proof prerequisites	2026-09-08T15:18:42.9120248Z 
consumer (ubuntu-24.04-arm, aarch64-linux-gnu)	Install consumer proof prerequisites	2026-09-08T15:18:42.9120596Z No services need to be restarted.
consumer (ubuntu-24.04-arm, aarch64-linux-gnu)	Install consumer proof prerequisites	2026-09-08T15:18:42.9120881Z 
consumer (ubuntu-24.04-arm, aarch64-linux-gnu)	Install consumer proof prerequisites	2026-09-08T15:18:42.9121033Z No containers need to be restarted.
consumer (ubuntu-24.04-arm, aarch64-linux-gnu)	Install consumer proof prerequisites	2026-09-08T15:18:42.9121223Z 
consumer (ubuntu-24.04-arm, aarch64-linux-gnu)	Install consumer proof prerequisites	2026-09-08T15:18:42.9121379Z No user sessions are running outdated binaries.
consumer (ubuntu-24.04-arm, aarch64-linux-gnu)	Install consumer proof prerequisites	2026-09-08T15:18:42.9121647Z 
consumer (ubuntu-24.04-arm, aarch64-linux-gnu)	Install consumer proof prerequisites	2026-09-08T15:18:42.9121930Z No VM guests are running outdated hypervisor (qemu) binaries on this host.
consumer (ubuntu-24.04-arm, aarch64-linux-gnu)	Install consumer proof prerequisites	2026-09-08T15:18:44.9138064Z * creating /home/runner/.mix/archives/hex-2.5.1
consumer (ubuntu-24.04-arm, aarch64-linux-gnu)	Acquire independently pinned source qualification	﻿2026-09-08T15:18:44.9268854Z ##[group]Run python3 - <<'PY'
consumer (ubuntu-24.04-arm, aarch64-linux-gnu)	Acquire independently pinned source qualification	2026-09-08T15:18:44.9269338Z ^[[36;1mpython3 - <<'PY'^[[0m
consumer (ubuntu-24.04-arm, aarch64-linux-gnu)	Acquire independently pinned source qualification	2026-09-08T15:18:44.9269744Z ^[[36;1mimport json, os, re, subprocess^[[0m
consumer (ubuntu-24.04-arm, aarch64-linux-gnu)	Acquire independently pinned source qualification	2026-09-08T15:18:44.9270081Z ^[[36;1mfrom pathlib import Path^[[0m
consumer (ubuntu-24.04-arm, aarch64-linux-gnu)	Acquire independently pinned source qualification	2026-09-08T15:18:44.9270369Z ^[[36;1msource_run = os.environ['SOURCE_RUN']^[[0m
consumer (ubuntu-24.04-arm, aarch64-linux-gnu)	Acquire independently pinned source qualification	2026-09-08T15:18:44.9270805Z ^[[36;1massert re.fullmatch(r'[0-9]+', source_run), 'Invalid run ID'^[[0m
consumer (ubuntu-24.04-arm, aarch64-linux-gnu)	Acquire independently pinned source qualification	2026-09-08T15:18:44.9271336Z ^[[36;1massert re.fullmatch(r'[0-9a-f]{64}', os.environ['SOURCE_SHA256']), 'Invalid source SHA256'^[[0m
consumer (ubuntu-24.04-arm, aarch64-linux-gnu)	Acquire independently pinned source qualification	2026-09-08T15:18:44.9272084Z ^[[36;1mmetadata = json.loads(subprocess.check_output(['gh', 'api', f'repos/catethos/Aphid/actions/runs/{source_run}'], text=True))^[[0m
consumer (ubuntu-24.04-arm, aarch64-linux-gnu)	Acquire independently pinned source qualification	2026-09-08T15:18:44.9273238Z ^[[36;1massert (metadata['status'], metadata['conclusion'], metadata['event'], metadata['head_branch'], metadata['path']) == ('completed', 'success', 'workflow_dispatch', 'main', '.github/workflows/linux-consumer.yml')^[[0m
consumer (ubuntu-24.04-arm, aarch64-linux-gnu)	Acquire independently pinned source qualification	2026-09-08T15:18:44.9274254Z ^[[36;1mPath(os.environ['RUNNER_TEMP'], 'source-run.json').write_text(json.dumps(metadata, indent=2))^[[0m
consumer (ubuntu-24.04-arm, aarch64-linux-gnu)	Acquire independently pinned source qualification	2026-09-08T15:18:44.9275351Z ^[[36;1msubprocess.run(['gh', 'run', 'download', source_run, '--repo', 'catethos/Aphid', '--name', f'combined-source-{source_run}', '--dir', os.environ['RUNNER_TEMP'] + '/qualified-source'], check=True)^[[0m
consumer (ubuntu-24.04-arm, aarch64-linux-gnu)	Acquire independently pinned source qualification	2026-09-08T15:18:44.9276098Z ^[[36;1mPY^[[0m
consumer (ubuntu-24.04-arm, aarch64-linux-gnu)	Acquire independently pinned source qualification	2026-09-08T15:18:44.9330961Z shell: /usr/bin/bash -e {0}
consumer (ubuntu-24.04-arm, aarch64-linux-gnu)	Acquire independently pinned source qualification	2026-09-08T15:18:44.9331390Z env:
consumer (ubuntu-24.04-arm, aarch64-linux-gnu)	Acquire independently pinned source qualification	2026-09-08T15:18:44.9331701Z   pythonLocation: /opt/hostedtoolcache/Python/3.14.7/arm64
consumer (ubuntu-24.04-arm, aarch64-linux-gnu)	Acquire independently pinned source qualification	2026-09-08T15:18:44.9332227Z   PKG_CONFIG_PATH: /opt/hostedtoolcache/Python/3.14.7/arm64/lib/pkgconfig
consumer (ubuntu-24.04-arm, aarch64-linux-gnu)	Acquire independently pinned source qualification	2026-09-08T15:18:44.9332688Z   Python_ROOT_DIR: /opt/hostedtoolcache/Python/3.14.7/arm64
consumer (ubuntu-24.04-arm, aarch64-linux-gnu)	Acquire independently pinned source qualification	2026-09-08T15:18:44.9333089Z   Python2_ROOT_DIR: /opt/hostedtoolcache/Python/3.14.7/arm64
consumer (ubuntu-24.04-arm, aarch64-linux-gnu)	Acquire independently pinned source qualification	2026-09-08T15:18:44.9333548Z   Python3_ROOT_DIR: /opt/hostedtoolcache/Python/3.14.7/arm64
consumer (ubuntu-24.04-arm, aarch64-linux-gnu)	Acquire independently pinned source qualification	2026-09-08T15:18:44.9333971Z   LD_LIBRARY_PATH: /opt/hostedtoolcache/Python/3.14.7/arm64/lib
consumer (ubuntu-24.04-arm, aarch64-linux-gnu)	Acquire independently pinned source qualification	2026-09-08T15:18:44.9334401Z   INSTALL_DIR_FOR_OTP: /home/runner/work/_temp/.setup-beam/otp
consumer (ubuntu-24.04-arm, aarch64-linux-gnu)	Acquire independently pinned source qualification	2026-09-08T15:18:44.9334898Z   INSTALL_DIR_FOR_ELIXIR: /home/runner/work/_temp/.setup-beam/elixir
consumer (ubuntu-24.04-arm, aarch64-linux-gnu)	Acquire independently pinned source qualification	2026-09-08T15:18:44.9338121Z   GH_TOKEN: ***
consumer (ubuntu-24.04-arm, aarch64-linux-gnu)	Acquire independently pinned source qualification	2026-09-08T15:18:44.9338469Z   SOURCE_RUN: 34242496036
consumer (ubuntu-24.04-arm, aarch64-linux-gnu)	Acquire independently pinned source qualification	2026-09-08T15:18:44.9338846Z   SOURCE_SHA256: 9faa9af3eb1c826446b0bf9473e94632e4fbb9fcb6bfc9d85bae1a90862f2448
consumer (ubuntu-24.04-arm, aarch64-linux-gnu)	Acquire independently pinned source qualification	2026-09-08T15:18:44.9339287Z ##[endgroup]
consumer (ubuntu-24.04-arm, aarch64-linux-gnu)	Prove anonymous package-default installation and offline runtime	﻿2026-09-08T15:18:48.2464565Z ##[group]Run set -o pipefail
consumer (ubuntu-24.04-arm, aarch64-linux-gnu)	Prove anonymous package-default installation and offline runtime	2026-09-08T15:18:48.2465076Z ^[[36;1mset -o pipefail^[[0m
consumer (ubuntu-24.04-arm, aarch64-linux-gnu)	Prove anonymous package-default installation and offline runtime	2026-09-08T15:18:48.2465502Z ^[[36;1mpython3 -u - <<'PY' 2>&1 | tee "$RUNNER_TEMP/public-consumer.log"^[[0m
consumer (ubuntu-24.04-arm, aarch64-linux-gnu)	Prove anonymous package-default installation and offline runtime	2026-09-08T15:18:48.2465940Z ^[[36;1mimport hashlib, json, os, subprocess, sys^[[0m
consumer (ubuntu-24.04-arm, aarch64-linux-gnu)	Prove anonymous package-default installation and offline runtime	2026-09-08T15:18:48.2466531Z ^[[36;1mfrom pathlib import Path^[[0m
consumer (ubuntu-24.04-arm, aarch64-linux-gnu)	Prove anonymous package-default installation and offline runtime	2026-09-08T15:18:48.2466938Z ^[[36;1mroot = Path(os.environ['RUNNER_TEMP'])^[[0m
consumer (ubuntu-24.04-arm, aarch64-linux-gnu)	Prove anonymous package-default installation and offline runtime	2026-09-08T15:18:48.2467430Z ^[[36;1mpackages = list((root / 'qualified-source').rglob('aphid-0.1.1-dev-combined.tar'))^[[0m
consumer (ubuntu-24.04-arm, aarch64-linux-gnu)	Prove anonymous package-default installation and offline runtime	2026-09-08T15:18:48.2468028Z ^[[36;1massert len(packages) == 1, 'Expected one exact qualified package'^[[0m
consumer (ubuntu-24.04-arm, aarch64-linux-gnu)	Prove anonymous package-default installation and offline runtime	2026-09-08T15:18:48.2468432Z ^[[36;1mpackage = packages[0]^[[0m
consumer (ubuntu-24.04-arm, aarch64-linux-gnu)	Prove anonymous package-default installation and offline runtime	2026-09-08T15:18:48.2468949Z ^[[36;1massert hashlib.sha256(package.read_bytes()).hexdigest() == os.environ['SOURCE_SHA256'], 'Source pin mismatch'^[[0m
consumer (ubuntu-24.04-arm, aarch64-linux-gnu)	Prove anonymous package-default installation and offline runtime	2026-09-08T15:18:48.2469681Z ^[[36;1mpin = json.loads(Path('native/linux-bundles.json').read_text())[os.environ['APHID_TARGET']]^[[0m
consumer (ubuntu-24.04-arm, aarch64-linux-gnu)	Prove anonymous package-default installation and offline runtime	2026-09-08T15:18:48.2470413Z ^[[36;1murl = 'https://github.com/catethos/Aphid/releases/download/v' + pin['package_version'] + '/' + pin['archive']^[[0m
consumer (ubuntu-24.04-arm, aarch64-linux-gnu)	Prove anonymous package-default installation and offline runtime	2026-09-08T15:18:48.2471089Z ^[[36;1marchive = root / pin['archive']^[[0m
consumer (ubuntu-24.04-arm, aarch64-linux-gnu)	Prove anonymous package-default installation and offline runtime	2026-09-08T15:18:48.2471765Z ^[[36;1msubprocess.run(['curl', '--fail', '--location', '--proto', '=https', '--proto-redir', '=https', '--max-time', '300', '--output', str(archive), url], check=True)^[[0m
consumer (ubuntu-24.04-arm, aarch64-linux-gnu)	Prove anonymous package-default installation and offline runtime	2026-09-08T15:18:48.2473573Z ^[[36;1msubprocess.run([sys.executable, '-u', 'scripts/precompiled_consumer.py', '--archive', str(archive), '--sha256', pin['sha256'], '--package', str(package), '--package-sha256', os.environ['SOURCE_SHA256'], '--destination', str(root / 'public-consumer'), '--hex-dependencies', '--package-default', '--hide-build', str(root / 'qualified-source')] + (['--hex-registry'] if os.environ['HEX_REGISTRY'] == 'true' else []), check=True)^[[0m
consumer (ubuntu-24.04-arm, aarch64-linux-gnu)	Prove anonymous package-default installation and offline runtime	2026-09-08T15:18:48.2475265Z ^[[36;1mPY^[[0m
consumer (ubuntu-24.04-arm, aarch64-linux-gnu)	Prove anonymous package-default installation and offline runtime	2026-09-08T15:18:48.2514371Z shell: /usr/bin/bash -e {0}
consumer (ubuntu-24.04-arm, aarch64-linux-gnu)	Prove anonymous package-default installation and offline runtime	2026-09-08T15:18:48.2514669Z env:
consumer (ubuntu-24.04-arm, aarch64-linux-gnu)	Prove anonymous package-default installation and offline runtime	2026-09-08T15:18:48.2515053Z   pythonLocation: /opt/hostedtoolcache/Python/3.14.7/arm64
consumer (ubuntu-24.04-arm, aarch64-linux-gnu)	Prove anonymous package-default installation and offline runtime	2026-09-08T15:18:48.2515514Z   PKG_CONFIG_PATH: /opt/hostedtoolcache/Python/3.14.7/arm64/lib/pkgconfig
consumer (ubuntu-24.04-arm, aarch64-linux-gnu)	Prove anonymous package-default installation and offline runtime	2026-09-08T15:18:48.2515976Z   Python_ROOT_DIR: /opt/hostedtoolcache/Python/3.14.7/arm64
consumer (ubuntu-24.04-arm, aarch64-linux-gnu)	Prove anonymous package-default installation and offline runtime	2026-09-08T15:18:48.2516724Z   Python2_ROOT_DIR: /opt/hostedtoolcache/Python/3.14.7/arm64
consumer (ubuntu-24.04-arm, aarch64-linux-gnu)	Prove anonymous package-default installation and offline runtime	2026-09-08T15:18:48.2517159Z   Python3_ROOT_DIR: /opt/hostedtoolcache/Python/3.14.7/arm64
consumer (ubuntu-24.04-arm, aarch64-linux-gnu)	Prove anonymous package-default installation and offline runtime	2026-09-08T15:18:48.2517615Z   LD_LIBRARY_PATH: /opt/hostedtoolcache/Python/3.14.7/arm64/lib
consumer (ubuntu-24.04-arm, aarch64-linux-gnu)	Prove anonymous package-default installation and offline runtime	2026-09-08T15:18:48.2518047Z   INSTALL_DIR_FOR_OTP: /home/runner/work/_temp/.setup-beam/otp
consumer (ubuntu-24.04-arm, aarch64-linux-gnu)	Prove anonymous package-default installation and offline runtime	2026-09-08T15:18:48.2518500Z   INSTALL_DIR_FOR_ELIXIR: /home/runner/work/_temp/.setup-beam/elixir
consumer (ubuntu-24.04-arm, aarch64-linux-gnu)	Prove anonymous package-default installation and offline runtime	2026-09-08T15:18:48.2518918Z   APHID_TARGET: aarch64-linux-gnu
consumer (ubuntu-24.04-arm, aarch64-linux-gnu)	Prove anonymous package-default installation and offline runtime	2026-09-08T15:18:48.2519328Z   SOURCE_SHA256: 9faa9af3eb1c826446b0bf9473e94632e4fbb9fcb6bfc9d85bae1a90862f2448
consumer (ubuntu-24.04-arm, aarch64-linux-gnu)	Prove anonymous package-default installation and offline runtime	2026-09-08T15:18:48.2519769Z   HEX_REGISTRY: false
consumer (ubuntu-24.04-arm, aarch64-linux-gnu)	Prove anonymous package-default installation and offline runtime	2026-09-08T15:18:48.2520006Z ##[endgroup]
consumer (ubuntu-24.04-arm, aarch64-linux-gnu)	Prove anonymous package-default installation and offline runtime	2026-09-08T15:18:48.3079427Z   % Total    % Received % Xferd  Average Speed   Time    Time     Time  Current
consumer (ubuntu-24.04-arm, aarch64-linux-gnu)	Prove anonymous package-default installation and offline runtime	2026-09-08T15:18:48.3080099Z                                  Dload  Upload   Total   Spent    Left  Speed
consumer (ubuntu-24.04-arm, aarch64-linux-gnu)	Prove anonymous package-default installation and offline runtime	2026-09-08T15:18:48.3080984Z 
consumer (ubuntu-24.04-arm, aarch64-linux-gnu)	Prove anonymous package-default installation and offline runtime	2026-09-08T15:18:48.4966187Z   0     0    0     0    0     0      0      0 --:--:-- --:--:-- --:--:--     0
consumer (ubuntu-24.04-arm, aarch64-linux-gnu)	Prove anonymous package-default installation and offline runtime	2026-09-08T15:18:48.4966929Z   0     0    0     0    0     0      0      0 --:--:-- --:--:-- --:--:--     0
consumer (ubuntu-24.04-arm, aarch64-linux-gnu)	Prove anonymous package-default installation and offline runtime	2026-09-08T15:18:48.6920780Z 
consumer (ubuntu-24.04-arm, aarch64-linux-gnu)	Prove anonymous package-default installation and offline runtime	2026-09-08T15:18:49.2835510Z  19 44.1M   19 9023k    0     0  22.9M      0  0:00:01 --:--:--  0:00:01 22.9M
consumer (ubuntu-24.04-arm, aarch64-linux-gnu)	Prove anonymous package-default installation and offline runtime	2026-09-08T15:18:49.2836800Z 100 44.1M  100 44.1M    0     0  45.2M      0 --:--:-- --:--:-- --:--:-- 59.7M
consumer (ubuntu-24.04-arm, aarch64-linux-gnu)	Prove anonymous package-default installation and offline runtime	2026-09-08T15:18:50.4707137Z using exact local Hex source package: 9faa9af3eb1c826446b0bf9473e94632e4fbb9fcb6bfc9d85bae1a90862f2448
consumer (ubuntu-24.04-arm, aarch64-linux-gnu)	Prove anonymous package-default installation and offline runtime	2026-09-08T15:18:50.5087144Z fresh caches; pinned source dependencies: [{"name": "earmark_parser", "version": "1.4.46", "sha256": "9c44636e8a1c68c62f526b2dcd85d941dbbcee7ab82cf64ba06ce28bef8e89f5"}, {"name": "ex_doc", "version": "0.39.1", "sha256": "8abf0ed3e3ca87c0847dfc4168ceab5bedfe881692f1b7c45f4a11b232806865"}, {"name": "makeup", "version": "1.2.2", "sha256": "9a1a24e5b343b8ae16abea0822c10a6f75da27af7fa802ada5251f7579bfccfa"}, {"name": "makeup_elixir", "version": "1.0.1", "sha256": "7284900d412a3e5cfd97fdaed4f5ed389b8f2b4cb49efc0eb3bd10e2febf9507"}, {"name": "makeup_erlang", "version": "1.1.0", "sha256": "1cd6780fb1dd1a03979abaed0fe82712b0625118fd5257d3ebbf73f960c73c3c"}, {"name": "nimble_parsec", "version": "1.4.2", "sha256": "4b21398942dda052b403bbe1da991ccd03a053668d147d53fb8c4e0efe09c973"}, {"name": "pegasus", "version": "0.2.6", "sha256": "0ac159f0ccab7967cf90208327cc8a35788874814c8d78e19d47104d3fc049b9"}, {"name": "protoss", "version": "1.1.0", "sha256": "c2f874383dd047fcfdf467b814dd33a208a4d24a467aef90d86185b41a0752ad"}, {"name": "telemetry", "version": "1.4.2", "sha256": "928f6495066506077862c0d1646609eed891a4326bee3126ba54b60af61febb1"}, {"name": "zig_doc", "version": "0.7.0", "sha256": "28b57b0bc12f241fc855b6514fe5198f3067fbab2555a3e3a83f6f9ed4699f4c"}, {"name": "zig_get", "version": "0.16.0", "sha256": "2841127cf2005da74fb28d3cc68397a393d3d71df5f45752b974345e696beb01"}, {"name": "zig_parser", "version": "0.7.0", "sha256": "fd0b2fc343820a202787a78a40feae372386b4303717b099223d5f5c5f21f0bb"}, {"name": "zigler", "version": "0.16.0", "sha256": "867ce49289568a7fabff400cb9f1636a429defcd488f3302a82c4b51b2bc7741"}]
consumer (ubuntu-24.04-arm, aarch64-linux-gnu)	Prove anonymous package-default installation and offline runtime	2026-09-08T15:18:50.6294305Z Linux namespace probe passed: build trees hidden, compiler paths masked, external network unavailable
consumer (ubuntu-24.04-arm, aarch64-linux-gnu)	Prove anonymous package-default installation and offline runtime	2026-09-08T15:18:50.6447057Z {"command": ["sudo", "-E", "bwrap", "--die-with-parent", "--unshare-pid", "--ro-bind", "/", "/", "--dev", "/dev", "--proc", "/proc", "--bind", "/home/runner/work/_temp/public-consumer", "/home/runner/work/_temp/public-consumer", "--unshare-net", "--tmpfs", "/home/runner/work/Aphid/Aphid", "--tmpfs", "/home/runner/work/_temp/qualified-source", "--ro-bind", "/dev/null", "/usr/bin/aarch64-linux-gnu-as", "--ro-bind", "/dev/null", "/usr/bin/aarch64-linux-gnu-g++-12", "--ro-bind", "/dev/null", "/usr/bin/aarch64-linux-gnu-g++-13", "--ro-bind", "/dev/null", "/usr/bin/aarch64-linux-gnu-g++-14", "--ro-bind", "/dev/null", "/usr/bin/aarch64-linux-gnu-gcc-12", "--ro-bind", "/dev/null", "/usr/bin/aarch64-linux-gnu-gcc-13", "--ro-bind", "/dev/null", "/usr/bin/aarch64-linux-gnu-gcc-14", "--ro-bind", "/dev/null", "/usr/bin/aarch64-linux-gnu-ld.bfd", "--ro-bind", "/dev/null", "/usr/bin/c89-gcc", "--ro-bind", "/dev/null", "/usr/bin/c99-gcc", "--ro-bind", "/dev/null", "/usr/bin/make", "--ro-bind", "/dev/null", "/usr/lib/llvm-16/bin/clang", "--ro-bind", "/dev/null", "/usr/lib/llvm-16/bin/lld", "--ro-bind", "/dev/null", "/usr/lib/llvm-16/bin/llvm-as", "--ro-bind", "/dev/null", "/usr/lib/llvm-17/bin/clang", "--ro-bind", "/dev/null", "/usr/lib/llvm-17/bin/lld", "--ro-bind", "/dev/null", "/usr/lib/llvm-17/bin/llvm-as", "--ro-bind", "/dev/null", "/usr/lib/llvm-18/bin/clang", "--ro-bind", "/dev/null", "/usr/lib/llvm-18/bin/lld", "--ro-bind", "/dev/null", "/usr/lib/llvm-18/bin/llvm-as", "--ro-bind", "/dev/null", "/usr/local/bin/cmake", "--ro-bind", "/dev/null", "/usr/local/bin/ninja", "--cap-add", "CAP_SETUID", "--cap-add", "CAP_SETGID", "--cap-add", "CAP_SETPCAP", "--clearenv", "--setenv", "LANG", "C.UTF-8", "--setenv", "HOME", "/home/runner", "--setenv", "PATH", "/home/runner/work/_temp/.setup-beam/elixir/bin:/home/runner/.mix/escripts:/home/runner/work/_temp/.setup-beam/otp/bin:/opt/hostedtoolcache/Python/3.14.7/arm64/bin:/opt/hostedtoolcache/Python/3.14.7/arm64:/snap/bin:/home/runner/.local/bin:/opt/pipx_bin:/home/runner/.cargo/bin:/home/runner/.config/composer/vendor/bin:/home/runner/.dotnet/tools:/usr/local/sbin:/usr/local/bin:/usr/sbin:/usr/bin:/sbin:/bin:/usr/games:/usr/local/games:/snap/bin", "--", "/usr/bin/setpriv", "--reuid", "1001", "--regid", "1001", "--clear-groups", "--bounding-set=-all", "--no-new-privs", "--", "/opt/hostedtoolcache/Python/3.14.7/arm64/bin/python3", "/home/runner/work/_temp/public-consumer/isolation-check.py"], "cwd": "/home/runner/work/_temp/public-consumer", "exit": 0, "seconds": 0.114}
consumer (ubuntu-24.04-arm, aarch64-linux-gnu)	Prove anonymous package-default installation and offline runtime	2026-09-08T15:18:50.8619819Z UTF-8 runtime filename mode verified
consumer (ubuntu-24.04-arm, aarch64-linux-gnu)	Prove anonymous package-default installation and offline runtime	2026-09-08T15:18:50.9093052Z {"command": ["sudo", "-E", "bwrap", "--die-with-parent", "--unshare-pid", "--ro-bind", "/", "/", "--dev", "/dev", "--proc", "/proc", "--bind", "/home/runner/work/_temp/public-consumer", "/home/runner/work/_temp/public-consumer", "--unshare-net", "--tmpfs", "/home/runner/work/Aphid/Aphid", "--tmpfs", "/home/runner/work/_temp/qualified-source", "--ro-bind", "/dev/null", "/usr/bin/aarch64-linux-gnu-as", "--ro-bind", "/dev/null", "/usr/bin/aarch64-linux-gnu-g++-12", "--ro-bind", "/dev/null", "/usr/bin/aarch64-linux-gnu-g++-13", "--ro-bind", "/dev/null", "/usr/bin/aarch64-linux-gnu-g++-14", "--ro-bind", "/dev/null", "/usr/bin/aarch64-linux-gnu-gcc-12", "--ro-bind", "/dev/null", "/usr/bin/aarch64-linux-gnu-gcc-13", "--ro-bind", "/dev/null", "/usr/bin/aarch64-linux-gnu-gcc-14", "--ro-bind", "/dev/null", "/usr/bin/aarch64-linux-gnu-ld.bfd", "--ro-bind", "/dev/null", "/usr/bin/c89-gcc", "--ro-bind", "/dev/null", "/usr/bin/c99-gcc", "--ro-bind", "/dev/null", "/usr/bin/make", "--ro-bind", "/dev/null", "/usr/lib/llvm-16/bin/clang", "--ro-bind", "/dev/null", "/usr/lib/llvm-16/bin/lld", "--ro-bind", "/dev/null", "/usr/lib/llvm-16/bin/llvm-as", "--ro-bind", "/dev/null", "/usr/lib/llvm-17/bin/clang", "--ro-bind", "/dev/null", "/usr/lib/llvm-17/bin/lld", "--ro-bind", "/dev/null", "/usr/lib/llvm-17/bin/llvm-as", "--ro-bind", "/dev/null", "/usr/lib/llvm-18/bin/clang", "--ro-bind", "/dev/null", "/usr/lib/llvm-18/bin/lld", "--ro-bind", "/dev/null", "/usr/lib/llvm-18/bin/llvm-as", "--ro-bind", "/dev/null", "/usr/local/bin/cmake", "--ro-bind", "/dev/null", "/usr/local/bin/ninja", "--cap-add", "CAP_SETUID", "--cap-add", "CAP_SETGID", "--cap-add", "CAP_SETPCAP", "--clearenv", "--setenv", "LANG", "C.UTF-8", "--setenv", "HOME", "/home/runner", "--setenv", "PATH", "/home/runner/work/_temp/.setup-beam/elixir/bin:/home/runner/.mix/escripts:/home/runner/work/_temp/.setup-beam/otp/bin:/opt/hostedtoolcache/Python/3.14.7/arm64/bin:/opt/hostedtoolcache/Python/3.14.7/arm64:/snap/bin:/home/runner/.local/bin:/opt/pipx_bin:/home/runner/.cargo/bin:/home/runner/.config/composer/vendor/bin:/home/runner/.dotnet/tools:/usr/local/sbin:/usr/local/bin:/usr/sbin:/usr/bin:/sbin:/bin:/usr/games:/usr/local/games:/snap/bin", "--", "/usr/bin/setpriv", "--reuid", "1001", "--regid", "1001", "--clear-groups", "--bounding-set=-all", "--no-new-privs", "--", "/home/runner/work/_temp/.setup-beam/elixir/bin/elixir", "-e", ":utf8 = :file.native_name_encoding(); IO.puts(\"UTF-8 runtime filename mode verified\")"], "cwd": "/home/runner/work/_temp/public-consumer", "exit": 0, "seconds": 0.264}
consumer (ubuntu-24.04-arm, aarch64-linux-gnu)	Prove anonymous package-default installation and offline runtime	2026-09-08T15:18:52.2017213Z Resolving Hex dependencies...
consumer (ubuntu-24.04-arm, aarch64-linux-gnu)	Prove anonymous package-default installation and offline runtime	2026-09-08T15:18:52.2220359Z Resolution completed in 0.019s
consumer (ubuntu-24.04-arm, aarch64-linux-gnu)	Prove anonymous package-default installation and offline runtime	2026-09-08T15:18:52.2235474Z Unchanged:
consumer (ubuntu-24.04-arm, aarch64-linux-gnu)	Prove anonymous package-default installation and offline runtime	2026-09-08T15:18:52.2235804Z   earmark_parser 1.4.46
consumer (ubuntu-24.04-arm, aarch64-linux-gnu)	Prove anonymous package-default installation and offline runtime	2026-09-08T15:18:52.2246646Z   ex_doc 0.39.1
consumer (ubuntu-24.04-arm, aarch64-linux-gnu)	Prove anonymous package-default installation and offline runtime	2026-09-08T15:18:52.2247425Z   makeup 1.2.2
consumer (ubuntu-24.04-arm, aarch64-linux-gnu)	Prove anonymous package-default installation and offline runtime	2026-09-08T15:18:52.2247938Z   makeup_elixir 1.0.1
consumer (ubuntu-24.04-arm, aarch64-linux-gnu)	Prove anonymous package-default installation and offline runtime	2026-09-08T15:18:52.2248474Z   makeup_erlang 1.1.0
consumer (ubuntu-24.04-arm, aarch64-linux-gnu)	Prove anonymous package-default installation and offline runtime	2026-09-08T15:18:52.2248890Z   nimble_parsec 1.4.2
consumer (ubuntu-24.04-arm, aarch64-linux-gnu)	Prove anonymous package-default installation and offline runtime	2026-09-08T15:18:52.2249311Z   pegasus 0.2.6
consumer (ubuntu-24.04-arm, aarch64-linux-gnu)	Prove anonymous package-default installation and offline runtime	2026-09-08T15:18:52.2249764Z   protoss 1.1.0
consumer (ubuntu-24.04-arm, aarch64-linux-gnu)	Prove anonymous package-default installation and offline runtime	2026-09-08T15:18:52.2250121Z   telemetry 1.4.2
consumer (ubuntu-24.04-arm, aarch64-linux-gnu)	Prove anonymous package-default installation and offline runtime	2026-09-08T15:18:52.2250539Z   zig_doc 0.7.0
consumer (ubuntu-24.04-arm, aarch64-linux-gnu)	Prove anonymous package-default installation and offline runtime	2026-09-08T15:18:52.2250955Z   zig_get 0.16.0
consumer (ubuntu-24.04-arm, aarch64-linux-gnu)	Prove anonymous package-default installation and offline runtime	2026-09-08T15:18:52.2251544Z   zig_parser 0.7.0
consumer (ubuntu-24.04-arm, aarch64-linux-gnu)	Prove anonymous package-default installation and offline runtime	2026-09-08T15:18:52.2252415Z   zigler 0.16.0
consumer (ubuntu-24.04-arm, aarch64-linux-gnu)	Prove anonymous package-default installation and offline runtime	2026-09-08T15:18:52.2290566Z * Getting zigler (Hex package)
consumer (ubuntu-24.04-arm, aarch64-linux-gnu)	Prove anonymous package-default installation and offline runtime	2026-09-08T15:18:52.3557199Z * Getting telemetry (Hex package)
consumer (ubuntu-24.04-arm, aarch64-linux-gnu)	Prove anonymous package-default installation and offline runtime	2026-09-08T15:18:52.5419985Z * creating /home/runner/work/_temp/public-consumer/mix-home/elixir/1-20-otp-29/rebar3
consumer (ubuntu-24.04-arm, aarch64-linux-gnu)	Prove anonymous package-default installation and offline runtime	2026-09-08T15:18:52.5427183Z * Getting protoss (Hex package)
consumer (ubuntu-24.04-arm, aarch64-linux-gnu)	Prove anonymous package-default installation and offline runtime	2026-09-08T15:18:52.5471297Z * Getting zig_doc (Hex package)
consumer (ubuntu-24.04-arm, aarch64-linux-gnu)	Prove anonymous package-default installation and offline runtime	2026-09-08T15:18:52.5526693Z * Getting zig_get (Hex package)
consumer (ubuntu-24.04-arm, aarch64-linux-gnu)	Prove anonymous package-default installation and offline runtime	2026-09-08T15:18:52.5561280Z * Getting zig_parser (Hex package)
consumer (ubuntu-24.04-arm, aarch64-linux-gnu)	Prove anonymous package-default installation and offline runtime	2026-09-08T15:18:52.5705481Z * Getting pegasus (Hex package)
consumer (ubuntu-24.04-arm, aarch64-linux-gnu)	Prove anonymous package-default installation and offline runtime	2026-09-08T15:18:52.5771215Z * Getting nimble_parsec (Hex package)
consumer (ubuntu-24.04-arm, aarch64-linux-gnu)	Prove anonymous package-default installation and offline runtime	2026-09-08T15:18:52.5828489Z * Getting ex_doc (Hex package)
consumer (ubuntu-24.04-arm, aarch64-linux-gnu)	Prove anonymous package-default installation and offline runtime	2026-09-08T15:18:52.9288388Z * Getting earmark_parser (Hex package)
consumer (ubuntu-24.04-arm, aarch64-linux-gnu)	Prove anonymous package-default installation and offline runtime	2026-09-08T15:18:52.9440921Z * Getting makeup_elixir (Hex package)
consumer (ubuntu-24.04-arm, aarch64-linux-gnu)	Prove anonymous package-default installation and offline runtime	2026-09-08T15:18:52.9517075Z * Getting makeup_erlang (Hex package)
consumer (ubuntu-24.04-arm, aarch64-linux-gnu)	Prove anonymous package-default installation and offline runtime	2026-09-08T15:18:52.9574809Z * Getting makeup (Hex package)
consumer (ubuntu-24.04-arm, aarch64-linux-gnu)	Prove anonymous package-default installation and offline runtime	2026-09-08T15:18:53.0178158Z {"command": ["sudo", "-E", "bwrap", "--die-with-parent", "--unshare-pid", "--ro-bind", "/", "/", "--dev", "/dev", "--proc", "/proc", "--bind", "/home/runner/work/_temp/public-consumer", "/home/runner/work/_temp/public-consumer", "--tmpfs", "/home/runner/work/Aphid/Aphid", "--tmpfs", "/home/runner/work/_temp/qualified-source", "--ro-bind", "/dev/null", "/usr/bin/aarch64-linux-gnu-as", "--ro-bind", "/dev/null", "/usr/bin/aarch64-linux-gnu-g++-12", "--ro-bind", "/dev/null", "/usr/bin/aarch64-linux-gnu-g++-13", "--ro-bind", "/dev/null", "/usr/bin/aarch64-linux-gnu-g++-14", "--ro-bind", "/dev/null", "/usr/bin/aarch64-linux-gnu-gcc-12", "--ro-bind", "/dev/null", "/usr/bin/aarch64-linux-gnu-gcc-13", "--ro-bind", "/dev/null", "/usr/bin/aarch64-linux-gnu-gcc-14", "--ro-bind", "/dev/null", "/usr/bin/aarch64-linux-gnu-ld.bfd", "--ro-bind", "/dev/null", "/usr/bin/c89-gcc", "--ro-bind", "/dev/null", "/usr/bin/c99-gcc", "--ro-bind", "/dev/null", "/usr/bin/make", "--ro-bind", "/dev/null", "/usr/lib/llvm-16/bin/clang", "--ro-bind", "/dev/null", "/usr/lib/llvm-16/bin/lld", "--ro-bind", "/dev/null", "/usr/lib/llvm-16/bin/llvm-as", "--ro-bind", "/dev/null", "/usr/lib/llvm-17/bin/clang", "--ro-bind", "/dev/null", "/usr/lib/llvm-17/bin/lld", "--ro-bind", "/dev/null", "/usr/lib/llvm-17/bin/llvm-as", "--ro-bind", "/dev/null", "/usr/lib/llvm-18/bin/clang", "--ro-bind", "/dev/null", "/usr/lib/llvm-18/bin/lld", "--ro-bind", "/dev/null", "/usr/lib/llvm-18/bin/llvm-as", "--ro-bind", "/dev/null", "/usr/local/bin/cmake", "--ro-bind", "/dev/null", "/usr/local/bin/ninja", "--cap-add", "CAP_SETUID", "--cap-add", "CAP_SETGID", "--cap-add", "CAP_SETPCAP", "--clearenv", "--setenv", "LANG", "C.UTF-8", "--setenv", "HOME", "/home/runner/work/_temp/public-consumer/home", "--setenv", "PATH", "/home/runner/work/_temp/public-consumer/tools:/home/runner/work/_temp/.setup-beam/elixir/bin:/home/runner/work/_temp/.setup-beam/elixir/bin:/home/runner/work/_temp/.setup-beam/otp/bin:/usr/bin:/bin:/usr/sbin:/sbin", "--setenv", "MIX_HOME", "/home/runner/work/_temp/public-consumer/mix-home", "--setenv", "HEX_HOME", "/home/runner/work/_temp/public-consumer/hex-home", "--setenv", "MIX_ENV", "prod", "--setenv", "ZIG_EXECUTABLE_PATH", "/home/runner/work/_temp/public-consumer/tools/zig", "--setenv", "ZIG_GLOBAL_CACHE_DIR", "/home/runner/work/_temp/public-consumer/zig-cache", "--setenv", "ZIGLER_STAGING_ROOT", "/home/runner/work/_temp/public-consumer/staging", "--setenv", "ERL_FLAGS", "+S 1:1 +SDcpu 1:1", "--setenv", "TMPDIR", "/home/runner/work/_temp/public-consumer/tmp", "--", "/usr/bin/setpriv", "--reuid", "1001", "--regid", "1001", "--clear-groups", "--bounding-set=-all", "--no-new-privs", "--", "mix", "deps.get", "--check-locked"], "cwd": "/home/runner/work/_temp/public-consumer/consumer", "exit": 0, "seconds": 2.069}
consumer (ubuntu-24.04-arm, aarch64-linux-gnu)	Prove anonymous package-default installation and offline runtime	2026-09-08T15:18:53.0187927Z Normal Hex acquisition verified: 13 locked archives; dependency acquisition complete
consumer (ubuntu-24.04-arm, aarch64-linux-gnu)	Prove anonymous package-default installation and offline runtime	2026-09-08T15:18:53.5677728Z ==> earmark_parser
consumer (ubuntu-24.04-arm, aarch64-linux-gnu)	Prove anonymous package-default installation and offline runtime	2026-09-08T15:18:53.5687973Z Compiling 2 files (.xrl)
consumer (ubuntu-24.04-arm, aarch64-linux-gnu)	Prove anonymous package-default installation and offline runtime	2026-09-08T15:18:53.6015549Z Compiling 1 file (.yrl)
consumer (ubuntu-24.04-arm, aarch64-linux-gnu)	Prove anonymous package-default installation and offline runtime	2026-09-08T15:18:53.6292472Z Compiling 3 files (.erl)
consumer (ubuntu-24.04-arm, aarch64-linux-gnu)	Prove anonymous package-default installation and offline runtime	2026-09-08T15:18:53.8616635Z Compiling 32 files (.ex)
consumer (ubuntu-24.04-arm, aarch64-linux-gnu)	Prove anonymous package-default installation and offline runtime	2026-09-08T15:18:54.8041282Z Generated earmark_parser app
consumer (ubuntu-24.04-arm, aarch64-linux-gnu)	Prove anonymous package-default installation and offline runtime	2026-09-08T15:18:54.8169737Z ==> protoss
consumer (ubuntu-24.04-arm, aarch64-linux-gnu)	Prove anonymous package-default installation and offline runtime	2026-09-08T15:18:54.8170354Z Compiling 1 file (.ex)
consumer (ubuntu-24.04-arm, aarch64-linux-gnu)	Prove anonymous package-default installation and offline runtime	2026-09-08T15:18:54.8576447Z Generated protoss app
consumer (ubuntu-24.04-arm, aarch64-linux-gnu)	Prove anonymous package-default installation and offline runtime	2026-09-08T15:18:54.8760240Z ==> zig_get
consumer (ubuntu-24.04-arm, aarch64-linux-gnu)	Prove anonymous package-default installation and offline runtime	2026-09-08T15:18:54.8760823Z Compiling 1 file (.ex)
consumer (ubuntu-24.04-arm, aarch64-linux-gnu)	Prove anonymous package-default installation and offline runtime	2026-09-08T15:18:54.9410306Z Generated zig_get app
consumer (ubuntu-24.04-arm, aarch64-linux-gnu)	Prove anonymous package-default installation and offline runtime	2026-09-08T15:18:54.9550350Z ==> nimble_parsec
consumer (ubuntu-24.04-arm, aarch64-linux-gnu)	Prove anonymous package-default installation and offline runtime	2026-09-08T15:18:54.9551142Z Compiling 4 files (.ex)
consumer (ubuntu-24.04-arm, aarch64-linux-gnu)	Prove anonymous package-default installation and offline runtime	2026-09-08T15:18:55.3258612Z Generated nimble_parsec app
consumer (ubuntu-24.04-arm, aarch64-linux-gnu)	Prove anonymous package-default installation and offline runtime	2026-09-08T15:18:55.3371858Z ==> pegasus
consumer (ubuntu-24.04-arm, aarch64-linux-gnu)	Prove anonymous package-default installation and offline runtime	2026-09-08T15:18:55.3372675Z Compiling 11 files (.ex)
consumer (ubuntu-24.04-arm, aarch64-linux-gnu)	Prove anonymous package-default installation and offline runtime	2026-09-08T15:18:57.1313856Z Generated pegasus app
consumer (ubuntu-24.04-arm, aarch64-linux-gnu)	Prove anonymous package-default installation and offline runtime	2026-09-08T15:18:57.1447720Z ==> zig_parser
consumer (ubuntu-24.04-arm, aarch64-linux-gnu)	Prove anonymous package-default installation and offline runtime	2026-09-08T15:18:57.1448364Z Compiling 37 files (.ex)
consumer (ubuntu-24.04-arm, aarch64-linux-gnu)	Prove anonymous package-default installation and offline runtime	2026-09-08T15:19:01.4295966Z     warning: incompatible types given to Map.replace!/3:
consumer (ubuntu-24.04-arm, aarch64-linux-gnu)	Prove anonymous package-default installation and offline runtime	2026-09-08T15:19:01.4296598Z 
consumer (ubuntu-24.04-arm, aarch64-linux-gnu)	Prove anonymous package-default installation and offline runtime	2026-09-08T15:19:01.4297515Z         Map.replace!(parse(args), :doc_comment, comment)
consumer (ubuntu-24.04-arm, aarch64-linux-gnu)	Prove anonymous package-default installation and offline runtime	2026-09-08T15:19:01.4298262Z 
consumer (ubuntu-24.04-arm, aarch64-linux-gnu)	Prove anonymous package-default installation and offline runtime	2026-09-08T15:19:01.4298466Z     the map:
consumer (ubuntu-24.04-arm, aarch64-linux-gnu)	Prove anonymous package-default installation and offline runtime	2026-09-08T15:19:01.4298671Z 
consumer (ubuntu-24.04-arm, aarch64-linux-gnu)	Prove anonymous package-default installation and offline runtime	2026-09-08T15:19:01.4299054Z         dynamic(%Zig.Parser.Test{block: %Zig.Parser.Block{}, location: nil})
consumer (ubuntu-24.04-arm, aarch64-linux-gnu)	Prove anonymous package-default installation and offline runtime	2026-09-08T15:19:01.4299389Z 
consumer (ubuntu-24.04-arm, aarch64-linux-gnu)	Prove anonymous package-default installation and offline runtime	2026-09-08T15:19:01.4299525Z     does not have all required keys:
consumer (ubuntu-24.04-arm, aarch64-linux-gnu)	Prove anonymous package-default installation and offline runtime	2026-09-08T15:19:01.4299710Z 
consumer (ubuntu-24.04-arm, aarch64-linux-gnu)	Prove anonymous package-default installation and offline runtime	2026-09-08T15:19:01.4299820Z         :doc_comment
consumer (ubuntu-24.04-arm, aarch64-linux-gnu)	Prove anonymous package-default installation and offline runtime	2026-09-08T15:19:01.4299997Z 
consumer (ubuntu-24.04-arm, aarch64-linux-gnu)	Prove anonymous package-default installation and offline runtime	2026-09-08T15:19:01.4300197Z     therefore this function will always raise
consumer (ubuntu-24.04-arm, aarch64-linux-gnu)	Prove anonymous package-default installation and offline runtime	2026-09-08T15:19:01.4300422Z 
consumer (ubuntu-24.04-arm, aarch64-linux-gnu)	Prove anonymous package-default installation and offline runtime	2026-09-08T15:19:01.4300534Z     where "args" was given the type:
consumer (ubuntu-24.04-arm, aarch64-linux-gnu)	Prove anonymous package-default installation and offline runtime	2026-09-08T15:19:01.4300723Z 
consumer (ubuntu-24.04-arm, aarch64-linux-gnu)	Prove anonymous package-default installation and offline runtime	2026-09-08T15:19:01.4300908Z         # type: dynamic(non_empty_list(term()))
consumer (ubuntu-24.04-arm, aarch64-linux-gnu)	Prove anonymous package-default installation and offline runtime	2026-09-08T15:19:01.4301259Z         # from: lib/zig.parser/test.ex:16:10
consumer (ubuntu-24.04-arm, aarch64-linux-gnu)	Prove anonymous package-default installation and offline runtime	2026-09-08T15:19:01.4301550Z         parse(args)
consumer (ubuntu-24.04-arm, aarch64-linux-gnu)	Prove anonymous package-default installation and offline runtime	2026-09-08T15:19:01.4301719Z 
consumer (ubuntu-24.04-arm, aarch64-linux-gnu)	Prove anonymous package-default installation and offline runtime	2026-09-08T15:19:01.4301882Z     where "comment" was given the type:
consumer (ubuntu-24.04-arm, aarch64-linux-gnu)	Prove anonymous package-default installation and offline runtime	2026-09-08T15:19:01.4302084Z 
consumer (ubuntu-24.04-arm, aarch64-linux-gnu)	Prove anonymous package-default installation and offline runtime	2026-09-08T15:19:01.4302183Z         # type: dynamic()
consumer (ubuntu-24.04-arm, aarch64-linux-gnu)	Prove anonymous package-default installation and offline runtime	2026-09-08T15:19:01.4302467Z         # from: lib/zig.parser/test.ex
consumer (ubuntu-24.04-arm, aarch64-linux-gnu)	Prove anonymous package-default installation and offline runtime	2026-09-08T15:19:01.4302858Z         [{:TestDecl, [start, {:doc_comment, comment} | args]} | rest_args]
consumer (ubuntu-24.04-arm, aarch64-linux-gnu)	Prove anonymous package-default installation and offline runtime	2026-09-08T15:19:01.4303426Z 
consumer (ubuntu-24.04-arm, aarch64-linux-gnu)	Prove anonymous package-default installation and offline runtime	2026-09-08T15:19:01.4303566Z     type warning found at:
consumer (ubuntu-24.04-arm, aarch64-linux-gnu)	Prove anonymous package-default installation and offline runtime	2026-09-08T15:19:01.4304094Z     │
consumer (ubuntu-24.04-arm, aarch64-linux-gnu)	Prove anonymous package-default installation and offline runtime	2026-09-08T15:19:01.4304460Z  17 │       |> Map.replace!(:doc_comment, comment)
consumer (ubuntu-24.04-arm, aarch64-linux-gnu)	Prove anonymous package-default installation and offline runtime	2026-09-08T15:19:01.4304860Z     │              ~
consumer (ubuntu-24.04-arm, aarch64-linux-gnu)	Prove anonymous package-default installation and offline runtime	2026-09-08T15:19:01.4305141Z     │
consumer (ubuntu-24.04-arm, aarch64-linux-gnu)	Prove anonymous package-default installation and offline runtime	2026-09-08T15:19:01.4305600Z     └─ lib/zig.parser/test.ex:17:14: Zig.Parser.Test.post_traverse/5
consumer (ubuntu-24.04-arm, aarch64-linux-gnu)	Prove anonymous package-default installation and offline runtime	2026-09-08T15:19:01.4305951Z 
consumer (ubuntu-24.04-arm, aarch64-linux-gnu)	Prove anonymous package-default installation and offline runtime	2026-09-08T15:19:01.8094014Z Generated zig_parser app
consumer (ubuntu-24.04-arm, aarch64-linux-gnu)	Prove anonymous package-default installation and offline runtime	2026-09-08T15:19:01.8272013Z ==> makeup
consumer (ubuntu-24.04-arm, aarch64-linux-gnu)	Prove anonymous package-default installation and offline runtime	2026-09-08T15:19:01.8272463Z Compiling 15 files (.ex)
consumer (ubuntu-24.04-arm, aarch64-linux-gnu)	Prove anonymous package-default installation and offline runtime	2026-09-08T15:19:02.2413521Z Generated makeup app
consumer (ubuntu-24.04-arm, aarch64-linux-gnu)	Prove anonymous package-default installation and offline runtime	2026-09-08T15:19:02.2581357Z ==> makeup_elixir
consumer (ubuntu-24.04-arm, aarch64-linux-gnu)	Prove anonymous package-default installation and offline runtime	2026-09-08T15:19:02.2581912Z Compiling 6 files (.ex)
consumer (ubuntu-24.04-arm, aarch64-linux-gnu)	Prove anonymous package-default installation and offline runtime	2026-09-08T15:19:11.8777044Z Generated makeup_elixir app
consumer (ubuntu-24.04-arm, aarch64-linux-gnu)	Prove anonymous package-default installation and offline runtime	2026-09-08T15:19:11.8937410Z ==> makeup_erlang
consumer (ubuntu-24.04-arm, aarch64-linux-gnu)	Prove anonymous package-default installation and offline runtime	2026-09-08T15:19:11.8937868Z Compiling 4 files (.ex)
consumer (ubuntu-24.04-arm, aarch64-linux-gnu)	Prove anonymous package-default installation and offline runtime	2026-09-08T15:19:21.5085014Z Generated makeup_erlang app
consumer (ubuntu-24.04-arm, aarch64-linux-gnu)	Prove anonymous package-default installation and offline runtime	2026-09-08T15:19:21.5576105Z ==> ex_doc
consumer (ubuntu-24.04-arm, aarch64-linux-gnu)	Prove anonymous package-default installation and offline runtime	2026-09-08T15:19:21.5577173Z Compiling 27 files (.ex)
consumer (ubuntu-24.04-arm, aarch64-linux-gnu)	Prove anonymous package-default installation and offline runtime	2026-09-08T15:19:23.1484979Z      warning: this clause of defp favicon_path/1 is never used (or it will always fail/warn when invoked)
consumer (ubuntu-24.04-arm, aarch64-linux-gnu)	Prove anonymous package-default installation and offline runtime	2026-09-08T15:19:23.1486595Z      │
consumer (ubuntu-24.04-arm, aarch64-linux-gnu)	Prove anonymous package-default installation and offline runtime	2026-09-08T15:19:23.1487766Z  153 │   defp favicon_path(%{favicon: nil}), do: nil
consumer (ubuntu-24.04-arm, aarch64-linux-gnu)	Prove anonymous package-default installation and offline runtime	2026-09-08T15:19:23.1488502Z      │        ~
consumer (ubuntu-24.04-arm, aarch64-linux-gnu)	Prove anonymous package-default installation and offline runtime	2026-09-08T15:19:23.1488801Z      │
consumer (ubuntu-24.04-arm, aarch64-linux-gnu)	Prove anonymous package-default installation and offline runtime	2026-09-08T15:19:23.1489457Z      └─ lib/ex_doc/formatter/html/templates.ex:153:8: ExDoc.Formatter.HTML.Templates.favicon_path/1
consumer (ubuntu-24.04-arm, aarch64-linux-gnu)	Prove anonymous package-default installation and offline runtime	2026-09-08T15:19:23.1489886Z 
consumer (ubuntu-24.04-arm, aarch64-linux-gnu)	Prove anonymous package-default installation and offline runtime	2026-09-08T15:19:23.1490290Z      warning: the following clause cannot match because the previous clauses already matched all possible values:
consumer (ubuntu-24.04-arm, aarch64-linux-gnu)	Prove anonymous package-default installation and offline runtime	2026-09-08T15:19:23.1490763Z 
consumer (ubuntu-24.04-arm, aarch64-linux-gnu)	Prove anonymous package-default installation and offline runtime	2026-09-08T15:19:23.1490914Z          _ ->
consumer (ubuntu-24.04-arm, aarch64-linux-gnu)	Prove anonymous package-default installation and offline runtime	2026-09-08T15:19:23.1491042Z 
consumer (ubuntu-24.04-arm, aarch64-linux-gnu)	Prove anonymous package-default installation and offline runtime	2026-09-08T15:19:23.1491196Z      it attempts to match on the result of:
consumer (ubuntu-24.04-arm, aarch64-linux-gnu)	Prove anonymous package-default installation and offline runtime	2026-09-08T15:19:23.1491395Z 
consumer (ubuntu-24.04-arm, aarch64-linux-gnu)	Prove anonymous package-default installation and offline runtime	2026-09-08T15:19:23.1491498Z          result
consumer (ubuntu-24.04-arm, aarch64-linux-gnu)	Prove anonymous package-default installation and offline runtime	2026-09-08T15:19:23.1491756Z 
consumer (ubuntu-24.04-arm, aarch64-linux-gnu)	Prove anonymous package-default installation and offline runtime	2026-09-08T15:19:23.1491875Z      which has the already matched type:
consumer (ubuntu-24.04-arm, aarch64-linux-gnu)	Prove anonymous package-default installation and offline runtime	2026-09-08T15:19:23.1492100Z 
consumer (ubuntu-24.04-arm, aarch64-linux-gnu)	Prove anonymous package-default installation and offline runtime	2026-09-08T15:19:23.1492357Z          dynamic({:docs_v1, term(), term(), term(), term(), term(), term()} or {:error, term()})
consumer (ubuntu-24.04-arm, aarch64-linux-gnu)	Prove anonymous package-default installation and offline runtime	2026-09-08T15:19:23.1492729Z 
consumer (ubuntu-24.04-arm, aarch64-linux-gnu)	Prove anonymous package-default installation and offline runtime	2026-09-08T15:19:23.1492864Z      type warning found at:
consumer (ubuntu-24.04-arm, aarch64-linux-gnu)	Prove anonymous package-default installation and offline runtime	2026-09-08T15:19:23.1493168Z      │
consumer (ubuntu-24.04-arm, aarch64-linux-gnu)	Prove anonymous package-default installation and offline runtime	2026-09-08T15:19:23.1603481Z  124 │       _ ->
consumer (ubuntu-24.04-arm, aarch64-linux-gnu)	Prove anonymous package-default installation and offline runtime	2026-09-08T15:19:23.1617295Z      │         ~
consumer (ubuntu-24.04-arm, aarch64-linux-gnu)	Prove anonymous package-default installation and offline runtime	2026-09-08T15:19:23.1617534Z      │
consumer (ubuntu-24.04-arm, aarch64-linux-gnu)	Prove anonymous package-default installation and offline runtime	2026-09-08T15:19:23.1617862Z      └─ lib/ex_doc/retriever.ex:124:9: ExDoc.Retriever.docs_chunk/1
consumer (ubuntu-24.04-arm, aarch64-linux-gnu)	Prove anonymous package-default installation and offline runtime	2026-09-08T15:19:23.1618116Z 
consumer (ubuntu-24.04-arm, aarch64-linux-gnu)	Prove anonymous package-default installation and offline runtime	2026-09-08T15:19:23.1618773Z      warning: this clause of defp logo_path/1 is never used (or it will always fail/warn when invoked)
consumer (ubuntu-24.04-arm, aarch64-linux-gnu)	Prove anonymous package-default installation and offline runtime	2026-09-08T15:19:23.1625786Z      │
consumer (ubuntu-24.04-arm, aarch64-linux-gnu)	Prove anonymous package-default installation and offline runtime	2026-09-08T15:19:23.1626489Z  156 │   defp logo_path(%{logo: nil}), do: nil
consumer (ubuntu-24.04-arm, aarch64-linux-gnu)	Prove anonymous package-default installation and offline runtime	2026-09-08T15:19:23.1627000Z      │        ~
consumer (ubuntu-24.04-arm, aarch64-linux-gnu)	Prove anonymous package-default installation and offline runtime	2026-09-08T15:19:23.1627356Z      │
consumer (ubuntu-24.04-arm, aarch64-linux-gnu)	Prove anonymous package-default installation and offline runtime	2026-09-08T15:19:23.1627992Z      └─ lib/ex_doc/formatter/html/templates.ex:156:8: ExDoc.Formatter.HTML.Templates.logo_path/1
consumer (ubuntu-24.04-arm, aarch64-linux-gnu)	Prove anonymous package-default installation and offline runtime	2026-09-08T15:19:23.1628489Z 
consumer (ubuntu-24.04-arm, aarch64-linux-gnu)	Prove anonymous package-default installation and offline runtime	2026-09-08T15:19:23.1628858Z      warning: the following clause will never match:
consumer (ubuntu-24.04-arm, aarch64-linux-gnu)	Prove anonymous package-default installation and offline runtime	2026-09-08T15:19:23.1629193Z 
consumer (ubuntu-24.04-arm, aarch64-linux-gnu)	Prove anonymous package-default installation and offline runtime	2026-09-08T15:19:23.1629406Z          nil ->
consumer (ubuntu-24.04-arm, aarch64-linux-gnu)	Prove anonymous package-default installation and offline runtime	2026-09-08T15:19:23.1629642Z 
consumer (ubuntu-24.04-arm, aarch64-linux-gnu)	Prove anonymous package-default installation and offline runtime	2026-09-08T15:19:23.1629886Z      because it attempts to match on the result of:
consumer (ubuntu-24.04-arm, aarch64-linux-gnu)	Prove anonymous package-default installation and offline runtime	2026-09-08T15:19:23.1630207Z 
consumer (ubuntu-24.04-arm, aarch64-linux-gnu)	Prove anonymous package-default installation and offline runtime	2026-09-08T15:19:23.1630503Z          ExDoc.Language.Source.fetch_type!(module_data, name, arity)
consumer (ubuntu-24.04-arm, aarch64-linux-gnu)	Prove anonymous package-default installation and offline runtime	2026-09-08T15:19:23.1630887Z 
consumer (ubuntu-24.04-arm, aarch64-linux-gnu)	Prove anonymous package-default installation and offline runtime	2026-09-08T15:19:23.1631084Z      which has type:
consumer (ubuntu-24.04-arm, aarch64-linux-gnu)	Prove anonymous package-default installation and offline runtime	2026-09-08T15:19:23.1631332Z 
consumer (ubuntu-24.04-arm, aarch64-linux-gnu)	Prove anonymous package-default installation and offline runtime	2026-09-08T15:19:23.1631555Z          dynamic(not false and not nil)
consumer (ubuntu-24.04-arm, aarch64-linux-gnu)	Prove anonymous package-default installation and offline runtime	2026-09-08T15:19:23.1631872Z 
consumer (ubuntu-24.04-arm, aarch64-linux-gnu)	Prove anonymous package-default installation and offline runtime	2026-09-08T15:19:23.1632094Z      type warning found at:
consumer (ubuntu-24.04-arm, aarch64-linux-gnu)	Prove anonymous package-default installation and offline runtime	2026-09-08T15:19:23.1632462Z      │
consumer (ubuntu-24.04-arm, aarch64-linux-gnu)	Prove anonymous package-default installation and offline runtime	2026-09-08T15:19:23.1632834Z  150 │         nil ->
consumer (ubuntu-24.04-arm, aarch64-linux-gnu)	Prove anonymous package-default installation and offline runtime	2026-09-08T15:19:23.1633231Z      │         ~~~~~~
consumer (ubuntu-24.04-arm, aarch64-linux-gnu)	Prove anonymous package-default installation and offline runtime	2026-09-08T15:19:23.1633556Z      │
consumer (ubuntu-24.04-arm, aarch64-linux-gnu)	Prove anonymous package-default installation and offline runtime	2026-09-08T15:19:23.1634045Z      └─ lib/ex_doc/language/erlang.ex:150: ExDoc.Language.Erlang.type_data/6
consumer (ubuntu-24.04-arm, aarch64-linux-gnu)	Prove anonymous package-default installation and offline runtime	2026-09-08T15:19:23.1634460Z 
consumer (ubuntu-24.04-arm, aarch64-linux-gnu)	Prove anonymous package-default installation and offline runtime	2026-09-08T15:19:23.1779756Z      warning: the following clause is redundant:
consumer (ubuntu-24.04-arm, aarch64-linux-gnu)	Prove anonymous package-default installation and offline runtime	2026-09-08T15:19:23.1780520Z 
consumer (ubuntu-24.04-arm, aarch64-linux-gnu)	Prove anonymous package-default installation and offline runtime	2026-09-08T15:19:23.1780801Z          defp to_var({:<<>>, _, _}, _)
consumer (ubuntu-24.04-arm, aarch64-linux-gnu)	Prove anonymous package-default installation and offline runtime	2026-09-08T15:19:23.1781001Z 
consumer (ubuntu-24.04-arm, aarch64-linux-gnu)	Prove anonymous package-default installation and offline runtime	2026-09-08T15:19:23.1781085Z      it has type:
consumer (ubuntu-24.04-arm, aarch64-linux-gnu)	Prove anonymous package-default installation and offline runtime	2026-09-08T15:19:23.1781204Z 
consumer (ubuntu-24.04-arm, aarch64-linux-gnu)	Prove anonymous package-default installation and offline runtime	2026-09-08T15:19:23.1781315Z          dynamic({:<<>>, term(), term()}), dynamic()
consumer (ubuntu-24.04-arm, aarch64-linux-gnu)	Prove anonymous package-default installation and offline runtime	2026-09-08T15:19:23.1781512Z 
consumer (ubuntu-24.04-arm, aarch64-linux-gnu)	Prove anonymous package-default installation and offline runtime	2026-09-08T15:19:23.1781685Z      previous clauses have already matched on the following types:
consumer (ubuntu-24.04-arm, aarch64-linux-gnu)	Prove anonymous package-default installation and offline runtime	2026-09-08T15:19:23.1781934Z 
consumer (ubuntu-24.04-arm, aarch64-linux-gnu)	Prove anonymous package-default installation and offline runtime	2026-09-08T15:19:23.1782026Z          {:%{}, term(), term()}, term()
consumer (ubuntu-24.04-arm, aarch64-linux-gnu)	Prove anonymous package-default installation and offline runtime	2026-09-08T15:19:23.1782298Z          {atom(), term(), term()}, term()
consumer (ubuntu-24.04-arm, aarch64-linux-gnu)	Prove anonymous package-default installation and offline runtime	2026-09-08T15:19:23.1782470Z 
consumer (ubuntu-24.04-arm, aarch64-linux-gnu)	Prove anonymous package-default installation and offline runtime	2026-09-08T15:19:23.1782665Z      │
consumer (ubuntu-24.04-arm, aarch64-linux-gnu)	Prove anonymous package-default installation and offline runtime	2026-09-08T15:19:23.1782961Z  569 │   defp to_var({:<<>>, _, _}, _), do: {:binary, [], nil}
consumer (ubuntu-24.04-arm, aarch64-linux-gnu)	Prove anonymous package-default installation and offline runtime	2026-09-08T15:19:23.1783270Z      │        ~
consumer (ubuntu-24.04-arm, aarch64-linux-gnu)	Prove anonymous package-default installation and offline runtime	2026-09-08T15:19:23.1783446Z      │
consumer (ubuntu-24.04-arm, aarch64-linux-gnu)	Prove anonymous package-default installation and offline runtime	2026-09-08T15:19:23.1783784Z      └─ lib/ex_doc/language/elixir.ex:569:8: ExDoc.Language.Elixir.to_var/2
consumer (ubuntu-24.04-arm, aarch64-linux-gnu)	Prove anonymous package-default installation and offline runtime	2026-09-08T15:19:23.1784059Z 
consumer (ubuntu-24.04-arm, aarch64-linux-gnu)	Prove anonymous package-default installation and offline runtime	2026-09-08T15:19:23.1816752Z      warning: the following clause is redundant:
consumer (ubuntu-24.04-arm, aarch64-linux-gnu)	Prove anonymous package-default installation and offline runtime	2026-09-08T15:19:23.1817033Z 
consumer (ubuntu-24.04-arm, aarch64-linux-gnu)	Prove anonymous package-default installation and offline runtime	2026-09-08T15:19:23.1817136Z          defp to_var({:{}, _, _}, _)
consumer (ubuntu-24.04-arm, aarch64-linux-gnu)	Prove anonymous package-default installation and offline runtime	2026-09-08T15:19:23.1817306Z 
consumer (ubuntu-24.04-arm, aarch64-linux-gnu)	Prove anonymous package-default installation and offline runtime	2026-09-08T15:19:23.1817386Z      it has type:
consumer (ubuntu-24.04-arm, aarch64-linux-gnu)	Prove anonymous package-default installation and offline runtime	2026-09-08T15:19:23.1817505Z 
consumer (ubuntu-24.04-arm, aarch64-linux-gnu)	Prove anonymous package-default installation and offline runtime	2026-09-08T15:19:23.1817618Z          dynamic({:{}, term(), term()}), dynamic()
consumer (ubuntu-24.04-arm, aarch64-linux-gnu)	Prove anonymous package-default installation and offline runtime	2026-09-08T15:19:23.1817807Z 
consumer (ubuntu-24.04-arm, aarch64-linux-gnu)	Prove anonymous package-default installation and offline runtime	2026-09-08T15:19:23.1817979Z      previous clauses have already matched on the following types:
consumer (ubuntu-24.04-arm, aarch64-linux-gnu)	Prove anonymous package-default installation and offline runtime	2026-09-08T15:19:23.1818227Z 
consumer (ubuntu-24.04-arm, aarch64-linux-gnu)	Prove anonymous package-default installation and offline runtime	2026-09-08T15:19:23.1818322Z          {:%{}, term(), term()}, term()
consumer (ubuntu-24.04-arm, aarch64-linux-gnu)	Prove anonymous package-default installation and offline runtime	2026-09-08T15:19:23.1818579Z          {atom(), term(), term()}, term()
consumer (ubuntu-24.04-arm, aarch64-linux-gnu)	Prove anonymous package-default installation and offline runtime	2026-09-08T15:19:23.1818750Z 
consumer (ubuntu-24.04-arm, aarch64-linux-gnu)	Prove anonymous package-default installation and offline runtime	2026-09-08T15:19:23.1818928Z      │
consumer (ubuntu-24.04-arm, aarch64-linux-gnu)	Prove anonymous package-default installation and offline runtime	2026-09-08T15:19:23.1819238Z  570 │   defp to_var({:{}, _, _}, _), do: {:tuple, [], nil}
consumer (ubuntu-24.04-arm, aarch64-linux-gnu)	Prove anonymous package-default installation and offline runtime	2026-09-08T15:19:23.1819553Z      │        ~
consumer (ubuntu-24.04-arm, aarch64-linux-gnu)	Prove anonymous package-default installation and offline runtime	2026-09-08T15:19:23.1819729Z      │
consumer (ubuntu-24.04-arm, aarch64-linux-gnu)	Prove anonymous package-default installation and offline runtime	2026-09-08T15:19:23.1820070Z      └─ lib/ex_doc/language/elixir.ex:570:8: ExDoc.Language.Elixir.to_var/2
consumer (ubuntu-24.04-arm, aarch64-linux-gnu)	Prove anonymous package-default installation and offline runtime	2026-09-08T15:19:23.1820347Z 
consumer (ubuntu-24.04-arm, aarch64-linux-gnu)	Prove anonymous package-default installation and offline runtime	2026-09-08T15:19:23.1831253Z      warning: the following clause is redundant:
consumer (ubuntu-24.04-arm, aarch64-linux-gnu)	Prove anonymous package-default installation and offline runtime	2026-09-08T15:19:23.1831533Z 
consumer (ubuntu-24.04-arm, aarch64-linux-gnu)	Prove anonymous package-default installation and offline runtime	2026-09-08T15:19:23.1831664Z          defp to_var(float, _) when is_integer(float)
consumer (ubuntu-24.04-arm, aarch64-linux-gnu)	Prove anonymous package-default installation and offline runtime	2026-09-08T15:19:23.1831871Z 
consumer (ubuntu-24.04-arm, aarch64-linux-gnu)	Prove anonymous package-default installation and offline runtime	2026-09-08T15:19:23.1831950Z      it has type:
consumer (ubuntu-24.04-arm, aarch64-linux-gnu)	Prove anonymous package-default installation and offline runtime	2026-09-08T15:19:23.1832066Z 
consumer (ubuntu-24.04-arm, aarch64-linux-gnu)	Prove anonymous package-default installation and offline runtime	2026-09-08T15:19:23.1832159Z          integer(), dynamic()
consumer (ubuntu-24.04-arm, aarch64-linux-gnu)	Prove anonymous package-default installation and offline runtime	2026-09-08T15:19:23.1832301Z 
consumer (ubuntu-24.04-arm, aarch64-linux-gnu)	Prove anonymous package-default installation and offline runtime	2026-09-08T15:19:23.1832469Z      previous clauses have already matched on the following types:
consumer (ubuntu-24.04-arm, aarch64-linux-gnu)	Prove anonymous package-default installation and offline runtime	2026-09-08T15:19:23.1832750Z 
consumer (ubuntu-24.04-arm, aarch64-linux-gnu)	Prove anonymous package-default installation and offline runtime	2026-09-08T15:19:23.1832841Z          {:%{}, term(), term()}, term()
consumer (ubuntu-24.04-arm, aarch64-linux-gnu)	Prove anonymous package-default installation and offline runtime	2026-09-08T15:19:23.1833493Z          {atom(), term(), term()}, term()
consumer (ubuntu-24.04-arm, aarch64-linux-gnu)	Prove anonymous package-default installation and offline runtime	2026-09-08T15:19:23.1833744Z          {term(), term()}, term()
consumer (ubuntu-24.04-arm, aarch64-linux-gnu)	Prove anonymous package-default installation and offline runtime	2026-09-08T15:19:23.1833973Z          integer(), term()
consumer (ubuntu-24.04-arm, aarch64-linux-gnu)	Prove anonymous package-default installation and offline runtime	2026-09-08T15:19:23.1834104Z 
consumer (ubuntu-24.04-arm, aarch64-linux-gnu)	Prove anonymous package-default installation and offline runtime	2026-09-08T15:19:23.1834257Z      │
consumer (ubuntu-24.04-arm, aarch64-linux-gnu)	Prove anonymous package-default installation and offline runtime	2026-09-08T15:19:23.1834598Z  573 │   defp to_var(float, _) when is_integer(float), do: {:float, [], nil}
consumer (ubuntu-24.04-arm, aarch64-linux-gnu)	Prove anonymous package-default installation and offline runtime	2026-09-08T15:19:23.1834957Z      │        ~
consumer (ubuntu-24.04-arm, aarch64-linux-gnu)	Prove anonymous package-default installation and offline runtime	2026-09-08T15:19:23.1835132Z      │
consumer (ubuntu-24.04-arm, aarch64-linux-gnu)	Prove anonymous package-default installation and offline runtime	2026-09-08T15:19:23.1835467Z      └─ lib/ex_doc/language/elixir.ex:573:8: ExDoc.Language.Elixir.to_var/2
consumer (ubuntu-24.04-arm, aarch64-linux-gnu)	Prove anonymous package-default installation and offline runtime	2026-09-08T15:19:23.1835757Z 
consumer (ubuntu-24.04-arm, aarch64-linux-gnu)	Prove anonymous package-default installation and offline runtime	2026-09-08T15:19:23.1865106Z Generated ex_doc app
consumer (ubuntu-24.04-arm, aarch64-linux-gnu)	Prove anonymous package-default installation and offline runtime	2026-09-08T15:19:23.4995507Z ==> aphid_consumer
consumer (ubuntu-24.04-arm, aarch64-linux-gnu)	Prove anonymous package-default installation and offline runtime	2026-09-08T15:19:23.4995868Z ===> Analyzing applications...
consumer (ubuntu-24.04-arm, aarch64-linux-gnu)	Prove anonymous package-default installation and offline runtime	2026-09-08T15:19:23.5553242Z ===> Compiling telemetry
consumer (ubuntu-24.04-arm, aarch64-linux-gnu)	Prove anonymous package-default installation and offline runtime	2026-09-08T15:19:23.8523851Z ==> zig_doc
consumer (ubuntu-24.04-arm, aarch64-linux-gnu)	Prove anonymous package-default installation and offline runtime	2026-09-08T15:19:23.8524180Z Compiling 5 files (.ex)
consumer (ubuntu-24.04-arm, aarch64-linux-gnu)	Prove anonymous package-default installation and offline runtime	2026-09-08T15:19:24.0794881Z     warning: the following clause will never match:
consumer (ubuntu-24.04-arm, aarch64-linux-gnu)	Prove anonymous package-default installation and offline runtime	2026-09-08T15:19:24.0795197Z 
consumer (ubuntu-24.04-arm, aarch64-linux-gnu)	Prove anonymous package-default installation and offline runtime	2026-09-08T15:19:24.0795336Z         {{:error, reason}, path} ->
consumer (ubuntu-24.04-arm, aarch64-linux-gnu)	Prove anonymous package-default installation and offline runtime	2026-09-08T15:19:24.0795545Z 
consumer (ubuntu-24.04-arm, aarch64-linux-gnu)	Prove anonymous package-default installation and offline runtime	2026-09-08T15:19:24.0795648Z     it is expected to match on type:
consumer (ubuntu-24.04-arm, aarch64-linux-gnu)	Prove anonymous package-default installation and offline runtime	2026-09-08T15:19:24.0795812Z 
consumer (ubuntu-24.04-arm, aarch64-linux-gnu)	Prove anonymous package-default installation and offline runtime	2026-09-08T15:19:24.0795896Z         dynamic(
consumer (ubuntu-24.04-arm, aarch64-linux-gnu)	Prove anonymous package-default installation and offline runtime	2026-09-08T15:19:24.0796074Z           :error or
consumer (ubuntu-24.04-arm, aarch64-linux-gnu)	Prove anonymous package-default installation and offline runtime	2026-09-08T15:19:24.0796577Z             ({term(), :read, binary() or empty_list() or non_empty_list(term(), term())} and
consumer (ubuntu-24.04-arm, aarch64-linux-gnu)	Prove anonymous package-default installation and offline runtime	2026-09-08T15:19:24.0797100Z                not {{:ok, term()}, :read, binary() or empty_list() or non_empty_list(term(), term())})
consumer (ubuntu-24.04-arm, aarch64-linux-gnu)	Prove anonymous package-default installation and offline runtime	2026-09-08T15:19:24.0797841Z         )
consumer (ubuntu-24.04-arm, aarch64-linux-gnu)	Prove anonymous package-default installation and offline runtime	2026-09-08T15:19:24.0797939Z 
consumer (ubuntu-24.04-arm, aarch64-linux-gnu)	Prove anonymous package-default installation and offline runtime	2026-09-08T15:19:24.0798032Z     type warning found at:
consumer (ubuntu-24.04-arm, aarch64-linux-gnu)	Prove anonymous package-default installation and offline runtime	2026-09-08T15:19:24.0798446Z     │
consumer (ubuntu-24.04-arm, aarch64-linux-gnu)	Prove anonymous package-default installation and offline runtime	2026-09-08T15:19:24.0798715Z  69 │       {{:error, reason}, path} ->
consumer (ubuntu-24.04-arm, aarch64-linux-gnu)	Prove anonymous package-default installation and offline runtime	2026-09-08T15:19:24.0799001Z     │       ~~~~~~~~~~~~~~~~~~~~~~~~~~~
consumer (ubuntu-24.04-arm, aarch64-linux-gnu)	Prove anonymous package-default installation and offline runtime	2026-09-08T15:19:24.0799226Z     │
consumer (ubuntu-24.04-arm, aarch64-linux-gnu)	Prove anonymous package-default installation and offline runtime	2026-09-08T15:19:24.0799582Z     └─ lib/zig.doc/generator.ex:69: Zig.Doc.Generator.modulenode_from_config/3
consumer (ubuntu-24.04-arm, aarch64-linux-gnu)	Prove anonymous package-default installation and offline runtime	2026-09-08T15:19:24.0799877Z 
consumer (ubuntu-24.04-arm, aarch64-linux-gnu)	Prove anonymous package-default installation and offline runtime	2026-09-08T15:19:24.0819276Z Generated zig_doc app
consumer (ubuntu-24.04-arm, aarch64-linux-gnu)	Prove anonymous package-default installation and offline runtime	2026-09-08T15:19:24.1032534Z ==> zigler
consumer (ubuntu-24.04-arm, aarch64-linux-gnu)	Prove anonymous package-default installation and offline runtime	2026-09-08T15:19:24.1033027Z Compiling 50 files (.ex)
consumer (ubuntu-24.04-arm, aarch64-linux-gnu)	Prove anonymous package-default installation and offline runtime	2026-09-08T15:19:24.1146130Z 
consumer (ubuntu-24.04-arm, aarch64-linux-gnu)	Prove anonymous package-default installation and offline runtime	2026-09-08T15:19:24.1146785Z 15:19:24.112 [warning] not cross-compiling windows-msvc
consumer (ubuntu-24.04-arm, aarch64-linux-gnu)	Prove anonymous package-default installation and offline runtime	2026-09-08T15:19:24.2021942Z      warning: clauses with the same name and arity (number of arguments) should be grouped together, "def render_elixir_spec/1" was previously defined (lib/zig/_nif.ex:373)
consumer (ubuntu-24.04-arm, aarch64-linux-gnu)	Prove anonymous package-default installation and offline runtime	2026-09-08T15:19:24.2023057Z      │
consumer (ubuntu-24.04-arm, aarch64-linux-gnu)	Prove anonymous package-default installation and offline runtime	2026-09-08T15:19:24.2023434Z  386 │   def render_elixir_spec(nif) do
consumer (ubuntu-24.04-arm, aarch64-linux-gnu)	Prove anonymous package-default installation and offline runtime	2026-09-08T15:19:24.2023738Z      │       ~
consumer (ubuntu-24.04-arm, aarch64-linux-gnu)	Prove anonymous package-default installation and offline runtime	2026-09-08T15:19:24.2023920Z      │
consumer (ubuntu-24.04-arm, aarch64-linux-gnu)	Prove anonymous package-default installation and offline runtime	2026-09-08T15:19:24.2024132Z      └─ lib/zig/_nif.ex:386:7
consumer (ubuntu-24.04-arm, aarch64-linux-gnu)	Prove anonymous package-default installation and offline runtime	2026-09-08T15:19:24.2024281Z 
consumer (ubuntu-24.04-arm, aarch64-linux-gnu)	Prove anonymous package-default installation and offline runtime	2026-09-08T15:19:26.1170937Z 
consumer (ubuntu-24.04-arm, aarch64-linux-gnu)	Prove anonymous package-default installation and offline runtime	2026-09-08T15:19:26.1171777Z 15:19:26.116 [debug] creating staging directory /home/runner/work/_temp/public-consumer/staging/Elixir.Zig.Formatter
consumer (ubuntu-24.04-arm, aarch64-linux-gnu)	Prove anonymous package-default installation and offline runtime	2026-09-08T15:19:26.1274862Z 
consumer (ubuntu-24.04-arm, aarch64-linux-gnu)	Prove anonymous package-default installation and offline runtime	2026-09-08T15:19:26.1275784Z 15:19:26.127 [info] searching for zig in /home/runner/work/_temp/public-consumer/home/.cache/zigler/zig-aarch64-linux-0.16.0/zig
consumer (ubuntu-24.04-arm, aarch64-linux-gnu)	Prove anonymous package-default installation and offline runtime	2026-09-08T15:19:26.1291944Z      warning: unused require EEx
consumer (ubuntu-24.04-arm, aarch64-linux-gnu)	Prove anonymous package-default installation and offline runtime	2026-09-08T15:19:26.1292570Z      │
consumer (ubuntu-24.04-arm, aarch64-linux-gnu)	Prove anonymous package-default installation and offline runtime	2026-09-08T15:19:26.1292939Z  437 │   require EEx
consumer (ubuntu-24.04-arm, aarch64-linux-gnu)	Prove anonymous package-default installation and offline runtime	2026-09-08T15:19:26.1293237Z      │   ~
consumer (ubuntu-24.04-arm, aarch64-linux-gnu)	Prove anonymous package-default installation and offline runtime	2026-09-08T15:19:26.1293542Z      │
consumer (ubuntu-24.04-arm, aarch64-linux-gnu)	Prove anonymous package-default installation and offline runtime	2026-09-08T15:19:26.1293798Z      └─ lib/zig/_nif.ex:437:3
consumer (ubuntu-24.04-arm, aarch64-linux-gnu)	Prove anonymous package-default installation and offline runtime	2026-09-08T15:19:26.1293947Z 
consumer (ubuntu-24.04-arm, aarch64-linux-gnu)	Prove anonymous package-default installation and offline runtime	2026-09-08T15:19:26.6458547Z warning: Zig.Formatter not active (%CompileError{file: nil, line: nil, description: "zig executable not found"}).  If you need Formatter function, and zig is not available, Please run `mix zig.get` to install it.
consumer (ubuntu-24.04-arm, aarch64-linux-gnu)	Prove anonymous package-default installation and offline runtime	2026-09-08T15:19:26.6475914Z ##[warning]  lib/zig/formatter.ex:46: (file)
consumer (ubuntu-24.04-arm, aarch64-linux-gnu)	Prove anonymous package-default installation and offline runtime	2026-09-08T15:19:26.6483577Z   (elixir 1.20.0) src/elixir_compiler.erl:102: :elixir_compiler.dispatch/4
consumer (ubuntu-24.04-arm, aarch64-linux-gnu)	Prove anonymous package-default installation and offline runtime	2026-09-08T15:19:26.6484070Z   (elixir 1.20.0) src/elixir_compiler.erl:76: :elixir_compiler.compile/4
consumer (ubuntu-24.04-arm, aarch64-linux-gnu)	Prove anonymous package-default installation and offline runtime	2026-09-08T15:19:26.6484541Z   (elixir 1.20.0) src/elixir_compiler.erl:42: :elixir_compiler.optimize_defmodule/2
consumer (ubuntu-24.04-arm, aarch64-linux-gnu)	Prove anonymous package-default installation and offline runtime	2026-09-08T15:19:26.6484988Z   (elixir 1.20.0) src/elixir_lexical.erl:18: :elixir_lexical.run/3
consumer (ubuntu-24.04-arm, aarch64-linux-gnu)	Prove anonymous package-default installation and offline runtime	2026-09-08T15:19:26.6485843Z   (elixir 1.20.0) src/elixir_compiler.erl:21: :elixir_compiler.quoted/3
consumer (ubuntu-24.04-arm, aarch64-linux-gnu)	Prove anonymous package-default installation and offline runtime	2026-09-08T15:19:26.6486106Z 
consumer (ubuntu-24.04-arm, aarch64-linux-gnu)	Prove anonymous package-default installation and offline runtime	2026-09-08T15:19:26.7163239Z Generated zigler app
consumer (ubuntu-24.04-arm, aarch64-linux-gnu)	Prove anonymous package-default installation and offline runtime	2026-09-08T15:19:28.7324605Z ==> aphid
consumer (ubuntu-24.04-arm, aarch64-linux-gnu)	Prove anonymous package-default installation and offline runtime	2026-09-08T15:19:28.7325209Z Aphid local bundle verified and installed: SHA256 d919aa4165d3fa9bbf673bc3645c33e9389afedf0cdb89f7c8c1d2ff8c19f2d5
consumer (ubuntu-24.04-arm, aarch64-linux-gnu)	Prove anonymous package-default installation and offline runtime	2026-09-08T15:19:28.7475271Z Compiling 13 files (.ex)
consumer (ubuntu-24.04-arm, aarch64-linux-gnu)	Prove anonymous package-default installation and offline runtime	2026-09-08T15:19:28.8862218Z 
consumer (ubuntu-24.04-arm, aarch64-linux-gnu)	Prove anonymous package-default installation and offline runtime	2026-09-08T15:19:28.8863753Z 15:19:28.885 [debug] skipping compile step for precompiled module Elixir.Aphid.Proof, at /home/runner/work/_temp/public-consumer/consumer/_build/prod/lib/aphid/priv/lib/Elixir.Aphid.Proof.so
consumer (ubuntu-24.04-arm, aarch64-linux-gnu)	Prove anonymous package-default installation and offline runtime	2026-09-08T15:19:28.8875293Z 
consumer (ubuntu-24.04-arm, aarch64-linux-gnu)	Prove anonymous package-default installation and offline runtime	2026-09-08T15:19:28.8876033Z 15:19:28.887 [debug] destination library path: /home/runner/work/_temp/public-consumer/consumer/_build/prod/lib/aphid/priv/lib/Elixir.Aphid.Proof.so
consumer (ubuntu-24.04-arm, aarch64-linux-gnu)	Prove anonymous package-default installation and offline runtime	2026-09-08T15:19:29.1468063Z 
consumer (ubuntu-24.04-arm, aarch64-linux-gnu)	Prove anonymous package-default installation and offline runtime	2026-09-08T15:19:29.1469035Z 15:19:29.146 [debug] skipping compile step for precompiled module Elixir.Aphid.Native, at /home/runner/work/_temp/public-consumer/consumer/_build/prod/lib/aphid/priv/lib/Elixir.Aphid.Native.so
consumer (ubuntu-24.04-arm, aarch64-linux-gnu)	Prove anonymous package-default installation and offline runtime	2026-09-08T15:19:29.1480520Z 
consumer (ubuntu-24.04-arm, aarch64-linux-gnu)	Prove anonymous package-default installation and offline runtime	2026-09-08T15:19:29.1481181Z 15:19:29.146 [debug] destination library path: /home/runner/work/_temp/public-consumer/consumer/_build/prod/lib/aphid/priv/lib/Elixir.Aphid.Native.so
consumer (ubuntu-24.04-arm, aarch64-linux-gnu)	Prove anonymous package-default installation and offline runtime	2026-09-08T15:19:29.7835568Z Generated aphid app
consumer (ubuntu-24.04-arm, aarch64-linux-gnu)	Prove anonymous package-default installation and offline runtime	2026-09-08T15:19:29.8123576Z {"command": ["sudo", "-E", "bwrap", "--die-with-parent", "--unshare-pid", "--ro-bind", "/", "/", "--dev", "/dev", "--proc", "/proc", "--bind", "/home/runner/work/_temp/public-consumer", "/home/runner/work/_temp/public-consumer", "--tmpfs", "/home/runner/work/Aphid/Aphid", "--tmpfs", "/home/runner/work/_temp/qualified-source", "--ro-bind", "/dev/null", "/usr/bin/aarch64-linux-gnu-as", "--ro-bind", "/dev/null", "/usr/bin/aarch64-linux-gnu-g++-12", "--ro-bind", "/dev/null", "/usr/bin/aarch64-linux-gnu-g++-13", "--ro-bind", "/dev/null", "/usr/bin/aarch64-linux-gnu-g++-14", "--ro-bind", "/dev/null", "/usr/bin/aarch64-linux-gnu-gcc-12", "--ro-bind", "/dev/null", "/usr/bin/aarch64-linux-gnu-gcc-13", "--ro-bind", "/dev/null", "/usr/bin/aarch64-linux-gnu-gcc-14", "--ro-bind", "/dev/null", "/usr/bin/aarch64-linux-gnu-ld.bfd", "--ro-bind", "/dev/null", "/usr/bin/c89-gcc", "--ro-bind", "/dev/null", "/usr/bin/c99-gcc", "--ro-bind", "/dev/null", "/usr/bin/make", "--ro-bind", "/dev/null", "/usr/lib/llvm-16/bin/clang", "--ro-bind", "/dev/null", "/usr/lib/llvm-16/bin/lld", "--ro-bind", "/dev/null", "/usr/lib/llvm-16/bin/llvm-as", "--ro-bind", "/dev/null", "/usr/lib/llvm-17/bin/clang", "--ro-bind", "/dev/null", "/usr/lib/llvm-17/bin/lld", "--ro-bind", "/dev/null", "/usr/lib/llvm-17/bin/llvm-as", "--ro-bind", "/dev/null", "/usr/lib/llvm-18/bin/clang", "--ro-bind", "/dev/null", "/usr/lib/llvm-18/bin/lld", "--ro-bind", "/dev/null", "/usr/lib/llvm-18/bin/llvm-as", "--ro-bind", "/dev/null", "/usr/local/bin/cmake", "--ro-bind", "/dev/null", "/usr/local/bin/ninja", "--cap-add", "CAP_SETUID", "--cap-add", "CAP_SETGID", "--cap-add", "CAP_SETPCAP", "--clearenv", "--setenv", "LANG", "C.UTF-8", "--setenv", "HOME", "/home/runner/work/_temp/public-consumer/home", "--setenv", "PATH", "/home/runner/work/_temp/public-consumer/tools:/home/runner/work/_temp/.setup-beam/elixir/bin:/home/runner/work/_temp/.setup-beam/elixir/bin:/home/runner/work/_temp/.setup-beam/otp/bin:/usr/bin:/bin:/usr/sbin:/sbin", "--setenv", "MIX_HOME", "/home/runner/work/_temp/public-consumer/mix-home", "--setenv", "HEX_HOME", "/home/runner/work/_temp/public-consumer/hex-home", "--setenv", "MIX_ENV", "prod", "--setenv", "ZIG_EXECUTABLE_PATH", "/home/runner/work/_temp/public-consumer/tools/zig", "--setenv", "ZIG_GLOBAL_CACHE_DIR", "/home/runner/work/_temp/public-consumer/zig-cache", "--setenv", "ZIGLER_STAGING_ROOT", "/home/runner/work/_temp/public-consumer/staging", "--setenv", "ERL_FLAGS", "+S 1:1 +SDcpu 1:1", "--setenv", "TMPDIR", "/home/runner/work/_temp/public-consumer/tmp", "--", "/usr/bin/setpriv", "--reuid", "1001", "--regid", "1001", "--clear-groups", "--bounding-set=-all", "--no-new-privs", "--", "mix", "deps.compile"], "cwd": "/home/runner/work/_temp/public-consumer/consumer", "exit": 0, "seconds": 36.794}
consumer (ubuntu-24.04-arm, aarch64-linux-gnu)	Prove anonymous package-default installation and offline runtime	2026-09-08T15:19:32.2403362Z ==> aphid
consumer (ubuntu-24.04-arm, aarch64-linux-gnu)	Prove anonymous package-default installation and offline runtime	2026-09-08T15:19:32.2415514Z Aphid local bundle verified and installed: SHA256 d919aa4165d3fa9bbf673bc3645c33e9389afedf0cdb89f7c8c1d2ff8c19f2d5
consumer (ubuntu-24.04-arm, aarch64-linux-gnu)	Prove anonymous package-default installation and offline runtime	2026-09-08T15:19:32.7160242Z ==> aphid_consumer
consumer (ubuntu-24.04-arm, aarch64-linux-gnu)	Prove anonymous package-default installation and offline runtime	2026-09-08T15:19:32.7160774Z Generated aphid_consumer app
consumer (ubuntu-24.04-arm, aarch64-linux-gnu)	Prove anonymous package-default installation and offline runtime	2026-09-08T15:19:32.7855631Z {"command": ["sudo", "-E", "bwrap", "--die-with-parent", "--unshare-pid", "--ro-bind", "/", "/", "--dev", "/dev", "--proc", "/proc", "--bind", "/home/runner/work/_temp/public-consumer", "/home/runner/work/_temp/public-consumer", "--tmpfs", "/home/runner/work/Aphid/Aphid", "--tmpfs", "/home/runner/work/_temp/qualified-source", "--ro-bind", "/dev/null", "/usr/bin/aarch64-linux-gnu-as", "--ro-bind", "/dev/null", "/usr/bin/aarch64-linux-gnu-g++-12", "--ro-bind", "/dev/null", "/usr/bin/aarch64-linux-gnu-g++-13", "--ro-bind", "/dev/null", "/usr/bin/aarch64-linux-gnu-g++-14", "--ro-bind", "/dev/null", "/usr/bin/aarch64-linux-gnu-gcc-12", "--ro-bind", "/dev/null", "/usr/bin/aarch64-linux-gnu-gcc-13", "--ro-bind", "/dev/null", "/usr/bin/aarch64-linux-gnu-gcc-14", "--ro-bind", "/dev/null", "/usr/bin/aarch64-linux-gnu-ld.bfd", "--ro-bind", "/dev/null", "/usr/bin/c89-gcc", "--ro-bind", "/dev/null", "/usr/bin/c99-gcc", "--ro-bind", "/dev/null", "/usr/bin/make", "--ro-bind", "/dev/null", "/usr/lib/llvm-16/bin/clang", "--ro-bind", "/dev/null", "/usr/lib/llvm-16/bin/lld", "--ro-bind", "/dev/null", "/usr/lib/llvm-16/bin/llvm-as", "--ro-bind", "/dev/null", "/usr/lib/llvm-17/bin/clang", "--ro-bind", "/dev/null", "/usr/lib/llvm-17/bin/lld", "--ro-bind", "/dev/null", "/usr/lib/llvm-17/bin/llvm-as", "--ro-bind", "/dev/null", "/usr/lib/llvm-18/bin/clang", "--ro-bind", "/dev/null", "/usr/lib/llvm-18/bin/lld", "--ro-bind", "/dev/null", "/usr/lib/llvm-18/bin/llvm-as", "--ro-bind", "/dev/null", "/usr/local/bin/cmake", "--ro-bind", "/dev/null", "/usr/local/bin/ninja", "--cap-add", "CAP_SETUID", "--cap-add", "CAP_SETGID", "--cap-add", "CAP_SETPCAP", "--clearenv", "--setenv", "LANG", "C.UTF-8", "--setenv", "HOME", "/home/runner/work/_temp/public-consumer/home", "--setenv", "PATH", "/home/runner/work/_temp/public-consumer/tools:/home/runner/work/_temp/.setup-beam/elixir/bin:/home/runner/work/_temp/.setup-beam/elixir/bin:/home/runner/work/_temp/.setup-beam/otp/bin:/usr/bin:/bin:/usr/sbin:/sbin", "--setenv", "MIX_HOME", "/home/runner/work/_temp/public-consumer/mix-home", "--setenv", "HEX_HOME", "/home/runner/work/_temp/public-consumer/hex-home", "--setenv", "MIX_ENV", "prod", "--setenv", "ZIG_EXECUTABLE_PATH", "/home/runner/work/_temp/public-consumer/tools/zig", "--setenv", "ZIG_GLOBAL_CACHE_DIR", "/home/runner/work/_temp/public-consumer/zig-cache", "--setenv", "ZIGLER_STAGING_ROOT", "/home/runner/work/_temp/public-consumer/staging", "--setenv", "ERL_FLAGS", "+S 1:1 +SDcpu 1:1", "--setenv", "TMPDIR", "/home/runner/work/_temp/public-consumer/tmp", "--", "/usr/bin/setpriv", "--reuid", "1001", "--regid", "1001", "--clear-groups", "--bounding-set=-all", "--no-new-privs", "--", "mix", "compile"], "cwd": "/home/runner/work/_temp/public-consumer/consumer", "exit": 0, "seconds": 2.973}
consumer (ubuntu-24.04-arm, aarch64-linux-gnu)	Prove anonymous package-default installation and offline runtime	2026-09-08T15:19:33.5444174Z runtime identity: {"1.20.0", ~c"29", ~c"2.18"}
consumer (ubuntu-24.04-arm, aarch64-linux-gnu)	Prove anonymous package-default installation and offline runtime	2026-09-08T15:19:35.2866088Z Running ExUnit with seed: 0, max_cases: 2
consumer (ubuntu-24.04-arm, aarch64-linux-gnu)	Prove anonymous package-default installation and offline runtime	2026-09-08T15:19:35.2866549Z 
consumer (ubuntu-24.04-arm, aarch64-linux-gnu)	Prove anonymous package-default installation and offline runtime	2026-09-08T15:19:41.7513932Z ...................Aphid basic example passed
consumer (ubuntu-24.04-arm, aarch64-linux-gnu)	Prove anonymous package-default installation and offline runtime	2026-09-08T15:19:41.7893811Z .Aphid transaction example passed
consumer (ubuntu-24.04-arm, aarch64-linux-gnu)	Prove anonymous package-default installation and offline runtime	2026-09-08T15:19:41.8153308Z .Aphid stream example passed
consumer (ubuntu-24.04-arm, aarch64-linux-gnu)	Prove anonymous package-default installation and offline runtime	2026-09-08T15:19:41.8954198Z .Aphid FTS example passed
consumer (ubuntu-24.04-arm, aarch64-linux-gnu)	Prove anonymous package-default installation and offline runtime	2026-09-08T15:19:41.9334078Z .Aphid vector example passed
consumer (ubuntu-24.04-arm, aarch64-linux-gnu)	Prove anonymous package-default installation and offline runtime	2026-09-08T15:19:42.0187620Z .Aphid DuckDB example passed
consumer (ubuntu-24.04-arm, aarch64-linux-gnu)	Prove anonymous package-default installation and offline runtime	2026-09-08T15:19:48.1940484Z .............stale-cancel race: 30 iterations; maximum cancel-to-idle 200997 us
consumer (ubuntu-24.04-arm, aarch64-linux-gnu)	Prove anonymous package-default installation and offline runtime	2026-09-08T15:19:52.5923882Z ........heartbeat: 11 samples; maximum gap 6 ms
consumer (ubuntu-24.04-arm, aarch64-linux-gnu)	Prove anonymous package-default installation and offline runtime	2026-09-08T15:19:52.6845094Z .
consumer (ubuntu-24.04-arm, aarch64-linux-gnu)	Prove anonymous package-default installation and offline runtime	2026-09-08T15:19:52.6846442Z 15:19:52.682 [error] Aphid artifact [unloadable]: /home/runner/work/_temp/public-consumer/consumer/_build/prod/lib/aphid/priv/lib/Elixir.Aphid.Native: {:upgrade, ~c"Library upgrade-call unsuccessful (-1)."}; use the matching complete bundle and runtime. No source fallback.
consumer (ubuntu-24.04-arm, aarch64-linux-gnu)	Prove anonymous package-default installation and offline runtime	2026-09-08T15:19:52.6887760Z 
consumer (ubuntu-24.04-arm, aarch64-linux-gnu)	Prove anonymous package-default installation and offline runtime	2026-09-08T15:19:52.6888564Z 15:19:52.685 [warning] The on_load function for module Elixir.Aphid.Native returned:
consumer (ubuntu-24.04-arm, aarch64-linux-gnu)	Prove anonymous package-default installation and offline runtime	2026-09-08T15:19:52.6889128Z {:error, {:upgrade, ~c"Library upgrade-call unsuccessful (-1)."}}
consumer (ubuntu-24.04-arm, aarch64-linux-gnu)	Prove anonymous package-default installation and offline runtime	2026-09-08T15:19:52.6889417Z 
consumer (ubuntu-24.04-arm, aarch64-linux-gnu)	Prove anonymous package-default installation and offline runtime	2026-09-08T15:19:55.1869598Z .....................................................
consumer (ubuntu-24.04-arm, aarch64-linux-gnu)	Prove anonymous package-default installation and offline runtime	2026-09-08T15:19:55.1887526Z Finished in 21.6 seconds (1.7s on load, 0.00s async, 19.8s sync)
consumer (ubuntu-24.04-arm, aarch64-linux-gnu)	Prove anonymous package-default installation and offline runtime	2026-09-08T15:19:55.1887842Z 
consumer (ubuntu-24.04-arm, aarch64-linux-gnu)	Prove anonymous package-default installation and offline runtime	2026-09-08T15:19:55.1887948Z Result: 99 passed
consumer (ubuntu-24.04-arm, aarch64-linux-gnu)	Prove anonymous package-default installation and offline runtime	2026-09-08T15:19:55.2654584Z {"command": ["sudo", "-E", "bwrap", "--die-with-parent", "--unshare-pid", "--ro-bind", "/", "/", "--dev", "/dev", "--proc", "/proc", "--bind", "/home/runner/work/_temp/public-consumer", "/home/runner/work/_temp/public-consumer", "--unshare-net", "--tmpfs", "/home/runner/work/Aphid/Aphid", "--tmpfs", "/home/runner/work/_temp/qualified-source", "--ro-bind", "/dev/null", "/usr/bin/aarch64-linux-gnu-as", "--ro-bind", "/dev/null", "/usr/bin/aarch64-linux-gnu-g++-12", "--ro-bind", "/dev/null", "/usr/bin/aarch64-linux-gnu-g++-13", "--ro-bind", "/dev/null", "/usr/bin/aarch64-linux-gnu-g++-14", "--ro-bind", "/dev/null", "/usr/bin/aarch64-linux-gnu-gcc-12", "--ro-bind", "/dev/null", "/usr/bin/aarch64-linux-gnu-gcc-13", "--ro-bind", "/dev/null", "/usr/bin/aarch64-linux-gnu-gcc-14", "--ro-bind", "/dev/null", "/usr/bin/aarch64-linux-gnu-ld.bfd", "--ro-bind", "/dev/null", "/usr/bin/c89-gcc", "--ro-bind", "/dev/null", "/usr/bin/c99-gcc", "--ro-bind", "/dev/null", "/usr/bin/make", "--ro-bind", "/dev/null", "/usr/lib/llvm-16/bin/clang", "--ro-bind", "/dev/null", "/usr/lib/llvm-16/bin/lld", "--ro-bind", "/dev/null", "/usr/lib/llvm-16/bin/llvm-as", "--ro-bind", "/dev/null", "/usr/lib/llvm-17/bin/clang", "--ro-bind", "/dev/null", "/usr/lib/llvm-17/bin/lld", "--ro-bind", "/dev/null", "/usr/lib/llvm-17/bin/llvm-as", "--ro-bind", "/dev/null", "/usr/lib/llvm-18/bin/clang", "--ro-bind", "/dev/null", "/usr/lib/llvm-18/bin/lld", "--ro-bind", "/dev/null", "/usr/lib/llvm-18/bin/llvm-as", "--ro-bind", "/dev/null", "/usr/local/bin/cmake", "--ro-bind", "/dev/null", "/usr/local/bin/ninja", "--cap-add", "CAP_SETUID", "--cap-add", "CAP_SETGID", "--cap-add", "CAP_SETPCAP", "--clearenv", "--setenv", "LANG", "C.UTF-8", "--setenv", "HOME", "/home/runner/work/_temp/public-consumer/home", "--setenv", "PATH", "/home/runner/work/_temp/public-consumer/tools:/home/runner/work/_temp/.setup-beam/elixir/bin:/home/runner/work/_temp/.setup-beam/elixir/bin:/home/runner/work/_temp/.setup-beam/otp/bin:/usr/bin:/bin:/usr/sbin:/sbin", "--setenv", "MIX_HOME", "/home/runner/work/_temp/public-consumer/mix-home", "--setenv", "HEX_HOME", "/home/runner/work/_temp/public-consumer/hex-home", "--setenv", "MIX_ENV", "prod", "--setenv", "ZIG_EXECUTABLE_PATH", "/home/runner/work/_temp/public-consumer/tools/zig", "--setenv", "ZIG_GLOBAL_CACHE_DIR", "/home/runner/work/_temp/public-consumer/zig-cache", "--setenv", "ZIGLER_STAGING_ROOT", "/home/runner/work/_temp/public-consumer/staging", "--setenv", "ERL_FLAGS", "+S 1:1 +SDcpu 1:1", "--setenv", "TMPDIR", "/home/runner/work/_temp/public-consumer/tmp", "--", "/usr/bin/setpriv", "--reuid", "1001", "--regid", "1001", "--clear-groups", "--bounding-set=-all", "--no-new-privs", "--", "mix", "run", "--no-compile", "check.exs"], "cwd": "/home/runner/work/_temp/public-consumer/consumer", "exit": 0, "seconds": 22.46}
consumer (ubuntu-24.04-arm, aarch64-linux-gnu)	Prove anonymous package-default installation and offline runtime	2026-09-08T15:19:55.4312629Z Installed license hashes, including source-package supplement: a9380f27e98b9ee7180560a31c99994cdfcbb2b8efae4b526e5225b14c56e992
consumer (ubuntu-24.04-arm, aarch64-linux-gnu)	Prove anonymous package-default installation and offline runtime	2026-09-08T15:19:55.4313434Z fresh Mix consumer passed; native files unchanged; no native compiler invocation
consumer (ubuntu-24.04-arm, aarch64-linux-gnu)	Post Run actions/setup-python@ece7cb06caefa5fff74198d8649806c4678c61a1	﻿2026-09-08T15:19:55.4597734Z Post job cleanup.
consumer (ubuntu-24.04-arm, aarch64-linux-gnu)	Post Run actions/checkout@d23441a48e516b6c34aea4fa41551a30e30af803	﻿2026-09-08T15:19:55.5737933Z Post job cleanup.
consumer (ubuntu-24.04-arm, aarch64-linux-gnu)	Post Run actions/checkout@d23441a48e516b6c34aea4fa41551a30e30af803	2026-09-08T15:19:55.6454552Z [command]/usr/bin/git version
consumer (ubuntu-24.04-arm, aarch64-linux-gnu)	Post Run actions/checkout@d23441a48e516b6c34aea4fa41551a30e30af803	2026-09-08T15:19:55.6490409Z git version 2.55.0
consumer (ubuntu-24.04-arm, aarch64-linux-gnu)	Post Run actions/checkout@d23441a48e516b6c34aea4fa41551a30e30af803	2026-09-08T15:19:55.6525354Z Temporarily overriding HOME='/home/runner/work/_temp/1a06811b-b5a3-4546-9f69-6c8437c10f4e' before making global git config changes
consumer (ubuntu-24.04-arm, aarch64-linux-gnu)	Post Run actions/checkout@d23441a48e516b6c34aea4fa41551a30e30af803	2026-09-08T15:19:55.6526339Z Adding repository directory to the temporary git global config as a safe directory
consumer (ubuntu-24.04-arm, aarch64-linux-gnu)	Post Run actions/checkout@d23441a48e516b6c34aea4fa41551a30e30af803	2026-09-08T15:19:55.6532962Z [command]/usr/bin/git config --global --add safe.directory /home/runner/work/Aphid/Aphid
consumer (ubuntu-24.04-arm, aarch64-linux-gnu)	Post Run actions/checkout@d23441a48e516b6c34aea4fa41551a30e30af803	2026-09-08T15:19:55.6564167Z Removing SSH command configuration
consumer (ubuntu-24.04-arm, aarch64-linux-gnu)	Post Run actions/checkout@d23441a48e516b6c34aea4fa41551a30e30af803	2026-09-08T15:19:55.6570505Z [command]/usr/bin/git config --local --name-only --get-regexp core\.sshCommand
consumer (ubuntu-24.04-arm, aarch64-linux-gnu)	Post Run actions/checkout@d23441a48e516b6c34aea4fa41551a30e30af803	2026-09-08T15:19:55.6607736Z [command]/usr/bin/git submodule foreach --recursive sh -c "git config --local --name-only --get-regexp 'core\.sshCommand' && git config --local --unset-all 'core.sshCommand' || :"
consumer (ubuntu-24.04-arm, aarch64-linux-gnu)	Post Run actions/checkout@d23441a48e516b6c34aea4fa41551a30e30af803	2026-09-08T15:19:55.6804820Z Removing HTTP extra header
consumer (ubuntu-24.04-arm, aarch64-linux-gnu)	Post Run actions/checkout@d23441a48e516b6c34aea4fa41551a30e30af803	2026-09-08T15:19:55.6811330Z [command]/usr/bin/git config --local --name-only --get-regexp http\.https\:\/\/github\.com\/\.extraheader
consumer (ubuntu-24.04-arm, aarch64-linux-gnu)	Post Run actions/checkout@d23441a48e516b6c34aea4fa41551a30e30af803	2026-09-08T15:19:55.6850844Z [command]/usr/bin/git submodule foreach --recursive sh -c "git config --local --name-only --get-regexp 'http\.https\:\/\/github\.com\/\.extraheader' && git config --local --unset-all 'http.https://github.com/.extraheader' || :"
consumer (ubuntu-24.04-arm, aarch64-linux-gnu)	Post Run actions/checkout@d23441a48e516b6c34aea4fa41551a30e30af803	2026-09-08T15:19:55.7077152Z Removing includeIf entries pointing to credentials config files
consumer (ubuntu-24.04-arm, aarch64-linux-gnu)	Post Run actions/checkout@d23441a48e516b6c34aea4fa41551a30e30af803	2026-09-08T15:19:55.7085300Z [command]/usr/bin/git config --local --name-only --get-regexp ^includeIf\.gitdir:
consumer (ubuntu-24.04-arm, aarch64-linux-gnu)	Post Run actions/checkout@d23441a48e516b6c34aea4fa41551a30e30af803	2026-09-08T15:19:55.7119856Z [command]/usr/bin/git submodule foreach --recursive git config --local --show-origin --name-only --get-regexp remote.origin.url
consumer (ubuntu-24.04-arm, aarch64-linux-gnu)	Complete job	﻿2026-09-08T15:19:55.7458429Z Cleaning up orphan processes
