consumer (ubuntu-24.04, x86_64-linux-gnu)	Set up job	﻿2026-09-08T15:05:28.9330097Z Current runner version: '2.337.0'
consumer (ubuntu-24.04, x86_64-linux-gnu)	Set up job	2026-09-08T15:05:28.9355892Z ##[group]Runner Image Provisioner
consumer (ubuntu-24.04, x86_64-linux-gnu)	Set up job	2026-09-08T15:05:28.9356816Z Hosted Compute Agent
consumer (ubuntu-24.04, x86_64-linux-gnu)	Set up job	2026-09-08T15:05:28.9357484Z Version: 20260828.587
consumer (ubuntu-24.04, x86_64-linux-gnu)	Set up job	2026-09-08T15:05:28.9358125Z Commit: abac92662cab4cc7352de4f9f9d2e2419aad9c29
consumer (ubuntu-24.04, x86_64-linux-gnu)	Set up job	2026-09-08T15:05:28.9358843Z Build Date: 2026-08-28T16:44:25Z
consumer (ubuntu-24.04, x86_64-linux-gnu)	Set up job	2026-09-08T15:05:28.9359598Z Worker ID: {c00437e8-f93a-465a-88e5-3a61386ffb7c}
consumer (ubuntu-24.04, x86_64-linux-gnu)	Set up job	2026-09-08T15:05:28.9360331Z Azure Region: westus2
consumer (ubuntu-24.04, x86_64-linux-gnu)	Set up job	2026-09-08T15:05:28.9360970Z ##[endgroup]
consumer (ubuntu-24.04, x86_64-linux-gnu)	Set up job	2026-09-08T15:05:28.9362628Z ##[group]Operating System
consumer (ubuntu-24.04, x86_64-linux-gnu)	Set up job	2026-09-08T15:05:28.9363554Z Ubuntu
consumer (ubuntu-24.04, x86_64-linux-gnu)	Set up job	2026-09-08T15:05:28.9364219Z 24.04.4
consumer (ubuntu-24.04, x86_64-linux-gnu)	Set up job	2026-09-08T15:05:28.9364773Z LTS
consumer (ubuntu-24.04, x86_64-linux-gnu)	Set up job	2026-09-08T15:05:28.9365308Z ##[endgroup]
consumer (ubuntu-24.04, x86_64-linux-gnu)	Set up job	2026-09-08T15:05:28.9365902Z ##[group]Runner Image
consumer (ubuntu-24.04, x86_64-linux-gnu)	Set up job	2026-09-08T15:05:28.9366480Z Image: ubuntu-24.04
consumer (ubuntu-24.04, x86_64-linux-gnu)	Set up job	2026-09-08T15:05:28.9367089Z Version: 20260831.293.1
consumer (ubuntu-24.04, x86_64-linux-gnu)	Set up job	2026-09-08T15:05:28.9368190Z Included Software: https://github.com/actions/runner-images/blob/ubuntu24/20260831.293/images/ubuntu/Ubuntu2404-Readme.md
consumer (ubuntu-24.04, x86_64-linux-gnu)	Set up job	2026-09-08T15:05:28.9370011Z Image Release: https://github.com/actions/runner-images/releases/tag/ubuntu24%2F20260831.293
consumer (ubuntu-24.04, x86_64-linux-gnu)	Set up job	2026-09-08T15:05:28.9370989Z ##[endgroup]
consumer (ubuntu-24.04, x86_64-linux-gnu)	Set up job	2026-09-08T15:05:28.9372227Z ##[group]GITHUB_TOKEN Permissions
consumer (ubuntu-24.04, x86_64-linux-gnu)	Set up job	2026-09-08T15:05:28.9374591Z Actions: read
consumer (ubuntu-24.04, x86_64-linux-gnu)	Set up job	2026-09-08T15:05:28.9375303Z Contents: read
consumer (ubuntu-24.04, x86_64-linux-gnu)	Set up job	2026-09-08T15:05:28.9375917Z Metadata: read
consumer (ubuntu-24.04, x86_64-linux-gnu)	Set up job	2026-09-08T15:05:28.9376887Z ##[endgroup]
consumer (ubuntu-24.04, x86_64-linux-gnu)	Set up job	2026-09-08T15:05:28.9378983Z Secret source: Actions
consumer (ubuntu-24.04, x86_64-linux-gnu)	Set up job	2026-09-08T15:05:28.9380171Z Prepare workflow directory
consumer (ubuntu-24.04, x86_64-linux-gnu)	Set up job	2026-09-08T15:05:28.9711460Z Prepare all required actions
consumer (ubuntu-24.04, x86_64-linux-gnu)	Set up job	2026-09-08T15:05:28.9760239Z Getting action download info
consumer (ubuntu-24.04, x86_64-linux-gnu)	Set up job	2026-09-08T15:05:29.3902995Z Download action repository 'actions/checkout@d23441a48e516b6c34aea4fa41551a30e30af803' (SHA:d23441a48e516b6c34aea4fa41551a30e30af803)
consumer (ubuntu-24.04, x86_64-linux-gnu)	Set up job	2026-09-08T15:05:29.5445829Z Download action repository 'actions/setup-python@ece7cb06caefa5fff74198d8649806c4678c61a1' (SHA:ece7cb06caefa5fff74198d8649806c4678c61a1)
consumer (ubuntu-24.04, x86_64-linux-gnu)	Set up job	2026-09-08T15:05:29.6178749Z Download action repository 'erlef/setup-beam@54075bcc5e249e4758d363f27d099f55d843f124' (SHA:54075bcc5e249e4758d363f27d099f55d843f124)
consumer (ubuntu-24.04, x86_64-linux-gnu)	Set up job	2026-09-08T15:05:29.9053161Z Download action repository 'actions/upload-artifact@ea165f8d65b6e75b540449e92b4886f43607fa02' (SHA:ea165f8d65b6e75b540449e92b4886f43607fa02)
consumer (ubuntu-24.04, x86_64-linux-gnu)	Set up job	2026-09-08T15:05:30.1354149Z Complete job name: consumer (ubuntu-24.04, x86_64-linux-gnu)
consumer (ubuntu-24.04, x86_64-linux-gnu)	Run actions/checkout@d23441a48e516b6c34aea4fa41551a30e30af803	﻿2026-09-08T15:05:30.2259826Z ##[group]Run actions/checkout@d23441a48e516b6c34aea4fa41551a30e30af803
consumer (ubuntu-24.04, x86_64-linux-gnu)	Run actions/checkout@d23441a48e516b6c34aea4fa41551a30e30af803	2026-09-08T15:05:30.2261036Z with:
consumer (ubuntu-24.04, x86_64-linux-gnu)	Run actions/checkout@d23441a48e516b6c34aea4fa41551a30e30af803	2026-09-08T15:05:30.2261536Z   persist-credentials: false
consumer (ubuntu-24.04, x86_64-linux-gnu)	Run actions/checkout@d23441a48e516b6c34aea4fa41551a30e30af803	2026-09-08T15:05:30.2262135Z   repository: catethos/Aphid
consumer (ubuntu-24.04, x86_64-linux-gnu)	Run actions/checkout@d23441a48e516b6c34aea4fa41551a30e30af803	2026-09-08T15:05:30.2266836Z   token: ***
consumer (ubuntu-24.04, x86_64-linux-gnu)	Run actions/checkout@d23441a48e516b6c34aea4fa41551a30e30af803	2026-09-08T15:05:30.2267346Z   ssh-strict: true
consumer (ubuntu-24.04, x86_64-linux-gnu)	Run actions/checkout@d23441a48e516b6c34aea4fa41551a30e30af803	2026-09-08T15:05:30.2267827Z   ssh-user: git
consumer (ubuntu-24.04, x86_64-linux-gnu)	Run actions/checkout@d23441a48e516b6c34aea4fa41551a30e30af803	2026-09-08T15:05:30.2268647Z   clean: true
consumer (ubuntu-24.04, x86_64-linux-gnu)	Run actions/checkout@d23441a48e516b6c34aea4fa41551a30e30af803	2026-09-08T15:05:30.2269626Z   sparse-checkout-cone-mode: true
consumer (ubuntu-24.04, x86_64-linux-gnu)	Run actions/checkout@d23441a48e516b6c34aea4fa41551a30e30af803	2026-09-08T15:05:30.2270572Z   fetch-depth: 1
consumer (ubuntu-24.04, x86_64-linux-gnu)	Run actions/checkout@d23441a48e516b6c34aea4fa41551a30e30af803	2026-09-08T15:05:30.2271089Z   fetch-tags: false
consumer (ubuntu-24.04, x86_64-linux-gnu)	Run actions/checkout@d23441a48e516b6c34aea4fa41551a30e30af803	2026-09-08T15:05:30.2271589Z   show-progress: true
consumer (ubuntu-24.04, x86_64-linux-gnu)	Run actions/checkout@d23441a48e516b6c34aea4fa41551a30e30af803	2026-09-08T15:05:30.2272102Z   lfs: false
consumer (ubuntu-24.04, x86_64-linux-gnu)	Run actions/checkout@d23441a48e516b6c34aea4fa41551a30e30af803	2026-09-08T15:05:30.2272578Z   submodules: false
consumer (ubuntu-24.04, x86_64-linux-gnu)	Run actions/checkout@d23441a48e516b6c34aea4fa41551a30e30af803	2026-09-08T15:05:30.2273388Z   set-safe-directory: true
consumer (ubuntu-24.04, x86_64-linux-gnu)	Run actions/checkout@d23441a48e516b6c34aea4fa41551a30e30af803	2026-09-08T15:05:30.2273981Z   allow-unsafe-pr-checkout: false
consumer (ubuntu-24.04, x86_64-linux-gnu)	Run actions/checkout@d23441a48e516b6c34aea4fa41551a30e30af803	2026-09-08T15:05:30.2274945Z ##[endgroup]
consumer (ubuntu-24.04, x86_64-linux-gnu)	Run actions/checkout@d23441a48e516b6c34aea4fa41551a30e30af803	2026-09-08T15:05:30.3318617Z Syncing repository: catethos/Aphid
consumer (ubuntu-24.04, x86_64-linux-gnu)	Run actions/checkout@d23441a48e516b6c34aea4fa41551a30e30af803	2026-09-08T15:05:30.3320756Z ##[group]Getting Git version info
consumer (ubuntu-24.04, x86_64-linux-gnu)	Run actions/checkout@d23441a48e516b6c34aea4fa41551a30e30af803	2026-09-08T15:05:30.3321587Z Working directory is '/home/runner/work/Aphid/Aphid'
consumer (ubuntu-24.04, x86_64-linux-gnu)	Run actions/checkout@d23441a48e516b6c34aea4fa41551a30e30af803	2026-09-08T15:05:30.3323279Z [command]/usr/bin/git version
consumer (ubuntu-24.04, x86_64-linux-gnu)	Run actions/checkout@d23441a48e516b6c34aea4fa41551a30e30af803	2026-09-08T15:05:30.3403972Z git version 2.55.0
consumer (ubuntu-24.04, x86_64-linux-gnu)	Run actions/checkout@d23441a48e516b6c34aea4fa41551a30e30af803	2026-09-08T15:05:30.3436187Z ##[endgroup]
consumer (ubuntu-24.04, x86_64-linux-gnu)	Run actions/checkout@d23441a48e516b6c34aea4fa41551a30e30af803	2026-09-08T15:05:30.3450359Z Temporarily overriding HOME='/home/runner/work/_temp/825a0b52-692a-4848-832c-49b0d5090fd3' before making global git config changes
consumer (ubuntu-24.04, x86_64-linux-gnu)	Run actions/checkout@d23441a48e516b6c34aea4fa41551a30e30af803	2026-09-08T15:05:30.3453699Z Adding repository directory to the temporary git global config as a safe directory
consumer (ubuntu-24.04, x86_64-linux-gnu)	Run actions/checkout@d23441a48e516b6c34aea4fa41551a30e30af803	2026-09-08T15:05:30.3455986Z [command]/usr/bin/git config --global --add safe.directory /home/runner/work/Aphid/Aphid
consumer (ubuntu-24.04, x86_64-linux-gnu)	Run actions/checkout@d23441a48e516b6c34aea4fa41551a30e30af803	2026-09-08T15:05:30.3513237Z Deleting the contents of '/home/runner/work/Aphid/Aphid'
consumer (ubuntu-24.04, x86_64-linux-gnu)	Run actions/checkout@d23441a48e516b6c34aea4fa41551a30e30af803	2026-09-08T15:05:30.3517837Z ##[group]Determining repository object format
consumer (ubuntu-24.04, x86_64-linux-gnu)	Run actions/checkout@d23441a48e516b6c34aea4fa41551a30e30af803	2026-09-08T15:05:30.3520327Z ##[endgroup]
consumer (ubuntu-24.04, x86_64-linux-gnu)	Run actions/checkout@d23441a48e516b6c34aea4fa41551a30e30af803	2026-09-08T15:05:30.3521771Z ##[group]Initializing the repository
consumer (ubuntu-24.04, x86_64-linux-gnu)	Run actions/checkout@d23441a48e516b6c34aea4fa41551a30e30af803	2026-09-08T15:05:30.3524746Z [command]/usr/bin/git init /home/runner/work/Aphid/Aphid
consumer (ubuntu-24.04, x86_64-linux-gnu)	Run actions/checkout@d23441a48e516b6c34aea4fa41551a30e30af803	2026-09-08T15:05:30.3663343Z hint: Using 'master' as the name for the initial branch. This default branch name
consumer (ubuntu-24.04, x86_64-linux-gnu)	Run actions/checkout@d23441a48e516b6c34aea4fa41551a30e30af803	2026-09-08T15:05:30.3665392Z hint: will change to "main" in Git 3.0. To configure the initial branch name
consumer (ubuntu-24.04, x86_64-linux-gnu)	Run actions/checkout@d23441a48e516b6c34aea4fa41551a30e30af803	2026-09-08T15:05:30.3667147Z hint: to use in all of your new repositories, which will suppress this warning,
consumer (ubuntu-24.04, x86_64-linux-gnu)	Run actions/checkout@d23441a48e516b6c34aea4fa41551a30e30af803	2026-09-08T15:05:30.3668595Z hint: call:
consumer (ubuntu-24.04, x86_64-linux-gnu)	Run actions/checkout@d23441a48e516b6c34aea4fa41551a30e30af803	2026-09-08T15:05:30.3669391Z hint:
consumer (ubuntu-24.04, x86_64-linux-gnu)	Run actions/checkout@d23441a48e516b6c34aea4fa41551a30e30af803	2026-09-08T15:05:30.3670343Z hint: 	git config --global init.defaultBranch <name>
consumer (ubuntu-24.04, x86_64-linux-gnu)	Run actions/checkout@d23441a48e516b6c34aea4fa41551a30e30af803	2026-09-08T15:05:30.3671478Z hint:
consumer (ubuntu-24.04, x86_64-linux-gnu)	Run actions/checkout@d23441a48e516b6c34aea4fa41551a30e30af803	2026-09-08T15:05:30.3672537Z hint: Names commonly chosen instead of 'master' are 'main', 'trunk' and
consumer (ubuntu-24.04, x86_64-linux-gnu)	Run actions/checkout@d23441a48e516b6c34aea4fa41551a30e30af803	2026-09-08T15:05:30.3674626Z hint: 'development'. The just-created branch can be renamed via this command:
consumer (ubuntu-24.04, x86_64-linux-gnu)	Run actions/checkout@d23441a48e516b6c34aea4fa41551a30e30af803	2026-09-08T15:05:30.3676055Z hint:
consumer (ubuntu-24.04, x86_64-linux-gnu)	Run actions/checkout@d23441a48e516b6c34aea4fa41551a30e30af803	2026-09-08T15:05:30.3676786Z hint: 	git branch -m <name>
consumer (ubuntu-24.04, x86_64-linux-gnu)	Run actions/checkout@d23441a48e516b6c34aea4fa41551a30e30af803	2026-09-08T15:05:30.3677645Z hint:
consumer (ubuntu-24.04, x86_64-linux-gnu)	Run actions/checkout@d23441a48e516b6c34aea4fa41551a30e30af803	2026-09-08T15:05:30.3678974Z hint: Disable this message with "git config set advice.defaultBranchName false"
consumer (ubuntu-24.04, x86_64-linux-gnu)	Run actions/checkout@d23441a48e516b6c34aea4fa41551a30e30af803	2026-09-08T15:05:30.3681177Z Initialized empty Git repository in /home/runner/work/Aphid/Aphid/.git/
consumer (ubuntu-24.04, x86_64-linux-gnu)	Run actions/checkout@d23441a48e516b6c34aea4fa41551a30e30af803	2026-09-08T15:05:30.3690590Z [command]/usr/bin/git remote add origin https://github.com/catethos/Aphid
consumer (ubuntu-24.04, x86_64-linux-gnu)	Run actions/checkout@d23441a48e516b6c34aea4fa41551a30e30af803	2026-09-08T15:05:30.3731800Z ##[endgroup]
consumer (ubuntu-24.04, x86_64-linux-gnu)	Run actions/checkout@d23441a48e516b6c34aea4fa41551a30e30af803	2026-09-08T15:05:30.3733539Z ##[group]Disabling automatic garbage collection
consumer (ubuntu-24.04, x86_64-linux-gnu)	Run actions/checkout@d23441a48e516b6c34aea4fa41551a30e30af803	2026-09-08T15:05:30.3735425Z [command]/usr/bin/git config --local gc.auto 0
consumer (ubuntu-24.04, x86_64-linux-gnu)	Run actions/checkout@d23441a48e516b6c34aea4fa41551a30e30af803	2026-09-08T15:05:30.3769354Z ##[endgroup]
consumer (ubuntu-24.04, x86_64-linux-gnu)	Run actions/checkout@d23441a48e516b6c34aea4fa41551a30e30af803	2026-09-08T15:05:30.3770930Z ##[group]Setting up auth
consumer (ubuntu-24.04, x86_64-linux-gnu)	Run actions/checkout@d23441a48e516b6c34aea4fa41551a30e30af803	2026-09-08T15:05:30.3772036Z Removing SSH command configuration
consumer (ubuntu-24.04, x86_64-linux-gnu)	Run actions/checkout@d23441a48e516b6c34aea4fa41551a30e30af803	2026-09-08T15:05:30.3777052Z [command]/usr/bin/git config --local --name-only --get-regexp core\.sshCommand
consumer (ubuntu-24.04, x86_64-linux-gnu)	Run actions/checkout@d23441a48e516b6c34aea4fa41551a30e30af803	2026-09-08T15:05:30.3815045Z [command]/usr/bin/git submodule foreach --recursive sh -c "git config --local --name-only --get-regexp 'core\.sshCommand' && git config --local --unset-all 'core.sshCommand' || :"
consumer (ubuntu-24.04, x86_64-linux-gnu)	Run actions/checkout@d23441a48e516b6c34aea4fa41551a30e30af803	2026-09-08T15:05:30.4252866Z Removing HTTP extra header
consumer (ubuntu-24.04, x86_64-linux-gnu)	Run actions/checkout@d23441a48e516b6c34aea4fa41551a30e30af803	2026-09-08T15:05:30.4259536Z [command]/usr/bin/git config --local --name-only --get-regexp http\.https\:\/\/github\.com\/\.extraheader
consumer (ubuntu-24.04, x86_64-linux-gnu)	Run actions/checkout@d23441a48e516b6c34aea4fa41551a30e30af803	2026-09-08T15:05:30.4299866Z [command]/usr/bin/git submodule foreach --recursive sh -c "git config --local --name-only --get-regexp 'http\.https\:\/\/github\.com\/\.extraheader' && git config --local --unset-all 'http.https://github.com/.extraheader' || :"
consumer (ubuntu-24.04, x86_64-linux-gnu)	Run actions/checkout@d23441a48e516b6c34aea4fa41551a30e30af803	2026-09-08T15:05:30.4517016Z Removing includeIf entries pointing to credentials config files
consumer (ubuntu-24.04, x86_64-linux-gnu)	Run actions/checkout@d23441a48e516b6c34aea4fa41551a30e30af803	2026-09-08T15:05:30.4524113Z [command]/usr/bin/git config --local --name-only --get-regexp ^includeIf\.gitdir:
consumer (ubuntu-24.04, x86_64-linux-gnu)	Run actions/checkout@d23441a48e516b6c34aea4fa41551a30e30af803	2026-09-08T15:05:30.4561029Z [command]/usr/bin/git submodule foreach --recursive git config --local --show-origin --name-only --get-regexp remote.origin.url
consumer (ubuntu-24.04, x86_64-linux-gnu)	Run actions/checkout@d23441a48e516b6c34aea4fa41551a30e30af803	2026-09-08T15:05:30.4786406Z [command]/usr/bin/git config --file /home/runner/work/_temp/git-credentials-1c18d0d1-5a40-4764-b817-8d333d50fe84.config http.https://github.com/.extraheader AUTHORIZATION: basic ***
consumer (ubuntu-24.04, x86_64-linux-gnu)	Run actions/checkout@d23441a48e516b6c34aea4fa41551a30e30af803	2026-09-08T15:05:30.4829364Z [command]/usr/bin/git config --local includeIf.gitdir:/home/runner/work/Aphid/Aphid/.git.path /home/runner/work/_temp/git-credentials-1c18d0d1-5a40-4764-b817-8d333d50fe84.config
consumer (ubuntu-24.04, x86_64-linux-gnu)	Run actions/checkout@d23441a48e516b6c34aea4fa41551a30e30af803	2026-09-08T15:05:30.4864204Z [command]/usr/bin/git config --local includeIf.gitdir:/home/runner/work/Aphid/Aphid/.git/worktrees/*.path /home/runner/work/_temp/git-credentials-1c18d0d1-5a40-4764-b817-8d333d50fe84.config
consumer (ubuntu-24.04, x86_64-linux-gnu)	Run actions/checkout@d23441a48e516b6c34aea4fa41551a30e30af803	2026-09-08T15:05:30.4901529Z [command]/usr/bin/git config --local includeIf.gitdir:/github/workspace/.git.path /github/runner_temp/git-credentials-1c18d0d1-5a40-4764-b817-8d333d50fe84.config
consumer (ubuntu-24.04, x86_64-linux-gnu)	Run actions/checkout@d23441a48e516b6c34aea4fa41551a30e30af803	2026-09-08T15:05:30.4937214Z [command]/usr/bin/git config --local includeIf.gitdir:/github/workspace/.git/worktrees/*.path /github/runner_temp/git-credentials-1c18d0d1-5a40-4764-b817-8d333d50fe84.config
consumer (ubuntu-24.04, x86_64-linux-gnu)	Run actions/checkout@d23441a48e516b6c34aea4fa41551a30e30af803	2026-09-08T15:05:30.4969484Z ##[endgroup]
consumer (ubuntu-24.04, x86_64-linux-gnu)	Run actions/checkout@d23441a48e516b6c34aea4fa41551a30e30af803	2026-09-08T15:05:30.4970916Z ##[group]Fetching the repository
consumer (ubuntu-24.04, x86_64-linux-gnu)	Run actions/checkout@d23441a48e516b6c34aea4fa41551a30e30af803	2026-09-08T15:05:30.4977124Z [command]/usr/bin/git -c protocol.version=2 fetch --no-tags --prune --no-recurse-submodules --depth=1 origin +625a7cb26401b3134ef3c39af5eaf04f7b53f69d:refs/remotes/origin/main
consumer (ubuntu-24.04, x86_64-linux-gnu)	Run actions/checkout@d23441a48e516b6c34aea4fa41551a30e30af803	2026-09-08T15:05:31.8737615Z From https://github.com/catethos/Aphid
consumer (ubuntu-24.04, x86_64-linux-gnu)	Run actions/checkout@d23441a48e516b6c34aea4fa41551a30e30af803	2026-09-08T15:05:31.8739944Z  * [new ref]         625a7cb26401b3134ef3c39af5eaf04f7b53f69d -> origin/main
consumer (ubuntu-24.04, x86_64-linux-gnu)	Run actions/checkout@d23441a48e516b6c34aea4fa41551a30e30af803	2026-09-08T15:05:31.8749240Z [command]/usr/bin/git branch --list --remote origin/main
consumer (ubuntu-24.04, x86_64-linux-gnu)	Run actions/checkout@d23441a48e516b6c34aea4fa41551a30e30af803	2026-09-08T15:05:31.8777012Z   origin/main
consumer (ubuntu-24.04, x86_64-linux-gnu)	Run actions/checkout@d23441a48e516b6c34aea4fa41551a30e30af803	2026-09-08T15:05:31.8786048Z [command]/usr/bin/git rev-parse refs/remotes/origin/main
consumer (ubuntu-24.04, x86_64-linux-gnu)	Run actions/checkout@d23441a48e516b6c34aea4fa41551a30e30af803	2026-09-08T15:05:31.8813159Z 625a7cb26401b3134ef3c39af5eaf04f7b53f69d
consumer (ubuntu-24.04, x86_64-linux-gnu)	Run actions/checkout@d23441a48e516b6c34aea4fa41551a30e30af803	2026-09-08T15:05:31.8818163Z ##[endgroup]
consumer (ubuntu-24.04, x86_64-linux-gnu)	Run actions/checkout@d23441a48e516b6c34aea4fa41551a30e30af803	2026-09-08T15:05:31.8819558Z ##[group]Determining the checkout info
consumer (ubuntu-24.04, x86_64-linux-gnu)	Run actions/checkout@d23441a48e516b6c34aea4fa41551a30e30af803	2026-09-08T15:05:31.8821182Z ##[endgroup]
consumer (ubuntu-24.04, x86_64-linux-gnu)	Run actions/checkout@d23441a48e516b6c34aea4fa41551a30e30af803	2026-09-08T15:05:31.8825292Z [command]/usr/bin/git sparse-checkout disable
consumer (ubuntu-24.04, x86_64-linux-gnu)	Run actions/checkout@d23441a48e516b6c34aea4fa41551a30e30af803	2026-09-08T15:05:31.8880695Z [command]/usr/bin/git config --local --unset-all extensions.worktreeConfig
consumer (ubuntu-24.04, x86_64-linux-gnu)	Run actions/checkout@d23441a48e516b6c34aea4fa41551a30e30af803	2026-09-08T15:05:31.8915138Z ##[group]Checking out the ref
consumer (ubuntu-24.04, x86_64-linux-gnu)	Run actions/checkout@d23441a48e516b6c34aea4fa41551a30e30af803	2026-09-08T15:05:31.8918484Z [command]/usr/bin/git checkout --progress --force -B main refs/remotes/origin/main
consumer (ubuntu-24.04, x86_64-linux-gnu)	Run actions/checkout@d23441a48e516b6c34aea4fa41551a30e30af803	2026-09-08T15:05:32.0902123Z Switched to a new branch 'main'
consumer (ubuntu-24.04, x86_64-linux-gnu)	Run actions/checkout@d23441a48e516b6c34aea4fa41551a30e30af803	2026-09-08T15:05:32.0908216Z branch 'main' set up to track 'origin/main'.
consumer (ubuntu-24.04, x86_64-linux-gnu)	Run actions/checkout@d23441a48e516b6c34aea4fa41551a30e30af803	2026-09-08T15:05:32.0937994Z ##[endgroup]
consumer (ubuntu-24.04, x86_64-linux-gnu)	Run actions/checkout@d23441a48e516b6c34aea4fa41551a30e30af803	2026-09-08T15:05:32.0998228Z [command]/usr/bin/git log -1 --format=%H
consumer (ubuntu-24.04, x86_64-linux-gnu)	Run actions/checkout@d23441a48e516b6c34aea4fa41551a30e30af803	2026-09-08T15:05:32.1026690Z 625a7cb26401b3134ef3c39af5eaf04f7b53f69d
consumer (ubuntu-24.04, x86_64-linux-gnu)	Run actions/checkout@d23441a48e516b6c34aea4fa41551a30e30af803	2026-09-08T15:05:32.1037333Z ##[group]Removing auth
consumer (ubuntu-24.04, x86_64-linux-gnu)	Run actions/checkout@d23441a48e516b6c34aea4fa41551a30e30af803	2026-09-08T15:05:32.1039196Z Removing SSH command configuration
consumer (ubuntu-24.04, x86_64-linux-gnu)	Run actions/checkout@d23441a48e516b6c34aea4fa41551a30e30af803	2026-09-08T15:05:32.1041955Z [command]/usr/bin/git config --local --name-only --get-regexp core\.sshCommand
consumer (ubuntu-24.04, x86_64-linux-gnu)	Run actions/checkout@d23441a48e516b6c34aea4fa41551a30e30af803	2026-09-08T15:05:32.1076193Z [command]/usr/bin/git submodule foreach --recursive sh -c "git config --local --name-only --get-regexp 'core\.sshCommand' && git config --local --unset-all 'core.sshCommand' || :"
consumer (ubuntu-24.04, x86_64-linux-gnu)	Run actions/checkout@d23441a48e516b6c34aea4fa41551a30e30af803	2026-09-08T15:05:32.1301367Z Removing HTTP extra header
consumer (ubuntu-24.04, x86_64-linux-gnu)	Run actions/checkout@d23441a48e516b6c34aea4fa41551a30e30af803	2026-09-08T15:05:32.1395736Z [command]/usr/bin/git config --local --name-only --get-regexp http\.https\:\/\/github\.com\/\.extraheader
consumer (ubuntu-24.04, x86_64-linux-gnu)	Run actions/checkout@d23441a48e516b6c34aea4fa41551a30e30af803	2026-09-08T15:05:32.1405856Z [command]/usr/bin/git submodule foreach --recursive sh -c "git config --local --name-only --get-regexp 'http\.https\:\/\/github\.com\/\.extraheader' && git config --local --unset-all 'http.https://github.com/.extraheader' || :"
consumer (ubuntu-24.04, x86_64-linux-gnu)	Run actions/checkout@d23441a48e516b6c34aea4fa41551a30e30af803	2026-09-08T15:05:32.1575019Z Removing includeIf entries pointing to credentials config files
consumer (ubuntu-24.04, x86_64-linux-gnu)	Run actions/checkout@d23441a48e516b6c34aea4fa41551a30e30af803	2026-09-08T15:05:32.1578327Z [command]/usr/bin/git config --local --name-only --get-regexp ^includeIf\.gitdir:
consumer (ubuntu-24.04, x86_64-linux-gnu)	Run actions/checkout@d23441a48e516b6c34aea4fa41551a30e30af803	2026-09-08T15:05:32.1608659Z includeif.gitdir:/home/runner/work/Aphid/Aphid/.git.path
consumer (ubuntu-24.04, x86_64-linux-gnu)	Run actions/checkout@d23441a48e516b6c34aea4fa41551a30e30af803	2026-09-08T15:05:32.1612076Z includeif.gitdir:/home/runner/work/Aphid/Aphid/.git/worktrees/*.path
consumer (ubuntu-24.04, x86_64-linux-gnu)	Run actions/checkout@d23441a48e516b6c34aea4fa41551a30e30af803	2026-09-08T15:05:32.1615766Z includeif.gitdir:/github/workspace/.git.path
consumer (ubuntu-24.04, x86_64-linux-gnu)	Run actions/checkout@d23441a48e516b6c34aea4fa41551a30e30af803	2026-09-08T15:05:32.1618623Z includeif.gitdir:/github/workspace/.git/worktrees/*.path
consumer (ubuntu-24.04, x86_64-linux-gnu)	Run actions/checkout@d23441a48e516b6c34aea4fa41551a30e30af803	2026-09-08T15:05:32.1624423Z [command]/usr/bin/git config --local --get-all includeif.gitdir:/home/runner/work/Aphid/Aphid/.git.path
consumer (ubuntu-24.04, x86_64-linux-gnu)	Run actions/checkout@d23441a48e516b6c34aea4fa41551a30e30af803	2026-09-08T15:05:32.1647498Z /home/runner/work/_temp/git-credentials-1c18d0d1-5a40-4764-b817-8d333d50fe84.config
consumer (ubuntu-24.04, x86_64-linux-gnu)	Run actions/checkout@d23441a48e516b6c34aea4fa41551a30e30af803	2026-09-08T15:05:32.1662060Z [command]/usr/bin/git config --local --unset includeif.gitdir:/home/runner/work/Aphid/Aphid/.git.path /home/runner/work/_temp/git-credentials-1c18d0d1-5a40-4764-b817-8d333d50fe84.config
consumer (ubuntu-24.04, x86_64-linux-gnu)	Run actions/checkout@d23441a48e516b6c34aea4fa41551a30e30af803	2026-09-08T15:05:32.1697815Z [command]/usr/bin/git config --local --get-all includeif.gitdir:/home/runner/work/Aphid/Aphid/.git/worktrees/*.path
consumer (ubuntu-24.04, x86_64-linux-gnu)	Run actions/checkout@d23441a48e516b6c34aea4fa41551a30e30af803	2026-09-08T15:05:32.1723338Z /home/runner/work/_temp/git-credentials-1c18d0d1-5a40-4764-b817-8d333d50fe84.config
consumer (ubuntu-24.04, x86_64-linux-gnu)	Run actions/checkout@d23441a48e516b6c34aea4fa41551a30e30af803	2026-09-08T15:05:32.1734160Z [command]/usr/bin/git config --local --unset includeif.gitdir:/home/runner/work/Aphid/Aphid/.git/worktrees/*.path /home/runner/work/_temp/git-credentials-1c18d0d1-5a40-4764-b817-8d333d50fe84.config
consumer (ubuntu-24.04, x86_64-linux-gnu)	Run actions/checkout@d23441a48e516b6c34aea4fa41551a30e30af803	2026-09-08T15:05:32.1772347Z [command]/usr/bin/git config --local --get-all includeif.gitdir:/github/workspace/.git.path
consumer (ubuntu-24.04, x86_64-linux-gnu)	Run actions/checkout@d23441a48e516b6c34aea4fa41551a30e30af803	2026-09-08T15:05:32.1800930Z /github/runner_temp/git-credentials-1c18d0d1-5a40-4764-b817-8d333d50fe84.config
consumer (ubuntu-24.04, x86_64-linux-gnu)	Run actions/checkout@d23441a48e516b6c34aea4fa41551a30e30af803	2026-09-08T15:05:32.1813219Z [command]/usr/bin/git config --local --unset includeif.gitdir:/github/workspace/.git.path /github/runner_temp/git-credentials-1c18d0d1-5a40-4764-b817-8d333d50fe84.config
consumer (ubuntu-24.04, x86_64-linux-gnu)	Run actions/checkout@d23441a48e516b6c34aea4fa41551a30e30af803	2026-09-08T15:05:32.1879751Z [command]/usr/bin/git config --local --get-all includeif.gitdir:/github/workspace/.git/worktrees/*.path
consumer (ubuntu-24.04, x86_64-linux-gnu)	Run actions/checkout@d23441a48e516b6c34aea4fa41551a30e30af803	2026-09-08T15:05:32.1903891Z /github/runner_temp/git-credentials-1c18d0d1-5a40-4764-b817-8d333d50fe84.config
consumer (ubuntu-24.04, x86_64-linux-gnu)	Run actions/checkout@d23441a48e516b6c34aea4fa41551a30e30af803	2026-09-08T15:05:32.1913947Z [command]/usr/bin/git config --local --unset includeif.gitdir:/github/workspace/.git/worktrees/*.path /github/runner_temp/git-credentials-1c18d0d1-5a40-4764-b817-8d333d50fe84.config
consumer (ubuntu-24.04, x86_64-linux-gnu)	Run actions/checkout@d23441a48e516b6c34aea4fa41551a30e30af803	2026-09-08T15:05:32.1951069Z [command]/usr/bin/git submodule foreach --recursive git config --local --show-origin --name-only --get-regexp remote.origin.url
consumer (ubuntu-24.04, x86_64-linux-gnu)	Run actions/checkout@d23441a48e516b6c34aea4fa41551a30e30af803	2026-09-08T15:05:32.2173232Z Removing credentials config '/home/runner/work/_temp/git-credentials-1c18d0d1-5a40-4764-b817-8d333d50fe84.config'
consumer (ubuntu-24.04, x86_64-linux-gnu)	Run actions/checkout@d23441a48e516b6c34aea4fa41551a30e30af803	2026-09-08T15:05:32.2179813Z ##[endgroup]
consumer (ubuntu-24.04, x86_64-linux-gnu)	Run actions/setup-python@ece7cb06caefa5fff74198d8649806c4678c61a1	﻿2026-09-08T15:05:32.2537991Z ##[group]Run actions/setup-python@ece7cb06caefa5fff74198d8649806c4678c61a1
consumer (ubuntu-24.04, x86_64-linux-gnu)	Run actions/setup-python@ece7cb06caefa5fff74198d8649806c4678c61a1	2026-09-08T15:05:32.2539684Z with:
consumer (ubuntu-24.04, x86_64-linux-gnu)	Run actions/setup-python@ece7cb06caefa5fff74198d8649806c4678c61a1	2026-09-08T15:05:32.2540532Z   python-version: 3.14
consumer (ubuntu-24.04, x86_64-linux-gnu)	Run actions/setup-python@ece7cb06caefa5fff74198d8649806c4678c61a1	2026-09-08T15:05:32.2541509Z   check-latest: false
consumer (ubuntu-24.04, x86_64-linux-gnu)	Run actions/setup-python@ece7cb06caefa5fff74198d8649806c4678c61a1	2026-09-08T15:05:32.2550522Z   token: ***
consumer (ubuntu-24.04, x86_64-linux-gnu)	Run actions/setup-python@ece7cb06caefa5fff74198d8649806c4678c61a1	2026-09-08T15:05:32.2551438Z   update-environment: true
consumer (ubuntu-24.04, x86_64-linux-gnu)	Run actions/setup-python@ece7cb06caefa5fff74198d8649806c4678c61a1	2026-09-08T15:05:32.2552494Z   allow-prereleases: false
consumer (ubuntu-24.04, x86_64-linux-gnu)	Run actions/setup-python@ece7cb06caefa5fff74198d8649806c4678c61a1	2026-09-08T15:05:32.2553637Z   freethreaded: false
consumer (ubuntu-24.04, x86_64-linux-gnu)	Run actions/setup-python@ece7cb06caefa5fff74198d8649806c4678c61a1	2026-09-08T15:05:32.2554566Z ##[endgroup]
consumer (ubuntu-24.04, x86_64-linux-gnu)	Run actions/setup-python@ece7cb06caefa5fff74198d8649806c4678c61a1	2026-09-08T15:05:32.3854805Z ##[group]Installed versions
consumer (ubuntu-24.04, x86_64-linux-gnu)	Run actions/setup-python@ece7cb06caefa5fff74198d8649806c4678c61a1	2026-09-08T15:05:32.3955479Z Successfully set up CPython (3.14.7)
consumer (ubuntu-24.04, x86_64-linux-gnu)	Run actions/setup-python@ece7cb06caefa5fff74198d8649806c4678c61a1	2026-09-08T15:05:32.3958298Z ##[endgroup]
consumer (ubuntu-24.04, x86_64-linux-gnu)	Run erlef/setup-beam@54075bcc5e249e4758d363f27d099f55d843f124	﻿2026-09-08T15:05:32.4308340Z ##[group]Run erlef/setup-beam@54075bcc5e249e4758d363f27d099f55d843f124
consumer (ubuntu-24.04, x86_64-linux-gnu)	Run erlef/setup-beam@54075bcc5e249e4758d363f27d099f55d843f124	2026-09-08T15:05:32.4310038Z with:
consumer (ubuntu-24.04, x86_64-linux-gnu)	Run erlef/setup-beam@54075bcc5e249e4758d363f27d099f55d843f124	2026-09-08T15:05:32.4310855Z   otp-version: 29.0.4
consumer (ubuntu-24.04, x86_64-linux-gnu)	Run erlef/setup-beam@54075bcc5e249e4758d363f27d099f55d843f124	2026-09-08T15:05:32.4311794Z   elixir-version: 1.20.0
consumer (ubuntu-24.04, x86_64-linux-gnu)	Run erlef/setup-beam@54075bcc5e249e4758d363f27d099f55d843f124	2026-09-08T15:05:32.4320571Z   github-token: ***
consumer (ubuntu-24.04, x86_64-linux-gnu)	Run erlef/setup-beam@54075bcc5e249e4758d363f27d099f55d843f124	2026-09-08T15:05:32.4321513Z   otp-architecture: 64
consumer (ubuntu-24.04, x86_64-linux-gnu)	Run erlef/setup-beam@54075bcc5e249e4758d363f27d099f55d843f124	2026-09-08T15:05:32.4322447Z   install-hex: true
consumer (ubuntu-24.04, x86_64-linux-gnu)	Run erlef/setup-beam@54075bcc5e249e4758d363f27d099f55d843f124	2026-09-08T15:05:32.4323568Z   install-rebar: true
consumer (ubuntu-24.04, x86_64-linux-gnu)	Run erlef/setup-beam@54075bcc5e249e4758d363f27d099f55d843f124	2026-09-08T15:05:32.4324523Z   version-type: loose
consumer (ubuntu-24.04, x86_64-linux-gnu)	Run erlef/setup-beam@54075bcc5e249e4758d363f27d099f55d843f124	2026-09-08T15:05:32.4325482Z   disable_problem_matchers: false
consumer (ubuntu-24.04, x86_64-linux-gnu)	Run erlef/setup-beam@54075bcc5e249e4758d363f27d099f55d843f124	2026-09-08T15:05:32.4326626Z   hexpm-mirrors: https://builds.hex.pm
consumer (ubuntu-24.04, x86_64-linux-gnu)	Run erlef/setup-beam@54075bcc5e249e4758d363f27d099f55d843f124	
consumer (ubuntu-24.04, x86_64-linux-gnu)	Run erlef/setup-beam@54075bcc5e249e4758d363f27d099f55d843f124	2026-09-08T15:05:32.4327742Z env:
consumer (ubuntu-24.04, x86_64-linux-gnu)	Run erlef/setup-beam@54075bcc5e249e4758d363f27d099f55d843f124	2026-09-08T15:05:32.4328753Z   pythonLocation: /opt/hostedtoolcache/Python/3.14.7/x64
consumer (ubuntu-24.04, x86_64-linux-gnu)	Run erlef/setup-beam@54075bcc5e249e4758d363f27d099f55d843f124	2026-09-08T15:05:32.4330430Z   PKG_CONFIG_PATH: /opt/hostedtoolcache/Python/3.14.7/x64/lib/pkgconfig
consumer (ubuntu-24.04, x86_64-linux-gnu)	Run erlef/setup-beam@54075bcc5e249e4758d363f27d099f55d843f124	2026-09-08T15:05:32.4332110Z   Python_ROOT_DIR: /opt/hostedtoolcache/Python/3.14.7/x64
consumer (ubuntu-24.04, x86_64-linux-gnu)	Run erlef/setup-beam@54075bcc5e249e4758d363f27d099f55d843f124	2026-09-08T15:05:32.4333909Z   Python2_ROOT_DIR: /opt/hostedtoolcache/Python/3.14.7/x64
consumer (ubuntu-24.04, x86_64-linux-gnu)	Run erlef/setup-beam@54075bcc5e249e4758d363f27d099f55d843f124	2026-09-08T15:05:32.4335468Z   Python3_ROOT_DIR: /opt/hostedtoolcache/Python/3.14.7/x64
consumer (ubuntu-24.04, x86_64-linux-gnu)	Run erlef/setup-beam@54075bcc5e249e4758d363f27d099f55d843f124	2026-09-08T15:05:32.4337089Z   LD_LIBRARY_PATH: /opt/hostedtoolcache/Python/3.14.7/x64/lib
consumer (ubuntu-24.04, x86_64-linux-gnu)	Run erlef/setup-beam@54075bcc5e249e4758d363f27d099f55d843f124	2026-09-08T15:05:32.4338417Z ##[endgroup]
consumer (ubuntu-24.04, x86_64-linux-gnu)	Run erlef/setup-beam@54075bcc5e249e4758d363f27d099f55d843f124	2026-09-08T15:05:32.7195765Z ##[group]Installing Erlang/OTP OTP-29.0.4 - built on amd64/ubuntu-24.04
consumer (ubuntu-24.04, x86_64-linux-gnu)	Run erlef/setup-beam@54075bcc5e249e4758d363f27d099f55d843f124	2026-09-08T15:05:33.1756643Z [command]/usr/bin/tar zx --strip-components=1 --warning=no-unknown-keyword --overwrite -C /home/runner/work/_temp/87cb9ee4-0e0d-41b3-8b66-9e11be399381 -f /home/runner/work/_temp/13ac7596-bdc9-495b-9a4d-559605ca08cb
consumer (ubuntu-24.04, x86_64-linux-gnu)	Run erlef/setup-beam@54075bcc5e249e4758d363f27d099f55d843f124	2026-09-08T15:05:35.9329902Z [command]/home/runner/work/_temp/.setup-beam/otp/Install -minimal /home/runner/work/_temp/.setup-beam/otp
consumer (ubuntu-24.04, x86_64-linux-gnu)	Run erlef/setup-beam@54075bcc5e249e4758d363f27d099f55d843f124	2026-09-08T15:05:35.9643157Z Installed Erlang/OTP version
consumer (ubuntu-24.04, x86_64-linux-gnu)	Run erlef/setup-beam@54075bcc5e249e4758d363f27d099f55d843f124	2026-09-08T15:05:35.9669220Z [command]/home/runner/work/_temp/.setup-beam/otp/bin/erl -version
consumer (ubuntu-24.04, x86_64-linux-gnu)	Run erlef/setup-beam@54075bcc5e249e4758d363f27d099f55d843f124	2026-09-08T15:05:35.9783095Z Erlang (SMP,ASYNC_THREADS) (BEAM) emulator version 17.0.4
consumer (ubuntu-24.04, x86_64-linux-gnu)	Run erlef/setup-beam@54075bcc5e249e4758d363f27d099f55d843f124	2026-09-08T15:05:35.9813675Z ##[endgroup]
consumer (ubuntu-24.04, x86_64-linux-gnu)	Run erlef/setup-beam@54075bcc5e249e4758d363f27d099f55d843f124	2026-09-08T15:05:35.9841753Z [command]/home/runner/work/_temp/.setup-beam/otp/bin/erl -noshell -eval io:format(erlang:system_info(otp_release)), halt().
consumer (ubuntu-24.04, x86_64-linux-gnu)	Run erlef/setup-beam@54075bcc5e249e4758d363f27d099f55d843f124	2026-09-08T15:05:36.1861279Z 29::debug::Was not able to coerce latest with semver
consumer (ubuntu-24.04, x86_64-linux-gnu)	Run erlef/setup-beam@54075bcc5e249e4758d363f27d099f55d843f124	2026-09-08T15:05:36.1886047Z Using Elixir 1.20.0 (built for Erlang/OTP 29)
consumer (ubuntu-24.04, x86_64-linux-gnu)	Run erlef/setup-beam@54075bcc5e249e4758d363f27d099f55d843f124	2026-09-08T15:05:36.1887115Z ##[group]Installing Elixir v1.20.0-otp-29
consumer (ubuntu-24.04, x86_64-linux-gnu)	Run erlef/setup-beam@54075bcc5e249e4758d363f27d099f55d843f124	2026-09-08T15:05:36.3399735Z [command]/usr/bin/unzip -o -q /home/runner/work/_temp/93d8a29f-d3ea-466c-bdea-31224d717d38
consumer (ubuntu-24.04, x86_64-linux-gnu)	Run erlef/setup-beam@54075bcc5e249e4758d363f27d099f55d843f124	2026-09-08T15:05:36.8241839Z Installed Elixir version
consumer (ubuntu-24.04, x86_64-linux-gnu)	Run erlef/setup-beam@54075bcc5e249e4758d363f27d099f55d843f124	2026-09-08T15:05:36.8243068Z [command]/home/runner/work/_temp/.setup-beam/elixir/bin/elixir -v
consumer (ubuntu-24.04, x86_64-linux-gnu)	Run erlef/setup-beam@54075bcc5e249e4758d363f27d099f55d843f124	2026-09-08T15:05:37.0576427Z Erlang/OTP 29 [erts-17.0.4] [source] [64-bit] [smp:4:4] [ds:4:4:10] [async-threads:1] [jit:ns]
consumer (ubuntu-24.04, x86_64-linux-gnu)	Run erlef/setup-beam@54075bcc5e249e4758d363f27d099f55d843f124	2026-09-08T15:05:37.0577181Z 
consumer (ubuntu-24.04, x86_64-linux-gnu)	Run erlef/setup-beam@54075bcc5e249e4758d363f27d099f55d843f124	2026-09-08T15:05:37.0627567Z Elixir 1.20.0 (compiled with Erlang/OTP 29)
consumer (ubuntu-24.04, x86_64-linux-gnu)	Run erlef/setup-beam@54075bcc5e249e4758d363f27d099f55d843f124	2026-09-08T15:05:37.0680872Z ##[endgroup]
consumer (ubuntu-24.04, x86_64-linux-gnu)	Run erlef/setup-beam@54075bcc5e249e4758d363f27d099f55d843f124	2026-09-08T15:05:37.0681572Z ##[group]Running mix local.rebar,--force
consumer (ubuntu-24.04, x86_64-linux-gnu)	Run erlef/setup-beam@54075bcc5e249e4758d363f27d099f55d843f124	2026-09-08T15:05:37.0693955Z [command]/home/runner/work/_temp/.setup-beam/elixir/bin/mix local.rebar --force
consumer (ubuntu-24.04, x86_64-linux-gnu)	Run erlef/setup-beam@54075bcc5e249e4758d363f27d099f55d843f124	2026-09-08T15:05:37.9276050Z * creating /home/runner/.mix/elixir/1-20-otp-29/rebar3
consumer (ubuntu-24.04, x86_64-linux-gnu)	Run erlef/setup-beam@54075bcc5e249e4758d363f27d099f55d843f124	2026-09-08T15:05:37.9353521Z ##[endgroup]
consumer (ubuntu-24.04, x86_64-linux-gnu)	Run erlef/setup-beam@54075bcc5e249e4758d363f27d099f55d843f124	2026-09-08T15:05:37.9354161Z ##[group]Running mix local.hex,--force
consumer (ubuntu-24.04, x86_64-linux-gnu)	Run erlef/setup-beam@54075bcc5e249e4758d363f27d099f55d843f124	2026-09-08T15:05:37.9370073Z [command]/home/runner/work/_temp/.setup-beam/elixir/bin/mix local.hex --force
consumer (ubuntu-24.04, x86_64-linux-gnu)	Run erlef/setup-beam@54075bcc5e249e4758d363f27d099f55d843f124	2026-09-08T15:05:38.8094444Z * creating /home/runner/.mix/archives/hex-2.5.1
consumer (ubuntu-24.04, x86_64-linux-gnu)	Run erlef/setup-beam@54075bcc5e249e4758d363f27d099f55d843f124	2026-09-08T15:05:38.8189649Z ##[endgroup]
consumer (ubuntu-24.04, x86_64-linux-gnu)	Install consumer proof prerequisites	﻿2026-09-08T15:05:38.8359592Z ##[group]Run sudo apt-get update
consumer (ubuntu-24.04, x86_64-linux-gnu)	Install consumer proof prerequisites	2026-09-08T15:05:38.8359988Z ^[[36;1msudo apt-get update^[[0m
consumer (ubuntu-24.04, x86_64-linux-gnu)	Install consumer proof prerequisites	2026-09-08T15:05:38.8360347Z ^[[36;1msudo apt-get install --yes bubblewrap binutils^[[0m
consumer (ubuntu-24.04, x86_64-linux-gnu)	Install consumer proof prerequisites	2026-09-08T15:05:38.8360697Z ^[[36;1mmix local.hex --force^[[0m
consumer (ubuntu-24.04, x86_64-linux-gnu)	Install consumer proof prerequisites	2026-09-08T15:05:38.8408795Z shell: /usr/bin/bash -e {0}
consumer (ubuntu-24.04, x86_64-linux-gnu)	Install consumer proof prerequisites	2026-09-08T15:05:38.8409097Z env:
consumer (ubuntu-24.04, x86_64-linux-gnu)	Install consumer proof prerequisites	2026-09-08T15:05:38.8409391Z   pythonLocation: /opt/hostedtoolcache/Python/3.14.7/x64
consumer (ubuntu-24.04, x86_64-linux-gnu)	Install consumer proof prerequisites	2026-09-08T15:05:38.8409869Z   PKG_CONFIG_PATH: /opt/hostedtoolcache/Python/3.14.7/x64/lib/pkgconfig
consumer (ubuntu-24.04, x86_64-linux-gnu)	Install consumer proof prerequisites	2026-09-08T15:05:38.8410314Z   Python_ROOT_DIR: /opt/hostedtoolcache/Python/3.14.7/x64
consumer (ubuntu-24.04, x86_64-linux-gnu)	Install consumer proof prerequisites	2026-09-08T15:05:38.8410709Z   Python2_ROOT_DIR: /opt/hostedtoolcache/Python/3.14.7/x64
consumer (ubuntu-24.04, x86_64-linux-gnu)	Install consumer proof prerequisites	2026-09-08T15:05:38.8411101Z   Python3_ROOT_DIR: /opt/hostedtoolcache/Python/3.14.7/x64
consumer (ubuntu-24.04, x86_64-linux-gnu)	Install consumer proof prerequisites	2026-09-08T15:05:38.8411502Z   LD_LIBRARY_PATH: /opt/hostedtoolcache/Python/3.14.7/x64/lib
consumer (ubuntu-24.04, x86_64-linux-gnu)	Install consumer proof prerequisites	2026-09-08T15:05:38.8411918Z   INSTALL_DIR_FOR_OTP: /home/runner/work/_temp/.setup-beam/otp
consumer (ubuntu-24.04, x86_64-linux-gnu)	Install consumer proof prerequisites	2026-09-08T15:05:38.8412369Z   INSTALL_DIR_FOR_ELIXIR: /home/runner/work/_temp/.setup-beam/elixir
consumer (ubuntu-24.04, x86_64-linux-gnu)	Install consumer proof prerequisites	2026-09-08T15:05:38.8413127Z ##[endgroup]
consumer (ubuntu-24.04, x86_64-linux-gnu)	Install consumer proof prerequisites	2026-09-08T15:05:38.9320470Z Get:1 file:/etc/apt/apt-mirrors.txt Mirrorlist [144 B]
consumer (ubuntu-24.04, x86_64-linux-gnu)	Install consumer proof prerequisites	2026-09-08T15:05:38.9531281Z Get:6 https://packages.microsoft.com/ubuntu/24.04/prod noble InRelease [3600 B]
consumer (ubuntu-24.04, x86_64-linux-gnu)	Install consumer proof prerequisites	2026-09-08T15:05:38.9635535Z Hit:2 http://azure.archive.ubuntu.com/ubuntu noble InRelease
consumer (ubuntu-24.04, x86_64-linux-gnu)	Install consumer proof prerequisites	2026-09-08T15:05:38.9693789Z Get:3 http://azure.archive.ubuntu.com/ubuntu noble-updates InRelease [126 kB]
consumer (ubuntu-24.04, x86_64-linux-gnu)	Install consumer proof prerequisites	2026-09-08T15:05:38.9762273Z Get:4 http://azure.archive.ubuntu.com/ubuntu noble-backports InRelease [126 kB]
consumer (ubuntu-24.04, x86_64-linux-gnu)	Install consumer proof prerequisites	2026-09-08T15:05:38.9800481Z Get:5 http://azure.archive.ubuntu.com/ubuntu noble-security InRelease [126 kB]
consumer (ubuntu-24.04, x86_64-linux-gnu)	Install consumer proof prerequisites	2026-09-08T15:05:39.0229519Z Get:7 https://dl.google.com/linux/chrome-stable/deb stable InRelease [2548 B]
consumer (ubuntu-24.04, x86_64-linux-gnu)	Install consumer proof prerequisites	2026-09-08T15:05:39.0346163Z Get:8 https://packages.microsoft.com/ubuntu/24.04/prod noble/main arm64 Packages [394 kB]
consumer (ubuntu-24.04, x86_64-linux-gnu)	Install consumer proof prerequisites	2026-09-08T15:05:39.0574894Z Get:9 https://packages.microsoft.com/ubuntu/24.04/prod noble/main amd64 Packages [441 kB]
consumer (ubuntu-24.04, x86_64-linux-gnu)	Install consumer proof prerequisites	2026-09-08T15:05:39.1485034Z Get:10 http://azure.archive.ubuntu.com/ubuntu noble-updates/main amd64 Packages [1260 kB]
consumer (ubuntu-24.04, x86_64-linux-gnu)	Install consumer proof prerequisites	2026-09-08T15:05:39.1566078Z Get:11 http://azure.archive.ubuntu.com/ubuntu noble-updates/main Translation-en [292 kB]
consumer (ubuntu-24.04, x86_64-linux-gnu)	Install consumer proof prerequisites	2026-09-08T15:05:39.1598893Z Get:12 http://azure.archive.ubuntu.com/ubuntu noble-updates/main amd64 Components [180 kB]
consumer (ubuntu-24.04, x86_64-linux-gnu)	Install consumer proof prerequisites	2026-09-08T15:05:39.1644480Z Get:13 http://azure.archive.ubuntu.com/ubuntu noble-updates/universe amd64 Packages [1691 kB]
consumer (ubuntu-24.04, x86_64-linux-gnu)	Install consumer proof prerequisites	2026-09-08T15:05:39.1731037Z Get:14 http://azure.archive.ubuntu.com/ubuntu noble-updates/universe Translation-en [339 kB]
consumer (ubuntu-24.04, x86_64-linux-gnu)	Install consumer proof prerequisites	2026-09-08T15:05:39.1763859Z Get:15 http://azure.archive.ubuntu.com/ubuntu noble-updates/universe amd64 Components [388 kB]
consumer (ubuntu-24.04, x86_64-linux-gnu)	Install consumer proof prerequisites	2026-09-08T15:05:39.1792037Z Get:16 http://azure.archive.ubuntu.com/ubuntu noble-updates/restricted amd64 Packages [1536 kB]
consumer (ubuntu-24.04, x86_64-linux-gnu)	Install consumer proof prerequisites	2026-09-08T15:05:39.1884554Z Get:17 http://azure.archive.ubuntu.com/ubuntu noble-updates/restricted Translation-en [352 kB]
consumer (ubuntu-24.04, x86_64-linux-gnu)	Install consumer proof prerequisites	2026-09-08T15:05:39.1912421Z Get:18 http://azure.archive.ubuntu.com/ubuntu noble-updates/multiverse amd64 Components [940 B]
consumer (ubuntu-24.04, x86_64-linux-gnu)	Install consumer proof prerequisites	2026-09-08T15:05:39.2000643Z Get:19 http://azure.archive.ubuntu.com/ubuntu noble-backports/main amd64 Components [5760 B]
consumer (ubuntu-24.04, x86_64-linux-gnu)	Install consumer proof prerequisites	2026-09-08T15:05:39.2487144Z Get:20 http://azure.archive.ubuntu.com/ubuntu noble-backports/universe amd64 Components [12.6 kB]
consumer (ubuntu-24.04, x86_64-linux-gnu)	Install consumer proof prerequisites	2026-09-08T15:05:39.2516316Z Get:21 http://azure.archive.ubuntu.com/ubuntu noble-security/main amd64 Packages [1002 kB]
consumer (ubuntu-24.04, x86_64-linux-gnu)	Install consumer proof prerequisites	2026-09-08T15:05:39.2564299Z Get:22 http://azure.archive.ubuntu.com/ubuntu noble-security/main Translation-en [212 kB]
consumer (ubuntu-24.04, x86_64-linux-gnu)	Install consumer proof prerequisites	2026-09-08T15:05:39.2586191Z Get:23 http://azure.archive.ubuntu.com/ubuntu noble-security/main amd64 Components [46.3 kB]
consumer (ubuntu-24.04, x86_64-linux-gnu)	Install consumer proof prerequisites	2026-09-08T15:05:39.2600413Z Get:24 http://azure.archive.ubuntu.com/ubuntu noble-security/universe amd64 Packages [1206 kB]
consumer (ubuntu-24.04, x86_64-linux-gnu)	Install consumer proof prerequisites	2026-09-08T15:05:39.2676680Z Get:25 http://azure.archive.ubuntu.com/ubuntu noble-security/universe Translation-en [241 kB]
consumer (ubuntu-24.04, x86_64-linux-gnu)	Install consumer proof prerequisites	2026-09-08T15:05:39.2692566Z Get:26 http://azure.archive.ubuntu.com/ubuntu noble-security/universe amd64 Components [76.2 kB]
consumer (ubuntu-24.04, x86_64-linux-gnu)	Install consumer proof prerequisites	2026-09-08T15:05:39.2729967Z Get:27 http://azure.archive.ubuntu.com/ubuntu noble-security/restricted amd64 Packages [1437 kB]
consumer (ubuntu-24.04, x86_64-linux-gnu)	Install consumer proof prerequisites	2026-09-08T15:05:39.2784293Z Get:28 http://azure.archive.ubuntu.com/ubuntu noble-security/restricted Translation-en [334 kB]
consumer (ubuntu-24.04, x86_64-linux-gnu)	Install consumer proof prerequisites	2026-09-08T15:05:39.3314360Z Get:29 https://dl.google.com/linux/chrome-stable/deb stable/main amd64 Packages [1401 B]
consumer (ubuntu-24.04, x86_64-linux-gnu)	Install consumer proof prerequisites	2026-09-08T15:05:43.3348547Z Fetched 11.8 MB in 1s (8960 kB/s)
consumer (ubuntu-24.04, x86_64-linux-gnu)	Install consumer proof prerequisites	2026-09-08T15:05:44.0868292Z Reading package lists...
consumer (ubuntu-24.04, x86_64-linux-gnu)	Install consumer proof prerequisites	2026-09-08T15:05:44.1177719Z Reading package lists...
consumer (ubuntu-24.04, x86_64-linux-gnu)	Install consumer proof prerequisites	2026-09-08T15:05:44.2723149Z Building dependency tree...
consumer (ubuntu-24.04, x86_64-linux-gnu)	Install consumer proof prerequisites	2026-09-08T15:05:44.2730529Z Reading state information...
consumer (ubuntu-24.04, x86_64-linux-gnu)	Install consumer proof prerequisites	2026-09-08T15:05:44.4171576Z binutils is already the newest version (2.42-4ubuntu2.10).
consumer (ubuntu-24.04, x86_64-linux-gnu)	Install consumer proof prerequisites	2026-09-08T15:05:44.4172479Z The following NEW packages will be installed:
consumer (ubuntu-24.04, x86_64-linux-gnu)	Install consumer proof prerequisites	2026-09-08T15:05:44.4178011Z   bubblewrap
consumer (ubuntu-24.04, x86_64-linux-gnu)	Install consumer proof prerequisites	2026-09-08T15:05:44.4342363Z 0 upgraded, 1 newly installed, 0 to remove and 44 not upgraded.
consumer (ubuntu-24.04, x86_64-linux-gnu)	Install consumer proof prerequisites	2026-09-08T15:05:44.4343310Z Need to get 50.2 kB of archives.
consumer (ubuntu-24.04, x86_64-linux-gnu)	Install consumer proof prerequisites	2026-09-08T15:05:44.4343721Z After this operation, 133 kB of additional disk space will be used.
consumer (ubuntu-24.04, x86_64-linux-gnu)	Install consumer proof prerequisites	2026-09-08T15:05:44.4344350Z Get:1 file:/etc/apt/apt-mirrors.txt Mirrorlist [144 B]
consumer (ubuntu-24.04, x86_64-linux-gnu)	Install consumer proof prerequisites	2026-09-08T15:05:44.6099215Z Get:2 http://azure.archive.ubuntu.com/ubuntu noble-updates/main amd64 bubblewrap amd64 0.9.0-1ubuntu0.1 [50.2 kB]
consumer (ubuntu-24.04, x86_64-linux-gnu)	Install consumer proof prerequisites	2026-09-08T15:05:44.8516713Z Fetched 50.2 kB in 0s (268 kB/s)
consumer (ubuntu-24.04, x86_64-linux-gnu)	Install consumer proof prerequisites	2026-09-08T15:05:44.8754927Z Selecting previously unselected package bubblewrap.
consumer (ubuntu-24.04, x86_64-linux-gnu)	Install consumer proof prerequisites	2026-09-08T15:05:44.9071701Z (Reading database ... 
consumer (ubuntu-24.04, x86_64-linux-gnu)	Install consumer proof prerequisites	2026-09-08T15:05:44.9072418Z (Reading database ... 5%
consumer (ubuntu-24.04, x86_64-linux-gnu)	Install consumer proof prerequisites	2026-09-08T15:05:44.9073146Z (Reading database ... 10%
consumer (ubuntu-24.04, x86_64-linux-gnu)	Install consumer proof prerequisites	2026-09-08T15:05:44.9073640Z (Reading database ... 15%
consumer (ubuntu-24.04, x86_64-linux-gnu)	Install consumer proof prerequisites	2026-09-08T15:05:44.9074005Z (Reading database ... 20%
consumer (ubuntu-24.04, x86_64-linux-gnu)	Install consumer proof prerequisites	2026-09-08T15:05:44.9074320Z (Reading database ... 25%
consumer (ubuntu-24.04, x86_64-linux-gnu)	Install consumer proof prerequisites	2026-09-08T15:05:44.9074640Z (Reading database ... 30%
consumer (ubuntu-24.04, x86_64-linux-gnu)	Install consumer proof prerequisites	2026-09-08T15:05:44.9075140Z (Reading database ... 35%
consumer (ubuntu-24.04, x86_64-linux-gnu)	Install consumer proof prerequisites	2026-09-08T15:05:44.9075675Z (Reading database ... 40%
consumer (ubuntu-24.04, x86_64-linux-gnu)	Install consumer proof prerequisites	2026-09-08T15:05:44.9076240Z (Reading database ... 45%
consumer (ubuntu-24.04, x86_64-linux-gnu)	Install consumer proof prerequisites	2026-09-08T15:05:44.9076788Z (Reading database ... 50%
consumer (ubuntu-24.04, x86_64-linux-gnu)	Install consumer proof prerequisites	2026-09-08T15:05:44.9130084Z (Reading database ... 55%
consumer (ubuntu-24.04, x86_64-linux-gnu)	Install consumer proof prerequisites	2026-09-08T15:05:45.0637529Z (Reading database ... 60%
consumer (ubuntu-24.04, x86_64-linux-gnu)	Install consumer proof prerequisites	2026-09-08T15:05:45.2130653Z (Reading database ... 65%
consumer (ubuntu-24.04, x86_64-linux-gnu)	Install consumer proof prerequisites	2026-09-08T15:05:45.4198512Z (Reading database ... 70%
consumer (ubuntu-24.04, x86_64-linux-gnu)	Install consumer proof prerequisites	2026-09-08T15:05:45.5521314Z (Reading database ... 75%
consumer (ubuntu-24.04, x86_64-linux-gnu)	Install consumer proof prerequisites	2026-09-08T15:05:45.7576629Z (Reading database ... 80%
consumer (ubuntu-24.04, x86_64-linux-gnu)	Install consumer proof prerequisites	2026-09-08T15:05:45.9043652Z (Reading database ... 85%
consumer (ubuntu-24.04, x86_64-linux-gnu)	Install consumer proof prerequisites	2026-09-08T15:05:46.0639877Z (Reading database ... 90%
consumer (ubuntu-24.04, x86_64-linux-gnu)	Install consumer proof prerequisites	2026-09-08T15:05:46.2192829Z (Reading database ... 95%
consumer (ubuntu-24.04, x86_64-linux-gnu)	Install consumer proof prerequisites	2026-09-08T15:05:46.2193681Z (Reading database ... 100%
consumer (ubuntu-24.04, x86_64-linux-gnu)	Install consumer proof prerequisites	2026-09-08T15:05:46.2194298Z (Reading database ... 201676 files and directories currently installed.)
consumer (ubuntu-24.04, x86_64-linux-gnu)	Install consumer proof prerequisites	2026-09-08T15:05:46.2231936Z Preparing to unpack .../bubblewrap_0.9.0-1ubuntu0.1_amd64.deb ...
consumer (ubuntu-24.04, x86_64-linux-gnu)	Install consumer proof prerequisites	2026-09-08T15:05:46.2260172Z Unpacking bubblewrap (0.9.0-1ubuntu0.1) ...
consumer (ubuntu-24.04, x86_64-linux-gnu)	Install consumer proof prerequisites	2026-09-08T15:05:46.2708556Z Setting up bubblewrap (0.9.0-1ubuntu0.1) ...
consumer (ubuntu-24.04, x86_64-linux-gnu)	Install consumer proof prerequisites	2026-09-08T15:05:46.2761934Z Processing triggers for man-db (2.12.0-4build2) ...
consumer (ubuntu-24.04, x86_64-linux-gnu)	Install consumer proof prerequisites	2026-09-08T15:05:46.2788390Z Not building database; man-db/auto-update is not 'true'.
consumer (ubuntu-24.04, x86_64-linux-gnu)	Install consumer proof prerequisites	2026-09-08T15:05:46.9245162Z 
consumer (ubuntu-24.04, x86_64-linux-gnu)	Install consumer proof prerequisites	2026-09-08T15:05:46.9245814Z Running kernel seems to be up-to-date.
consumer (ubuntu-24.04, x86_64-linux-gnu)	Install consumer proof prerequisites	2026-09-08T15:05:46.9246150Z 
consumer (ubuntu-24.04, x86_64-linux-gnu)	Install consumer proof prerequisites	2026-09-08T15:05:46.9246324Z No services need to be restarted.
consumer (ubuntu-24.04, x86_64-linux-gnu)	Install consumer proof prerequisites	2026-09-08T15:05:46.9246576Z 
consumer (ubuntu-24.04, x86_64-linux-gnu)	Install consumer proof prerequisites	2026-09-08T15:05:46.9246759Z No containers need to be restarted.
consumer (ubuntu-24.04, x86_64-linux-gnu)	Install consumer proof prerequisites	2026-09-08T15:05:46.9247007Z 
consumer (ubuntu-24.04, x86_64-linux-gnu)	Install consumer proof prerequisites	2026-09-08T15:05:46.9247197Z No user sessions are running outdated binaries.
consumer (ubuntu-24.04, x86_64-linux-gnu)	Install consumer proof prerequisites	2026-09-08T15:05:46.9247486Z 
consumer (ubuntu-24.04, x86_64-linux-gnu)	Install consumer proof prerequisites	2026-09-08T15:05:46.9247774Z No VM guests are running outdated hypervisor (qemu) binaries on this host.
consumer (ubuntu-24.04, x86_64-linux-gnu)	Install consumer proof prerequisites	2026-09-08T15:05:48.5912338Z * creating /home/runner/.mix/archives/hex-2.5.1
consumer (ubuntu-24.04, x86_64-linux-gnu)	Verify current package with exact reviewed native archive	﻿2026-09-08T15:05:48.6041859Z ##[group]Run set -o pipefail
consumer (ubuntu-24.04, x86_64-linux-gnu)	Verify current package with exact reviewed native archive	2026-09-08T15:05:48.6042188Z ^[[36;1mset -o pipefail^[[0m
consumer (ubuntu-24.04, x86_64-linux-gnu)	Verify current package with exact reviewed native archive	2026-09-08T15:05:48.6043704Z ^[[36;1mpython3 -u scripts/linux_consumer_ci.py --target "$APHID_TARGET" --work "$RUNNER_TEMP/aphid-current-consumer" 2>&1 | tee "$RUNNER_TEMP/current-consumer.log"^[[0m
consumer (ubuntu-24.04, x86_64-linux-gnu)	Verify current package with exact reviewed native archive	2026-09-08T15:05:48.6081397Z shell: /usr/bin/bash -e {0}
consumer (ubuntu-24.04, x86_64-linux-gnu)	Verify current package with exact reviewed native archive	2026-09-08T15:05:48.6081657Z env:
consumer (ubuntu-24.04, x86_64-linux-gnu)	Verify current package with exact reviewed native archive	2026-09-08T15:05:48.6081934Z   pythonLocation: /opt/hostedtoolcache/Python/3.14.7/x64
consumer (ubuntu-24.04, x86_64-linux-gnu)	Verify current package with exact reviewed native archive	2026-09-08T15:05:48.6082378Z   PKG_CONFIG_PATH: /opt/hostedtoolcache/Python/3.14.7/x64/lib/pkgconfig
consumer (ubuntu-24.04, x86_64-linux-gnu)	Verify current package with exact reviewed native archive	2026-09-08T15:05:48.6083036Z   Python_ROOT_DIR: /opt/hostedtoolcache/Python/3.14.7/x64
consumer (ubuntu-24.04, x86_64-linux-gnu)	Verify current package with exact reviewed native archive	2026-09-08T15:05:48.6083419Z   Python2_ROOT_DIR: /opt/hostedtoolcache/Python/3.14.7/x64
consumer (ubuntu-24.04, x86_64-linux-gnu)	Verify current package with exact reviewed native archive	2026-09-08T15:05:48.6083799Z   Python3_ROOT_DIR: /opt/hostedtoolcache/Python/3.14.7/x64
consumer (ubuntu-24.04, x86_64-linux-gnu)	Verify current package with exact reviewed native archive	2026-09-08T15:05:48.6084180Z   LD_LIBRARY_PATH: /opt/hostedtoolcache/Python/3.14.7/x64/lib
consumer (ubuntu-24.04, x86_64-linux-gnu)	Verify current package with exact reviewed native archive	2026-09-08T15:05:48.6084597Z   INSTALL_DIR_FOR_OTP: /home/runner/work/_temp/.setup-beam/otp
consumer (ubuntu-24.04, x86_64-linux-gnu)	Verify current package with exact reviewed native archive	2026-09-08T15:05:48.6085078Z   INSTALL_DIR_FOR_ELIXIR: /home/runner/work/_temp/.setup-beam/elixir
consumer (ubuntu-24.04, x86_64-linux-gnu)	Verify current package with exact reviewed native archive	2026-09-08T15:05:48.6087773Z   GH_TOKEN: ***
consumer (ubuntu-24.04, x86_64-linux-gnu)	Verify current package with exact reviewed native archive	2026-09-08T15:05:48.6088015Z   APHID_TARGET: x86_64-linux-gnu
consumer (ubuntu-24.04, x86_64-linux-gnu)	Verify current package with exact reviewed native archive	2026-09-08T15:05:48.6088276Z ##[endgroup]
consumer (ubuntu-24.04, x86_64-linux-gnu)	Verify current package with exact reviewed native archive	2026-09-08T15:05:53.0989433Z {"command": ["gh", "run", "download", "34236085662", "--repo", "catethos/Aphid", "--name", "validation-x86_64-linux-gnu-34236085662-1", "--dir", "/home/runner/work/_temp/aphid-current-consumer/retained"], "cwd": "/home/runner/work/Aphid/Aphid", "exit": 0, "seconds": 3.873}
consumer (ubuntu-24.04, x86_64-linux-gnu)	Verify current package with exact reviewed native archive	2026-09-08T15:05:53.7449370Z Building aphid 0.1.1-dev
consumer (ubuntu-24.04, x86_64-linux-gnu)	Verify current package with exact reviewed native archive	2026-09-08T15:05:53.7449727Z   Dependencies:
consumer (ubuntu-24.04, x86_64-linux-gnu)	Verify current package with exact reviewed native archive	2026-09-08T15:05:53.7450746Z     zigler == 0.16.0 (app: zigler)
consumer (ubuntu-24.04, x86_64-linux-gnu)	Verify current package with exact reviewed native archive	2026-09-08T15:05:53.7451389Z     telemetry ~> 1.3 (app: telemetry)
consumer (ubuntu-24.04, x86_64-linux-gnu)	Verify current package with exact reviewed native archive	2026-09-08T15:05:53.7489300Z   App: aphid
consumer (ubuntu-24.04, x86_64-linux-gnu)	Verify current package with exact reviewed native archive	2026-09-08T15:05:53.7490231Z   Name: aphid
consumer (ubuntu-24.04, x86_64-linux-gnu)	Verify current package with exact reviewed native archive	2026-09-08T15:05:53.7490997Z   Files:
consumer (ubuntu-24.04, x86_64-linux-gnu)	Verify current package with exact reviewed native archive	2026-09-08T15:05:53.7492035Z     mix.exs
consumer (ubuntu-24.04, x86_64-linux-gnu)	Verify current package with exact reviewed native archive	2026-09-08T15:05:53.7493268Z     mix.lock
consumer (ubuntu-24.04, x86_64-linux-gnu)	Verify current package with exact reviewed native archive	2026-09-08T15:05:53.7493886Z     mix/aphid_bundle.exs
consumer (ubuntu-24.04, x86_64-linux-gnu)	Verify current package with exact reviewed native archive	2026-09-08T15:05:53.7494554Z     lib/aphid.ex
consumer (ubuntu-24.04, x86_64-linux-gnu)	Verify current package with exact reviewed native archive	2026-09-08T15:05:53.7495135Z     lib/aphid/application.ex
consumer (ubuntu-24.04, x86_64-linux-gnu)	Verify current package with exact reviewed native archive	2026-09-08T15:05:53.7495787Z     lib/aphid/bundle_loader.ex
consumer (ubuntu-24.04, x86_64-linux-gnu)	Verify current package with exact reviewed native archive	2026-09-08T15:05:53.7496436Z     lib/aphid/database.ex
consumer (ubuntu-24.04, x86_64-linux-gnu)	Verify current package with exact reviewed native archive	2026-09-08T15:05:53.7497075Z     lib/aphid/error.ex
consumer (ubuntu-24.04, x86_64-linux-gnu)	Verify current package with exact reviewed native archive	2026-09-08T15:05:53.7497656Z     lib/aphid/native.ex
consumer (ubuntu-24.04, x86_64-linux-gnu)	Verify current package with exact reviewed native archive	2026-09-08T15:05:53.7498259Z     lib/aphid/options.ex
consumer (ubuntu-24.04, x86_64-linux-gnu)	Verify current package with exact reviewed native archive	2026-09-08T15:05:53.7498907Z     lib/aphid/proof.ex
consumer (ubuntu-24.04, x86_64-linux-gnu)	Verify current package with exact reviewed native archive	2026-09-08T15:05:53.7499487Z     lib/aphid/result.ex
consumer (ubuntu-24.04, x86_64-linux-gnu)	Verify current package with exact reviewed native archive	2026-09-08T15:05:53.7500078Z     lib/aphid/stream.ex
consumer (ubuntu-24.04, x86_64-linux-gnu)	Verify current package with exact reviewed native archive	2026-09-08T15:05:53.7500669Z     lib/aphid/telemetry.ex
consumer (ubuntu-24.04, x86_64-linux-gnu)	Verify current package with exact reviewed native archive	2026-09-08T15:05:53.7501300Z     lib/aphid/transaction.ex
consumer (ubuntu-24.04, x86_64-linux-gnu)	Verify current package with exact reviewed native archive	2026-09-08T15:05:53.7501926Z     lib/aphid/value.ex
consumer (ubuntu-24.04, x86_64-linux-gnu)	Verify current package with exact reviewed native archive	2026-09-08T15:05:53.7502475Z     README.md
consumer (ubuntu-24.04, x86_64-linux-gnu)	Verify current package with exact reviewed native archive	2026-09-08T15:05:53.7503314Z     LICENSE
consumer (ubuntu-24.04, x86_64-linux-gnu)	Verify current package with exact reviewed native archive	2026-09-08T15:05:53.7503981Z     THIRD_PARTY.md
consumer (ubuntu-24.04, x86_64-linux-gnu)	Verify current package with exact reviewed native archive	2026-09-08T15:05:53.7504576Z     THIRD_PARTY_NOTICES.txt
consumer (ubuntu-24.04, x86_64-linux-gnu)	Verify current package with exact reviewed native archive	2026-09-08T15:05:53.7505215Z     docs/architecture.md
consumer (ubuntu-24.04, x86_64-linux-gnu)	Verify current package with exact reviewed native archive	2026-09-08T15:05:53.7505844Z     docs/extensions.md
consumer (ubuntu-24.04, x86_64-linux-gnu)	Verify current package with exact reviewed native archive	2026-09-08T15:05:53.7506481Z     docs/github-release.md
consumer (ubuntu-24.04, x86_64-linux-gnu)	Verify current package with exact reviewed native archive	2026-09-08T15:05:53.7507168Z     docs/hex-publication.md
consumer (ubuntu-24.04, x86_64-linux-gnu)	Verify current package with exact reviewed native archive	2026-09-08T15:05:53.7507823Z     docs/local-installation.md
consumer (ubuntu-24.04, x86_64-linux-gnu)	Verify current package with exact reviewed native archive	2026-09-08T15:05:53.7508482Z     docs/publishing-updates.md
consumer (ubuntu-24.04, x86_64-linux-gnu)	Verify current package with exact reviewed native archive	2026-09-08T15:05:53.7509492Z     docs/release-checklist.md
consumer (ubuntu-24.04, x86_64-linux-gnu)	Verify current package with exact reviewed native archive	2026-09-08T15:05:53.7510152Z     docs/source-installation.md
consumer (ubuntu-24.04, x86_64-linux-gnu)	Verify current package with exact reviewed native archive	2026-09-08T15:05:53.7510818Z     docs/status.md
consumer (ubuntu-24.04, x86_64-linux-gnu)	Verify current package with exact reviewed native archive	2026-09-08T15:05:53.7511399Z     docs/telemetry.md
consumer (ubuntu-24.04, x86_64-linux-gnu)	Verify current package with exact reviewed native archive	2026-09-08T15:05:53.7511967Z     docs/types.md
consumer (ubuntu-24.04, x86_64-linux-gnu)	Verify current package with exact reviewed native archive	2026-09-08T15:05:53.7512538Z     native/lock.json
consumer (ubuntu-24.04, x86_64-linux-gnu)	Verify current package with exact reviewed native archive	2026-09-08T15:05:53.7513410Z     native/local-bundle.json
consumer (ubuntu-24.04, x86_64-linux-gnu)	Verify current package with exact reviewed native archive	2026-09-08T15:05:53.7514103Z     native/linux-bundles.json
consumer (ubuntu-24.04, x86_64-linux-gnu)	Verify current package with exact reviewed native archive	2026-09-08T15:05:53.7514756Z     native/aphid_nif.zig
consumer (ubuntu-24.04, x86_64-linux-gnu)	Verify current package with exact reviewed native archive	2026-09-08T15:05:53.7515358Z     native/bridge.h
consumer (ubuntu-24.04, x86_64-linux-gnu)	Verify current package with exact reviewed native archive	2026-09-08T15:05:53.7515931Z     native/bridge.cpp
consumer (ubuntu-24.04, x86_64-linux-gnu)	Verify current package with exact reviewed native archive	2026-09-08T15:05:53.7516531Z     native/CMakeLists.txt
consumer (ubuntu-24.04, x86_64-linux-gnu)	Verify current package with exact reviewed native archive	2026-09-08T15:05:53.7517232Z     native/patches/aggregate-state-alignment.patch
consumer (ubuntu-24.04, x86_64-linux-gnu)	Verify current package with exact reviewed native archive	2026-09-08T15:05:53.7518055Z     native/patches/alp-conversion-range.patch
consumer (ubuntu-24.04, x86_64-linux-gnu)	Verify current package with exact reviewed native archive	2026-09-08T15:05:53.7519225Z     native/patches/alter-default-result-set.patch
consumer (ubuntu-24.04, x86_64-linux-gnu)	Verify current package with exact reviewed native archive	2026-09-08T15:05:53.7520047Z     native/patches/detach-clear-default.patch
consumer (ubuntu-24.04, x86_64-linux-gnu)	Verify current package with exact reviewed native archive	2026-09-08T15:05:53.7520843Z     native/patches/duckdb-tabular-only.patch
consumer (ubuntu-24.04, x86_64-linux-gnu)	Verify current package with exact reviewed native archive	2026-09-08T15:05:53.7521670Z     native/patches/float-sort-key-alignment.patch
consumer (ubuntu-24.04, x86_64-linux-gnu)	Verify current package with exact reviewed native archive	2026-09-08T15:05:53.7522449Z     native/patches/fts-atomic-create.patch
consumer (ubuntu-24.04, x86_64-linux-gnu)	Verify current package with exact reviewed native archive	2026-09-08T15:05:53.7523461Z     native/patches/int128-add-carry.patch
consumer (ubuntu-24.04, x86_64-linux-gnu)	Verify current package with exact reviewed native archive	2026-09-08T15:05:53.7524248Z     native/patches/int128-negate-overflow.patch
consumer (ubuntu-24.04, x86_64-linux-gnu)	Verify current package with exact reviewed native archive	2026-09-08T15:05:53.7525007Z     native/patches/join-row-alignment.patch
consumer (ubuntu-24.04, x86_64-linux-gnu)	Verify current package with exact reviewed native archive	2026-09-08T15:05:53.7525730Z     native/patches/node-delete-finalize.patch
consumer (ubuntu-24.04, x86_64-linux-gnu)	Verify current package with exact reviewed native archive	2026-09-08T15:05:53.7526532Z     native/patches/path-probe-id-alignment.patch
consumer (ubuntu-24.04, x86_64-linux-gnu)	Verify current package with exact reviewed native archive	2026-09-08T15:05:53.7527352Z     native/patches/row-value-alignment.patch
consumer (ubuntu-24.04, x86_64-linux-gnu)	Verify current package with exact reviewed native archive	2026-09-08T15:05:53.7528126Z     native/patches/sort-key-alignment.patch
consumer (ubuntu-24.04, x86_64-linux-gnu)	Verify current package with exact reviewed native archive	2026-09-08T15:05:53.7528931Z     native/patches/string-hash-alignment.patch
consumer (ubuntu-24.04, x86_64-linux-gnu)	Verify current package with exact reviewed native archive	2026-09-08T15:05:53.7529779Z     native/patches/vector-drop-auto-transaction.patch
consumer (ubuntu-24.04, x86_64-linux-gnu)	Verify current package with exact reviewed native archive	2026-09-08T15:05:53.7530600Z     scripts/build.py
consumer (ubuntu-24.04, x86_64-linux-gnu)	Verify current package with exact reviewed native archive	2026-09-08T15:05:53.7531201Z     scripts/proof.py
consumer (ubuntu-24.04, x86_64-linux-gnu)	Verify current package with exact reviewed native archive	2026-09-08T15:05:53.7531816Z     scripts/source_preflight.py
consumer (ubuntu-24.04, x86_64-linux-gnu)	Verify current package with exact reviewed native archive	2026-09-08T15:05:53.7532478Z     native/proof.zig
consumer (ubuntu-24.04, x86_64-linux-gnu)	Verify current package with exact reviewed native archive	2026-09-08T15:05:53.7533459Z     native/proof.h
consumer (ubuntu-24.04, x86_64-linux-gnu)	Verify current package with exact reviewed native archive	2026-09-08T15:05:53.7534101Z     native/proof.cpp
consumer (ubuntu-24.04, x86_64-linux-gnu)	Verify current package with exact reviewed native archive	2026-09-08T15:05:53.7534691Z   Version: 0.1.1-dev
consumer (ubuntu-24.04, x86_64-linux-gnu)	Verify current package with exact reviewed native archive	2026-09-08T15:05:53.7535277Z   Build tools: mix
consumer (ubuntu-24.04, x86_64-linux-gnu)	Verify current package with exact reviewed native archive	2026-09-08T15:05:53.7535946Z   Description: LadybugDB for Elixir through Zigler
consumer (ubuntu-24.04, x86_64-linux-gnu)	Verify current package with exact reviewed native archive	2026-09-08T15:05:53.7536719Z   Licenses: MIT
consumer (ubuntu-24.04, x86_64-linux-gnu)	Verify current package with exact reviewed native archive	2026-09-08T15:05:53.7537268Z   Links: 
consumer (ubuntu-24.04, x86_64-linux-gnu)	Verify current package with exact reviewed native archive	2026-09-08T15:05:53.7537880Z     GitHub: https://github.com/catethos/Aphid
consumer (ubuntu-24.04, x86_64-linux-gnu)	Verify current package with exact reviewed native archive	2026-09-08T15:05:53.7538612Z   Elixir: ~> 1.20
consumer (ubuntu-24.04, x86_64-linux-gnu)	Verify current package with exact reviewed native archive	2026-09-08T15:05:53.8005851Z Package checksum: 9faa9af3eb1c826446b0bf9473e94632e4fbb9fcb6bfc9d85bae1a90862f2448
consumer (ubuntu-24.04, x86_64-linux-gnu)	Verify current package with exact reviewed native archive	2026-09-08T15:05:53.8006993Z Saved to /home/runner/work/_temp/aphid-current-consumer/aphid-0.1.1-dev-combined.tar
consumer (ubuntu-24.04, x86_64-linux-gnu)	Verify current package with exact reviewed native archive	2026-09-08T15:05:53.8535374Z {"command": ["mix", "hex.build", "--output", "/home/runner/work/_temp/aphid-current-consumer/aphid-0.1.1-dev-combined.tar"], "cwd": "/home/runner/work/Aphid/Aphid", "exit": 0, "seconds": 0.716}
consumer (ubuntu-24.04, x86_64-linux-gnu)	Verify current package with exact reviewed native archive	2026-09-08T15:05:53.8539110Z {"source_package_sha256": "9faa9af3eb1c826446b0bf9473e94632e4fbb9fcb6bfc9d85bae1a90862f2448", "native_archive_sha256": "02cf205c2e3efe510ddd02440eec764c2f3406a6d591de8c65e4e304c45b4f9f", "native_qualification": {"run_id": 34236085662, "attempt": 1, "commit": "f3043c6698c32e0478ed0da83ee907d5bfc09b4d"}}
consumer (ubuntu-24.04, x86_64-linux-gnu)	Verify current package with exact reviewed native archive	2026-09-08T15:05:55.2362815Z using exact local Hex source package: 9faa9af3eb1c826446b0bf9473e94632e4fbb9fcb6bfc9d85bae1a90862f2448
consumer (ubuntu-24.04, x86_64-linux-gnu)	Verify current package with exact reviewed native archive	2026-09-08T15:05:55.2980767Z fresh caches; pinned source dependencies: [{"name": "earmark_parser", "version": "1.4.46", "sha256": "9c44636e8a1c68c62f526b2dcd85d941dbbcee7ab82cf64ba06ce28bef8e89f5"}, {"name": "ex_doc", "version": "0.39.1", "sha256": "8abf0ed3e3ca87c0847dfc4168ceab5bedfe881692f1b7c45f4a11b232806865"}, {"name": "makeup", "version": "1.2.2", "sha256": "9a1a24e5b343b8ae16abea0822c10a6f75da27af7fa802ada5251f7579bfccfa"}, {"name": "makeup_elixir", "version": "1.0.1", "sha256": "7284900d412a3e5cfd97fdaed4f5ed389b8f2b4cb49efc0eb3bd10e2febf9507"}, {"name": "makeup_erlang", "version": "1.1.0", "sha256": "1cd6780fb1dd1a03979abaed0fe82712b0625118fd5257d3ebbf73f960c73c3c"}, {"name": "nimble_parsec", "version": "1.4.2", "sha256": "4b21398942dda052b403bbe1da991ccd03a053668d147d53fb8c4e0efe09c973"}, {"name": "pegasus", "version": "0.2.6", "sha256": "0ac159f0ccab7967cf90208327cc8a35788874814c8d78e19d47104d3fc049b9"}, {"name": "protoss", "version": "1.1.0", "sha256": "c2f874383dd047fcfdf467b814dd33a208a4d24a467aef90d86185b41a0752ad"}, {"name": "telemetry", "version": "1.4.2", "sha256": "928f6495066506077862c0d1646609eed891a4326bee3126ba54b60af61febb1"}, {"name": "zig_doc", "version": "0.7.0", "sha256": "28b57b0bc12f241fc855b6514fe5198f3067fbab2555a3e3a83f6f9ed4699f4c"}, {"name": "zig_get", "version": "0.16.0", "sha256": "2841127cf2005da74fb28d3cc68397a393d3d71df5f45752b974345e696beb01"}, {"name": "zig_parser", "version": "0.7.0", "sha256": "fd0b2fc343820a202787a78a40feae372386b4303717b099223d5f5c5f21f0bb"}, {"name": "zigler", "version": "0.16.0", "sha256": "867ce49289568a7fabff400cb9f1636a429defcd488f3302a82c4b51b2bc7741"}]
consumer (ubuntu-24.04, x86_64-linux-gnu)	Verify current package with exact reviewed native archive	2026-09-08T15:05:55.3852355Z Linux namespace probe passed: build trees hidden, compiler paths masked, external network unavailable
consumer (ubuntu-24.04, x86_64-linux-gnu)	Verify current package with exact reviewed native archive	2026-09-08T15:05:55.3928044Z {"command": ["sudo", "-E", "bwrap", "--die-with-parent", "--unshare-pid", "--ro-bind", "/", "/", "--dev", "/dev", "--proc", "/proc", "--bind", "/home/runner/work/_temp/aphid-current-consumer/fresh", "/home/runner/work/_temp/aphid-current-consumer/fresh", "--unshare-net", "--tmpfs", "/home/runner/work/Aphid/Aphid", "--tmpfs", "/home/runner/work/_temp/aphid-current-consumer/retained", "--ro-bind", "/dev/null", "/usr/bin/c89-gcc", "--ro-bind", "/dev/null", "/usr/bin/c99-gcc", "--ro-bind", "/dev/null", "/usr/bin/make", "--ro-bind", "/dev/null", "/usr/bin/x86_64-linux-gnu-as", "--ro-bind", "/dev/null", "/usr/bin/x86_64-linux-gnu-g++-12", "--ro-bind", "/dev/null", "/usr/bin/x86_64-linux-gnu-g++-13", "--ro-bind", "/dev/null", "/usr/bin/x86_64-linux-gnu-g++-14", "--ro-bind", "/dev/null", "/usr/bin/x86_64-linux-gnu-gcc-12", "--ro-bind", "/dev/null", "/usr/bin/x86_64-linux-gnu-gcc-13", "--ro-bind", "/dev/null", "/usr/bin/x86_64-linux-gnu-gcc-14", "--ro-bind", "/dev/null", "/usr/bin/x86_64-linux-gnu-ld.bfd", "--ro-bind", "/dev/null", "/usr/lib/llvm-16/bin/clang", "--ro-bind", "/dev/null", "/usr/lib/llvm-16/bin/lld", "--ro-bind", "/dev/null", "/usr/lib/llvm-16/bin/llvm-as", "--ro-bind", "/dev/null", "/usr/lib/llvm-17/bin/clang", "--ro-bind", "/dev/null", "/usr/lib/llvm-17/bin/lld", "--ro-bind", "/dev/null", "/usr/lib/llvm-17/bin/llvm-as", "--ro-bind", "/dev/null", "/usr/lib/llvm-18/bin/clang", "--ro-bind", "/dev/null", "/usr/lib/llvm-18/bin/lld", "--ro-bind", "/dev/null", "/usr/lib/llvm-18/bin/llvm-as", "--ro-bind", "/dev/null", "/usr/local/bin/cmake", "--ro-bind", "/dev/null", "/usr/local/bin/ninja", "--cap-add", "CAP_SETUID", "--cap-add", "CAP_SETGID", "--cap-add", "CAP_SETPCAP", "--clearenv", "--setenv", "LANG", "C.UTF-8", "--setenv", "HOME", "/home/runner", "--setenv", "PATH", "/home/runner/work/_temp/.setup-beam/elixir/bin:/home/runner/.mix/escripts:/home/runner/work/_temp/.setup-beam/otp/bin:/opt/hostedtoolcache/Python/3.14.7/x64/bin:/opt/hostedtoolcache/Python/3.14.7/x64:/snap/bin:/home/runner/.local/bin:/opt/pipx_bin:/home/runner/.cargo/bin:/home/runner/.config/composer/vendor/bin:/usr/local/.ghcup/bin:/home/runner/.dotnet/tools:/usr/local/sbin:/usr/local/bin:/usr/sbin:/usr/bin:/sbin:/bin:/usr/games:/usr/local/games:/snap/bin", "--", "/usr/bin/setpriv", "--reuid", "1001", "--regid", "1001", "--clear-groups", "--bounding-set=-all", "--no-new-privs", "--", "/opt/hostedtoolcache/Python/3.14.7/x64/bin/python3", "/home/runner/work/_temp/aphid-current-consumer/fresh/isolation-check.py"], "cwd": "/home/runner/work/_temp/aphid-current-consumer/fresh", "exit": 0, "seconds": 0.064}
consumer (ubuntu-24.04, x86_64-linux-gnu)	Verify current package with exact reviewed native archive	2026-09-08T15:05:55.6611973Z UTF-8 runtime filename mode verified
consumer (ubuntu-24.04, x86_64-linux-gnu)	Verify current package with exact reviewed native archive	2026-09-08T15:05:55.7076499Z {"command": ["sudo", "-E", "bwrap", "--die-with-parent", "--unshare-pid", "--ro-bind", "/", "/", "--dev", "/dev", "--proc", "/proc", "--bind", "/home/runner/work/_temp/aphid-current-consumer/fresh", "/home/runner/work/_temp/aphid-current-consumer/fresh", "--unshare-net", "--tmpfs", "/home/runner/work/Aphid/Aphid", "--tmpfs", "/home/runner/work/_temp/aphid-current-consumer/retained", "--ro-bind", "/dev/null", "/usr/bin/c89-gcc", "--ro-bind", "/dev/null", "/usr/bin/c99-gcc", "--ro-bind", "/dev/null", "/usr/bin/make", "--ro-bind", "/dev/null", "/usr/bin/x86_64-linux-gnu-as", "--ro-bind", "/dev/null", "/usr/bin/x86_64-linux-gnu-g++-12", "--ro-bind", "/dev/null", "/usr/bin/x86_64-linux-gnu-g++-13", "--ro-bind", "/dev/null", "/usr/bin/x86_64-linux-gnu-g++-14", "--ro-bind", "/dev/null", "/usr/bin/x86_64-linux-gnu-gcc-12", "--ro-bind", "/dev/null", "/usr/bin/x86_64-linux-gnu-gcc-13", "--ro-bind", "/dev/null", "/usr/bin/x86_64-linux-gnu-gcc-14", "--ro-bind", "/dev/null", "/usr/bin/x86_64-linux-gnu-ld.bfd", "--ro-bind", "/dev/null", "/usr/lib/llvm-16/bin/clang", "--ro-bind", "/dev/null", "/usr/lib/llvm-16/bin/lld", "--ro-bind", "/dev/null", "/usr/lib/llvm-16/bin/llvm-as", "--ro-bind", "/dev/null", "/usr/lib/llvm-17/bin/clang", "--ro-bind", "/dev/null", "/usr/lib/llvm-17/bin/lld", "--ro-bind", "/dev/null", "/usr/lib/llvm-17/bin/llvm-as", "--ro-bind", "/dev/null", "/usr/lib/llvm-18/bin/clang", "--ro-bind", "/dev/null", "/usr/lib/llvm-18/bin/lld", "--ro-bind", "/dev/null", "/usr/lib/llvm-18/bin/llvm-as", "--ro-bind", "/dev/null", "/usr/local/bin/cmake", "--ro-bind", "/dev/null", "/usr/local/bin/ninja", "--cap-add", "CAP_SETUID", "--cap-add", "CAP_SETGID", "--cap-add", "CAP_SETPCAP", "--clearenv", "--setenv", "LANG", "C.UTF-8", "--setenv", "HOME", "/home/runner", "--setenv", "PATH", "/home/runner/work/_temp/.setup-beam/elixir/bin:/home/runner/.mix/escripts:/home/runner/work/_temp/.setup-beam/otp/bin:/opt/hostedtoolcache/Python/3.14.7/x64/bin:/opt/hostedtoolcache/Python/3.14.7/x64:/snap/bin:/home/runner/.local/bin:/opt/pipx_bin:/home/runner/.cargo/bin:/home/runner/.config/composer/vendor/bin:/usr/local/.ghcup/bin:/home/runner/.dotnet/tools:/usr/local/sbin:/usr/local/bin:/usr/sbin:/usr/bin:/sbin:/bin:/usr/games:/usr/local/games:/snap/bin", "--", "/usr/bin/setpriv", "--reuid", "1001", "--regid", "1001", "--clear-groups", "--bounding-set=-all", "--no-new-privs", "--", "/home/runner/work/_temp/.setup-beam/elixir/bin/elixir", "-e", ":utf8 = :file.native_name_encoding(); IO.puts(\"UTF-8 runtime filename mode verified\")"], "cwd": "/home/runner/work/_temp/aphid-current-consumer/fresh", "exit": 0, "seconds": 0.314}
consumer (ubuntu-24.04, x86_64-linux-gnu)	Verify current package with exact reviewed native archive	2026-09-08T15:05:57.0349225Z Resolving Hex dependencies...
consumer (ubuntu-24.04, x86_64-linux-gnu)	Verify current package with exact reviewed native archive	2026-09-08T15:05:57.0549524Z Resolution completed in 0.019s
consumer (ubuntu-24.04, x86_64-linux-gnu)	Verify current package with exact reviewed native archive	2026-09-08T15:05:57.0568851Z Unchanged:
consumer (ubuntu-24.04, x86_64-linux-gnu)	Verify current package with exact reviewed native archive	2026-09-08T15:05:57.0569475Z   earmark_parser 1.4.46
consumer (ubuntu-24.04, x86_64-linux-gnu)	Verify current package with exact reviewed native archive	2026-09-08T15:05:57.0577560Z   ex_doc 0.39.1
consumer (ubuntu-24.04, x86_64-linux-gnu)	Verify current package with exact reviewed native archive	2026-09-08T15:05:57.0583073Z   makeup 1.2.2
consumer (ubuntu-24.04, x86_64-linux-gnu)	Verify current package with exact reviewed native archive	2026-09-08T15:05:57.0583784Z   makeup_elixir 1.0.1
consumer (ubuntu-24.04, x86_64-linux-gnu)	Verify current package with exact reviewed native archive	2026-09-08T15:05:57.0593798Z   makeup_erlang 1.1.0
consumer (ubuntu-24.04, x86_64-linux-gnu)	Verify current package with exact reviewed native archive	2026-09-08T15:05:57.0594466Z   nimble_parsec 1.4.2
consumer (ubuntu-24.04, x86_64-linux-gnu)	Verify current package with exact reviewed native archive	2026-09-08T15:05:57.0595197Z   pegasus 0.2.6
consumer (ubuntu-24.04, x86_64-linux-gnu)	Verify current package with exact reviewed native archive	2026-09-08T15:05:57.0595823Z   protoss 1.1.0
consumer (ubuntu-24.04, x86_64-linux-gnu)	Verify current package with exact reviewed native archive	2026-09-08T15:05:57.0596503Z   telemetry 1.4.2
consumer (ubuntu-24.04, x86_64-linux-gnu)	Verify current package with exact reviewed native archive	2026-09-08T15:05:57.0597221Z   zig_doc 0.7.0
consumer (ubuntu-24.04, x86_64-linux-gnu)	Verify current package with exact reviewed native archive	2026-09-08T15:05:57.0597944Z   zig_get 0.16.0
consumer (ubuntu-24.04, x86_64-linux-gnu)	Verify current package with exact reviewed native archive	2026-09-08T15:05:57.0598539Z   zig_parser 0.7.0
consumer (ubuntu-24.04, x86_64-linux-gnu)	Verify current package with exact reviewed native archive	2026-09-08T15:05:57.0599182Z   zigler 0.16.0
consumer (ubuntu-24.04, x86_64-linux-gnu)	Verify current package with exact reviewed native archive	2026-09-08T15:05:57.0627124Z * Getting zigler (Hex package)
consumer (ubuntu-24.04, x86_64-linux-gnu)	Verify current package with exact reviewed native archive	2026-09-08T15:05:57.2111898Z * Getting telemetry (Hex package)
consumer (ubuntu-24.04, x86_64-linux-gnu)	Verify current package with exact reviewed native archive	2026-09-08T15:05:57.3300465Z * creating /home/runner/work/_temp/aphid-current-consumer/fresh/mix-home/elixir/1-20-otp-29/rebar3
consumer (ubuntu-24.04, x86_64-linux-gnu)	Verify current package with exact reviewed native archive	2026-09-08T15:05:57.3307974Z * Getting protoss (Hex package)
consumer (ubuntu-24.04, x86_64-linux-gnu)	Verify current package with exact reviewed native archive	2026-09-08T15:05:57.3356838Z * Getting zig_doc (Hex package)
consumer (ubuntu-24.04, x86_64-linux-gnu)	Verify current package with exact reviewed native archive	2026-09-08T15:05:57.3429014Z * Getting zig_get (Hex package)
consumer (ubuntu-24.04, x86_64-linux-gnu)	Verify current package with exact reviewed native archive	2026-09-08T15:05:57.3472857Z * Getting zig_parser (Hex package)
consumer (ubuntu-24.04, x86_64-linux-gnu)	Verify current package with exact reviewed native archive	2026-09-08T15:05:57.3677106Z * Getting pegasus (Hex package)
consumer (ubuntu-24.04, x86_64-linux-gnu)	Verify current package with exact reviewed native archive	2026-09-08T15:05:57.3763146Z * Getting nimble_parsec (Hex package)
consumer (ubuntu-24.04, x86_64-linux-gnu)	Verify current package with exact reviewed native archive	2026-09-08T15:05:57.3846015Z * Getting ex_doc (Hex package)
consumer (ubuntu-24.04, x86_64-linux-gnu)	Verify current package with exact reviewed native archive	2026-09-08T15:05:57.4262376Z * Getting earmark_parser (Hex package)
consumer (ubuntu-24.04, x86_64-linux-gnu)	Verify current package with exact reviewed native archive	2026-09-08T15:05:57.4472575Z * Getting makeup_elixir (Hex package)
consumer (ubuntu-24.04, x86_64-linux-gnu)	Verify current package with exact reviewed native archive	2026-09-08T15:05:57.4592339Z * Getting makeup_erlang (Hex package)
consumer (ubuntu-24.04, x86_64-linux-gnu)	Verify current package with exact reviewed native archive	2026-09-08T15:05:57.4684525Z * Getting makeup (Hex package)
consumer (ubuntu-24.04, x86_64-linux-gnu)	Verify current package with exact reviewed native archive	2026-09-08T15:05:57.5315726Z {"command": ["sudo", "-E", "bwrap", "--die-with-parent", "--unshare-pid", "--ro-bind", "/", "/", "--dev", "/dev", "--proc", "/proc", "--bind", "/home/runner/work/_temp/aphid-current-consumer/fresh", "/home/runner/work/_temp/aphid-current-consumer/fresh", "--tmpfs", "/home/runner/work/Aphid/Aphid", "--tmpfs", "/home/runner/work/_temp/aphid-current-consumer/retained", "--ro-bind", "/dev/null", "/usr/bin/c89-gcc", "--ro-bind", "/dev/null", "/usr/bin/c99-gcc", "--ro-bind", "/dev/null", "/usr/bin/make", "--ro-bind", "/dev/null", "/usr/bin/x86_64-linux-gnu-as", "--ro-bind", "/dev/null", "/usr/bin/x86_64-linux-gnu-g++-12", "--ro-bind", "/dev/null", "/usr/bin/x86_64-linux-gnu-g++-13", "--ro-bind", "/dev/null", "/usr/bin/x86_64-linux-gnu-g++-14", "--ro-bind", "/dev/null", "/usr/bin/x86_64-linux-gnu-gcc-12", "--ro-bind", "/dev/null", "/usr/bin/x86_64-linux-gnu-gcc-13", "--ro-bind", "/dev/null", "/usr/bin/x86_64-linux-gnu-gcc-14", "--ro-bind", "/dev/null", "/usr/bin/x86_64-linux-gnu-ld.bfd", "--ro-bind", "/dev/null", "/usr/lib/llvm-16/bin/clang", "--ro-bind", "/dev/null", "/usr/lib/llvm-16/bin/lld", "--ro-bind", "/dev/null", "/usr/lib/llvm-16/bin/llvm-as", "--ro-bind", "/dev/null", "/usr/lib/llvm-17/bin/clang", "--ro-bind", "/dev/null", "/usr/lib/llvm-17/bin/lld", "--ro-bind", "/dev/null", "/usr/lib/llvm-17/bin/llvm-as", "--ro-bind", "/dev/null", "/usr/lib/llvm-18/bin/clang", "--ro-bind", "/dev/null", "/usr/lib/llvm-18/bin/lld", "--ro-bind", "/dev/null", "/usr/lib/llvm-18/bin/llvm-as", "--ro-bind", "/dev/null", "/usr/local/bin/cmake", "--ro-bind", "/dev/null", "/usr/local/bin/ninja", "--cap-add", "CAP_SETUID", "--cap-add", "CAP_SETGID", "--cap-add", "CAP_SETPCAP", "--clearenv", "--setenv", "LANG", "C.UTF-8", "--setenv", "HOME", "/home/runner/work/_temp/aphid-current-consumer/fresh/home", "--setenv", "PATH", "/home/runner/work/_temp/aphid-current-consumer/fresh/tools:/home/runner/work/_temp/.setup-beam/elixir/bin:/home/runner/work/_temp/.setup-beam/elixir/bin:/home/runner/work/_temp/.setup-beam/otp/bin:/usr/bin:/bin:/usr/sbin:/sbin", "--setenv", "MIX_HOME", "/home/runner/work/_temp/aphid-current-consumer/fresh/mix-home", "--setenv", "HEX_HOME", "/home/runner/work/_temp/aphid-current-consumer/fresh/hex-home", "--setenv", "MIX_ENV", "prod", "--setenv", "ZIG_EXECUTABLE_PATH", "/home/runner/work/_temp/aphid-current-consumer/fresh/tools/zig", "--setenv", "ZIG_GLOBAL_CACHE_DIR", "/home/runner/work/_temp/aphid-current-consumer/fresh/zig-cache", "--setenv", "ZIGLER_STAGING_ROOT", "/home/runner/work/_temp/aphid-current-consumer/fresh/staging", "--setenv", "ERL_FLAGS", "+S 1:1 +SDcpu 1:1", "--setenv", "APHID_INSTALL", "precompiled", "--setenv", "APHID_BUNDLE_ARCHIVE", "/home/runner/work/_temp/aphid-current-consumer/fresh/candidate.tar.gz", "--setenv", "APHID_BUNDLE_SHA256", "02cf205c2e3efe510ddd02440eec764c2f3406a6d591de8c65e4e304c45b4f9f", "--setenv", "TMPDIR", "/home/runner/work/_temp/aphid-current-consumer/fresh/tmp", "--", "/usr/bin/setpriv", "--reuid", "1001", "--regid", "1001", "--clear-groups", "--bounding-set=-all", "--no-new-privs", "--", "mix", "deps.get", "--check-locked"], "cwd": "/home/runner/work/_temp/aphid-current-consumer/fresh/consumer", "exit": 0, "seconds": 1.767}
consumer (ubuntu-24.04, x86_64-linux-gnu)	Verify current package with exact reviewed native archive	2026-09-08T15:05:57.5327730Z Normal Hex acquisition verified: 13 locked archives; dependency acquisition complete
consumer (ubuntu-24.04, x86_64-linux-gnu)	Verify current package with exact reviewed native archive	2026-09-08T15:05:58.1641376Z ==> earmark_parser
consumer (ubuntu-24.04, x86_64-linux-gnu)	Verify current package with exact reviewed native archive	2026-09-08T15:05:58.1652681Z Compiling 2 files (.xrl)
consumer (ubuntu-24.04, x86_64-linux-gnu)	Verify current package with exact reviewed native archive	2026-09-08T15:05:58.2012092Z Compiling 1 file (.yrl)
consumer (ubuntu-24.04, x86_64-linux-gnu)	Verify current package with exact reviewed native archive	2026-09-08T15:05:58.2330089Z Compiling 3 files (.erl)
consumer (ubuntu-24.04, x86_64-linux-gnu)	Verify current package with exact reviewed native archive	2026-09-08T15:05:58.5189794Z Compiling 32 files (.ex)
consumer (ubuntu-24.04, x86_64-linux-gnu)	Verify current package with exact reviewed native archive	2026-09-08T15:05:59.6819938Z Generated earmark_parser app
consumer (ubuntu-24.04, x86_64-linux-gnu)	Verify current package with exact reviewed native archive	2026-09-08T15:05:59.6953209Z ==> protoss
consumer (ubuntu-24.04, x86_64-linux-gnu)	Verify current package with exact reviewed native archive	2026-09-08T15:05:59.6954266Z Compiling 1 file (.ex)
consumer (ubuntu-24.04, x86_64-linux-gnu)	Verify current package with exact reviewed native archive	2026-09-08T15:05:59.7469218Z Generated protoss app
consumer (ubuntu-24.04, x86_64-linux-gnu)	Verify current package with exact reviewed native archive	2026-09-08T15:05:59.7670635Z ==> zig_get
consumer (ubuntu-24.04, x86_64-linux-gnu)	Verify current package with exact reviewed native archive	2026-09-08T15:05:59.7671381Z Compiling 1 file (.ex)
consumer (ubuntu-24.04, x86_64-linux-gnu)	Verify current package with exact reviewed native archive	2026-09-08T15:05:59.8450897Z Generated zig_get app
consumer (ubuntu-24.04, x86_64-linux-gnu)	Verify current package with exact reviewed native archive	2026-09-08T15:05:59.8599665Z ==> nimble_parsec
consumer (ubuntu-24.04, x86_64-linux-gnu)	Verify current package with exact reviewed native archive	2026-09-08T15:05:59.8600126Z Compiling 4 files (.ex)
consumer (ubuntu-24.04, x86_64-linux-gnu)	Verify current package with exact reviewed native archive	2026-09-08T15:06:00.3246546Z Generated nimble_parsec app
consumer (ubuntu-24.04, x86_64-linux-gnu)	Verify current package with exact reviewed native archive	2026-09-08T15:06:00.3368906Z ==> pegasus
consumer (ubuntu-24.04, x86_64-linux-gnu)	Verify current package with exact reviewed native archive	2026-09-08T15:06:00.3369377Z Compiling 11 files (.ex)
consumer (ubuntu-24.04, x86_64-linux-gnu)	Verify current package with exact reviewed native archive	2026-09-08T15:06:02.4851799Z Generated pegasus app
consumer (ubuntu-24.04, x86_64-linux-gnu)	Verify current package with exact reviewed native archive	2026-09-08T15:06:02.5180668Z ==> zig_parser
consumer (ubuntu-24.04, x86_64-linux-gnu)	Verify current package with exact reviewed native archive	2026-09-08T15:06:02.5181465Z Compiling 37 files (.ex)
consumer (ubuntu-24.04, x86_64-linux-gnu)	Verify current package with exact reviewed native archive	2026-09-08T15:06:07.1618915Z     warning: incompatible types given to Map.replace!/3:
consumer (ubuntu-24.04, x86_64-linux-gnu)	Verify current package with exact reviewed native archive	2026-09-08T15:06:07.1619827Z 
consumer (ubuntu-24.04, x86_64-linux-gnu)	Verify current package with exact reviewed native archive	2026-09-08T15:06:07.1620434Z         Map.replace!(parse(args), :doc_comment, comment)
consumer (ubuntu-24.04, x86_64-linux-gnu)	Verify current package with exact reviewed native archive	2026-09-08T15:06:07.1621090Z 
consumer (ubuntu-24.04, x86_64-linux-gnu)	Verify current package with exact reviewed native archive	2026-09-08T15:06:07.1621436Z     the map:
consumer (ubuntu-24.04, x86_64-linux-gnu)	Verify current package with exact reviewed native archive	2026-09-08T15:06:07.1621857Z 
consumer (ubuntu-24.04, x86_64-linux-gnu)	Verify current package with exact reviewed native archive	2026-09-08T15:06:07.1622558Z         dynamic(%Zig.Parser.Test{block: %Zig.Parser.Block{}, location: nil})
consumer (ubuntu-24.04, x86_64-linux-gnu)	Verify current package with exact reviewed native archive	2026-09-08T15:06:07.1623553Z 
consumer (ubuntu-24.04, x86_64-linux-gnu)	Verify current package with exact reviewed native archive	2026-09-08T15:06:07.1624044Z     does not have all required keys:
consumer (ubuntu-24.04, x86_64-linux-gnu)	Verify current package with exact reviewed native archive	2026-09-08T15:06:07.1624948Z 
consumer (ubuntu-24.04, x86_64-linux-gnu)	Verify current package with exact reviewed native archive	2026-09-08T15:06:07.1625288Z         :doc_comment
consumer (ubuntu-24.04, x86_64-linux-gnu)	Verify current package with exact reviewed native archive	2026-09-08T15:06:07.1625868Z 
consumer (ubuntu-24.04, x86_64-linux-gnu)	Verify current package with exact reviewed native archive	2026-09-08T15:06:07.1626323Z     therefore this function will always raise
consumer (ubuntu-24.04, x86_64-linux-gnu)	Verify current package with exact reviewed native archive	2026-09-08T15:06:07.1626904Z 
consumer (ubuntu-24.04, x86_64-linux-gnu)	Verify current package with exact reviewed native archive	2026-09-08T15:06:07.1627321Z     where "args" was given the type:
consumer (ubuntu-24.04, x86_64-linux-gnu)	Verify current package with exact reviewed native archive	2026-09-08T15:06:07.1627854Z 
consumer (ubuntu-24.04, x86_64-linux-gnu)	Verify current package with exact reviewed native archive	2026-09-08T15:06:07.1628497Z         # type: dynamic(non_empty_list(term()))
consumer (ubuntu-24.04, x86_64-linux-gnu)	Verify current package with exact reviewed native archive	2026-09-08T15:06:07.1629414Z         # from: lib/zig.parser/test.ex:16:10
consumer (ubuntu-24.04, x86_64-linux-gnu)	Verify current package with exact reviewed native archive	2026-09-08T15:06:07.1630185Z         parse(args)
consumer (ubuntu-24.04, x86_64-linux-gnu)	Verify current package with exact reviewed native archive	2026-09-08T15:06:07.1630747Z 
consumer (ubuntu-24.04, x86_64-linux-gnu)	Verify current package with exact reviewed native archive	2026-09-08T15:06:07.1689125Z     where "comment" was given the type:
consumer (ubuntu-24.04, x86_64-linux-gnu)	Verify current package with exact reviewed native archive	2026-09-08T15:06:07.1689664Z 
consumer (ubuntu-24.04, x86_64-linux-gnu)	Verify current package with exact reviewed native archive	2026-09-08T15:06:07.1689867Z         # type: dynamic()
consumer (ubuntu-24.04, x86_64-linux-gnu)	Verify current package with exact reviewed native archive	2026-09-08T15:06:07.1690279Z         # from: lib/zig.parser/test.ex
consumer (ubuntu-24.04, x86_64-linux-gnu)	Verify current package with exact reviewed native archive	2026-09-08T15:06:07.1690879Z         [{:TestDecl, [start, {:doc_comment, comment} | args]} | rest_args]
consumer (ubuntu-24.04, x86_64-linux-gnu)	Verify current package with exact reviewed native archive	2026-09-08T15:06:07.1691316Z 
consumer (ubuntu-24.04, x86_64-linux-gnu)	Verify current package with exact reviewed native archive	2026-09-08T15:06:07.1691481Z     type warning found at:
consumer (ubuntu-24.04, x86_64-linux-gnu)	Verify current package with exact reviewed native archive	2026-09-08T15:06:07.1692061Z     │
consumer (ubuntu-24.04, x86_64-linux-gnu)	Verify current package with exact reviewed native archive	2026-09-08T15:06:07.1692563Z  17 │       |> Map.replace!(:doc_comment, comment)
consumer (ubuntu-24.04, x86_64-linux-gnu)	Verify current package with exact reviewed native archive	2026-09-08T15:06:07.1694414Z     │              ~
consumer (ubuntu-24.04, x86_64-linux-gnu)	Verify current package with exact reviewed native archive	2026-09-08T15:06:07.1694789Z     │
consumer (ubuntu-24.04, x86_64-linux-gnu)	Verify current package with exact reviewed native archive	2026-09-08T15:06:07.1695384Z     └─ lib/zig.parser/test.ex:17:14: Zig.Parser.Test.post_traverse/5
consumer (ubuntu-24.04, x86_64-linux-gnu)	Verify current package with exact reviewed native archive	2026-09-08T15:06:07.1695915Z 
consumer (ubuntu-24.04, x86_64-linux-gnu)	Verify current package with exact reviewed native archive	2026-09-08T15:06:07.4649047Z Generated zig_parser app
consumer (ubuntu-24.04, x86_64-linux-gnu)	Verify current package with exact reviewed native archive	2026-09-08T15:06:07.4852961Z ==> makeup
consumer (ubuntu-24.04, x86_64-linux-gnu)	Verify current package with exact reviewed native archive	2026-09-08T15:06:07.4853485Z Compiling 15 files (.ex)
consumer (ubuntu-24.04, x86_64-linux-gnu)	Verify current package with exact reviewed native archive	2026-09-08T15:06:07.9950952Z Generated makeup app
consumer (ubuntu-24.04, x86_64-linux-gnu)	Verify current package with exact reviewed native archive	2026-09-08T15:06:08.0121245Z ==> makeup_elixir
consumer (ubuntu-24.04, x86_64-linux-gnu)	Verify current package with exact reviewed native archive	2026-09-08T15:06:08.0121717Z Compiling 6 files (.ex)
consumer (ubuntu-24.04, x86_64-linux-gnu)	Verify current package with exact reviewed native archive	2026-09-08T15:06:18.1085382Z Generated makeup_elixir app
consumer (ubuntu-24.04, x86_64-linux-gnu)	Verify current package with exact reviewed native archive	2026-09-08T15:06:18.1289704Z ==> makeup_erlang
consumer (ubuntu-24.04, x86_64-linux-gnu)	Verify current package with exact reviewed native archive	2026-09-08T15:06:18.1290273Z Compiling 4 files (.ex)
consumer (ubuntu-24.04, x86_64-linux-gnu)	Verify current package with exact reviewed native archive	2026-09-08T15:06:27.9012154Z Generated makeup_erlang app
consumer (ubuntu-24.04, x86_64-linux-gnu)	Verify current package with exact reviewed native archive	2026-09-08T15:06:27.9301263Z ==> ex_doc
consumer (ubuntu-24.04, x86_64-linux-gnu)	Verify current package with exact reviewed native archive	2026-09-08T15:06:27.9301706Z Compiling 27 files (.ex)
consumer (ubuntu-24.04, x86_64-linux-gnu)	Verify current package with exact reviewed native archive	2026-09-08T15:06:29.9103579Z      warning: this clause of defp favicon_path/1 is never used (or it will always fail/warn when invoked)
consumer (ubuntu-24.04, x86_64-linux-gnu)	Verify current package with exact reviewed native archive	2026-09-08T15:06:29.9104823Z      │
consumer (ubuntu-24.04, x86_64-linux-gnu)	Verify current package with exact reviewed native archive	2026-09-08T15:06:29.9105291Z  153 │   defp favicon_path(%{favicon: nil}), do: nil
consumer (ubuntu-24.04, x86_64-linux-gnu)	Verify current package with exact reviewed native archive	2026-09-08T15:06:29.9105861Z      │        ~
consumer (ubuntu-24.04, x86_64-linux-gnu)	Verify current package with exact reviewed native archive	2026-09-08T15:06:29.9106144Z      │
consumer (ubuntu-24.04, x86_64-linux-gnu)	Verify current package with exact reviewed native archive	2026-09-08T15:06:29.9107130Z      └─ lib/ex_doc/formatter/html/templates.ex:153:8: ExDoc.Formatter.HTML.Templates.favicon_path/1
consumer (ubuntu-24.04, x86_64-linux-gnu)	Verify current package with exact reviewed native archive	2026-09-08T15:06:29.9107930Z 
consumer (ubuntu-24.04, x86_64-linux-gnu)	Verify current package with exact reviewed native archive	2026-09-08T15:06:29.9108586Z      warning: the following clause cannot match because the previous clauses already matched all possible values:
consumer (ubuntu-24.04, x86_64-linux-gnu)	Verify current package with exact reviewed native archive	2026-09-08T15:06:29.9109454Z 
consumer (ubuntu-24.04, x86_64-linux-gnu)	Verify current package with exact reviewed native archive	2026-09-08T15:06:29.9109652Z          _ ->
consumer (ubuntu-24.04, x86_64-linux-gnu)	Verify current package with exact reviewed native archive	2026-09-08T15:06:29.9109888Z 
consumer (ubuntu-24.04, x86_64-linux-gnu)	Verify current package with exact reviewed native archive	2026-09-08T15:06:29.9110111Z      it attempts to match on the result of:
consumer (ubuntu-24.04, x86_64-linux-gnu)	Verify current package with exact reviewed native archive	2026-09-08T15:06:29.9110521Z 
consumer (ubuntu-24.04, x86_64-linux-gnu)	Verify current package with exact reviewed native archive	2026-09-08T15:06:29.9110707Z          result
consumer (ubuntu-24.04, x86_64-linux-gnu)	Verify current package with exact reviewed native archive	2026-09-08T15:06:29.9110966Z 
consumer (ubuntu-24.04, x86_64-linux-gnu)	Verify current package with exact reviewed native archive	2026-09-08T15:06:29.9111203Z      which has the already matched type:
consumer (ubuntu-24.04, x86_64-linux-gnu)	Verify current package with exact reviewed native archive	2026-09-08T15:06:29.9111620Z 
consumer (ubuntu-24.04, x86_64-linux-gnu)	Verify current package with exact reviewed native archive	2026-09-08T15:06:29.9112094Z          dynamic({:docs_v1, term(), term(), term(), term(), term(), term()} or {:error, term()})
consumer (ubuntu-24.04, x86_64-linux-gnu)	Verify current package with exact reviewed native archive	2026-09-08T15:06:29.9113129Z 
consumer (ubuntu-24.04, x86_64-linux-gnu)	Verify current package with exact reviewed native archive	2026-09-08T15:06:29.9113364Z      type warning found at:
consumer (ubuntu-24.04, x86_64-linux-gnu)	Verify current package with exact reviewed native archive	2026-09-08T15:06:29.9113917Z      │
consumer (ubuntu-24.04, x86_64-linux-gnu)	Verify current package with exact reviewed native archive	2026-09-08T15:06:29.9114376Z  124 │       _ ->
consumer (ubuntu-24.04, x86_64-linux-gnu)	Verify current package with exact reviewed native archive	2026-09-08T15:06:29.9114858Z      │         ~
consumer (ubuntu-24.04, x86_64-linux-gnu)	Verify current package with exact reviewed native archive	2026-09-08T15:06:29.9115291Z      │
consumer (ubuntu-24.04, x86_64-linux-gnu)	Verify current package with exact reviewed native archive	2026-09-08T15:06:29.9116370Z      └─ lib/ex_doc/retriever.ex:124:9: ExDoc.Retriever.docs_chunk/1
consumer (ubuntu-24.04, x86_64-linux-gnu)	Verify current package with exact reviewed native archive	2026-09-08T15:06:29.9116933Z 
consumer (ubuntu-24.04, x86_64-linux-gnu)	Verify current package with exact reviewed native archive	2026-09-08T15:06:29.9192401Z      warning: this clause of defp logo_path/1 is never used (or it will always fail/warn when invoked)
consumer (ubuntu-24.04, x86_64-linux-gnu)	Verify current package with exact reviewed native archive	2026-09-08T15:06:29.9193484Z      │
consumer (ubuntu-24.04, x86_64-linux-gnu)	Verify current package with exact reviewed native archive	2026-09-08T15:06:29.9193967Z  156 │   defp logo_path(%{logo: nil}), do: nil
consumer (ubuntu-24.04, x86_64-linux-gnu)	Verify current package with exact reviewed native archive	2026-09-08T15:06:29.9194498Z      │        ~
consumer (ubuntu-24.04, x86_64-linux-gnu)	Verify current package with exact reviewed native archive	2026-09-08T15:06:29.9194846Z      │
consumer (ubuntu-24.04, x86_64-linux-gnu)	Verify current package with exact reviewed native archive	2026-09-08T15:06:29.9195590Z      └─ lib/ex_doc/formatter/html/templates.ex:156:8: ExDoc.Formatter.HTML.Templates.logo_path/1
consumer (ubuntu-24.04, x86_64-linux-gnu)	Verify current package with exact reviewed native archive	2026-09-08T15:06:29.9195998Z 
consumer (ubuntu-24.04, x86_64-linux-gnu)	Verify current package with exact reviewed native archive	2026-09-08T15:06:29.9271743Z      warning: the following clause will never match:
consumer (ubuntu-24.04, x86_64-linux-gnu)	Verify current package with exact reviewed native archive	2026-09-08T15:06:29.9272068Z 
consumer (ubuntu-24.04, x86_64-linux-gnu)	Verify current package with exact reviewed native archive	2026-09-08T15:06:29.9272185Z          nil ->
consumer (ubuntu-24.04, x86_64-linux-gnu)	Verify current package with exact reviewed native archive	2026-09-08T15:06:29.9273121Z 
consumer (ubuntu-24.04, x86_64-linux-gnu)	Verify current package with exact reviewed native archive	2026-09-08T15:06:29.9273317Z      because it attempts to match on the result of:
consumer (ubuntu-24.04, x86_64-linux-gnu)	Verify current package with exact reviewed native archive	2026-09-08T15:06:29.9273596Z 
consumer (ubuntu-24.04, x86_64-linux-gnu)	Verify current package with exact reviewed native archive	2026-09-08T15:06:29.9273832Z          ExDoc.Language.Source.fetch_type!(module_data, name, arity)
consumer (ubuntu-24.04, x86_64-linux-gnu)	Verify current package with exact reviewed native archive	2026-09-08T15:06:29.9274196Z 
consumer (ubuntu-24.04, x86_64-linux-gnu)	Verify current package with exact reviewed native archive	2026-09-08T15:06:29.9274318Z      which has type:
consumer (ubuntu-24.04, x86_64-linux-gnu)	Verify current package with exact reviewed native archive	2026-09-08T15:06:29.9274489Z 
consumer (ubuntu-24.04, x86_64-linux-gnu)	Verify current package with exact reviewed native archive	2026-09-08T15:06:29.9274626Z          dynamic(not false and not nil)
consumer (ubuntu-24.04, x86_64-linux-gnu)	Verify current package with exact reviewed native archive	2026-09-08T15:06:29.9274860Z 
consumer (ubuntu-24.04, x86_64-linux-gnu)	Verify current package with exact reviewed native archive	2026-09-08T15:06:29.9274995Z      type warning found at:
consumer (ubuntu-24.04, x86_64-linux-gnu)	Verify current package with exact reviewed native archive	2026-09-08T15:06:29.9275340Z      │
consumer (ubuntu-24.04, x86_64-linux-gnu)	Verify current package with exact reviewed native archive	2026-09-08T15:06:29.9275621Z  150 │         nil ->
consumer (ubuntu-24.04, x86_64-linux-gnu)	Verify current package with exact reviewed native archive	2026-09-08T15:06:29.9275925Z      │         ~~~~~~
consumer (ubuntu-24.04, x86_64-linux-gnu)	Verify current package with exact reviewed native archive	2026-09-08T15:06:29.9276185Z      │
consumer (ubuntu-24.04, x86_64-linux-gnu)	Verify current package with exact reviewed native archive	2026-09-08T15:06:29.9276647Z      └─ lib/ex_doc/language/erlang.ex:150: ExDoc.Language.Erlang.type_data/6
consumer (ubuntu-24.04, x86_64-linux-gnu)	Verify current package with exact reviewed native archive	2026-09-08T15:06:29.9277222Z 
consumer (ubuntu-24.04, x86_64-linux-gnu)	Verify current package with exact reviewed native archive	2026-09-08T15:06:29.9463590Z      warning: the following clause is redundant:
consumer (ubuntu-24.04, x86_64-linux-gnu)	Verify current package with exact reviewed native archive	2026-09-08T15:06:29.9464049Z 
consumer (ubuntu-24.04, x86_64-linux-gnu)	Verify current package with exact reviewed native archive	2026-09-08T15:06:29.9464195Z          defp to_var({:<<>>, _, _}, _)
consumer (ubuntu-24.04, x86_64-linux-gnu)	Verify current package with exact reviewed native archive	2026-09-08T15:06:29.9464427Z 
consumer (ubuntu-24.04, x86_64-linux-gnu)	Verify current package with exact reviewed native archive	2026-09-08T15:06:29.9464545Z      it has type:
consumer (ubuntu-24.04, x86_64-linux-gnu)	Verify current package with exact reviewed native archive	2026-09-08T15:06:29.9464724Z 
consumer (ubuntu-24.04, x86_64-linux-gnu)	Verify current package with exact reviewed native archive	2026-09-08T15:06:29.9464887Z          dynamic({:<<>>, term(), term()}), dynamic()
consumer (ubuntu-24.04, x86_64-linux-gnu)	Verify current package with exact reviewed native archive	2026-09-08T15:06:29.9465146Z 
consumer (ubuntu-24.04, x86_64-linux-gnu)	Verify current package with exact reviewed native archive	2026-09-08T15:06:29.9465524Z      previous clauses have already matched on the following types:
consumer (ubuntu-24.04, x86_64-linux-gnu)	Verify current package with exact reviewed native archive	2026-09-08T15:06:29.9465884Z 
consumer (ubuntu-24.04, x86_64-linux-gnu)	Verify current package with exact reviewed native archive	2026-09-08T15:06:29.9466022Z          {:%{}, term(), term()}, term()
consumer (ubuntu-24.04, x86_64-linux-gnu)	Verify current package with exact reviewed native archive	2026-09-08T15:06:29.9466368Z          {atom(), term(), term()}, term()
consumer (ubuntu-24.04, x86_64-linux-gnu)	Verify current package with exact reviewed native archive	2026-09-08T15:06:29.9466601Z 
consumer (ubuntu-24.04, x86_64-linux-gnu)	Verify current package with exact reviewed native archive	2026-09-08T15:06:29.9466758Z      │
consumer (ubuntu-24.04, x86_64-linux-gnu)	Verify current package with exact reviewed native archive	2026-09-08T15:06:29.9467150Z  569 │   defp to_var({:<<>>, _, _}, _), do: {:binary, [], nil}
consumer (ubuntu-24.04, x86_64-linux-gnu)	Verify current package with exact reviewed native archive	2026-09-08T15:06:29.9467588Z      │        ~
consumer (ubuntu-24.04, x86_64-linux-gnu)	Verify current package with exact reviewed native archive	2026-09-08T15:06:29.9467846Z      │
consumer (ubuntu-24.04, x86_64-linux-gnu)	Verify current package with exact reviewed native archive	2026-09-08T15:06:29.9468303Z      └─ lib/ex_doc/language/elixir.ex:569:8: ExDoc.Language.Elixir.to_var/2
consumer (ubuntu-24.04, x86_64-linux-gnu)	Verify current package with exact reviewed native archive	2026-09-08T15:06:29.9468672Z 
consumer (ubuntu-24.04, x86_64-linux-gnu)	Verify current package with exact reviewed native archive	2026-09-08T15:06:29.9544220Z      warning: the following clause is redundant:
consumer (ubuntu-24.04, x86_64-linux-gnu)	Verify current package with exact reviewed native archive	2026-09-08T15:06:29.9544917Z 
consumer (ubuntu-24.04, x86_64-linux-gnu)	Verify current package with exact reviewed native archive	2026-09-08T15:06:29.9545341Z          defp to_var({:{}, _, _}, _)
consumer (ubuntu-24.04, x86_64-linux-gnu)	Verify current package with exact reviewed native archive	2026-09-08T15:06:29.9545865Z 
consumer (ubuntu-24.04, x86_64-linux-gnu)	Verify current package with exact reviewed native archive	2026-09-08T15:06:29.9546128Z      it has type:
consumer (ubuntu-24.04, x86_64-linux-gnu)	Verify current package with exact reviewed native archive	2026-09-08T15:06:29.9546431Z 
consumer (ubuntu-24.04, x86_64-linux-gnu)	Verify current package with exact reviewed native archive	2026-09-08T15:06:29.9546707Z          dynamic({:{}, term(), term()}), dynamic()
consumer (ubuntu-24.04, x86_64-linux-gnu)	Verify current package with exact reviewed native archive	2026-09-08T15:06:29.9547173Z 
consumer (ubuntu-24.04, x86_64-linux-gnu)	Verify current package with exact reviewed native archive	2026-09-08T15:06:29.9547583Z      previous clauses have already matched on the following types:
consumer (ubuntu-24.04, x86_64-linux-gnu)	Verify current package with exact reviewed native archive	2026-09-08T15:06:29.9548217Z 
consumer (ubuntu-24.04, x86_64-linux-gnu)	Verify current package with exact reviewed native archive	2026-09-08T15:06:29.9548478Z          {:%{}, term(), term()}, term()
consumer (ubuntu-24.04, x86_64-linux-gnu)	Verify current package with exact reviewed native archive	2026-09-08T15:06:29.9549018Z          {atom(), term(), term()}, term()
consumer (ubuntu-24.04, x86_64-linux-gnu)	Verify current package with exact reviewed native archive	2026-09-08T15:06:29.9549374Z 
consumer (ubuntu-24.04, x86_64-linux-gnu)	Verify current package with exact reviewed native archive	2026-09-08T15:06:29.9549595Z      │
consumer (ubuntu-24.04, x86_64-linux-gnu)	Verify current package with exact reviewed native archive	2026-09-08T15:06:29.9550163Z  570 │   defp to_var({:{}, _, _}, _), do: {:tuple, [], nil}
consumer (ubuntu-24.04, x86_64-linux-gnu)	Verify current package with exact reviewed native archive	2026-09-08T15:06:29.9550749Z      │        ~
consumer (ubuntu-24.04, x86_64-linux-gnu)	Verify current package with exact reviewed native archive	2026-09-08T15:06:29.9551022Z      │
consumer (ubuntu-24.04, x86_64-linux-gnu)	Verify current package with exact reviewed native archive	2026-09-08T15:06:29.9551473Z      └─ lib/ex_doc/language/elixir.ex:570:8: ExDoc.Language.Elixir.to_var/2
consumer (ubuntu-24.04, x86_64-linux-gnu)	Verify current package with exact reviewed native archive	2026-09-08T15:06:29.9551837Z 
consumer (ubuntu-24.04, x86_64-linux-gnu)	Verify current package with exact reviewed native archive	2026-09-08T15:06:29.9562481Z      warning: the following clause is redundant:
consumer (ubuntu-24.04, x86_64-linux-gnu)	Verify current package with exact reviewed native archive	2026-09-08T15:06:29.9563080Z 
consumer (ubuntu-24.04, x86_64-linux-gnu)	Verify current package with exact reviewed native archive	2026-09-08T15:06:29.9563340Z          defp to_var(float, _) when is_integer(float)
consumer (ubuntu-24.04, x86_64-linux-gnu)	Verify current package with exact reviewed native archive	2026-09-08T15:06:29.9563766Z 
consumer (ubuntu-24.04, x86_64-linux-gnu)	Verify current package with exact reviewed native archive	2026-09-08T15:06:29.9563960Z      it has type:
consumer (ubuntu-24.04, x86_64-linux-gnu)	Verify current package with exact reviewed native archive	2026-09-08T15:06:29.9564183Z 
consumer (ubuntu-24.04, x86_64-linux-gnu)	Verify current package with exact reviewed native archive	2026-09-08T15:06:29.9564371Z          integer(), dynamic()
consumer (ubuntu-24.04, x86_64-linux-gnu)	Verify current package with exact reviewed native archive	2026-09-08T15:06:29.9564646Z 
consumer (ubuntu-24.04, x86_64-linux-gnu)	Verify current package with exact reviewed native archive	2026-09-08T15:06:29.9564976Z      previous clauses have already matched on the following types:
consumer (ubuntu-24.04, x86_64-linux-gnu)	Verify current package with exact reviewed native archive	2026-09-08T15:06:29.9565714Z 
consumer (ubuntu-24.04, x86_64-linux-gnu)	Verify current package with exact reviewed native archive	2026-09-08T15:06:29.9565900Z          {:%{}, term(), term()}, term()
consumer (ubuntu-24.04, x86_64-linux-gnu)	Verify current package with exact reviewed native archive	2026-09-08T15:06:29.9566456Z          {atom(), term(), term()}, term()
consumer (ubuntu-24.04, x86_64-linux-gnu)	Verify current package with exact reviewed native archive	2026-09-08T15:06:29.9566945Z          {term(), term()}, term()
consumer (ubuntu-24.04, x86_64-linux-gnu)	Verify current package with exact reviewed native archive	2026-09-08T15:06:29.9567402Z          integer(), term()
consumer (ubuntu-24.04, x86_64-linux-gnu)	Verify current package with exact reviewed native archive	2026-09-08T15:06:29.9567660Z 
consumer (ubuntu-24.04, x86_64-linux-gnu)	Verify current package with exact reviewed native archive	2026-09-08T15:06:29.9567880Z      │
consumer (ubuntu-24.04, x86_64-linux-gnu)	Verify current package with exact reviewed native archive	2026-09-08T15:06:29.9568529Z  573 │   defp to_var(float, _) when is_integer(float), do: {:float, [], nil}
consumer (ubuntu-24.04, x86_64-linux-gnu)	Verify current package with exact reviewed native archive	2026-09-08T15:06:29.9569236Z      │        ~
consumer (ubuntu-24.04, x86_64-linux-gnu)	Verify current package with exact reviewed native archive	2026-09-08T15:06:29.9569614Z      │
consumer (ubuntu-24.04, x86_64-linux-gnu)	Verify current package with exact reviewed native archive	2026-09-08T15:06:29.9570042Z      └─ lib/ex_doc/language/elixir.ex:573:8: ExDoc.Language.Elixir.to_var/2
consumer (ubuntu-24.04, x86_64-linux-gnu)	Verify current package with exact reviewed native archive	2026-09-08T15:06:29.9570348Z 
consumer (ubuntu-24.04, x86_64-linux-gnu)	Verify current package with exact reviewed native archive	2026-09-08T15:06:29.9608029Z Generated ex_doc app
consumer (ubuntu-24.04, x86_64-linux-gnu)	Verify current package with exact reviewed native archive	2026-09-08T15:06:30.3048186Z ==> aphid_consumer
consumer (ubuntu-24.04, x86_64-linux-gnu)	Verify current package with exact reviewed native archive	2026-09-08T15:06:30.3049464Z ===> Analyzing applications...
consumer (ubuntu-24.04, x86_64-linux-gnu)	Verify current package with exact reviewed native archive	2026-09-08T15:06:30.3767715Z ===> Compiling telemetry
consumer (ubuntu-24.04, x86_64-linux-gnu)	Verify current package with exact reviewed native archive	2026-09-08T15:06:30.7596543Z ==> zig_doc
consumer (ubuntu-24.04, x86_64-linux-gnu)	Verify current package with exact reviewed native archive	2026-09-08T15:06:30.7597332Z Compiling 5 files (.ex)
consumer (ubuntu-24.04, x86_64-linux-gnu)	Verify current package with exact reviewed native archive	2026-09-08T15:06:31.0348710Z     warning: the following clause will never match:
consumer (ubuntu-24.04, x86_64-linux-gnu)	Verify current package with exact reviewed native archive	2026-09-08T15:06:31.0349238Z 
consumer (ubuntu-24.04, x86_64-linux-gnu)	Verify current package with exact reviewed native archive	2026-09-08T15:06:31.0349484Z         {{:error, reason}, path} ->
consumer (ubuntu-24.04, x86_64-linux-gnu)	Verify current package with exact reviewed native archive	2026-09-08T15:06:31.0349823Z 
consumer (ubuntu-24.04, x86_64-linux-gnu)	Verify current package with exact reviewed native archive	2026-09-08T15:06:31.0350042Z     it is expected to match on type:
consumer (ubuntu-24.04, x86_64-linux-gnu)	Verify current package with exact reviewed native archive	2026-09-08T15:06:31.0350404Z 
consumer (ubuntu-24.04, x86_64-linux-gnu)	Verify current package with exact reviewed native archive	2026-09-08T15:06:31.0350582Z         dynamic(
consumer (ubuntu-24.04, x86_64-linux-gnu)	Verify current package with exact reviewed native archive	2026-09-08T15:06:31.0350978Z           :error or
consumer (ubuntu-24.04, x86_64-linux-gnu)	Verify current package with exact reviewed native archive	2026-09-08T15:06:31.0351636Z             ({term(), :read, binary() or empty_list() or non_empty_list(term(), term())} and
consumer (ubuntu-24.04, x86_64-linux-gnu)	Verify current package with exact reviewed native archive	2026-09-08T15:06:31.0352986Z                not {{:ok, term()}, :read, binary() or empty_list() or non_empty_list(term(), term())})
consumer (ubuntu-24.04, x86_64-linux-gnu)	Verify current package with exact reviewed native archive	2026-09-08T15:06:31.0353870Z         )
consumer (ubuntu-24.04, x86_64-linux-gnu)	Verify current package with exact reviewed native archive	2026-09-08T15:06:31.0354090Z 
consumer (ubuntu-24.04, x86_64-linux-gnu)	Verify current package with exact reviewed native archive	2026-09-08T15:06:31.0354306Z     type warning found at:
consumer (ubuntu-24.04, x86_64-linux-gnu)	Verify current package with exact reviewed native archive	2026-09-08T15:06:31.0355000Z     │
consumer (ubuntu-24.04, x86_64-linux-gnu)	Verify current package with exact reviewed native archive	2026-09-08T15:06:31.0355538Z  69 │       {{:error, reason}, path} ->
consumer (ubuntu-24.04, x86_64-linux-gnu)	Verify current package with exact reviewed native archive	2026-09-08T15:06:31.0356198Z     │       ~~~~~~~~~~~~~~~~~~~~~~~~~~~
consumer (ubuntu-24.04, x86_64-linux-gnu)	Verify current package with exact reviewed native archive	2026-09-08T15:06:31.0356750Z     │
consumer (ubuntu-24.04, x86_64-linux-gnu)	Verify current package with exact reviewed native archive	2026-09-08T15:06:31.0357564Z     └─ lib/zig.doc/generator.ex:69: Zig.Doc.Generator.modulenode_from_config/3
consumer (ubuntu-24.04, x86_64-linux-gnu)	Verify current package with exact reviewed native archive	2026-09-08T15:06:31.0358197Z 
consumer (ubuntu-24.04, x86_64-linux-gnu)	Verify current package with exact reviewed native archive	2026-09-08T15:06:31.0374839Z Generated zig_doc app
consumer (ubuntu-24.04, x86_64-linux-gnu)	Verify current package with exact reviewed native archive	2026-09-08T15:06:31.0601432Z ==> zigler
consumer (ubuntu-24.04, x86_64-linux-gnu)	Verify current package with exact reviewed native archive	2026-09-08T15:06:31.0601911Z Compiling 50 files (.ex)
consumer (ubuntu-24.04, x86_64-linux-gnu)	Verify current package with exact reviewed native archive	2026-09-08T15:06:31.0725695Z 
consumer (ubuntu-24.04, x86_64-linux-gnu)	Verify current package with exact reviewed native archive	2026-09-08T15:06:31.0726159Z 15:06:31.069 [warning] not cross-compiling windows-msvc
consumer (ubuntu-24.04, x86_64-linux-gnu)	Verify current package with exact reviewed native archive	2026-09-08T15:06:31.1825124Z      warning: clauses with the same name and arity (number of arguments) should be grouped together, "def render_elixir_spec/1" was previously defined (lib/zig/_nif.ex:373)
consumer (ubuntu-24.04, x86_64-linux-gnu)	Verify current package with exact reviewed native archive	2026-09-08T15:06:31.1826239Z      │
consumer (ubuntu-24.04, x86_64-linux-gnu)	Verify current package with exact reviewed native archive	2026-09-08T15:06:31.1826760Z  386 │   def render_elixir_spec(nif) do
consumer (ubuntu-24.04, x86_64-linux-gnu)	Verify current package with exact reviewed native archive	2026-09-08T15:06:31.1827145Z      │       ~
consumer (ubuntu-24.04, x86_64-linux-gnu)	Verify current package with exact reviewed native archive	2026-09-08T15:06:31.1827399Z      │
consumer (ubuntu-24.04, x86_64-linux-gnu)	Verify current package with exact reviewed native archive	2026-09-08T15:06:31.1827852Z      └─ lib/zig/_nif.ex:386:7
consumer (ubuntu-24.04, x86_64-linux-gnu)	Verify current package with exact reviewed native archive	2026-09-08T15:06:31.1828104Z 
consumer (ubuntu-24.04, x86_64-linux-gnu)	Verify current package with exact reviewed native archive	2026-09-08T15:06:33.5997785Z 
consumer (ubuntu-24.04, x86_64-linux-gnu)	Verify current package with exact reviewed native archive	2026-09-08T15:06:33.5999183Z 15:06:33.599 [debug] creating staging directory /home/runner/work/_temp/aphid-current-consumer/fresh/staging/Elixir.Zig.Formatter
consumer (ubuntu-24.04, x86_64-linux-gnu)	Verify current package with exact reviewed native archive	2026-09-08T15:06:33.6085183Z 
consumer (ubuntu-24.04, x86_64-linux-gnu)	Verify current package with exact reviewed native archive	2026-09-08T15:06:33.6086327Z 15:06:33.608 [info] searching for zig in /home/runner/work/_temp/aphid-current-consumer/fresh/home/.cache/zigler/zig-x86_64-linux-0.16.0/zig
consumer (ubuntu-24.04, x86_64-linux-gnu)	Verify current package with exact reviewed native archive	2026-09-08T15:06:33.6405699Z      warning: unused require EEx
consumer (ubuntu-24.04, x86_64-linux-gnu)	Verify current package with exact reviewed native archive	2026-09-08T15:06:33.6406501Z      │
consumer (ubuntu-24.04, x86_64-linux-gnu)	Verify current package with exact reviewed native archive	2026-09-08T15:06:33.6406990Z  437 │   require EEx
consumer (ubuntu-24.04, x86_64-linux-gnu)	Verify current package with exact reviewed native archive	2026-09-08T15:06:33.6407491Z      │   ~
consumer (ubuntu-24.04, x86_64-linux-gnu)	Verify current package with exact reviewed native archive	2026-09-08T15:06:33.6407878Z      │
consumer (ubuntu-24.04, x86_64-linux-gnu)	Verify current package with exact reviewed native archive	2026-09-08T15:06:33.6408290Z      └─ lib/zig/_nif.ex:437:3
consumer (ubuntu-24.04, x86_64-linux-gnu)	Verify current package with exact reviewed native archive	2026-09-08T15:06:33.6408561Z 
consumer (ubuntu-24.04, x86_64-linux-gnu)	Verify current package with exact reviewed native archive	2026-09-08T15:06:34.2637699Z warning: Zig.Formatter not active (%CompileError{file: nil, line: nil, description: "zig executable not found"}).  If you need Formatter function, and zig is not available, Please run `mix zig.get` to install it.
consumer (ubuntu-24.04, x86_64-linux-gnu)	Verify current package with exact reviewed native archive	2026-09-08T15:06:34.2663124Z ##[warning]  lib/zig/formatter.ex:46: (file)
consumer (ubuntu-24.04, x86_64-linux-gnu)	Verify current package with exact reviewed native archive	2026-09-08T15:06:34.2673748Z   (elixir 1.20.0) src/elixir_compiler.erl:102: :elixir_compiler.dispatch/4
consumer (ubuntu-24.04, x86_64-linux-gnu)	Verify current package with exact reviewed native archive	2026-09-08T15:06:34.2674711Z   (elixir 1.20.0) src/elixir_compiler.erl:76: :elixir_compiler.compile/4
consumer (ubuntu-24.04, x86_64-linux-gnu)	Verify current package with exact reviewed native archive	2026-09-08T15:06:34.2676085Z   (elixir 1.20.0) src/elixir_compiler.erl:42: :elixir_compiler.optimize_defmodule/2
consumer (ubuntu-24.04, x86_64-linux-gnu)	Verify current package with exact reviewed native archive	2026-09-08T15:06:34.2677033Z   (elixir 1.20.0) src/elixir_lexical.erl:18: :elixir_lexical.run/3
consumer (ubuntu-24.04, x86_64-linux-gnu)	Verify current package with exact reviewed native archive	2026-09-08T15:06:34.2677871Z   (elixir 1.20.0) src/elixir_compiler.erl:21: :elixir_compiler.quoted/3
consumer (ubuntu-24.04, x86_64-linux-gnu)	Verify current package with exact reviewed native archive	2026-09-08T15:06:34.2678418Z 
consumer (ubuntu-24.04, x86_64-linux-gnu)	Verify current package with exact reviewed native archive	2026-09-08T15:06:34.3537576Z Generated zigler app
consumer (ubuntu-24.04, x86_64-linux-gnu)	Verify current package with exact reviewed native archive	2026-09-08T15:06:35.9981135Z ==> aphid
consumer (ubuntu-24.04, x86_64-linux-gnu)	Verify current package with exact reviewed native archive	2026-09-08T15:06:35.9982376Z Aphid local bundle verified and installed: SHA256 02cf205c2e3efe510ddd02440eec764c2f3406a6d591de8c65e4e304c45b4f9f
consumer (ubuntu-24.04, x86_64-linux-gnu)	Verify current package with exact reviewed native archive	2026-09-08T15:06:36.0017332Z Compiling 13 files (.ex)
consumer (ubuntu-24.04, x86_64-linux-gnu)	Verify current package with exact reviewed native archive	2026-09-08T15:06:36.1901781Z 
consumer (ubuntu-24.04, x86_64-linux-gnu)	Verify current package with exact reviewed native archive	2026-09-08T15:06:36.1904120Z 15:06:36.189 [debug] skipping compile step for precompiled module Elixir.Aphid.Proof, at /home/runner/work/_temp/aphid-current-consumer/fresh/consumer/_build/prod/lib/aphid/priv/lib/Elixir.Aphid.Proof.so
consumer (ubuntu-24.04, x86_64-linux-gnu)	Verify current package with exact reviewed native archive	2026-09-08T15:06:36.1917945Z 
consumer (ubuntu-24.04, x86_64-linux-gnu)	Verify current package with exact reviewed native archive	2026-09-08T15:06:36.1919136Z 15:06:36.191 [debug] destination library path: /home/runner/work/_temp/aphid-current-consumer/fresh/consumer/_build/prod/lib/aphid/priv/lib/Elixir.Aphid.Proof.so
consumer (ubuntu-24.04, x86_64-linux-gnu)	Verify current package with exact reviewed native archive	2026-09-08T15:06:36.5329763Z 
consumer (ubuntu-24.04, x86_64-linux-gnu)	Verify current package with exact reviewed native archive	2026-09-08T15:06:36.5331479Z 15:06:36.532 [debug] skipping compile step for precompiled module Elixir.Aphid.Native, at /home/runner/work/_temp/aphid-current-consumer/fresh/consumer/_build/prod/lib/aphid/priv/lib/Elixir.Aphid.Native.so
consumer (ubuntu-24.04, x86_64-linux-gnu)	Verify current package with exact reviewed native archive	2026-09-08T15:06:36.5345087Z 
consumer (ubuntu-24.04, x86_64-linux-gnu)	Verify current package with exact reviewed native archive	2026-09-08T15:06:36.5346246Z 15:06:36.532 [debug] destination library path: /home/runner/work/_temp/aphid-current-consumer/fresh/consumer/_build/prod/lib/aphid/priv/lib/Elixir.Aphid.Native.so
consumer (ubuntu-24.04, x86_64-linux-gnu)	Verify current package with exact reviewed native archive	2026-09-08T15:06:37.3503142Z Generated aphid app
consumer (ubuntu-24.04, x86_64-linux-gnu)	Verify current package with exact reviewed native archive	2026-09-08T15:06:37.3824903Z {"command": ["sudo", "-E", "bwrap", "--die-with-parent", "--unshare-pid", "--ro-bind", "/", "/", "--dev", "/dev", "--proc", "/proc", "--bind", "/home/runner/work/_temp/aphid-current-consumer/fresh", "/home/runner/work/_temp/aphid-current-consumer/fresh", "--unshare-net", "--tmpfs", "/home/runner/work/Aphid/Aphid", "--tmpfs", "/home/runner/work/_temp/aphid-current-consumer/retained", "--ro-bind", "/dev/null", "/usr/bin/c89-gcc", "--ro-bind", "/dev/null", "/usr/bin/c99-gcc", "--ro-bind", "/dev/null", "/usr/bin/make", "--ro-bind", "/dev/null", "/usr/bin/x86_64-linux-gnu-as", "--ro-bind", "/dev/null", "/usr/bin/x86_64-linux-gnu-g++-12", "--ro-bind", "/dev/null", "/usr/bin/x86_64-linux-gnu-g++-13", "--ro-bind", "/dev/null", "/usr/bin/x86_64-linux-gnu-g++-14", "--ro-bind", "/dev/null", "/usr/bin/x86_64-linux-gnu-gcc-12", "--ro-bind", "/dev/null", "/usr/bin/x86_64-linux-gnu-gcc-13", "--ro-bind", "/dev/null", "/usr/bin/x86_64-linux-gnu-gcc-14", "--ro-bind", "/dev/null", "/usr/bin/x86_64-linux-gnu-ld.bfd", "--ro-bind", "/dev/null", "/usr/lib/llvm-16/bin/clang", "--ro-bind", "/dev/null", "/usr/lib/llvm-16/bin/lld", "--ro-bind", "/dev/null", "/usr/lib/llvm-16/bin/llvm-as", "--ro-bind", "/dev/null", "/usr/lib/llvm-17/bin/clang", "--ro-bind", "/dev/null", "/usr/lib/llvm-17/bin/lld", "--ro-bind", "/dev/null", "/usr/lib/llvm-17/bin/llvm-as", "--ro-bind", "/dev/null", "/usr/lib/llvm-18/bin/clang", "--ro-bind", "/dev/null", "/usr/lib/llvm-18/bin/lld", "--ro-bind", "/dev/null", "/usr/lib/llvm-18/bin/llvm-as", "--ro-bind", "/dev/null", "/usr/local/bin/cmake", "--ro-bind", "/dev/null", "/usr/local/bin/ninja", "--cap-add", "CAP_SETUID", "--cap-add", "CAP_SETGID", "--cap-add", "CAP_SETPCAP", "--clearenv", "--setenv", "LANG", "C.UTF-8", "--setenv", "HOME", "/home/runner/work/_temp/aphid-current-consumer/fresh/home", "--setenv", "PATH", "/home/runner/work/_temp/aphid-current-consumer/fresh/tools:/home/runner/work/_temp/.setup-beam/elixir/bin:/home/runner/work/_temp/.setup-beam/elixir/bin:/home/runner/work/_temp/.setup-beam/otp/bin:/usr/bin:/bin:/usr/sbin:/sbin", "--setenv", "MIX_HOME", "/home/runner/work/_temp/aphid-current-consumer/fresh/mix-home", "--setenv", "HEX_HOME", "/home/runner/work/_temp/aphid-current-consumer/fresh/hex-home", "--setenv", "MIX_ENV", "prod", "--setenv", "ZIG_EXECUTABLE_PATH", "/home/runner/work/_temp/aphid-current-consumer/fresh/tools/zig", "--setenv", "ZIG_GLOBAL_CACHE_DIR", "/home/runner/work/_temp/aphid-current-consumer/fresh/zig-cache", "--setenv", "ZIGLER_STAGING_ROOT", "/home/runner/work/_temp/aphid-current-consumer/fresh/staging", "--setenv", "ERL_FLAGS", "+S 1:1 +SDcpu 1:1", "--setenv", "APHID_INSTALL", "precompiled", "--setenv", "APHID_BUNDLE_ARCHIVE", "/home/runner/work/_temp/aphid-current-consumer/fresh/candidate.tar.gz", "--setenv", "APHID_BUNDLE_SHA256", "02cf205c2e3efe510ddd02440eec764c2f3406a6d591de8c65e4e304c45b4f9f", "--setenv", "TMPDIR", "/home/runner/work/_temp/aphid-current-consumer/fresh/tmp", "--", "/usr/bin/setpriv", "--reuid", "1001", "--regid", "1001", "--clear-groups", "--bounding-set=-all", "--no-new-privs", "--", "mix", "deps.compile"], "cwd": "/home/runner/work/_temp/aphid-current-consumer/fresh/consumer", "exit": 0, "seconds": 39.849}
consumer (ubuntu-24.04, x86_64-linux-gnu)	Verify current package with exact reviewed native archive	2026-09-08T15:06:39.6576801Z ==> aphid
consumer (ubuntu-24.04, x86_64-linux-gnu)	Verify current package with exact reviewed native archive	2026-09-08T15:06:39.6588756Z Aphid local bundle verified and installed: SHA256 02cf205c2e3efe510ddd02440eec764c2f3406a6d591de8c65e4e304c45b4f9f
consumer (ubuntu-24.04, x86_64-linux-gnu)	Verify current package with exact reviewed native archive	2026-09-08T15:06:40.1967845Z ==> aphid_consumer
consumer (ubuntu-24.04, x86_64-linux-gnu)	Verify current package with exact reviewed native archive	2026-09-08T15:06:40.1968751Z Generated aphid_consumer app
consumer (ubuntu-24.04, x86_64-linux-gnu)	Verify current package with exact reviewed native archive	2026-09-08T15:06:40.2538832Z {"command": ["sudo", "-E", "bwrap", "--die-with-parent", "--unshare-pid", "--ro-bind", "/", "/", "--dev", "/dev", "--proc", "/proc", "--bind", "/home/runner/work/_temp/aphid-current-consumer/fresh", "/home/runner/work/_temp/aphid-current-consumer/fresh", "--unshare-net", "--tmpfs", "/home/runner/work/Aphid/Aphid", "--tmpfs", "/home/runner/work/_temp/aphid-current-consumer/retained", "--ro-bind", "/dev/null", "/usr/bin/c89-gcc", "--ro-bind", "/dev/null", "/usr/bin/c99-gcc", "--ro-bind", "/dev/null", "/usr/bin/make", "--ro-bind", "/dev/null", "/usr/bin/x86_64-linux-gnu-as", "--ro-bind", "/dev/null", "/usr/bin/x86_64-linux-gnu-g++-12", "--ro-bind", "/dev/null", "/usr/bin/x86_64-linux-gnu-g++-13", "--ro-bind", "/dev/null", "/usr/bin/x86_64-linux-gnu-g++-14", "--ro-bind", "/dev/null", "/usr/bin/x86_64-linux-gnu-gcc-12", "--ro-bind", "/dev/null", "/usr/bin/x86_64-linux-gnu-gcc-13", "--ro-bind", "/dev/null", "/usr/bin/x86_64-linux-gnu-gcc-14", "--ro-bind", "/dev/null", "/usr/bin/x86_64-linux-gnu-ld.bfd", "--ro-bind", "/dev/null", "/usr/lib/llvm-16/bin/clang", "--ro-bind", "/dev/null", "/usr/lib/llvm-16/bin/lld", "--ro-bind", "/dev/null", "/usr/lib/llvm-16/bin/llvm-as", "--ro-bind", "/dev/null", "/usr/lib/llvm-17/bin/clang", "--ro-bind", "/dev/null", "/usr/lib/llvm-17/bin/lld", "--ro-bind", "/dev/null", "/usr/lib/llvm-17/bin/llvm-as", "--ro-bind", "/dev/null", "/usr/lib/llvm-18/bin/clang", "--ro-bind", "/dev/null", "/usr/lib/llvm-18/bin/lld", "--ro-bind", "/dev/null", "/usr/lib/llvm-18/bin/llvm-as", "--ro-bind", "/dev/null", "/usr/local/bin/cmake", "--ro-bind", "/dev/null", "/usr/local/bin/ninja", "--cap-add", "CAP_SETUID", "--cap-add", "CAP_SETGID", "--cap-add", "CAP_SETPCAP", "--clearenv", "--setenv", "LANG", "C.UTF-8", "--setenv", "HOME", "/home/runner/work/_temp/aphid-current-consumer/fresh/home", "--setenv", "PATH", "/home/runner/work/_temp/aphid-current-consumer/fresh/tools:/home/runner/work/_temp/.setup-beam/elixir/bin:/home/runner/work/_temp/.setup-beam/elixir/bin:/home/runner/work/_temp/.setup-beam/otp/bin:/usr/bin:/bin:/usr/sbin:/sbin", "--setenv", "MIX_HOME", "/home/runner/work/_temp/aphid-current-consumer/fresh/mix-home", "--setenv", "HEX_HOME", "/home/runner/work/_temp/aphid-current-consumer/fresh/hex-home", "--setenv", "MIX_ENV", "prod", "--setenv", "ZIG_EXECUTABLE_PATH", "/home/runner/work/_temp/aphid-current-consumer/fresh/tools/zig", "--setenv", "ZIG_GLOBAL_CACHE_DIR", "/home/runner/work/_temp/aphid-current-consumer/fresh/zig-cache", "--setenv", "ZIGLER_STAGING_ROOT", "/home/runner/work/_temp/aphid-current-consumer/fresh/staging", "--setenv", "ERL_FLAGS", "+S 1:1 +SDcpu 1:1", "--setenv", "APHID_INSTALL", "precompiled", "--setenv", "APHID_BUNDLE_ARCHIVE", "/home/runner/work/_temp/aphid-current-consumer/fresh/candidate.tar.gz", "--setenv", "APHID_BUNDLE_SHA256", "02cf205c2e3efe510ddd02440eec764c2f3406a6d591de8c65e4e304c45b4f9f", "--setenv", "TMPDIR", "/home/runner/work/_temp/aphid-current-consumer/fresh/tmp", "--", "/usr/bin/setpriv", "--reuid", "1001", "--regid", "1001", "--clear-groups", "--bounding-set=-all", "--no-new-privs", "--", "mix", "compile"], "cwd": "/home/runner/work/_temp/aphid-current-consumer/fresh/consumer", "exit": 0, "seconds": 2.871}
consumer (ubuntu-24.04, x86_64-linux-gnu)	Verify current package with exact reviewed native archive	2026-09-08T15:06:41.1336949Z runtime identity: {"1.20.0", ~c"29", ~c"2.18"}
consumer (ubuntu-24.04, x86_64-linux-gnu)	Verify current package with exact reviewed native archive	2026-09-08T15:06:43.2995593Z Running ExUnit with seed: 0, max_cases: 2
consumer (ubuntu-24.04, x86_64-linux-gnu)	Verify current package with exact reviewed native archive	2026-09-08T15:06:43.2996369Z 
consumer (ubuntu-24.04, x86_64-linux-gnu)	Verify current package with exact reviewed native archive	2026-09-08T15:06:49.9385074Z ...................Aphid basic example passed
consumer (ubuntu-24.04, x86_64-linux-gnu)	Verify current package with exact reviewed native archive	2026-09-08T15:06:49.9764523Z .Aphid transaction example passed
consumer (ubuntu-24.04, x86_64-linux-gnu)	Verify current package with exact reviewed native archive	2026-09-08T15:06:50.0024533Z .Aphid stream example passed
consumer (ubuntu-24.04, x86_64-linux-gnu)	Verify current package with exact reviewed native archive	2026-09-08T15:06:50.0765411Z .Aphid FTS example passed
consumer (ubuntu-24.04, x86_64-linux-gnu)	Verify current package with exact reviewed native archive	2026-09-08T15:06:50.1144682Z .Aphid vector example passed
consumer (ubuntu-24.04, x86_64-linux-gnu)	Verify current package with exact reviewed native archive	2026-09-08T15:06:50.2079042Z .Aphid DuckDB example passed
consumer (ubuntu-24.04, x86_64-linux-gnu)	Verify current package with exact reviewed native archive	2026-09-08T15:06:56.5465138Z .............stale-cancel race: 30 iterations; maximum cancel-to-idle 197000 us
consumer (ubuntu-24.04, x86_64-linux-gnu)	Verify current package with exact reviewed native archive	2026-09-08T15:07:01.0824909Z ........heartbeat: 11 samples; maximum gap 6 ms
consumer (ubuntu-24.04, x86_64-linux-gnu)	Verify current package with exact reviewed native archive	2026-09-08T15:07:01.1848399Z .
consumer (ubuntu-24.04, x86_64-linux-gnu)	Verify current package with exact reviewed native archive	2026-09-08T15:07:01.1850792Z 15:07:01.182 [error] Aphid artifact [unloadable]: /home/runner/work/_temp/aphid-current-consumer/fresh/consumer/_build/prod/lib/aphid/priv/lib/Elixir.Aphid.Native: {:upgrade, ~c"Library upgrade-call unsuccessful (-1)."}; use the matching complete bundle and runtime. No source fallback.
consumer (ubuntu-24.04, x86_64-linux-gnu)	Verify current package with exact reviewed native archive	2026-09-08T15:07:01.1883958Z 
consumer (ubuntu-24.04, x86_64-linux-gnu)	Verify current package with exact reviewed native archive	2026-09-08T15:07:01.1884618Z 15:07:01.185 [warning] The on_load function for module Elixir.Aphid.Native returned:
consumer (ubuntu-24.04, x86_64-linux-gnu)	Verify current package with exact reviewed native archive	2026-09-08T15:07:01.1885562Z {:error, {:upgrade, ~c"Library upgrade-call unsuccessful (-1)."}}
consumer (ubuntu-24.04, x86_64-linux-gnu)	Verify current package with exact reviewed native archive	2026-09-08T15:07:01.1886038Z 
consumer (ubuntu-24.04, x86_64-linux-gnu)	Verify current package with exact reviewed native archive	2026-09-08T15:07:03.8778390Z .....................................................
consumer (ubuntu-24.04, x86_64-linux-gnu)	Verify current package with exact reviewed native archive	2026-09-08T15:07:03.8804415Z Finished in 22.7 seconds (2.1s on load, 0.00s async, 20.5s sync)
consumer (ubuntu-24.04, x86_64-linux-gnu)	Verify current package with exact reviewed native archive	2026-09-08T15:07:03.8805099Z 
consumer (ubuntu-24.04, x86_64-linux-gnu)	Verify current package with exact reviewed native archive	2026-09-08T15:07:03.8805394Z Result: 99 passed
consumer (ubuntu-24.04, x86_64-linux-gnu)	Verify current package with exact reviewed native archive	2026-09-08T15:07:03.8987170Z {"command": ["sudo", "-E", "bwrap", "--die-with-parent", "--unshare-pid", "--ro-bind", "/", "/", "--dev", "/dev", "--proc", "/proc", "--bind", "/home/runner/work/_temp/aphid-current-consumer/fresh", "/home/runner/work/_temp/aphid-current-consumer/fresh", "--unshare-net", "--tmpfs", "/home/runner/work/Aphid/Aphid", "--tmpfs", "/home/runner/work/_temp/aphid-current-consumer/retained", "--ro-bind", "/dev/null", "/usr/bin/c89-gcc", "--ro-bind", "/dev/null", "/usr/bin/c99-gcc", "--ro-bind", "/dev/null", "/usr/bin/make", "--ro-bind", "/dev/null", "/usr/bin/x86_64-linux-gnu-as", "--ro-bind", "/dev/null", "/usr/bin/x86_64-linux-gnu-g++-12", "--ro-bind", "/dev/null", "/usr/bin/x86_64-linux-gnu-g++-13", "--ro-bind", "/dev/null", "/usr/bin/x86_64-linux-gnu-g++-14", "--ro-bind", "/dev/null", "/usr/bin/x86_64-linux-gnu-gcc-12", "--ro-bind", "/dev/null", "/usr/bin/x86_64-linux-gnu-gcc-13", "--ro-bind", "/dev/null", "/usr/bin/x86_64-linux-gnu-gcc-14", "--ro-bind", "/dev/null", "/usr/bin/x86_64-linux-gnu-ld.bfd", "--ro-bind", "/dev/null", "/usr/lib/llvm-16/bin/clang", "--ro-bind", "/dev/null", "/usr/lib/llvm-16/bin/lld", "--ro-bind", "/dev/null", "/usr/lib/llvm-16/bin/llvm-as", "--ro-bind", "/dev/null", "/usr/lib/llvm-17/bin/clang", "--ro-bind", "/dev/null", "/usr/lib/llvm-17/bin/lld", "--ro-bind", "/dev/null", "/usr/lib/llvm-17/bin/llvm-as", "--ro-bind", "/dev/null", "/usr/lib/llvm-18/bin/clang", "--ro-bind", "/dev/null", "/usr/lib/llvm-18/bin/lld", "--ro-bind", "/dev/null", "/usr/lib/llvm-18/bin/llvm-as", "--ro-bind", "/dev/null", "/usr/local/bin/cmake", "--ro-bind", "/dev/null", "/usr/local/bin/ninja", "--cap-add", "CAP_SETUID", "--cap-add", "CAP_SETGID", "--cap-add", "CAP_SETPCAP", "--clearenv", "--setenv", "LANG", "C.UTF-8", "--setenv", "HOME", "/home/runner/work/_temp/aphid-current-consumer/fresh/home", "--setenv", "PATH", "/home/runner/work/_temp/aphid-current-consumer/fresh/tools:/home/runner/work/_temp/.setup-beam/elixir/bin:/home/runner/work/_temp/.setup-beam/elixir/bin:/home/runner/work/_temp/.setup-beam/otp/bin:/usr/bin:/bin:/usr/sbin:/sbin", "--setenv", "MIX_HOME", "/home/runner/work/_temp/aphid-current-consumer/fresh/mix-home", "--setenv", "HEX_HOME", "/home/runner/work/_temp/aphid-current-consumer/fresh/hex-home", "--setenv", "MIX_ENV", "prod", "--setenv", "ZIG_EXECUTABLE_PATH", "/home/runner/work/_temp/aphid-current-consumer/fresh/tools/zig", "--setenv", "ZIG_GLOBAL_CACHE_DIR", "/home/runner/work/_temp/aphid-current-consumer/fresh/zig-cache", "--setenv", "ZIGLER_STAGING_ROOT", "/home/runner/work/_temp/aphid-current-consumer/fresh/staging", "--setenv", "ERL_FLAGS", "+S 1:1 +SDcpu 1:1", "--setenv", "TMPDIR", "/home/runner/work/_temp/aphid-current-consumer/fresh/tmp", "--", "/usr/bin/setpriv", "--reuid", "1001", "--regid", "1001", "--clear-groups", "--bounding-set=-all", "--no-new-privs", "--", "mix", "run", "--no-compile", "check.exs"], "cwd": "/home/runner/work/_temp/aphid-current-consumer/fresh/consumer", "exit": 0, "seconds": 23.616}
consumer (ubuntu-24.04, x86_64-linux-gnu)	Verify current package with exact reviewed native archive	2026-09-08T15:07:04.0830101Z Installed license hashes, including source-package supplement: a9380f27e98b9ee7180560a31c99994cdfcbb2b8efae4b526e5225b14c56e992
consumer (ubuntu-24.04, x86_64-linux-gnu)	Verify current package with exact reviewed native archive	2026-09-08T15:07:04.0831411Z fresh Mix consumer passed; native files unchanged; no native compiler invocation
consumer (ubuntu-24.04, x86_64-linux-gnu)	Verify current package with exact reviewed native archive	2026-09-08T15:07:04.1244658Z {"command": ["/opt/hostedtoolcache/Python/3.14.7/x64/bin/python3", "scripts/precompiled_consumer.py", "--archive", "/home/runner/work/_temp/aphid-current-consumer/retained/aphid-linux-distribution/packaged/aphid-0.1.1-dev-x86_64-linux-gnu.tar.gz", "--sha256", "02cf205c2e3efe510ddd02440eec764c2f3406a6d591de8c65e4e304c45b4f9f", "--package", "/home/runner/work/_temp/aphid-current-consumer/aphid-0.1.1-dev-combined.tar", "--package-sha256", "9faa9af3eb1c826446b0bf9473e94632e4fbb9fcb6bfc9d85bae1a90862f2448", "--destination", "/home/runner/work/_temp/aphid-current-consumer/fresh", "--hex-dependencies", "--hide-build", "/home/runner/work/_temp/aphid-current-consumer/retained"], "cwd": "/home/runner/work/Aphid/Aphid", "exit": 0, "seconds": 70.27}
consumer (ubuntu-24.04, x86_64-linux-gnu)	Verify current package with exact reviewed native archive	2026-09-08T15:07:04.1999007Z CASE missing
consumer (ubuntu-24.04, x86_64-linux-gnu)	Verify current package with exact reviewed native archive	2026-09-08T15:07:04.7299675Z Aphid artifact [missing]: set APHID_BUNDLE_ARCHIVE to an existing local .tar.gz. No source fallback.
consumer (ubuntu-24.04, x86_64-linux-gnu)	Verify current package with exact reviewed native archive	2026-09-08T15:07:04.7657792Z {"command": ["elixir", "/home/runner/work/_temp/aphid-current-consumer/failures/reject.exs"], "cwd": "/home/runner/work/_temp/aphid-current-consumer/failures", "exit": 0, "seconds": 0.566}
consumer (ubuntu-24.04, x86_64-linux-gnu)	Verify current package with exact reviewed native archive	2026-09-08T15:07:04.7660572Z CASE missing-pin
consumer (ubuntu-24.04, x86_64-linux-gnu)	Verify current package with exact reviewed native archive	2026-09-08T15:07:05.3083317Z Aphid artifact [corrupt]: set APHID_BUNDLE_SHA256 to an independently trusted 64-digit SHA256. No source fallback.
consumer (ubuntu-24.04, x86_64-linux-gnu)	Verify current package with exact reviewed native archive	2026-09-08T15:07:05.3315493Z {"command": ["elixir", "/home/runner/work/_temp/aphid-current-consumer/failures/reject.exs"], "cwd": "/home/runner/work/_temp/aphid-current-consumer/failures", "exit": 0, "seconds": 0.565}
consumer (ubuntu-24.04, x86_64-linux-gnu)	Verify current package with exact reviewed native archive	2026-09-08T15:07:05.3317319Z CASE checksum
consumer (ubuntu-24.04, x86_64-linux-gnu)	Verify current package with exact reviewed native archive	2026-09-08T15:07:05.8853964Z Aphid artifact [corrupt]: archive SHA256 mismatch; obtain the pinned archive again. No source fallback.
consumer (ubuntu-24.04, x86_64-linux-gnu)	Verify current package with exact reviewed native archive	2026-09-08T15:07:05.8972239Z {"command": ["elixir", "/home/runner/work/_temp/aphid-current-consumer/failures/reject.exs"], "cwd": "/home/runner/work/_temp/aphid-current-consumer/failures", "exit": 0, "seconds": 0.565}
consumer (ubuntu-24.04, x86_64-linux-gnu)	Verify current package with exact reviewed native archive	2026-09-08T15:07:05.8974870Z CASE target
consumer (ubuntu-24.04, x86_64-linux-gnu)	Verify current package with exact reviewed native archive	2026-09-08T15:07:06.4563436Z Aphid artifact [unsupported-target]: the artifact does not match this operating system. No source fallback.
consumer (ubuntu-24.04, x86_64-linux-gnu)	Verify current package with exact reviewed native archive	2026-09-08T15:07:06.5130954Z {"command": ["elixir", "/home/runner/work/_temp/aphid-current-consumer/failures/reject.exs"], "cwd": "/home/runner/work/_temp/aphid-current-consumer/failures", "exit": 0, "seconds": 0.615}
consumer (ubuntu-24.04, x86_64-linux-gnu)	Verify current package with exact reviewed native archive	2026-09-08T15:07:06.5133124Z CASE engine
consumer (ubuntu-24.04, x86_64-linux-gnu)	Verify current package with exact reviewed native archive	2026-09-08T15:07:07.0767038Z Aphid artifact [incompatible-engine]: native lock differs; obtain the bundle for this Aphid source package. No source fallback.
consumer (ubuntu-24.04, x86_64-linux-gnu)	Verify current package with exact reviewed native archive	2026-09-08T15:07:07.1289076Z {"command": ["elixir", "/home/runner/work/_temp/aphid-current-consumer/failures/reject.exs"], "cwd": "/home/runner/work/_temp/aphid-current-consumer/failures", "exit": 0, "seconds": 0.615}
consumer (ubuntu-24.04, x86_64-linux-gnu)	Verify current package with exact reviewed native archive	2026-09-08T15:07:07.1291732Z CASE manifest
consumer (ubuntu-24.04, x86_64-linux-gnu)	Verify current package with exact reviewed native archive	2026-09-08T15:07:07.6934641Z Aphid artifact [corrupt]: content manifest mismatch; obtain the pinned archive again. No source fallback.
consumer (ubuntu-24.04, x86_64-linux-gnu)	Verify current package with exact reviewed native archive	2026-09-08T15:07:07.7450968Z {"command": ["elixir", "/home/runner/work/_temp/aphid-current-consumer/failures/reject.exs"], "cwd": "/home/runner/work/_temp/aphid-current-consumer/failures", "exit": 0, "seconds": 0.615}
consumer (ubuntu-24.04, x86_64-linux-gnu)	Verify current package with exact reviewed native archive	2026-09-08T15:07:07.7453019Z CASE missing-sidecar
consumer (ubuntu-24.04, x86_64-linux-gnu)	Verify current package with exact reviewed native archive	2026-09-08T15:07:08.3208727Z Aphid artifact [missing]: bundle lacks liblbug.so; obtain the complete matching bundle. No source fallback.
consumer (ubuntu-24.04, x86_64-linux-gnu)	Verify current package with exact reviewed native archive	2026-09-08T15:07:08.3606243Z {"command": ["elixir", "/home/runner/work/_temp/aphid-current-consumer/failures/reject.exs"], "cwd": "/home/runner/work/_temp/aphid-current-consumer/failures", "exit": 0, "seconds": 0.615}
consumer (ubuntu-24.04, x86_64-linux-gnu)	Verify current package with exact reviewed native archive	2026-09-08T15:07:08.3608744Z CASE architecture
consumer (ubuntu-24.04, x86_64-linux-gnu)	Verify current package with exact reviewed native archive	2026-09-08T15:07:08.9105351Z Aphid artifact [wrong-architecture]: Elixir.Aphid.Native.so has the wrong ELF machine architecture. No source fallback.
consumer (ubuntu-24.04, x86_64-linux-gnu)	Verify current package with exact reviewed native archive	2026-09-08T15:07:08.9263260Z {"command": ["elixir", "/home/runner/work/_temp/aphid-current-consumer/failures/reject.exs"], "cwd": "/home/runner/work/_temp/aphid-current-consumer/failures", "exit": 0, "seconds": 0.565}
consumer (ubuntu-24.04, x86_64-linux-gnu)	Verify current package with exact reviewed native archive	2026-09-08T15:07:08.9265150Z CASE unloadable-header
consumer (ubuntu-24.04, x86_64-linux-gnu)	Verify current package with exact reviewed native archive	2026-09-08T15:07:09.4976409Z Aphid artifact [unloadable]: Elixir.Aphid.Native.so is not a native shared library for this target; obtain a valid bundle. No source fallback.
consumer (ubuntu-24.04, x86_64-linux-gnu)	Verify current package with exact reviewed native archive	2026-09-08T15:07:09.5430059Z {"command": ["elixir", "/home/runner/work/_temp/aphid-current-consumer/failures/reject.exs"], "cwd": "/home/runner/work/_temp/aphid-current-consumer/failures", "exit": 0, "seconds": 0.616}
consumer (ubuntu-24.04, x86_64-linux-gnu)	Verify current package with exact reviewed native archive	2026-09-08T15:07:09.5432232Z CASE native-fingerprint
consumer (ubuntu-24.04, x86_64-linux-gnu)	Verify current package with exact reviewed native archive	2026-09-08T15:07:10.0904916Z Aphid artifact [incompatible-engine]: native fingerprint differs from this package's reviewed local-bundle.json; use the matching candidate. No source fallback.
consumer (ubuntu-24.04, x86_64-linux-gnu)	Verify current package with exact reviewed native archive	2026-09-08T15:07:10.1086505Z {"command": ["elixir", "/home/runner/work/_temp/aphid-current-consumer/failures/reject.exs"], "cwd": "/home/runner/work/_temp/aphid-current-consumer/failures", "exit": 0, "seconds": 0.565}
consumer (ubuntu-24.04, x86_64-linux-gnu)	Verify current package with exact reviewed native archive	2026-09-08T15:07:10.1099616Z CASE lost-selection
consumer (ubuntu-24.04, x86_64-linux-gnu)	Verify current package with exact reviewed native archive	2026-09-08T15:07:10.6609489Z Aphid artifact [missing]: this development version has no authorized default delivery; select a pinned archive or HTTPS URL, or set APHID_INSTALL=source with its build prerequisites. No source fallback.
consumer (ubuntu-24.04, x86_64-linux-gnu)	Verify current package with exact reviewed native archive	2026-09-08T15:07:10.6754346Z {"command": ["elixir", "/home/runner/work/_temp/aphid-current-consumer/failures/reject.exs"], "cwd": "/home/runner/work/_temp/aphid-current-consumer/failures", "exit": 0, "seconds": 0.565}
consumer (ubuntu-24.04, x86_64-linux-gnu)	Verify current package with exact reviewed native archive	2026-09-08T15:07:10.6756552Z CASE force-source
consumer (ubuntu-24.04, x86_64-linux-gnu)	Verify current package with exact reviewed native archive	2026-09-08T15:07:11.2260641Z Aphid artifact [selection]: unset ZIGLER_PRECOMPILE_FORCE_RECOMPILE; local bundle mode never falls back to source. No source fallback.
consumer (ubuntu-24.04, x86_64-linux-gnu)	Verify current package with exact reviewed native archive	2026-09-08T15:07:11.2412138Z {"command": ["elixir", "/home/runner/work/_temp/aphid-current-consumer/failures/reject.exs"], "cwd": "/home/runner/work/_temp/aphid-current-consumer/failures", "exit": 0, "seconds": 0.565}
consumer (ubuntu-24.04, x86_64-linux-gnu)	Verify current package with exact reviewed native archive	2026-09-08T15:07:11.2414791Z CASE conflicting-source
consumer (ubuntu-24.04, x86_64-linux-gnu)	Verify current package with exact reviewed native archive	2026-09-08T15:07:11.7798528Z Aphid artifact [selection]: use APHID_INSTALL=precompiled with archive or HTTPS URL and SHA256, or explicit source without bundle inputs. No source fallback.
consumer (ubuntu-24.04, x86_64-linux-gnu)	Verify current package with exact reviewed native archive	2026-09-08T15:07:11.8070425Z {"command": ["elixir", "/home/runner/work/_temp/aphid-current-consumer/failures/reject.exs"], "cwd": "/home/runner/work/_temp/aphid-current-consumer/failures", "exit": 0, "seconds": 0.565}
consumer (ubuntu-24.04, x86_64-linux-gnu)	Verify current package with exact reviewed native archive	2026-09-08T15:07:11.8072279Z CASE invalid-tar
consumer (ubuntu-24.04, x86_64-linux-gnu)	Verify current package with exact reviewed native archive	2026-09-08T15:07:12.3720223Z Aphid artifact [corrupt]: invalid tar archive: :eof. No source fallback.
consumer (ubuntu-24.04, x86_64-linux-gnu)	Verify current package with exact reviewed native archive	2026-09-08T15:07:12.4227899Z {"command": ["elixir", "/home/runner/work/_temp/aphid-current-consumer/failures/reject.exs"], "cwd": "/home/runner/work/_temp/aphid-current-consumer/failures", "exit": 0, "seconds": 0.615}
consumer (ubuntu-24.04, x86_64-linux-gnu)	Verify current package with exact reviewed native archive	2026-09-08T15:07:12.4230734Z CASE traversal
consumer (ubuntu-24.04, x86_64-linux-gnu)	Verify current package with exact reviewed native archive	2026-09-08T15:07:12.9824367Z Aphid artifact [unsafe]: archive contains a link, special file or unsafe path: "../escape". No source fallback.
consumer (ubuntu-24.04, x86_64-linux-gnu)	Verify current package with exact reviewed native archive	2026-09-08T15:07:13.0387920Z {"command": ["elixir", "/home/runner/work/_temp/aphid-current-consumer/failures/reject.exs"], "cwd": "/home/runner/work/_temp/aphid-current-consumer/failures", "exit": 0, "seconds": 0.616}
consumer (ubuntu-24.04, x86_64-linux-gnu)	Verify current package with exact reviewed native archive	2026-09-08T15:07:13.0390733Z CASE absolute
consumer (ubuntu-24.04, x86_64-linux-gnu)	Verify current package with exact reviewed native archive	2026-09-08T15:07:13.6117918Z Aphid artifact [unsafe]: archive contains a link, special file or unsafe path: "/tmp/aphid-escape". No source fallback.
consumer (ubuntu-24.04, x86_64-linux-gnu)	Verify current package with exact reviewed native archive	2026-09-08T15:07:13.6547313Z {"command": ["elixir", "/home/runner/work/_temp/aphid-current-consumer/failures/reject.exs"], "cwd": "/home/runner/work/_temp/aphid-current-consumer/failures", "exit": 0, "seconds": 0.615}
consumer (ubuntu-24.04, x86_64-linux-gnu)	Verify current package with exact reviewed native archive	2026-09-08T15:07:13.6549673Z CASE duplicate
consumer (ubuntu-24.04, x86_64-linux-gnu)	Verify current package with exact reviewed native archive	2026-09-08T15:07:14.2263541Z Aphid artifact [unsafe]: duplicate or case-colliding archive member. No source fallback.
consumer (ubuntu-24.04, x86_64-linux-gnu)	Verify current package with exact reviewed native archive	2026-09-08T15:07:14.2705717Z {"command": ["elixir", "/home/runner/work/_temp/aphid-current-consumer/failures/reject.exs"], "cwd": "/home/runner/work/_temp/aphid-current-consumer/failures", "exit": 0, "seconds": 0.615}
consumer (ubuntu-24.04, x86_64-linux-gnu)	Verify current package with exact reviewed native archive	2026-09-08T15:07:14.2708711Z CASE case-collision
consumer (ubuntu-24.04, x86_64-linux-gnu)	Verify current package with exact reviewed native archive	2026-09-08T15:07:14.8326634Z Aphid artifact [unsafe]: duplicate or case-colliding archive member. No source fallback.
consumer (ubuntu-24.04, x86_64-linux-gnu)	Verify current package with exact reviewed native archive	2026-09-08T15:07:14.8864296Z {"command": ["elixir", "/home/runner/work/_temp/aphid-current-consumer/failures/reject.exs"], "cwd": "/home/runner/work/_temp/aphid-current-consumer/failures", "exit": 0, "seconds": 0.615}
consumer (ubuntu-24.04, x86_64-linux-gnu)	Verify current package with exact reviewed native archive	2026-09-08T15:07:14.8866681Z CASE file-directory
consumer (ubuntu-24.04, x86_64-linux-gnu)	Verify current package with exact reviewed native archive	2026-09-08T15:07:15.4647767Z Aphid artifact [unsafe]: archive file is also used as a directory. No source fallback.
consumer (ubuntu-24.04, x86_64-linux-gnu)	Verify current package with exact reviewed native archive	2026-09-08T15:07:15.5028866Z {"command": ["elixir", "/home/runner/work/_temp/aphid-current-consumer/failures/reject.exs"], "cwd": "/home/runner/work/_temp/aphid-current-consumer/failures", "exit": 0, "seconds": 0.616}
consumer (ubuntu-24.04, x86_64-linux-gnu)	Verify current package with exact reviewed native archive	2026-09-08T15:07:15.5033855Z CASE dot-path
consumer (ubuntu-24.04, x86_64-linux-gnu)	Verify current package with exact reviewed native archive	2026-09-08T15:07:16.0710794Z Aphid artifact [unsafe]: archive contains a link, special file or unsafe path: "./escape". No source fallback.
consumer (ubuntu-24.04, x86_64-linux-gnu)	Verify current package with exact reviewed native archive	2026-09-08T15:07:16.1187154Z {"command": ["elixir", "/home/runner/work/_temp/aphid-current-consumer/failures/reject.exs"], "cwd": "/home/runner/work/_temp/aphid-current-consumer/failures", "exit": 0, "seconds": 0.615}
consumer (ubuntu-24.04, x86_64-linux-gnu)	Verify current package with exact reviewed native archive	2026-09-08T15:07:16.1189043Z CASE symlink
consumer (ubuntu-24.04, x86_64-linux-gnu)	Verify current package with exact reviewed native archive	2026-09-08T15:07:16.6812115Z Aphid artifact [unsafe]: archive contains a link, special file or unsafe path: "link". No source fallback.
consumer (ubuntu-24.04, x86_64-linux-gnu)	Verify current package with exact reviewed native archive	2026-09-08T15:07:16.7345673Z {"command": ["elixir", "/home/runner/work/_temp/aphid-current-consumer/failures/reject.exs"], "cwd": "/home/runner/work/_temp/aphid-current-consumer/failures", "exit": 0, "seconds": 0.615}
consumer (ubuntu-24.04, x86_64-linux-gnu)	Verify current package with exact reviewed native archive	2026-09-08T15:07:16.7348681Z CASE hardlink
consumer (ubuntu-24.04, x86_64-linux-gnu)	Verify current package with exact reviewed native archive	2026-09-08T15:07:17.3067114Z Aphid artifact [unsafe]: archive contains a link, special file or unsafe path: "hard". No source fallback.
consumer (ubuntu-24.04, x86_64-linux-gnu)	Verify current package with exact reviewed native archive	2026-09-08T15:07:17.3506904Z {"command": ["elixir", "/home/runner/work/_temp/aphid-current-consumer/failures/reject.exs"], "cwd": "/home/runner/work/_temp/aphid-current-consumer/failures", "exit": 0, "seconds": 0.616}
consumer (ubuntu-24.04, x86_64-linux-gnu)	Verify current package with exact reviewed native archive	2026-09-08T15:07:17.3508790Z CASE fifo
consumer (ubuntu-24.04, x86_64-linux-gnu)	Verify current package with exact reviewed native archive	2026-09-08T15:07:17.9071219Z Aphid artifact [unsafe]: archive contains a link, special file or unsafe path: "fifo". No source fallback.
consumer (ubuntu-24.04, x86_64-linux-gnu)	Verify current package with exact reviewed native archive	2026-09-08T15:07:17.9162478Z {"command": ["elixir", "/home/runner/work/_temp/aphid-current-consumer/failures/reject.exs"], "cwd": "/home/runner/work/_temp/aphid-current-consumer/failures", "exit": 0, "seconds": 0.565}
consumer (ubuntu-24.04, x86_64-linux-gnu)	Verify current package with exact reviewed native archive	2026-09-08T15:07:17.9219759Z NOTICE FIXTURE missing-source-notices
consumer (ubuntu-24.04, x86_64-linux-gnu)	Verify current package with exact reviewed native archive	2026-09-08T15:07:18.4785077Z Aphid artifact [missing]: source package lacks THIRD_PARTY_NOTICES.txt; obtain the complete source package. No source fallback.
consumer (ubuntu-24.04, x86_64-linux-gnu)	Verify current package with exact reviewed native archive	2026-09-08T15:07:18.4874862Z {"command": ["elixir", "/home/runner/work/_temp/aphid-current-consumer/failures/reject.exs"], "cwd": "/home/runner/work/_temp/aphid-current-consumer/failures", "exit": 0, "seconds": 0.565}
consumer (ubuntu-24.04, x86_64-linux-gnu)	Verify current package with exact reviewed native archive	2026-09-08T15:07:18.4879338Z NOTICE FIXTURE notice-collision-0
consumer (ubuntu-24.04, x86_64-linux-gnu)	Verify current package with exact reviewed native archive	2026-09-08T15:07:19.0572901Z Aphid artifact [corrupt]: archive collides with the source-package notice supplement. No source fallback.
consumer (ubuntu-24.04, x86_64-linux-gnu)	Verify current package with exact reviewed native archive	2026-09-08T15:07:19.1037460Z {"command": ["elixir", "/home/runner/work/_temp/aphid-current-consumer/failures/reject.exs"], "cwd": "/home/runner/work/_temp/aphid-current-consumer/failures", "exit": 0, "seconds": 0.615}
consumer (ubuntu-24.04, x86_64-linux-gnu)	Verify current package with exact reviewed native archive	2026-09-08T15:07:19.1042458Z NOTICE FIXTURE notice-collision-1
consumer (ubuntu-24.04, x86_64-linux-gnu)	Verify current package with exact reviewed native archive	2026-09-08T15:07:19.6705720Z Aphid artifact [corrupt]: archive collides with the source-package notice supplement. No source fallback.
consumer (ubuntu-24.04, x86_64-linux-gnu)	Verify current package with exact reviewed native archive	2026-09-08T15:07:19.7199269Z {"command": ["elixir", "/home/runner/work/_temp/aphid-current-consumer/failures/reject.exs"], "cwd": "/home/runner/work/_temp/aphid-current-consumer/failures", "exit": 0, "seconds": 0.615}
consumer (ubuntu-24.04, x86_64-linux-gnu)	Verify current package with exact reviewed native archive	2026-09-08T15:07:19.7204014Z NOTICE FIXTURE notice-collision-2
consumer (ubuntu-24.04, x86_64-linux-gnu)	Verify current package with exact reviewed native archive	2026-09-08T15:07:20.2771363Z Aphid artifact [corrupt]: archive collides with the source-package notice supplement. No source fallback.
consumer (ubuntu-24.04, x86_64-linux-gnu)	Verify current package with exact reviewed native archive	2026-09-08T15:07:20.3358992Z {"command": ["elixir", "/home/runner/work/_temp/aphid-current-consumer/failures/reject.exs"], "cwd": "/home/runner/work/_temp/aphid-current-consumer/failures", "exit": 0, "seconds": 0.615}
consumer (ubuntu-24.04, x86_64-linux-gnu)	Verify current package with exact reviewed native archive	2026-09-08T15:07:22.5982165Z Aphid local bundle verified and installed: SHA256 02cf205c2e3efe510ddd02440eec764c2f3406a6d591de8c65e4e304c45b4f9f
consumer (ubuntu-24.04, x86_64-linux-gnu)	Verify current package with exact reviewed native archive	2026-09-08T15:07:22.5984828Z Semantically identical reordered receipt accepted without replacement
consumer (ubuntu-24.04, x86_64-linux-gnu)	Verify current package with exact reviewed native archive	2026-09-08T15:07:24.1430151Z notice rejection detail: Aphid artifact [missing]: installed licenses/aphid-supplemental.txt is absent; use an empty MIX_BUILD_PATH. No source fallback.
consumer (ubuntu-24.04, x86_64-linux-gnu)	Verify current package with exact reviewed native archive	2026-09-08T15:07:25.6988787Z expected notice rejection: licenses/aphid-supplemental.txt: missing
consumer (ubuntu-24.04, x86_64-linux-gnu)	Verify current package with exact reviewed native archive	2026-09-08T15:07:25.6990651Z notice rejection detail: Aphid artifact [corrupt]: installed licenses/aphid-supplemental.txt changed; use an empty MIX_BUILD_PATH. No source fallback.
consumer (ubuntu-24.04, x86_64-linux-gnu)	Verify current package with exact reviewed native archive	2026-09-08T15:07:25.6992443Z expected notice rejection: licenses/aphid-supplemental.txt: corrupt
consumer (ubuntu-24.04, x86_64-linux-gnu)	Verify current package with exact reviewed native archive	2026-09-08T15:07:27.2265988Z notice rejection detail: Aphid artifact [missing]: installed licenses/duckdb/third_party/snowball/LICENSE is absent; use an empty MIX_BUILD_PATH. No source fallback.
consumer (ubuntu-24.04, x86_64-linux-gnu)	Verify current package with exact reviewed native archive	2026-09-08T15:07:27.2268001Z expected notice rejection: licenses/duckdb/third_party/snowball/LICENSE: missing
consumer (ubuntu-24.04, x86_64-linux-gnu)	Verify current package with exact reviewed native archive	2026-09-08T15:07:28.7461977Z notice rejection detail: Aphid artifact [corrupt]: installed licenses/duckdb/third_party/snowball/LICENSE changed; use an empty MIX_BUILD_PATH. No source fallback.
consumer (ubuntu-24.04, x86_64-linux-gnu)	Verify current package with exact reviewed native archive	2026-09-08T15:07:28.7464045Z expected notice rejection: licenses/duckdb/third_party/snowball/LICENSE: corrupt
consumer (ubuntu-24.04, x86_64-linux-gnu)	Verify current package with exact reviewed native archive	2026-09-08T15:07:30.3876733Z Aphid local bundle verified and installed: SHA256 02cf205c2e3efe510ddd02440eec764c2f3406a6d591de8c65e4e304c45b4f9f
consumer (ubuntu-24.04, x86_64-linux-gnu)	Verify current package with exact reviewed native archive	2026-09-08T15:07:30.3878714Z Shipped notice restoration and repeat installation passed without native module load
consumer (ubuntu-24.04, x86_64-linux-gnu)	Verify current package with exact reviewed native archive	2026-09-08T15:07:30.4129165Z {"command": ["elixir", "/home/runner/work/_temp/aphid-current-consumer/failures/notices.exs", "/home/runner/work/_temp/aphid-current-consumer/fresh/candidate-retained.tar.gz", "02cf205c2e3efe510ddd02440eec764c2f3406a6d591de8c65e4e304c45b4f9f", "/home/runner/work/_temp/aphid-current-consumer/fresh/consumer/_build/prod/lib/aphid/priv"], "cwd": "/home/runner/work/_temp/aphid-current-consumer/failures", "exit": 0, "seconds": 10.037}
consumer (ubuntu-24.04, x86_64-linux-gnu)	Verify current package with exact reviewed native archive	2026-09-08T15:07:30.4719439Z REAL LOADER missing
consumer (ubuntu-24.04, x86_64-linux-gnu)	Verify current package with exact reviewed native archive	2026-09-08T15:07:30.8591028Z 
consumer (ubuntu-24.04, x86_64-linux-gnu)	Verify current package with exact reviewed native archive	2026-09-08T15:07:30.8593027Z 15:07:30.856 [error] Aphid artifact [missing]: /home/runner/work/_temp/aphid-current-consumer/failures/load-missing/aphid/priv/lib/liblbug.so; reinstall the complete pinned bundle. No source fallback.
consumer (ubuntu-24.04, x86_64-linux-gnu)	Verify current package with exact reviewed native archive	2026-09-08T15:07:30.8606316Z real loader rejected artifact: Elixir.Aphid.Native
consumer (ubuntu-24.04, x86_64-linux-gnu)	Verify current package with exact reviewed native archive	2026-09-08T15:07:30.8712145Z 
consumer (ubuntu-24.04, x86_64-linux-gnu)	Verify current package with exact reviewed native archive	2026-09-08T15:07:30.8712971Z 15:07:30.860 [warning] The on_load function for module Elixir.Aphid.Native returned:
consumer (ubuntu-24.04, x86_64-linux-gnu)	Verify current package with exact reviewed native archive	2026-09-08T15:07:30.8713862Z {:error,
consumer (ubuntu-24.04, x86_64-linux-gnu)	Verify current package with exact reviewed native archive	2026-09-08T15:07:30.8714196Z  {:missing,
consumer (ubuntu-24.04, x86_64-linux-gnu)	Verify current package with exact reviewed native archive	2026-09-08T15:07:30.8714955Z   "/home/runner/work/_temp/aphid-current-consumer/failures/load-missing/aphid/priv/lib/liblbug.so"}}
consumer (ubuntu-24.04, x86_64-linux-gnu)	Verify current package with exact reviewed native archive	2026-09-08T15:07:30.8715536Z 
consumer (ubuntu-24.04, x86_64-linux-gnu)	Verify current package with exact reviewed native archive	2026-09-08T15:07:30.8810510Z 
consumer (ubuntu-24.04, x86_64-linux-gnu)	Verify current package with exact reviewed native archive	2026-09-08T15:07:30.8811991Z 15:07:30.880 [error] Aphid artifact [missing]: /home/runner/work/_temp/aphid-current-consumer/failures/load-missing/aphid/priv/lib/liblbug.so; reinstall the complete pinned bundle. No source fallback.
consumer (ubuntu-24.04, x86_64-linux-gnu)	Verify current package with exact reviewed native archive	2026-09-08T15:07:30.8824997Z real loader rejected artifact: Elixir.Aphid.Proof
consumer (ubuntu-24.04, x86_64-linux-gnu)	Verify current package with exact reviewed native archive	2026-09-08T15:07:30.8826267Z 
consumer (ubuntu-24.04, x86_64-linux-gnu)	Verify current package with exact reviewed native archive	2026-09-08T15:07:30.8826758Z 15:07:30.882 [warning] The on_load function for module Elixir.Aphid.Proof returned:
consumer (ubuntu-24.04, x86_64-linux-gnu)	Verify current package with exact reviewed native archive	2026-09-08T15:07:30.8827482Z {:error,
consumer (ubuntu-24.04, x86_64-linux-gnu)	Verify current package with exact reviewed native archive	2026-09-08T15:07:30.8827827Z  {:missing,
consumer (ubuntu-24.04, x86_64-linux-gnu)	Verify current package with exact reviewed native archive	2026-09-08T15:07:30.8828915Z   "/home/runner/work/_temp/aphid-current-consumer/failures/load-missing/aphid/priv/lib/liblbug.so"}}
consumer (ubuntu-24.04, x86_64-linux-gnu)	Verify current package with exact reviewed native archive	2026-09-08T15:07:30.8829650Z 
consumer (ubuntu-24.04, x86_64-linux-gnu)	Verify current package with exact reviewed native archive	2026-09-08T15:07:30.9374230Z {"command": ["elixir", "-pa", "/home/runner/work/_temp/aphid-current-consumer/failures/load-missing/aphid/ebin", "/home/runner/work/_temp/aphid-current-consumer/failures/load.exs"], "cwd": "/home/runner/work/_temp/aphid-current-consumer/failures", "exit": 0, "seconds": 0.465}
consumer (ubuntu-24.04, x86_64-linux-gnu)	Verify current package with exact reviewed native archive	2026-09-08T15:07:30.9968327Z REAL LOADER corrupt
consumer (ubuntu-24.04, x86_64-linux-gnu)	Verify current package with exact reviewed native archive	2026-09-08T15:07:31.3735261Z 
consumer (ubuntu-24.04, x86_64-linux-gnu)	Verify current package with exact reviewed native archive	2026-09-08T15:07:31.3751526Z 15:07:31.370 [error] Aphid artifact [corrupt]: /home/runner/work/_temp/aphid-current-consumer/failures/load-corrupt/aphid/priv/lib/liblbug.so; reinstall the complete pinned bundle. No source fallback.
consumer (ubuntu-24.04, x86_64-linux-gnu)	Verify current package with exact reviewed native archive	2026-09-08T15:07:31.3753959Z real loader rejected artifact: Elixir.Aphid.Native
consumer (ubuntu-24.04, x86_64-linux-gnu)	Verify current package with exact reviewed native archive	2026-09-08T15:07:31.3861166Z 
consumer (ubuntu-24.04, x86_64-linux-gnu)	Verify current package with exact reviewed native archive	2026-09-08T15:07:31.3861777Z 15:07:31.374 [warning] The on_load function for module Elixir.Aphid.Native returned:
consumer (ubuntu-24.04, x86_64-linux-gnu)	Verify current package with exact reviewed native archive	2026-09-08T15:07:31.3862544Z {:error,
consumer (ubuntu-24.04, x86_64-linux-gnu)	Verify current package with exact reviewed native archive	2026-09-08T15:07:31.3863092Z  {:corrupt,
consumer (ubuntu-24.04, x86_64-linux-gnu)	Verify current package with exact reviewed native archive	2026-09-08T15:07:31.3863823Z   "/home/runner/work/_temp/aphid-current-consumer/failures/load-corrupt/aphid/priv/lib/liblbug.so"}}
consumer (ubuntu-24.04, x86_64-linux-gnu)	Verify current package with exact reviewed native archive	2026-09-08T15:07:31.3864544Z 
consumer (ubuntu-24.04, x86_64-linux-gnu)	Verify current package with exact reviewed native archive	2026-09-08T15:07:31.3960537Z 
consumer (ubuntu-24.04, x86_64-linux-gnu)	Verify current package with exact reviewed native archive	2026-09-08T15:07:31.3962221Z 15:07:31.395 [error] Aphid artifact [corrupt]: /home/runner/work/_temp/aphid-current-consumer/failures/load-corrupt/aphid/priv/lib/liblbug.so; reinstall the complete pinned bundle. No source fallback.
consumer (ubuntu-24.04, x86_64-linux-gnu)	Verify current package with exact reviewed native archive	2026-09-08T15:07:31.3976473Z real loader rejected artifact: Elixir.Aphid.Proof
consumer (ubuntu-24.04, x86_64-linux-gnu)	Verify current package with exact reviewed native archive	2026-09-08T15:07:31.3977393Z 
consumer (ubuntu-24.04, x86_64-linux-gnu)	Verify current package with exact reviewed native archive	2026-09-08T15:07:31.3977824Z 15:07:31.397 [warning] The on_load function for module Elixir.Aphid.Proof returned:
consumer (ubuntu-24.04, x86_64-linux-gnu)	Verify current package with exact reviewed native archive	2026-09-08T15:07:31.3978591Z {:error,
consumer (ubuntu-24.04, x86_64-linux-gnu)	Verify current package with exact reviewed native archive	2026-09-08T15:07:31.3978921Z  {:corrupt,
consumer (ubuntu-24.04, x86_64-linux-gnu)	Verify current package with exact reviewed native archive	2026-09-08T15:07:31.3979712Z   "/home/runner/work/_temp/aphid-current-consumer/failures/load-corrupt/aphid/priv/lib/liblbug.so"}}
consumer (ubuntu-24.04, x86_64-linux-gnu)	Verify current package with exact reviewed native archive	2026-09-08T15:07:31.3980443Z 
consumer (ubuntu-24.04, x86_64-linux-gnu)	Verify current package with exact reviewed native archive	2026-09-08T15:07:31.4120772Z {"command": ["elixir", "-pa", "/home/runner/work/_temp/aphid-current-consumer/failures/load-corrupt/aphid/ebin", "/home/runner/work/_temp/aphid-current-consumer/failures/load.exs"], "cwd": "/home/runner/work/_temp/aphid-current-consumer/failures", "exit": 0, "seconds": 0.415}
consumer (ubuntu-24.04, x86_64-linux-gnu)	Verify current package with exact reviewed native archive	2026-09-08T15:07:31.4657853Z REAL LOADER unloadable
consumer (ubuntu-24.04, x86_64-linux-gnu)	Verify current package with exact reviewed native archive	2026-09-08T15:07:31.9650470Z 
consumer (ubuntu-24.04, x86_64-linux-gnu)	Verify current package with exact reviewed native archive	2026-09-08T15:07:31.9653781Z 15:07:31.962 [error] Aphid artifact [unloadable]: /home/runner/work/_temp/aphid-current-consumer/failures/load-unloadable/aphid/priv/lib/Elixir.Aphid.Native: {:load_failed, ~c"Failed to load NIF library: '/home/runner/work/_temp/aphid-current-consumer/failures/load-unloadable/aphid/priv/lib/Elixir.Aphid.Native.so: failed to map segment from shared object'"}; use the matching complete bundle and runtime. No source fallback.
consumer (ubuntu-24.04, x86_64-linux-gnu)	Verify current package with exact reviewed native archive	2026-09-08T15:07:31.9685206Z real loader rejected artifact: Elixir.Aphid.Native
consumer (ubuntu-24.04, x86_64-linux-gnu)	Verify current package with exact reviewed native archive	2026-09-08T15:07:31.9685747Z 
consumer (ubuntu-24.04, x86_64-linux-gnu)	Verify current package with exact reviewed native archive	2026-09-08T15:07:31.9686217Z 15:07:31.966 [warning] The on_load function for module Elixir.Aphid.Native returned:
consumer (ubuntu-24.04, x86_64-linux-gnu)	Verify current package with exact reviewed native archive	2026-09-08T15:07:31.9686958Z {:error,
consumer (ubuntu-24.04, x86_64-linux-gnu)	Verify current package with exact reviewed native archive	2026-09-08T15:07:31.9687312Z  {:load_failed,
consumer (ubuntu-24.04, x86_64-linux-gnu)	Verify current package with exact reviewed native archive	2026-09-08T15:07:31.9688682Z   ~c"Failed to load NIF library: '/home/runner/work/_temp/aphid-current-consumer/failures/load-unloadable/aphid/priv/lib/Elixir.Aphid.Native.so: failed to map segment from shared object'"}}
consumer (ubuntu-24.04, x86_64-linux-gnu)	Verify current package with exact reviewed native archive	2026-09-08T15:07:31.9690019Z 
consumer (ubuntu-24.04, x86_64-linux-gnu)	Verify current package with exact reviewed native archive	2026-09-08T15:07:32.0653706Z 
consumer (ubuntu-24.04, x86_64-linux-gnu)	Verify current package with exact reviewed native archive	2026-09-08T15:07:32.0657679Z 15:07:32.064 [error] Aphid artifact [unloadable]: /home/runner/work/_temp/aphid-current-consumer/failures/load-unloadable/aphid/priv/lib/Elixir.Aphid.Proof: {:load_failed, ~c"Failed to load NIF library: '/home/runner/work/_temp/aphid-current-consumer/failures/load-unloadable/aphid/priv/lib/Elixir.Aphid.Proof.so: failed to map segment from shared object'"}; use the matching complete bundle and runtime. No source fallback.
consumer (ubuntu-24.04, x86_64-linux-gnu)	Verify current package with exact reviewed native archive	2026-09-08T15:07:32.0669326Z real loader rejected artifact: Elixir.Aphid.Proof
consumer (ubuntu-24.04, x86_64-linux-gnu)	Verify current package with exact reviewed native archive	2026-09-08T15:07:32.0670246Z 
consumer (ubuntu-24.04, x86_64-linux-gnu)	Verify current package with exact reviewed native archive	2026-09-08T15:07:32.0670855Z 15:07:32.066 [warning] The on_load function for module Elixir.Aphid.Proof returned:
consumer (ubuntu-24.04, x86_64-linux-gnu)	Verify current package with exact reviewed native archive	2026-09-08T15:07:32.0671881Z {:error,
consumer (ubuntu-24.04, x86_64-linux-gnu)	Verify current package with exact reviewed native archive	2026-09-08T15:07:32.0672247Z  {:load_failed,
consumer (ubuntu-24.04, x86_64-linux-gnu)	Verify current package with exact reviewed native archive	2026-09-08T15:07:32.0673917Z   ~c"Failed to load NIF library: '/home/runner/work/_temp/aphid-current-consumer/failures/load-unloadable/aphid/priv/lib/Elixir.Aphid.Proof.so: failed to map segment from shared object'"}}
consumer (ubuntu-24.04, x86_64-linux-gnu)	Verify current package with exact reviewed native archive	2026-09-08T15:07:32.0674978Z 
consumer (ubuntu-24.04, x86_64-linux-gnu)	Verify current package with exact reviewed native archive	2026-09-08T15:07:32.0820439Z {"command": ["sudo", "-E", "unshare", "--mount", "--fork", "--propagation", "private", "sh", "-c", "mount --bind \"$1\" \"$1\" && mount -o remount,bind,noexec \"$1\" && shift && exec \"$@\"", "noexec-proof", "/home/runner/work/_temp/aphid-current-consumer/failures/load-unloadable/aphid/priv/lib", "/usr/bin/setpriv", "--reuid", "1001", "--regid", "1001", "--clear-groups", "--no-new-privs", "--", "/usr/bin/env", "PATH=/home/runner/work/_temp/.setup-beam/elixir/bin:/home/runner/.mix/escripts:/home/runner/work/_temp/.setup-beam/otp/bin:/opt/hostedtoolcache/Python/3.14.7/x64/bin:/opt/hostedtoolcache/Python/3.14.7/x64:/snap/bin:/home/runner/.local/bin:/opt/pipx_bin:/home/runner/.cargo/bin:/home/runner/.config/composer/vendor/bin:/usr/local/.ghcup/bin:/home/runner/.dotnet/tools:/usr/local/sbin:/usr/local/bin:/usr/sbin:/usr/bin:/sbin:/bin:/usr/games:/usr/local/games:/snap/bin", "/home/runner/work/_temp/.setup-beam/elixir/bin/elixir", "-pa", "/home/runner/work/_temp/aphid-current-consumer/failures/load-unloadable/aphid/ebin", "/home/runner/work/_temp/aphid-current-consumer/failures/load.exs"], "cwd": "/home/runner/work/_temp/aphid-current-consumer/failures", "exit": 0, "seconds": 0.615}
consumer (ubuntu-24.04, x86_64-linux-gnu)	Verify current package with exact reviewed native archive	2026-09-08T15:07:32.0825667Z real Mix adapter rejection cases and loader processes passed
consumer (ubuntu-24.04, x86_64-linux-gnu)	Verify current package with exact reviewed native archive	2026-09-08T15:07:32.1033958Z {"command": ["/opt/hostedtoolcache/Python/3.14.7/x64/bin/python3", "scripts/local_bundle_failures.py", "--destination", "/home/runner/work/_temp/aphid-current-consumer/failures", "--consumer", "/home/runner/work/_temp/aphid-current-consumer/fresh"], "cwd": "/home/runner/work/Aphid/Aphid", "exit": 0, "seconds": 27.979}
consumer (ubuntu-24.04, x86_64-linux-gnu)	Verify current package with exact reviewed native archive	2026-09-08T15:07:33.2558108Z * assembling aphid_consumer-0.0.0 on MIX_ENV=prod
consumer (ubuntu-24.04, x86_64-linux-gnu)	Verify current package with exact reviewed native archive	2026-09-08T15:07:33.2563650Z * skipping runtime configuration (config/runtime.exs not found)
consumer (ubuntu-24.04, x86_64-linux-gnu)	Verify current package with exact reviewed native archive	2026-09-08T15:07:33.3729435Z * creating /home/runner/work/_temp/aphid-current-consumer/mix-release-proof/assembled/releases/0.0.0/env.sh
consumer (ubuntu-24.04, x86_64-linux-gnu)	Verify current package with exact reviewed native archive	2026-09-08T15:07:33.7028057Z * building /home/runner/work/_temp/aphid-current-consumer/mix-release-proof/assembled/aphid_consumer-0.0.0.tar.gz
consumer (ubuntu-24.04, x86_64-linux-gnu)	Verify current package with exact reviewed native archive	2026-09-08T15:07:52.0959791Z 
consumer (ubuntu-24.04, x86_64-linux-gnu)	Verify current package with exact reviewed native archive	2026-09-08T15:07:52.0961707Z Release created at /home/runner/work/_temp/aphid-current-consumer/mix-release-proof/assembled
consumer (ubuntu-24.04, x86_64-linux-gnu)	Verify current package with exact reviewed native archive	2026-09-08T15:07:52.0963088Z 
consumer (ubuntu-24.04, x86_64-linux-gnu)	Verify current package with exact reviewed native archive	2026-09-08T15:07:52.0963475Z     # To start your system
consumer (ubuntu-24.04, x86_64-linux-gnu)	Verify current package with exact reviewed native archive	2026-09-08T15:07:52.0964500Z     /home/runner/work/_temp/aphid-current-consumer/mix-release-proof/assembled/bin/aphid_consumer start
consumer (ubuntu-24.04, x86_64-linux-gnu)	Verify current package with exact reviewed native archive	2026-09-08T15:07:52.0965253Z 
consumer (ubuntu-24.04, x86_64-linux-gnu)	Verify current package with exact reviewed native archive	2026-09-08T15:07:52.0965487Z Once the release is running:
consumer (ubuntu-24.04, x86_64-linux-gnu)	Verify current package with exact reviewed native archive	2026-09-08T15:07:52.0965760Z 
consumer (ubuntu-24.04, x86_64-linux-gnu)	Verify current package with exact reviewed native archive	2026-09-08T15:07:52.0965945Z     # To connect to it remotely
consumer (ubuntu-24.04, x86_64-linux-gnu)	Verify current package with exact reviewed native archive	2026-09-08T15:07:52.0966721Z     /home/runner/work/_temp/aphid-current-consumer/mix-release-proof/assembled/bin/aphid_consumer remote
consumer (ubuntu-24.04, x86_64-linux-gnu)	Verify current package with exact reviewed native archive	2026-09-08T15:07:52.0967399Z 
consumer (ubuntu-24.04, x86_64-linux-gnu)	Verify current package with exact reviewed native archive	2026-09-08T15:07:52.0967660Z     # To stop it gracefully (you may also send SIGINT/SIGTERM)
consumer (ubuntu-24.04, x86_64-linux-gnu)	Verify current package with exact reviewed native archive	2026-09-08T15:07:52.0973598Z     /home/runner/work/_temp/aphid-current-consumer/mix-release-proof/assembled/bin/aphid_consumer stop
consumer (ubuntu-24.04, x86_64-linux-gnu)	Verify current package with exact reviewed native archive	2026-09-08T15:07:52.0974287Z 
consumer (ubuntu-24.04, x86_64-linux-gnu)	Verify current package with exact reviewed native archive	2026-09-08T15:07:52.0974461Z To list all commands:
consumer (ubuntu-24.04, x86_64-linux-gnu)	Verify current package with exact reviewed native archive	2026-09-08T15:07:52.0974689Z 
consumer (ubuntu-24.04, x86_64-linux-gnu)	Verify current package with exact reviewed native archive	2026-09-08T15:07:52.0975194Z     /home/runner/work/_temp/aphid-current-consumer/mix-release-proof/assembled/bin/aphid_consumer
consumer (ubuntu-24.04, x86_64-linux-gnu)	Verify current package with exact reviewed native archive	2026-09-08T15:07:52.0975825Z 
consumer (ubuntu-24.04, x86_64-linux-gnu)	Verify current package with exact reviewed native archive	2026-09-08T15:07:52.1094481Z {"command": ["sudo", "-E", "bwrap", "--die-with-parent", "--unshare-pid", "--ro-bind", "/", "/", "--dev", "/dev", "--proc", "/proc", "--bind", "/home/runner/work/_temp/aphid-current-consumer/mix-release-proof", "/home/runner/work/_temp/aphid-current-consumer/mix-release-proof", "--unshare-net", "--tmpfs", "/home/runner/work/Aphid/Aphid", "--tmpfs", "/home/runner/work/_temp/aphid-current-consumer/fresh", "--ro-bind", "/dev/null", "/usr/bin/c89-gcc", "--ro-bind", "/dev/null", "/usr/bin/c99-gcc", "--ro-bind", "/dev/null", "/usr/bin/make", "--ro-bind", "/dev/null", "/usr/bin/x86_64-linux-gnu-as", "--ro-bind", "/dev/null", "/usr/bin/x86_64-linux-gnu-g++-12", "--ro-bind", "/dev/null", "/usr/bin/x86_64-linux-gnu-g++-13", "--ro-bind", "/dev/null", "/usr/bin/x86_64-linux-gnu-g++-14", "--ro-bind", "/dev/null", "/usr/bin/x86_64-linux-gnu-gcc-12", "--ro-bind", "/dev/null", "/usr/bin/x86_64-linux-gnu-gcc-13", "--ro-bind", "/dev/null", "/usr/bin/x86_64-linux-gnu-gcc-14", "--ro-bind", "/dev/null", "/usr/bin/x86_64-linux-gnu-ld.bfd", "--ro-bind", "/dev/null", "/usr/lib/llvm-16/bin/clang", "--ro-bind", "/dev/null", "/usr/lib/llvm-16/bin/lld", "--ro-bind", "/dev/null", "/usr/lib/llvm-16/bin/llvm-as", "--ro-bind", "/dev/null", "/usr/lib/llvm-17/bin/clang", "--ro-bind", "/dev/null", "/usr/lib/llvm-17/bin/lld", "--ro-bind", "/dev/null", "/usr/lib/llvm-17/bin/llvm-as", "--ro-bind", "/dev/null", "/usr/lib/llvm-18/bin/clang", "--ro-bind", "/dev/null", "/usr/lib/llvm-18/bin/lld", "--ro-bind", "/dev/null", "/usr/lib/llvm-18/bin/llvm-as", "--ro-bind", "/dev/null", "/usr/local/bin/cmake", "--ro-bind", "/dev/null", "/usr/local/bin/ninja", "--cap-add", "CAP_SETUID", "--cap-add", "CAP_SETGID", "--cap-add", "CAP_SETPCAP", "--clearenv", "--setenv", "LANG", "C.UTF-8", "--setenv", "HOME", "/home/runner/work/_temp/aphid-current-consumer/mix-release-proof/home", "--setenv", "PATH", "/home/runner/work/_temp/aphid-current-consumer/mix-release-proof/tools:/home/runner/work/_temp/.setup-beam/elixir/bin:/home/runner/work/_temp/.setup-beam/elixir/bin:/home/runner/work/_temp/.setup-beam/otp/bin:/usr/bin:/bin:/usr/sbin:/sbin", "--setenv", "MIX_HOME", "/home/runner/work/_temp/aphid-current-consumer/mix-release-proof/mix-home", "--setenv", "HEX_HOME", "/home/runner/work/_temp/aphid-current-consumer/mix-release-proof/hex-home", "--setenv", "MIX_ENV", "prod", "--setenv", "TMPDIR", "/home/runner/work/_temp/aphid-current-consumer/mix-release-proof/tmp", "--setenv", "ZIG_EXECUTABLE_PATH", "/home/runner/work/_temp/aphid-current-consumer/mix-release-proof/tools/zig", "--setenv", "ZIG_GLOBAL_CACHE_DIR", "/home/runner/work/_temp/aphid-current-consumer/mix-release-proof/zig-cache", "--setenv", "ERL_FLAGS", "+S 1:1 +SDcpu 1:1", "--setenv", "RELEASE_DISTRIBUTION", "none", "--", "/usr/bin/setpriv", "--reuid", "1001", "--regid", "1001", "--clear-groups", "--bounding-set=-all", "--no-new-privs", "--", "mix", "release", "--no-compile", "--path", "/home/runner/work/_temp/aphid-current-consumer/mix-release-proof/assembled"], "cwd": "/home/runner/work/_temp/aphid-current-consumer/mix-release-proof/build", "exit": 0, "seconds": 19.507}
consumer (ubuntu-24.04, x86_64-linux-gnu)	Verify current package with exact reviewed native archive	2026-09-08T15:07:52.2613974Z {"release_archive": "/home/runner/work/_temp/aphid-current-consumer/mix-release-validation.tar.gz", "sha256": "9e646febd0821fbdf329a95edaa38578e6ad6c212f1948ec863f224228c8b769", "bytes": 140524260}
consumer (ubuntu-24.04, x86_64-linux-gnu)	Verify current package with exact reviewed native archive	2026-09-08T15:07:55.5771109Z Relocated source-package notice supplement: a9380f27e98b9ee7180560a31c99994cdfcbb2b8efae4b526e5225b14c56e992
consumer (ubuntu-24.04, x86_64-linux-gnu)	Verify current package with exact reviewed native archive	2026-09-08T15:07:56.3366217Z audited shipped native files: 23
consumer (ubuntu-24.04, x86_64-linux-gnu)	Verify current package with exact reviewed native archive	2026-09-08T15:07:56.3411598Z {"release_native_audit": {"erts-17.0.4/bin/beam.smp": {"sha256": "ea381ccea7272214b927b811f33648d64f2e9def91cab7dfce3219f898c8ebfa", "libraries": "\tlinux-vdso.so.1 (0x00007efed2f9e000)\n\tlibtinfo.so.6 => /lib/x86_64-linux-gnu/libtinfo.so.6 (0x00007efed2f58000)\n\tlibz.so.1 => /lib/x86_64-linux-gnu/libz.so.1 (0x00007efed2f3c000)\n\tlibstdc++.so.6 => /lib/x86_64-linux-gnu/libstdc++.so.6 (0x00007efed1e00000)\n\tlibm.so.6 => /lib/x86_64-linux-gnu/libm.so.6 (0x00007efed2117000)\n\tlibgcc_s.so.1 => /lib/x86_64-linux-gnu/libgcc_s.so.1 (0x00007efed2f0e000)\n\tlibc.so.6 => /lib/x86_64-linux-gnu/libc.so.6 (0x00007efed1a00000)\n\t/lib64/ld-linux-x86-64.so.2 (0x00007efed2fa0000)\n", "glibc": ["GLIBC_2.10", "GLIBC_2.11", "GLIBC_2.12", "GLIBC_2.14", "GLIBC_2.15", "GLIBC_2.17", "GLIBC_2.2.5", "GLIBC_2.29", "GLIBC_2.3", "GLIBC_2.3.2", "GLIBC_2.3.4", "GLIBC_2.32", "GLIBC_2.33", "GLIBC_2.34", "GLIBC_2.38", "GLIBC_2.4", "GLIBC_2.8"]}, "erts-17.0.4/bin/ct_run": {"sha256": "8df424da32f77a843ea4a5bb76d458c36cc921509c3d61ca6cb15e66dba26cad", "libraries": "\tlinux-vdso.so.1 (0x00007f9f2da0d000)\n\tlibm.so.6 => /lib/x86_64-linux-gnu/libm.so.6 (0x00007f9f2d908000)\n\tlibc.so.6 => /lib/x86_64-linux-gnu/libc.so.6 (0x00007f9f2d600000)\n\t/lib64/ld-linux-x86-64.so.2 (0x00007f9f2da0f000)\n", "glibc": ["GLIBC_2.14", "GLIBC_2.2.5", "GLIBC_2.3", "GLIBC_2.3.4", "GLIBC_2.34", "GLIBC_2.4"]}, "erts-17.0.4/bin/dialyzer": {"sha256": "28e182db94aa2685606dd4bf64ee41e63730d801dc9d952fa5c88c01140c83f5", "libraries": "\tlinux-vdso.so.1 (0x00007f2778c84000)\n\tlibm.so.6 => /lib/x86_64-linux-gnu/libm.so.6 (0x00007f2778b80000)\n\tlibc.so.6 => /lib/x86_64-linux-gnu/libc.so.6 (0x00007f2778800000)\n\t/lib64/ld-linux-x86-64.so.2 (0x00007f2778c86000)\n", "glibc": ["GLIBC_2.14", "GLIBC_2.2.5", "GLIBC_2.3", "GLIBC_2.3.4", "GLIBC_2.34", "GLIBC_2.4"]}, "erts-17.0.4/bin/epmd": {"sha256": "cd5bf23ff0e30330135ccc0637f925f45382c3f83bcdccd2ab8073e359a5513e", "libraries": "\tlinux-vdso.so.1 (0x00007f340532f000)\n\tlibm.so.6 => /lib/x86_64-linux-gnu/libm.so.6 (0x00007f3405224000)\n\tlibc.so.6 => /lib/x86_64-linux-gnu/libc.so.6 (0x00007f3405000000)\n\t/lib64/ld-linux-x86-64.so.2 (0x00007f3405331000)\n", "glibc": ["GLIBC_2.14", "GLIBC_2.15", "GLIBC_2.2.5", "GLIBC_2.3", "GLIBC_2.3.4", "GLIBC_2.34", "GLIBC_2.38", "GLIBC_2.4"]}, "erts-17.0.4/bin/erl_call": {"sha256": "486635c6d074c2fe8f7c7fcd165319dd0f5a00e01dcb1ff19c3743d71d7b3d60", "libraries": "\tlinux-vdso.so.1 (0x00007fc7a82fc000)\n\tlibc.so.6 => /lib/x86_64-linux-gnu/libc.so.6 (0x00007fc7a8000000)\n\t/lib64/ld-linux-x86-64.so.2 (0x00007fc7a82fe000)\n", "glibc": ["GLIBC_2.14", "GLIBC_2.15", "GLIBC_2.2.5", "GLIBC_2.3", "GLIBC_2.3.4", "GLIBC_2.34", "GLIBC_2.38", "GLIBC_2.4"]}, "erts-17.0.4/bin/erl_child_setup": {"sha256": "6aa689224c5fcbf415dafe3068897518778e57f805faff63d4a9fea5f75c3312", "libraries": "\tlinux-vdso.so.1 (0x00007fb34369a000)\n\tlibc.so.6 => /lib/x86_64-linux-gnu/libc.so.6 (0x00007fb343400000)\n\t/lib64/ld-linux-x86-64.so.2 (0x00007fb34369c000)\n", "glibc": ["GLIBC_2.15", "GLIBC_2.2.5", "GLIBC_2.3.4", "GLIBC_2.34", "GLIBC_2.38", "GLIBC_2.4"]}, "erts-17.0.4/bin/erlc": {"sha256": "a89ac52d5a448246e3bf08b26bc35d9e25923d87b3bbeefde8b7d50d2e78031b", "libraries": "\tlinux-vdso.so.1 (0x00007f1a9f9f8000)\n\tlibm.so.6 => /lib/x86_64-linux-gnu/libm.so.6 (0x00007f1a9f8de000)\n\tlibc.so.6 => /lib/x86_64-linux-gnu/libc.so.6 (0x00007f1a9f600000)\n\t/lib64/ld-linux-x86-64.so.2 (0x00007f1a9f9fa000)\n", "glibc": ["GLIBC_2.14", "GLIBC_2.15", "GLIBC_2.2.5", "GLIBC_2.3", "GLIBC_2.3.4", "GLIBC_2.33", "GLIBC_2.34", "GLIBC_2.38", "GLIBC_2.4"]}, "erts-17.0.4/bin/erlexec": {"sha256": "5442d02575f7d4390bc50addc2621aadf8aeb4bd53316594b2bdb3a82e692708", "libraries": "\tlinux-vdso.so.1 (0x00007f7e570d4000)\n\tlibm.so.6 => /lib/x86_64-linux-gnu/libm.so.6 (0x00007f7e56fc9000)\n\tlibc.so.6 => /lib/x86_64-linux-gnu/libc.so.6 (0x00007f7e56c00000)\n\t/lib64/ld-linux-x86-64.so.2 (0x00007f7e570d6000)\n", "glibc": ["GLIBC_2.14", "GLIBC_2.2.5", "GLIBC_2.3", "GLIBC_2.3.4", "GLIBC_2.34", "GLIBC_2.4", "GLIBC_2.7"]}, "erts-17.0.4/bin/escript": {"sha256": "ed06e2bcecaf6821e3d8afcc7cf4aa5b2f8ce7252c8e4c9aeb005f881693c29d", "libraries": "\tlinux-vdso.so.1 (0x00007f10c07ea000)\n\tlibm.so.6 => /lib/x86_64-linux-gnu/libm.so.6 (0x00007f10c06e5000)\n\tlibc.so.6 => /lib/x86_64-linux-gnu/libc.so.6 (0x00007f10c0400000)\n\t/lib64/ld-linux-x86-64.so.2 (0x00007f10c07ec000)\n", "glibc": ["GLIBC_2.14", "GLIBC_2.2.5", "GLIBC_2.3", "GLIBC_2.3.4", "GLIBC_2.34", "GLIBC_2.4"]}, "erts-17.0.4/bin/heart": {"sha256": "6f07f8d7d419764938da21a7f09fdeb1f678b762af45f370d8a81839b773d3e9", "libraries": "\tlinux-vdso.so.1 (0x00007fb676c6f000)\n\tlibc.so.6 => /lib/x86_64-linux-gnu/libc.so.6 (0x00007fb676a00000)\n\t/lib64/ld-linux-x86-64.so.2 (0x00007fb676c71000)\n", "glibc": ["GLIBC_2.15", "GLIBC_2.17", "GLIBC_2.2.5", "GLIBC_2.3.4", "GLIBC_2.34", "GLIBC_2.38", "GLIBC_2.4"]}, "erts-17.0.4/bin/inet_gethost": {"sha256": "054787181645e4b7a47b1df1d55af52409c272e2986111ae08f922ecb370f4a1", "libraries": "\tlinux-vdso.so.1 (0x00007f1af3c0d000)\n\tlibm.so.6 => /lib/x86_64-linux-gnu/libm.so.6 (0x00007f1af3b02000)\n\tlibc.so.6 => /lib/x86_64-linux-gnu/libc.so.6 (0x00007f1af3800000)\n\t/lib64/ld-linux-x86-64.so.2 (0x00007f1af3c0f000)\n", "glibc": ["GLIBC_2.14", "GLIBC_2.15", "GLIBC_2.2.5", "GLIBC_2.3", "GLIBC_2.3.4", "GLIBC_2.34", "GLIBC_2.38", "GLIBC_2.4"]}, "erts-17.0.4/bin/run_erl": {"sha256": "bed4a1e654f397167e7120f5359943fdb8b13eedbd1f144bfc4ba784cfe1fa86", "libraries": "\tlinux-vdso.so.1 (0x00007f9d5c8e4000)\n\tlibc.so.6 => /lib/x86_64-linux-gnu/libc.so.6 (0x00007f9d5c600000)\n\t/lib64/ld-linux-x86-64.so.2 (0x00007f9d5c8e6000)\n", "glibc": ["GLIBC_2.14", "GLIBC_2.15", "GLIBC_2.2.5", "GLIBC_2.3.4", "GLIBC_2.34", "GLIBC_2.38", "GLIBC_2.4"]}, "erts-17.0.4/bin/to_erl": {"sha256": "165e690e199191c2659412adeb2608edef2f2f3343640e1546925bf32d268a11", "libraries": "\tlinux-vdso.so.1 (0x00007f6d22eac000)\n\tlibc.so.6 => /lib/x86_64-linux-gnu/libc.so.6 (0x00007f6d22c00000)\n\t/lib64/ld-linux-x86-64.so.2 (0x00007f6d22eae000)\n", "glibc": ["GLIBC_2.15", "GLIBC_2.2.5", "GLIBC_2.3.4", "GLIBC_2.34", "GLIBC_2.38", "GLIBC_2.4"]}, "erts-17.0.4/bin/typer": {"sha256": "a7e1676924d6afb80fdaaadb3f8ebbf97c74139404addf8e9e1e7947ec1f86de", "libraries": "\tlinux-vdso.so.1 (0x00007f2085116000)\n\tlibm.so.6 => /lib/x86_64-linux-gnu/libm.so.6 (0x00007f2085012000)\n\tlibc.so.6 => /lib/x86_64-linux-gnu/libc.so.6 (0x00007f2084e00000)\n\t/lib64/ld-linux-x86-64.so.2 (0x00007f2085118000)\n", "glibc": ["GLIBC_2.14", "GLIBC_2.2.5", "GLIBC_2.3", "GLIBC_2.3.4", "GLIBC_2.34", "GLIBC_2.4"]}, "erts-17.0.4/bin/yielding_c_fun": {"sha256": "fdc7fb07a0ca1da82eeee84bc3f2814905f702cd069fc0607d86f781322ce09e", "libraries": "\tlinux-vdso.so.1 (0x00007f34b789a000)\n\tlibc.so.6 => /lib/x86_64-linux-gnu/libc.so.6 (0x00007f34b7600000)\n\t/lib64/ld-linux-x86-64.so.2 (0x00007f34b789c000)\n", "glibc": ["GLIBC_2.2.5", "GLIBC_2.3.4", "GLIBC_2.34", "GLIBC_2.4"]}, "lib/aphid-0.1.1-dev/priv/lib/Elixir.Aphid.Native.so": {"sha256": "4bb51a339b10fe657c88d3eabddc59d37216d74c10e2780ee9e0c0bcb449374d", "libraries": "\tlinux-vdso.so.1 (0x00007f82de988000)\n\tlibaphid_bridge.so => /home/runner/work/_temp/aphid-current-consumer/mix-release-proof/relocated caf\u00e9 release/lib/aphid-0.1.1-dev/priv/lib/libaphid_bridge.so (0x00007f82de962000)\n\tlibc.so.6 => /lib/x86_64-linux-gnu/libc.so.6 (0x00007f82de200000)\n\t/lib64/ld-linux-x86-64.so.2 (0x00007f82de98a000)\n\tlibpthread.so.0 => /lib/x86_64-linux-gnu/libpthread.so.0 (0x00007f82de953000)\n\tliblbug.so => /home/runner/work/_temp/aphid-current-consumer/mix-release-proof/relocated caf\u00e9 release/lib/aphid-0.1.1-dev/priv/lib/liblbug.so (0x00007f82d8c00000)\n\tlibstdc++.so.6 => /lib/x86_64-linux-gnu/libstdc++.so.6 (0x00007f82d8800000)\n\tlibgcc_s.so.1 => /lib/x86_64-linux-gnu/libgcc_s.so.1 (0x00007f82de923000)\n\tlibm.so.6 => /lib/x86_64-linux-gnu/libm.so.6 (0x00007f82de517000)\n", "glibc": ["GLIBC_2.10", "GLIBC_2.14", "GLIBC_2.17", "GLIBC_2.2.5", "GLIBC_2.25", "GLIBC_2.27", "GLIBC_2.28", "GLIBC_2.3", "GLIBC_2.4", "GLIBC_2.6", "GLIBC_2.9"]}, "lib/aphid-0.1.1-dev/priv/lib/Elixir.Aphid.Proof.so": {"sha256": "4714cdfa502bc4c3be3f78e2a8ac37ed056cdd0b1477350c108d425378bd9290", "libraries": "\tlinux-vdso.so.1 (0x00007fe2b4457000)\n\tlibc.so.6 => /lib/x86_64-linux-gnu/libc.so.6 (0x00007fe2b3c00000)\n\t/lib64/ld-linux-x86-64.so.2 (0x00007fe2b4459000)\n\tlibpthread.so.0 => /lib/x86_64-linux-gnu/libpthread.so.0 (0x00007fe2b4440000)\n", "glibc": ["GLIBC_2.10", "GLIBC_2.14", "GLIBC_2.17", "GLIBC_2.2.5", "GLIBC_2.25", "GLIBC_2.27", "GLIBC_2.28", "GLIBC_2.3", "GLIBC_2.4", "GLIBC_2.6", "GLIBC_2.9"]}, "lib/aphid-0.1.1-dev/priv/lib/libaphid_bridge.so": {"sha256": "dbd5a55239a9dc5e55ed8fea805036451bb1ab055ad88afbe64c607c89ed628a", "libraries": "\tlinux-vdso.so.1 (0x00007f06b8446000)\n\tliblbug.so => /home/runner/work/_temp/aphid-current-consumer/mix-release-proof/relocated caf\u00e9 release/lib/aphid-0.1.1-dev/priv/lib/liblbug.so (0x00007f06b2e00000)\n\tlibstdc++.so.6 => /lib/x86_64-linux-gnu/libstdc++.so.6 (0x00007f06b2a00000)\n\tlibgcc_s.so.1 => /lib/x86_64-linux-gnu/libgcc_s.so.1 (0x00007f06b2dd2000)\n\tlibc.so.6 => /lib/x86_64-linux-gnu/libc.so.6 (0x00007f06b2600000)\n\tlibm.so.6 => /lib/x86_64-linux-gnu/libm.so.6 (0x00007f06b2ce9000)\n\t/lib64/ld-linux-x86-64.so.2 (0x00007f06b8448000)\n", "glibc": ["GLIBC_2.14", "GLIBC_2.2.5", "GLIBC_2.32", "GLIBC_2.4"]}, "lib/aphid-0.1.1-dev/priv/lib/liblbug.so": {"sha256": "0f59d5e5cb84b73cd1bf24c5a6c525007685bfb5fc96a1d105b8a845f133c25f", "libraries": "\tlinux-vdso.so.1 (0x00007f11c6777000)\n\tlibstdc++.so.6 => /lib/x86_64-linux-gnu/libstdc++.so.6 (0x00007f11c0c00000)\n\tlibm.so.6 => /lib/x86_64-linux-gnu/libm.so.6 (0x00007f11c667c000)\n\tlibgcc_s.so.1 => /lib/x86_64-linux-gnu/libgcc_s.so.1 (0x00007f11c664e000)\n\tlibc.so.6 => /lib/x86_64-linux-gnu/libc.so.6 (0x00007f11c0800000)\n\t/lib64/ld-linux-x86-64.so.2 (0x00007f11c6779000)\n", "glibc": ["GLIBC_2.10", "GLIBC_2.12", "GLIBC_2.14", "GLIBC_2.15", "GLIBC_2.17", "GLIBC_2.2.5", "GLIBC_2.23", "GLIBC_2.25", "GLIBC_2.29", "GLIBC_2.3", "GLIBC_2.3.2", "GLIBC_2.3.4", "GLIBC_2.32", "GLIBC_2.33", "GLIBC_2.34", "GLIBC_2.38", "GLIBC_2.4", "GLIBC_2.6", "GLIBC_2.7"]}, "lib/crypto-5.9.2/priv/lib/crypto.so": {"sha256": "8772cc2d259f339476ab483a4d29df47fbf86af246b15cb7bdaea0db2a3727b3", "libraries": "\tlinux-vdso.so.1 (0x00007ffbe574e000)\n\tlibcrypto.so.3 => /usr/lib/x86_64-linux-gnu/libcrypto.so.3 (0x00007ffbe5200000)\n\tlibc.so.6 => /usr/lib/x86_64-linux-gnu/libc.so.6 (0x00007ffbe4e00000)\n\t/lib64/ld-linux-x86-64.so.2 (0x00007ffbe5750000)\n", "glibc": ["GLIBC_2.14", "GLIBC_2.2.5", "GLIBC_2.3.4", "GLIBC_2.4"]}, "lib/crypto-5.9.2/priv/lib/crypto_callback.so": {"sha256": "b92986541a8dc03d0c014f391a1beb808fbd4a4ca54a12b437f34cbcf41b7c23", "libraries": "\tlinux-vdso.so.1 (0x00007f1620490000)\n\tlibc.so.6 => /lib/x86_64-linux-gnu/libc.so.6 (0x00007f1620200000)\n\t/lib64/ld-linux-x86-64.so.2 (0x00007f1620492000)\n", "glibc": ["GLIBC_2.2.5", "GLIBC_2.3.4"]}, "lib/crypto-5.9.2/priv/lib/otp_test_engine.so": {"sha256": "907469515659e3330db6e4fb0e6d6d5109601e8a95056938e6149aa2d0b72739", "libraries": "\tlinux-vdso.so.1 (0x00007f86c7ead000)\n\tlibcrypto.so.3 => /usr/lib/x86_64-linux-gnu/libcrypto.so.3 (0x00007f86c7800000)\n\tlibc.so.6 => /usr/lib/x86_64-linux-gnu/libc.so.6 (0x00007f86c7400000)\n\t/lib64/ld-linux-x86-64.so.2 (0x00007f86c7eaf000)\n", "glibc": ["GLIBC_2.14", "GLIBC_2.2.5", "GLIBC_2.3.4"]}, "validation/_build/native/tests/fixture": {"sha256": "d9dc2dcb37d6b92a26c142f9d78f1d30981f8b58b29af8131acbd8095c3d04d4", "libraries": "\tlinux-vdso.so.1 (0x00007f9cb28b3000)\n\tlibstdc++.so.6 => /lib/x86_64-linux-gnu/libstdc++.so.6 (0x00007f9caf400000)\n\tlibm.so.6 => /lib/x86_64-linux-gnu/libm.so.6 (0x00007f9cb27b8000)\n\tlibgcc_s.so.1 => /lib/x86_64-linux-gnu/libgcc_s.so.1 (0x00007f9cb278a000)\n\tlibc.so.6 => /lib/x86_64-linux-gnu/libc.so.6 (0x00007f9caf000000)\n\t/lib64/ld-linux-x86-64.so.2 (0x00007f9cb28b5000)\n", "glibc": ["GLIBC_2.10", "GLIBC_2.14", "GLIBC_2.17", "GLIBC_2.2.5", "GLIBC_2.23", "GLIBC_2.25", "GLIBC_2.29", "GLIBC_2.3", "GLIBC_2.3.2", "GLIBC_2.3.4", "GLIBC_2.32", "GLIBC_2.33", "GLIBC_2.34", "GLIBC_2.38", "GLIBC_2.4", "GLIBC_2.6"]}}}
consumer (ubuntu-24.04, x86_64-linux-gnu)	Verify current package with exact reviewed native archive	2026-09-08T15:07:56.7585346Z Linux release guards verified: no network routes, hidden build/host runtimes, compiler denied
consumer (ubuntu-24.04, x86_64-linux-gnu)	Verify current package with exact reviewed native archive	2026-09-08T15:07:56.7841006Z {"command": ["sudo", "-E", "bwrap", "--die-with-parent", "--unshare-pid", "--ro-bind", "/", "/", "--dev", "/dev", "--proc", "/proc", "--bind", "/home/runner/work/_temp/aphid-current-consumer/mix-release-proof", "/home/runner/work/_temp/aphid-current-consumer/mix-release-proof", "--unshare-net", "--tmpfs", "/home/runner/work/Aphid/Aphid", "--tmpfs", "/home/runner/work/Aphid", "--tmpfs", "/home/runner/work/_temp/aphid-current-consumer/fresh", "--tmpfs", "/home/runner/work/_temp/aphid-current-consumer/mix-release-proof/build", "--tmpfs", "/home/runner/work/_temp/aphid-current-consumer/mix-release-proof/assembled", "--tmpfs", "/home/runner/work/_temp/.setup-beam/elixir", "--tmpfs", "/home/runner/work/_temp/.setup-beam/otp", "--tmpfs", "/home/runner/.mix", "--ro-bind", "/dev/null", "/usr/bin/c89-gcc", "--ro-bind", "/dev/null", "/usr/bin/c99-gcc", "--ro-bind", "/dev/null", "/usr/bin/make", "--ro-bind", "/dev/null", "/usr/bin/x86_64-linux-gnu-as", "--ro-bind", "/dev/null", "/usr/bin/x86_64-linux-gnu-g++-12", "--ro-bind", "/dev/null", "/usr/bin/x86_64-linux-gnu-g++-13", "--ro-bind", "/dev/null", "/usr/bin/x86_64-linux-gnu-g++-14", "--ro-bind", "/dev/null", "/usr/bin/x86_64-linux-gnu-gcc-12", "--ro-bind", "/dev/null", "/usr/bin/x86_64-linux-gnu-gcc-13", "--ro-bind", "/dev/null", "/usr/bin/x86_64-linux-gnu-gcc-14", "--ro-bind", "/dev/null", "/usr/bin/x86_64-linux-gnu-ld.bfd", "--ro-bind", "/dev/null", "/usr/lib/llvm-16/bin/clang", "--ro-bind", "/dev/null", "/usr/lib/llvm-16/bin/lld", "--ro-bind", "/dev/null", "/usr/lib/llvm-16/bin/llvm-as", "--ro-bind", "/dev/null", "/usr/lib/llvm-17/bin/clang", "--ro-bind", "/dev/null", "/usr/lib/llvm-17/bin/lld", "--ro-bind", "/dev/null", "/usr/lib/llvm-17/bin/llvm-as", "--ro-bind", "/dev/null", "/usr/lib/llvm-18/bin/clang", "--ro-bind", "/dev/null", "/usr/lib/llvm-18/bin/lld", "--ro-bind", "/dev/null", "/usr/lib/llvm-18/bin/llvm-as", "--ro-bind", "/dev/null", "/usr/local/bin/cmake", "--ro-bind", "/dev/null", "/usr/local/bin/ninja", "--cap-add", "CAP_SETUID", "--cap-add", "CAP_SETGID", "--cap-add", "CAP_SETPCAP", "--clearenv", "--setenv", "LANG", "C.UTF-8", "--setenv", "HOME", "/home/runner/work/_temp/aphid-current-consumer/mix-release-proof/home", "--setenv", "PATH", "/usr/bin:/bin:/usr/sbin:/sbin", "--setenv", "TMPDIR", "/home/runner/work/_temp/aphid-current-consumer/mix-release-proof/tmp", "--setenv", "ERL_FLAGS", "+S 1:1 +SDcpu 1:1", "--setenv", "RELEASE_DISTRIBUTION", "none", "--setenv", "PROOF_DATABASE", "/home/runner/work/_temp/aphid-current-consumer/mix-release-proof/persistent.db", "--setenv", "PROOF_DENIED_FILES", "/home/runner/work/Aphid/Aphid/mix.exs|/home/runner/work/_temp/aphid-current-consumer/mix-release-proof/build/mix.exs|/home/runner/work/_temp/aphid-current-consumer/fresh/consumer/mix.exs|/home/runner/work/_temp/.setup-beam/elixir/bin/elixir", "--", "/usr/bin/setpriv", "--reuid", "1001", "--regid", "1001", "--clear-groups", "--bounding-set=-all", "--no-new-privs", "--", "/home/runner/work/_temp/aphid-current-consumer/mix-release-proof/relocated caf\u00e9 release/bin/aphid_consumer", "eval", "Code.require_file(\"guards.exs\")"], "cwd": "/home/runner/work/_temp/aphid-current-consumer/mix-release-proof/relocated caf\u00e9 release/validation", "exit": 0, "seconds": 0.415}
consumer (ubuntu-24.04, x86_64-linux-gnu)	Verify current package with exact reviewed native archive	2026-09-08T15:07:57.3786521Z bundled release runtime: {"1.20.0", ~c"17.0.4",
consumer (ubuntu-24.04, x86_64-linux-gnu)	Verify current package with exact reviewed native archive	2026-09-08T15:07:57.3787746Z  "/home/runner/work/_temp/aphid-current-consumer/mix-release-proof/relocated café release"}
consumer (ubuntu-24.04, x86_64-linux-gnu)	Verify current package with exact reviewed native archive	2026-09-08T15:07:59.6470388Z Running ExUnit with seed: 0, max_cases: 2
consumer (ubuntu-24.04, x86_64-linux-gnu)	Verify current package with exact reviewed native archive	2026-09-08T15:07:59.6470958Z 
consumer (ubuntu-24.04, x86_64-linux-gnu)	Verify current package with exact reviewed native archive	2026-09-08T15:08:06.3071103Z ...................Aphid basic example passed
consumer (ubuntu-24.04, x86_64-linux-gnu)	Verify current package with exact reviewed native archive	2026-09-08T15:08:06.3460158Z .Aphid transaction example passed
consumer (ubuntu-24.04, x86_64-linux-gnu)	Verify current package with exact reviewed native archive	2026-09-08T15:08:06.3722022Z .Aphid stream example passed
consumer (ubuntu-24.04, x86_64-linux-gnu)	Verify current package with exact reviewed native archive	2026-09-08T15:08:06.4470979Z .Aphid FTS example passed
consumer (ubuntu-24.04, x86_64-linux-gnu)	Verify current package with exact reviewed native archive	2026-09-08T15:08:06.4860539Z .Aphid vector example passed
consumer (ubuntu-24.04, x86_64-linux-gnu)	Verify current package with exact reviewed native archive	2026-09-08T15:08:06.5896170Z .Aphid DuckDB example passed
consumer (ubuntu-24.04, x86_64-linux-gnu)	Verify current package with exact reviewed native archive	2026-09-08T15:08:12.8228542Z .............stale-cancel race: 30 iterations; maximum cancel-to-idle 218008 us
consumer (ubuntu-24.04, x86_64-linux-gnu)	Verify current package with exact reviewed native archive	2026-09-08T15:08:17.4610226Z ........heartbeat: 11 samples; maximum gap 6 ms
consumer (ubuntu-24.04, x86_64-linux-gnu)	Verify current package with exact reviewed native archive	2026-09-08T15:08:17.5626500Z .
consumer (ubuntu-24.04, x86_64-linux-gnu)	Verify current package with exact reviewed native archive	2026-09-08T15:08:17.5629643Z 15:08:17.560 [error] Aphid artifact [unloadable]: /home/runner/work/_temp/aphid-current-consumer/mix-release-proof/relocated café release/lib/aphid-0.1.1-dev/priv/lib/Elixir.Aphid.Native: {:upgrade, ~c"Library upgrade-call unsuccessful (-1)."}; use the matching complete bundle and runtime. No source fallback.
consumer (ubuntu-24.04, x86_64-linux-gnu)	Verify current package with exact reviewed native archive	2026-09-08T15:08:17.5662287Z 
consumer (ubuntu-24.04, x86_64-linux-gnu)	Verify current package with exact reviewed native archive	2026-09-08T15:08:17.5663691Z 15:08:17.563 [warning] The on_load function for module Elixir.Aphid.Native returned:
consumer (ubuntu-24.04, x86_64-linux-gnu)	Verify current package with exact reviewed native archive	2026-09-08T15:08:17.5664659Z {:error, {:upgrade, ~c"Library upgrade-call unsuccessful (-1)."}}
consumer (ubuntu-24.04, x86_64-linux-gnu)	Verify current package with exact reviewed native archive	2026-09-08T15:08:17.5665179Z 
consumer (ubuntu-24.04, x86_64-linux-gnu)	Verify current package with exact reviewed native archive	2026-09-08T15:08:20.2541006Z .....................................................
consumer (ubuntu-24.04, x86_64-linux-gnu)	Verify current package with exact reviewed native archive	2026-09-08T15:08:20.2561866Z Finished in 20.6 seconds (0.00s async, 20.6s sync)
consumer (ubuntu-24.04, x86_64-linux-gnu)	Verify current package with exact reviewed native archive	2026-09-08T15:08:20.2563057Z 
consumer (ubuntu-24.04, x86_64-linux-gnu)	Verify current package with exact reviewed native archive	2026-09-08T15:08:20.2563307Z Result: 99 passed
consumer (ubuntu-24.04, x86_64-linux-gnu)	Verify current package with exact reviewed native archive	2026-09-08T15:08:20.2563807Z relocated Mix release: all 99 tests passed
consumer (ubuntu-24.04, x86_64-linux-gnu)	Verify current package with exact reviewed native archive	2026-09-08T15:08:20.3012387Z {"command": ["sudo", "-E", "bwrap", "--die-with-parent", "--unshare-pid", "--ro-bind", "/", "/", "--dev", "/dev", "--proc", "/proc", "--bind", "/home/runner/work/_temp/aphid-current-consumer/mix-release-proof", "/home/runner/work/_temp/aphid-current-consumer/mix-release-proof", "--unshare-net", "--tmpfs", "/home/runner/work/Aphid/Aphid", "--tmpfs", "/home/runner/work/Aphid", "--tmpfs", "/home/runner/work/_temp/aphid-current-consumer/fresh", "--tmpfs", "/home/runner/work/_temp/aphid-current-consumer/mix-release-proof/build", "--tmpfs", "/home/runner/work/_temp/aphid-current-consumer/mix-release-proof/assembled", "--tmpfs", "/home/runner/work/_temp/.setup-beam/elixir", "--tmpfs", "/home/runner/work/_temp/.setup-beam/otp", "--tmpfs", "/home/runner/.mix", "--ro-bind", "/dev/null", "/usr/bin/c89-gcc", "--ro-bind", "/dev/null", "/usr/bin/c99-gcc", "--ro-bind", "/dev/null", "/usr/bin/make", "--ro-bind", "/dev/null", "/usr/bin/x86_64-linux-gnu-as", "--ro-bind", "/dev/null", "/usr/bin/x86_64-linux-gnu-g++-12", "--ro-bind", "/dev/null", "/usr/bin/x86_64-linux-gnu-g++-13", "--ro-bind", "/dev/null", "/usr/bin/x86_64-linux-gnu-g++-14", "--ro-bind", "/dev/null", "/usr/bin/x86_64-linux-gnu-gcc-12", "--ro-bind", "/dev/null", "/usr/bin/x86_64-linux-gnu-gcc-13", "--ro-bind", "/dev/null", "/usr/bin/x86_64-linux-gnu-gcc-14", "--ro-bind", "/dev/null", "/usr/bin/x86_64-linux-gnu-ld.bfd", "--ro-bind", "/dev/null", "/usr/lib/llvm-16/bin/clang", "--ro-bind", "/dev/null", "/usr/lib/llvm-16/bin/lld", "--ro-bind", "/dev/null", "/usr/lib/llvm-16/bin/llvm-as", "--ro-bind", "/dev/null", "/usr/lib/llvm-17/bin/clang", "--ro-bind", "/dev/null", "/usr/lib/llvm-17/bin/lld", "--ro-bind", "/dev/null", "/usr/lib/llvm-17/bin/llvm-as", "--ro-bind", "/dev/null", "/usr/lib/llvm-18/bin/clang", "--ro-bind", "/dev/null", "/usr/lib/llvm-18/bin/lld", "--ro-bind", "/dev/null", "/usr/lib/llvm-18/bin/llvm-as", "--ro-bind", "/dev/null", "/usr/local/bin/cmake", "--ro-bind", "/dev/null", "/usr/local/bin/ninja", "--cap-add", "CAP_SETUID", "--cap-add", "CAP_SETGID", "--cap-add", "CAP_SETPCAP", "--clearenv", "--setenv", "LANG", "C.UTF-8", "--setenv", "HOME", "/home/runner/work/_temp/aphid-current-consumer/mix-release-proof/home", "--setenv", "PATH", "/usr/bin:/bin:/usr/sbin:/sbin", "--setenv", "TMPDIR", "/home/runner/work/_temp/aphid-current-consumer/mix-release-proof/tmp", "--setenv", "ERL_FLAGS", "+S 1:1 +SDcpu 1:1", "--setenv", "RELEASE_DISTRIBUTION", "none", "--setenv", "PROOF_DATABASE", "/home/runner/work/_temp/aphid-current-consumer/mix-release-proof/persistent.db", "--setenv", "PROOF_DENIED_FILES", "/home/runner/work/Aphid/Aphid/mix.exs|/home/runner/work/_temp/aphid-current-consumer/mix-release-proof/build/mix.exs|/home/runner/work/_temp/aphid-current-consumer/fresh/consumer/mix.exs|/home/runner/work/_temp/.setup-beam/elixir/bin/elixir", "--", "/usr/bin/setpriv", "--reuid", "1001", "--regid", "1001", "--clear-groups", "--bounding-set=-all", "--no-new-privs", "--", "/home/runner/work/_temp/aphid-current-consumer/mix-release-proof/relocated caf\u00e9 release/bin/aphid_consumer", "eval", "Code.require_file(\"suite.exs\")"], "cwd": "/home/runner/work/_temp/aphid-current-consumer/mix-release-proof/relocated caf\u00e9 release/validation", "exit": 0, "seconds": 23.516}
consumer (ubuntu-24.04, x86_64-linux-gnu)	Verify current package with exact reviewed native archive	2026-09-08T15:08:21.2431643Z 
consumer (ubuntu-24.04, x86_64-linux-gnu)	Verify current package with exact reviewed native archive	2026-09-08T15:08:21.2432339Z 15:08:21.242 [notice] Application aphid exited: :stopped
consumer (ubuntu-24.04, x86_64-linux-gnu)	Verify current package with exact reviewed native archive	2026-09-08T15:08:21.2433778Z embedded activation passed; application restart did not reload NIFs
consumer (ubuntu-24.04, x86_64-linux-gnu)	Verify current package with exact reviewed native archive	2026-09-08T15:08:21.2796723Z release start booted applications, loaded both NIFs, persisted data and closed database
consumer (ubuntu-24.04, x86_64-linux-gnu)	Verify current package with exact reviewed native archive	2026-09-08T15:08:21.3498582Z {"command": ["sudo", "-E", "bwrap", "--die-with-parent", "--unshare-pid", "--ro-bind", "/", "/", "--dev", "/dev", "--proc", "/proc", "--bind", "/home/runner/work/_temp/aphid-current-consumer/mix-release-proof", "/home/runner/work/_temp/aphid-current-consumer/mix-release-proof", "--unshare-net", "--tmpfs", "/home/runner/work/Aphid/Aphid", "--tmpfs", "/home/runner/work/Aphid", "--tmpfs", "/home/runner/work/_temp/aphid-current-consumer/fresh", "--tmpfs", "/home/runner/work/_temp/aphid-current-consumer/mix-release-proof/build", "--tmpfs", "/home/runner/work/_temp/aphid-current-consumer/mix-release-proof/assembled", "--tmpfs", "/home/runner/work/_temp/.setup-beam/elixir", "--tmpfs", "/home/runner/work/_temp/.setup-beam/otp", "--tmpfs", "/home/runner/.mix", "--ro-bind", "/dev/null", "/usr/bin/c89-gcc", "--ro-bind", "/dev/null", "/usr/bin/c99-gcc", "--ro-bind", "/dev/null", "/usr/bin/make", "--ro-bind", "/dev/null", "/usr/bin/x86_64-linux-gnu-as", "--ro-bind", "/dev/null", "/usr/bin/x86_64-linux-gnu-g++-12", "--ro-bind", "/dev/null", "/usr/bin/x86_64-linux-gnu-g++-13", "--ro-bind", "/dev/null", "/usr/bin/x86_64-linux-gnu-g++-14", "--ro-bind", "/dev/null", "/usr/bin/x86_64-linux-gnu-gcc-12", "--ro-bind", "/dev/null", "/usr/bin/x86_64-linux-gnu-gcc-13", "--ro-bind", "/dev/null", "/usr/bin/x86_64-linux-gnu-gcc-14", "--ro-bind", "/dev/null", "/usr/bin/x86_64-linux-gnu-ld.bfd", "--ro-bind", "/dev/null", "/usr/lib/llvm-16/bin/clang", "--ro-bind", "/dev/null", "/usr/lib/llvm-16/bin/lld", "--ro-bind", "/dev/null", "/usr/lib/llvm-16/bin/llvm-as", "--ro-bind", "/dev/null", "/usr/lib/llvm-17/bin/clang", "--ro-bind", "/dev/null", "/usr/lib/llvm-17/bin/lld", "--ro-bind", "/dev/null", "/usr/lib/llvm-17/bin/llvm-as", "--ro-bind", "/dev/null", "/usr/lib/llvm-18/bin/clang", "--ro-bind", "/dev/null", "/usr/lib/llvm-18/bin/lld", "--ro-bind", "/dev/null", "/usr/lib/llvm-18/bin/llvm-as", "--ro-bind", "/dev/null", "/usr/local/bin/cmake", "--ro-bind", "/dev/null", "/usr/local/bin/ninja", "--cap-add", "CAP_SETUID", "--cap-add", "CAP_SETGID", "--cap-add", "CAP_SETPCAP", "--clearenv", "--setenv", "LANG", "C.UTF-8", "--setenv", "HOME", "/home/runner/work/_temp/aphid-current-consumer/mix-release-proof/home", "--setenv", "PATH", "/usr/bin:/bin:/usr/sbin:/sbin", "--setenv", "TMPDIR", "/home/runner/work/_temp/aphid-current-consumer/mix-release-proof/tmp", "--setenv", "ERL_FLAGS", "+S 1:1 +SDcpu 1:1", "--setenv", "RELEASE_DISTRIBUTION", "none", "--setenv", "PROOF_DATABASE", "/home/runner/work/_temp/aphid-current-consumer/mix-release-proof/persistent.db", "--setenv", "PROOF_DENIED_FILES", "/home/runner/work/Aphid/Aphid/mix.exs|/home/runner/work/_temp/aphid-current-consumer/mix-release-proof/build/mix.exs|/home/runner/work/_temp/aphid-current-consumer/fresh/consumer/mix.exs|/home/runner/work/_temp/.setup-beam/elixir/bin/elixir", "--setenv", "RELEASE_VM_ARGS", "/home/runner/work/_temp/aphid-current-consumer/mix-release-proof/start.vm.args", "--setenv", "PROOF_START_SCRIPT", "/home/runner/work/_temp/aphid-current-consumer/mix-release-proof/relocated caf\u00e9 release/validation/start.exs", "--", "/usr/bin/setpriv", "--reuid", "1001", "--regid", "1001", "--clear-groups", "--bounding-set=-all", "--no-new-privs", "--", "/home/runner/work/_temp/aphid-current-consumer/mix-release-proof/relocated caf\u00e9 release/bin/aphid_consumer", "start"], "cwd": "/home/runner/work/_temp/aphid-current-consumer/mix-release-proof/relocated caf\u00e9 release/validation", "exit": 0, "seconds": 1.016}
consumer (ubuntu-24.04, x86_64-linux-gnu)	Verify current package with exact reviewed native archive	2026-09-08T15:08:21.9948446Z new release VM reopened persisted database after graceful shutdown
consumer (ubuntu-24.04, x86_64-linux-gnu)	Verify current package with exact reviewed native archive	2026-09-08T15:08:22.0163744Z {"command": ["sudo", "-E", "bwrap", "--die-with-parent", "--unshare-pid", "--ro-bind", "/", "/", "--dev", "/dev", "--proc", "/proc", "--bind", "/home/runner/work/_temp/aphid-current-consumer/mix-release-proof", "/home/runner/work/_temp/aphid-current-consumer/mix-release-proof", "--unshare-net", "--tmpfs", "/home/runner/work/Aphid/Aphid", "--tmpfs", "/home/runner/work/Aphid", "--tmpfs", "/home/runner/work/_temp/aphid-current-consumer/fresh", "--tmpfs", "/home/runner/work/_temp/aphid-current-consumer/mix-release-proof/build", "--tmpfs", "/home/runner/work/_temp/aphid-current-consumer/mix-release-proof/assembled", "--tmpfs", "/home/runner/work/_temp/.setup-beam/elixir", "--tmpfs", "/home/runner/work/_temp/.setup-beam/otp", "--tmpfs", "/home/runner/.mix", "--ro-bind", "/dev/null", "/usr/bin/c89-gcc", "--ro-bind", "/dev/null", "/usr/bin/c99-gcc", "--ro-bind", "/dev/null", "/usr/bin/make", "--ro-bind", "/dev/null", "/usr/bin/x86_64-linux-gnu-as", "--ro-bind", "/dev/null", "/usr/bin/x86_64-linux-gnu-g++-12", "--ro-bind", "/dev/null", "/usr/bin/x86_64-linux-gnu-g++-13", "--ro-bind", "/dev/null", "/usr/bin/x86_64-linux-gnu-g++-14", "--ro-bind", "/dev/null", "/usr/bin/x86_64-linux-gnu-gcc-12", "--ro-bind", "/dev/null", "/usr/bin/x86_64-linux-gnu-gcc-13", "--ro-bind", "/dev/null", "/usr/bin/x86_64-linux-gnu-gcc-14", "--ro-bind", "/dev/null", "/usr/bin/x86_64-linux-gnu-ld.bfd", "--ro-bind", "/dev/null", "/usr/lib/llvm-16/bin/clang", "--ro-bind", "/dev/null", "/usr/lib/llvm-16/bin/lld", "--ro-bind", "/dev/null", "/usr/lib/llvm-16/bin/llvm-as", "--ro-bind", "/dev/null", "/usr/lib/llvm-17/bin/clang", "--ro-bind", "/dev/null", "/usr/lib/llvm-17/bin/lld", "--ro-bind", "/dev/null", "/usr/lib/llvm-17/bin/llvm-as", "--ro-bind", "/dev/null", "/usr/lib/llvm-18/bin/clang", "--ro-bind", "/dev/null", "/usr/lib/llvm-18/bin/lld", "--ro-bind", "/dev/null", "/usr/lib/llvm-18/bin/llvm-as", "--ro-bind", "/dev/null", "/usr/local/bin/cmake", "--ro-bind", "/dev/null", "/usr/local/bin/ninja", "--cap-add", "CAP_SETUID", "--cap-add", "CAP_SETGID", "--cap-add", "CAP_SETPCAP", "--clearenv", "--setenv", "LANG", "C.UTF-8", "--setenv", "HOME", "/home/runner/work/_temp/aphid-current-consumer/mix-release-proof/home", "--setenv", "PATH", "/usr/bin:/bin:/usr/sbin:/sbin", "--setenv", "TMPDIR", "/home/runner/work/_temp/aphid-current-consumer/mix-release-proof/tmp", "--setenv", "ERL_FLAGS", "+S 1:1 +SDcpu 1:1", "--setenv", "RELEASE_DISTRIBUTION", "none", "--setenv", "PROOF_DATABASE", "/home/runner/work/_temp/aphid-current-consumer/mix-release-proof/persistent.db", "--setenv", "PROOF_DENIED_FILES", "/home/runner/work/Aphid/Aphid/mix.exs|/home/runner/work/_temp/aphid-current-consumer/mix-release-proof/build/mix.exs|/home/runner/work/_temp/aphid-current-consumer/fresh/consumer/mix.exs|/home/runner/work/_temp/.setup-beam/elixir/bin/elixir", "--", "/usr/bin/setpriv", "--reuid", "1001", "--regid", "1001", "--clear-groups", "--bounding-set=-all", "--no-new-privs", "--", "/home/runner/work/_temp/aphid-current-consumer/mix-release-proof/relocated caf\u00e9 release/bin/aphid_consumer", "eval", "Code.require_file(\"reopen.exs\")"], "cwd": "/home/runner/work/_temp/aphid-current-consumer/mix-release-proof/relocated caf\u00e9 release/validation", "exit": 0, "seconds": 0.666}
consumer (ubuntu-24.04, x86_64-linux-gnu)	Verify current package with exact reviewed native archive	2026-09-08T15:08:22.2562133Z retained ExUnit scratch databases (not archive contents): ['validation/tmp/Aphid.CombinedHardeningTest/test-caller_death-rolls-back-indexed-mutation-with-three-retained-feature-cursors-3cdae5f7/fixture.duckdb', 'validation/tmp/Aphid.CombinedHardeningTest/test-caller_death-rolls-back-indexed-mutation-with-three-retained-feature-cursors-3cdae5f7/graph', 'validation/tmp/Aphid.CombinedHardeningTest/test-shutdown-rolls-back-indexed-mutation-with-three-retained-feature-cursors-19761466/fixture.duckdb', 'validation/tmp/Aphid.CombinedHardeningTest/test-shutdown-rolls-back-indexed-mutation-with-three-retained-feature-cursors-19761466/graph', 'validation/tmp/Aphid.CombinedHardeningTest/test-timeout-rolls-back-indexed-mutation-with-three-retained-feature-cursors-9fee5f53/fixture.duckdb', 'validation/tmp/Aphid.CombinedHardeningTest/test-timeout-rolls-back-indexed-mutation-with-three-retained-feature-cursors-9fee5f53/graph', 'validation/tmp/Aphid.TransactionTest/test-supervisor-death-stops-even-an-exit-trapping-callback-before-persistent-reopen-cc171fa5/graph', 'validation/tmp/AphidTest/test-supervisor-restart-preserves-data-and-waits-for-the-retiring-native-owner-1f95b412/graph']
consumer (ubuntu-24.04, x86_64-linux-gnu)	Verify current package with exact reviewed native archive	2026-09-08T15:08:22.3819044Z relocated Mix release passed: closure unchanged, compiler-free, offline start/shutdown/reopen, 99 tests; no release support claim
consumer (ubuntu-24.04, x86_64-linux-gnu)	Verify current package with exact reviewed native archive	2026-09-08T15:08:22.4253943Z {"command": ["/opt/hostedtoolcache/Python/3.14.7/x64/bin/python3", "scripts/mix_release.py", "--consumer", "/home/runner/work/_temp/aphid-current-consumer/fresh", "--destination", "/home/runner/work/_temp/aphid-current-consumer/mix-release-proof", "--output", "/home/runner/work/_temp/aphid-current-consumer/mix-release-validation.tar.gz"], "cwd": "/home/runner/work/Aphid/Aphid", "exit": 0, "seconds": 50.322}
consumer (ubuntu-24.04, x86_64-linux-gnu)	Verify current package with exact reviewed native archive	2026-09-08T15:08:24.0409988Z missing embedded startup rejected 1
consumer (ubuntu-24.04, x86_64-linux-gnu)	Verify current package with exact reviewed native archive	2026-09-08T15:08:24.0784333Z {"command": ["/opt/hostedtoolcache/Python/3.14.7/x64/bin/python3", "/home/runner/work/_temp/aphid-current-consumer/embedded-failures/check.py", "/home/runner/work/_temp/aphid-current-consumer/embedded-failures/missing.log", "missing", "/home/runner/work/_temp/aphid-current-consumer/mix-release-proof/relocated caf\u00e9 release/bin/aphid_consumer", "start"], "cwd": "/home/runner/work/_temp/aphid-current-consumer/embedded-failures", "exit": 0, "seconds": 1.468}
consumer (ubuntu-24.04, x86_64-linux-gnu)	Verify current package with exact reviewed native archive	2026-09-08T15:08:25.7521696Z corrupt embedded startup rejected 1
consumer (ubuntu-24.04, x86_64-linux-gnu)	Verify current package with exact reviewed native archive	2026-09-08T15:08:25.7763132Z {"command": ["/opt/hostedtoolcache/Python/3.14.7/x64/bin/python3", "/home/runner/work/_temp/aphid-current-consumer/embedded-failures/check.py", "/home/runner/work/_temp/aphid-current-consumer/embedded-failures/corrupt.log", "corrupt", "/home/runner/work/_temp/aphid-current-consumer/mix-release-proof/relocated caf\u00e9 release/bin/aphid_consumer", "start"], "cwd": "/home/runner/work/_temp/aphid-current-consumer/embedded-failures", "exit": 0, "seconds": 1.518}
consumer (ubuntu-24.04, x86_64-linux-gnu)	Verify current package with exact reviewed native archive	2026-09-08T15:08:27.4652021Z unloadable embedded startup rejected 1
consumer (ubuntu-24.04, x86_64-linux-gnu)	Verify current package with exact reviewed native archive	2026-09-08T15:08:27.5165436Z {"command": ["/opt/hostedtoolcache/Python/3.14.7/x64/bin/python3", "/home/runner/work/_temp/aphid-current-consumer/embedded-failures/check.py", "/home/runner/work/_temp/aphid-current-consumer/embedded-failures/unloadable.log", "unloadable", "sudo", "-E", "unshare", "--mount", "--fork", "--propagation", "private", "sh", "-c", "mount --bind \"$1\" \"$1\" && mount -o remount,bind,noexec \"$1\" && shift && exec \"$@\"", "noexec-proof", "/home/runner/work/_temp/aphid-current-consumer/mix-release-proof/relocated caf\u00e9 release/lib/aphid-0.1.1-dev/priv/lib", "/usr/bin/setpriv", "--reuid", "1001", "--regid", "1001", "--clear-groups", "--no-new-privs", "--", "/usr/bin/env", "PATH=/home/runner/work/_temp/.setup-beam/elixir/bin:/home/runner/.mix/escripts:/home/runner/work/_temp/.setup-beam/otp/bin:/opt/hostedtoolcache/Python/3.14.7/x64/bin:/opt/hostedtoolcache/Python/3.14.7/x64:/snap/bin:/home/runner/.local/bin:/opt/pipx_bin:/home/runner/.cargo/bin:/home/runner/.config/composer/vendor/bin:/usr/local/.ghcup/bin:/home/runner/.dotnet/tools:/usr/local/sbin:/usr/local/bin:/usr/sbin:/usr/bin:/sbin:/bin:/usr/games:/usr/local/games:/snap/bin", "/home/runner/work/_temp/aphid-current-consumer/mix-release-proof/relocated caf\u00e9 release/bin/aphid_consumer", "start"], "cwd": "/home/runner/work/_temp/aphid-current-consumer/embedded-failures", "exit": 0, "seconds": 1.568}
consumer (ubuntu-24.04, x86_64-linux-gnu)	Verify current package with exact reviewed native archive	2026-09-08T15:08:27.6462392Z embedded missing/corrupt/unloadable startup failures passed; native closure restored unchanged
consumer (ubuntu-24.04, x86_64-linux-gnu)	Verify current package with exact reviewed native archive	2026-09-08T15:08:27.7028191Z {"command": ["/opt/hostedtoolcache/Python/3.14.7/x64/bin/python3", "scripts/embedded_failures.py", "--release-work", "/home/runner/work/_temp/aphid-current-consumer/mix-release-proof", "--destination", "/home/runner/work/_temp/aphid-current-consumer/embedded-failures"], "cwd": "/home/runner/work/Aphid/Aphid", "exit": 0, "seconds": 5.277}
consumer (ubuntu-24.04, x86_64-linux-gnu)	Verify current package with exact reviewed native archive	2026-09-08T15:08:27.7030814Z Current combined source package passed with the unchanged qualified Linux bundle; no native build or artifact upload.
consumer (ubuntu-24.04, x86_64-linux-gnu)	Retain passing source package for cross-platform review	﻿2026-09-08T15:08:27.7247759Z Node 20 is being deprecated. This workflow is running with Node 24 by default. If you need to temporarily use Node 20, you can set the ACTIONS_ALLOW_USE_UNSECURE_NODE_VERSION=true environment variable. For more information see: https://github.blog/changelog/2025-09-19-deprecation-of-node-20-on-github-actions-runners/
consumer (ubuntu-24.04, x86_64-linux-gnu)	Retain passing source package for cross-platform review	2026-09-08T15:08:27.7249163Z ##[group]Run actions/upload-artifact@ea165f8d65b6e75b540449e92b4886f43607fa02
consumer (ubuntu-24.04, x86_64-linux-gnu)	Retain passing source package for cross-platform review	2026-09-08T15:08:27.7249552Z with:
consumer (ubuntu-24.04, x86_64-linux-gnu)	Retain passing source package for cross-platform review	2026-09-08T15:08:27.7249768Z   name: combined-source-34242496036
consumer (ubuntu-24.04, x86_64-linux-gnu)	Retain passing source package for cross-platform review	2026-09-08T15:08:27.7250037Z   retention-days: 7
consumer (ubuntu-24.04, x86_64-linux-gnu)	Retain passing source package for cross-platform review	2026-09-08T15:08:27.7250260Z   if-no-files-found: error
consumer (ubuntu-24.04, x86_64-linux-gnu)	Retain passing source package for cross-platform review	2026-09-08T15:08:27.7251261Z   path: /home/runner/work/_temp/aphid-current-consumer/aphid-0.1.1-dev-combined.tar
consumer (ubuntu-24.04, x86_64-linux-gnu)	Retain passing source package for cross-platform review	/home/runner/work/_temp/aphid-current-consumer/fresh/inputs.json
consumer (ubuntu-24.04, x86_64-linux-gnu)	Retain passing source package for cross-platform review	/home/runner/work/_temp/current-consumer.log
consumer (ubuntu-24.04, x86_64-linux-gnu)	Retain passing source package for cross-platform review	
consumer (ubuntu-24.04, x86_64-linux-gnu)	Retain passing source package for cross-platform review	2026-09-08T15:08:27.7252084Z   compression-level: 6
consumer (ubuntu-24.04, x86_64-linux-gnu)	Retain passing source package for cross-platform review	2026-09-08T15:08:27.7252307Z   overwrite: false
consumer (ubuntu-24.04, x86_64-linux-gnu)	Retain passing source package for cross-platform review	2026-09-08T15:08:27.7252526Z   include-hidden-files: false
consumer (ubuntu-24.04, x86_64-linux-gnu)	Retain passing source package for cross-platform review	2026-09-08T15:08:27.7253159Z env:
consumer (ubuntu-24.04, x86_64-linux-gnu)	Retain passing source package for cross-platform review	2026-09-08T15:08:27.7253426Z   pythonLocation: /opt/hostedtoolcache/Python/3.14.7/x64
consumer (ubuntu-24.04, x86_64-linux-gnu)	Retain passing source package for cross-platform review	2026-09-08T15:08:27.7253861Z   PKG_CONFIG_PATH: /opt/hostedtoolcache/Python/3.14.7/x64/lib/pkgconfig
consumer (ubuntu-24.04, x86_64-linux-gnu)	Retain passing source package for cross-platform review	2026-09-08T15:08:27.7254290Z   Python_ROOT_DIR: /opt/hostedtoolcache/Python/3.14.7/x64
consumer (ubuntu-24.04, x86_64-linux-gnu)	Retain passing source package for cross-platform review	2026-09-08T15:08:27.7254664Z   Python2_ROOT_DIR: /opt/hostedtoolcache/Python/3.14.7/x64
consumer (ubuntu-24.04, x86_64-linux-gnu)	Retain passing source package for cross-platform review	2026-09-08T15:08:27.7255037Z   Python3_ROOT_DIR: /opt/hostedtoolcache/Python/3.14.7/x64
consumer (ubuntu-24.04, x86_64-linux-gnu)	Retain passing source package for cross-platform review	2026-09-08T15:08:27.7255418Z   LD_LIBRARY_PATH: /opt/hostedtoolcache/Python/3.14.7/x64/lib
consumer (ubuntu-24.04, x86_64-linux-gnu)	Retain passing source package for cross-platform review	2026-09-08T15:08:27.7255818Z   INSTALL_DIR_FOR_OTP: /home/runner/work/_temp/.setup-beam/otp
consumer (ubuntu-24.04, x86_64-linux-gnu)	Retain passing source package for cross-platform review	2026-09-08T15:08:27.7256239Z   INSTALL_DIR_FOR_ELIXIR: /home/runner/work/_temp/.setup-beam/elixir
consumer (ubuntu-24.04, x86_64-linux-gnu)	Retain passing source package for cross-platform review	2026-09-08T15:08:27.7256586Z ##[endgroup]
consumer (ubuntu-24.04, x86_64-linux-gnu)	Retain passing source package for cross-platform review	2026-09-08T15:08:27.8981132Z (node:6432) [DEP0040] DeprecationWarning: The `punycode` module is deprecated. Please use a userland alternative instead.
consumer (ubuntu-24.04, x86_64-linux-gnu)	Retain passing source package for cross-platform review	2026-09-08T15:08:27.8981913Z (Use `node --trace-deprecation ...` to show where the warning was created)
consumer (ubuntu-24.04, x86_64-linux-gnu)	Retain passing source package for cross-platform review	2026-09-08T15:08:27.9049173Z Multiple search paths detected. Calculating the least common ancestor of all paths
consumer (ubuntu-24.04, x86_64-linux-gnu)	Retain passing source package for cross-platform review	2026-09-08T15:08:27.9052287Z The least common ancestor is /home/runner/work/_temp. This will be the root directory of the artifact
consumer (ubuntu-24.04, x86_64-linux-gnu)	Retain passing source package for cross-platform review	2026-09-08T15:08:27.9053816Z With the provided path, there will be 3 files uploaded
consumer (ubuntu-24.04, x86_64-linux-gnu)	Retain passing source package for cross-platform review	2026-09-08T15:08:27.9068749Z Artifact name is valid!
consumer (ubuntu-24.04, x86_64-linux-gnu)	Retain passing source package for cross-platform review	2026-09-08T15:08:27.9073166Z Root directory input is valid!
consumer (ubuntu-24.04, x86_64-linux-gnu)	Retain passing source package for cross-platform review	2026-09-08T15:08:28.3165565Z Beginning upload of artifact content to blob storage
consumer (ubuntu-24.04, x86_64-linux-gnu)	Retain passing source package for cross-platform review	2026-09-08T15:08:28.3465043Z (node:6432) [DEP0169] DeprecationWarning: `url.parse()` behavior is not standardized and prone to errors that have security implications. Use the WHATWG URL API instead. CVEs are not issued for `url.parse()` vulnerabilities.
consumer (ubuntu-24.04, x86_64-linux-gnu)	Retain passing source package for cross-platform review	2026-09-08T15:08:28.8395956Z Uploaded bytes 138793
consumer (ubuntu-24.04, x86_64-linux-gnu)	Retain passing source package for cross-platform review	2026-09-08T15:08:28.9191705Z Finished uploading artifact content to blob storage!
consumer (ubuntu-24.04, x86_64-linux-gnu)	Retain passing source package for cross-platform review	2026-09-08T15:08:28.9193359Z SHA256 digest of uploaded artifact zip is 12f2240c2c9a7d758d2dba7d44d50605328cb848755a658e1ef86391e6383ca2
consumer (ubuntu-24.04, x86_64-linux-gnu)	Retain passing source package for cross-platform review	2026-09-08T15:08:28.9194787Z Finalizing artifact upload
consumer (ubuntu-24.04, x86_64-linux-gnu)	Retain passing source package for cross-platform review	2026-09-08T15:08:29.1946519Z Artifact combined-source-34242496036.zip successfully finalized. Artifact ID 10062689503
consumer (ubuntu-24.04, x86_64-linux-gnu)	Retain passing source package for cross-platform review	2026-09-08T15:08:29.1947585Z Artifact combined-source-34242496036 has been successfully uploaded! Final size is 138793 bytes. Artifact ID is 10062689503
consumer (ubuntu-24.04, x86_64-linux-gnu)	Retain passing source package for cross-platform review	2026-09-08T15:08:29.1953871Z Artifact download URL: https://github.com/catethos/Aphid/actions/runs/34242496036/artifacts/10062689503
consumer (ubuntu-24.04, x86_64-linux-gnu)	Post Run actions/setup-python@ece7cb06caefa5fff74198d8649806c4678c61a1	﻿2026-09-08T15:08:29.2134380Z Post job cleanup.
consumer (ubuntu-24.04, x86_64-linux-gnu)	Post Run actions/checkout@d23441a48e516b6c34aea4fa41551a30e30af803	﻿2026-09-08T15:08:29.3598377Z Post job cleanup.
consumer (ubuntu-24.04, x86_64-linux-gnu)	Post Run actions/checkout@d23441a48e516b6c34aea4fa41551a30e30af803	2026-09-08T15:08:29.4591457Z [command]/usr/bin/git version
consumer (ubuntu-24.04, x86_64-linux-gnu)	Post Run actions/checkout@d23441a48e516b6c34aea4fa41551a30e30af803	2026-09-08T15:08:29.4641157Z git version 2.55.0
consumer (ubuntu-24.04, x86_64-linux-gnu)	Post Run actions/checkout@d23441a48e516b6c34aea4fa41551a30e30af803	2026-09-08T15:08:29.4684981Z Temporarily overriding HOME='/home/runner/work/_temp/2ae28d42-0cc0-47b6-be4d-49f18a549a34' before making global git config changes
consumer (ubuntu-24.04, x86_64-linux-gnu)	Post Run actions/checkout@d23441a48e516b6c34aea4fa41551a30e30af803	2026-09-08T15:08:29.4686528Z Adding repository directory to the temporary git global config as a safe directory
consumer (ubuntu-24.04, x86_64-linux-gnu)	Post Run actions/checkout@d23441a48e516b6c34aea4fa41551a30e30af803	2026-09-08T15:08:29.4696219Z [command]/usr/bin/git config --global --add safe.directory /home/runner/work/Aphid/Aphid
consumer (ubuntu-24.04, x86_64-linux-gnu)	Post Run actions/checkout@d23441a48e516b6c34aea4fa41551a30e30af803	2026-09-08T15:08:29.4753532Z Removing SSH command configuration
consumer (ubuntu-24.04, x86_64-linux-gnu)	Post Run actions/checkout@d23441a48e516b6c34aea4fa41551a30e30af803	2026-09-08T15:08:29.4763955Z [command]/usr/bin/git config --local --name-only --get-regexp core\.sshCommand
consumer (ubuntu-24.04, x86_64-linux-gnu)	Post Run actions/checkout@d23441a48e516b6c34aea4fa41551a30e30af803	2026-09-08T15:08:29.4826540Z [command]/usr/bin/git submodule foreach --recursive sh -c "git config --local --name-only --get-regexp 'core\.sshCommand' && git config --local --unset-all 'core.sshCommand' || :"
consumer (ubuntu-24.04, x86_64-linux-gnu)	Post Run actions/checkout@d23441a48e516b6c34aea4fa41551a30e30af803	2026-09-08T15:08:29.5192996Z Removing HTTP extra header
consumer (ubuntu-24.04, x86_64-linux-gnu)	Post Run actions/checkout@d23441a48e516b6c34aea4fa41551a30e30af803	2026-09-08T15:08:29.5194522Z [command]/usr/bin/git config --local --name-only --get-regexp http\.https\:\/\/github\.com\/\.extraheader
consumer (ubuntu-24.04, x86_64-linux-gnu)	Post Run actions/checkout@d23441a48e516b6c34aea4fa41551a30e30af803	2026-09-08T15:08:29.5290287Z [command]/usr/bin/git submodule foreach --recursive sh -c "git config --local --name-only --get-regexp 'http\.https\:\/\/github\.com\/\.extraheader' && git config --local --unset-all 'http.https://github.com/.extraheader' || :"
consumer (ubuntu-24.04, x86_64-linux-gnu)	Post Run actions/checkout@d23441a48e516b6c34aea4fa41551a30e30af803	2026-09-08T15:08:29.5586929Z Removing includeIf entries pointing to credentials config files
consumer (ubuntu-24.04, x86_64-linux-gnu)	Post Run actions/checkout@d23441a48e516b6c34aea4fa41551a30e30af803	2026-09-08T15:08:29.5588070Z [command]/usr/bin/git config --local --name-only --get-regexp ^includeIf\.gitdir:
consumer (ubuntu-24.04, x86_64-linux-gnu)	Post Run actions/checkout@d23441a48e516b6c34aea4fa41551a30e30af803	2026-09-08T15:08:29.5618324Z [command]/usr/bin/git submodule foreach --recursive git config --local --show-origin --name-only --get-regexp remote.origin.url
consumer (ubuntu-24.04, x86_64-linux-gnu)	Complete job	﻿2026-09-08T15:08:29.6031788Z Cleaning up orphan processes
consumer (ubuntu-24.04, x86_64-linux-gnu)	Complete job	2026-09-08T15:08:29.6369391Z ##[warning]Node.js 20 is deprecated. The following actions target Node.js 20 but are being forced to run on Node.js 24: actions/upload-artifact@ea165f8d65b6e75b540449e92b4886f43607fa02. For more information see: https://github.blog/changelog/2025-09-19-deprecation-of-node-20-on-github-actions-runners/
consumer (ubuntu-24.04-arm, aarch64-linux-gnu)	Set up job	﻿2026-09-08T15:05:31.4329134Z Current runner version: '2.337.0'
consumer (ubuntu-24.04-arm, aarch64-linux-gnu)	Set up job	2026-09-08T15:05:31.4362337Z ##[group]Runner Image Provisioner
consumer (ubuntu-24.04-arm, aarch64-linux-gnu)	Set up job	2026-09-08T15:05:31.4363366Z Hosted Compute Agent
consumer (ubuntu-24.04-arm, aarch64-linux-gnu)	Set up job	2026-09-08T15:05:31.4364025Z Version: 20260828.587
consumer (ubuntu-24.04-arm, aarch64-linux-gnu)	Set up job	2026-09-08T15:05:31.4364795Z Commit: abac92662cab4cc7352de4f9f9d2e2419aad9c29
consumer (ubuntu-24.04-arm, aarch64-linux-gnu)	Set up job	2026-09-08T15:05:31.4365833Z Build Date: 2026-08-28T16:44:25Z
consumer (ubuntu-24.04-arm, aarch64-linux-gnu)	Set up job	2026-09-08T15:05:31.4366699Z Worker ID: {54b2f198-3fcb-42c7-923f-e2c7e4fcde39}
consumer (ubuntu-24.04-arm, aarch64-linux-gnu)	Set up job	2026-09-08T15:05:31.4367459Z Azure Region: westus2
consumer (ubuntu-24.04-arm, aarch64-linux-gnu)	Set up job	2026-09-08T15:05:31.4368101Z ##[endgroup]
consumer (ubuntu-24.04-arm, aarch64-linux-gnu)	Set up job	2026-09-08T15:05:31.4370600Z ##[group]Operating System
consumer (ubuntu-24.04-arm, aarch64-linux-gnu)	Set up job	2026-09-08T15:05:31.4371285Z Ubuntu
consumer (ubuntu-24.04-arm, aarch64-linux-gnu)	Set up job	2026-09-08T15:05:31.4371974Z 24.04.4
consumer (ubuntu-24.04-arm, aarch64-linux-gnu)	Set up job	2026-09-08T15:05:31.4372499Z LTS
consumer (ubuntu-24.04-arm, aarch64-linux-gnu)	Set up job	2026-09-08T15:05:31.4373051Z ##[endgroup]
consumer (ubuntu-24.04-arm, aarch64-linux-gnu)	Set up job	2026-09-08T15:05:31.4373657Z ##[group]Runner Image
consumer (ubuntu-24.04-arm, aarch64-linux-gnu)	Set up job	2026-09-08T15:05:31.4374270Z Image: ubuntu-24.04-arm
consumer (ubuntu-24.04-arm, aarch64-linux-gnu)	Set up job	2026-09-08T15:05:31.4374855Z Version: 20260831.111.1
consumer (ubuntu-24.04-arm, aarch64-linux-gnu)	Set up job	2026-09-08T15:05:31.4376521Z Included Software: https://github.com/actions/runner-images/blob/ubuntu24-arm64/20260831.111/images/ubuntu/Ubuntu2404-Arm64-Readme.md
consumer (ubuntu-24.04-arm, aarch64-linux-gnu)	Set up job	2026-09-08T15:05:31.4378599Z Image Release: https://github.com/actions/runner-images/releases/tag/ubuntu24-arm64%2F20260831.111
consumer (ubuntu-24.04-arm, aarch64-linux-gnu)	Set up job	2026-09-08T15:05:31.4379540Z ##[endgroup]
consumer (ubuntu-24.04-arm, aarch64-linux-gnu)	Set up job	2026-09-08T15:05:31.4380875Z ##[group]GITHUB_TOKEN Permissions
consumer (ubuntu-24.04-arm, aarch64-linux-gnu)	Set up job	2026-09-08T15:05:31.4383871Z Actions: read
consumer (ubuntu-24.04-arm, aarch64-linux-gnu)	Set up job	2026-09-08T15:05:31.4384502Z Contents: read
consumer (ubuntu-24.04-arm, aarch64-linux-gnu)	Set up job	2026-09-08T15:05:31.4385311Z Metadata: read
consumer (ubuntu-24.04-arm, aarch64-linux-gnu)	Set up job	2026-09-08T15:05:31.4386321Z ##[endgroup]
consumer (ubuntu-24.04-arm, aarch64-linux-gnu)	Set up job	2026-09-08T15:05:31.4390402Z Secret source: Actions
consumer (ubuntu-24.04-arm, aarch64-linux-gnu)	Set up job	2026-09-08T15:05:31.4391971Z Prepare workflow directory
consumer (ubuntu-24.04-arm, aarch64-linux-gnu)	Set up job	2026-09-08T15:05:31.4832753Z Prepare all required actions
consumer (ubuntu-24.04-arm, aarch64-linux-gnu)	Set up job	2026-09-08T15:05:31.4889908Z Getting action download info
consumer (ubuntu-24.04-arm, aarch64-linux-gnu)	Set up job	2026-09-08T15:05:31.8450472Z Download action repository 'actions/checkout@d23441a48e516b6c34aea4fa41551a30e30af803' (SHA:d23441a48e516b6c34aea4fa41551a30e30af803)
consumer (ubuntu-24.04-arm, aarch64-linux-gnu)	Set up job	2026-09-08T15:05:31.9909467Z Download action repository 'actions/setup-python@ece7cb06caefa5fff74198d8649806c4678c61a1' (SHA:ece7cb06caefa5fff74198d8649806c4678c61a1)
consumer (ubuntu-24.04-arm, aarch64-linux-gnu)	Set up job	2026-09-08T15:05:32.1033552Z Download action repository 'erlef/setup-beam@54075bcc5e249e4758d363f27d099f55d843f124' (SHA:54075bcc5e249e4758d363f27d099f55d843f124)
consumer (ubuntu-24.04-arm, aarch64-linux-gnu)	Set up job	2026-09-08T15:05:32.4083263Z Download action repository 'actions/upload-artifact@ea165f8d65b6e75b540449e92b4886f43607fa02' (SHA:ea165f8d65b6e75b540449e92b4886f43607fa02)
consumer (ubuntu-24.04-arm, aarch64-linux-gnu)	Set up job	2026-09-08T15:05:32.6530703Z Complete job name: consumer (ubuntu-24.04-arm, aarch64-linux-gnu)
consumer (ubuntu-24.04-arm, aarch64-linux-gnu)	Run actions/checkout@d23441a48e516b6c34aea4fa41551a30e30af803	﻿2026-09-08T15:05:32.7436194Z ##[group]Run actions/checkout@d23441a48e516b6c34aea4fa41551a30e30af803
consumer (ubuntu-24.04-arm, aarch64-linux-gnu)	Run actions/checkout@d23441a48e516b6c34aea4fa41551a30e30af803	2026-09-08T15:05:32.7437771Z with:
consumer (ubuntu-24.04-arm, aarch64-linux-gnu)	Run actions/checkout@d23441a48e516b6c34aea4fa41551a30e30af803	2026-09-08T15:05:32.7438594Z   persist-credentials: false
consumer (ubuntu-24.04-arm, aarch64-linux-gnu)	Run actions/checkout@d23441a48e516b6c34aea4fa41551a30e30af803	2026-09-08T15:05:32.7439340Z   repository: catethos/Aphid
consumer (ubuntu-24.04-arm, aarch64-linux-gnu)	Run actions/checkout@d23441a48e516b6c34aea4fa41551a30e30af803	2026-09-08T15:05:32.7443444Z   token: ***
consumer (ubuntu-24.04-arm, aarch64-linux-gnu)	Run actions/checkout@d23441a48e516b6c34aea4fa41551a30e30af803	2026-09-08T15:05:32.7444203Z   ssh-strict: true
consumer (ubuntu-24.04-arm, aarch64-linux-gnu)	Run actions/checkout@d23441a48e516b6c34aea4fa41551a30e30af803	2026-09-08T15:05:32.7444765Z   ssh-user: git
consumer (ubuntu-24.04-arm, aarch64-linux-gnu)	Run actions/checkout@d23441a48e516b6c34aea4fa41551a30e30af803	2026-09-08T15:05:32.7445738Z   clean: true
consumer (ubuntu-24.04-arm, aarch64-linux-gnu)	Run actions/checkout@d23441a48e516b6c34aea4fa41551a30e30af803	2026-09-08T15:05:32.7446369Z   sparse-checkout-cone-mode: true
consumer (ubuntu-24.04-arm, aarch64-linux-gnu)	Run actions/checkout@d23441a48e516b6c34aea4fa41551a30e30af803	2026-09-08T15:05:32.7447020Z   fetch-depth: 1
consumer (ubuntu-24.04-arm, aarch64-linux-gnu)	Run actions/checkout@d23441a48e516b6c34aea4fa41551a30e30af803	2026-09-08T15:05:32.7447784Z   fetch-tags: false
consumer (ubuntu-24.04-arm, aarch64-linux-gnu)	Run actions/checkout@d23441a48e516b6c34aea4fa41551a30e30af803	2026-09-08T15:05:32.7448376Z   show-progress: true
consumer (ubuntu-24.04-arm, aarch64-linux-gnu)	Run actions/checkout@d23441a48e516b6c34aea4fa41551a30e30af803	2026-09-08T15:05:32.7449100Z   lfs: false
consumer (ubuntu-24.04-arm, aarch64-linux-gnu)	Run actions/checkout@d23441a48e516b6c34aea4fa41551a30e30af803	2026-09-08T15:05:32.7449710Z   submodules: false
consumer (ubuntu-24.04-arm, aarch64-linux-gnu)	Run actions/checkout@d23441a48e516b6c34aea4fa41551a30e30af803	2026-09-08T15:05:32.7450332Z   set-safe-directory: true
consumer (ubuntu-24.04-arm, aarch64-linux-gnu)	Run actions/checkout@d23441a48e516b6c34aea4fa41551a30e30af803	2026-09-08T15:05:32.7451128Z   allow-unsafe-pr-checkout: false
consumer (ubuntu-24.04-arm, aarch64-linux-gnu)	Run actions/checkout@d23441a48e516b6c34aea4fa41551a30e30af803	2026-09-08T15:05:32.7452337Z ##[endgroup]
consumer (ubuntu-24.04-arm, aarch64-linux-gnu)	Run actions/checkout@d23441a48e516b6c34aea4fa41551a30e30af803	2026-09-08T15:05:32.8349073Z Syncing repository: catethos/Aphid
consumer (ubuntu-24.04-arm, aarch64-linux-gnu)	Run actions/checkout@d23441a48e516b6c34aea4fa41551a30e30af803	2026-09-08T15:05:32.8351648Z ##[group]Getting Git version info
consumer (ubuntu-24.04-arm, aarch64-linux-gnu)	Run actions/checkout@d23441a48e516b6c34aea4fa41551a30e30af803	2026-09-08T15:05:32.8352879Z Working directory is '/home/runner/work/Aphid/Aphid'
consumer (ubuntu-24.04-arm, aarch64-linux-gnu)	Run actions/checkout@d23441a48e516b6c34aea4fa41551a30e30af803	2026-09-08T15:05:32.8354414Z [command]/usr/bin/git version
consumer (ubuntu-24.04-arm, aarch64-linux-gnu)	Run actions/checkout@d23441a48e516b6c34aea4fa41551a30e30af803	2026-09-08T15:05:32.9497860Z git version 2.55.0
consumer (ubuntu-24.04-arm, aarch64-linux-gnu)	Run actions/checkout@d23441a48e516b6c34aea4fa41551a30e30af803	2026-09-08T15:05:32.9517899Z ##[endgroup]
consumer (ubuntu-24.04-arm, aarch64-linux-gnu)	Run actions/checkout@d23441a48e516b6c34aea4fa41551a30e30af803	2026-09-08T15:05:32.9532247Z Temporarily overriding HOME='/home/runner/work/_temp/dcb998e6-53fa-4d92-ac21-0b93848110db' before making global git config changes
consumer (ubuntu-24.04-arm, aarch64-linux-gnu)	Run actions/checkout@d23441a48e516b6c34aea4fa41551a30e30af803	2026-09-08T15:05:32.9533777Z Adding repository directory to the temporary git global config as a safe directory
consumer (ubuntu-24.04-arm, aarch64-linux-gnu)	Run actions/checkout@d23441a48e516b6c34aea4fa41551a30e30af803	2026-09-08T15:05:32.9537256Z [command]/usr/bin/git config --global --add safe.directory /home/runner/work/Aphid/Aphid
consumer (ubuntu-24.04-arm, aarch64-linux-gnu)	Run actions/checkout@d23441a48e516b6c34aea4fa41551a30e30af803	2026-09-08T15:05:32.9573603Z Deleting the contents of '/home/runner/work/Aphid/Aphid'
consumer (ubuntu-24.04-arm, aarch64-linux-gnu)	Run actions/checkout@d23441a48e516b6c34aea4fa41551a30e30af803	2026-09-08T15:05:32.9579548Z ##[group]Determining repository object format
consumer (ubuntu-24.04-arm, aarch64-linux-gnu)	Run actions/checkout@d23441a48e516b6c34aea4fa41551a30e30af803	2026-09-08T15:05:32.9581244Z ##[endgroup]
consumer (ubuntu-24.04-arm, aarch64-linux-gnu)	Run actions/checkout@d23441a48e516b6c34aea4fa41551a30e30af803	2026-09-08T15:05:32.9582303Z ##[group]Initializing the repository
consumer (ubuntu-24.04-arm, aarch64-linux-gnu)	Run actions/checkout@d23441a48e516b6c34aea4fa41551a30e30af803	2026-09-08T15:05:32.9586452Z [command]/usr/bin/git init /home/runner/work/Aphid/Aphid
consumer (ubuntu-24.04-arm, aarch64-linux-gnu)	Run actions/checkout@d23441a48e516b6c34aea4fa41551a30e30af803	2026-09-08T15:05:33.0096048Z hint: Using 'master' as the name for the initial branch. This default branch name
consumer (ubuntu-24.04-arm, aarch64-linux-gnu)	Run actions/checkout@d23441a48e516b6c34aea4fa41551a30e30af803	2026-09-08T15:05:33.0097742Z hint: will change to "main" in Git 3.0. To configure the initial branch name
consumer (ubuntu-24.04-arm, aarch64-linux-gnu)	Run actions/checkout@d23441a48e516b6c34aea4fa41551a30e30af803	2026-09-08T15:05:33.0098910Z hint: to use in all of your new repositories, which will suppress this warning,
consumer (ubuntu-24.04-arm, aarch64-linux-gnu)	Run actions/checkout@d23441a48e516b6c34aea4fa41551a30e30af803	2026-09-08T15:05:33.0099840Z hint: call:
consumer (ubuntu-24.04-arm, aarch64-linux-gnu)	Run actions/checkout@d23441a48e516b6c34aea4fa41551a30e30af803	2026-09-08T15:05:33.0100455Z hint:
consumer (ubuntu-24.04-arm, aarch64-linux-gnu)	Run actions/checkout@d23441a48e516b6c34aea4fa41551a30e30af803	2026-09-08T15:05:33.0101142Z hint: 	git config --global init.defaultBranch <name>
consumer (ubuntu-24.04-arm, aarch64-linux-gnu)	Run actions/checkout@d23441a48e516b6c34aea4fa41551a30e30af803	2026-09-08T15:05:33.0101847Z hint:
consumer (ubuntu-24.04-arm, aarch64-linux-gnu)	Run actions/checkout@d23441a48e516b6c34aea4fa41551a30e30af803	2026-09-08T15:05:33.0102734Z hint: Names commonly chosen instead of 'master' are 'main', 'trunk' and
consumer (ubuntu-24.04-arm, aarch64-linux-gnu)	Run actions/checkout@d23441a48e516b6c34aea4fa41551a30e30af803	2026-09-08T15:05:33.0103777Z hint: 'development'. The just-created branch can be renamed via this command:
consumer (ubuntu-24.04-arm, aarch64-linux-gnu)	Run actions/checkout@d23441a48e516b6c34aea4fa41551a30e30af803	2026-09-08T15:05:33.0104730Z hint:
consumer (ubuntu-24.04-arm, aarch64-linux-gnu)	Run actions/checkout@d23441a48e516b6c34aea4fa41551a30e30af803	2026-09-08T15:05:33.0105320Z hint: 	git branch -m <name>
consumer (ubuntu-24.04-arm, aarch64-linux-gnu)	Run actions/checkout@d23441a48e516b6c34aea4fa41551a30e30af803	2026-09-08T15:05:33.0106149Z hint:
consumer (ubuntu-24.04-arm, aarch64-linux-gnu)	Run actions/checkout@d23441a48e516b6c34aea4fa41551a30e30af803	2026-09-08T15:05:33.0107047Z hint: Disable this message with "git config set advice.defaultBranchName false"
consumer (ubuntu-24.04-arm, aarch64-linux-gnu)	Run actions/checkout@d23441a48e516b6c34aea4fa41551a30e30af803	2026-09-08T15:05:33.0108214Z Initialized empty Git repository in /home/runner/work/Aphid/Aphid/.git/
consumer (ubuntu-24.04-arm, aarch64-linux-gnu)	Run actions/checkout@d23441a48e516b6c34aea4fa41551a30e30af803	2026-09-08T15:05:33.0111012Z [command]/usr/bin/git remote add origin https://github.com/catethos/Aphid
consumer (ubuntu-24.04-arm, aarch64-linux-gnu)	Run actions/checkout@d23441a48e516b6c34aea4fa41551a30e30af803	2026-09-08T15:05:33.0236866Z ##[endgroup]
consumer (ubuntu-24.04-arm, aarch64-linux-gnu)	Run actions/checkout@d23441a48e516b6c34aea4fa41551a30e30af803	2026-09-08T15:05:33.0238294Z ##[group]Disabling automatic garbage collection
consumer (ubuntu-24.04-arm, aarch64-linux-gnu)	Run actions/checkout@d23441a48e516b6c34aea4fa41551a30e30af803	2026-09-08T15:05:33.0239149Z [command]/usr/bin/git config --local gc.auto 0
consumer (ubuntu-24.04-arm, aarch64-linux-gnu)	Run actions/checkout@d23441a48e516b6c34aea4fa41551a30e30af803	2026-09-08T15:05:33.0268636Z ##[endgroup]
consumer (ubuntu-24.04-arm, aarch64-linux-gnu)	Run actions/checkout@d23441a48e516b6c34aea4fa41551a30e30af803	2026-09-08T15:05:33.0269880Z ##[group]Setting up auth
consumer (ubuntu-24.04-arm, aarch64-linux-gnu)	Run actions/checkout@d23441a48e516b6c34aea4fa41551a30e30af803	2026-09-08T15:05:33.0270652Z Removing SSH command configuration
consumer (ubuntu-24.04-arm, aarch64-linux-gnu)	Run actions/checkout@d23441a48e516b6c34aea4fa41551a30e30af803	2026-09-08T15:05:33.0275574Z [command]/usr/bin/git config --local --name-only --get-regexp core\.sshCommand
consumer (ubuntu-24.04-arm, aarch64-linux-gnu)	Run actions/checkout@d23441a48e516b6c34aea4fa41551a30e30af803	2026-09-08T15:05:33.0310855Z [command]/usr/bin/git submodule foreach --recursive sh -c "git config --local --name-only --get-regexp 'core\.sshCommand' && git config --local --unset-all 'core.sshCommand' || :"
consumer (ubuntu-24.04-arm, aarch64-linux-gnu)	Run actions/checkout@d23441a48e516b6c34aea4fa41551a30e30af803	2026-09-08T15:05:33.2047226Z Removing HTTP extra header
consumer (ubuntu-24.04-arm, aarch64-linux-gnu)	Run actions/checkout@d23441a48e516b6c34aea4fa41551a30e30af803	2026-09-08T15:05:33.2049679Z [command]/usr/bin/git config --local --name-only --get-regexp http\.https\:\/\/github\.com\/\.extraheader
consumer (ubuntu-24.04-arm, aarch64-linux-gnu)	Run actions/checkout@d23441a48e516b6c34aea4fa41551a30e30af803	2026-09-08T15:05:33.2082099Z [command]/usr/bin/git submodule foreach --recursive sh -c "git config --local --name-only --get-regexp 'http\.https\:\/\/github\.com\/\.extraheader' && git config --local --unset-all 'http.https://github.com/.extraheader' || :"
consumer (ubuntu-24.04-arm, aarch64-linux-gnu)	Run actions/checkout@d23441a48e516b6c34aea4fa41551a30e30af803	2026-09-08T15:05:33.2282556Z Removing includeIf entries pointing to credentials config files
consumer (ubuntu-24.04-arm, aarch64-linux-gnu)	Run actions/checkout@d23441a48e516b6c34aea4fa41551a30e30af803	2026-09-08T15:05:33.2286866Z [command]/usr/bin/git config --local --name-only --get-regexp ^includeIf\.gitdir:
consumer (ubuntu-24.04-arm, aarch64-linux-gnu)	Run actions/checkout@d23441a48e516b6c34aea4fa41551a30e30af803	2026-09-08T15:05:33.2319910Z [command]/usr/bin/git submodule foreach --recursive git config --local --show-origin --name-only --get-regexp remote.origin.url
consumer (ubuntu-24.04-arm, aarch64-linux-gnu)	Run actions/checkout@d23441a48e516b6c34aea4fa41551a30e30af803	2026-09-08T15:05:33.2534830Z [command]/usr/bin/git config --file /home/runner/work/_temp/git-credentials-c08768d7-2c97-44dd-8f21-de1bea1c3e0c.config http.https://github.com/.extraheader AUTHORIZATION: basic ***
consumer (ubuntu-24.04-arm, aarch64-linux-gnu)	Run actions/checkout@d23441a48e516b6c34aea4fa41551a30e30af803	2026-09-08T15:05:33.2575047Z [command]/usr/bin/git config --local includeIf.gitdir:/home/runner/work/Aphid/Aphid/.git.path /home/runner/work/_temp/git-credentials-c08768d7-2c97-44dd-8f21-de1bea1c3e0c.config
consumer (ubuntu-24.04-arm, aarch64-linux-gnu)	Run actions/checkout@d23441a48e516b6c34aea4fa41551a30e30af803	2026-09-08T15:05:33.2610426Z [command]/usr/bin/git config --local includeIf.gitdir:/home/runner/work/Aphid/Aphid/.git/worktrees/*.path /home/runner/work/_temp/git-credentials-c08768d7-2c97-44dd-8f21-de1bea1c3e0c.config
consumer (ubuntu-24.04-arm, aarch64-linux-gnu)	Run actions/checkout@d23441a48e516b6c34aea4fa41551a30e30af803	2026-09-08T15:05:33.2649640Z [command]/usr/bin/git config --local includeIf.gitdir:/github/workspace/.git.path /github/runner_temp/git-credentials-c08768d7-2c97-44dd-8f21-de1bea1c3e0c.config
consumer (ubuntu-24.04-arm, aarch64-linux-gnu)	Run actions/checkout@d23441a48e516b6c34aea4fa41551a30e30af803	2026-09-08T15:05:33.2682345Z [command]/usr/bin/git config --local includeIf.gitdir:/github/workspace/.git/worktrees/*.path /github/runner_temp/git-credentials-c08768d7-2c97-44dd-8f21-de1bea1c3e0c.config
consumer (ubuntu-24.04-arm, aarch64-linux-gnu)	Run actions/checkout@d23441a48e516b6c34aea4fa41551a30e30af803	2026-09-08T15:05:33.2711252Z ##[endgroup]
consumer (ubuntu-24.04-arm, aarch64-linux-gnu)	Run actions/checkout@d23441a48e516b6c34aea4fa41551a30e30af803	2026-09-08T15:05:33.2713171Z ##[group]Fetching the repository
consumer (ubuntu-24.04-arm, aarch64-linux-gnu)	Run actions/checkout@d23441a48e516b6c34aea4fa41551a30e30af803	2026-09-08T15:05:33.2721158Z [command]/usr/bin/git -c protocol.version=2 fetch --no-tags --prune --no-recurse-submodules --depth=1 origin +625a7cb26401b3134ef3c39af5eaf04f7b53f69d:refs/remotes/origin/main
consumer (ubuntu-24.04-arm, aarch64-linux-gnu)	Run actions/checkout@d23441a48e516b6c34aea4fa41551a30e30af803	2026-09-08T15:05:34.5864459Z From https://github.com/catethos/Aphid
consumer (ubuntu-24.04-arm, aarch64-linux-gnu)	Run actions/checkout@d23441a48e516b6c34aea4fa41551a30e30af803	2026-09-08T15:05:34.5867309Z  * [new ref]         625a7cb26401b3134ef3c39af5eaf04f7b53f69d -> origin/main
consumer (ubuntu-24.04-arm, aarch64-linux-gnu)	Run actions/checkout@d23441a48e516b6c34aea4fa41551a30e30af803	2026-09-08T15:05:34.5877086Z [command]/usr/bin/git branch --list --remote origin/main
consumer (ubuntu-24.04-arm, aarch64-linux-gnu)	Run actions/checkout@d23441a48e516b6c34aea4fa41551a30e30af803	2026-09-08T15:05:34.5910836Z   origin/main
consumer (ubuntu-24.04-arm, aarch64-linux-gnu)	Run actions/checkout@d23441a48e516b6c34aea4fa41551a30e30af803	2026-09-08T15:05:34.5918565Z [command]/usr/bin/git rev-parse refs/remotes/origin/main
consumer (ubuntu-24.04-arm, aarch64-linux-gnu)	Run actions/checkout@d23441a48e516b6c34aea4fa41551a30e30af803	2026-09-08T15:05:34.5941993Z 625a7cb26401b3134ef3c39af5eaf04f7b53f69d
consumer (ubuntu-24.04-arm, aarch64-linux-gnu)	Run actions/checkout@d23441a48e516b6c34aea4fa41551a30e30af803	2026-09-08T15:05:34.5951272Z ##[endgroup]
consumer (ubuntu-24.04-arm, aarch64-linux-gnu)	Run actions/checkout@d23441a48e516b6c34aea4fa41551a30e30af803	2026-09-08T15:05:34.5959464Z ##[group]Determining the checkout info
consumer (ubuntu-24.04-arm, aarch64-linux-gnu)	Run actions/checkout@d23441a48e516b6c34aea4fa41551a30e30af803	2026-09-08T15:05:34.5961267Z ##[endgroup]
consumer (ubuntu-24.04-arm, aarch64-linux-gnu)	Run actions/checkout@d23441a48e516b6c34aea4fa41551a30e30af803	2026-09-08T15:05:34.5962278Z [command]/usr/bin/git sparse-checkout disable
consumer (ubuntu-24.04-arm, aarch64-linux-gnu)	Run actions/checkout@d23441a48e516b6c34aea4fa41551a30e30af803	2026-09-08T15:05:34.6045809Z [command]/usr/bin/git config --local --unset-all extensions.worktreeConfig
consumer (ubuntu-24.04-arm, aarch64-linux-gnu)	Run actions/checkout@d23441a48e516b6c34aea4fa41551a30e30af803	2026-09-08T15:05:34.6075897Z ##[group]Checking out the ref
consumer (ubuntu-24.04-arm, aarch64-linux-gnu)	Run actions/checkout@d23441a48e516b6c34aea4fa41551a30e30af803	2026-09-08T15:05:34.6078514Z [command]/usr/bin/git checkout --progress --force -B main refs/remotes/origin/main
consumer (ubuntu-24.04-arm, aarch64-linux-gnu)	Run actions/checkout@d23441a48e516b6c34aea4fa41551a30e30af803	2026-09-08T15:05:34.7556490Z Switched to a new branch 'main'
consumer (ubuntu-24.04-arm, aarch64-linux-gnu)	Run actions/checkout@d23441a48e516b6c34aea4fa41551a30e30af803	2026-09-08T15:05:34.7557305Z branch 'main' set up to track 'origin/main'.
consumer (ubuntu-24.04-arm, aarch64-linux-gnu)	Run actions/checkout@d23441a48e516b6c34aea4fa41551a30e30af803	2026-09-08T15:05:34.7587870Z ##[endgroup]
consumer (ubuntu-24.04-arm, aarch64-linux-gnu)	Run actions/checkout@d23441a48e516b6c34aea4fa41551a30e30af803	2026-09-08T15:05:34.7653086Z [command]/usr/bin/git log -1 --format=%H
consumer (ubuntu-24.04-arm, aarch64-linux-gnu)	Run actions/checkout@d23441a48e516b6c34aea4fa41551a30e30af803	2026-09-08T15:05:34.7679026Z 625a7cb26401b3134ef3c39af5eaf04f7b53f69d
consumer (ubuntu-24.04-arm, aarch64-linux-gnu)	Run actions/checkout@d23441a48e516b6c34aea4fa41551a30e30af803	2026-09-08T15:05:34.7693774Z ##[group]Removing auth
consumer (ubuntu-24.04-arm, aarch64-linux-gnu)	Run actions/checkout@d23441a48e516b6c34aea4fa41551a30e30af803	2026-09-08T15:05:34.7694425Z Removing SSH command configuration
consumer (ubuntu-24.04-arm, aarch64-linux-gnu)	Run actions/checkout@d23441a48e516b6c34aea4fa41551a30e30af803	2026-09-08T15:05:34.7695314Z [command]/usr/bin/git config --local --name-only --get-regexp core\.sshCommand
consumer (ubuntu-24.04-arm, aarch64-linux-gnu)	Run actions/checkout@d23441a48e516b6c34aea4fa41551a30e30af803	2026-09-08T15:05:34.7731453Z [command]/usr/bin/git submodule foreach --recursive sh -c "git config --local --name-only --get-regexp 'core\.sshCommand' && git config --local --unset-all 'core.sshCommand' || :"
consumer (ubuntu-24.04-arm, aarch64-linux-gnu)	Run actions/checkout@d23441a48e516b6c34aea4fa41551a30e30af803	2026-09-08T15:05:34.7931515Z Removing HTTP extra header
consumer (ubuntu-24.04-arm, aarch64-linux-gnu)	Run actions/checkout@d23441a48e516b6c34aea4fa41551a30e30af803	2026-09-08T15:05:34.7936739Z [command]/usr/bin/git config --local --name-only --get-regexp http\.https\:\/\/github\.com\/\.extraheader
consumer (ubuntu-24.04-arm, aarch64-linux-gnu)	Run actions/checkout@d23441a48e516b6c34aea4fa41551a30e30af803	2026-09-08T15:05:34.7971347Z [command]/usr/bin/git submodule foreach --recursive sh -c "git config --local --name-only --get-regexp 'http\.https\:\/\/github\.com\/\.extraheader' && git config --local --unset-all 'http.https://github.com/.extraheader' || :"
consumer (ubuntu-24.04-arm, aarch64-linux-gnu)	Run actions/checkout@d23441a48e516b6c34aea4fa41551a30e30af803	2026-09-08T15:05:34.8178301Z Removing includeIf entries pointing to credentials config files
consumer (ubuntu-24.04-arm, aarch64-linux-gnu)	Run actions/checkout@d23441a48e516b6c34aea4fa41551a30e30af803	2026-09-08T15:05:34.8180448Z [command]/usr/bin/git config --local --name-only --get-regexp ^includeIf\.gitdir:
consumer (ubuntu-24.04-arm, aarch64-linux-gnu)	Run actions/checkout@d23441a48e516b6c34aea4fa41551a30e30af803	2026-09-08T15:05:34.8205912Z includeif.gitdir:/home/runner/work/Aphid/Aphid/.git.path
consumer (ubuntu-24.04-arm, aarch64-linux-gnu)	Run actions/checkout@d23441a48e516b6c34aea4fa41551a30e30af803	2026-09-08T15:05:34.8206707Z includeif.gitdir:/home/runner/work/Aphid/Aphid/.git/worktrees/*.path
consumer (ubuntu-24.04-arm, aarch64-linux-gnu)	Run actions/checkout@d23441a48e516b6c34aea4fa41551a30e30af803	2026-09-08T15:05:34.8207554Z includeif.gitdir:/github/workspace/.git.path
consumer (ubuntu-24.04-arm, aarch64-linux-gnu)	Run actions/checkout@d23441a48e516b6c34aea4fa41551a30e30af803	2026-09-08T15:05:34.8208072Z includeif.gitdir:/github/workspace/.git/worktrees/*.path
consumer (ubuntu-24.04-arm, aarch64-linux-gnu)	Run actions/checkout@d23441a48e516b6c34aea4fa41551a30e30af803	2026-09-08T15:05:34.8224023Z [command]/usr/bin/git config --local --get-all includeif.gitdir:/home/runner/work/Aphid/Aphid/.git.path
consumer (ubuntu-24.04-arm, aarch64-linux-gnu)	Run actions/checkout@d23441a48e516b6c34aea4fa41551a30e30af803	2026-09-08T15:05:34.8239946Z /home/runner/work/_temp/git-credentials-c08768d7-2c97-44dd-8f21-de1bea1c3e0c.config
consumer (ubuntu-24.04-arm, aarch64-linux-gnu)	Run actions/checkout@d23441a48e516b6c34aea4fa41551a30e30af803	2026-09-08T15:05:34.8250206Z [command]/usr/bin/git config --local --unset includeif.gitdir:/home/runner/work/Aphid/Aphid/.git.path /home/runner/work/_temp/git-credentials-c08768d7-2c97-44dd-8f21-de1bea1c3e0c.config
consumer (ubuntu-24.04-arm, aarch64-linux-gnu)	Run actions/checkout@d23441a48e516b6c34aea4fa41551a30e30af803	2026-09-08T15:05:34.8284458Z [command]/usr/bin/git config --local --get-all includeif.gitdir:/home/runner/work/Aphid/Aphid/.git/worktrees/*.path
consumer (ubuntu-24.04-arm, aarch64-linux-gnu)	Run actions/checkout@d23441a48e516b6c34aea4fa41551a30e30af803	2026-09-08T15:05:34.8307851Z /home/runner/work/_temp/git-credentials-c08768d7-2c97-44dd-8f21-de1bea1c3e0c.config
consumer (ubuntu-24.04-arm, aarch64-linux-gnu)	Run actions/checkout@d23441a48e516b6c34aea4fa41551a30e30af803	2026-09-08T15:05:34.8315242Z [command]/usr/bin/git config --local --unset includeif.gitdir:/home/runner/work/Aphid/Aphid/.git/worktrees/*.path /home/runner/work/_temp/git-credentials-c08768d7-2c97-44dd-8f21-de1bea1c3e0c.config
consumer (ubuntu-24.04-arm, aarch64-linux-gnu)	Run actions/checkout@d23441a48e516b6c34aea4fa41551a30e30af803	2026-09-08T15:05:34.8346467Z [command]/usr/bin/git config --local --get-all includeif.gitdir:/github/workspace/.git.path
consumer (ubuntu-24.04-arm, aarch64-linux-gnu)	Run actions/checkout@d23441a48e516b6c34aea4fa41551a30e30af803	2026-09-08T15:05:34.8371477Z /github/runner_temp/git-credentials-c08768d7-2c97-44dd-8f21-de1bea1c3e0c.config
consumer (ubuntu-24.04-arm, aarch64-linux-gnu)	Run actions/checkout@d23441a48e516b6c34aea4fa41551a30e30af803	2026-09-08T15:05:34.8377380Z [command]/usr/bin/git config --local --unset includeif.gitdir:/github/workspace/.git.path /github/runner_temp/git-credentials-c08768d7-2c97-44dd-8f21-de1bea1c3e0c.config
consumer (ubuntu-24.04-arm, aarch64-linux-gnu)	Run actions/checkout@d23441a48e516b6c34aea4fa41551a30e30af803	2026-09-08T15:05:34.8411704Z [command]/usr/bin/git config --local --get-all includeif.gitdir:/github/workspace/.git/worktrees/*.path
consumer (ubuntu-24.04-arm, aarch64-linux-gnu)	Run actions/checkout@d23441a48e516b6c34aea4fa41551a30e30af803	2026-09-08T15:05:34.8434520Z /github/runner_temp/git-credentials-c08768d7-2c97-44dd-8f21-de1bea1c3e0c.config
consumer (ubuntu-24.04-arm, aarch64-linux-gnu)	Run actions/checkout@d23441a48e516b6c34aea4fa41551a30e30af803	2026-09-08T15:05:34.8441094Z [command]/usr/bin/git config --local --unset includeif.gitdir:/github/workspace/.git/worktrees/*.path /github/runner_temp/git-credentials-c08768d7-2c97-44dd-8f21-de1bea1c3e0c.config
consumer (ubuntu-24.04-arm, aarch64-linux-gnu)	Run actions/checkout@d23441a48e516b6c34aea4fa41551a30e30af803	2026-09-08T15:05:34.8481508Z [command]/usr/bin/git submodule foreach --recursive git config --local --show-origin --name-only --get-regexp remote.origin.url
consumer (ubuntu-24.04-arm, aarch64-linux-gnu)	Run actions/checkout@d23441a48e516b6c34aea4fa41551a30e30af803	2026-09-08T15:05:34.8687283Z Removing credentials config '/home/runner/work/_temp/git-credentials-c08768d7-2c97-44dd-8f21-de1bea1c3e0c.config'
consumer (ubuntu-24.04-arm, aarch64-linux-gnu)	Run actions/checkout@d23441a48e516b6c34aea4fa41551a30e30af803	2026-09-08T15:05:34.8696162Z ##[endgroup]
consumer (ubuntu-24.04-arm, aarch64-linux-gnu)	Run actions/setup-python@ece7cb06caefa5fff74198d8649806c4678c61a1	﻿2026-09-08T15:05:34.8970477Z ##[group]Run actions/setup-python@ece7cb06caefa5fff74198d8649806c4678c61a1
consumer (ubuntu-24.04-arm, aarch64-linux-gnu)	Run actions/setup-python@ece7cb06caefa5fff74198d8649806c4678c61a1	2026-09-08T15:05:34.8971176Z with:
consumer (ubuntu-24.04-arm, aarch64-linux-gnu)	Run actions/setup-python@ece7cb06caefa5fff74198d8649806c4678c61a1	2026-09-08T15:05:34.8971477Z   python-version: 3.14
consumer (ubuntu-24.04-arm, aarch64-linux-gnu)	Run actions/setup-python@ece7cb06caefa5fff74198d8649806c4678c61a1	2026-09-08T15:05:34.8971890Z   check-latest: false
consumer (ubuntu-24.04-arm, aarch64-linux-gnu)	Run actions/setup-python@ece7cb06caefa5fff74198d8649806c4678c61a1	2026-09-08T15:05:34.8974806Z   token: ***
consumer (ubuntu-24.04-arm, aarch64-linux-gnu)	Run actions/setup-python@ece7cb06caefa5fff74198d8649806c4678c61a1	2026-09-08T15:05:34.8975195Z   update-environment: true
consumer (ubuntu-24.04-arm, aarch64-linux-gnu)	Run actions/setup-python@ece7cb06caefa5fff74198d8649806c4678c61a1	2026-09-08T15:05:34.8975903Z   allow-prereleases: false
consumer (ubuntu-24.04-arm, aarch64-linux-gnu)	Run actions/setup-python@ece7cb06caefa5fff74198d8649806c4678c61a1	2026-09-08T15:05:34.8976259Z   freethreaded: false
consumer (ubuntu-24.04-arm, aarch64-linux-gnu)	Run actions/setup-python@ece7cb06caefa5fff74198d8649806c4678c61a1	2026-09-08T15:05:34.8976627Z ##[endgroup]
consumer (ubuntu-24.04-arm, aarch64-linux-gnu)	Run actions/setup-python@ece7cb06caefa5fff74198d8649806c4678c61a1	2026-09-08T15:05:35.0078914Z ##[group]Installed versions
consumer (ubuntu-24.04-arm, aarch64-linux-gnu)	Run actions/setup-python@ece7cb06caefa5fff74198d8649806c4678c61a1	2026-09-08T15:05:35.0478747Z Successfully set up CPython (3.14.7)
consumer (ubuntu-24.04-arm, aarch64-linux-gnu)	Run actions/setup-python@ece7cb06caefa5fff74198d8649806c4678c61a1	2026-09-08T15:05:35.0479763Z ##[endgroup]
consumer (ubuntu-24.04-arm, aarch64-linux-gnu)	Run erlef/setup-beam@54075bcc5e249e4758d363f27d099f55d843f124	﻿2026-09-08T15:05:35.0624868Z ##[group]Run erlef/setup-beam@54075bcc5e249e4758d363f27d099f55d843f124
consumer (ubuntu-24.04-arm, aarch64-linux-gnu)	Run erlef/setup-beam@54075bcc5e249e4758d363f27d099f55d843f124	2026-09-08T15:05:35.0625848Z with:
consumer (ubuntu-24.04-arm, aarch64-linux-gnu)	Run erlef/setup-beam@54075bcc5e249e4758d363f27d099f55d843f124	2026-09-08T15:05:35.0626152Z   otp-version: 29.0.4
consumer (ubuntu-24.04-arm, aarch64-linux-gnu)	Run erlef/setup-beam@54075bcc5e249e4758d363f27d099f55d843f124	2026-09-08T15:05:35.0626607Z   elixir-version: 1.20.0
consumer (ubuntu-24.04-arm, aarch64-linux-gnu)	Run erlef/setup-beam@54075bcc5e249e4758d363f27d099f55d843f124	2026-09-08T15:05:35.0629516Z   github-token: ***
consumer (ubuntu-24.04-arm, aarch64-linux-gnu)	Run erlef/setup-beam@54075bcc5e249e4758d363f27d099f55d843f124	2026-09-08T15:05:35.0629913Z   otp-architecture: 64
consumer (ubuntu-24.04-arm, aarch64-linux-gnu)	Run erlef/setup-beam@54075bcc5e249e4758d363f27d099f55d843f124	2026-09-08T15:05:35.0630240Z   install-hex: true
consumer (ubuntu-24.04-arm, aarch64-linux-gnu)	Run erlef/setup-beam@54075bcc5e249e4758d363f27d099f55d843f124	2026-09-08T15:05:35.0630592Z   install-rebar: true
consumer (ubuntu-24.04-arm, aarch64-linux-gnu)	Run erlef/setup-beam@54075bcc5e249e4758d363f27d099f55d843f124	2026-09-08T15:05:35.0630986Z   version-type: loose
consumer (ubuntu-24.04-arm, aarch64-linux-gnu)	Run erlef/setup-beam@54075bcc5e249e4758d363f27d099f55d843f124	2026-09-08T15:05:35.0631298Z   disable_problem_matchers: false
consumer (ubuntu-24.04-arm, aarch64-linux-gnu)	Run erlef/setup-beam@54075bcc5e249e4758d363f27d099f55d843f124	2026-09-08T15:05:35.0631724Z   hexpm-mirrors: https://builds.hex.pm
consumer (ubuntu-24.04-arm, aarch64-linux-gnu)	Run erlef/setup-beam@54075bcc5e249e4758d363f27d099f55d843f124	
consumer (ubuntu-24.04-arm, aarch64-linux-gnu)	Run erlef/setup-beam@54075bcc5e249e4758d363f27d099f55d843f124	2026-09-08T15:05:35.0632103Z env:
consumer (ubuntu-24.04-arm, aarch64-linux-gnu)	Run erlef/setup-beam@54075bcc5e249e4758d363f27d099f55d843f124	2026-09-08T15:05:35.0632443Z   pythonLocation: /opt/hostedtoolcache/Python/3.14.7/arm64
consumer (ubuntu-24.04-arm, aarch64-linux-gnu)	Run erlef/setup-beam@54075bcc5e249e4758d363f27d099f55d843f124	2026-09-08T15:05:35.0633035Z   PKG_CONFIG_PATH: /opt/hostedtoolcache/Python/3.14.7/arm64/lib/pkgconfig
consumer (ubuntu-24.04-arm, aarch64-linux-gnu)	Run erlef/setup-beam@54075bcc5e249e4758d363f27d099f55d843f124	2026-09-08T15:05:35.0633550Z   Python_ROOT_DIR: /opt/hostedtoolcache/Python/3.14.7/arm64
consumer (ubuntu-24.04-arm, aarch64-linux-gnu)	Run erlef/setup-beam@54075bcc5e249e4758d363f27d099f55d843f124	2026-09-08T15:05:35.0634075Z   Python2_ROOT_DIR: /opt/hostedtoolcache/Python/3.14.7/arm64
consumer (ubuntu-24.04-arm, aarch64-linux-gnu)	Run erlef/setup-beam@54075bcc5e249e4758d363f27d099f55d843f124	2026-09-08T15:05:35.0634653Z   Python3_ROOT_DIR: /opt/hostedtoolcache/Python/3.14.7/arm64
consumer (ubuntu-24.04-arm, aarch64-linux-gnu)	Run erlef/setup-beam@54075bcc5e249e4758d363f27d099f55d843f124	2026-09-08T15:05:35.0635177Z   LD_LIBRARY_PATH: /opt/hostedtoolcache/Python/3.14.7/arm64/lib
consumer (ubuntu-24.04-arm, aarch64-linux-gnu)	Run erlef/setup-beam@54075bcc5e249e4758d363f27d099f55d843f124	2026-09-08T15:05:35.0635848Z ##[endgroup]
consumer (ubuntu-24.04-arm, aarch64-linux-gnu)	Run erlef/setup-beam@54075bcc5e249e4758d363f27d099f55d843f124	2026-09-08T15:05:35.2507639Z ##[group]Installing Erlang/OTP OTP-29.0.4 - built on arm64/ubuntu-24.04
consumer (ubuntu-24.04-arm, aarch64-linux-gnu)	Run erlef/setup-beam@54075bcc5e249e4758d363f27d099f55d843f124	2026-09-08T15:05:35.6356384Z [command]/usr/bin/tar zx --strip-components=1 --warning=no-unknown-keyword --overwrite -C /home/runner/work/_temp/f9a8831d-1296-48ec-8b36-ce84cf5d67a2 -f /home/runner/work/_temp/d4ae7423-ee78-4f12-9cff-f30f969a928d
consumer (ubuntu-24.04-arm, aarch64-linux-gnu)	Run erlef/setup-beam@54075bcc5e249e4758d363f27d099f55d843f124	2026-09-08T15:05:37.7520096Z [command]/home/runner/work/_temp/.setup-beam/otp/Install -minimal /home/runner/work/_temp/.setup-beam/otp
consumer (ubuntu-24.04-arm, aarch64-linux-gnu)	Run erlef/setup-beam@54075bcc5e249e4758d363f27d099f55d843f124	2026-09-08T15:05:37.7765905Z Installed Erlang/OTP version
consumer (ubuntu-24.04-arm, aarch64-linux-gnu)	Run erlef/setup-beam@54075bcc5e249e4758d363f27d099f55d843f124	2026-09-08T15:05:37.7783221Z [command]/home/runner/work/_temp/.setup-beam/otp/bin/erl -version
consumer (ubuntu-24.04-arm, aarch64-linux-gnu)	Run erlef/setup-beam@54075bcc5e249e4758d363f27d099f55d843f124	2026-09-08T15:05:37.7876199Z Erlang (SMP,ASYNC_THREADS) (BEAM) emulator version 17.0.4
consumer (ubuntu-24.04-arm, aarch64-linux-gnu)	Run erlef/setup-beam@54075bcc5e249e4758d363f27d099f55d843f124	2026-09-08T15:05:37.7906020Z ##[endgroup]
consumer (ubuntu-24.04-arm, aarch64-linux-gnu)	Run erlef/setup-beam@54075bcc5e249e4758d363f27d099f55d843f124	2026-09-08T15:05:37.7907244Z [command]/home/runner/work/_temp/.setup-beam/otp/bin/erl -noshell -eval io:format(erlang:system_info(otp_release)), halt().
consumer (ubuntu-24.04-arm, aarch64-linux-gnu)	Run erlef/setup-beam@54075bcc5e249e4758d363f27d099f55d843f124	2026-09-08T15:05:37.9504100Z 29::debug::Was not able to coerce latest with semver
consumer (ubuntu-24.04-arm, aarch64-linux-gnu)	Run erlef/setup-beam@54075bcc5e249e4758d363f27d099f55d843f124	2026-09-08T15:05:37.9518088Z Using Elixir 1.20.0 (built for Erlang/OTP 29)
consumer (ubuntu-24.04-arm, aarch64-linux-gnu)	Run erlef/setup-beam@54075bcc5e249e4758d363f27d099f55d843f124	2026-09-08T15:05:37.9518790Z ##[group]Installing Elixir v1.20.0-otp-29
consumer (ubuntu-24.04-arm, aarch64-linux-gnu)	Run erlef/setup-beam@54075bcc5e249e4758d363f27d099f55d843f124	2026-09-08T15:05:38.0732798Z [command]/usr/bin/unzip -o -q /home/runner/work/_temp/6e09f76a-8b4b-49cb-aaf1-cac34f401cbf
consumer (ubuntu-24.04-arm, aarch64-linux-gnu)	Run erlef/setup-beam@54075bcc5e249e4758d363f27d099f55d843f124	2026-09-08T15:05:38.3926626Z Installed Elixir version
consumer (ubuntu-24.04-arm, aarch64-linux-gnu)	Run erlef/setup-beam@54075bcc5e249e4758d363f27d099f55d843f124	2026-09-08T15:05:38.3930971Z [command]/home/runner/work/_temp/.setup-beam/elixir/bin/elixir -v
consumer (ubuntu-24.04-arm, aarch64-linux-gnu)	Run erlef/setup-beam@54075bcc5e249e4758d363f27d099f55d843f124	2026-09-08T15:05:38.5742370Z Erlang/OTP 29 [erts-17.0.4] [source] [64-bit] [smp:4:4] [ds:4:4:10] [async-threads:1] [jit]
consumer (ubuntu-24.04-arm, aarch64-linux-gnu)	Run erlef/setup-beam@54075bcc5e249e4758d363f27d099f55d843f124	2026-09-08T15:05:38.5742832Z 
consumer (ubuntu-24.04-arm, aarch64-linux-gnu)	Run erlef/setup-beam@54075bcc5e249e4758d363f27d099f55d843f124	2026-09-08T15:05:38.5779161Z Elixir 1.20.0 (compiled with Erlang/OTP 29)
consumer (ubuntu-24.04-arm, aarch64-linux-gnu)	Run erlef/setup-beam@54075bcc5e249e4758d363f27d099f55d843f124	2026-09-08T15:05:38.5825942Z ##[endgroup]
consumer (ubuntu-24.04-arm, aarch64-linux-gnu)	Run erlef/setup-beam@54075bcc5e249e4758d363f27d099f55d843f124	2026-09-08T15:05:38.5826524Z ##[group]Running mix local.rebar,--force
consumer (ubuntu-24.04-arm, aarch64-linux-gnu)	Run erlef/setup-beam@54075bcc5e249e4758d363f27d099f55d843f124	2026-09-08T15:05:38.5833109Z [command]/home/runner/work/_temp/.setup-beam/elixir/bin/mix local.rebar --force
consumer (ubuntu-24.04-arm, aarch64-linux-gnu)	Run erlef/setup-beam@54075bcc5e249e4758d363f27d099f55d843f124	2026-09-08T15:05:39.3203539Z * creating /home/runner/.mix/elixir/1-20-otp-29/rebar3
consumer (ubuntu-24.04-arm, aarch64-linux-gnu)	Run erlef/setup-beam@54075bcc5e249e4758d363f27d099f55d843f124	2026-09-08T15:05:39.3258356Z ##[endgroup]
consumer (ubuntu-24.04-arm, aarch64-linux-gnu)	Run erlef/setup-beam@54075bcc5e249e4758d363f27d099f55d843f124	2026-09-08T15:05:39.3259589Z ##[group]Running mix local.hex,--force
consumer (ubuntu-24.04-arm, aarch64-linux-gnu)	Run erlef/setup-beam@54075bcc5e249e4758d363f27d099f55d843f124	2026-09-08T15:05:39.3275038Z [command]/home/runner/work/_temp/.setup-beam/elixir/bin/mix local.hex --force
consumer (ubuntu-24.04-arm, aarch64-linux-gnu)	Run erlef/setup-beam@54075bcc5e249e4758d363f27d099f55d843f124	2026-09-08T15:05:40.0748319Z * creating /home/runner/.mix/archives/hex-2.5.1
consumer (ubuntu-24.04-arm, aarch64-linux-gnu)	Run erlef/setup-beam@54075bcc5e249e4758d363f27d099f55d843f124	2026-09-08T15:05:40.0814010Z ##[endgroup]
consumer (ubuntu-24.04-arm, aarch64-linux-gnu)	Install consumer proof prerequisites	﻿2026-09-08T15:05:40.0958220Z ##[group]Run sudo apt-get update
consumer (ubuntu-24.04-arm, aarch64-linux-gnu)	Install consumer proof prerequisites	2026-09-08T15:05:40.0958736Z ^[[36;1msudo apt-get update^[[0m
consumer (ubuntu-24.04-arm, aarch64-linux-gnu)	Install consumer proof prerequisites	2026-09-08T15:05:40.0959210Z ^[[36;1msudo apt-get install --yes bubblewrap binutils^[[0m
consumer (ubuntu-24.04-arm, aarch64-linux-gnu)	Install consumer proof prerequisites	2026-09-08T15:05:40.0959587Z ^[[36;1mmix local.hex --force^[[0m
consumer (ubuntu-24.04-arm, aarch64-linux-gnu)	Install consumer proof prerequisites	2026-09-08T15:05:40.1061474Z shell: /usr/bin/bash -e {0}
consumer (ubuntu-24.04-arm, aarch64-linux-gnu)	Install consumer proof prerequisites	2026-09-08T15:05:40.1061913Z env:
consumer (ubuntu-24.04-arm, aarch64-linux-gnu)	Install consumer proof prerequisites	2026-09-08T15:05:40.1062218Z   pythonLocation: /opt/hostedtoolcache/Python/3.14.7/arm64
consumer (ubuntu-24.04-arm, aarch64-linux-gnu)	Install consumer proof prerequisites	2026-09-08T15:05:40.1062678Z   PKG_CONFIG_PATH: /opt/hostedtoolcache/Python/3.14.7/arm64/lib/pkgconfig
consumer (ubuntu-24.04-arm, aarch64-linux-gnu)	Install consumer proof prerequisites	2026-09-08T15:05:40.1063210Z   Python_ROOT_DIR: /opt/hostedtoolcache/Python/3.14.7/arm64
consumer (ubuntu-24.04-arm, aarch64-linux-gnu)	Install consumer proof prerequisites	2026-09-08T15:05:40.1063614Z   Python2_ROOT_DIR: /opt/hostedtoolcache/Python/3.14.7/arm64
consumer (ubuntu-24.04-arm, aarch64-linux-gnu)	Install consumer proof prerequisites	2026-09-08T15:05:40.1064072Z   Python3_ROOT_DIR: /opt/hostedtoolcache/Python/3.14.7/arm64
consumer (ubuntu-24.04-arm, aarch64-linux-gnu)	Install consumer proof prerequisites	2026-09-08T15:05:40.1064496Z   LD_LIBRARY_PATH: /opt/hostedtoolcache/Python/3.14.7/arm64/lib
consumer (ubuntu-24.04-arm, aarch64-linux-gnu)	Install consumer proof prerequisites	2026-09-08T15:05:40.1064915Z   INSTALL_DIR_FOR_OTP: /home/runner/work/_temp/.setup-beam/otp
consumer (ubuntu-24.04-arm, aarch64-linux-gnu)	Install consumer proof prerequisites	2026-09-08T15:05:40.1065712Z   INSTALL_DIR_FOR_ELIXIR: /home/runner/work/_temp/.setup-beam/elixir
consumer (ubuntu-24.04-arm, aarch64-linux-gnu)	Install consumer proof prerequisites	2026-09-08T15:05:40.1066166Z ##[endgroup]
consumer (ubuntu-24.04-arm, aarch64-linux-gnu)	Install consumer proof prerequisites	2026-09-08T15:05:40.2330009Z Get:1 https://packages.microsoft.com/ubuntu/24.04/prod noble InRelease [3600 B]
consumer (ubuntu-24.04-arm, aarch64-linux-gnu)	Install consumer proof prerequisites	2026-09-08T15:05:40.3505479Z Get:2 https://packages.microsoft.com/ubuntu/24.04/prod noble/main amd64 Packages [441 kB]
consumer (ubuntu-24.04-arm, aarch64-linux-gnu)	Install consumer proof prerequisites	2026-09-08T15:05:40.3673588Z Get:3 https://packages.microsoft.com/ubuntu/24.04/prod noble/main arm64 Packages [394 kB]
consumer (ubuntu-24.04-arm, aarch64-linux-gnu)	Install consumer proof prerequisites	2026-09-08T15:05:40.6735105Z Hit:4 http://ports.ubuntu.com/ubuntu-ports noble InRelease
consumer (ubuntu-24.04-arm, aarch64-linux-gnu)	Install consumer proof prerequisites	2026-09-08T15:05:40.8323662Z Get:5 http://ports.ubuntu.com/ubuntu-ports noble-updates InRelease [126 kB]
consumer (ubuntu-24.04-arm, aarch64-linux-gnu)	Install consumer proof prerequisites	2026-09-08T15:05:41.5190868Z Get:6 http://ports.ubuntu.com/ubuntu-ports noble-backports InRelease [126 kB]
consumer (ubuntu-24.04-arm, aarch64-linux-gnu)	Install consumer proof prerequisites	2026-09-08T15:05:41.8432522Z Get:7 http://ports.ubuntu.com/ubuntu-ports noble-security InRelease [126 kB]
consumer (ubuntu-24.04-arm, aarch64-linux-gnu)	Install consumer proof prerequisites	2026-09-08T15:05:42.0647417Z Get:8 http://ports.ubuntu.com/ubuntu-ports noble-updates/main arm64 Packages [1318 kB]
consumer (ubuntu-24.04-arm, aarch64-linux-gnu)	Install consumer proof prerequisites	2026-09-08T15:05:42.7773539Z Get:9 http://ports.ubuntu.com/ubuntu-ports noble-updates/main Translation-en [292 kB]
consumer (ubuntu-24.04-arm, aarch64-linux-gnu)	Install consumer proof prerequisites	2026-09-08T15:05:42.9675091Z Get:10 http://ports.ubuntu.com/ubuntu-ports noble-updates/main arm64 Components [178 kB]
consumer (ubuntu-24.04-arm, aarch64-linux-gnu)	Install consumer proof prerequisites	2026-09-08T15:05:43.1456059Z Get:11 http://ports.ubuntu.com/ubuntu-ports noble-updates/universe arm64 Packages [1731 kB]
consumer (ubuntu-24.04-arm, aarch64-linux-gnu)	Install consumer proof prerequisites	2026-09-08T15:05:43.5517101Z Get:12 http://ports.ubuntu.com/ubuntu-ports noble-updates/universe Translation-en [339 kB]
consumer (ubuntu-24.04-arm, aarch64-linux-gnu)	Install consumer proof prerequisites	2026-09-08T15:05:43.7302432Z Get:13 http://ports.ubuntu.com/ubuntu-ports noble-updates/universe arm64 Components [387 kB]
consumer (ubuntu-24.04-arm, aarch64-linux-gnu)	Install consumer proof prerequisites	2026-09-08T15:05:43.9118320Z Get:14 http://ports.ubuntu.com/ubuntu-ports noble-updates/restricted arm64 Packages [2320 kB]
consumer (ubuntu-24.04-arm, aarch64-linux-gnu)	Install consumer proof prerequisites	2026-09-08T15:05:44.2575498Z Get:15 http://ports.ubuntu.com/ubuntu-ports noble-updates/restricted Translation-en [352 kB]
consumer (ubuntu-24.04-arm, aarch64-linux-gnu)	Install consumer proof prerequisites	2026-09-08T15:05:44.4266358Z Get:16 http://ports.ubuntu.com/ubuntu-ports noble-backports/main arm64 Components [3576 B]
consumer (ubuntu-24.04-arm, aarch64-linux-gnu)	Install consumer proof prerequisites	2026-09-08T15:05:44.5862234Z Get:17 http://ports.ubuntu.com/ubuntu-ports noble-backports/universe arm64 Components [12.6 kB]
consumer (ubuntu-24.04-arm, aarch64-linux-gnu)	Install consumer proof prerequisites	2026-09-08T15:05:44.9447365Z Get:18 http://ports.ubuntu.com/ubuntu-ports noble-security/main arm64 Packages [1067 kB]
consumer (ubuntu-24.04-arm, aarch64-linux-gnu)	Install consumer proof prerequisites	2026-09-08T15:05:45.1354087Z Get:19 http://ports.ubuntu.com/ubuntu-ports noble-security/main Translation-en [213 kB]
consumer (ubuntu-24.04-arm, aarch64-linux-gnu)	Install consumer proof prerequisites	2026-09-08T15:05:45.2994646Z Get:20 http://ports.ubuntu.com/ubuntu-ports noble-security/main arm64 Components [43.3 kB]
consumer (ubuntu-24.04-arm, aarch64-linux-gnu)	Install consumer proof prerequisites	2026-09-08T15:05:45.4593376Z Get:21 http://ports.ubuntu.com/ubuntu-ports noble-security/universe arm64 Packages [1280 kB]
consumer (ubuntu-24.04-arm, aarch64-linux-gnu)	Install consumer proof prerequisites	2026-09-08T15:05:45.6559905Z Get:22 http://ports.ubuntu.com/ubuntu-ports noble-security/universe Translation-en [241 kB]
consumer (ubuntu-24.04-arm, aarch64-linux-gnu)	Install consumer proof prerequisites	2026-09-08T15:05:45.8213000Z Get:23 http://ports.ubuntu.com/ubuntu-ports noble-security/universe arm64 Components [76.2 kB]
consumer (ubuntu-24.04-arm, aarch64-linux-gnu)	Install consumer proof prerequisites	2026-09-08T15:05:45.9819791Z Get:24 http://ports.ubuntu.com/ubuntu-ports noble-security/restricted arm64 Packages [2214 kB]
consumer (ubuntu-24.04-arm, aarch64-linux-gnu)	Install consumer proof prerequisites	2026-09-08T15:05:46.2062364Z Get:25 http://ports.ubuntu.com/ubuntu-ports noble-security/restricted Translation-en [334 kB]
consumer (ubuntu-24.04-arm, aarch64-linux-gnu)	Install consumer proof prerequisites	2026-09-08T15:05:52.4039586Z Fetched 13.6 MB in 6s (2251 kB/s)
consumer (ubuntu-24.04-arm, aarch64-linux-gnu)	Install consumer proof prerequisites	2026-09-08T15:05:53.3861201Z Reading package lists...
consumer (ubuntu-24.04-arm, aarch64-linux-gnu)	Install consumer proof prerequisites	2026-09-08T15:05:53.4166531Z Reading package lists...
consumer (ubuntu-24.04-arm, aarch64-linux-gnu)	Install consumer proof prerequisites	2026-09-08T15:05:53.6826903Z Building dependency tree...
consumer (ubuntu-24.04-arm, aarch64-linux-gnu)	Install consumer proof prerequisites	2026-09-08T15:05:53.6833094Z Reading state information...
consumer (ubuntu-24.04-arm, aarch64-linux-gnu)	Install consumer proof prerequisites	2026-09-08T15:05:54.0008530Z binutils is already the newest version (2.42-4ubuntu2.10).
consumer (ubuntu-24.04-arm, aarch64-linux-gnu)	Install consumer proof prerequisites	2026-09-08T15:05:54.0009343Z The following NEW packages will be installed:
consumer (ubuntu-24.04-arm, aarch64-linux-gnu)	Install consumer proof prerequisites	2026-09-08T15:05:54.0018309Z   bubblewrap
consumer (ubuntu-24.04-arm, aarch64-linux-gnu)	Install consumer proof prerequisites	2026-09-08T15:05:54.4815893Z 0 upgraded, 1 newly installed, 0 to remove and 43 not upgraded.
consumer (ubuntu-24.04-arm, aarch64-linux-gnu)	Install consumer proof prerequisites	2026-09-08T15:05:54.4816531Z Need to get 49.7 kB of archives.
consumer (ubuntu-24.04-arm, aarch64-linux-gnu)	Install consumer proof prerequisites	2026-09-08T15:05:54.4817178Z After this operation, 129 kB of additional disk space will be used.
consumer (ubuntu-24.04-arm, aarch64-linux-gnu)	Install consumer proof prerequisites	2026-09-08T15:05:54.4817914Z Get:1 http://ports.ubuntu.com/ubuntu-ports noble-updates/main arm64 bubblewrap arm64 0.9.0-1ubuntu0.1 [49.7 kB]
consumer (ubuntu-24.04-arm, aarch64-linux-gnu)	Install consumer proof prerequisites	2026-09-08T15:05:55.0958411Z Fetched 49.7 kB in 1s (62.0 kB/s)
consumer (ubuntu-24.04-arm, aarch64-linux-gnu)	Install consumer proof prerequisites	2026-09-08T15:05:55.1361382Z Selecting previously unselected package bubblewrap.
consumer (ubuntu-24.04-arm, aarch64-linux-gnu)	Install consumer proof prerequisites	2026-09-08T15:05:55.1790148Z (Reading database ... 
consumer (ubuntu-24.04-arm, aarch64-linux-gnu)	Install consumer proof prerequisites	2026-09-08T15:05:55.1790737Z (Reading database ... 5%
consumer (ubuntu-24.04-arm, aarch64-linux-gnu)	Install consumer proof prerequisites	2026-09-08T15:05:55.1791767Z (Reading database ... 10%
consumer (ubuntu-24.04-arm, aarch64-linux-gnu)	Install consumer proof prerequisites	2026-09-08T15:05:55.1793136Z (Reading database ... 15%
consumer (ubuntu-24.04-arm, aarch64-linux-gnu)	Install consumer proof prerequisites	2026-09-08T15:05:55.1793506Z (Reading database ... 20%
consumer (ubuntu-24.04-arm, aarch64-linux-gnu)	Install consumer proof prerequisites	2026-09-08T15:05:55.1793895Z (Reading database ... 25%
consumer (ubuntu-24.04-arm, aarch64-linux-gnu)	Install consumer proof prerequisites	2026-09-08T15:05:55.1794189Z (Reading database ... 30%
consumer (ubuntu-24.04-arm, aarch64-linux-gnu)	Install consumer proof prerequisites	2026-09-08T15:05:55.1794471Z (Reading database ... 35%
consumer (ubuntu-24.04-arm, aarch64-linux-gnu)	Install consumer proof prerequisites	2026-09-08T15:05:55.1794838Z (Reading database ... 40%
consumer (ubuntu-24.04-arm, aarch64-linux-gnu)	Install consumer proof prerequisites	2026-09-08T15:05:55.1795118Z (Reading database ... 45%
consumer (ubuntu-24.04-arm, aarch64-linux-gnu)	Install consumer proof prerequisites	2026-09-08T15:05:55.1795807Z (Reading database ... 50%
consumer (ubuntu-24.04-arm, aarch64-linux-gnu)	Install consumer proof prerequisites	2026-09-08T15:05:55.2462935Z (Reading database ... 55%
consumer (ubuntu-24.04-arm, aarch64-linux-gnu)	Install consumer proof prerequisites	2026-09-08T15:05:55.6561400Z (Reading database ... 60%
consumer (ubuntu-24.04-arm, aarch64-linux-gnu)	Install consumer proof prerequisites	2026-09-08T15:05:55.8784728Z (Reading database ... 65%
consumer (ubuntu-24.04-arm, aarch64-linux-gnu)	Install consumer proof prerequisites	2026-09-08T15:05:56.0314507Z (Reading database ... 70%
consumer (ubuntu-24.04-arm, aarch64-linux-gnu)	Install consumer proof prerequisites	2026-09-08T15:05:56.1155865Z (Reading database ... 75%
consumer (ubuntu-24.04-arm, aarch64-linux-gnu)	Install consumer proof prerequisites	2026-09-08T15:05:56.3573665Z (Reading database ... 80%
consumer (ubuntu-24.04-arm, aarch64-linux-gnu)	Install consumer proof prerequisites	2026-09-08T15:05:56.7946187Z (Reading database ... 85%
consumer (ubuntu-24.04-arm, aarch64-linux-gnu)	Install consumer proof prerequisites	2026-09-08T15:05:57.2672717Z (Reading database ... 90%
consumer (ubuntu-24.04-arm, aarch64-linux-gnu)	Install consumer proof prerequisites	2026-09-08T15:05:57.7672825Z (Reading database ... 95%
consumer (ubuntu-24.04-arm, aarch64-linux-gnu)	Install consumer proof prerequisites	2026-09-08T15:05:57.7673555Z (Reading database ... 100%
consumer (ubuntu-24.04-arm, aarch64-linux-gnu)	Install consumer proof prerequisites	2026-09-08T15:05:57.7673963Z (Reading database ... 200999 files and directories currently installed.)
consumer (ubuntu-24.04-arm, aarch64-linux-gnu)	Install consumer proof prerequisites	2026-09-08T15:05:57.7720883Z Preparing to unpack .../bubblewrap_0.9.0-1ubuntu0.1_arm64.deb ...
consumer (ubuntu-24.04-arm, aarch64-linux-gnu)	Install consumer proof prerequisites	2026-09-08T15:05:57.7943528Z Unpacking bubblewrap (0.9.0-1ubuntu0.1) ...
consumer (ubuntu-24.04-arm, aarch64-linux-gnu)	Install consumer proof prerequisites	2026-09-08T15:05:57.9950469Z Setting up bubblewrap (0.9.0-1ubuntu0.1) ...
consumer (ubuntu-24.04-arm, aarch64-linux-gnu)	Install consumer proof prerequisites	2026-09-08T15:05:58.0338238Z Processing triggers for man-db (2.12.0-4build2) ...
consumer (ubuntu-24.04-arm, aarch64-linux-gnu)	Install consumer proof prerequisites	2026-09-08T15:05:58.6168954Z Not building database; man-db/auto-update is not 'true'.
consumer (ubuntu-24.04-arm, aarch64-linux-gnu)	Install consumer proof prerequisites	2026-09-08T15:06:01.5818748Z 
consumer (ubuntu-24.04-arm, aarch64-linux-gnu)	Install consumer proof prerequisites	2026-09-08T15:06:01.5819599Z Running kernel seems to be up-to-date.
consumer (ubuntu-24.04-arm, aarch64-linux-gnu)	Install consumer proof prerequisites	2026-09-08T15:06:01.5820153Z 
consumer (ubuntu-24.04-arm, aarch64-linux-gnu)	Install consumer proof prerequisites	2026-09-08T15:06:01.5820334Z No services need to be restarted.
consumer (ubuntu-24.04-arm, aarch64-linux-gnu)	Install consumer proof prerequisites	2026-09-08T15:06:01.5820527Z 
consumer (ubuntu-24.04-arm, aarch64-linux-gnu)	Install consumer proof prerequisites	2026-09-08T15:06:01.5820669Z No containers need to be restarted.
consumer (ubuntu-24.04-arm, aarch64-linux-gnu)	Install consumer proof prerequisites	2026-09-08T15:06:01.5820855Z 
consumer (ubuntu-24.04-arm, aarch64-linux-gnu)	Install consumer proof prerequisites	2026-09-08T15:06:01.5821062Z No user sessions are running outdated binaries.
consumer (ubuntu-24.04-arm, aarch64-linux-gnu)	Install consumer proof prerequisites	2026-09-08T15:06:01.5821824Z 
consumer (ubuntu-24.04-arm, aarch64-linux-gnu)	Install consumer proof prerequisites	2026-09-08T15:06:01.5822064Z No VM guests are running outdated hypervisor (qemu) binaries on this host.
consumer (ubuntu-24.04-arm, aarch64-linux-gnu)	Install consumer proof prerequisites	2026-09-08T15:06:03.7493190Z * creating /home/runner/.mix/archives/hex-2.5.1
consumer (ubuntu-24.04-arm, aarch64-linux-gnu)	Verify current package with exact reviewed native archive	﻿2026-09-08T15:06:03.7628950Z ##[group]Run set -o pipefail
consumer (ubuntu-24.04-arm, aarch64-linux-gnu)	Verify current package with exact reviewed native archive	2026-09-08T15:06:03.7629492Z ^[[36;1mset -o pipefail^[[0m
consumer (ubuntu-24.04-arm, aarch64-linux-gnu)	Verify current package with exact reviewed native archive	2026-09-08T15:06:03.7630173Z ^[[36;1mpython3 -u scripts/linux_consumer_ci.py --target "$APHID_TARGET" --work "$RUNNER_TEMP/aphid-current-consumer" 2>&1 | tee "$RUNNER_TEMP/current-consumer.log"^[[0m
consumer (ubuntu-24.04-arm, aarch64-linux-gnu)	Verify current package with exact reviewed native archive	2026-09-08T15:06:03.7667412Z shell: /usr/bin/bash -e {0}
consumer (ubuntu-24.04-arm, aarch64-linux-gnu)	Verify current package with exact reviewed native archive	2026-09-08T15:06:03.7667726Z env:
consumer (ubuntu-24.04-arm, aarch64-linux-gnu)	Verify current package with exact reviewed native archive	2026-09-08T15:06:03.7668174Z   pythonLocation: /opt/hostedtoolcache/Python/3.14.7/arm64
consumer (ubuntu-24.04-arm, aarch64-linux-gnu)	Verify current package with exact reviewed native archive	2026-09-08T15:06:03.7668630Z   PKG_CONFIG_PATH: /opt/hostedtoolcache/Python/3.14.7/arm64/lib/pkgconfig
consumer (ubuntu-24.04-arm, aarch64-linux-gnu)	Verify current package with exact reviewed native archive	2026-09-08T15:06:03.7669144Z   Python_ROOT_DIR: /opt/hostedtoolcache/Python/3.14.7/arm64
consumer (ubuntu-24.04-arm, aarch64-linux-gnu)	Verify current package with exact reviewed native archive	2026-09-08T15:06:03.7669567Z   Python2_ROOT_DIR: /opt/hostedtoolcache/Python/3.14.7/arm64
consumer (ubuntu-24.04-arm, aarch64-linux-gnu)	Verify current package with exact reviewed native archive	2026-09-08T15:06:03.7669997Z   Python3_ROOT_DIR: /opt/hostedtoolcache/Python/3.14.7/arm64
consumer (ubuntu-24.04-arm, aarch64-linux-gnu)	Verify current package with exact reviewed native archive	2026-09-08T15:06:03.7670446Z   LD_LIBRARY_PATH: /opt/hostedtoolcache/Python/3.14.7/arm64/lib
consumer (ubuntu-24.04-arm, aarch64-linux-gnu)	Verify current package with exact reviewed native archive	2026-09-08T15:06:03.7670870Z   INSTALL_DIR_FOR_OTP: /home/runner/work/_temp/.setup-beam/otp
consumer (ubuntu-24.04-arm, aarch64-linux-gnu)	Verify current package with exact reviewed native archive	2026-09-08T15:06:03.7671451Z   INSTALL_DIR_FOR_ELIXIR: /home/runner/work/_temp/.setup-beam/elixir
consumer (ubuntu-24.04-arm, aarch64-linux-gnu)	Verify current package with exact reviewed native archive	2026-09-08T15:06:03.7674359Z   GH_TOKEN: ***
consumer (ubuntu-24.04-arm, aarch64-linux-gnu)	Verify current package with exact reviewed native archive	2026-09-08T15:06:03.7674673Z   APHID_TARGET: aarch64-linux-gnu
consumer (ubuntu-24.04-arm, aarch64-linux-gnu)	Verify current package with exact reviewed native archive	2026-09-08T15:06:03.7674980Z ##[endgroup]
consumer (ubuntu-24.04-arm, aarch64-linux-gnu)	Verify current package with exact reviewed native archive	2026-09-08T15:06:10.5936609Z {"command": ["gh", "run", "download", "34236085662", "--repo", "catethos/Aphid", "--name", "validation-aarch64-linux-gnu-34236085662-1", "--dir", "/home/runner/work/_temp/aphid-current-consumer/retained"], "cwd": "/home/runner/work/Aphid/Aphid", "exit": 0, "seconds": 3.923}
consumer (ubuntu-24.04-arm, aarch64-linux-gnu)	Verify current package with exact reviewed native archive	2026-09-08T15:06:11.1545743Z Building aphid 0.1.1-dev
consumer (ubuntu-24.04-arm, aarch64-linux-gnu)	Verify current package with exact reviewed native archive	2026-09-08T15:06:11.1546187Z   Dependencies:
consumer (ubuntu-24.04-arm, aarch64-linux-gnu)	Verify current package with exact reviewed native archive	2026-09-08T15:06:11.1546681Z     zigler == 0.16.0 (app: zigler)
consumer (ubuntu-24.04-arm, aarch64-linux-gnu)	Verify current package with exact reviewed native archive	2026-09-08T15:06:11.1547649Z     telemetry ~> 1.3 (app: telemetry)
consumer (ubuntu-24.04-arm, aarch64-linux-gnu)	Verify current package with exact reviewed native archive	2026-09-08T15:06:11.1601064Z   App: aphid
consumer (ubuntu-24.04-arm, aarch64-linux-gnu)	Verify current package with exact reviewed native archive	2026-09-08T15:06:11.1601419Z   Name: aphid
consumer (ubuntu-24.04-arm, aarch64-linux-gnu)	Verify current package with exact reviewed native archive	2026-09-08T15:06:11.1601638Z   Files:
consumer (ubuntu-24.04-arm, aarch64-linux-gnu)	Verify current package with exact reviewed native archive	2026-09-08T15:06:11.1602676Z     mix.exs
consumer (ubuntu-24.04-arm, aarch64-linux-gnu)	Verify current package with exact reviewed native archive	2026-09-08T15:06:11.1603853Z     mix.lock
consumer (ubuntu-24.04-arm, aarch64-linux-gnu)	Verify current package with exact reviewed native archive	2026-09-08T15:06:11.1604357Z     mix/aphid_bundle.exs
consumer (ubuntu-24.04-arm, aarch64-linux-gnu)	Verify current package with exact reviewed native archive	2026-09-08T15:06:11.1604722Z     lib/aphid.ex
consumer (ubuntu-24.04-arm, aarch64-linux-gnu)	Verify current package with exact reviewed native archive	2026-09-08T15:06:11.1605012Z     lib/aphid/application.ex
consumer (ubuntu-24.04-arm, aarch64-linux-gnu)	Verify current package with exact reviewed native archive	2026-09-08T15:06:11.1605309Z     lib/aphid/bundle_loader.ex
consumer (ubuntu-24.04-arm, aarch64-linux-gnu)	Verify current package with exact reviewed native archive	2026-09-08T15:06:11.1605857Z     lib/aphid/database.ex
consumer (ubuntu-24.04-arm, aarch64-linux-gnu)	Verify current package with exact reviewed native archive	2026-09-08T15:06:11.1606176Z     lib/aphid/error.ex
consumer (ubuntu-24.04-arm, aarch64-linux-gnu)	Verify current package with exact reviewed native archive	2026-09-08T15:06:11.1606429Z     lib/aphid/native.ex
consumer (ubuntu-24.04-arm, aarch64-linux-gnu)	Verify current package with exact reviewed native archive	2026-09-08T15:06:11.1606761Z     lib/aphid/options.ex
consumer (ubuntu-24.04-arm, aarch64-linux-gnu)	Verify current package with exact reviewed native archive	2026-09-08T15:06:11.1607045Z     lib/aphid/proof.ex
consumer (ubuntu-24.04-arm, aarch64-linux-gnu)	Verify current package with exact reviewed native archive	2026-09-08T15:06:11.1607319Z     lib/aphid/result.ex
consumer (ubuntu-24.04-arm, aarch64-linux-gnu)	Verify current package with exact reviewed native archive	2026-09-08T15:06:11.1607617Z     lib/aphid/stream.ex
consumer (ubuntu-24.04-arm, aarch64-linux-gnu)	Verify current package with exact reviewed native archive	2026-09-08T15:06:11.1607877Z     lib/aphid/telemetry.ex
consumer (ubuntu-24.04-arm, aarch64-linux-gnu)	Verify current package with exact reviewed native archive	2026-09-08T15:06:11.1608138Z     lib/aphid/transaction.ex
consumer (ubuntu-24.04-arm, aarch64-linux-gnu)	Verify current package with exact reviewed native archive	2026-09-08T15:06:11.1608451Z     lib/aphid/value.ex
consumer (ubuntu-24.04-arm, aarch64-linux-gnu)	Verify current package with exact reviewed native archive	2026-09-08T15:06:11.1608763Z     README.md
consumer (ubuntu-24.04-arm, aarch64-linux-gnu)	Verify current package with exact reviewed native archive	2026-09-08T15:06:11.1609555Z     LICENSE
consumer (ubuntu-24.04-arm, aarch64-linux-gnu)	Verify current package with exact reviewed native archive	2026-09-08T15:06:11.1609786Z     THIRD_PARTY.md
consumer (ubuntu-24.04-arm, aarch64-linux-gnu)	Verify current package with exact reviewed native archive	2026-09-08T15:06:11.1610025Z     THIRD_PARTY_NOTICES.txt
consumer (ubuntu-24.04-arm, aarch64-linux-gnu)	Verify current package with exact reviewed native archive	2026-09-08T15:06:11.1610332Z     docs/architecture.md
consumer (ubuntu-24.04-arm, aarch64-linux-gnu)	Verify current package with exact reviewed native archive	2026-09-08T15:06:11.1610639Z     docs/extensions.md
consumer (ubuntu-24.04-arm, aarch64-linux-gnu)	Verify current package with exact reviewed native archive	2026-09-08T15:06:11.1610975Z     docs/github-release.md
consumer (ubuntu-24.04-arm, aarch64-linux-gnu)	Verify current package with exact reviewed native archive	2026-09-08T15:06:11.1611253Z     docs/hex-publication.md
consumer (ubuntu-24.04-arm, aarch64-linux-gnu)	Verify current package with exact reviewed native archive	2026-09-08T15:06:11.1611528Z     docs/local-installation.md
consumer (ubuntu-24.04-arm, aarch64-linux-gnu)	Verify current package with exact reviewed native archive	2026-09-08T15:06:11.1611861Z     docs/publishing-updates.md
consumer (ubuntu-24.04-arm, aarch64-linux-gnu)	Verify current package with exact reviewed native archive	2026-09-08T15:06:11.1612177Z     docs/release-checklist.md
consumer (ubuntu-24.04-arm, aarch64-linux-gnu)	Verify current package with exact reviewed native archive	2026-09-08T15:06:11.1612713Z     docs/source-installation.md
consumer (ubuntu-24.04-arm, aarch64-linux-gnu)	Verify current package with exact reviewed native archive	2026-09-08T15:06:11.1612987Z     docs/status.md
consumer (ubuntu-24.04-arm, aarch64-linux-gnu)	Verify current package with exact reviewed native archive	2026-09-08T15:06:11.1613272Z     docs/telemetry.md
consumer (ubuntu-24.04-arm, aarch64-linux-gnu)	Verify current package with exact reviewed native archive	2026-09-08T15:06:11.1613561Z     docs/types.md
consumer (ubuntu-24.04-arm, aarch64-linux-gnu)	Verify current package with exact reviewed native archive	2026-09-08T15:06:11.1613793Z     native/lock.json
consumer (ubuntu-24.04-arm, aarch64-linux-gnu)	Verify current package with exact reviewed native archive	2026-09-08T15:06:11.1614081Z     native/local-bundle.json
consumer (ubuntu-24.04-arm, aarch64-linux-gnu)	Verify current package with exact reviewed native archive	2026-09-08T15:06:11.1614365Z     native/linux-bundles.json
consumer (ubuntu-24.04-arm, aarch64-linux-gnu)	Verify current package with exact reviewed native archive	2026-09-08T15:06:11.1614629Z     native/aphid_nif.zig
consumer (ubuntu-24.04-arm, aarch64-linux-gnu)	Verify current package with exact reviewed native archive	2026-09-08T15:06:11.1614929Z     native/bridge.h
consumer (ubuntu-24.04-arm, aarch64-linux-gnu)	Verify current package with exact reviewed native archive	2026-09-08T15:06:11.1615839Z     native/bridge.cpp
consumer (ubuntu-24.04-arm, aarch64-linux-gnu)	Verify current package with exact reviewed native archive	2026-09-08T15:06:11.1616186Z     native/CMakeLists.txt
consumer (ubuntu-24.04-arm, aarch64-linux-gnu)	Verify current package with exact reviewed native archive	2026-09-08T15:06:11.1616500Z     native/patches/aggregate-state-alignment.patch
consumer (ubuntu-24.04-arm, aarch64-linux-gnu)	Verify current package with exact reviewed native archive	2026-09-08T15:06:11.1616867Z     native/patches/alp-conversion-range.patch
consumer (ubuntu-24.04-arm, aarch64-linux-gnu)	Verify current package with exact reviewed native archive	2026-09-08T15:06:11.1617562Z     native/patches/alter-default-result-set.patch
consumer (ubuntu-24.04-arm, aarch64-linux-gnu)	Verify current package with exact reviewed native archive	2026-09-08T15:06:11.1617927Z     native/patches/detach-clear-default.patch
consumer (ubuntu-24.04-arm, aarch64-linux-gnu)	Verify current package with exact reviewed native archive	2026-09-08T15:06:11.1618303Z     native/patches/duckdb-tabular-only.patch
consumer (ubuntu-24.04-arm, aarch64-linux-gnu)	Verify current package with exact reviewed native archive	2026-09-08T15:06:11.1618665Z     native/patches/float-sort-key-alignment.patch
consumer (ubuntu-24.04-arm, aarch64-linux-gnu)	Verify current package with exact reviewed native archive	2026-09-08T15:06:11.1619061Z     native/patches/fts-atomic-create.patch
consumer (ubuntu-24.04-arm, aarch64-linux-gnu)	Verify current package with exact reviewed native archive	2026-09-08T15:06:11.1619450Z     native/patches/int128-add-carry.patch
consumer (ubuntu-24.04-arm, aarch64-linux-gnu)	Verify current package with exact reviewed native archive	2026-09-08T15:06:11.1619787Z     native/patches/int128-negate-overflow.patch
consumer (ubuntu-24.04-arm, aarch64-linux-gnu)	Verify current package with exact reviewed native archive	2026-09-08T15:06:11.1620153Z     native/patches/join-row-alignment.patch
consumer (ubuntu-24.04-arm, aarch64-linux-gnu)	Verify current package with exact reviewed native archive	2026-09-08T15:06:11.1620502Z     native/patches/node-delete-finalize.patch
consumer (ubuntu-24.04-arm, aarch64-linux-gnu)	Verify current package with exact reviewed native archive	2026-09-08T15:06:11.1620857Z     native/patches/path-probe-id-alignment.patch
consumer (ubuntu-24.04-arm, aarch64-linux-gnu)	Verify current package with exact reviewed native archive	2026-09-08T15:06:11.1621292Z     native/patches/row-value-alignment.patch
consumer (ubuntu-24.04-arm, aarch64-linux-gnu)	Verify current package with exact reviewed native archive	2026-09-08T15:06:11.1621627Z     native/patches/sort-key-alignment.patch
consumer (ubuntu-24.04-arm, aarch64-linux-gnu)	Verify current package with exact reviewed native archive	2026-09-08T15:06:11.1621997Z     native/patches/string-hash-alignment.patch
consumer (ubuntu-24.04-arm, aarch64-linux-gnu)	Verify current package with exact reviewed native archive	2026-09-08T15:06:11.1622385Z     native/patches/vector-drop-auto-transaction.patch
consumer (ubuntu-24.04-arm, aarch64-linux-gnu)	Verify current package with exact reviewed native archive	2026-09-08T15:06:11.1622736Z     scripts/build.py
consumer (ubuntu-24.04-arm, aarch64-linux-gnu)	Verify current package with exact reviewed native archive	2026-09-08T15:06:11.1623033Z     scripts/proof.py
consumer (ubuntu-24.04-arm, aarch64-linux-gnu)	Verify current package with exact reviewed native archive	2026-09-08T15:06:11.1623294Z     scripts/source_preflight.py
consumer (ubuntu-24.04-arm, aarch64-linux-gnu)	Verify current package with exact reviewed native archive	2026-09-08T15:06:11.1623608Z     native/proof.zig
consumer (ubuntu-24.04-arm, aarch64-linux-gnu)	Verify current package with exact reviewed native archive	2026-09-08T15:06:11.1624077Z     native/proof.h
consumer (ubuntu-24.04-arm, aarch64-linux-gnu)	Verify current package with exact reviewed native archive	2026-09-08T15:06:11.1624350Z     native/proof.cpp
consumer (ubuntu-24.04-arm, aarch64-linux-gnu)	Verify current package with exact reviewed native archive	2026-09-08T15:06:11.1624640Z   Version: 0.1.1-dev
consumer (ubuntu-24.04-arm, aarch64-linux-gnu)	Verify current package with exact reviewed native archive	2026-09-08T15:06:11.1624880Z   Build tools: mix
consumer (ubuntu-24.04-arm, aarch64-linux-gnu)	Verify current package with exact reviewed native archive	2026-09-08T15:06:11.1625219Z   Description: LadybugDB for Elixir through Zigler
consumer (ubuntu-24.04-arm, aarch64-linux-gnu)	Verify current package with exact reviewed native archive	2026-09-08T15:06:11.1625934Z   Licenses: MIT
consumer (ubuntu-24.04-arm, aarch64-linux-gnu)	Verify current package with exact reviewed native archive	2026-09-08T15:06:11.1626185Z   Links: 
consumer (ubuntu-24.04-arm, aarch64-linux-gnu)	Verify current package with exact reviewed native archive	2026-09-08T15:06:11.1626511Z     GitHub: https://github.com/catethos/Aphid
consumer (ubuntu-24.04-arm, aarch64-linux-gnu)	Verify current package with exact reviewed native archive	2026-09-08T15:06:11.1626834Z   Elixir: ~> 1.20
consumer (ubuntu-24.04-arm, aarch64-linux-gnu)	Verify current package with exact reviewed native archive	2026-09-08T15:06:11.2046709Z Package checksum: 9faa9af3eb1c826446b0bf9473e94632e4fbb9fcb6bfc9d85bae1a90862f2448
consumer (ubuntu-24.04-arm, aarch64-linux-gnu)	Verify current package with exact reviewed native archive	2026-09-08T15:06:11.2047683Z Saved to /home/runner/work/_temp/aphid-current-consumer/aphid-0.1.1-dev-combined.tar
consumer (ubuntu-24.04-arm, aarch64-linux-gnu)	Verify current package with exact reviewed native archive	2026-09-08T15:06:11.2467695Z {"command": ["mix", "hex.build", "--output", "/home/runner/work/_temp/aphid-current-consumer/aphid-0.1.1-dev-combined.tar"], "cwd": "/home/runner/work/Aphid/Aphid", "exit": 0, "seconds": 0.615}
consumer (ubuntu-24.04-arm, aarch64-linux-gnu)	Verify current package with exact reviewed native archive	2026-09-08T15:06:11.2469999Z {"source_package_sha256": "9faa9af3eb1c826446b0bf9473e94632e4fbb9fcb6bfc9d85bae1a90862f2448", "native_archive_sha256": "d919aa4165d3fa9bbf673bc3645c33e9389afedf0cdb89f7c8c1d2ff8c19f2d5", "native_qualification": {"run_id": 34236085662, "attempt": 1, "commit": "f3043c6698c32e0478ed0da83ee907d5bfc09b4d"}}
consumer (ubuntu-24.04-arm, aarch64-linux-gnu)	Verify current package with exact reviewed native archive	2026-09-08T15:06:12.3712552Z using exact local Hex source package: 9faa9af3eb1c826446b0bf9473e94632e4fbb9fcb6bfc9d85bae1a90862f2448
consumer (ubuntu-24.04-arm, aarch64-linux-gnu)	Verify current package with exact reviewed native archive	2026-09-08T15:06:12.4068359Z fresh caches; pinned source dependencies: [{"name": "earmark_parser", "version": "1.4.46", "sha256": "9c44636e8a1c68c62f526b2dcd85d941dbbcee7ab82cf64ba06ce28bef8e89f5"}, {"name": "ex_doc", "version": "0.39.1", "sha256": "8abf0ed3e3ca87c0847dfc4168ceab5bedfe881692f1b7c45f4a11b232806865"}, {"name": "makeup", "version": "1.2.2", "sha256": "9a1a24e5b343b8ae16abea0822c10a6f75da27af7fa802ada5251f7579bfccfa"}, {"name": "makeup_elixir", "version": "1.0.1", "sha256": "7284900d412a3e5cfd97fdaed4f5ed389b8f2b4cb49efc0eb3bd10e2febf9507"}, {"name": "makeup_erlang", "version": "1.1.0", "sha256": "1cd6780fb1dd1a03979abaed0fe82712b0625118fd5257d3ebbf73f960c73c3c"}, {"name": "nimble_parsec", "version": "1.4.2", "sha256": "4b21398942dda052b403bbe1da991ccd03a053668d147d53fb8c4e0efe09c973"}, {"name": "pegasus", "version": "0.2.6", "sha256": "0ac159f0ccab7967cf90208327cc8a35788874814c8d78e19d47104d3fc049b9"}, {"name": "protoss", "version": "1.1.0", "sha256": "c2f874383dd047fcfdf467b814dd33a208a4d24a467aef90d86185b41a0752ad"}, {"name": "telemetry", "version": "1.4.2", "sha256": "928f6495066506077862c0d1646609eed891a4326bee3126ba54b60af61febb1"}, {"name": "zig_doc", "version": "0.7.0", "sha256": "28b57b0bc12f241fc855b6514fe5198f3067fbab2555a3e3a83f6f9ed4699f4c"}, {"name": "zig_get", "version": "0.16.0", "sha256": "2841127cf2005da74fb28d3cc68397a393d3d71df5f45752b974345e696beb01"}, {"name": "zig_parser", "version": "0.7.0", "sha256": "fd0b2fc343820a202787a78a40feae372386b4303717b099223d5f5c5f21f0bb"}, {"name": "zigler", "version": "0.16.0", "sha256": "867ce49289568a7fabff400cb9f1636a429defcd488f3302a82c4b51b2bc7741"}]
consumer (ubuntu-24.04-arm, aarch64-linux-gnu)	Verify current package with exact reviewed native archive	2026-09-08T15:06:12.4935233Z Linux namespace probe passed: build trees hidden, compiler paths masked, external network unavailable
consumer (ubuntu-24.04-arm, aarch64-linux-gnu)	Verify current package with exact reviewed native archive	2026-09-08T15:06:12.5429296Z {"command": ["sudo", "-E", "bwrap", "--die-with-parent", "--unshare-pid", "--ro-bind", "/", "/", "--dev", "/dev", "--proc", "/proc", "--bind", "/home/runner/work/_temp/aphid-current-consumer/fresh", "/home/runner/work/_temp/aphid-current-consumer/fresh", "--unshare-net", "--tmpfs", "/home/runner/work/Aphid/Aphid", "--tmpfs", "/home/runner/work/_temp/aphid-current-consumer/retained", "--ro-bind", "/dev/null", "/usr/bin/aarch64-linux-gnu-as", "--ro-bind", "/dev/null", "/usr/bin/aarch64-linux-gnu-g++-12", "--ro-bind", "/dev/null", "/usr/bin/aarch64-linux-gnu-g++-13", "--ro-bind", "/dev/null", "/usr/bin/aarch64-linux-gnu-g++-14", "--ro-bind", "/dev/null", "/usr/bin/aarch64-linux-gnu-gcc-12", "--ro-bind", "/dev/null", "/usr/bin/aarch64-linux-gnu-gcc-13", "--ro-bind", "/dev/null", "/usr/bin/aarch64-linux-gnu-gcc-14", "--ro-bind", "/dev/null", "/usr/bin/aarch64-linux-gnu-ld.bfd", "--ro-bind", "/dev/null", "/usr/bin/c89-gcc", "--ro-bind", "/dev/null", "/usr/bin/c99-gcc", "--ro-bind", "/dev/null", "/usr/bin/make", "--ro-bind", "/dev/null", "/usr/lib/llvm-16/bin/clang", "--ro-bind", "/dev/null", "/usr/lib/llvm-16/bin/lld", "--ro-bind", "/dev/null", "/usr/lib/llvm-16/bin/llvm-as", "--ro-bind", "/dev/null", "/usr/lib/llvm-17/bin/clang", "--ro-bind", "/dev/null", "/usr/lib/llvm-17/bin/lld", "--ro-bind", "/dev/null", "/usr/lib/llvm-17/bin/llvm-as", "--ro-bind", "/dev/null", "/usr/lib/llvm-18/bin/clang", "--ro-bind", "/dev/null", "/usr/lib/llvm-18/bin/lld", "--ro-bind", "/dev/null", "/usr/lib/llvm-18/bin/llvm-as", "--ro-bind", "/dev/null", "/usr/local/bin/cmake", "--ro-bind", "/dev/null", "/usr/local/bin/ninja", "--cap-add", "CAP_SETUID", "--cap-add", "CAP_SETGID", "--cap-add", "CAP_SETPCAP", "--clearenv", "--setenv", "LANG", "C.UTF-8", "--setenv", "HOME", "/home/runner", "--setenv", "PATH", "/home/runner/work/_temp/.setup-beam/elixir/bin:/home/runner/.mix/escripts:/home/runner/work/_temp/.setup-beam/otp/bin:/opt/hostedtoolcache/Python/3.14.7/arm64/bin:/opt/hostedtoolcache/Python/3.14.7/arm64:/snap/bin:/home/runner/.local/bin:/opt/pipx_bin:/home/runner/.cargo/bin:/home/runner/.config/composer/vendor/bin:/home/runner/.dotnet/tools:/usr/local/sbin:/usr/local/bin:/usr/sbin:/usr/bin:/sbin:/bin:/usr/games:/usr/local/games:/snap/bin", "--", "/usr/bin/setpriv", "--reuid", "1001", "--regid", "1001", "--clear-groups", "--bounding-set=-all", "--no-new-privs", "--", "/opt/hostedtoolcache/Python/3.14.7/arm64/bin/python3", "/home/runner/work/_temp/aphid-current-consumer/fresh/isolation-check.py"], "cwd": "/home/runner/work/_temp/aphid-current-consumer/fresh", "exit": 0, "seconds": 0.114}
consumer (ubuntu-24.04-arm, aarch64-linux-gnu)	Verify current package with exact reviewed native archive	2026-09-08T15:06:12.7626865Z UTF-8 runtime filename mode verified
consumer (ubuntu-24.04-arm, aarch64-linux-gnu)	Verify current package with exact reviewed native archive	2026-09-08T15:06:12.8075680Z {"command": ["sudo", "-E", "bwrap", "--die-with-parent", "--unshare-pid", "--ro-bind", "/", "/", "--dev", "/dev", "--proc", "/proc", "--bind", "/home/runner/work/_temp/aphid-current-consumer/fresh", "/home/runner/work/_temp/aphid-current-consumer/fresh", "--unshare-net", "--tmpfs", "/home/runner/work/Aphid/Aphid", "--tmpfs", "/home/runner/work/_temp/aphid-current-consumer/retained", "--ro-bind", "/dev/null", "/usr/bin/aarch64-linux-gnu-as", "--ro-bind", "/dev/null", "/usr/bin/aarch64-linux-gnu-g++-12", "--ro-bind", "/dev/null", "/usr/bin/aarch64-linux-gnu-g++-13", "--ro-bind", "/dev/null", "/usr/bin/aarch64-linux-gnu-g++-14", "--ro-bind", "/dev/null", "/usr/bin/aarch64-linux-gnu-gcc-12", "--ro-bind", "/dev/null", "/usr/bin/aarch64-linux-gnu-gcc-13", "--ro-bind", "/dev/null", "/usr/bin/aarch64-linux-gnu-gcc-14", "--ro-bind", "/dev/null", "/usr/bin/aarch64-linux-gnu-ld.bfd", "--ro-bind", "/dev/null", "/usr/bin/c89-gcc", "--ro-bind", "/dev/null", "/usr/bin/c99-gcc", "--ro-bind", "/dev/null", "/usr/bin/make", "--ro-bind", "/dev/null", "/usr/lib/llvm-16/bin/clang", "--ro-bind", "/dev/null", "/usr/lib/llvm-16/bin/lld", "--ro-bind", "/dev/null", "/usr/lib/llvm-16/bin/llvm-as", "--ro-bind", "/dev/null", "/usr/lib/llvm-17/bin/clang", "--ro-bind", "/dev/null", "/usr/lib/llvm-17/bin/lld", "--ro-bind", "/dev/null", "/usr/lib/llvm-17/bin/llvm-as", "--ro-bind", "/dev/null", "/usr/lib/llvm-18/bin/clang", "--ro-bind", "/dev/null", "/usr/lib/llvm-18/bin/lld", "--ro-bind", "/dev/null", "/usr/lib/llvm-18/bin/llvm-as", "--ro-bind", "/dev/null", "/usr/local/bin/cmake", "--ro-bind", "/dev/null", "/usr/local/bin/ninja", "--cap-add", "CAP_SETUID", "--cap-add", "CAP_SETGID", "--cap-add", "CAP_SETPCAP", "--clearenv", "--setenv", "LANG", "C.UTF-8", "--setenv", "HOME", "/home/runner", "--setenv", "PATH", "/home/runner/work/_temp/.setup-beam/elixir/bin:/home/runner/.mix/escripts:/home/runner/work/_temp/.setup-beam/otp/bin:/opt/hostedtoolcache/Python/3.14.7/arm64/bin:/opt/hostedtoolcache/Python/3.14.7/arm64:/snap/bin:/home/runner/.local/bin:/opt/pipx_bin:/home/runner/.cargo/bin:/home/runner/.config/composer/vendor/bin:/home/runner/.dotnet/tools:/usr/local/sbin:/usr/local/bin:/usr/sbin:/usr/bin:/sbin:/bin:/usr/games:/usr/local/games:/snap/bin", "--", "/usr/bin/setpriv", "--reuid", "1001", "--regid", "1001", "--clear-groups", "--bounding-set=-all", "--no-new-privs", "--", "/home/runner/work/_temp/.setup-beam/elixir/bin/elixir", "-e", ":utf8 = :file.native_name_encoding(); IO.puts(\"UTF-8 runtime filename mode verified\")"], "cwd": "/home/runner/work/_temp/aphid-current-consumer/fresh", "exit": 0, "seconds": 0.264}
consumer (ubuntu-24.04-arm, aarch64-linux-gnu)	Verify current package with exact reviewed native archive	2026-09-08T15:06:13.8812332Z Resolving Hex dependencies...
consumer (ubuntu-24.04-arm, aarch64-linux-gnu)	Verify current package with exact reviewed native archive	2026-09-08T15:06:13.9020937Z Resolution completed in 0.02s
consumer (ubuntu-24.04-arm, aarch64-linux-gnu)	Verify current package with exact reviewed native archive	2026-09-08T15:06:13.9035911Z Unchanged:
consumer (ubuntu-24.04-arm, aarch64-linux-gnu)	Verify current package with exact reviewed native archive	2026-09-08T15:06:13.9036860Z   earmark_parser 1.4.46
consumer (ubuntu-24.04-arm, aarch64-linux-gnu)	Verify current package with exact reviewed native archive	2026-09-08T15:06:13.9044415Z   ex_doc 0.39.1
consumer (ubuntu-24.04-arm, aarch64-linux-gnu)	Verify current package with exact reviewed native archive	2026-09-08T15:06:13.9045063Z   makeup 1.2.2
consumer (ubuntu-24.04-arm, aarch64-linux-gnu)	Verify current package with exact reviewed native archive	2026-09-08T15:06:13.9045330Z   makeup_elixir 1.0.1
consumer (ubuntu-24.04-arm, aarch64-linux-gnu)	Verify current package with exact reviewed native archive	2026-09-08T15:06:13.9045775Z   makeup_erlang 1.1.0
consumer (ubuntu-24.04-arm, aarch64-linux-gnu)	Verify current package with exact reviewed native archive	2026-09-08T15:06:13.9046155Z   nimble_parsec 1.4.2
consumer (ubuntu-24.04-arm, aarch64-linux-gnu)	Verify current package with exact reviewed native archive	2026-09-08T15:06:13.9046477Z   pegasus 0.2.6
consumer (ubuntu-24.04-arm, aarch64-linux-gnu)	Verify current package with exact reviewed native archive	2026-09-08T15:06:13.9046911Z   protoss 1.1.0
consumer (ubuntu-24.04-arm, aarch64-linux-gnu)	Verify current package with exact reviewed native archive	2026-09-08T15:06:13.9053958Z   telemetry 1.4.2
consumer (ubuntu-24.04-arm, aarch64-linux-gnu)	Verify current package with exact reviewed native archive	2026-09-08T15:06:13.9054453Z   zig_doc 0.7.0
consumer (ubuntu-24.04-arm, aarch64-linux-gnu)	Verify current package with exact reviewed native archive	2026-09-08T15:06:13.9054895Z   zig_get 0.16.0
consumer (ubuntu-24.04-arm, aarch64-linux-gnu)	Verify current package with exact reviewed native archive	2026-09-08T15:06:13.9055201Z   zig_parser 0.7.0
consumer (ubuntu-24.04-arm, aarch64-linux-gnu)	Verify current package with exact reviewed native archive	2026-09-08T15:06:13.9055686Z   zigler 0.16.0
consumer (ubuntu-24.04-arm, aarch64-linux-gnu)	Verify current package with exact reviewed native archive	2026-09-08T15:06:13.9095693Z * Getting zigler (Hex package)
consumer (ubuntu-24.04-arm, aarch64-linux-gnu)	Verify current package with exact reviewed native archive	2026-09-08T15:06:14.0101920Z * Getting telemetry (Hex package)
consumer (ubuntu-24.04-arm, aarch64-linux-gnu)	Verify current package with exact reviewed native archive	2026-09-08T15:06:14.1209964Z * creating /home/runner/work/_temp/aphid-current-consumer/fresh/mix-home/elixir/1-20-otp-29/rebar3
consumer (ubuntu-24.04-arm, aarch64-linux-gnu)	Verify current package with exact reviewed native archive	2026-09-08T15:06:14.1218144Z * Getting protoss (Hex package)
consumer (ubuntu-24.04-arm, aarch64-linux-gnu)	Verify current package with exact reviewed native archive	2026-09-08T15:06:14.1264385Z * Getting zig_doc (Hex package)
consumer (ubuntu-24.04-arm, aarch64-linux-gnu)	Verify current package with exact reviewed native archive	2026-09-08T15:06:14.1335982Z * Getting zig_get (Hex package)
consumer (ubuntu-24.04-arm, aarch64-linux-gnu)	Verify current package with exact reviewed native archive	2026-09-08T15:06:14.1376546Z * Getting zig_parser (Hex package)
consumer (ubuntu-24.04-arm, aarch64-linux-gnu)	Verify current package with exact reviewed native archive	2026-09-08T15:06:14.1551361Z * Getting pegasus (Hex package)
consumer (ubuntu-24.04-arm, aarch64-linux-gnu)	Verify current package with exact reviewed native archive	2026-09-08T15:06:14.1710340Z * Getting nimble_parsec (Hex package)
consumer (ubuntu-24.04-arm, aarch64-linux-gnu)	Verify current package with exact reviewed native archive	2026-09-08T15:06:14.1767977Z * Getting ex_doc (Hex package)
consumer (ubuntu-24.04-arm, aarch64-linux-gnu)	Verify current package with exact reviewed native archive	2026-09-08T15:06:14.2061177Z * Getting earmark_parser (Hex package)
consumer (ubuntu-24.04-arm, aarch64-linux-gnu)	Verify current package with exact reviewed native archive	2026-09-08T15:06:14.2209836Z * Getting makeup_elixir (Hex package)
consumer (ubuntu-24.04-arm, aarch64-linux-gnu)	Verify current package with exact reviewed native archive	2026-09-08T15:06:14.2286686Z * Getting makeup_erlang (Hex package)
consumer (ubuntu-24.04-arm, aarch64-linux-gnu)	Verify current package with exact reviewed native archive	2026-09-08T15:06:14.2344898Z * Getting makeup (Hex package)
consumer (ubuntu-24.04-arm, aarch64-linux-gnu)	Verify current package with exact reviewed native archive	2026-09-08T15:06:14.3148437Z {"command": ["sudo", "-E", "bwrap", "--die-with-parent", "--unshare-pid", "--ro-bind", "/", "/", "--dev", "/dev", "--proc", "/proc", "--bind", "/home/runner/work/_temp/aphid-current-consumer/fresh", "/home/runner/work/_temp/aphid-current-consumer/fresh", "--tmpfs", "/home/runner/work/Aphid/Aphid", "--tmpfs", "/home/runner/work/_temp/aphid-current-consumer/retained", "--ro-bind", "/dev/null", "/usr/bin/aarch64-linux-gnu-as", "--ro-bind", "/dev/null", "/usr/bin/aarch64-linux-gnu-g++-12", "--ro-bind", "/dev/null", "/usr/bin/aarch64-linux-gnu-g++-13", "--ro-bind", "/dev/null", "/usr/bin/aarch64-linux-gnu-g++-14", "--ro-bind", "/dev/null", "/usr/bin/aarch64-linux-gnu-gcc-12", "--ro-bind", "/dev/null", "/usr/bin/aarch64-linux-gnu-gcc-13", "--ro-bind", "/dev/null", "/usr/bin/aarch64-linux-gnu-gcc-14", "--ro-bind", "/dev/null", "/usr/bin/aarch64-linux-gnu-ld.bfd", "--ro-bind", "/dev/null", "/usr/bin/c89-gcc", "--ro-bind", "/dev/null", "/usr/bin/c99-gcc", "--ro-bind", "/dev/null", "/usr/bin/make", "--ro-bind", "/dev/null", "/usr/lib/llvm-16/bin/clang", "--ro-bind", "/dev/null", "/usr/lib/llvm-16/bin/lld", "--ro-bind", "/dev/null", "/usr/lib/llvm-16/bin/llvm-as", "--ro-bind", "/dev/null", "/usr/lib/llvm-17/bin/clang", "--ro-bind", "/dev/null", "/usr/lib/llvm-17/bin/lld", "--ro-bind", "/dev/null", "/usr/lib/llvm-17/bin/llvm-as", "--ro-bind", "/dev/null", "/usr/lib/llvm-18/bin/clang", "--ro-bind", "/dev/null", "/usr/lib/llvm-18/bin/lld", "--ro-bind", "/dev/null", "/usr/lib/llvm-18/bin/llvm-as", "--ro-bind", "/dev/null", "/usr/local/bin/cmake", "--ro-bind", "/dev/null", "/usr/local/bin/ninja", "--cap-add", "CAP_SETUID", "--cap-add", "CAP_SETGID", "--cap-add", "CAP_SETPCAP", "--clearenv", "--setenv", "LANG", "C.UTF-8", "--setenv", "HOME", "/home/runner/work/_temp/aphid-current-consumer/fresh/home", "--setenv", "PATH", "/home/runner/work/_temp/aphid-current-consumer/fresh/tools:/home/runner/work/_temp/.setup-beam/elixir/bin:/home/runner/work/_temp/.setup-beam/elixir/bin:/home/runner/work/_temp/.setup-beam/otp/bin:/usr/bin:/bin:/usr/sbin:/sbin", "--setenv", "MIX_HOME", "/home/runner/work/_temp/aphid-current-consumer/fresh/mix-home", "--setenv", "HEX_HOME", "/home/runner/work/_temp/aphid-current-consumer/fresh/hex-home", "--setenv", "MIX_ENV", "prod", "--setenv", "ZIG_EXECUTABLE_PATH", "/home/runner/work/_temp/aphid-current-consumer/fresh/tools/zig", "--setenv", "ZIG_GLOBAL_CACHE_DIR", "/home/runner/work/_temp/aphid-current-consumer/fresh/zig-cache", "--setenv", "ZIGLER_STAGING_ROOT", "/home/runner/work/_temp/aphid-current-consumer/fresh/staging", "--setenv", "ERL_FLAGS", "+S 1:1 +SDcpu 1:1", "--setenv", "APHID_INSTALL", "precompiled", "--setenv", "APHID_BUNDLE_ARCHIVE", "/home/runner/work/_temp/aphid-current-consumer/fresh/candidate.tar.gz", "--setenv", "APHID_BUNDLE_SHA256", "d919aa4165d3fa9bbf673bc3645c33e9389afedf0cdb89f7c8c1d2ff8c19f2d5", "--setenv", "TMPDIR", "/home/runner/work/_temp/aphid-current-consumer/fresh/tmp", "--", "/usr/bin/setpriv", "--reuid", "1001", "--regid", "1001", "--clear-groups", "--bounding-set=-all", "--no-new-privs", "--", "mix", "deps.get", "--check-locked"], "cwd": "/home/runner/work/_temp/aphid-current-consumer/fresh/consumer", "exit": 0, "seconds": 1.467}
consumer (ubuntu-24.04-arm, aarch64-linux-gnu)	Verify current package with exact reviewed native archive	2026-09-08T15:06:14.3159504Z Normal Hex acquisition verified: 13 locked archives; dependency acquisition complete
consumer (ubuntu-24.04-arm, aarch64-linux-gnu)	Verify current package with exact reviewed native archive	2026-09-08T15:06:14.8716323Z ==> earmark_parser
consumer (ubuntu-24.04-arm, aarch64-linux-gnu)	Verify current package with exact reviewed native archive	2026-09-08T15:06:14.8726806Z Compiling 2 files (.xrl)
consumer (ubuntu-24.04-arm, aarch64-linux-gnu)	Verify current package with exact reviewed native archive	2026-09-08T15:06:14.9059907Z Compiling 1 file (.yrl)
consumer (ubuntu-24.04-arm, aarch64-linux-gnu)	Verify current package with exact reviewed native archive	2026-09-08T15:06:14.9346038Z Compiling 3 files (.erl)
consumer (ubuntu-24.04-arm, aarch64-linux-gnu)	Verify current package with exact reviewed native archive	2026-09-08T15:06:15.1664617Z Compiling 32 files (.ex)
consumer (ubuntu-24.04-arm, aarch64-linux-gnu)	Verify current package with exact reviewed native archive	2026-09-08T15:06:16.1627849Z Generated earmark_parser app
consumer (ubuntu-24.04-arm, aarch64-linux-gnu)	Verify current package with exact reviewed native archive	2026-09-08T15:06:16.1756303Z ==> protoss
consumer (ubuntu-24.04-arm, aarch64-linux-gnu)	Verify current package with exact reviewed native archive	2026-09-08T15:06:16.1756674Z Compiling 1 file (.ex)
consumer (ubuntu-24.04-arm, aarch64-linux-gnu)	Verify current package with exact reviewed native archive	2026-09-08T15:06:16.2174976Z Generated protoss app
consumer (ubuntu-24.04-arm, aarch64-linux-gnu)	Verify current package with exact reviewed native archive	2026-09-08T15:06:16.2364364Z ==> zig_get
consumer (ubuntu-24.04-arm, aarch64-linux-gnu)	Verify current package with exact reviewed native archive	2026-09-08T15:06:16.2364759Z Compiling 1 file (.ex)
consumer (ubuntu-24.04-arm, aarch64-linux-gnu)	Verify current package with exact reviewed native archive	2026-09-08T15:06:16.3026877Z Generated zig_get app
consumer (ubuntu-24.04-arm, aarch64-linux-gnu)	Verify current package with exact reviewed native archive	2026-09-08T15:06:16.3174292Z ==> nimble_parsec
consumer (ubuntu-24.04-arm, aarch64-linux-gnu)	Verify current package with exact reviewed native archive	2026-09-08T15:06:16.3174955Z Compiling 4 files (.ex)
consumer (ubuntu-24.04-arm, aarch64-linux-gnu)	Verify current package with exact reviewed native archive	2026-09-08T15:06:16.6981526Z Generated nimble_parsec app
consumer (ubuntu-24.04-arm, aarch64-linux-gnu)	Verify current package with exact reviewed native archive	2026-09-08T15:06:16.7103607Z ==> pegasus
consumer (ubuntu-24.04-arm, aarch64-linux-gnu)	Verify current package with exact reviewed native archive	2026-09-08T15:06:16.7103978Z Compiling 11 files (.ex)
consumer (ubuntu-24.04-arm, aarch64-linux-gnu)	Verify current package with exact reviewed native archive	2026-09-08T15:06:18.6041115Z Generated pegasus app
consumer (ubuntu-24.04-arm, aarch64-linux-gnu)	Verify current package with exact reviewed native archive	2026-09-08T15:06:18.6178571Z ==> zig_parser
consumer (ubuntu-24.04-arm, aarch64-linux-gnu)	Verify current package with exact reviewed native archive	2026-09-08T15:06:18.6179200Z Compiling 37 files (.ex)
consumer (ubuntu-24.04-arm, aarch64-linux-gnu)	Verify current package with exact reviewed native archive	2026-09-08T15:06:23.2353784Z     warning: incompatible types given to Map.replace!/3:
consumer (ubuntu-24.04-arm, aarch64-linux-gnu)	Verify current package with exact reviewed native archive	2026-09-08T15:06:23.2354388Z 
consumer (ubuntu-24.04-arm, aarch64-linux-gnu)	Verify current package with exact reviewed native archive	2026-09-08T15:06:23.2355042Z         Map.replace!(parse(args), :doc_comment, comment)
consumer (ubuntu-24.04-arm, aarch64-linux-gnu)	Verify current package with exact reviewed native archive	2026-09-08T15:06:23.2356482Z 
consumer (ubuntu-24.04-arm, aarch64-linux-gnu)	Verify current package with exact reviewed native archive	2026-09-08T15:06:23.2356604Z     the map:
consumer (ubuntu-24.04-arm, aarch64-linux-gnu)	Verify current package with exact reviewed native archive	2026-09-08T15:06:23.2356764Z 
consumer (ubuntu-24.04-arm, aarch64-linux-gnu)	Verify current package with exact reviewed native archive	2026-09-08T15:06:23.2356979Z         dynamic(%Zig.Parser.Test{block: %Zig.Parser.Block{}, location: nil})
consumer (ubuntu-24.04-arm, aarch64-linux-gnu)	Verify current package with exact reviewed native archive	2026-09-08T15:06:23.2357425Z 
consumer (ubuntu-24.04-arm, aarch64-linux-gnu)	Verify current package with exact reviewed native archive	2026-09-08T15:06:23.2357571Z     does not have all required keys:
consumer (ubuntu-24.04-arm, aarch64-linux-gnu)	Verify current package with exact reviewed native archive	2026-09-08T15:06:23.2357948Z 
consumer (ubuntu-24.04-arm, aarch64-linux-gnu)	Verify current package with exact reviewed native archive	2026-09-08T15:06:23.2358072Z         :doc_comment
consumer (ubuntu-24.04-arm, aarch64-linux-gnu)	Verify current package with exact reviewed native archive	2026-09-08T15:06:23.2358203Z 
consumer (ubuntu-24.04-arm, aarch64-linux-gnu)	Verify current package with exact reviewed native archive	2026-09-08T15:06:23.2358398Z     therefore this function will always raise
consumer (ubuntu-24.04-arm, aarch64-linux-gnu)	Verify current package with exact reviewed native archive	2026-09-08T15:06:23.2358683Z 
consumer (ubuntu-24.04-arm, aarch64-linux-gnu)	Verify current package with exact reviewed native archive	2026-09-08T15:06:23.2358799Z     where "args" was given the type:
consumer (ubuntu-24.04-arm, aarch64-linux-gnu)	Verify current package with exact reviewed native archive	2026-09-08T15:06:23.2359006Z 
consumer (ubuntu-24.04-arm, aarch64-linux-gnu)	Verify current package with exact reviewed native archive	2026-09-08T15:06:23.2359131Z         # type: dynamic(non_empty_list(term()))
consumer (ubuntu-24.04-arm, aarch64-linux-gnu)	Verify current package with exact reviewed native archive	2026-09-08T15:06:23.2359551Z         # from: lib/zig.parser/test.ex:16:10
consumer (ubuntu-24.04-arm, aarch64-linux-gnu)	Verify current package with exact reviewed native archive	2026-09-08T15:06:23.2359852Z         parse(args)
consumer (ubuntu-24.04-arm, aarch64-linux-gnu)	Verify current package with exact reviewed native archive	2026-09-08T15:06:23.2359975Z 
consumer (ubuntu-24.04-arm, aarch64-linux-gnu)	Verify current package with exact reviewed native archive	2026-09-08T15:06:23.2360192Z     where "comment" was given the type:
consumer (ubuntu-24.04-arm, aarch64-linux-gnu)	Verify current package with exact reviewed native archive	2026-09-08T15:06:23.2361496Z 
consumer (ubuntu-24.04-arm, aarch64-linux-gnu)	Verify current package with exact reviewed native archive	2026-09-08T15:06:23.2362012Z         # type: dynamic()
consumer (ubuntu-24.04-arm, aarch64-linux-gnu)	Verify current package with exact reviewed native archive	2026-09-08T15:06:23.2362597Z         # from: lib/zig.parser/test.ex
consumer (ubuntu-24.04-arm, aarch64-linux-gnu)	Verify current package with exact reviewed native archive	2026-09-08T15:06:23.2363409Z         [{:TestDecl, [start, {:doc_comment, comment} | args]} | rest_args]
consumer (ubuntu-24.04-arm, aarch64-linux-gnu)	Verify current package with exact reviewed native archive	2026-09-08T15:06:23.2363862Z 
consumer (ubuntu-24.04-arm, aarch64-linux-gnu)	Verify current package with exact reviewed native archive	2026-09-08T15:06:23.2364212Z     type warning found at:
consumer (ubuntu-24.04-arm, aarch64-linux-gnu)	Verify current package with exact reviewed native archive	2026-09-08T15:06:23.2365081Z     │
consumer (ubuntu-24.04-arm, aarch64-linux-gnu)	Verify current package with exact reviewed native archive	2026-09-08T15:06:23.2366188Z  17 │       |> Map.replace!(:doc_comment, comment)
consumer (ubuntu-24.04-arm, aarch64-linux-gnu)	Verify current package with exact reviewed native archive	2026-09-08T15:06:23.2367045Z     │              ~
consumer (ubuntu-24.04-arm, aarch64-linux-gnu)	Verify current package with exact reviewed native archive	2026-09-08T15:06:23.2367661Z     │
consumer (ubuntu-24.04-arm, aarch64-linux-gnu)	Verify current package with exact reviewed native archive	2026-09-08T15:06:23.2368389Z     └─ lib/zig.parser/test.ex:17:14: Zig.Parser.Test.post_traverse/5
consumer (ubuntu-24.04-arm, aarch64-linux-gnu)	Verify current package with exact reviewed native archive	2026-09-08T15:06:23.2368981Z 
consumer (ubuntu-24.04-arm, aarch64-linux-gnu)	Verify current package with exact reviewed native archive	2026-09-08T15:06:23.6243675Z Generated zig_parser app
consumer (ubuntu-24.04-arm, aarch64-linux-gnu)	Verify current package with exact reviewed native archive	2026-09-08T15:06:23.6428469Z ==> makeup
consumer (ubuntu-24.04-arm, aarch64-linux-gnu)	Verify current package with exact reviewed native archive	2026-09-08T15:06:23.6428911Z Compiling 15 files (.ex)
consumer (ubuntu-24.04-arm, aarch64-linux-gnu)	Verify current package with exact reviewed native archive	2026-09-08T15:06:24.0765601Z Generated makeup app
consumer (ubuntu-24.04-arm, aarch64-linux-gnu)	Verify current package with exact reviewed native archive	2026-09-08T15:06:24.0936733Z ==> makeup_elixir
consumer (ubuntu-24.04-arm, aarch64-linux-gnu)	Verify current package with exact reviewed native archive	2026-09-08T15:06:24.0937115Z Compiling 6 files (.ex)
consumer (ubuntu-24.04-arm, aarch64-linux-gnu)	Verify current package with exact reviewed native archive	2026-09-08T15:06:34.5476694Z Generated makeup_elixir app
consumer (ubuntu-24.04-arm, aarch64-linux-gnu)	Verify current package with exact reviewed native archive	2026-09-08T15:06:34.5638623Z ==> makeup_erlang
consumer (ubuntu-24.04-arm, aarch64-linux-gnu)	Verify current package with exact reviewed native archive	2026-09-08T15:06:34.5639018Z Compiling 4 files (.ex)
consumer (ubuntu-24.04-arm, aarch64-linux-gnu)	Verify current package with exact reviewed native archive	2026-09-08T15:06:44.5330814Z Generated makeup_erlang app
consumer (ubuntu-24.04-arm, aarch64-linux-gnu)	Verify current package with exact reviewed native archive	2026-09-08T15:06:44.5608628Z ==> ex_doc
consumer (ubuntu-24.04-arm, aarch64-linux-gnu)	Verify current package with exact reviewed native archive	2026-09-08T15:06:44.5609136Z Compiling 27 files (.ex)
consumer (ubuntu-24.04-arm, aarch64-linux-gnu)	Verify current package with exact reviewed native archive	2026-09-08T15:06:46.1764075Z      warning: this clause of defp favicon_path/1 is never used (or it will always fail/warn when invoked)
consumer (ubuntu-24.04-arm, aarch64-linux-gnu)	Verify current package with exact reviewed native archive	2026-09-08T15:06:46.1765033Z      │
consumer (ubuntu-24.04-arm, aarch64-linux-gnu)	Verify current package with exact reviewed native archive	2026-09-08T15:06:46.1765336Z  153 │   defp favicon_path(%{favicon: nil}), do: nil
consumer (ubuntu-24.04-arm, aarch64-linux-gnu)	Verify current package with exact reviewed native archive	2026-09-08T15:06:46.1765828Z      │        ~
consumer (ubuntu-24.04-arm, aarch64-linux-gnu)	Verify current package with exact reviewed native archive	2026-09-08T15:06:46.1766023Z      │
consumer (ubuntu-24.04-arm, aarch64-linux-gnu)	Verify current package with exact reviewed native archive	2026-09-08T15:06:46.1766472Z      └─ lib/ex_doc/formatter/html/templates.ex:153:8: ExDoc.Formatter.HTML.Templates.favicon_path/1
consumer (ubuntu-24.04-arm, aarch64-linux-gnu)	Verify current package with exact reviewed native archive	2026-09-08T15:06:46.1766837Z 
consumer (ubuntu-24.04-arm, aarch64-linux-gnu)	Verify current package with exact reviewed native archive	2026-09-08T15:06:46.1767175Z      warning: the following clause cannot match because the previous clauses already matched all possible values:
consumer (ubuntu-24.04-arm, aarch64-linux-gnu)	Verify current package with exact reviewed native archive	2026-09-08T15:06:46.1767579Z 
consumer (ubuntu-24.04-arm, aarch64-linux-gnu)	Verify current package with exact reviewed native archive	2026-09-08T15:06:46.1767654Z          _ ->
consumer (ubuntu-24.04-arm, aarch64-linux-gnu)	Verify current package with exact reviewed native archive	2026-09-08T15:06:46.1767763Z 
consumer (ubuntu-24.04-arm, aarch64-linux-gnu)	Verify current package with exact reviewed native archive	2026-09-08T15:06:46.1767871Z      it attempts to match on the result of:
consumer (ubuntu-24.04-arm, aarch64-linux-gnu)	Verify current package with exact reviewed native archive	2026-09-08T15:06:46.1768054Z 
consumer (ubuntu-24.04-arm, aarch64-linux-gnu)	Verify current package with exact reviewed native archive	2026-09-08T15:06:46.1768134Z          result
consumer (ubuntu-24.04-arm, aarch64-linux-gnu)	Verify current package with exact reviewed native archive	2026-09-08T15:06:46.1768265Z 
consumer (ubuntu-24.04-arm, aarch64-linux-gnu)	Verify current package with exact reviewed native archive	2026-09-08T15:06:46.1768371Z      which has the already matched type:
consumer (ubuntu-24.04-arm, aarch64-linux-gnu)	Verify current package with exact reviewed native archive	2026-09-08T15:06:46.1768550Z 
consumer (ubuntu-24.04-arm, aarch64-linux-gnu)	Verify current package with exact reviewed native archive	2026-09-08T15:06:46.1768766Z          dynamic({:docs_v1, term(), term(), term(), term(), term(), term()} or {:error, term()})
consumer (ubuntu-24.04-arm, aarch64-linux-gnu)	Verify current package with exact reviewed native archive	2026-09-08T15:06:46.1769081Z 
consumer (ubuntu-24.04-arm, aarch64-linux-gnu)	Verify current package with exact reviewed native archive	2026-09-08T15:06:46.1769170Z      type warning found at:
consumer (ubuntu-24.04-arm, aarch64-linux-gnu)	Verify current package with exact reviewed native archive	2026-09-08T15:06:46.1769398Z      │
consumer (ubuntu-24.04-arm, aarch64-linux-gnu)	Verify current package with exact reviewed native archive	2026-09-08T15:06:46.1769593Z  124 │       _ ->
consumer (ubuntu-24.04-arm, aarch64-linux-gnu)	Verify current package with exact reviewed native archive	2026-09-08T15:06:46.1769794Z      │         ~
consumer (ubuntu-24.04-arm, aarch64-linux-gnu)	Verify current package with exact reviewed native archive	2026-09-08T15:06:46.1769975Z      │
consumer (ubuntu-24.04-arm, aarch64-linux-gnu)	Verify current package with exact reviewed native archive	2026-09-08T15:06:46.1770286Z      └─ lib/ex_doc/retriever.ex:124:9: ExDoc.Retriever.docs_chunk/1
consumer (ubuntu-24.04-arm, aarch64-linux-gnu)	Verify current package with exact reviewed native archive	2026-09-08T15:06:46.1770533Z 
consumer (ubuntu-24.04-arm, aarch64-linux-gnu)	Verify current package with exact reviewed native archive	2026-09-08T15:06:46.1814614Z      warning: this clause of defp logo_path/1 is never used (or it will always fail/warn when invoked)
consumer (ubuntu-24.04-arm, aarch64-linux-gnu)	Verify current package with exact reviewed native archive	2026-09-08T15:06:46.1815230Z      │
consumer (ubuntu-24.04-arm, aarch64-linux-gnu)	Verify current package with exact reviewed native archive	2026-09-08T15:06:46.1815676Z  156 │   defp logo_path(%{logo: nil}), do: nil
consumer (ubuntu-24.04-arm, aarch64-linux-gnu)	Verify current package with exact reviewed native archive	2026-09-08T15:06:46.1815970Z      │        ~
consumer (ubuntu-24.04-arm, aarch64-linux-gnu)	Verify current package with exact reviewed native archive	2026-09-08T15:06:46.1816149Z      │
consumer (ubuntu-24.04-arm, aarch64-linux-gnu)	Verify current package with exact reviewed native archive	2026-09-08T15:06:46.1816578Z      └─ lib/ex_doc/formatter/html/templates.ex:156:8: ExDoc.Formatter.HTML.Templates.logo_path/1
consumer (ubuntu-24.04-arm, aarch64-linux-gnu)	Verify current package with exact reviewed native archive	2026-09-08T15:06:46.1817541Z 
consumer (ubuntu-24.04-arm, aarch64-linux-gnu)	Verify current package with exact reviewed native archive	2026-09-08T15:06:46.1892525Z      warning: the following clause will never match:
consumer (ubuntu-24.04-arm, aarch64-linux-gnu)	Verify current package with exact reviewed native archive	2026-09-08T15:06:46.1892828Z 
consumer (ubuntu-24.04-arm, aarch64-linux-gnu)	Verify current package with exact reviewed native archive	2026-09-08T15:06:46.1892919Z          nil ->
consumer (ubuntu-24.04-arm, aarch64-linux-gnu)	Verify current package with exact reviewed native archive	2026-09-08T15:06:46.1893714Z 
consumer (ubuntu-24.04-arm, aarch64-linux-gnu)	Verify current package with exact reviewed native archive	2026-09-08T15:06:46.1893867Z      because it attempts to match on the result of:
consumer (ubuntu-24.04-arm, aarch64-linux-gnu)	Verify current package with exact reviewed native archive	2026-09-08T15:06:46.1894072Z 
consumer (ubuntu-24.04-arm, aarch64-linux-gnu)	Verify current package with exact reviewed native archive	2026-09-08T15:06:46.1894248Z          ExDoc.Language.Source.fetch_type!(module_data, name, arity)
consumer (ubuntu-24.04-arm, aarch64-linux-gnu)	Verify current package with exact reviewed native archive	2026-09-08T15:06:46.1894506Z 
consumer (ubuntu-24.04-arm, aarch64-linux-gnu)	Verify current package with exact reviewed native archive	2026-09-08T15:06:46.1894589Z      which has type:
consumer (ubuntu-24.04-arm, aarch64-linux-gnu)	Verify current package with exact reviewed native archive	2026-09-08T15:06:46.1894711Z 
consumer (ubuntu-24.04-arm, aarch64-linux-gnu)	Verify current package with exact reviewed native archive	2026-09-08T15:06:46.1894812Z          dynamic(not false and not nil)
consumer (ubuntu-24.04-arm, aarch64-linux-gnu)	Verify current package with exact reviewed native archive	2026-09-08T15:06:46.1894987Z 
consumer (ubuntu-24.04-arm, aarch64-linux-gnu)	Verify current package with exact reviewed native archive	2026-09-08T15:06:46.1895083Z      type warning found at:
consumer (ubuntu-24.04-arm, aarch64-linux-gnu)	Verify current package with exact reviewed native archive	2026-09-08T15:06:46.1895714Z      │
consumer (ubuntu-24.04-arm, aarch64-linux-gnu)	Verify current package with exact reviewed native archive	2026-09-08T15:06:46.1896010Z  150 │         nil ->
consumer (ubuntu-24.04-arm, aarch64-linux-gnu)	Verify current package with exact reviewed native archive	2026-09-08T15:06:46.1896238Z      │         ~~~~~~
consumer (ubuntu-24.04-arm, aarch64-linux-gnu)	Verify current package with exact reviewed native archive	2026-09-08T15:06:46.1896430Z      │
consumer (ubuntu-24.04-arm, aarch64-linux-gnu)	Verify current package with exact reviewed native archive	2026-09-08T15:06:46.1896777Z      └─ lib/ex_doc/language/erlang.ex:150: ExDoc.Language.Erlang.type_data/6
consumer (ubuntu-24.04-arm, aarch64-linux-gnu)	Verify current package with exact reviewed native archive	2026-09-08T15:06:46.1897081Z 
consumer (ubuntu-24.04-arm, aarch64-linux-gnu)	Verify current package with exact reviewed native archive	2026-09-08T15:06:46.2029203Z      warning: the following clause is redundant:
consumer (ubuntu-24.04-arm, aarch64-linux-gnu)	Verify current package with exact reviewed native archive	2026-09-08T15:06:46.2029468Z 
consumer (ubuntu-24.04-arm, aarch64-linux-gnu)	Verify current package with exact reviewed native archive	2026-09-08T15:06:46.2029957Z          defp to_var({:<<>>, _, _}, _)
consumer (ubuntu-24.04-arm, aarch64-linux-gnu)	Verify current package with exact reviewed native archive	2026-09-08T15:06:46.2030135Z 
consumer (ubuntu-24.04-arm, aarch64-linux-gnu)	Verify current package with exact reviewed native archive	2026-09-08T15:06:46.2030254Z      it has type:
consumer (ubuntu-24.04-arm, aarch64-linux-gnu)	Verify current package with exact reviewed native archive	2026-09-08T15:06:46.2030390Z 
consumer (ubuntu-24.04-arm, aarch64-linux-gnu)	Verify current package with exact reviewed native archive	2026-09-08T15:06:46.2030503Z          dynamic({:<<>>, term(), term()}), dynamic()
consumer (ubuntu-24.04-arm, aarch64-linux-gnu)	Verify current package with exact reviewed native archive	2026-09-08T15:06:46.2030701Z 
consumer (ubuntu-24.04-arm, aarch64-linux-gnu)	Verify current package with exact reviewed native archive	2026-09-08T15:06:46.2030878Z      previous clauses have already matched on the following types:
consumer (ubuntu-24.04-arm, aarch64-linux-gnu)	Verify current package with exact reviewed native archive	2026-09-08T15:06:46.2031129Z 
consumer (ubuntu-24.04-arm, aarch64-linux-gnu)	Verify current package with exact reviewed native archive	2026-09-08T15:06:46.2031227Z          {:%{}, term(), term()}, term()
consumer (ubuntu-24.04-arm, aarch64-linux-gnu)	Verify current package with exact reviewed native archive	2026-09-08T15:06:46.2031479Z          {atom(), term(), term()}, term()
consumer (ubuntu-24.04-arm, aarch64-linux-gnu)	Verify current package with exact reviewed native archive	2026-09-08T15:06:46.2031647Z 
consumer (ubuntu-24.04-arm, aarch64-linux-gnu)	Verify current package with exact reviewed native archive	2026-09-08T15:06:46.2031869Z      │
consumer (ubuntu-24.04-arm, aarch64-linux-gnu)	Verify current package with exact reviewed native archive	2026-09-08T15:06:46.2032168Z  569 │   defp to_var({:<<>>, _, _}, _), do: {:binary, [], nil}
consumer (ubuntu-24.04-arm, aarch64-linux-gnu)	Verify current package with exact reviewed native archive	2026-09-08T15:06:46.2032479Z      │        ~
consumer (ubuntu-24.04-arm, aarch64-linux-gnu)	Verify current package with exact reviewed native archive	2026-09-08T15:06:46.2032656Z      │
consumer (ubuntu-24.04-arm, aarch64-linux-gnu)	Verify current package with exact reviewed native archive	2026-09-08T15:06:46.2032990Z      └─ lib/ex_doc/language/elixir.ex:569:8: ExDoc.Language.Elixir.to_var/2
consumer (ubuntu-24.04-arm, aarch64-linux-gnu)	Verify current package with exact reviewed native archive	2026-09-08T15:06:46.2033283Z 
consumer (ubuntu-24.04-arm, aarch64-linux-gnu)	Verify current package with exact reviewed native archive	2026-09-08T15:06:46.2104254Z      warning: the following clause is redundant:
consumer (ubuntu-24.04-arm, aarch64-linux-gnu)	Verify current package with exact reviewed native archive	2026-09-08T15:06:46.2104544Z 
consumer (ubuntu-24.04-arm, aarch64-linux-gnu)	Verify current package with exact reviewed native archive	2026-09-08T15:06:46.2104648Z          defp to_var({:{}, _, _}, _)
consumer (ubuntu-24.04-arm, aarch64-linux-gnu)	Verify current package with exact reviewed native archive	2026-09-08T15:06:46.2104821Z 
consumer (ubuntu-24.04-arm, aarch64-linux-gnu)	Verify current package with exact reviewed native archive	2026-09-08T15:06:46.2104934Z      it has type:
consumer (ubuntu-24.04-arm, aarch64-linux-gnu)	Verify current package with exact reviewed native archive	2026-09-08T15:06:46.2105055Z 
consumer (ubuntu-24.04-arm, aarch64-linux-gnu)	Verify current package with exact reviewed native archive	2026-09-08T15:06:46.2105167Z          dynamic({:{}, term(), term()}), dynamic()
consumer (ubuntu-24.04-arm, aarch64-linux-gnu)	Verify current package with exact reviewed native archive	2026-09-08T15:06:46.2105520Z 
consumer (ubuntu-24.04-arm, aarch64-linux-gnu)	Verify current package with exact reviewed native archive	2026-09-08T15:06:46.2105716Z      previous clauses have already matched on the following types:
consumer (ubuntu-24.04-arm, aarch64-linux-gnu)	Verify current package with exact reviewed native archive	2026-09-08T15:06:46.2105968Z 
consumer (ubuntu-24.04-arm, aarch64-linux-gnu)	Verify current package with exact reviewed native archive	2026-09-08T15:06:46.2106065Z          {:%{}, term(), term()}, term()
consumer (ubuntu-24.04-arm, aarch64-linux-gnu)	Verify current package with exact reviewed native archive	2026-09-08T15:06:46.2106322Z          {atom(), term(), term()}, term()
consumer (ubuntu-24.04-arm, aarch64-linux-gnu)	Verify current package with exact reviewed native archive	2026-09-08T15:06:46.2106494Z 
consumer (ubuntu-24.04-arm, aarch64-linux-gnu)	Verify current package with exact reviewed native archive	2026-09-08T15:06:46.2106715Z      │
consumer (ubuntu-24.04-arm, aarch64-linux-gnu)	Verify current package with exact reviewed native archive	2026-09-08T15:06:46.2107011Z  570 │   defp to_var({:{}, _, _}, _), do: {:tuple, [], nil}
consumer (ubuntu-24.04-arm, aarch64-linux-gnu)	Verify current package with exact reviewed native archive	2026-09-08T15:06:46.2107373Z      │        ~
consumer (ubuntu-24.04-arm, aarch64-linux-gnu)	Verify current package with exact reviewed native archive	2026-09-08T15:06:46.2107559Z      │
consumer (ubuntu-24.04-arm, aarch64-linux-gnu)	Verify current package with exact reviewed native archive	2026-09-08T15:06:46.2107900Z      └─ lib/ex_doc/language/elixir.ex:570:8: ExDoc.Language.Elixir.to_var/2
consumer (ubuntu-24.04-arm, aarch64-linux-gnu)	Verify current package with exact reviewed native archive	2026-09-08T15:06:46.2108195Z 
consumer (ubuntu-24.04-arm, aarch64-linux-gnu)	Verify current package with exact reviewed native archive	2026-09-08T15:06:46.2124633Z      warning: the following clause is redundant:
consumer (ubuntu-24.04-arm, aarch64-linux-gnu)	Verify current package with exact reviewed native archive	2026-09-08T15:06:46.2124900Z 
consumer (ubuntu-24.04-arm, aarch64-linux-gnu)	Verify current package with exact reviewed native archive	2026-09-08T15:06:46.2125032Z          defp to_var(float, _) when is_integer(float)
consumer (ubuntu-24.04-arm, aarch64-linux-gnu)	Verify current package with exact reviewed native archive	2026-09-08T15:06:46.2125286Z 
consumer (ubuntu-24.04-arm, aarch64-linux-gnu)	Verify current package with exact reviewed native archive	2026-09-08T15:06:46.2125486Z      it has type:
consumer (ubuntu-24.04-arm, aarch64-linux-gnu)	Verify current package with exact reviewed native archive	2026-09-08T15:06:46.2125618Z 
consumer (ubuntu-24.04-arm, aarch64-linux-gnu)	Verify current package with exact reviewed native archive	2026-09-08T15:06:46.2125719Z          integer(), dynamic()
consumer (ubuntu-24.04-arm, aarch64-linux-gnu)	Verify current package with exact reviewed native archive	2026-09-08T15:06:46.2125864Z 
consumer (ubuntu-24.04-arm, aarch64-linux-gnu)	Verify current package with exact reviewed native archive	2026-09-08T15:06:46.2126038Z      previous clauses have already matched on the following types:
consumer (ubuntu-24.04-arm, aarch64-linux-gnu)	Verify current package with exact reviewed native archive	2026-09-08T15:06:46.2126295Z 
consumer (ubuntu-24.04-arm, aarch64-linux-gnu)	Verify current package with exact reviewed native archive	2026-09-08T15:06:46.2126389Z          {:%{}, term(), term()}, term()
consumer (ubuntu-24.04-arm, aarch64-linux-gnu)	Verify current package with exact reviewed native archive	2026-09-08T15:06:46.2126639Z          {atom(), term(), term()}, term()
consumer (ubuntu-24.04-arm, aarch64-linux-gnu)	Verify current package with exact reviewed native archive	2026-09-08T15:06:46.2126888Z          {term(), term()}, term()
consumer (ubuntu-24.04-arm, aarch64-linux-gnu)	Verify current package with exact reviewed native archive	2026-09-08T15:06:46.2127127Z          integer(), term()
consumer (ubuntu-24.04-arm, aarch64-linux-gnu)	Verify current package with exact reviewed native archive	2026-09-08T15:06:46.2127260Z 
consumer (ubuntu-24.04-arm, aarch64-linux-gnu)	Verify current package with exact reviewed native archive	2026-09-08T15:06:46.2127543Z      │
consumer (ubuntu-24.04-arm, aarch64-linux-gnu)	Verify current package with exact reviewed native archive	2026-09-08T15:06:46.2127949Z  573 │   defp to_var(float, _) when is_integer(float), do: {:float, [], nil}
consumer (ubuntu-24.04-arm, aarch64-linux-gnu)	Verify current package with exact reviewed native archive	2026-09-08T15:06:46.2128784Z      │        ~
consumer (ubuntu-24.04-arm, aarch64-linux-gnu)	Verify current package with exact reviewed native archive	2026-09-08T15:06:46.2128973Z      │
consumer (ubuntu-24.04-arm, aarch64-linux-gnu)	Verify current package with exact reviewed native archive	2026-09-08T15:06:46.2129322Z      └─ lib/ex_doc/language/elixir.ex:573:8: ExDoc.Language.Elixir.to_var/2
consumer (ubuntu-24.04-arm, aarch64-linux-gnu)	Verify current package with exact reviewed native archive	2026-09-08T15:06:46.2129600Z 
consumer (ubuntu-24.04-arm, aarch64-linux-gnu)	Verify current package with exact reviewed native archive	2026-09-08T15:06:46.2161416Z Generated ex_doc app
consumer (ubuntu-24.04-arm, aarch64-linux-gnu)	Verify current package with exact reviewed native archive	2026-09-08T15:06:46.5360978Z ==> aphid_consumer
consumer (ubuntu-24.04-arm, aarch64-linux-gnu)	Verify current package with exact reviewed native archive	2026-09-08T15:06:46.5362292Z ===> Analyzing applications...
consumer (ubuntu-24.04-arm, aarch64-linux-gnu)	Verify current package with exact reviewed native archive	2026-09-08T15:06:46.5928718Z ===> Compiling telemetry
consumer (ubuntu-24.04-arm, aarch64-linux-gnu)	Verify current package with exact reviewed native archive	2026-09-08T15:06:46.8929103Z ==> zig_doc
consumer (ubuntu-24.04-arm, aarch64-linux-gnu)	Verify current package with exact reviewed native archive	2026-09-08T15:06:46.8929409Z Compiling 5 files (.ex)
consumer (ubuntu-24.04-arm, aarch64-linux-gnu)	Verify current package with exact reviewed native archive	2026-09-08T15:06:47.1237304Z     warning: the following clause will never match:
consumer (ubuntu-24.04-arm, aarch64-linux-gnu)	Verify current package with exact reviewed native archive	2026-09-08T15:06:47.1237905Z 
consumer (ubuntu-24.04-arm, aarch64-linux-gnu)	Verify current package with exact reviewed native archive	2026-09-08T15:06:47.1238126Z         {{:error, reason}, path} ->
consumer (ubuntu-24.04-arm, aarch64-linux-gnu)	Verify current package with exact reviewed native archive	2026-09-08T15:06:47.1238321Z 
consumer (ubuntu-24.04-arm, aarch64-linux-gnu)	Verify current package with exact reviewed native archive	2026-09-08T15:06:47.1238427Z     it is expected to match on type:
consumer (ubuntu-24.04-arm, aarch64-linux-gnu)	Verify current package with exact reviewed native archive	2026-09-08T15:06:47.1238595Z 
consumer (ubuntu-24.04-arm, aarch64-linux-gnu)	Verify current package with exact reviewed native archive	2026-09-08T15:06:47.1238684Z         dynamic(
consumer (ubuntu-24.04-arm, aarch64-linux-gnu)	Verify current package with exact reviewed native archive	2026-09-08T15:06:47.1238869Z           :error or
consumer (ubuntu-24.04-arm, aarch64-linux-gnu)	Verify current package with exact reviewed native archive	2026-09-08T15:06:47.1239188Z             ({term(), :read, binary() or empty_list() or non_empty_list(term(), term())} and
consumer (ubuntu-24.04-arm, aarch64-linux-gnu)	Verify current package with exact reviewed native archive	2026-09-08T15:06:47.1239723Z                not {{:ok, term()}, :read, binary() or empty_list() or non_empty_list(term(), term())})
consumer (ubuntu-24.04-arm, aarch64-linux-gnu)	Verify current package with exact reviewed native archive	2026-09-08T15:06:47.1240103Z         )
consumer (ubuntu-24.04-arm, aarch64-linux-gnu)	Verify current package with exact reviewed native archive	2026-09-08T15:06:47.1240204Z 
consumer (ubuntu-24.04-arm, aarch64-linux-gnu)	Verify current package with exact reviewed native archive	2026-09-08T15:06:47.1240297Z     type warning found at:
consumer (ubuntu-24.04-arm, aarch64-linux-gnu)	Verify current package with exact reviewed native archive	2026-09-08T15:06:47.1240711Z     │
consumer (ubuntu-24.04-arm, aarch64-linux-gnu)	Verify current package with exact reviewed native archive	2026-09-08T15:06:47.1240958Z  69 │       {{:error, reason}, path} ->
consumer (ubuntu-24.04-arm, aarch64-linux-gnu)	Verify current package with exact reviewed native archive	2026-09-08T15:06:47.1241245Z     │       ~~~~~~~~~~~~~~~~~~~~~~~~~~~
consumer (ubuntu-24.04-arm, aarch64-linux-gnu)	Verify current package with exact reviewed native archive	2026-09-08T15:06:47.1241477Z     │
consumer (ubuntu-24.04-arm, aarch64-linux-gnu)	Verify current package with exact reviewed native archive	2026-09-08T15:06:47.1241838Z     └─ lib/zig.doc/generator.ex:69: Zig.Doc.Generator.modulenode_from_config/3
consumer (ubuntu-24.04-arm, aarch64-linux-gnu)	Verify current package with exact reviewed native archive	2026-09-08T15:06:47.1242131Z 
consumer (ubuntu-24.04-arm, aarch64-linux-gnu)	Verify current package with exact reviewed native archive	2026-09-08T15:06:47.1261786Z Generated zig_doc app
consumer (ubuntu-24.04-arm, aarch64-linux-gnu)	Verify current package with exact reviewed native archive	2026-09-08T15:06:47.1468308Z ==> zigler
consumer (ubuntu-24.04-arm, aarch64-linux-gnu)	Verify current package with exact reviewed native archive	2026-09-08T15:06:47.1468767Z Compiling 50 files (.ex)
consumer (ubuntu-24.04-arm, aarch64-linux-gnu)	Verify current package with exact reviewed native archive	2026-09-08T15:06:47.1586158Z 
consumer (ubuntu-24.04-arm, aarch64-linux-gnu)	Verify current package with exact reviewed native archive	2026-09-08T15:06:47.1586458Z 15:06:47.156 [warning] not cross-compiling windows-msvc
consumer (ubuntu-24.04-arm, aarch64-linux-gnu)	Verify current package with exact reviewed native archive	2026-09-08T15:06:47.2473187Z      warning: clauses with the same name and arity (number of arguments) should be grouped together, "def render_elixir_spec/1" was previously defined (lib/zig/_nif.ex:373)
consumer (ubuntu-24.04-arm, aarch64-linux-gnu)	Verify current package with exact reviewed native archive	2026-09-08T15:06:47.2474215Z      │
consumer (ubuntu-24.04-arm, aarch64-linux-gnu)	Verify current package with exact reviewed native archive	2026-09-08T15:06:47.2474491Z  386 │   def render_elixir_spec(nif) do
consumer (ubuntu-24.04-arm, aarch64-linux-gnu)	Verify current package with exact reviewed native archive	2026-09-08T15:06:47.2474760Z      │       ~
consumer (ubuntu-24.04-arm, aarch64-linux-gnu)	Verify current package with exact reviewed native archive	2026-09-08T15:06:47.2474939Z      │
consumer (ubuntu-24.04-arm, aarch64-linux-gnu)	Verify current package with exact reviewed native archive	2026-09-08T15:06:47.2475155Z      └─ lib/zig/_nif.ex:386:7
consumer (ubuntu-24.04-arm, aarch64-linux-gnu)	Verify current package with exact reviewed native archive	2026-09-08T15:06:47.2475323Z 
consumer (ubuntu-24.04-arm, aarch64-linux-gnu)	Verify current package with exact reviewed native archive	2026-09-08T15:06:49.2164285Z 
consumer (ubuntu-24.04-arm, aarch64-linux-gnu)	Verify current package with exact reviewed native archive	2026-09-08T15:06:49.2166091Z 15:06:49.215 [debug] creating staging directory /home/runner/work/_temp/aphid-current-consumer/fresh/staging/Elixir.Zig.Formatter
consumer (ubuntu-24.04-arm, aarch64-linux-gnu)	Verify current package with exact reviewed native archive	2026-09-08T15:06:49.2245715Z      warning: unused require EEx
consumer (ubuntu-24.04-arm, aarch64-linux-gnu)	Verify current package with exact reviewed native archive	2026-09-08T15:06:49.2246287Z      │
consumer (ubuntu-24.04-arm, aarch64-linux-gnu)	Verify current package with exact reviewed native archive	2026-09-08T15:06:49.2246525Z  437 │   require EEx
consumer (ubuntu-24.04-arm, aarch64-linux-gnu)	Verify current package with exact reviewed native archive	2026-09-08T15:06:49.2246742Z      │   ~
consumer (ubuntu-24.04-arm, aarch64-linux-gnu)	Verify current package with exact reviewed native archive	2026-09-08T15:06:49.2246915Z      │
consumer (ubuntu-24.04-arm, aarch64-linux-gnu)	Verify current package with exact reviewed native archive	2026-09-08T15:06:49.2247132Z      └─ lib/zig/_nif.ex:437:3
consumer (ubuntu-24.04-arm, aarch64-linux-gnu)	Verify current package with exact reviewed native archive	2026-09-08T15:06:49.2247280Z 
consumer (ubuntu-24.04-arm, aarch64-linux-gnu)	Verify current package with exact reviewed native archive	2026-09-08T15:06:49.2295871Z 
consumer (ubuntu-24.04-arm, aarch64-linux-gnu)	Verify current package with exact reviewed native archive	2026-09-08T15:06:49.2296812Z 15:06:49.229 [info] searching for zig in /home/runner/work/_temp/aphid-current-consumer/fresh/home/.cache/zigler/zig-aarch64-linux-0.16.0/zig
consumer (ubuntu-24.04-arm, aarch64-linux-gnu)	Verify current package with exact reviewed native archive	2026-09-08T15:06:49.7611307Z warning: Zig.Formatter not active (%CompileError{file: nil, line: nil, description: "zig executable not found"}).  If you need Formatter function, and zig is not available, Please run `mix zig.get` to install it.
consumer (ubuntu-24.04-arm, aarch64-linux-gnu)	Verify current package with exact reviewed native archive	2026-09-08T15:06:49.7628443Z ##[warning]  lib/zig/formatter.ex:46: (file)
consumer (ubuntu-24.04-arm, aarch64-linux-gnu)	Verify current package with exact reviewed native archive	2026-09-08T15:06:49.7637566Z   (elixir 1.20.0) src/elixir_compiler.erl:102: :elixir_compiler.dispatch/4
consumer (ubuntu-24.04-arm, aarch64-linux-gnu)	Verify current package with exact reviewed native archive	2026-09-08T15:06:49.7638078Z   (elixir 1.20.0) src/elixir_compiler.erl:76: :elixir_compiler.compile/4
consumer (ubuntu-24.04-arm, aarch64-linux-gnu)	Verify current package with exact reviewed native archive	2026-09-08T15:06:49.7638551Z   (elixir 1.20.0) src/elixir_compiler.erl:42: :elixir_compiler.optimize_defmodule/2
consumer (ubuntu-24.04-arm, aarch64-linux-gnu)	Verify current package with exact reviewed native archive	2026-09-08T15:06:49.7638999Z   (elixir 1.20.0) src/elixir_lexical.erl:18: :elixir_lexical.run/3
consumer (ubuntu-24.04-arm, aarch64-linux-gnu)	Verify current package with exact reviewed native archive	2026-09-08T15:06:49.7639411Z   (elixir 1.20.0) src/elixir_compiler.erl:21: :elixir_compiler.quoted/3
consumer (ubuntu-24.04-arm, aarch64-linux-gnu)	Verify current package with exact reviewed native archive	2026-09-08T15:06:49.7639669Z 
consumer (ubuntu-24.04-arm, aarch64-linux-gnu)	Verify current package with exact reviewed native archive	2026-09-08T15:06:49.8364859Z Generated zigler app
consumer (ubuntu-24.04-arm, aarch64-linux-gnu)	Verify current package with exact reviewed native archive	2026-09-08T15:06:51.1903349Z ==> aphid
consumer (ubuntu-24.04-arm, aarch64-linux-gnu)	Verify current package with exact reviewed native archive	2026-09-08T15:06:51.1903945Z Aphid local bundle verified and installed: SHA256 d919aa4165d3fa9bbf673bc3645c33e9389afedf0cdb89f7c8c1d2ff8c19f2d5
consumer (ubuntu-24.04-arm, aarch64-linux-gnu)	Verify current package with exact reviewed native archive	2026-09-08T15:06:51.2052824Z Compiling 13 files (.ex)
consumer (ubuntu-24.04-arm, aarch64-linux-gnu)	Verify current package with exact reviewed native archive	2026-09-08T15:06:51.3733777Z 
consumer (ubuntu-24.04-arm, aarch64-linux-gnu)	Verify current package with exact reviewed native archive	2026-09-08T15:06:51.3734989Z 15:06:51.372 [debug] skipping compile step for precompiled module Elixir.Aphid.Proof, at /home/runner/work/_temp/aphid-current-consumer/fresh/consumer/_build/prod/lib/aphid/priv/lib/Elixir.Aphid.Proof.so
consumer (ubuntu-24.04-arm, aarch64-linux-gnu)	Verify current package with exact reviewed native archive	2026-09-08T15:06:51.3745744Z 
consumer (ubuntu-24.04-arm, aarch64-linux-gnu)	Verify current package with exact reviewed native archive	2026-09-08T15:06:51.3746454Z 15:06:51.374 [debug] destination library path: /home/runner/work/_temp/aphid-current-consumer/fresh/consumer/_build/prod/lib/aphid/priv/lib/Elixir.Aphid.Proof.so
consumer (ubuntu-24.04-arm, aarch64-linux-gnu)	Verify current package with exact reviewed native archive	2026-09-08T15:06:51.6292944Z 
consumer (ubuntu-24.04-arm, aarch64-linux-gnu)	Verify current package with exact reviewed native archive	2026-09-08T15:06:51.6293972Z 15:06:51.628 [debug] skipping compile step for precompiled module Elixir.Aphid.Native, at /home/runner/work/_temp/aphid-current-consumer/fresh/consumer/_build/prod/lib/aphid/priv/lib/Elixir.Aphid.Native.so
consumer (ubuntu-24.04-arm, aarch64-linux-gnu)	Verify current package with exact reviewed native archive	2026-09-08T15:06:51.6307476Z 
consumer (ubuntu-24.04-arm, aarch64-linux-gnu)	Verify current package with exact reviewed native archive	2026-09-08T15:06:51.6308467Z 15:06:51.628 [debug] destination library path: /home/runner/work/_temp/aphid-current-consumer/fresh/consumer/_build/prod/lib/aphid/priv/lib/Elixir.Aphid.Native.so
consumer (ubuntu-24.04-arm, aarch64-linux-gnu)	Verify current package with exact reviewed native archive	2026-09-08T15:06:52.2820898Z Generated aphid app
consumer (ubuntu-24.04-arm, aarch64-linux-gnu)	Verify current package with exact reviewed native archive	2026-09-08T15:06:52.3042225Z {"command": ["sudo", "-E", "bwrap", "--die-with-parent", "--unshare-pid", "--ro-bind", "/", "/", "--dev", "/dev", "--proc", "/proc", "--bind", "/home/runner/work/_temp/aphid-current-consumer/fresh", "/home/runner/work/_temp/aphid-current-consumer/fresh", "--unshare-net", "--tmpfs", "/home/runner/work/Aphid/Aphid", "--tmpfs", "/home/runner/work/_temp/aphid-current-consumer/retained", "--ro-bind", "/dev/null", "/usr/bin/aarch64-linux-gnu-as", "--ro-bind", "/dev/null", "/usr/bin/aarch64-linux-gnu-g++-12", "--ro-bind", "/dev/null", "/usr/bin/aarch64-linux-gnu-g++-13", "--ro-bind", "/dev/null", "/usr/bin/aarch64-linux-gnu-g++-14", "--ro-bind", "/dev/null", "/usr/bin/aarch64-linux-gnu-gcc-12", "--ro-bind", "/dev/null", "/usr/bin/aarch64-linux-gnu-gcc-13", "--ro-bind", "/dev/null", "/usr/bin/aarch64-linux-gnu-gcc-14", "--ro-bind", "/dev/null", "/usr/bin/aarch64-linux-gnu-ld.bfd", "--ro-bind", "/dev/null", "/usr/bin/c89-gcc", "--ro-bind", "/dev/null", "/usr/bin/c99-gcc", "--ro-bind", "/dev/null", "/usr/bin/make", "--ro-bind", "/dev/null", "/usr/lib/llvm-16/bin/clang", "--ro-bind", "/dev/null", "/usr/lib/llvm-16/bin/lld", "--ro-bind", "/dev/null", "/usr/lib/llvm-16/bin/llvm-as", "--ro-bind", "/dev/null", "/usr/lib/llvm-17/bin/clang", "--ro-bind", "/dev/null", "/usr/lib/llvm-17/bin/lld", "--ro-bind", "/dev/null", "/usr/lib/llvm-17/bin/llvm-as", "--ro-bind", "/dev/null", "/usr/lib/llvm-18/bin/clang", "--ro-bind", "/dev/null", "/usr/lib/llvm-18/bin/lld", "--ro-bind", "/dev/null", "/usr/lib/llvm-18/bin/llvm-as", "--ro-bind", "/dev/null", "/usr/local/bin/cmake", "--ro-bind", "/dev/null", "/usr/local/bin/ninja", "--cap-add", "CAP_SETUID", "--cap-add", "CAP_SETGID", "--cap-add", "CAP_SETPCAP", "--clearenv", "--setenv", "LANG", "C.UTF-8", "--setenv", "HOME", "/home/runner/work/_temp/aphid-current-consumer/fresh/home", "--setenv", "PATH", "/home/runner/work/_temp/aphid-current-consumer/fresh/tools:/home/runner/work/_temp/.setup-beam/elixir/bin:/home/runner/work/_temp/.setup-beam/elixir/bin:/home/runner/work/_temp/.setup-beam/otp/bin:/usr/bin:/bin:/usr/sbin:/sbin", "--setenv", "MIX_HOME", "/home/runner/work/_temp/aphid-current-consumer/fresh/mix-home", "--setenv", "HEX_HOME", "/home/runner/work/_temp/aphid-current-consumer/fresh/hex-home", "--setenv", "MIX_ENV", "prod", "--setenv", "ZIG_EXECUTABLE_PATH", "/home/runner/work/_temp/aphid-current-consumer/fresh/tools/zig", "--setenv", "ZIG_GLOBAL_CACHE_DIR", "/home/runner/work/_temp/aphid-current-consumer/fresh/zig-cache", "--setenv", "ZIGLER_STAGING_ROOT", "/home/runner/work/_temp/aphid-current-consumer/fresh/staging", "--setenv", "ERL_FLAGS", "+S 1:1 +SDcpu 1:1", "--setenv", "APHID_INSTALL", "precompiled", "--setenv", "APHID_BUNDLE_ARCHIVE", "/home/runner/work/_temp/aphid-current-consumer/fresh/candidate.tar.gz", "--setenv", "APHID_BUNDLE_SHA256", "d919aa4165d3fa9bbf673bc3645c33e9389afedf0cdb89f7c8c1d2ff8c19f2d5", "--setenv", "TMPDIR", "/home/runner/work/_temp/aphid-current-consumer/fresh/tmp", "--", "/usr/bin/setpriv", "--reuid", "1001", "--regid", "1001", "--clear-groups", "--bounding-set=-all", "--no-new-privs", "--", "mix", "deps.compile"], "cwd": "/home/runner/work/_temp/aphid-current-consumer/fresh/consumer", "exit": 0, "seconds": 37.988}
consumer (ubuntu-24.04-arm, aarch64-linux-gnu)	Verify current package with exact reviewed native archive	2026-09-08T15:06:54.2754488Z ==> aphid
consumer (ubuntu-24.04-arm, aarch64-linux-gnu)	Verify current package with exact reviewed native archive	2026-09-08T15:06:54.2765095Z Aphid local bundle verified and installed: SHA256 d919aa4165d3fa9bbf673bc3645c33e9389afedf0cdb89f7c8c1d2ff8c19f2d5
consumer (ubuntu-24.04-arm, aarch64-linux-gnu)	Verify current package with exact reviewed native archive	2026-09-08T15:06:54.7137254Z ==> aphid_consumer
consumer (ubuntu-24.04-arm, aarch64-linux-gnu)	Verify current package with exact reviewed native archive	2026-09-08T15:06:54.7137597Z Generated aphid_consumer app
consumer (ubuntu-24.04-arm, aarch64-linux-gnu)	Verify current package with exact reviewed native archive	2026-09-08T15:06:54.7734829Z {"command": ["sudo", "-E", "bwrap", "--die-with-parent", "--unshare-pid", "--ro-bind", "/", "/", "--dev", "/dev", "--proc", "/proc", "--bind", "/home/runner/work/_temp/aphid-current-consumer/fresh", "/home/runner/work/_temp/aphid-current-consumer/fresh", "--unshare-net", "--tmpfs", "/home/runner/work/Aphid/Aphid", "--tmpfs", "/home/runner/work/_temp/aphid-current-consumer/retained", "--ro-bind", "/dev/null", "/usr/bin/aarch64-linux-gnu-as", "--ro-bind", "/dev/null", "/usr/bin/aarch64-linux-gnu-g++-12", "--ro-bind", "/dev/null", "/usr/bin/aarch64-linux-gnu-g++-13", "--ro-bind", "/dev/null", "/usr/bin/aarch64-linux-gnu-g++-14", "--ro-bind", "/dev/null", "/usr/bin/aarch64-linux-gnu-gcc-12", "--ro-bind", "/dev/null", "/usr/bin/aarch64-linux-gnu-gcc-13", "--ro-bind", "/dev/null", "/usr/bin/aarch64-linux-gnu-gcc-14", "--ro-bind", "/dev/null", "/usr/bin/aarch64-linux-gnu-ld.bfd", "--ro-bind", "/dev/null", "/usr/bin/c89-gcc", "--ro-bind", "/dev/null", "/usr/bin/c99-gcc", "--ro-bind", "/dev/null", "/usr/bin/make", "--ro-bind", "/dev/null", "/usr/lib/llvm-16/bin/clang", "--ro-bind", "/dev/null", "/usr/lib/llvm-16/bin/lld", "--ro-bind", "/dev/null", "/usr/lib/llvm-16/bin/llvm-as", "--ro-bind", "/dev/null", "/usr/lib/llvm-17/bin/clang", "--ro-bind", "/dev/null", "/usr/lib/llvm-17/bin/lld", "--ro-bind", "/dev/null", "/usr/lib/llvm-17/bin/llvm-as", "--ro-bind", "/dev/null", "/usr/lib/llvm-18/bin/clang", "--ro-bind", "/dev/null", "/usr/lib/llvm-18/bin/lld", "--ro-bind", "/dev/null", "/usr/lib/llvm-18/bin/llvm-as", "--ro-bind", "/dev/null", "/usr/local/bin/cmake", "--ro-bind", "/dev/null", "/usr/local/bin/ninja", "--cap-add", "CAP_SETUID", "--cap-add", "CAP_SETGID", "--cap-add", "CAP_SETPCAP", "--clearenv", "--setenv", "LANG", "C.UTF-8", "--setenv", "HOME", "/home/runner/work/_temp/aphid-current-consumer/fresh/home", "--setenv", "PATH", "/home/runner/work/_temp/aphid-current-consumer/fresh/tools:/home/runner/work/_temp/.setup-beam/elixir/bin:/home/runner/work/_temp/.setup-beam/elixir/bin:/home/runner/work/_temp/.setup-beam/otp/bin:/usr/bin:/bin:/usr/sbin:/sbin", "--setenv", "MIX_HOME", "/home/runner/work/_temp/aphid-current-consumer/fresh/mix-home", "--setenv", "HEX_HOME", "/home/runner/work/_temp/aphid-current-consumer/fresh/hex-home", "--setenv", "MIX_ENV", "prod", "--setenv", "ZIG_EXECUTABLE_PATH", "/home/runner/work/_temp/aphid-current-consumer/fresh/tools/zig", "--setenv", "ZIG_GLOBAL_CACHE_DIR", "/home/runner/work/_temp/aphid-current-consumer/fresh/zig-cache", "--setenv", "ZIGLER_STAGING_ROOT", "/home/runner/work/_temp/aphid-current-consumer/fresh/staging", "--setenv", "ERL_FLAGS", "+S 1:1 +SDcpu 1:1", "--setenv", "APHID_INSTALL", "precompiled", "--setenv", "APHID_BUNDLE_ARCHIVE", "/home/runner/work/_temp/aphid-current-consumer/fresh/candidate.tar.gz", "--setenv", "APHID_BUNDLE_SHA256", "d919aa4165d3fa9bbf673bc3645c33e9389afedf0cdb89f7c8c1d2ff8c19f2d5", "--setenv", "TMPDIR", "/home/runner/work/_temp/aphid-current-consumer/fresh/tmp", "--", "/usr/bin/setpriv", "--reuid", "1001", "--regid", "1001", "--clear-groups", "--bounding-set=-all", "--no-new-privs", "--", "mix", "compile"], "cwd": "/home/runner/work/_temp/aphid-current-consumer/fresh/consumer", "exit": 0, "seconds": 2.469}
consumer (ubuntu-24.04-arm, aarch64-linux-gnu)	Verify current package with exact reviewed native archive	2026-09-08T15:06:55.5341576Z runtime identity: {"1.20.0", ~c"29", ~c"2.18"}
consumer (ubuntu-24.04-arm, aarch64-linux-gnu)	Verify current package with exact reviewed native archive	2026-09-08T15:06:57.3072274Z Running ExUnit with seed: 0, max_cases: 2
consumer (ubuntu-24.04-arm, aarch64-linux-gnu)	Verify current package with exact reviewed native archive	2026-09-08T15:06:57.3072590Z 
consumer (ubuntu-24.04-arm, aarch64-linux-gnu)	Verify current package with exact reviewed native archive	2026-09-08T15:07:03.7993926Z ...................Aphid basic example passed
consumer (ubuntu-24.04-arm, aarch64-linux-gnu)	Verify current package with exact reviewed native archive	2026-09-08T15:07:03.8373926Z .Aphid transaction example passed
consumer (ubuntu-24.04-arm, aarch64-linux-gnu)	Verify current package with exact reviewed native archive	2026-09-08T15:07:03.8643640Z .Aphid stream example passed
consumer (ubuntu-24.04-arm, aarch64-linux-gnu)	Verify current package with exact reviewed native archive	2026-09-08T15:07:03.9453806Z .Aphid FTS example passed
consumer (ubuntu-24.04-arm, aarch64-linux-gnu)	Verify current package with exact reviewed native archive	2026-09-08T15:07:03.9843868Z .Aphid vector example passed
consumer (ubuntu-24.04-arm, aarch64-linux-gnu)	Verify current package with exact reviewed native archive	2026-09-08T15:07:04.0767615Z .Aphid DuckDB example passed
consumer (ubuntu-24.04-arm, aarch64-linux-gnu)	Verify current package with exact reviewed native archive	2026-09-08T15:07:10.4473367Z .............stale-cancel race: 30 iterations; maximum cancel-to-idle 209008 us
consumer (ubuntu-24.04-arm, aarch64-linux-gnu)	Verify current package with exact reviewed native archive	2026-09-08T15:07:15.0913653Z ........heartbeat: 11 samples; maximum gap 6 ms
consumer (ubuntu-24.04-arm, aarch64-linux-gnu)	Verify current package with exact reviewed native archive	2026-09-08T15:07:15.1843376Z .
consumer (ubuntu-24.04-arm, aarch64-linux-gnu)	Verify current package with exact reviewed native archive	2026-09-08T15:07:15.1844587Z 15:07:15.182 [error] Aphid artifact [unloadable]: /home/runner/work/_temp/aphid-current-consumer/fresh/consumer/_build/prod/lib/aphid/priv/lib/Elixir.Aphid.Native: {:upgrade, ~c"Library upgrade-call unsuccessful (-1)."}; use the matching complete bundle and runtime. No source fallback.
consumer (ubuntu-24.04-arm, aarch64-linux-gnu)	Verify current package with exact reviewed native archive	2026-09-08T15:07:15.1875641Z 
consumer (ubuntu-24.04-arm, aarch64-linux-gnu)	Verify current package with exact reviewed native archive	2026-09-08T15:07:15.1876198Z 15:07:15.185 [warning] The on_load function for module Elixir.Aphid.Native returned:
consumer (ubuntu-24.04-arm, aarch64-linux-gnu)	Verify current package with exact reviewed native archive	2026-09-08T15:07:15.1876726Z {:error, {:upgrade, ~c"Library upgrade-call unsuccessful (-1)."}}
consumer (ubuntu-24.04-arm, aarch64-linux-gnu)	Verify current package with exact reviewed native archive	2026-09-08T15:07:15.1877024Z 
consumer (ubuntu-24.04-arm, aarch64-linux-gnu)	Verify current package with exact reviewed native archive	2026-09-08T15:07:17.8671861Z .....................................................
consumer (ubuntu-24.04-arm, aarch64-linux-gnu)	Verify current package with exact reviewed native archive	2026-09-08T15:07:17.8692122Z Finished in 22.3 seconds (1.7s on load, 0.00s async, 20.5s sync)
consumer (ubuntu-24.04-arm, aarch64-linux-gnu)	Verify current package with exact reviewed native archive	2026-09-08T15:07:17.8692908Z 
consumer (ubuntu-24.04-arm, aarch64-linux-gnu)	Verify current package with exact reviewed native archive	2026-09-08T15:07:17.8693263Z Result: 99 passed
consumer (ubuntu-24.04-arm, aarch64-linux-gnu)	Verify current package with exact reviewed native archive	2026-09-08T15:07:17.9053926Z {"command": ["sudo", "-E", "bwrap", "--die-with-parent", "--unshare-pid", "--ro-bind", "/", "/", "--dev", "/dev", "--proc", "/proc", "--bind", "/home/runner/work/_temp/aphid-current-consumer/fresh", "/home/runner/work/_temp/aphid-current-consumer/fresh", "--unshare-net", "--tmpfs", "/home/runner/work/Aphid/Aphid", "--tmpfs", "/home/runner/work/_temp/aphid-current-consumer/retained", "--ro-bind", "/dev/null", "/usr/bin/aarch64-linux-gnu-as", "--ro-bind", "/dev/null", "/usr/bin/aarch64-linux-gnu-g++-12", "--ro-bind", "/dev/null", "/usr/bin/aarch64-linux-gnu-g++-13", "--ro-bind", "/dev/null", "/usr/bin/aarch64-linux-gnu-g++-14", "--ro-bind", "/dev/null", "/usr/bin/aarch64-linux-gnu-gcc-12", "--ro-bind", "/dev/null", "/usr/bin/aarch64-linux-gnu-gcc-13", "--ro-bind", "/dev/null", "/usr/bin/aarch64-linux-gnu-gcc-14", "--ro-bind", "/dev/null", "/usr/bin/aarch64-linux-gnu-ld.bfd", "--ro-bind", "/dev/null", "/usr/bin/c89-gcc", "--ro-bind", "/dev/null", "/usr/bin/c99-gcc", "--ro-bind", "/dev/null", "/usr/bin/make", "--ro-bind", "/dev/null", "/usr/lib/llvm-16/bin/clang", "--ro-bind", "/dev/null", "/usr/lib/llvm-16/bin/lld", "--ro-bind", "/dev/null", "/usr/lib/llvm-16/bin/llvm-as", "--ro-bind", "/dev/null", "/usr/lib/llvm-17/bin/clang", "--ro-bind", "/dev/null", "/usr/lib/llvm-17/bin/lld", "--ro-bind", "/dev/null", "/usr/lib/llvm-17/bin/llvm-as", "--ro-bind", "/dev/null", "/usr/lib/llvm-18/bin/clang", "--ro-bind", "/dev/null", "/usr/lib/llvm-18/bin/lld", "--ro-bind", "/dev/null", "/usr/lib/llvm-18/bin/llvm-as", "--ro-bind", "/dev/null", "/usr/local/bin/cmake", "--ro-bind", "/dev/null", "/usr/local/bin/ninja", "--cap-add", "CAP_SETUID", "--cap-add", "CAP_SETGID", "--cap-add", "CAP_SETPCAP", "--clearenv", "--setenv", "LANG", "C.UTF-8", "--setenv", "HOME", "/home/runner/work/_temp/aphid-current-consumer/fresh/home", "--setenv", "PATH", "/home/runner/work/_temp/aphid-current-consumer/fresh/tools:/home/runner/work/_temp/.setup-beam/elixir/bin:/home/runner/work/_temp/.setup-beam/elixir/bin:/home/runner/work/_temp/.setup-beam/otp/bin:/usr/bin:/bin:/usr/sbin:/sbin", "--setenv", "MIX_HOME", "/home/runner/work/_temp/aphid-current-consumer/fresh/mix-home", "--setenv", "HEX_HOME", "/home/runner/work/_temp/aphid-current-consumer/fresh/hex-home", "--setenv", "MIX_ENV", "prod", "--setenv", "ZIG_EXECUTABLE_PATH", "/home/runner/work/_temp/aphid-current-consumer/fresh/tools/zig", "--setenv", "ZIG_GLOBAL_CACHE_DIR", "/home/runner/work/_temp/aphid-current-consumer/fresh/zig-cache", "--setenv", "ZIGLER_STAGING_ROOT", "/home/runner/work/_temp/aphid-current-consumer/fresh/staging", "--setenv", "ERL_FLAGS", "+S 1:1 +SDcpu 1:1", "--setenv", "TMPDIR", "/home/runner/work/_temp/aphid-current-consumer/fresh/tmp", "--", "/usr/bin/setpriv", "--reuid", "1001", "--regid", "1001", "--clear-groups", "--bounding-set=-all", "--no-new-privs", "--", "mix", "run", "--no-compile", "check.exs"], "cwd": "/home/runner/work/_temp/aphid-current-consumer/fresh/consumer", "exit": 0, "seconds": 23.112}
consumer (ubuntu-24.04-arm, aarch64-linux-gnu)	Verify current package with exact reviewed native archive	2026-09-08T15:07:18.0766079Z Installed license hashes, including source-package supplement: a9380f27e98b9ee7180560a31c99994cdfcbb2b8efae4b526e5225b14c56e992
consumer (ubuntu-24.04-arm, aarch64-linux-gnu)	Verify current package with exact reviewed native archive	2026-09-08T15:07:18.0766905Z fresh Mix consumer passed; native files unchanged; no native compiler invocation
consumer (ubuntu-24.04-arm, aarch64-linux-gnu)	Verify current package with exact reviewed native archive	2026-09-08T15:07:18.1058922Z {"command": ["/opt/hostedtoolcache/Python/3.14.7/arm64/bin/python3", "scripts/precompiled_consumer.py", "--archive", "/home/runner/work/_temp/aphid-current-consumer/retained/aphid-linux-distribution/packaged/aphid-0.1.1-dev-aarch64-linux-gnu.tar.gz", "--sha256", "d919aa4165d3fa9bbf673bc3645c33e9389afedf0cdb89f7c8c1d2ff8c19f2d5", "--package", "/home/runner/work/_temp/aphid-current-consumer/aphid-0.1.1-dev-combined.tar", "--package-sha256", "9faa9af3eb1c826446b0bf9473e94632e4fbb9fcb6bfc9d85bae1a90862f2448", "--destination", "/home/runner/work/_temp/aphid-current-consumer/fresh", "--hex-dependencies", "--hide-build", "/home/runner/work/_temp/aphid-current-consumer/retained"], "cwd": "/home/runner/work/Aphid/Aphid", "exit": 0, "seconds": 66.858}
consumer (ubuntu-24.04-arm, aarch64-linux-gnu)	Verify current package with exact reviewed native archive	2026-09-08T15:07:18.1649150Z CASE missing
consumer (ubuntu-24.04-arm, aarch64-linux-gnu)	Verify current package with exact reviewed native archive	2026-09-08T15:07:18.6384032Z Aphid artifact [missing]: set APHID_BUNDLE_ARCHIVE to an existing local .tar.gz. No source fallback.
consumer (ubuntu-24.04-arm, aarch64-linux-gnu)	Verify current package with exact reviewed native archive	2026-09-08T15:07:18.6799762Z {"command": ["elixir", "/home/runner/work/_temp/aphid-current-consumer/failures/reject.exs"], "cwd": "/home/runner/work/_temp/aphid-current-consumer/failures", "exit": 0, "seconds": 0.515}
consumer (ubuntu-24.04-arm, aarch64-linux-gnu)	Verify current package with exact reviewed native archive	2026-09-08T15:07:18.6801602Z CASE missing-pin
consumer (ubuntu-24.04-arm, aarch64-linux-gnu)	Verify current package with exact reviewed native archive	2026-09-08T15:07:19.1503921Z Aphid artifact [corrupt]: set APHID_BUNDLE_SHA256 to an independently trusted 64-digit SHA256. No source fallback.
consumer (ubuntu-24.04-arm, aarch64-linux-gnu)	Verify current package with exact reviewed native archive	2026-09-08T15:07:19.1952823Z {"command": ["elixir", "/home/runner/work/_temp/aphid-current-consumer/failures/reject.exs"], "cwd": "/home/runner/work/_temp/aphid-current-consumer/failures", "exit": 0, "seconds": 0.515}
consumer (ubuntu-24.04-arm, aarch64-linux-gnu)	Verify current package with exact reviewed native archive	2026-09-08T15:07:19.1954215Z CASE checksum
consumer (ubuntu-24.04-arm, aarch64-linux-gnu)	Verify current package with exact reviewed native archive	2026-09-08T15:07:19.6774937Z Aphid artifact [corrupt]: archive SHA256 mismatch; obtain the pinned archive again. No source fallback.
consumer (ubuntu-24.04-arm, aarch64-linux-gnu)	Verify current package with exact reviewed native archive	2026-09-08T15:07:19.7105292Z {"command": ["elixir", "/home/runner/work/_temp/aphid-current-consumer/failures/reject.exs"], "cwd": "/home/runner/work/_temp/aphid-current-consumer/failures", "exit": 0, "seconds": 0.515}
consumer (ubuntu-24.04-arm, aarch64-linux-gnu)	Verify current package with exact reviewed native archive	2026-09-08T15:07:19.7106840Z CASE target
consumer (ubuntu-24.04-arm, aarch64-linux-gnu)	Verify current package with exact reviewed native archive	2026-09-08T15:07:20.1917642Z Aphid artifact [unsupported-target]: the artifact does not match this operating system. No source fallback.
consumer (ubuntu-24.04-arm, aarch64-linux-gnu)	Verify current package with exact reviewed native archive	2026-09-08T15:07:20.2257974Z {"command": ["elixir", "/home/runner/work/_temp/aphid-current-consumer/failures/reject.exs"], "cwd": "/home/runner/work/_temp/aphid-current-consumer/failures", "exit": 0, "seconds": 0.515}
consumer (ubuntu-24.04-arm, aarch64-linux-gnu)	Verify current package with exact reviewed native archive	2026-09-08T15:07:20.2259240Z CASE engine
consumer (ubuntu-24.04-arm, aarch64-linux-gnu)	Verify current package with exact reviewed native archive	2026-09-08T15:07:20.7515943Z Aphid artifact [incompatible-engine]: native lock differs; obtain the bundle for this Aphid source package. No source fallback.
consumer (ubuntu-24.04-arm, aarch64-linux-gnu)	Verify current package with exact reviewed native archive	2026-09-08T15:07:20.7912441Z {"command": ["elixir", "/home/runner/work/_temp/aphid-current-consumer/failures/reject.exs"], "cwd": "/home/runner/work/_temp/aphid-current-consumer/failures", "exit": 0, "seconds": 0.565}
consumer (ubuntu-24.04-arm, aarch64-linux-gnu)	Verify current package with exact reviewed native archive	2026-09-08T15:07:20.7914183Z CASE manifest
consumer (ubuntu-24.04-arm, aarch64-linux-gnu)	Verify current package with exact reviewed native archive	2026-09-08T15:07:21.2840798Z Aphid artifact [corrupt]: content manifest mismatch; obtain the pinned archive again. No source fallback.
consumer (ubuntu-24.04-arm, aarch64-linux-gnu)	Verify current package with exact reviewed native archive	2026-09-08T15:07:21.3066844Z {"command": ["elixir", "/home/runner/work/_temp/aphid-current-consumer/failures/reject.exs"], "cwd": "/home/runner/work/_temp/aphid-current-consumer/failures", "exit": 0, "seconds": 0.515}
consumer (ubuntu-24.04-arm, aarch64-linux-gnu)	Verify current package with exact reviewed native archive	2026-09-08T15:07:21.3068352Z CASE missing-sidecar
consumer (ubuntu-24.04-arm, aarch64-linux-gnu)	Verify current package with exact reviewed native archive	2026-09-08T15:07:21.7936742Z Aphid artifact [missing]: bundle lacks liblbug.so; obtain the complete matching bundle. No source fallback.
consumer (ubuntu-24.04-arm, aarch64-linux-gnu)	Verify current package with exact reviewed native archive	2026-09-08T15:07:21.8220510Z {"command": ["elixir", "/home/runner/work/_temp/aphid-current-consumer/failures/reject.exs"], "cwd": "/home/runner/work/_temp/aphid-current-consumer/failures", "exit": 0, "seconds": 0.515}
consumer (ubuntu-24.04-arm, aarch64-linux-gnu)	Verify current package with exact reviewed native archive	2026-09-08T15:07:21.8222122Z CASE architecture
consumer (ubuntu-24.04-arm, aarch64-linux-gnu)	Verify current package with exact reviewed native archive	2026-09-08T15:07:22.3114168Z Aphid artifact [wrong-architecture]: Elixir.Aphid.Native.so has the wrong ELF machine architecture. No source fallback.
consumer (ubuntu-24.04-arm, aarch64-linux-gnu)	Verify current package with exact reviewed native archive	2026-09-08T15:07:22.3372281Z {"command": ["elixir", "/home/runner/work/_temp/aphid-current-consumer/failures/reject.exs"], "cwd": "/home/runner/work/_temp/aphid-current-consumer/failures", "exit": 0, "seconds": 0.515}
consumer (ubuntu-24.04-arm, aarch64-linux-gnu)	Verify current package with exact reviewed native archive	2026-09-08T15:07:22.3373776Z CASE unloadable-header
consumer (ubuntu-24.04-arm, aarch64-linux-gnu)	Verify current package with exact reviewed native archive	2026-09-08T15:07:22.8223877Z Aphid artifact [unloadable]: Elixir.Aphid.Native.so is not a native shared library for this target; obtain a valid bundle. No source fallback.
consumer (ubuntu-24.04-arm, aarch64-linux-gnu)	Verify current package with exact reviewed native archive	2026-09-08T15:07:22.8526027Z {"command": ["elixir", "/home/runner/work/_temp/aphid-current-consumer/failures/reject.exs"], "cwd": "/home/runner/work/_temp/aphid-current-consumer/failures", "exit": 0, "seconds": 0.515}
consumer (ubuntu-24.04-arm, aarch64-linux-gnu)	Verify current package with exact reviewed native archive	2026-09-08T15:07:22.8527177Z CASE native-fingerprint
consumer (ubuntu-24.04-arm, aarch64-linux-gnu)	Verify current package with exact reviewed native archive	2026-09-08T15:07:23.3359135Z Aphid artifact [incompatible-engine]: native fingerprint differs from this package's reviewed local-bundle.json; use the matching candidate. No source fallback.
consumer (ubuntu-24.04-arm, aarch64-linux-gnu)	Verify current package with exact reviewed native archive	2026-09-08T15:07:23.3679006Z {"command": ["elixir", "/home/runner/work/_temp/aphid-current-consumer/failures/reject.exs"], "cwd": "/home/runner/work/_temp/aphid-current-consumer/failures", "exit": 0, "seconds": 0.515}
consumer (ubuntu-24.04-arm, aarch64-linux-gnu)	Verify current package with exact reviewed native archive	2026-09-08T15:07:23.3690060Z CASE lost-selection
consumer (ubuntu-24.04-arm, aarch64-linux-gnu)	Verify current package with exact reviewed native archive	2026-09-08T15:07:23.8345622Z Aphid artifact [missing]: this development version has no authorized default delivery; select a pinned archive or HTTPS URL, or set APHID_INSTALL=source with its build prerequisites. No source fallback.
consumer (ubuntu-24.04-arm, aarch64-linux-gnu)	Verify current package with exact reviewed native archive	2026-09-08T15:07:23.8840613Z {"command": ["elixir", "/home/runner/work/_temp/aphid-current-consumer/failures/reject.exs"], "cwd": "/home/runner/work/_temp/aphid-current-consumer/failures", "exit": 0, "seconds": 0.515}
consumer (ubuntu-24.04-arm, aarch64-linux-gnu)	Verify current package with exact reviewed native archive	2026-09-08T15:07:23.8841891Z CASE force-source
consumer (ubuntu-24.04-arm, aarch64-linux-gnu)	Verify current package with exact reviewed native archive	2026-09-08T15:07:24.3494593Z Aphid artifact [selection]: unset ZIGLER_PRECOMPILE_FORCE_RECOMPILE; local bundle mode never falls back to source. No source fallback.
consumer (ubuntu-24.04-arm, aarch64-linux-gnu)	Verify current package with exact reviewed native archive	2026-09-08T15:07:24.3992829Z {"command": ["elixir", "/home/runner/work/_temp/aphid-current-consumer/failures/reject.exs"], "cwd": "/home/runner/work/_temp/aphid-current-consumer/failures", "exit": 0, "seconds": 0.515}
consumer (ubuntu-24.04-arm, aarch64-linux-gnu)	Verify current package with exact reviewed native archive	2026-09-08T15:07:24.3993873Z CASE conflicting-source
consumer (ubuntu-24.04-arm, aarch64-linux-gnu)	Verify current package with exact reviewed native archive	2026-09-08T15:07:24.8604266Z Aphid artifact [selection]: use APHID_INSTALL=precompiled with archive or HTTPS URL and SHA256, or explicit source without bundle inputs. No source fallback.
consumer (ubuntu-24.04-arm, aarch64-linux-gnu)	Verify current package with exact reviewed native archive	2026-09-08T15:07:24.9144749Z {"command": ["elixir", "/home/runner/work/_temp/aphid-current-consumer/failures/reject.exs"], "cwd": "/home/runner/work/_temp/aphid-current-consumer/failures", "exit": 0, "seconds": 0.515}
consumer (ubuntu-24.04-arm, aarch64-linux-gnu)	Verify current package with exact reviewed native archive	2026-09-08T15:07:24.9146191Z CASE invalid-tar
consumer (ubuntu-24.04-arm, aarch64-linux-gnu)	Verify current package with exact reviewed native archive	2026-09-08T15:07:25.3970555Z Aphid artifact [corrupt]: invalid tar archive: :eof. No source fallback.
consumer (ubuntu-24.04-arm, aarch64-linux-gnu)	Verify current package with exact reviewed native archive	2026-09-08T15:07:25.4297101Z {"command": ["elixir", "/home/runner/work/_temp/aphid-current-consumer/failures/reject.exs"], "cwd": "/home/runner/work/_temp/aphid-current-consumer/failures", "exit": 0, "seconds": 0.515}
consumer (ubuntu-24.04-arm, aarch64-linux-gnu)	Verify current package with exact reviewed native archive	2026-09-08T15:07:25.4298967Z CASE traversal
consumer (ubuntu-24.04-arm, aarch64-linux-gnu)	Verify current package with exact reviewed native archive	2026-09-08T15:07:25.9196460Z Aphid artifact [unsafe]: archive contains a link, special file or unsafe path: "../escape". No source fallback.
consumer (ubuntu-24.04-arm, aarch64-linux-gnu)	Verify current package with exact reviewed native archive	2026-09-08T15:07:25.9448238Z {"command": ["elixir", "/home/runner/work/_temp/aphid-current-consumer/failures/reject.exs"], "cwd": "/home/runner/work/_temp/aphid-current-consumer/failures", "exit": 0, "seconds": 0.515}
consumer (ubuntu-24.04-arm, aarch64-linux-gnu)	Verify current package with exact reviewed native archive	2026-09-08T15:07:25.9450122Z CASE absolute
consumer (ubuntu-24.04-arm, aarch64-linux-gnu)	Verify current package with exact reviewed native archive	2026-09-08T15:07:26.4308908Z Aphid artifact [unsafe]: archive contains a link, special file or unsafe path: "/tmp/aphid-escape". No source fallback.
consumer (ubuntu-24.04-arm, aarch64-linux-gnu)	Verify current package with exact reviewed native archive	2026-09-08T15:07:26.4601106Z {"command": ["elixir", "/home/runner/work/_temp/aphid-current-consumer/failures/reject.exs"], "cwd": "/home/runner/work/_temp/aphid-current-consumer/failures", "exit": 0, "seconds": 0.515}
consumer (ubuntu-24.04-arm, aarch64-linux-gnu)	Verify current package with exact reviewed native archive	2026-09-08T15:07:26.4602380Z CASE duplicate
consumer (ubuntu-24.04-arm, aarch64-linux-gnu)	Verify current package with exact reviewed native archive	2026-09-08T15:07:26.9498652Z Aphid artifact [unsafe]: duplicate or case-colliding archive member. No source fallback.
consumer (ubuntu-24.04-arm, aarch64-linux-gnu)	Verify current package with exact reviewed native archive	2026-09-08T15:07:26.9753962Z {"command": ["elixir", "/home/runner/work/_temp/aphid-current-consumer/failures/reject.exs"], "cwd": "/home/runner/work/_temp/aphid-current-consumer/failures", "exit": 0, "seconds": 0.515}
consumer (ubuntu-24.04-arm, aarch64-linux-gnu)	Verify current package with exact reviewed native archive	2026-09-08T15:07:26.9755199Z CASE case-collision
consumer (ubuntu-24.04-arm, aarch64-linux-gnu)	Verify current package with exact reviewed native archive	2026-09-08T15:07:27.4618603Z Aphid artifact [unsafe]: duplicate or case-colliding archive member. No source fallback.
consumer (ubuntu-24.04-arm, aarch64-linux-gnu)	Verify current package with exact reviewed native archive	2026-09-08T15:07:27.4905636Z {"command": ["elixir", "/home/runner/work/_temp/aphid-current-consumer/failures/reject.exs"], "cwd": "/home/runner/work/_temp/aphid-current-consumer/failures", "exit": 0, "seconds": 0.515}
consumer (ubuntu-24.04-arm, aarch64-linux-gnu)	Verify current package with exact reviewed native archive	2026-09-08T15:07:27.4907441Z CASE file-directory
consumer (ubuntu-24.04-arm, aarch64-linux-gnu)	Verify current package with exact reviewed native archive	2026-09-08T15:07:27.9765655Z Aphid artifact [unsafe]: archive file is also used as a directory. No source fallback.
consumer (ubuntu-24.04-arm, aarch64-linux-gnu)	Verify current package with exact reviewed native archive	2026-09-08T15:07:28.0058380Z {"command": ["elixir", "/home/runner/work/_temp/aphid-current-consumer/failures/reject.exs"], "cwd": "/home/runner/work/_temp/aphid-current-consumer/failures", "exit": 0, "seconds": 0.515}
consumer (ubuntu-24.04-arm, aarch64-linux-gnu)	Verify current package with exact reviewed native archive	2026-09-08T15:07:28.0059707Z CASE dot-path
consumer (ubuntu-24.04-arm, aarch64-linux-gnu)	Verify current package with exact reviewed native archive	2026-09-08T15:07:28.4964941Z Aphid artifact [unsafe]: archive contains a link, special file or unsafe path: "./escape". No source fallback.
consumer (ubuntu-24.04-arm, aarch64-linux-gnu)	Verify current package with exact reviewed native archive	2026-09-08T15:07:28.5210647Z {"command": ["elixir", "/home/runner/work/_temp/aphid-current-consumer/failures/reject.exs"], "cwd": "/home/runner/work/_temp/aphid-current-consumer/failures", "exit": 0, "seconds": 0.515}
consumer (ubuntu-24.04-arm, aarch64-linux-gnu)	Verify current package with exact reviewed native archive	2026-09-08T15:07:28.5212113Z CASE symlink
consumer (ubuntu-24.04-arm, aarch64-linux-gnu)	Verify current package with exact reviewed native archive	2026-09-08T15:07:29.0102347Z Aphid artifact [unsafe]: archive contains a link, special file or unsafe path: "link". No source fallback.
consumer (ubuntu-24.04-arm, aarch64-linux-gnu)	Verify current package with exact reviewed native archive	2026-09-08T15:07:29.0363895Z {"command": ["elixir", "/home/runner/work/_temp/aphid-current-consumer/failures/reject.exs"], "cwd": "/home/runner/work/_temp/aphid-current-consumer/failures", "exit": 0, "seconds": 0.515}
consumer (ubuntu-24.04-arm, aarch64-linux-gnu)	Verify current package with exact reviewed native archive	2026-09-08T15:07:29.0365164Z CASE hardlink
consumer (ubuntu-24.04-arm, aarch64-linux-gnu)	Verify current package with exact reviewed native archive	2026-09-08T15:07:29.5237733Z Aphid artifact [unsafe]: archive contains a link, special file or unsafe path: "hard". No source fallback.
consumer (ubuntu-24.04-arm, aarch64-linux-gnu)	Verify current package with exact reviewed native archive	2026-09-08T15:07:29.5516684Z {"command": ["elixir", "/home/runner/work/_temp/aphid-current-consumer/failures/reject.exs"], "cwd": "/home/runner/work/_temp/aphid-current-consumer/failures", "exit": 0, "seconds": 0.515}
consumer (ubuntu-24.04-arm, aarch64-linux-gnu)	Verify current package with exact reviewed native archive	2026-09-08T15:07:29.5518122Z CASE fifo
consumer (ubuntu-24.04-arm, aarch64-linux-gnu)	Verify current package with exact reviewed native archive	2026-09-08T15:07:30.0313044Z Aphid artifact [unsafe]: archive contains a link, special file or unsafe path: "fifo". No source fallback.
consumer (ubuntu-24.04-arm, aarch64-linux-gnu)	Verify current package with exact reviewed native archive	2026-09-08T15:07:30.0669078Z {"command": ["elixir", "/home/runner/work/_temp/aphid-current-consumer/failures/reject.exs"], "cwd": "/home/runner/work/_temp/aphid-current-consumer/failures", "exit": 0, "seconds": 0.515}
consumer (ubuntu-24.04-arm, aarch64-linux-gnu)	Verify current package with exact reviewed native archive	2026-09-08T15:07:30.0707720Z NOTICE FIXTURE missing-source-notices
consumer (ubuntu-24.04-arm, aarch64-linux-gnu)	Verify current package with exact reviewed native archive	2026-09-08T15:07:30.5525104Z Aphid artifact [missing]: source package lacks THIRD_PARTY_NOTICES.txt; obtain the complete source package. No source fallback.
consumer (ubuntu-24.04-arm, aarch64-linux-gnu)	Verify current package with exact reviewed native archive	2026-09-08T15:07:30.5858385Z {"command": ["elixir", "/home/runner/work/_temp/aphid-current-consumer/failures/reject.exs"], "cwd": "/home/runner/work/_temp/aphid-current-consumer/failures", "exit": 0, "seconds": 0.515}
consumer (ubuntu-24.04-arm, aarch64-linux-gnu)	Verify current package with exact reviewed native archive	2026-09-08T15:07:30.5862186Z NOTICE FIXTURE notice-collision-0
consumer (ubuntu-24.04-arm, aarch64-linux-gnu)	Verify current package with exact reviewed native archive	2026-09-08T15:07:31.0665152Z Aphid artifact [corrupt]: archive collides with the source-package notice supplement. No source fallback.
consumer (ubuntu-24.04-arm, aarch64-linux-gnu)	Verify current package with exact reviewed native archive	2026-09-08T15:07:31.1012656Z {"command": ["elixir", "/home/runner/work/_temp/aphid-current-consumer/failures/reject.exs"], "cwd": "/home/runner/work/_temp/aphid-current-consumer/failures", "exit": 0, "seconds": 0.515}
consumer (ubuntu-24.04-arm, aarch64-linux-gnu)	Verify current package with exact reviewed native archive	2026-09-08T15:07:31.1017668Z NOTICE FIXTURE notice-collision-1
consumer (ubuntu-24.04-arm, aarch64-linux-gnu)	Verify current package with exact reviewed native archive	2026-09-08T15:07:31.5907306Z Aphid artifact [corrupt]: archive collides with the source-package notice supplement. No source fallback.
consumer (ubuntu-24.04-arm, aarch64-linux-gnu)	Verify current package with exact reviewed native archive	2026-09-08T15:07:31.6167605Z {"command": ["elixir", "/home/runner/work/_temp/aphid-current-consumer/failures/reject.exs"], "cwd": "/home/runner/work/_temp/aphid-current-consumer/failures", "exit": 0, "seconds": 0.515}
consumer (ubuntu-24.04-arm, aarch64-linux-gnu)	Verify current package with exact reviewed native archive	2026-09-08T15:07:31.6171800Z NOTICE FIXTURE notice-collision-2
consumer (ubuntu-24.04-arm, aarch64-linux-gnu)	Verify current package with exact reviewed native archive	2026-09-08T15:07:32.1109339Z Aphid artifact [corrupt]: archive collides with the source-package notice supplement. No source fallback.
consumer (ubuntu-24.04-arm, aarch64-linux-gnu)	Verify current package with exact reviewed native archive	2026-09-08T15:07:32.1325008Z {"command": ["elixir", "/home/runner/work/_temp/aphid-current-consumer/failures/reject.exs"], "cwd": "/home/runner/work/_temp/aphid-current-consumer/failures", "exit": 0, "seconds": 0.515}
consumer (ubuntu-24.04-arm, aarch64-linux-gnu)	Verify current package with exact reviewed native archive	2026-09-08T15:07:34.0516564Z Aphid local bundle verified and installed: SHA256 d919aa4165d3fa9bbf673bc3645c33e9389afedf0cdb89f7c8c1d2ff8c19f2d5
consumer (ubuntu-24.04-arm, aarch64-linux-gnu)	Verify current package with exact reviewed native archive	2026-09-08T15:07:34.0517605Z Semantically identical reordered receipt accepted without replacement
consumer (ubuntu-24.04-arm, aarch64-linux-gnu)	Verify current package with exact reviewed native archive	2026-09-08T15:07:35.3325852Z notice rejection detail: Aphid artifact [missing]: installed licenses/aphid-supplemental.txt is absent; use an empty MIX_BUILD_PATH. No source fallback.
consumer (ubuntu-24.04-arm, aarch64-linux-gnu)	Verify current package with exact reviewed native archive	2026-09-08T15:07:35.3326716Z expected notice rejection: licenses/aphid-supplemental.txt: missing
consumer (ubuntu-24.04-arm, aarch64-linux-gnu)	Verify current package with exact reviewed native archive	2026-09-08T15:07:36.6269384Z notice rejection detail: Aphid artifact [corrupt]: installed licenses/aphid-supplemental.txt changed; use an empty MIX_BUILD_PATH. No source fallback.
consumer (ubuntu-24.04-arm, aarch64-linux-gnu)	Verify current package with exact reviewed native archive	2026-09-08T15:07:36.6270245Z expected notice rejection: licenses/aphid-supplemental.txt: corrupt
consumer (ubuntu-24.04-arm, aarch64-linux-gnu)	Verify current package with exact reviewed native archive	2026-09-08T15:07:37.9509903Z notice rejection detail: Aphid artifact [missing]: installed licenses/duckdb/third_party/snowball/LICENSE is absent; use an empty MIX_BUILD_PATH. No source fallback.
consumer (ubuntu-24.04-arm, aarch64-linux-gnu)	Verify current package with exact reviewed native archive	2026-09-08T15:07:37.9510891Z expected notice rejection: licenses/duckdb/third_party/snowball/LICENSE: missing
consumer (ubuntu-24.04-arm, aarch64-linux-gnu)	Verify current package with exact reviewed native archive	2026-09-08T15:07:39.2270861Z notice rejection detail: Aphid artifact [corrupt]: installed licenses/duckdb/third_party/snowball/LICENSE changed; use an empty MIX_BUILD_PATH. No source fallback.
consumer (ubuntu-24.04-arm, aarch64-linux-gnu)	Verify current package with exact reviewed native archive	2026-09-08T15:07:39.2271817Z expected notice rejection: licenses/duckdb/third_party/snowball/LICENSE: corrupt
consumer (ubuntu-24.04-arm, aarch64-linux-gnu)	Verify current package with exact reviewed native archive	2026-09-08T15:07:40.6109794Z Aphid local bundle verified and installed: SHA256 d919aa4165d3fa9bbf673bc3645c33e9389afedf0cdb89f7c8c1d2ff8c19f2d5
consumer (ubuntu-24.04-arm, aarch64-linux-gnu)	Verify current package with exact reviewed native archive	2026-09-08T15:07:40.6110558Z Shipped notice restoration and repeat installation passed without native module load
consumer (ubuntu-24.04-arm, aarch64-linux-gnu)	Verify current package with exact reviewed native archive	2026-09-08T15:07:40.6567022Z {"command": ["elixir", "/home/runner/work/_temp/aphid-current-consumer/failures/notices.exs", "/home/runner/work/_temp/aphid-current-consumer/fresh/candidate-retained.tar.gz", "d919aa4165d3fa9bbf673bc3645c33e9389afedf0cdb89f7c8c1d2ff8c19f2d5", "/home/runner/work/_temp/aphid-current-consumer/fresh/consumer/_build/prod/lib/aphid/priv"], "cwd": "/home/runner/work/_temp/aphid-current-consumer/failures", "exit": 0, "seconds": 8.486}
consumer (ubuntu-24.04-arm, aarch64-linux-gnu)	Verify current package with exact reviewed native archive	2026-09-08T15:07:40.6885913Z REAL LOADER missing
consumer (ubuntu-24.04-arm, aarch64-linux-gnu)	Verify current package with exact reviewed native archive	2026-09-08T15:07:41.0064024Z 
consumer (ubuntu-24.04-arm, aarch64-linux-gnu)	Verify current package with exact reviewed native archive	2026-09-08T15:07:41.0065124Z 15:07:41.003 [error] Aphid artifact [missing]: /home/runner/work/_temp/aphid-current-consumer/failures/load-missing/aphid/priv/lib/liblbug.so; reinstall the complete pinned bundle. No source fallback.
consumer (ubuntu-24.04-arm, aarch64-linux-gnu)	Verify current package with exact reviewed native archive	2026-09-08T15:07:41.0077676Z real loader rejected artifact: Elixir.Aphid.Native
consumer (ubuntu-24.04-arm, aarch64-linux-gnu)	Verify current package with exact reviewed native archive	2026-09-08T15:07:41.0173739Z 
consumer (ubuntu-24.04-arm, aarch64-linux-gnu)	Verify current package with exact reviewed native archive	2026-09-08T15:07:41.0174236Z 15:07:41.007 [warning] The on_load function for module Elixir.Aphid.Native returned:
consumer (ubuntu-24.04-arm, aarch64-linux-gnu)	Verify current package with exact reviewed native archive	2026-09-08T15:07:41.0174656Z {:error,
consumer (ubuntu-24.04-arm, aarch64-linux-gnu)	Verify current package with exact reviewed native archive	2026-09-08T15:07:41.0174831Z  {:missing,
consumer (ubuntu-24.04-arm, aarch64-linux-gnu)	Verify current package with exact reviewed native archive	2026-09-08T15:07:41.0175223Z   "/home/runner/work/_temp/aphid-current-consumer/failures/load-missing/aphid/priv/lib/liblbug.so"}}
consumer (ubuntu-24.04-arm, aarch64-linux-gnu)	Verify current package with exact reviewed native archive	2026-09-08T15:07:41.0175771Z 
consumer (ubuntu-24.04-arm, aarch64-linux-gnu)	Verify current package with exact reviewed native archive	2026-09-08T15:07:41.0228408Z 
consumer (ubuntu-24.04-arm, aarch64-linux-gnu)	Verify current package with exact reviewed native archive	2026-09-08T15:07:41.0229420Z 15:07:41.022 [error] Aphid artifact [missing]: /home/runner/work/_temp/aphid-current-consumer/failures/load-missing/aphid/priv/lib/liblbug.so; reinstall the complete pinned bundle. No source fallback.
consumer (ubuntu-24.04-arm, aarch64-linux-gnu)	Verify current package with exact reviewed native archive	2026-09-08T15:07:41.0242351Z real loader rejected artifact: Elixir.Aphid.Proof
consumer (ubuntu-24.04-arm, aarch64-linux-gnu)	Verify current package with exact reviewed native archive	2026-09-08T15:07:41.0242944Z 
consumer (ubuntu-24.04-arm, aarch64-linux-gnu)	Verify current package with exact reviewed native archive	2026-09-08T15:07:41.0243212Z 15:07:41.023 [warning] The on_load function for module Elixir.Aphid.Proof returned:
consumer (ubuntu-24.04-arm, aarch64-linux-gnu)	Verify current package with exact reviewed native archive	2026-09-08T15:07:41.0243585Z {:error,
consumer (ubuntu-24.04-arm, aarch64-linux-gnu)	Verify current package with exact reviewed native archive	2026-09-08T15:07:41.0243755Z  {:missing,
consumer (ubuntu-24.04-arm, aarch64-linux-gnu)	Verify current package with exact reviewed native archive	2026-09-08T15:07:41.0244136Z   "/home/runner/work/_temp/aphid-current-consumer/failures/load-missing/aphid/priv/lib/liblbug.so"}}
consumer (ubuntu-24.04-arm, aarch64-linux-gnu)	Verify current package with exact reviewed native archive	2026-09-08T15:07:41.0244515Z 
consumer (ubuntu-24.04-arm, aarch64-linux-gnu)	Verify current package with exact reviewed native archive	2026-09-08T15:07:41.0535917Z {"command": ["elixir", "-pa", "/home/runner/work/_temp/aphid-current-consumer/failures/load-missing/aphid/ebin", "/home/runner/work/_temp/aphid-current-consumer/failures/load.exs"], "cwd": "/home/runner/work/_temp/aphid-current-consumer/failures", "exit": 0, "seconds": 0.365}
consumer (ubuntu-24.04-arm, aarch64-linux-gnu)	Verify current package with exact reviewed native archive	2026-09-08T15:07:41.0865710Z REAL LOADER corrupt
consumer (ubuntu-24.04-arm, aarch64-linux-gnu)	Verify current package with exact reviewed native archive	2026-09-08T15:07:41.4071676Z 
consumer (ubuntu-24.04-arm, aarch64-linux-gnu)	Verify current package with exact reviewed native archive	2026-09-08T15:07:41.4073088Z 15:07:41.403 [error] Aphid artifact [corrupt]: /home/runner/work/_temp/aphid-current-consumer/failures/load-corrupt/aphid/priv/lib/liblbug.so; reinstall the complete pinned bundle. No source fallback.
consumer (ubuntu-24.04-arm, aarch64-linux-gnu)	Verify current package with exact reviewed native archive	2026-09-08T15:07:41.4084982Z real loader rejected artifact: Elixir.Aphid.Native
consumer (ubuntu-24.04-arm, aarch64-linux-gnu)	Verify current package with exact reviewed native archive	2026-09-08T15:07:41.4182172Z 
consumer (ubuntu-24.04-arm, aarch64-linux-gnu)	Verify current package with exact reviewed native archive	2026-09-08T15:07:41.4182511Z 15:07:41.408 [warning] The on_load function for module Elixir.Aphid.Native returned:
consumer (ubuntu-24.04-arm, aarch64-linux-gnu)	Verify current package with exact reviewed native archive	2026-09-08T15:07:41.4182913Z {:error,
consumer (ubuntu-24.04-arm, aarch64-linux-gnu)	Verify current package with exact reviewed native archive	2026-09-08T15:07:41.4183085Z  {:corrupt,
consumer (ubuntu-24.04-arm, aarch64-linux-gnu)	Verify current package with exact reviewed native archive	2026-09-08T15:07:41.4183478Z   "/home/runner/work/_temp/aphid-current-consumer/failures/load-corrupt/aphid/priv/lib/liblbug.so"}}
consumer (ubuntu-24.04-arm, aarch64-linux-gnu)	Verify current package with exact reviewed native archive	2026-09-08T15:07:41.4183861Z 
consumer (ubuntu-24.04-arm, aarch64-linux-gnu)	Verify current package with exact reviewed native archive	2026-09-08T15:07:41.4237467Z 
consumer (ubuntu-24.04-arm, aarch64-linux-gnu)	Verify current package with exact reviewed native archive	2026-09-08T15:07:41.4238175Z 15:07:41.423 [error] Aphid artifact [corrupt]: /home/runner/work/_temp/aphid-current-consumer/failures/load-corrupt/aphid/priv/lib/liblbug.so; reinstall the complete pinned bundle. No source fallback.
consumer (ubuntu-24.04-arm, aarch64-linux-gnu)	Verify current package with exact reviewed native archive	2026-09-08T15:07:41.4251524Z real loader rejected artifact: Elixir.Aphid.Proof
consumer (ubuntu-24.04-arm, aarch64-linux-gnu)	Verify current package with exact reviewed native archive	2026-09-08T15:07:41.4252580Z 
consumer (ubuntu-24.04-arm, aarch64-linux-gnu)	Verify current package with exact reviewed native archive	2026-09-08T15:07:41.4253143Z 15:07:41.424 [warning] The on_load function for module Elixir.Aphid.Proof returned:
consumer (ubuntu-24.04-arm, aarch64-linux-gnu)	Verify current package with exact reviewed native archive	2026-09-08T15:07:41.4253576Z {:error,
consumer (ubuntu-24.04-arm, aarch64-linux-gnu)	Verify current package with exact reviewed native archive	2026-09-08T15:07:41.4253772Z  {:corrupt,
consumer (ubuntu-24.04-arm, aarch64-linux-gnu)	Verify current package with exact reviewed native archive	2026-09-08T15:07:41.4254159Z   "/home/runner/work/_temp/aphid-current-consumer/failures/load-corrupt/aphid/priv/lib/liblbug.so"}}
consumer (ubuntu-24.04-arm, aarch64-linux-gnu)	Verify current package with exact reviewed native archive	2026-09-08T15:07:41.4254539Z 
consumer (ubuntu-24.04-arm, aarch64-linux-gnu)	Verify current package with exact reviewed native archive	2026-09-08T15:07:41.4515328Z {"command": ["elixir", "-pa", "/home/runner/work/_temp/aphid-current-consumer/failures/load-corrupt/aphid/ebin", "/home/runner/work/_temp/aphid-current-consumer/failures/load.exs"], "cwd": "/home/runner/work/_temp/aphid-current-consumer/failures", "exit": 0, "seconds": 0.365}
consumer (ubuntu-24.04-arm, aarch64-linux-gnu)	Verify current package with exact reviewed native archive	2026-09-08T15:07:41.4820182Z REAL LOADER unloadable
consumer (ubuntu-24.04-arm, aarch64-linux-gnu)	Verify current package with exact reviewed native archive	2026-09-08T15:07:41.9213457Z 
consumer (ubuntu-24.04-arm, aarch64-linux-gnu)	Verify current package with exact reviewed native archive	2026-09-08T15:07:41.9215293Z 15:07:41.918 [error] Aphid artifact [unloadable]: /home/runner/work/_temp/aphid-current-consumer/failures/load-unloadable/aphid/priv/lib/Elixir.Aphid.Native: {:load_failed, ~c"Failed to load NIF library: '/home/runner/work/_temp/aphid-current-consumer/failures/load-unloadable/aphid/priv/lib/Elixir.Aphid.Native.so: failed to map segment from shared object'"}; use the matching complete bundle and runtime. No source fallback.
consumer (ubuntu-24.04-arm, aarch64-linux-gnu)	Verify current package with exact reviewed native archive	2026-09-08T15:07:41.9242920Z real loader rejected artifact: Elixir.Aphid.Native
consumer (ubuntu-24.04-arm, aarch64-linux-gnu)	Verify current package with exact reviewed native archive	2026-09-08T15:07:41.9243219Z 
consumer (ubuntu-24.04-arm, aarch64-linux-gnu)	Verify current package with exact reviewed native archive	2026-09-08T15:07:41.9243951Z 15:07:41.922 [warning] The on_load function for module Elixir.Aphid.Native returned:
consumer (ubuntu-24.04-arm, aarch64-linux-gnu)	Verify current package with exact reviewed native archive	2026-09-08T15:07:41.9244375Z {:error,
consumer (ubuntu-24.04-arm, aarch64-linux-gnu)	Verify current package with exact reviewed native archive	2026-09-08T15:07:41.9244548Z  {:load_failed,
consumer (ubuntu-24.04-arm, aarch64-linux-gnu)	Verify current package with exact reviewed native archive	2026-09-08T15:07:41.9245251Z   ~c"Failed to load NIF library: '/home/runner/work/_temp/aphid-current-consumer/failures/load-unloadable/aphid/priv/lib/Elixir.Aphid.Native.so: failed to map segment from shared object'"}}
consumer (ubuntu-24.04-arm, aarch64-linux-gnu)	Verify current package with exact reviewed native archive	2026-09-08T15:07:41.9246066Z 
consumer (ubuntu-24.04-arm, aarch64-linux-gnu)	Verify current package with exact reviewed native archive	2026-09-08T15:07:42.0099790Z 
consumer (ubuntu-24.04-arm, aarch64-linux-gnu)	Verify current package with exact reviewed native archive	2026-09-08T15:07:42.0101609Z 15:07:42.009 [error] Aphid artifact [unloadable]: /home/runner/work/_temp/aphid-current-consumer/failures/load-unloadable/aphid/priv/lib/Elixir.Aphid.Proof: {:load_failed, ~c"Failed to load NIF library: '/home/runner/work/_temp/aphid-current-consumer/failures/load-unloadable/aphid/priv/lib/Elixir.Aphid.Proof.so: failed to map segment from shared object'"}; use the matching complete bundle and runtime. No source fallback.
consumer (ubuntu-24.04-arm, aarch64-linux-gnu)	Verify current package with exact reviewed native archive	2026-09-08T15:07:42.0112043Z real loader rejected artifact: Elixir.Aphid.Proof
consumer (ubuntu-24.04-arm, aarch64-linux-gnu)	Verify current package with exact reviewed native archive	2026-09-08T15:07:42.0113209Z 
consumer (ubuntu-24.04-arm, aarch64-linux-gnu)	Verify current package with exact reviewed native archive	2026-09-08T15:07:42.0113652Z 15:07:42.010 [warning] The on_load function for module Elixir.Aphid.Proof returned:
consumer (ubuntu-24.04-arm, aarch64-linux-gnu)	Verify current package with exact reviewed native archive	2026-09-08T15:07:42.0114061Z {:error,
consumer (ubuntu-24.04-arm, aarch64-linux-gnu)	Verify current package with exact reviewed native archive	2026-09-08T15:07:42.0114235Z  {:load_failed,
consumer (ubuntu-24.04-arm, aarch64-linux-gnu)	Verify current package with exact reviewed native archive	2026-09-08T15:07:42.0114924Z   ~c"Failed to load NIF library: '/home/runner/work/_temp/aphid-current-consumer/failures/load-unloadable/aphid/priv/lib/Elixir.Aphid.Proof.so: failed to map segment from shared object'"}}
consumer (ubuntu-24.04-arm, aarch64-linux-gnu)	Verify current package with exact reviewed native archive	2026-09-08T15:07:42.0115802Z 
consumer (ubuntu-24.04-arm, aarch64-linux-gnu)	Verify current package with exact reviewed native archive	2026-09-08T15:07:42.0476855Z {"command": ["sudo", "-E", "unshare", "--mount", "--fork", "--propagation", "private", "sh", "-c", "mount --bind \"$1\" \"$1\" && mount -o remount,bind,noexec \"$1\" && shift && exec \"$@\"", "noexec-proof", "/home/runner/work/_temp/aphid-current-consumer/failures/load-unloadable/aphid/priv/lib", "/usr/bin/setpriv", "--reuid", "1001", "--regid", "1001", "--clear-groups", "--no-new-privs", "--", "/usr/bin/env", "PATH=/home/runner/work/_temp/.setup-beam/elixir/bin:/home/runner/.mix/escripts:/home/runner/work/_temp/.setup-beam/otp/bin:/opt/hostedtoolcache/Python/3.14.7/arm64/bin:/opt/hostedtoolcache/Python/3.14.7/arm64:/snap/bin:/home/runner/.local/bin:/opt/pipx_bin:/home/runner/.cargo/bin:/home/runner/.config/composer/vendor/bin:/home/runner/.dotnet/tools:/usr/local/sbin:/usr/local/bin:/usr/sbin:/usr/bin:/sbin:/bin:/usr/games:/usr/local/games:/snap/bin", "/home/runner/work/_temp/.setup-beam/elixir/bin/elixir", "-pa", "/home/runner/work/_temp/aphid-current-consumer/failures/load-unloadable/aphid/ebin", "/home/runner/work/_temp/aphid-current-consumer/failures/load.exs"], "cwd": "/home/runner/work/_temp/aphid-current-consumer/failures", "exit": 0, "seconds": 0.565}
consumer (ubuntu-24.04-arm, aarch64-linux-gnu)	Verify current package with exact reviewed native archive	2026-09-08T15:07:42.0481451Z real Mix adapter rejection cases and loader processes passed
consumer (ubuntu-24.04-arm, aarch64-linux-gnu)	Verify current package with exact reviewed native archive	2026-09-08T15:07:42.0698712Z {"command": ["/opt/hostedtoolcache/Python/3.14.7/arm64/bin/python3", "scripts/local_bundle_failures.py", "--destination", "/home/runner/work/_temp/aphid-current-consumer/failures", "--consumer", "/home/runner/work/_temp/aphid-current-consumer/fresh"], "cwd": "/home/runner/work/Aphid/Aphid", "exit": 0, "seconds": 23.964}
consumer (ubuntu-24.04-arm, aarch64-linux-gnu)	Verify current package with exact reviewed native archive	2026-09-08T15:07:42.9825104Z * assembling aphid_consumer-0.0.0 on MIX_ENV=prod
consumer (ubuntu-24.04-arm, aarch64-linux-gnu)	Verify current package with exact reviewed native archive	2026-09-08T15:07:42.9828814Z * skipping runtime configuration (config/runtime.exs not found)
consumer (ubuntu-24.04-arm, aarch64-linux-gnu)	Verify current package with exact reviewed native archive	2026-09-08T15:07:43.0737607Z * creating /home/runner/work/_temp/aphid-current-consumer/mix-release-proof/assembled/releases/0.0.0/env.sh
consumer (ubuntu-24.04-arm, aarch64-linux-gnu)	Verify current package with exact reviewed native archive	2026-09-08T15:07:43.3093537Z * building /home/runner/work/_temp/aphid-current-consumer/mix-release-proof/assembled/aphid_consumer-0.0.0.tar.gz
consumer (ubuntu-24.04-arm, aarch64-linux-gnu)	Verify current package with exact reviewed native archive	2026-09-08T15:07:55.4673283Z 
consumer (ubuntu-24.04-arm, aarch64-linux-gnu)	Verify current package with exact reviewed native archive	2026-09-08T15:07:55.4673997Z Release created at /home/runner/work/_temp/aphid-current-consumer/mix-release-proof/assembled
consumer (ubuntu-24.04-arm, aarch64-linux-gnu)	Verify current package with exact reviewed native archive	2026-09-08T15:07:55.4680546Z 
consumer (ubuntu-24.04-arm, aarch64-linux-gnu)	Verify current package with exact reviewed native archive	2026-09-08T15:07:55.4681413Z     # To start your system
consumer (ubuntu-24.04-arm, aarch64-linux-gnu)	Verify current package with exact reviewed native archive	2026-09-08T15:07:55.4682084Z     /home/runner/work/_temp/aphid-current-consumer/mix-release-proof/assembled/bin/aphid_consumer start
consumer (ubuntu-24.04-arm, aarch64-linux-gnu)	Verify current package with exact reviewed native archive	2026-09-08T15:07:55.4682702Z 
consumer (ubuntu-24.04-arm, aarch64-linux-gnu)	Verify current package with exact reviewed native archive	2026-09-08T15:07:55.4683111Z Once the release is running:
consumer (ubuntu-24.04-arm, aarch64-linux-gnu)	Verify current package with exact reviewed native archive	2026-09-08T15:07:55.4683297Z 
consumer (ubuntu-24.04-arm, aarch64-linux-gnu)	Verify current package with exact reviewed native archive	2026-09-08T15:07:55.4683404Z     # To connect to it remotely
consumer (ubuntu-24.04-arm, aarch64-linux-gnu)	Verify current package with exact reviewed native archive	2026-09-08T15:07:55.4683859Z     /home/runner/work/_temp/aphid-current-consumer/mix-release-proof/assembled/bin/aphid_consumer remote
consumer (ubuntu-24.04-arm, aarch64-linux-gnu)	Verify current package with exact reviewed native archive	2026-09-08T15:07:55.4684257Z 
consumer (ubuntu-24.04-arm, aarch64-linux-gnu)	Verify current package with exact reviewed native archive	2026-09-08T15:07:55.4684406Z     # To stop it gracefully (you may also send SIGINT/SIGTERM)
consumer (ubuntu-24.04-arm, aarch64-linux-gnu)	Verify current package with exact reviewed native archive	2026-09-08T15:07:55.4684925Z     /home/runner/work/_temp/aphid-current-consumer/mix-release-proof/assembled/bin/aphid_consumer stop
consumer (ubuntu-24.04-arm, aarch64-linux-gnu)	Verify current package with exact reviewed native archive	2026-09-08T15:07:55.4685313Z 
consumer (ubuntu-24.04-arm, aarch64-linux-gnu)	Verify current package with exact reviewed native archive	2026-09-08T15:07:55.4685558Z To list all commands:
consumer (ubuntu-24.04-arm, aarch64-linux-gnu)	Verify current package with exact reviewed native archive	2026-09-08T15:07:55.4685695Z 
consumer (ubuntu-24.04-arm, aarch64-linux-gnu)	Verify current package with exact reviewed native archive	2026-09-08T15:07:55.4685981Z     /home/runner/work/_temp/aphid-current-consumer/mix-release-proof/assembled/bin/aphid_consumer
consumer (ubuntu-24.04-arm, aarch64-linux-gnu)	Verify current package with exact reviewed native archive	2026-09-08T15:07:55.4686377Z 
consumer (ubuntu-24.04-arm, aarch64-linux-gnu)	Verify current package with exact reviewed native archive	2026-09-08T15:07:55.5170971Z {"command": ["sudo", "-E", "bwrap", "--die-with-parent", "--unshare-pid", "--ro-bind", "/", "/", "--dev", "/dev", "--proc", "/proc", "--bind", "/home/runner/work/_temp/aphid-current-consumer/mix-release-proof", "/home/runner/work/_temp/aphid-current-consumer/mix-release-proof", "--unshare-net", "--tmpfs", "/home/runner/work/Aphid/Aphid", "--tmpfs", "/home/runner/work/_temp/aphid-current-consumer/fresh", "--ro-bind", "/dev/null", "/usr/bin/aarch64-linux-gnu-as", "--ro-bind", "/dev/null", "/usr/bin/aarch64-linux-gnu-g++-12", "--ro-bind", "/dev/null", "/usr/bin/aarch64-linux-gnu-g++-13", "--ro-bind", "/dev/null", "/usr/bin/aarch64-linux-gnu-g++-14", "--ro-bind", "/dev/null", "/usr/bin/aarch64-linux-gnu-gcc-12", "--ro-bind", "/dev/null", "/usr/bin/aarch64-linux-gnu-gcc-13", "--ro-bind", "/dev/null", "/usr/bin/aarch64-linux-gnu-gcc-14", "--ro-bind", "/dev/null", "/usr/bin/aarch64-linux-gnu-ld.bfd", "--ro-bind", "/dev/null", "/usr/bin/c89-gcc", "--ro-bind", "/dev/null", "/usr/bin/c99-gcc", "--ro-bind", "/dev/null", "/usr/bin/make", "--ro-bind", "/dev/null", "/usr/lib/llvm-16/bin/clang", "--ro-bind", "/dev/null", "/usr/lib/llvm-16/bin/lld", "--ro-bind", "/dev/null", "/usr/lib/llvm-16/bin/llvm-as", "--ro-bind", "/dev/null", "/usr/lib/llvm-17/bin/clang", "--ro-bind", "/dev/null", "/usr/lib/llvm-17/bin/lld", "--ro-bind", "/dev/null", "/usr/lib/llvm-17/bin/llvm-as", "--ro-bind", "/dev/null", "/usr/lib/llvm-18/bin/clang", "--ro-bind", "/dev/null", "/usr/lib/llvm-18/bin/lld", "--ro-bind", "/dev/null", "/usr/lib/llvm-18/bin/llvm-as", "--ro-bind", "/dev/null", "/usr/local/bin/cmake", "--ro-bind", "/dev/null", "/usr/local/bin/ninja", "--cap-add", "CAP_SETUID", "--cap-add", "CAP_SETGID", "--cap-add", "CAP_SETPCAP", "--clearenv", "--setenv", "LANG", "C.UTF-8", "--setenv", "HOME", "/home/runner/work/_temp/aphid-current-consumer/mix-release-proof/home", "--setenv", "PATH", "/home/runner/work/_temp/aphid-current-consumer/mix-release-proof/tools:/home/runner/work/_temp/.setup-beam/elixir/bin:/home/runner/work/_temp/.setup-beam/elixir/bin:/home/runner/work/_temp/.setup-beam/otp/bin:/usr/bin:/bin:/usr/sbin:/sbin", "--setenv", "MIX_HOME", "/home/runner/work/_temp/aphid-current-consumer/mix-release-proof/mix-home", "--setenv", "HEX_HOME", "/home/runner/work/_temp/aphid-current-consumer/mix-release-proof/hex-home", "--setenv", "MIX_ENV", "prod", "--setenv", "TMPDIR", "/home/runner/work/_temp/aphid-current-consumer/mix-release-proof/tmp", "--setenv", "ZIG_EXECUTABLE_PATH", "/home/runner/work/_temp/aphid-current-consumer/mix-release-proof/tools/zig", "--setenv", "ZIG_GLOBAL_CACHE_DIR", "/home/runner/work/_temp/aphid-current-consumer/mix-release-proof/zig-cache", "--setenv", "ERL_FLAGS", "+S 1:1 +SDcpu 1:1", "--setenv", "RELEASE_DISTRIBUTION", "none", "--", "/usr/bin/setpriv", "--reuid", "1001", "--regid", "1001", "--clear-groups", "--bounding-set=-all", "--no-new-privs", "--", "mix", "release", "--no-compile", "--path", "/home/runner/work/_temp/aphid-current-consumer/mix-release-proof/assembled"], "cwd": "/home/runner/work/_temp/aphid-current-consumer/mix-release-proof/build", "exit": 0, "seconds": 13.084}
consumer (ubuntu-24.04-arm, aarch64-linux-gnu)	Verify current package with exact reviewed native archive	2026-09-08T15:07:55.6566706Z {"release_archive": "/home/runner/work/_temp/aphid-current-consumer/mix-release-validation.tar.gz", "sha256": "12cad651b68a0ed86409b58bbc13e3f492306d1742b78a0feb64793a4c8ad091", "bytes": 129581102}
consumer (ubuntu-24.04-arm, aarch64-linux-gnu)	Verify current package with exact reviewed native archive	2026-09-08T15:07:58.3351760Z Relocated source-package notice supplement: a9380f27e98b9ee7180560a31c99994cdfcbb2b8efae4b526e5225b14c56e992
consumer (ubuntu-24.04-arm, aarch64-linux-gnu)	Verify current package with exact reviewed native archive	2026-09-08T15:07:58.9321736Z audited shipped native files: 23
consumer (ubuntu-24.04-arm, aarch64-linux-gnu)	Verify current package with exact reviewed native archive	2026-09-08T15:07:58.9356478Z {"release_native_audit": {"erts-17.0.4/bin/beam.smp": {"sha256": "8fdca9a37a6575df18c4722ffaa746dac48bf3c5a5c7d3494736d6b78a89e68c", "libraries": "\tlinux-vdso.so.1 (0x0000ffbeeed8c000)\n\tlibtinfo.so.6 => /lib/aarch64-linux-gnu/libtinfo.so.6 (0x0000ffbeee770000)\n\tlibz.so.1 => /lib/aarch64-linux-gnu/libz.so.1 (0x0000ffbeee730000)\n\tlibstdc++.so.6 => /lib/aarch64-linux-gnu/libstdc++.so.6 (0x0000ffbeee4a0000)\n\tlibm.so.6 => /lib/aarch64-linux-gnu/libm.so.6 (0x0000ffbeee3f0000)\n\tlibgcc_s.so.1 => /lib/aarch64-linux-gnu/libgcc_s.so.1 (0x0000ffbeee3b0000)\n\tlibc.so.6 => /lib/aarch64-linux-gnu/libc.so.6 (0x0000ffbeee1f0000)\n\t/lib/ld-linux-aarch64.so.1 (0x0000ffbeeed50000)\n", "glibc": ["GLIBC_2.17", "GLIBC_2.29", "GLIBC_2.32", "GLIBC_2.33", "GLIBC_2.34", "GLIBC_2.38"]}, "erts-17.0.4/bin/ct_run": {"sha256": "aab3662c71b1fa731f15579ca772ee4a542bfef619c928abd6a52dc2da55094a", "libraries": "\tlinux-vdso.so.1 (0x0000ff1904c9c000)\n\tlibm.so.6 => /lib/aarch64-linux-gnu/libm.so.6 (0x0000ff1904b70000)\n\tlibc.so.6 => /lib/aarch64-linux-gnu/libc.so.6 (0x0000ff19049b0000)\n\t/lib/ld-linux-aarch64.so.1 (0x0000ff1904c50000)\n", "glibc": ["GLIBC_2.17", "GLIBC_2.34"]}, "erts-17.0.4/bin/dialyzer": {"sha256": "284b6aa35ef4c22d42ef7dc62cdcd6af61914d75d0622104185b4c5d122a1b53", "libraries": "\tlinux-vdso.so.1 (0x0000ffdc4794e000)\n\tlibm.so.6 => /lib/aarch64-linux-gnu/libm.so.6 (0x0000ffdc47820000)\n\tlibc.so.6 => /lib/aarch64-linux-gnu/libc.so.6 (0x0000ffdc47660000)\n\t/lib/ld-linux-aarch64.so.1 (0x0000ffdc47900000)\n", "glibc": ["GLIBC_2.17", "GLIBC_2.34"]}, "erts-17.0.4/bin/epmd": {"sha256": "e335111ec747c35ee3f694289413baa5c2ca14accfb172f7f01a9c0239536c6c", "libraries": "\tlinux-vdso.so.1 (0x0000ff769ba4f000)\n\tlibm.so.6 => /lib/aarch64-linux-gnu/libm.so.6 (0x0000ff769b920000)\n\tlibc.so.6 => /lib/aarch64-linux-gnu/libc.so.6 (0x0000ff769b760000)\n\t/lib/ld-linux-aarch64.so.1 (0x0000ff769ba00000)\n", "glibc": ["GLIBC_2.17", "GLIBC_2.34", "GLIBC_2.38"]}, "erts-17.0.4/bin/erl_call": {"sha256": "578c36e7565cffb7d81cdeb03a40033dcc656123cec13ff62bab9e8e60b0ef90", "libraries": "\tlinux-vdso.so.1 (0x0000ff61e0b5f000)\n\tlibc.so.6 => /lib/aarch64-linux-gnu/libc.so.6 (0x0000ff61e0910000)\n\t/lib/ld-linux-aarch64.so.1 (0x0000ff61e0b10000)\n", "glibc": ["GLIBC_2.17", "GLIBC_2.34", "GLIBC_2.38"]}, "erts-17.0.4/bin/erl_child_setup": {"sha256": "c80f5f92c7e5379b9809b78f2f3fc65933f5b382a1af3460050a46bb71154f20", "libraries": "\tlinux-vdso.so.1 (0x0000ff08168ac000)\n\tlibc.so.6 => /lib/aarch64-linux-gnu/libc.so.6 (0x0000ff0816680000)\n\t/lib/ld-linux-aarch64.so.1 (0x0000ff0816870000)\n", "glibc": ["GLIBC_2.17", "GLIBC_2.34", "GLIBC_2.38"]}, "erts-17.0.4/bin/erlc": {"sha256": "d437ab7db8ea9c27b0f45edb2c7dbe713dd3eb112af05300dbccd86aa1b9f720", "libraries": "\tlinux-vdso.so.1 (0x0000ff2467e8c000)\n\tlibm.so.6 => /lib/aarch64-linux-gnu/libm.so.6 (0x0000ff2467d60000)\n\tlibc.so.6 => /lib/aarch64-linux-gnu/libc.so.6 (0x0000ff2467ba0000)\n\t/lib/ld-linux-aarch64.so.1 (0x0000ff2467e50000)\n", "glibc": ["GLIBC_2.17", "GLIBC_2.33", "GLIBC_2.34", "GLIBC_2.38"]}, "erts-17.0.4/bin/erlexec": {"sha256": "9f67618612702729ab2c84245b8ab3449beb5b660996e9937dd0eae3f1d10d52", "libraries": "\tlinux-vdso.so.1 (0x0000ffa4fa84b000)\n\tlibm.so.6 => /lib/aarch64-linux-gnu/libm.so.6 (0x0000ffa4fa720000)\n\tlibc.so.6 => /lib/aarch64-linux-gnu/libc.so.6 (0x0000ffa4fa560000)\n\t/lib/ld-linux-aarch64.so.1 (0x0000ffa4fa800000)\n", "glibc": ["GLIBC_2.17", "GLIBC_2.34"]}, "erts-17.0.4/bin/escript": {"sha256": "7938896287512300e3a866cc99d788cc382506a0b1428e5c59eaee2b5b87349e", "libraries": "\tlinux-vdso.so.1 (0x0000ff08d698c000)\n\tlibm.so.6 => /lib/aarch64-linux-gnu/libm.so.6 (0x0000ff08d6870000)\n\tlibc.so.6 => /lib/aarch64-linux-gnu/libc.so.6 (0x0000ff08d66b0000)\n\t/lib/ld-linux-aarch64.so.1 (0x0000ff08d6950000)\n", "glibc": ["GLIBC_2.17", "GLIBC_2.34"]}, "erts-17.0.4/bin/heart": {"sha256": "e961189cda8626307638f0576d6415794df4badadaac4d7d1bdf09d39b285212", "libraries": "\tlinux-vdso.so.1 (0x0000ffca2692c000)\n\tlibc.so.6 => /lib/aarch64-linux-gnu/libc.so.6 (0x0000ffca26700000)\n\t/lib/ld-linux-aarch64.so.1 (0x0000ffca268f0000)\n", "glibc": ["GLIBC_2.17", "GLIBC_2.34", "GLIBC_2.38"]}, "erts-17.0.4/bin/inet_gethost": {"sha256": "abc240bf54f4ee4060e6f4f5066a7375d339e7c9c4b113767bb0c0186099ea8d", "libraries": "\tlinux-vdso.so.1 (0x0000ff3c47cac000)\n\tlibm.so.6 => /lib/aarch64-linux-gnu/libm.so.6 (0x0000ff3c47b80000)\n\tlibc.so.6 => /lib/aarch64-linux-gnu/libc.so.6 (0x0000ff3c479c0000)\n\t/lib/ld-linux-aarch64.so.1 (0x0000ff3c47c60000)\n", "glibc": ["GLIBC_2.17", "GLIBC_2.34", "GLIBC_2.38"]}, "erts-17.0.4/bin/run_erl": {"sha256": "7cc44bb9e4090e7d70adcf3a072948db7d3554c0545b6110246d432179ae3ba3", "libraries": "\tlinux-vdso.so.1 (0x0000ff8faaf1b000)\n\tlibc.so.6 => /lib/aarch64-linux-gnu/libc.so.6 (0x0000ff8faace0000)\n\t/lib/ld-linux-aarch64.so.1 (0x0000ff8faaed0000)\n", "glibc": ["GLIBC_2.17", "GLIBC_2.34", "GLIBC_2.38"]}, "erts-17.0.4/bin/to_erl": {"sha256": "d2b23fd7a72596ea3291a9ab065f9282572558ac9fffe479540e93c755762760", "libraries": "\tlinux-vdso.so.1 (0x0000ffbfa4d56000)\n\tlibc.so.6 => /lib/aarch64-linux-gnu/libc.so.6 (0x0000ffbfa4b20000)\n\t/lib/ld-linux-aarch64.so.1 (0x0000ffbfa4d10000)\n", "glibc": ["GLIBC_2.17", "GLIBC_2.34", "GLIBC_2.38"]}, "erts-17.0.4/bin/typer": {"sha256": "a0fb469204d56f8d82bcfca898a8525c993c94c6de5aeeb8672d17e8aa9607f8", "libraries": "\tlinux-vdso.so.1 (0x0000ffc21c59c000)\n\tlibm.so.6 => /lib/aarch64-linux-gnu/libm.so.6 (0x0000ffc21c480000)\n\tlibc.so.6 => /lib/aarch64-linux-gnu/libc.so.6 (0x0000ffc21c2c0000)\n\t/lib/ld-linux-aarch64.so.1 (0x0000ffc21c560000)\n", "glibc": ["GLIBC_2.17", "GLIBC_2.34"]}, "erts-17.0.4/bin/yielding_c_fun": {"sha256": "117606177ce98635cfb17578b63857c8b99297f05cfd4f190e722c68bf7d0aa7", "libraries": "\tlinux-vdso.so.1 (0x0000ff12fca2e000)\n\tlibc.so.6 => /lib/aarch64-linux-gnu/libc.so.6 (0x0000ff12fc7c0000)\n\t/lib/ld-linux-aarch64.so.1 (0x0000ff12fc9e0000)\n", "glibc": ["GLIBC_2.17", "GLIBC_2.34"]}, "lib/aphid-0.1.1-dev/priv/lib/Elixir.Aphid.Native.so": {"sha256": "8232add3bd3faf792a7179d6edcefabf29493601ec49740acf166e7f480de6ce", "libraries": "\tlinux-vdso.so.1 (0x0000ff926a8d6000)\n\tlibaphid_bridge.so => /home/runner/work/_temp/aphid-current-consumer/mix-release-proof/relocated caf\u00e9 release/lib/aphid-0.1.1-dev/priv/lib/libaphid_bridge.so (0x0000ff926a620000)\n\tlibc.so.6 => /lib/aarch64-linux-gnu/libc.so.6 (0x0000ff926a460000)\n\tlibpthread.so.0 => /lib/aarch64-linux-gnu/libpthread.so.0 (0x0000ff926a430000)\n\tliblbug.so => /home/runner/work/_temp/aphid-current-consumer/mix-release-proof/relocated caf\u00e9 release/lib/aphid-0.1.1-dev/priv/lib/liblbug.so (0x0000ff9265610000)\n\tlibstdc++.so.6 => /lib/aarch64-linux-gnu/libstdc++.so.6 (0x0000ff9265380000)\n\tlibgcc_s.so.1 => /lib/aarch64-linux-gnu/libgcc_s.so.1 (0x0000ff9265340000)\n\t/lib/ld-linux-aarch64.so.1 (0x0000ff926a890000)\n\tlibm.so.6 => /lib/aarch64-linux-gnu/libm.so.6 (0x0000ff9265290000)\n", "glibc": ["GLIBC_2.17", "GLIBC_2.25", "GLIBC_2.27", "GLIBC_2.28"]}, "lib/aphid-0.1.1-dev/priv/lib/Elixir.Aphid.Proof.so": {"sha256": "b1db41ec30e2e5cc687fc01b2e127be1aad50bf42180859ada588f073ca0f54e", "libraries": "\tlinux-vdso.so.1 (0x0000ff58ea557000)\n\tlibc.so.6 => /lib/aarch64-linux-gnu/libc.so.6 (0x0000ff58ea170000)\n\tlibpthread.so.0 => /lib/aarch64-linux-gnu/libpthread.so.0 (0x0000ff58ea140000)\n\t/lib/ld-linux-aarch64.so.1 (0x0000ff58ea510000)\n", "glibc": ["GLIBC_2.17", "GLIBC_2.25", "GLIBC_2.27", "GLIBC_2.28"]}, "lib/aphid-0.1.1-dev/priv/lib/libaphid_bridge.so": {"sha256": "dec22ccb93953aba35af38af0454880d832a8b2aa04fc68b2c316c258959636f", "libraries": "\tlinux-vdso.so.1 (0x0000ffefc990c000)\n\tliblbug.so => /home/runner/work/_temp/aphid-current-consumer/mix-release-proof/relocated caf\u00e9 release/lib/aphid-0.1.1-dev/priv/lib/liblbug.so (0x0000ffefc4a60000)\n\tlibstdc++.so.6 => /lib/aarch64-linux-gnu/libstdc++.so.6 (0x0000ffefc47d0000)\n\tlibgcc_s.so.1 => /lib/aarch64-linux-gnu/libgcc_s.so.1 (0x0000ffefc4790000)\n\tlibc.so.6 => /lib/aarch64-linux-gnu/libc.so.6 (0x0000ffefc45d0000)\n\t/lib/ld-linux-aarch64.so.1 (0x0000ffefc98d0000)\n\tlibm.so.6 => /lib/aarch64-linux-gnu/libm.so.6 (0x0000ffefc4520000)\n", "glibc": ["GLIBC_2.17", "GLIBC_2.32"]}, "lib/aphid-0.1.1-dev/priv/lib/liblbug.so": {"sha256": "7698733d41f03a97dc512e8df00fddfd92ec68e6de7477f0db20160ec114aa57", "libraries": "\tlinux-vdso.so.1 (0x0000fffbcb8fa000)\n\tlibstdc++.so.6 => /lib/aarch64-linux-gnu/libstdc++.so.6 (0x0000fffbc6800000)\n\tlibm.so.6 => /lib/aarch64-linux-gnu/libm.so.6 (0x0000fffbc6750000)\n\tlibgcc_s.so.1 => /lib/aarch64-linux-gnu/libgcc_s.so.1 (0x0000fffbc6710000)\n\tlibc.so.6 => /lib/aarch64-linux-gnu/libc.so.6 (0x0000fffbc6550000)\n\t/lib/ld-linux-aarch64.so.1 (0x0000fffbcb8b0000)\n", "glibc": ["GLIBC_2.17", "GLIBC_2.23", "GLIBC_2.25", "GLIBC_2.29", "GLIBC_2.32", "GLIBC_2.33", "GLIBC_2.34", "GLIBC_2.38"]}, "lib/crypto-5.9.2/priv/lib/crypto.so": {"sha256": "a577499088d4a86165f50583e0d4b0d5542b0adbb1d85a720103b1537d2e8fd1", "libraries": "\tlinux-vdso.so.1 (0x0000ff1b9ddcc000)\n\tlibcrypto.so.3 => /usr/lib/aarch64-linux-gnu/libcrypto.so.3 (0x0000ff1b9d8b0000)\n\tlibc.so.6 => /usr/lib/aarch64-linux-gnu/libc.so.6 (0x0000ff1b9d6f0000)\n\t/lib/ld-linux-aarch64.so.1 (0x0000ff1b9dd90000)\n", "glibc": ["GLIBC_2.17"]}, "lib/crypto-5.9.2/priv/lib/crypto_callback.so": {"sha256": "a4e67da6f8a9065b75ce7449af138fee674089fa7e460dbc6137c819c0761300", "libraries": "\tlinux-vdso.so.1 (0x0000ff2bafff6000)\n\tlibc.so.6 => /lib/aarch64-linux-gnu/libc.so.6 (0x0000ff2bafdc0000)\n\t/lib/ld-linux-aarch64.so.1 (0x0000ff2baffb0000)\n", "glibc": ["GLIBC_2.17"]}, "lib/crypto-5.9.2/priv/lib/otp_test_engine.so": {"sha256": "f3e94d48a21b091e4361f01098653f88f0f579a143a1f223db9b2a8334cf74cf", "libraries": "\tlinux-vdso.so.1 (0x0000ff7bd6bac000)\n\tlibcrypto.so.3 => /usr/lib/aarch64-linux-gnu/libcrypto.so.3 (0x0000ff7bd66b0000)\n\tlibc.so.6 => /usr/lib/aarch64-linux-gnu/libc.so.6 (0x0000ff7bd64f0000)\n\t/lib/ld-linux-aarch64.so.1 (0x0000ff7bd6b70000)\n", "glibc": ["GLIBC_2.17"]}, "validation/_build/native/tests/fixture": {"sha256": "5256775c511085dfb21736811b74038a2a993a7072c79bd9ecefa57cd7246871", "libraries": "\tlinux-vdso.so.1 (0x0000ff0082f3c000)\n\tlibstdc++.so.6 => /lib/aarch64-linux-gnu/libstdc++.so.6 (0x0000ff0080230000)\n\tlibm.so.6 => /lib/aarch64-linux-gnu/libm.so.6 (0x0000ff0080180000)\n\tlibgcc_s.so.1 => /lib/aarch64-linux-gnu/libgcc_s.so.1 (0x0000ff0080140000)\n\tlibc.so.6 => /lib/aarch64-linux-gnu/libc.so.6 (0x0000ff007ff80000)\n\t/lib/ld-linux-aarch64.so.1 (0x0000ff0082f00000)\n", "glibc": ["GLIBC_2.17", "GLIBC_2.23", "GLIBC_2.25", "GLIBC_2.29", "GLIBC_2.32", "GLIBC_2.33", "GLIBC_2.34", "GLIBC_2.38"]}}}
consumer (ubuntu-24.04-arm, aarch64-linux-gnu)	Verify current package with exact reviewed native archive	2026-09-08T15:07:59.2841751Z Linux release guards verified: no network routes, hidden build/host runtimes, compiler denied
consumer (ubuntu-24.04-arm, aarch64-linux-gnu)	Verify current package with exact reviewed native archive	2026-09-08T15:07:59.3195077Z {"command": ["sudo", "-E", "bwrap", "--die-with-parent", "--unshare-pid", "--ro-bind", "/", "/", "--dev", "/dev", "--proc", "/proc", "--bind", "/home/runner/work/_temp/aphid-current-consumer/mix-release-proof", "/home/runner/work/_temp/aphid-current-consumer/mix-release-proof", "--unshare-net", "--tmpfs", "/home/runner/work/Aphid/Aphid", "--tmpfs", "/home/runner/work/Aphid", "--tmpfs", "/home/runner/work/_temp/aphid-current-consumer/fresh", "--tmpfs", "/home/runner/work/_temp/aphid-current-consumer/mix-release-proof/build", "--tmpfs", "/home/runner/work/_temp/aphid-current-consumer/mix-release-proof/assembled", "--tmpfs", "/home/runner/work/_temp/.setup-beam/otp", "--tmpfs", "/home/runner/work/_temp/.setup-beam/elixir", "--tmpfs", "/home/runner/.mix", "--ro-bind", "/dev/null", "/usr/bin/aarch64-linux-gnu-as", "--ro-bind", "/dev/null", "/usr/bin/aarch64-linux-gnu-g++-12", "--ro-bind", "/dev/null", "/usr/bin/aarch64-linux-gnu-g++-13", "--ro-bind", "/dev/null", "/usr/bin/aarch64-linux-gnu-g++-14", "--ro-bind", "/dev/null", "/usr/bin/aarch64-linux-gnu-gcc-12", "--ro-bind", "/dev/null", "/usr/bin/aarch64-linux-gnu-gcc-13", "--ro-bind", "/dev/null", "/usr/bin/aarch64-linux-gnu-gcc-14", "--ro-bind", "/dev/null", "/usr/bin/aarch64-linux-gnu-ld.bfd", "--ro-bind", "/dev/null", "/usr/bin/c89-gcc", "--ro-bind", "/dev/null", "/usr/bin/c99-gcc", "--ro-bind", "/dev/null", "/usr/bin/make", "--ro-bind", "/dev/null", "/usr/lib/llvm-16/bin/clang", "--ro-bind", "/dev/null", "/usr/lib/llvm-16/bin/lld", "--ro-bind", "/dev/null", "/usr/lib/llvm-16/bin/llvm-as", "--ro-bind", "/dev/null", "/usr/lib/llvm-17/bin/clang", "--ro-bind", "/dev/null", "/usr/lib/llvm-17/bin/lld", "--ro-bind", "/dev/null", "/usr/lib/llvm-17/bin/llvm-as", "--ro-bind", "/dev/null", "/usr/lib/llvm-18/bin/clang", "--ro-bind", "/dev/null", "/usr/lib/llvm-18/bin/lld", "--ro-bind", "/dev/null", "/usr/lib/llvm-18/bin/llvm-as", "--ro-bind", "/dev/null", "/usr/local/bin/cmake", "--ro-bind", "/dev/null", "/usr/local/bin/ninja", "--cap-add", "CAP_SETUID", "--cap-add", "CAP_SETGID", "--cap-add", "CAP_SETPCAP", "--clearenv", "--setenv", "LANG", "C.UTF-8", "--setenv", "HOME", "/home/runner/work/_temp/aphid-current-consumer/mix-release-proof/home", "--setenv", "PATH", "/usr/bin:/bin:/usr/sbin:/sbin", "--setenv", "TMPDIR", "/home/runner/work/_temp/aphid-current-consumer/mix-release-proof/tmp", "--setenv", "ERL_FLAGS", "+S 1:1 +SDcpu 1:1", "--setenv", "RELEASE_DISTRIBUTION", "none", "--setenv", "PROOF_DATABASE", "/home/runner/work/_temp/aphid-current-consumer/mix-release-proof/persistent.db", "--setenv", "PROOF_DENIED_FILES", "/home/runner/work/Aphid/Aphid/mix.exs|/home/runner/work/_temp/aphid-current-consumer/mix-release-proof/build/mix.exs|/home/runner/work/_temp/aphid-current-consumer/fresh/consumer/mix.exs|/home/runner/work/_temp/.setup-beam/elixir/bin/elixir", "--", "/usr/bin/setpriv", "--reuid", "1001", "--regid", "1001", "--clear-groups", "--bounding-set=-all", "--no-new-privs", "--", "/home/runner/work/_temp/aphid-current-consumer/mix-release-proof/relocated caf\u00e9 release/bin/aphid_consumer", "eval", "Code.require_file(\"guards.exs\")"], "cwd": "/home/runner/work/_temp/aphid-current-consumer/mix-release-proof/relocated caf\u00e9 release/validation", "exit": 0, "seconds": 0.365}
consumer (ubuntu-24.04-arm, aarch64-linux-gnu)	Verify current package with exact reviewed native archive	2026-09-08T15:07:59.8280708Z bundled release runtime: {"1.20.0", ~c"17.0.4",
consumer (ubuntu-24.04-arm, aarch64-linux-gnu)	Verify current package with exact reviewed native archive	2026-09-08T15:07:59.8281622Z  "/home/runner/work/_temp/aphid-current-consumer/mix-release-proof/relocated café release"}
consumer (ubuntu-24.04-arm, aarch64-linux-gnu)	Verify current package with exact reviewed native archive	2026-09-08T15:08:01.5498304Z Running ExUnit with seed: 0, max_cases: 2
consumer (ubuntu-24.04-arm, aarch64-linux-gnu)	Verify current package with exact reviewed native archive	2026-09-08T15:08:01.5498624Z 
consumer (ubuntu-24.04-arm, aarch64-linux-gnu)	Verify current package with exact reviewed native archive	2026-09-08T15:08:08.0022225Z ...................Aphid basic example passed
consumer (ubuntu-24.04-arm, aarch64-linux-gnu)	Verify current package with exact reviewed native archive	2026-09-08T15:08:08.0402055Z .Aphid transaction example passed
consumer (ubuntu-24.04-arm, aarch64-linux-gnu)	Verify current package with exact reviewed native archive	2026-09-08T15:08:08.0662535Z .Aphid stream example passed
consumer (ubuntu-24.04-arm, aarch64-linux-gnu)	Verify current package with exact reviewed native archive	2026-09-08T15:08:08.1402234Z .Aphid FTS example passed
consumer (ubuntu-24.04-arm, aarch64-linux-gnu)	Verify current package with exact reviewed native archive	2026-09-08T15:08:08.1782119Z .Aphid vector example passed
consumer (ubuntu-24.04-arm, aarch64-linux-gnu)	Verify current package with exact reviewed native archive	2026-09-08T15:08:08.2676467Z .Aphid DuckDB example passed
consumer (ubuntu-24.04-arm, aarch64-linux-gnu)	Verify current package with exact reviewed native archive	2026-09-08T15:08:14.7219302Z .............stale-cancel race: 30 iterations; maximum cancel-to-idle 204004 us
consumer (ubuntu-24.04-arm, aarch64-linux-gnu)	Verify current package with exact reviewed native archive	2026-09-08T15:08:19.2581830Z ........heartbeat: 11 samples; maximum gap 6 ms
consumer (ubuntu-24.04-arm, aarch64-linux-gnu)	Verify current package with exact reviewed native archive	2026-09-08T15:08:19.3495194Z .
consumer (ubuntu-24.04-arm, aarch64-linux-gnu)	Verify current package with exact reviewed native archive	2026-09-08T15:08:19.3497084Z 15:08:19.347 [error] Aphid artifact [unloadable]: /home/runner/work/_temp/aphid-current-consumer/mix-release-proof/relocated café release/lib/aphid-0.1.1-dev/priv/lib/Elixir.Aphid.Native: {:upgrade, ~c"Library upgrade-call unsuccessful (-1)."}; use the matching complete bundle and runtime. No source fallback.
consumer (ubuntu-24.04-arm, aarch64-linux-gnu)	Verify current package with exact reviewed native archive	2026-09-08T15:08:19.3522130Z 
consumer (ubuntu-24.04-arm, aarch64-linux-gnu)	Verify current package with exact reviewed native archive	2026-09-08T15:08:19.3522672Z 15:08:19.350 [warning] The on_load function for module Elixir.Aphid.Native returned:
consumer (ubuntu-24.04-arm, aarch64-linux-gnu)	Verify current package with exact reviewed native archive	2026-09-08T15:08:19.3523345Z {:error, {:upgrade, ~c"Library upgrade-call unsuccessful (-1)."}}
consumer (ubuntu-24.04-arm, aarch64-linux-gnu)	Verify current package with exact reviewed native archive	2026-09-08T15:08:19.3523724Z 
consumer (ubuntu-24.04-arm, aarch64-linux-gnu)	Verify current package with exact reviewed native archive	2026-09-08T15:08:21.9532510Z .....................................................
consumer (ubuntu-24.04-arm, aarch64-linux-gnu)	Verify current package with exact reviewed native archive	2026-09-08T15:08:21.9550673Z Finished in 20.4 seconds (0.00s async, 20.4s sync)
consumer (ubuntu-24.04-arm, aarch64-linux-gnu)	Verify current package with exact reviewed native archive	2026-09-08T15:08:21.9550974Z 
consumer (ubuntu-24.04-arm, aarch64-linux-gnu)	Verify current package with exact reviewed native archive	2026-09-08T15:08:21.9551085Z Result: 99 passed
consumer (ubuntu-24.04-arm, aarch64-linux-gnu)	Verify current package with exact reviewed native archive	2026-09-08T15:08:21.9551520Z relocated Mix release: all 99 tests passed
consumer (ubuntu-24.04-arm, aarch64-linux-gnu)	Verify current package with exact reviewed native archive	2026-09-08T15:08:21.9775236Z {"command": ["sudo", "-E", "bwrap", "--die-with-parent", "--unshare-pid", "--ro-bind", "/", "/", "--dev", "/dev", "--proc", "/proc", "--bind", "/home/runner/work/_temp/aphid-current-consumer/mix-release-proof", "/home/runner/work/_temp/aphid-current-consumer/mix-release-proof", "--unshare-net", "--tmpfs", "/home/runner/work/Aphid/Aphid", "--tmpfs", "/home/runner/work/Aphid", "--tmpfs", "/home/runner/work/_temp/aphid-current-consumer/fresh", "--tmpfs", "/home/runner/work/_temp/aphid-current-consumer/mix-release-proof/build", "--tmpfs", "/home/runner/work/_temp/aphid-current-consumer/mix-release-proof/assembled", "--tmpfs", "/home/runner/work/_temp/.setup-beam/otp", "--tmpfs", "/home/runner/work/_temp/.setup-beam/elixir", "--tmpfs", "/home/runner/.mix", "--ro-bind", "/dev/null", "/usr/bin/aarch64-linux-gnu-as", "--ro-bind", "/dev/null", "/usr/bin/aarch64-linux-gnu-g++-12", "--ro-bind", "/dev/null", "/usr/bin/aarch64-linux-gnu-g++-13", "--ro-bind", "/dev/null", "/usr/bin/aarch64-linux-gnu-g++-14", "--ro-bind", "/dev/null", "/usr/bin/aarch64-linux-gnu-gcc-12", "--ro-bind", "/dev/null", "/usr/bin/aarch64-linux-gnu-gcc-13", "--ro-bind", "/dev/null", "/usr/bin/aarch64-linux-gnu-gcc-14", "--ro-bind", "/dev/null", "/usr/bin/aarch64-linux-gnu-ld.bfd", "--ro-bind", "/dev/null", "/usr/bin/c89-gcc", "--ro-bind", "/dev/null", "/usr/bin/c99-gcc", "--ro-bind", "/dev/null", "/usr/bin/make", "--ro-bind", "/dev/null", "/usr/lib/llvm-16/bin/clang", "--ro-bind", "/dev/null", "/usr/lib/llvm-16/bin/lld", "--ro-bind", "/dev/null", "/usr/lib/llvm-16/bin/llvm-as", "--ro-bind", "/dev/null", "/usr/lib/llvm-17/bin/clang", "--ro-bind", "/dev/null", "/usr/lib/llvm-17/bin/lld", "--ro-bind", "/dev/null", "/usr/lib/llvm-17/bin/llvm-as", "--ro-bind", "/dev/null", "/usr/lib/llvm-18/bin/clang", "--ro-bind", "/dev/null", "/usr/lib/llvm-18/bin/lld", "--ro-bind", "/dev/null", "/usr/lib/llvm-18/bin/llvm-as", "--ro-bind", "/dev/null", "/usr/local/bin/cmake", "--ro-bind", "/dev/null", "/usr/local/bin/ninja", "--cap-add", "CAP_SETUID", "--cap-add", "CAP_SETGID", "--cap-add", "CAP_SETPCAP", "--clearenv", "--setenv", "LANG", "C.UTF-8", "--setenv", "HOME", "/home/runner/work/_temp/aphid-current-consumer/mix-release-proof/home", "--setenv", "PATH", "/usr/bin:/bin:/usr/sbin:/sbin", "--setenv", "TMPDIR", "/home/runner/work/_temp/aphid-current-consumer/mix-release-proof/tmp", "--setenv", "ERL_FLAGS", "+S 1:1 +SDcpu 1:1", "--setenv", "RELEASE_DISTRIBUTION", "none", "--setenv", "PROOF_DATABASE", "/home/runner/work/_temp/aphid-current-consumer/mix-release-proof/persistent.db", "--setenv", "PROOF_DENIED_FILES", "/home/runner/work/Aphid/Aphid/mix.exs|/home/runner/work/_temp/aphid-current-consumer/mix-release-proof/build/mix.exs|/home/runner/work/_temp/aphid-current-consumer/fresh/consumer/mix.exs|/home/runner/work/_temp/.setup-beam/elixir/bin/elixir", "--", "/usr/bin/setpriv", "--reuid", "1001", "--regid", "1001", "--clear-groups", "--bounding-set=-all", "--no-new-privs", "--", "/home/runner/work/_temp/aphid-current-consumer/mix-release-proof/relocated caf\u00e9 release/bin/aphid_consumer", "eval", "Code.require_file(\"suite.exs\")"], "cwd": "/home/runner/work/_temp/aphid-current-consumer/mix-release-proof/relocated caf\u00e9 release/validation", "exit": 0, "seconds": 22.658}
consumer (ubuntu-24.04-arm, aarch64-linux-gnu)	Verify current package with exact reviewed native archive	2026-09-08T15:08:22.7159540Z 
consumer (ubuntu-24.04-arm, aarch64-linux-gnu)	Verify current package with exact reviewed native archive	2026-09-08T15:08:22.7159915Z 15:08:22.715 [notice] Application aphid exited: :stopped
consumer (ubuntu-24.04-arm, aarch64-linux-gnu)	Verify current package with exact reviewed native archive	2026-09-08T15:08:22.7160913Z embedded activation passed; application restart did not reload NIFs
consumer (ubuntu-24.04-arm, aarch64-linux-gnu)	Verify current package with exact reviewed native archive	2026-09-08T15:08:22.7420880Z release start booted applications, loaded both NIFs, persisted data and closed database
consumer (ubuntu-24.04-arm, aarch64-linux-gnu)	Verify current package with exact reviewed native archive	2026-09-08T15:08:22.8146045Z {"command": ["sudo", "-E", "bwrap", "--die-with-parent", "--unshare-pid", "--ro-bind", "/", "/", "--dev", "/dev", "--proc", "/proc", "--bind", "/home/runner/work/_temp/aphid-current-consumer/mix-release-proof", "/home/runner/work/_temp/aphid-current-consumer/mix-release-proof", "--unshare-net", "--tmpfs", "/home/runner/work/Aphid/Aphid", "--tmpfs", "/home/runner/work/Aphid", "--tmpfs", "/home/runner/work/_temp/aphid-current-consumer/fresh", "--tmpfs", "/home/runner/work/_temp/aphid-current-consumer/mix-release-proof/build", "--tmpfs", "/home/runner/work/_temp/aphid-current-consumer/mix-release-proof/assembled", "--tmpfs", "/home/runner/work/_temp/.setup-beam/otp", "--tmpfs", "/home/runner/work/_temp/.setup-beam/elixir", "--tmpfs", "/home/runner/.mix", "--ro-bind", "/dev/null", "/usr/bin/aarch64-linux-gnu-as", "--ro-bind", "/dev/null", "/usr/bin/aarch64-linux-gnu-g++-12", "--ro-bind", "/dev/null", "/usr/bin/aarch64-linux-gnu-g++-13", "--ro-bind", "/dev/null", "/usr/bin/aarch64-linux-gnu-g++-14", "--ro-bind", "/dev/null", "/usr/bin/aarch64-linux-gnu-gcc-12", "--ro-bind", "/dev/null", "/usr/bin/aarch64-linux-gnu-gcc-13", "--ro-bind", "/dev/null", "/usr/bin/aarch64-linux-gnu-gcc-14", "--ro-bind", "/dev/null", "/usr/bin/aarch64-linux-gnu-ld.bfd", "--ro-bind", "/dev/null", "/usr/bin/c89-gcc", "--ro-bind", "/dev/null", "/usr/bin/c99-gcc", "--ro-bind", "/dev/null", "/usr/bin/make", "--ro-bind", "/dev/null", "/usr/lib/llvm-16/bin/clang", "--ro-bind", "/dev/null", "/usr/lib/llvm-16/bin/lld", "--ro-bind", "/dev/null", "/usr/lib/llvm-16/bin/llvm-as", "--ro-bind", "/dev/null", "/usr/lib/llvm-17/bin/clang", "--ro-bind", "/dev/null", "/usr/lib/llvm-17/bin/lld", "--ro-bind", "/dev/null", "/usr/lib/llvm-17/bin/llvm-as", "--ro-bind", "/dev/null", "/usr/lib/llvm-18/bin/clang", "--ro-bind", "/dev/null", "/usr/lib/llvm-18/bin/lld", "--ro-bind", "/dev/null", "/usr/lib/llvm-18/bin/llvm-as", "--ro-bind", "/dev/null", "/usr/local/bin/cmake", "--ro-bind", "/dev/null", "/usr/local/bin/ninja", "--cap-add", "CAP_SETUID", "--cap-add", "CAP_SETGID", "--cap-add", "CAP_SETPCAP", "--clearenv", "--setenv", "LANG", "C.UTF-8", "--setenv", "HOME", "/home/runner/work/_temp/aphid-current-consumer/mix-release-proof/home", "--setenv", "PATH", "/usr/bin:/bin:/usr/sbin:/sbin", "--setenv", "TMPDIR", "/home/runner/work/_temp/aphid-current-consumer/mix-release-proof/tmp", "--setenv", "ERL_FLAGS", "+S 1:1 +SDcpu 1:1", "--setenv", "RELEASE_DISTRIBUTION", "none", "--setenv", "PROOF_DATABASE", "/home/runner/work/_temp/aphid-current-consumer/mix-release-proof/persistent.db", "--setenv", "PROOF_DENIED_FILES", "/home/runner/work/Aphid/Aphid/mix.exs|/home/runner/work/_temp/aphid-current-consumer/mix-release-proof/build/mix.exs|/home/runner/work/_temp/aphid-current-consumer/fresh/consumer/mix.exs|/home/runner/work/_temp/.setup-beam/elixir/bin/elixir", "--setenv", "RELEASE_VM_ARGS", "/home/runner/work/_temp/aphid-current-consumer/mix-release-proof/start.vm.args", "--setenv", "PROOF_START_SCRIPT", "/home/runner/work/_temp/aphid-current-consumer/mix-release-proof/relocated caf\u00e9 release/validation/start.exs", "--", "/usr/bin/setpriv", "--reuid", "1001", "--regid", "1001", "--clear-groups", "--bounding-set=-all", "--no-new-privs", "--", "/home/runner/work/_temp/aphid-current-consumer/mix-release-proof/relocated caf\u00e9 release/bin/aphid_consumer", "start"], "cwd": "/home/runner/work/_temp/aphid-current-consumer/mix-release-proof/relocated caf\u00e9 release/validation", "exit": 0, "seconds": 0.815}
consumer (ubuntu-24.04-arm, aarch64-linux-gnu)	Verify current package with exact reviewed native archive	2026-09-08T15:08:23.3243844Z new release VM reopened persisted database after graceful shutdown
consumer (ubuntu-24.04-arm, aarch64-linux-gnu)	Verify current package with exact reviewed native archive	2026-09-08T15:08:23.3795079Z {"command": ["sudo", "-E", "bwrap", "--die-with-parent", "--unshare-pid", "--ro-bind", "/", "/", "--dev", "/dev", "--proc", "/proc", "--bind", "/home/runner/work/_temp/aphid-current-consumer/mix-release-proof", "/home/runner/work/_temp/aphid-current-consumer/mix-release-proof", "--unshare-net", "--tmpfs", "/home/runner/work/Aphid/Aphid", "--tmpfs", "/home/runner/work/Aphid", "--tmpfs", "/home/runner/work/_temp/aphid-current-consumer/fresh", "--tmpfs", "/home/runner/work/_temp/aphid-current-consumer/mix-release-proof/build", "--tmpfs", "/home/runner/work/_temp/aphid-current-consumer/mix-release-proof/assembled", "--tmpfs", "/home/runner/work/_temp/.setup-beam/otp", "--tmpfs", "/home/runner/work/_temp/.setup-beam/elixir", "--tmpfs", "/home/runner/.mix", "--ro-bind", "/dev/null", "/usr/bin/aarch64-linux-gnu-as", "--ro-bind", "/dev/null", "/usr/bin/aarch64-linux-gnu-g++-12", "--ro-bind", "/dev/null", "/usr/bin/aarch64-linux-gnu-g++-13", "--ro-bind", "/dev/null", "/usr/bin/aarch64-linux-gnu-g++-14", "--ro-bind", "/dev/null", "/usr/bin/aarch64-linux-gnu-gcc-12", "--ro-bind", "/dev/null", "/usr/bin/aarch64-linux-gnu-gcc-13", "--ro-bind", "/dev/null", "/usr/bin/aarch64-linux-gnu-gcc-14", "--ro-bind", "/dev/null", "/usr/bin/aarch64-linux-gnu-ld.bfd", "--ro-bind", "/dev/null", "/usr/bin/c89-gcc", "--ro-bind", "/dev/null", "/usr/bin/c99-gcc", "--ro-bind", "/dev/null", "/usr/bin/make", "--ro-bind", "/dev/null", "/usr/lib/llvm-16/bin/clang", "--ro-bind", "/dev/null", "/usr/lib/llvm-16/bin/lld", "--ro-bind", "/dev/null", "/usr/lib/llvm-16/bin/llvm-as", "--ro-bind", "/dev/null", "/usr/lib/llvm-17/bin/clang", "--ro-bind", "/dev/null", "/usr/lib/llvm-17/bin/lld", "--ro-bind", "/dev/null", "/usr/lib/llvm-17/bin/llvm-as", "--ro-bind", "/dev/null", "/usr/lib/llvm-18/bin/clang", "--ro-bind", "/dev/null", "/usr/lib/llvm-18/bin/lld", "--ro-bind", "/dev/null", "/usr/lib/llvm-18/bin/llvm-as", "--ro-bind", "/dev/null", "/usr/local/bin/cmake", "--ro-bind", "/dev/null", "/usr/local/bin/ninja", "--cap-add", "CAP_SETUID", "--cap-add", "CAP_SETGID", "--cap-add", "CAP_SETPCAP", "--clearenv", "--setenv", "LANG", "C.UTF-8", "--setenv", "HOME", "/home/runner/work/_temp/aphid-current-consumer/mix-release-proof/home", "--setenv", "PATH", "/usr/bin:/bin:/usr/sbin:/sbin", "--setenv", "TMPDIR", "/home/runner/work/_temp/aphid-current-consumer/mix-release-proof/tmp", "--setenv", "ERL_FLAGS", "+S 1:1 +SDcpu 1:1", "--setenv", "RELEASE_DISTRIBUTION", "none", "--setenv", "PROOF_DATABASE", "/home/runner/work/_temp/aphid-current-consumer/mix-release-proof/persistent.db", "--setenv", "PROOF_DENIED_FILES", "/home/runner/work/Aphid/Aphid/mix.exs|/home/runner/work/_temp/aphid-current-consumer/mix-release-proof/build/mix.exs|/home/runner/work/_temp/aphid-current-consumer/fresh/consumer/mix.exs|/home/runner/work/_temp/.setup-beam/elixir/bin/elixir", "--", "/usr/bin/setpriv", "--reuid", "1001", "--regid", "1001", "--clear-groups", "--bounding-set=-all", "--no-new-privs", "--", "/home/runner/work/_temp/aphid-current-consumer/mix-release-proof/relocated caf\u00e9 release/bin/aphid_consumer", "eval", "Code.require_file(\"reopen.exs\")"], "cwd": "/home/runner/work/_temp/aphid-current-consumer/mix-release-proof/relocated caf\u00e9 release/validation", "exit": 0, "seconds": 0.565}
consumer (ubuntu-24.04-arm, aarch64-linux-gnu)	Verify current package with exact reviewed native archive	2026-09-08T15:08:23.5809192Z retained ExUnit scratch databases (not archive contents): ['validation/tmp/Aphid.CombinedHardeningTest/test-caller_death-rolls-back-indexed-mutation-with-three-retained-feature-cursors-3cdae5f7/fixture.duckdb', 'validation/tmp/Aphid.CombinedHardeningTest/test-caller_death-rolls-back-indexed-mutation-with-three-retained-feature-cursors-3cdae5f7/graph', 'validation/tmp/Aphid.CombinedHardeningTest/test-shutdown-rolls-back-indexed-mutation-with-three-retained-feature-cursors-19761466/fixture.duckdb', 'validation/tmp/Aphid.CombinedHardeningTest/test-shutdown-rolls-back-indexed-mutation-with-three-retained-feature-cursors-19761466/graph', 'validation/tmp/Aphid.CombinedHardeningTest/test-timeout-rolls-back-indexed-mutation-with-three-retained-feature-cursors-9fee5f53/fixture.duckdb', 'validation/tmp/Aphid.CombinedHardeningTest/test-timeout-rolls-back-indexed-mutation-with-three-retained-feature-cursors-9fee5f53/graph', 'validation/tmp/Aphid.TransactionTest/test-supervisor-death-stops-even-an-exit-trapping-callback-before-persistent-reopen-cc171fa5/graph', 'validation/tmp/AphidTest/test-supervisor-restart-preserves-data-and-waits-for-the-retiring-native-owner-1f95b412/graph']
consumer (ubuntu-24.04-arm, aarch64-linux-gnu)	Verify current package with exact reviewed native archive	2026-09-08T15:08:23.6953052Z relocated Mix release passed: closure unchanged, compiler-free, offline start/shutdown/reopen, 99 tests; no release support claim
consumer (ubuntu-24.04-arm, aarch64-linux-gnu)	Verify current package with exact reviewed native archive	2026-09-08T15:08:23.7197730Z {"command": ["/opt/hostedtoolcache/Python/3.14.7/arm64/bin/python3", "scripts/mix_release.py", "--consumer", "/home/runner/work/_temp/aphid-current-consumer/fresh", "--destination", "/home/runner/work/_temp/aphid-current-consumer/mix-release-proof", "--output", "/home/runner/work/_temp/aphid-current-consumer/mix-release-validation.tar.gz"], "cwd": "/home/runner/work/Aphid/Aphid", "exit": 0, "seconds": 41.65}
consumer (ubuntu-24.04-arm, aarch64-linux-gnu)	Verify current package with exact reviewed native archive	2026-09-08T15:08:25.1059763Z missing embedded startup rejected 1
consumer (ubuntu-24.04-arm, aarch64-linux-gnu)	Verify current package with exact reviewed native archive	2026-09-08T15:08:25.1352619Z {"command": ["/opt/hostedtoolcache/Python/3.14.7/arm64/bin/python3", "/home/runner/work/_temp/aphid-current-consumer/embedded-failures/check.py", "/home/runner/work/_temp/aphid-current-consumer/embedded-failures/missing.log", "missing", "/home/runner/work/_temp/aphid-current-consumer/mix-release-proof/relocated caf\u00e9 release/bin/aphid_consumer", "start"], "cwd": "/home/runner/work/_temp/aphid-current-consumer/embedded-failures", "exit": 0, "seconds": 1.268}
consumer (ubuntu-24.04-arm, aarch64-linux-gnu)	Verify current package with exact reviewed native archive	2026-09-08T15:08:26.5886747Z corrupt embedded startup rejected 1
consumer (ubuntu-24.04-arm, aarch64-linux-gnu)	Verify current package with exact reviewed native archive	2026-09-08T15:08:26.6370825Z {"command": ["/opt/hostedtoolcache/Python/3.14.7/arm64/bin/python3", "/home/runner/work/_temp/aphid-current-consumer/embedded-failures/check.py", "/home/runner/work/_temp/aphid-current-consumer/embedded-failures/corrupt.log", "corrupt", "/home/runner/work/_temp/aphid-current-consumer/mix-release-proof/relocated caf\u00e9 release/bin/aphid_consumer", "start"], "cwd": "/home/runner/work/_temp/aphid-current-consumer/embedded-failures", "exit": 0, "seconds": 1.367}
consumer (ubuntu-24.04-arm, aarch64-linux-gnu)	Verify current package with exact reviewed native archive	2026-09-08T15:08:28.3250994Z unloadable embedded startup rejected 1
consumer (ubuntu-24.04-arm, aarch64-linux-gnu)	Verify current package with exact reviewed native archive	2026-09-08T15:08:28.3540760Z {"command": ["/opt/hostedtoolcache/Python/3.14.7/arm64/bin/python3", "/home/runner/work/_temp/aphid-current-consumer/embedded-failures/check.py", "/home/runner/work/_temp/aphid-current-consumer/embedded-failures/unloadable.log", "unloadable", "sudo", "-E", "unshare", "--mount", "--fork", "--propagation", "private", "sh", "-c", "mount --bind \"$1\" \"$1\" && mount -o remount,bind,noexec \"$1\" && shift && exec \"$@\"", "noexec-proof", "/home/runner/work/_temp/aphid-current-consumer/mix-release-proof/relocated caf\u00e9 release/lib/aphid-0.1.1-dev/priv/lib", "/usr/bin/setpriv", "--reuid", "1001", "--regid", "1001", "--clear-groups", "--no-new-privs", "--", "/usr/bin/env", "PATH=/home/runner/work/_temp/.setup-beam/elixir/bin:/home/runner/.mix/escripts:/home/runner/work/_temp/.setup-beam/otp/bin:/opt/hostedtoolcache/Python/3.14.7/arm64/bin:/opt/hostedtoolcache/Python/3.14.7/arm64:/snap/bin:/home/runner/.local/bin:/opt/pipx_bin:/home/runner/.cargo/bin:/home/runner/.config/composer/vendor/bin:/home/runner/.dotnet/tools:/usr/local/sbin:/usr/local/bin:/usr/sbin:/usr/bin:/sbin:/bin:/usr/games:/usr/local/games:/snap/bin", "/home/runner/work/_temp/aphid-current-consumer/mix-release-proof/relocated caf\u00e9 release/bin/aphid_consumer", "start"], "cwd": "/home/runner/work/_temp/aphid-current-consumer/embedded-failures", "exit": 0, "seconds": 1.366}
consumer (ubuntu-24.04-arm, aarch64-linux-gnu)	Verify current package with exact reviewed native archive	2026-09-08T15:08:28.8443356Z embedded missing/corrupt/unloadable startup failures passed; native closure restored unchanged
consumer (ubuntu-24.04-arm, aarch64-linux-gnu)	Verify current package with exact reviewed native archive	2026-09-08T15:08:28.8967100Z {"command": ["/opt/hostedtoolcache/Python/3.14.7/arm64/bin/python3", "scripts/embedded_failures.py", "--release-work", "/home/runner/work/_temp/aphid-current-consumer/mix-release-proof", "--destination", "/home/runner/work/_temp/aphid-current-consumer/embedded-failures"], "cwd": "/home/runner/work/Aphid/Aphid", "exit": 0, "seconds": 5.177}
consumer (ubuntu-24.04-arm, aarch64-linux-gnu)	Verify current package with exact reviewed native archive	2026-09-08T15:08:28.8968780Z Current combined source package passed with the unchanged qualified Linux bundle; no native build or artifact upload.
consumer (ubuntu-24.04-arm, aarch64-linux-gnu)	Post Run actions/setup-python@ece7cb06caefa5fff74198d8649806c4678c61a1	﻿2026-09-08T15:08:28.9209221Z Post job cleanup.
consumer (ubuntu-24.04-arm, aarch64-linux-gnu)	Post Run actions/checkout@d23441a48e516b6c34aea4fa41551a30e30af803	﻿2026-09-08T15:08:29.0379419Z Post job cleanup.
consumer (ubuntu-24.04-arm, aarch64-linux-gnu)	Post Run actions/checkout@d23441a48e516b6c34aea4fa41551a30e30af803	2026-09-08T15:08:29.1111696Z [command]/usr/bin/git version
consumer (ubuntu-24.04-arm, aarch64-linux-gnu)	Post Run actions/checkout@d23441a48e516b6c34aea4fa41551a30e30af803	2026-09-08T15:08:29.1148771Z git version 2.55.0
consumer (ubuntu-24.04-arm, aarch64-linux-gnu)	Post Run actions/checkout@d23441a48e516b6c34aea4fa41551a30e30af803	2026-09-08T15:08:29.1184722Z Temporarily overriding HOME='/home/runner/work/_temp/16ffae29-2c8c-4f83-a278-7ca7c8471cc4' before making global git config changes
consumer (ubuntu-24.04-arm, aarch64-linux-gnu)	Post Run actions/checkout@d23441a48e516b6c34aea4fa41551a30e30af803	2026-09-08T15:08:29.1185611Z Adding repository directory to the temporary git global config as a safe directory
consumer (ubuntu-24.04-arm, aarch64-linux-gnu)	Post Run actions/checkout@d23441a48e516b6c34aea4fa41551a30e30af803	2026-09-08T15:08:29.1189751Z [command]/usr/bin/git config --global --add safe.directory /home/runner/work/Aphid/Aphid
consumer (ubuntu-24.04-arm, aarch64-linux-gnu)	Post Run actions/checkout@d23441a48e516b6c34aea4fa41551a30e30af803	2026-09-08T15:08:29.1217183Z Removing SSH command configuration
consumer (ubuntu-24.04-arm, aarch64-linux-gnu)	Post Run actions/checkout@d23441a48e516b6c34aea4fa41551a30e30af803	2026-09-08T15:08:29.1223635Z [command]/usr/bin/git config --local --name-only --get-regexp core\.sshCommand
consumer (ubuntu-24.04-arm, aarch64-linux-gnu)	Post Run actions/checkout@d23441a48e516b6c34aea4fa41551a30e30af803	2026-09-08T15:08:29.1253958Z [command]/usr/bin/git submodule foreach --recursive sh -c "git config --local --name-only --get-regexp 'core\.sshCommand' && git config --local --unset-all 'core.sshCommand' || :"
consumer (ubuntu-24.04-arm, aarch64-linux-gnu)	Post Run actions/checkout@d23441a48e516b6c34aea4fa41551a30e30af803	2026-09-08T15:08:29.1442321Z Removing HTTP extra header
consumer (ubuntu-24.04-arm, aarch64-linux-gnu)	Post Run actions/checkout@d23441a48e516b6c34aea4fa41551a30e30af803	2026-09-08T15:08:29.1448165Z [command]/usr/bin/git config --local --name-only --get-regexp http\.https\:\/\/github\.com\/\.extraheader
consumer (ubuntu-24.04-arm, aarch64-linux-gnu)	Post Run actions/checkout@d23441a48e516b6c34aea4fa41551a30e30af803	2026-09-08T15:08:29.1490700Z [command]/usr/bin/git submodule foreach --recursive sh -c "git config --local --name-only --get-regexp 'http\.https\:\/\/github\.com\/\.extraheader' && git config --local --unset-all 'http.https://github.com/.extraheader' || :"
consumer (ubuntu-24.04-arm, aarch64-linux-gnu)	Post Run actions/checkout@d23441a48e516b6c34aea4fa41551a30e30af803	2026-09-08T15:08:29.1670845Z Removing includeIf entries pointing to credentials config files
consumer (ubuntu-24.04-arm, aarch64-linux-gnu)	Post Run actions/checkout@d23441a48e516b6c34aea4fa41551a30e30af803	2026-09-08T15:08:29.1677298Z [command]/usr/bin/git config --local --name-only --get-regexp ^includeIf\.gitdir:
consumer (ubuntu-24.04-arm, aarch64-linux-gnu)	Post Run actions/checkout@d23441a48e516b6c34aea4fa41551a30e30af803	2026-09-08T15:08:29.1707668Z [command]/usr/bin/git submodule foreach --recursive git config --local --show-origin --name-only --get-regexp remote.origin.url
consumer (ubuntu-24.04-arm, aarch64-linux-gnu)	Complete job	﻿2026-09-08T15:08:29.3444923Z Cleaning up orphan processes
