CMake Warning at CMakeLists.txt:200 (message):
  Not disabling vptr sanitizer on M1 Macbook - set DISABLE_VPTR_SANITIZER
  manually if you run into issues with false positives in the sanitizer


-- git hash 6ddac802ff, version v1.4.4, extension folder v1.4.4
-- Extensions will be deployed to: /Users/catethos/workspace/ladybugex/zig_library/_build/native/duckdb/repository
-- Load extension 'core_functions' from '/Users/catethos/workspace/ladybugex/zig_library/native/upstream/duckdb/extensions' @ v1.4.4
-- Load extension 'parquet' from '/Users/catethos/workspace/ladybugex/zig_library/native/upstream/duckdb/extensions' @ v1.4.4
-- Extensions linked into DuckDB: [core_functions, parquet]
-- Configuring done (1.1s)
-- Generating done (0.3s)
-- Build files have been written to: /Users/catethos/workspace/ladybugex/zig_library/_build/native/duckdb
{"command": ["cmake", "-S", "native/upstream/duckdb", "-B", "/Users/catethos/workspace/ladybugex/zig_library/_build/native/duckdb", "-G", "Ninja", "-DCMAKE_BUILD_TYPE=Release", "-DCMAKE_OSX_DEPLOYMENT_TARGET=13.3", "-DCMAKE_POSITION_INDEPENDENT_CODE=ON", "-DBUILD_UNITTESTS=OFF", "-DBUILD_SHELL=OFF", "-DENABLE_EXTENSION_AUTOLOADING=OFF", "-DENABLE_EXTENSION_AUTOINSTALL=OFF", "-DOVERRIDE_GIT_DESCRIBE=v1.4.4-0-g6ddac802ff"], "cwd": "/Users/catethos/workspace/ladybugex/zig_library", "exit": 0, "seconds": 1.453}
-- Multi-threaded mode is enabled: CMAKE_BUILD_PARALLEL_LEVEL=
-- 64-bit architecture detected
-- LBUG_PAGE_SIZE_LOG2: 12
-- LBUG_VECTOR_CAPACITY_LOG2: 11
-- LBUG_NODE_GROUP_SIZE_LOG2: 17
-- LBUG_MAX_SEGMENT_SIZE_LOG2: 18
-- ✓ F_FULLFSYNC will be used on this platform
-- ✗ fdatasync not available, using fsync fallback
-- Build type is 'Release'
-- Compiler is not EMSCRIPTEN
-- Static link extensions: fts, vector, duckdb
CMake Warning at extension/duckdb/CMakeLists.txt:45 (message):
  duckdb static libs are used but the duckdb_generated_extension_loader
  target was not exported by the DuckDB package - the build may fail to link


-- Query processor SIMD: NEON filter kernels enabled
-- Configuring done (0.4s)
-- Generating done (0.6s)
-- Build files have been written to: /Users/catethos/workspace/ladybugex/zig_library/_build/native/ladybug
{"command": ["cmake", "-S", "native/upstream/ladybug", "-B", "/Users/catethos/workspace/ladybugex/zig_library/_build/native/ladybug", "-G", "Ninja", "-DCMAKE_BUILD_TYPE=Release", "-DCMAKE_OSX_DEPLOYMENT_TARGET=13.3", "-DCMAKE_POSITION_INDEPENDENT_CODE=ON", "-DBUILD_SHELL=ON", "-DBUILD_TESTS=OFF", "-DBUILD_SINGLE_FILE_HEADER=OFF", "-DEXTENSION_STATIC_LINK_LIST=fts;vector;duckdb", "-DBUILD_SHARED_LBUG=ON", "-DBUILD_STATIC_LBUG=ON", "-DDuckDB_DIR=/Users/catethos/workspace/ladybugex/zig_library/_build/native/duckdb", "-DOPENSSL_ROOT_DIR=/Users/catethos/workspace/ladybugex/zig_library/_build/native/install", "-DOPENSSL_USE_STATIC_LIBS=ON", "-DOPENSSL_SSL_LIBRARY=/Users/catethos/workspace/ladybugex/zig_library/_build/native/install/lib/libssl.a", "-DOPENSSL_CRYPTO_LIBRARY=/Users/catethos/workspace/ladybugex/zig_library/_build/native/install/lib/libcrypto.a", "-DOPENSSL_INCLUDE_DIR=/Users/catethos/workspace/ladybugex/zig_library/_build/native/install/include"], "cwd": "/Users/catethos/workspace/ladybugex/zig_library", "exit": 0, "seconds": 1.023}
[1/348] Building CXX object third_party/libpg_query/CMakeFiles/duckdb_pg_query.dir/postgres_parser.cpp.o
[2/348] Building CXX object third_party/libpg_query/CMakeFiles/duckdb_pg_query.dir/pg_functions.cpp.o
[3/348] Building CXX object third_party/libpg_query/CMakeFiles/duckdb_pg_query.dir/src_backend_parser_parser.cpp.o
[4/348] Building CXX object third_party/libpg_query/CMakeFiles/duckdb_pg_query.dir/src_backend_parser_gram.cpp.o
[5/348] Building CXX object third_party/libpg_query/CMakeFiles/duckdb_pg_query.dir/src_backend_nodes_list.cpp.o
[6/348] Building CXX object third_party/libpg_query/CMakeFiles/duckdb_pg_query.dir/src_backend_parser_scansup.cpp.o
[7/348] Building CXX object third_party/libpg_query/CMakeFiles/duckdb_pg_query.dir/src_backend_nodes_makefuncs.cpp.o
[8/348] Building CXX object third_party/libpg_query/CMakeFiles/duckdb_pg_query.dir/src_backend_nodes_value.cpp.o
[9/348] Building CXX object third_party/libpg_query/CMakeFiles/duckdb_pg_query.dir/src_backend_parser_scan.cpp.o
[10/348] Building CXX object third_party/fmt/CMakeFiles/duckdb_fmt.dir/format.cc.o
[11/348] Building CXX object third_party/libpg_query/CMakeFiles/duckdb_pg_query.dir/src_common_keywords.cpp.o
[12/348] Building CXX object third_party/re2/CMakeFiles/duckdb_re2.dir/re2/bitmap256.cc.o
[13/348] Building CXX object third_party/re2/CMakeFiles/duckdb_re2.dir/re2/bitstate.cc.o
[14/348] Building CXX object third_party/re2/CMakeFiles/duckdb_re2.dir/re2/compile.cc.o
[15/348] Building CXX object third_party/re2/CMakeFiles/duckdb_re2.dir/re2/filtered_re2.cc.o
[16/348] Building CXX object third_party/re2/CMakeFiles/duckdb_re2.dir/re2/mimics_pcre.cc.o
[17/348] Building CXX object third_party/re2/CMakeFiles/duckdb_re2.dir/re2/dfa.cc.o
[18/348] Building CXX object third_party/re2/CMakeFiles/duckdb_re2.dir/re2/onepass.cc.o
[19/348] Building CXX object third_party/re2/CMakeFiles/duckdb_re2.dir/re2/nfa.cc.o
[20/348] Building CXX object third_party/re2/CMakeFiles/duckdb_re2.dir/re2/perl_groups.cc.o
[21/348] Building CXX object third_party/re2/CMakeFiles/duckdb_re2.dir/re2/parse.cc.o
[22/348] Building CXX object third_party/re2/CMakeFiles/duckdb_re2.dir/re2/prefilter.cc.o
[23/348] Building CXX object third_party/re2/CMakeFiles/duckdb_re2.dir/re2/prog.cc.o
[24/348] Building CXX object third_party/re2/CMakeFiles/duckdb_re2.dir/re2/prefilter_tree.cc.o
[25/348] Building CXX object third_party/re2/CMakeFiles/duckdb_re2.dir/re2/re2.cc.o
[26/348] Building CXX object third_party/re2/CMakeFiles/duckdb_re2.dir/re2/regexp.cc.o
[27/348] Building CXX object third_party/re2/CMakeFiles/duckdb_re2.dir/re2/set.cc.o
[28/348] Building CXX object third_party/re2/CMakeFiles/duckdb_re2.dir/re2/simplify.cc.o
[29/348] Building CXX object third_party/re2/CMakeFiles/duckdb_re2.dir/re2/stringpiece.cc.o
[30/348] Building CXX object third_party/re2/CMakeFiles/duckdb_re2.dir/re2/unicode_casefold.cc.o
[31/348] Building CXX object third_party/re2/CMakeFiles/duckdb_re2.dir/re2/unicode_groups.cc.o
[32/348] Building CXX object third_party/re2/CMakeFiles/duckdb_re2.dir/util/rune.cc.o
[33/348] Building CXX object third_party/re2/CMakeFiles/duckdb_re2.dir/re2/tostring.cc.o
[34/348] Building CXX object third_party/re2/CMakeFiles/duckdb_re2.dir/util/strutil.cc.o
[35/348] Building CXX object third_party/utf8proc/CMakeFiles/duckdb_utf8proc.dir/utf8proc.cpp.o
[36/348] Building CXX object third_party/miniz/CMakeFiles/duckdb_miniz.dir/miniz.cpp.o
[37/348] Building CXX object third_party/utf8proc/CMakeFiles/duckdb_utf8proc.dir/utf8proc_wrapper.cpp.o
[38/348] Building CXX object third_party/hyperloglog/CMakeFiles/duckdb_hyperloglog.dir/sds.cpp.o
[39/348] Building CXX object third_party/hyperloglog/CMakeFiles/duckdb_hyperloglog.dir/hyperloglog.cpp.o
[40/348] Building CXX object third_party/skiplist/CMakeFiles/duckdb_skiplistlib.dir/SkipList.cpp.o
[41/348] Building CXX object third_party/mbedtls/CMakeFiles/duckdb_mbedtls.dir/mbedtls_wrapper.cpp.o
[42/348] Building CXX object third_party/mbedtls/CMakeFiles/duckdb_mbedtls.dir/library/aes.cpp.o
[43/348] Building CXX object third_party/mbedtls/CMakeFiles/duckdb_mbedtls.dir/library/asn1parse.cpp.o
[44/348] Building CXX object third_party/mbedtls/CMakeFiles/duckdb_mbedtls.dir/library/asn1write.cpp.o
[45/348] Building CXX object third_party/mbedtls/CMakeFiles/duckdb_mbedtls.dir/library/base64.cpp.o
[46/348] Building CXX object third_party/mbedtls/CMakeFiles/duckdb_mbedtls.dir/library/bignum.cpp.o
[47/348] Building CXX object third_party/mbedtls/CMakeFiles/duckdb_mbedtls.dir/library/bignum_core.cpp.o
[48/348] Building CXX object third_party/mbedtls/CMakeFiles/duckdb_mbedtls.dir/library/cipher.cpp.o
[49/348] Building CXX object third_party/mbedtls/CMakeFiles/duckdb_mbedtls.dir/library/cipher_wrap.cpp.o
[50/348] Building CXX object third_party/mbedtls/CMakeFiles/duckdb_mbedtls.dir/library/constant_time.cpp.o
[51/348] Building CXX object third_party/mbedtls/CMakeFiles/duckdb_mbedtls.dir/library/gcm.cpp.o
[52/348] Building CXX object third_party/mbedtls/CMakeFiles/duckdb_mbedtls.dir/library/md.cpp.o
[53/348] Building CXX object third_party/mbedtls/CMakeFiles/duckdb_mbedtls.dir/library/oid.cpp.o
[54/348] Building CXX object third_party/mbedtls/CMakeFiles/duckdb_mbedtls.dir/library/pem.cpp.o
[55/348] Building CXX object third_party/mbedtls/CMakeFiles/duckdb_mbedtls.dir/library/pk.cpp.o
[56/348] Building CXX object third_party/mbedtls/CMakeFiles/duckdb_mbedtls.dir/library/pk_wrap.cpp.o
[57/348] Building CXX object third_party/mbedtls/CMakeFiles/duckdb_mbedtls.dir/library/pkparse.cpp.o
[58/348] Building CXX object third_party/mbedtls/CMakeFiles/duckdb_mbedtls.dir/library/platform.cpp.o
[59/348] Building CXX object third_party/mbedtls/CMakeFiles/duckdb_mbedtls.dir/library/platform_util.cpp.o
[60/348] Building CXX object third_party/mbedtls/CMakeFiles/duckdb_mbedtls.dir/library/rsa.cpp.o
[61/348] Building CXX object third_party/fastpforlib/CMakeFiles/duckdb_fastpforlib.dir/bitpacking.cpp.o
[62/348] Building CXX object third_party/mbedtls/CMakeFiles/duckdb_mbedtls.dir/library/rsa_alt_helpers.cpp.o
[63/348] Building CXX object third_party/mbedtls/CMakeFiles/duckdb_mbedtls.dir/library/sha1.cpp.o
[64/348] Building CXX object third_party/mbedtls/CMakeFiles/duckdb_mbedtls.dir/library/sha256.cpp.o
[65/348] Building CXX object third_party/fsst/CMakeFiles/duckdb_fsst.dir/libfsst.cpp.o
[66/348] Building CXX object third_party/zstd/CMakeFiles/duckdb_zstd.dir/compress/zstd_compress_superblock.cpp.o
[67/348] Building CXX object third_party/zstd/CMakeFiles/duckdb_zstd.dir/compress/zstdmt_compress.cpp.o
[68/348] Building CXX object third_party/zstd/CMakeFiles/duckdb_zstd.dir/compress/zstd_double_fast.cpp.o
[69/348] Building CXX object third_party/zstd/CMakeFiles/duckdb_zstd.dir/compress/zstd_fast.cpp.o
[70/348] Building CXX object third_party/zstd/CMakeFiles/duckdb_zstd.dir/compress/zstd_compress_sequences.cpp.o
[71/348] Building CXX object third_party/yyjson/CMakeFiles/duckdb_yyjson.dir/yyjson.cpp.o
[72/348] Building CXX object third_party/zstd/CMakeFiles/duckdb_zstd.dir/compress/zstd_ldm.cpp.o
[73/348] Building CXX object third_party/zstd/CMakeFiles/duckdb_zstd.dir/compress/hist.cpp.o
[74/348] Building CXX object third_party/zstd/CMakeFiles/duckdb_zstd.dir/compress/zstd_compress.cpp.o
[75/348] Building CXX object third_party/zstd/CMakeFiles/duckdb_zstd.dir/compress/zstd_compress_literals.cpp.o
[76/348] Building CXX object third_party/zstd/CMakeFiles/duckdb_zstd.dir/compress/huf_compress.cpp.o
[77/348] Building CXX object third_party/zstd/CMakeFiles/duckdb_zstd.dir/compress/zstd_opt.cpp.o
[78/348] Building CXX object third_party/zstd/CMakeFiles/duckdb_zstd.dir/compress/fse_compress.cpp.o
[79/348] Building CXX object third_party/zstd/CMakeFiles/duckdb_zstd.dir/decompress/zstd_ddict.cpp.o
[80/348] Building CXX object third_party/zstd/CMakeFiles/duckdb_zstd.dir/compress/zstd_lazy.cpp.o
[81/348] Building CXX object third_party/zstd/CMakeFiles/duckdb_zstd.dir/decompress/zstd_decompress.cpp.o
[82/348] Building CXX object third_party/zstd/CMakeFiles/duckdb_zstd.dir/decompress/huf_decompress.cpp.o
[83/348] Building CXX object third_party/zstd/CMakeFiles/duckdb_zstd.dir/common/entropy_common.cpp.o
[84/348] Building CXX object third_party/zstd/CMakeFiles/duckdb_zstd.dir/common/fse_decompress.cpp.o
[85/348] Building CXX object third_party/zstd/CMakeFiles/duckdb_zstd.dir/common/debug.cpp.o
[86/348] Building CXX object third_party/zstd/CMakeFiles/duckdb_zstd.dir/decompress/zstd_decompress_block.cpp.o
[87/348] Building CXX object third_party/zstd/CMakeFiles/duckdb_zstd.dir/common/xxhash.cpp.o
[88/348] Building CXX object third_party/zstd/CMakeFiles/duckdb_zstd.dir/common/threading.cpp.o
[89/348] Building CXX object third_party/zstd/CMakeFiles/duckdb_zstd.dir/common/pool.cpp.o
[90/348] Building CXX object third_party/zstd/CMakeFiles/duckdb_zstd.dir/common/zstd_common.cpp.o
[91/348] Building CXX object third_party/zstd/CMakeFiles/duckdb_zstd.dir/common/error_private.cpp.o
[92/348] Building CXX object third_party/zstd/CMakeFiles/duckdb_zstd.dir/dict/cover.cpp.o
[93/348] Building CXX object third_party/zstd/CMakeFiles/duckdb_zstd.dir/dict/fastcover.cpp.o
[94/348] Building CXX object third_party/zstd/CMakeFiles/duckdb_zstd.dir/dict/divsufsort.cpp.o
[95/348] Building CXX object third_party/zstd/CMakeFiles/duckdb_zstd.dir/deprecated/zbuff_common.cpp.o
[96/348] Building CXX object third_party/zstd/CMakeFiles/duckdb_zstd.dir/deprecated/zbuff_decompress.cpp.o
[97/348] Building CXX object third_party/zstd/CMakeFiles/duckdb_zstd.dir/dict/zdict.cpp.o
[98/348] Building CXX object third_party/zstd/CMakeFiles/duckdb_zstd.dir/deprecated/zbuff_compress.cpp.o
[99/348] Building CXX object src/optimizer/compressed_materialization/CMakeFiles/duckdb_optimizer_compressed_materialization.dir/ub_duckdb_optimizer_compressed_materialization.cpp.o
[100/348] Building CXX object src/optimizer/join_order/CMakeFiles/duckdb_optimizer_join_order.dir/ub_duckdb_optimizer_join_order.cpp.o
[101/348] Building CXX object src/optimizer/matcher/CMakeFiles/duckdb_optimizer_matcher.dir/ub_duckdb_optimizer_matcher.cpp.o
[102/348] Building CXX object src/optimizer/pullup/CMakeFiles/duckdb_optimizer_pullup.dir/ub_duckdb_optimizer_pullup.cpp.o
[103/348] Building CXX object src/optimizer/CMakeFiles/duckdb_optimizer.dir/ub_duckdb_optimizer.cpp.o
[104/348] Building CXX object src/optimizer/pushdown/CMakeFiles/duckdb_optimizer_pushdown.dir/ub_duckdb_optimizer_pushdown.cpp.o
[105/348] Building CXX object src/optimizer/rule/CMakeFiles/duckdb_optimizer_rules.dir/ub_duckdb_optimizer_rules.cpp.o
[106/348] Building CXX object src/optimizer/statistics/expression/CMakeFiles/duckdb_optimizer_statistics_expr.dir/ub_duckdb_optimizer_statistics_expr.cpp.o
[107/348] Building CXX object src/optimizer/statistics/operator/CMakeFiles/duckdb_optimizer_statistics_op.dir/ub_duckdb_optimizer_statistics_op.cpp.o
[108/348] Building CXX object src/planner/expression/CMakeFiles/duckdb_planner_expression.dir/ub_duckdb_planner_expression.cpp.o
[109/348] Building CXX object src/planner/CMakeFiles/duckdb_planner.dir/ub_duckdb_planner.cpp.o
[110/348] Building CXX object src/planner/binder/expression/CMakeFiles/duckdb_bind_expression.dir/ub_duckdb_bind_expression.cpp.o
[111/348] Building CXX object src/planner/binder/query_node/CMakeFiles/duckdb_bind_query_node.dir/ub_duckdb_bind_query_node.cpp.o
[112/348] Building CXX object src/planner/binder/tableref/CMakeFiles/duckdb_bind_tableref.dir/ub_duckdb_bind_tableref.cpp.o
[113/348] Building CXX object src/planner/binder/statement/CMakeFiles/duckdb_bind_statement.dir/ub_duckdb_bind_statement.cpp.o
[114/348] Building CXX object src/planner/expression_binder/CMakeFiles/duckdb_expression_binders.dir/ub_duckdb_expression_binders.cpp.o
[115/348] Building CXX object src/planner/filter/CMakeFiles/duckdb_planner_filter.dir/ub_duckdb_planner_filter.cpp.o
[116/348] Building CXX object src/planner/subquery/CMakeFiles/duckdb_planner_subquery.dir/ub_duckdb_planner_subquery.cpp.o
[117/348] Building CXX object src/planner/operator/CMakeFiles/duckdb_planner_operator.dir/ub_duckdb_planner_operator.cpp.o
[118/348] Building CXX object src/parser/constraints/CMakeFiles/duckdb_constraints.dir/ub_duckdb_constraints.cpp.o
[119/348] Building CXX object src/parser/CMakeFiles/duckdb_parser.dir/ub_duckdb_parser.cpp.o
[120/348] Building CXX object src/parser/expression/CMakeFiles/duckdb_expression.dir/ub_duckdb_expression.cpp.o
[121/348] Building CXX object src/parser/query_node/CMakeFiles/duckdb_query_node.dir/ub_duckdb_query_node.cpp.o
[122/348] Building CXX object src/parser/parsed_data/CMakeFiles/duckdb_parsed_data.dir/ub_duckdb_parsed_data.cpp.o
[123/348] Building CXX object src/parser/statement/CMakeFiles/duckdb_statement.dir/ub_duckdb_statement.cpp.o
[124/348] Building CXX object src/parser/tableref/CMakeFiles/duckdb_parser_tableref.dir/ub_duckdb_parser_tableref.cpp.o
[125/348] Building CXX object src/parser/transform/constraint/CMakeFiles/duckdb_transformer_constraint.dir/ub_duckdb_transformer_constraint.cpp.o
[126/348] Building CXX object src/parser/transform/helpers/CMakeFiles/duckdb_transformer_helpers.dir/ub_duckdb_transformer_helpers.cpp.o
[127/348] Building CXX object src/parser/transform/expression/CMakeFiles/duckdb_transformer_expression.dir/ub_duckdb_transformer_expression.cpp.o
[128/348] Building CXX object src/parser/transform/tableref/CMakeFiles/duckdb_transformer_tableref.dir/ub_duckdb_transformer_tableref.cpp.o
[129/348] Building CXX object src/parser/transform/statement/CMakeFiles/duckdb_transformer_statement.dir/ub_duckdb_transformer_statement.cpp.o
[130/348] Building CXX object src/function/aggregate/CMakeFiles/duckdb_func_aggr.dir/ub_duckdb_func_aggr.cpp.o
[131/348] Building CXX object src/function/CMakeFiles/duckdb_function.dir/ub_duckdb_function.cpp.o
[132/348] Building CXX object src/function/aggregate/distributive/CMakeFiles/duckdb_aggr_distr.dir/ub_duckdb_aggr_distr.cpp.o
[133/348] Building CXX object src/function/cast/union/CMakeFiles/duckdb_union_cast.dir/ub_duckdb_union_cast.cpp.o
[134/348] Building CXX object src/function/cast/variant/CMakeFiles/duckdb_variant_cast.dir/ub_duckdb_variant_cast.cpp.o
[135/348] Building CXX object src/function/pragma/CMakeFiles/duckdb_func_pragma.dir/ub_duckdb_func_pragma.cpp.o
[136/348] Building CXX object src/function/cast/CMakeFiles/duckdb_func_cast.dir/ub_duckdb_func_cast.cpp.o
[137/348] Building CXX object src/function/scalar/CMakeFiles/duckdb_func_scalar.dir/ub_duckdb_func_scalar.cpp.o
[138/348] Building CXX object src/function/scalar/compressed_materialization/CMakeFiles/duckdb_func_compressed_materialization.dir/ub_duckdb_func_compressed_materialization.cpp.o
[139/348] Building CXX object src/function/scalar/date/CMakeFiles/duckdb_func_date.dir/ub_duckdb_func_date.cpp.o
[140/348] Building CXX object src/function/scalar/generic/CMakeFiles/duckdb_func_generic_main.dir/ub_duckdb_func_generic_main.cpp.o
[141/348] Building CXX object src/function/scalar/map/CMakeFiles/duckdb_function_map.dir/ub_duckdb_function_map.cpp.o
[142/348] Building CXX object src/function/scalar/list/CMakeFiles/duckdb_func_list_nested.dir/ub_duckdb_func_list_nested.cpp.o
[143/348] Building CXX object src/function/scalar/sequence/CMakeFiles/duckdb_func_seq.dir/ub_duckdb_func_seq.cpp.o
[144/348] Building CXX object src/function/scalar/string/CMakeFiles/duckdb_func_string_main.dir/ub_duckdb_func_string_main.cpp.o
[145/348] Building CXX object src/function/scalar/string/regexp/CMakeFiles/duckdb_func_string_regexp.dir/ub_duckdb_func_string_regexp.cpp.o
[146/348] Building CXX object src/function/scalar/operator/CMakeFiles/duckdb_func_ops_main.dir/ub_duckdb_func_ops_main.cpp.o
[147/348] Building CXX object src/function/scalar/variant/CMakeFiles/duckdb_func_variant_main.dir/ub_duckdb_func_variant_main.cpp.o
[148/348] Building CXX object src/function/scalar/struct/CMakeFiles/duckdb_func_struct_main.dir/ub_duckdb_func_struct_main.cpp.o
[149/348] Building CXX object src/function/scalar/system/CMakeFiles/duckdb_func_system.dir/ub_duckdb_func_system.cpp.o
[150/348] Building CXX object src/function/table/CMakeFiles/duckdb_func_table.dir/ub_duckdb_func_table.cpp.o
[151/348] Building CXX object src/function/table/system/CMakeFiles/duckdb_table_func_system.dir/ub_duckdb_table_func_system.cpp.o
[152/348] Building CXX object src/function/table/version/CMakeFiles/duckdb_func_table_version.dir/ub_duckdb_func_table_version.cpp.o
[153/348] Building CXX object src/function/table/arrow/CMakeFiles/duckdb_arrow_conversion.dir/ub_duckdb_arrow_conversion.cpp.o
[154/348] Building CXX object src/catalog/CMakeFiles/duckdb_catalog.dir/ub_duckdb_catalog.cpp.o
[155/348] Building CXX object src/function/window/CMakeFiles/duckdb_func_window.dir/ub_duckdb_func_window.cpp.o
[156/348] Building CXX object src/catalog/catalog_entry/dependency/CMakeFiles/duckdb_catalog_entries_dependency.dir/ub_duckdb_catalog_entries_dependency.cpp.o
[157/348] Building CXX object src/catalog/default/CMakeFiles/duckdb_catalog_default_entries.dir/ub_duckdb_catalog_default_entries.cpp.o
[158/348] Building CXX object src/catalog/catalog_entry/CMakeFiles/duckdb_catalog_entries.dir/ub_duckdb_catalog_entries.cpp.o
[159/348] Building CXX object src/common/adbc/CMakeFiles/duckdb_adbc.dir/ub_duckdb_adbc.cpp.o
[160/348] Building CXX object src/common/adbc/nanoarrow/CMakeFiles/duckdb_adbc_nanoarrow.dir/ub_duckdb_adbc_nanoarrow.cpp.o
[161/348] Building CXX object src/common/arrow/CMakeFiles/duckdb_common_arrow.dir/ub_duckdb_common_arrow.cpp.o
[162/348] Building CXX object src/common/arrow/appender/CMakeFiles/duckdb_common_arrow_appender.dir/ub_duckdb_common_arrow_appender.cpp.o
[163/348] Building CXX object src/common/crypto/CMakeFiles/duckdb_common_crypto.dir/ub_duckdb_common_crypto.cpp.o
[164/348] Building CXX object src/common/CMakeFiles/duckdb_common.dir/ub_duckdb_common.cpp.o
[165/348] Building CXX object src/common/exception/CMakeFiles/duckdb_common_exception.dir/ub_duckdb_common_exception.cpp.o
[166/348] Building CXX object src/common/enums/CMakeFiles/duckdb_common_enums.dir/ub_duckdb_common_enums.cpp.o
[167/348] Building CXX object src/common/multi_file/CMakeFiles/duckdb_common_multi_file.dir/ub_duckdb_common_multi_file.cpp.o
[168/348] Building CXX object src/common/operator/CMakeFiles/duckdb_common_operators.dir/ub_duckdb_common_operators.cpp.o
[169/348] Building CXX object src/common/progress_bar/CMakeFiles/duckdb_progress_bar.dir/ub_duckdb_progress_bar.cpp.o
[170/348] Building CXX object src/common/tree_renderer/CMakeFiles/duckdb_common_tree_renderer.dir/ub_duckdb_common_tree_renderer.cpp.o
[171/348] Building CXX object src/common/serializer/CMakeFiles/duckdb_common_serializer.dir/ub_duckdb_common_serializer.cpp.o
[172/348] Building CXX object src/common/sort/CMakeFiles/duckdb_sort.dir/ub_duckdb_sort.cpp.o
[173/348] Building CXX object src/common/row_operations/CMakeFiles/duckdb_row_operations.dir/ub_duckdb_row_operations.cpp.o
[174/348] Building CXX object src/common/types/CMakeFiles/duckdb_common_types.dir/ub_duckdb_common_types.cpp.o
[175/348] Building CXX object src/common/sorting/CMakeFiles/duckdb_sorting.dir/ub_duckdb_sorting.cpp.o
[176/348] Building CXX object src/common/types/column/CMakeFiles/duckdb_common_types_column.dir/ub_duckdb_common_types_column.cpp.o
[177/348] Building CXX object src/common/value_operations/CMakeFiles/duckdb_value_operations.dir/ub_duckdb_value_operations.cpp.o
[178/348] Building CXX object src/common/vector_operations/CMakeFiles/duckdb_vector_operations.dir/boolean_operators.cpp.o
[179/348] Building CXX object src/common/vector_operations/CMakeFiles/duckdb_vector_operations.dir/vector_cast.cpp.o
[180/348] Building CXX object src/common/types/row/CMakeFiles/duckdb_common_types_row.dir/ub_duckdb_common_types_row.cpp.o
[181/348] Building CXX object src/common/vector_operations/CMakeFiles/duckdb_vector_operations.dir/vector_copy.cpp.o
[182/348] Building CXX object src/common/vector_operations/CMakeFiles/duckdb_vector_operations.dir/comparison_operators.cpp.o
[183/348] Building CXX object src/common/vector_operations/CMakeFiles/duckdb_vector_operations.dir/generators.cpp.o
[184/348] Building CXX object src/common/vector_operations/CMakeFiles/duckdb_vector_operations.dir/vector_storage.cpp.o
[185/348] Building CXX object src/common/vector_operations/CMakeFiles/duckdb_vector_operations.dir/null_operations.cpp.o
[186/348] Building CXX object src/common/vector_operations/CMakeFiles/duckdb_vector_operations.dir/numeric_inplace_operators.cpp.o
[187/348] Building CXX object src/common/vector_operations/CMakeFiles/duckdb_vector_operations.dir/vector_hash.cpp.o
[188/348] Building CXX object src/logging/CMakeFiles/duckdb_logging.dir/ub_duckdb_logging.cpp.o
[189/348] Building CXX object src/execution/CMakeFiles/duckdb_execution.dir/ub_duckdb_execution.cpp.o
[190/348] Building CXX object src/execution/expression_executor/CMakeFiles/duckdb_expression_executor.dir/ub_duckdb_expression_executor.cpp.o
[191/348] Building CXX object src/execution/nested_loop_join/CMakeFiles/duckdb_nested_loop_join.dir/ub_duckdb_nested_loop_join.cpp.o
[192/348] Building CXX object src/execution/operator/aggregate/CMakeFiles/duckdb_operator_aggregate.dir/ub_duckdb_operator_aggregate.cpp.o
[193/348] Building CXX object src/common/vector_operations/CMakeFiles/duckdb_vector_operations.dir/is_distinct_from.cpp.o
[194/348] Building CXX object src/execution/operator/csv_scanner/buffer_manager/CMakeFiles/duckdb_csv_buffer_manager.dir/ub_duckdb_csv_buffer_manager.cpp.o
[195/348] Building CXX object src/execution/operator/csv_scanner/encode/CMakeFiles/duckdb_csv_encode.dir/ub_duckdb_csv_encode.cpp.o
[196/348] Building CXX object src/execution/operator/csv_scanner/scanner/CMakeFiles/duckdb_csv_scanner.dir/ub_duckdb_csv_scanner.cpp.o
[197/348] Building CXX object src/execution/operator/csv_scanner/sniffer/CMakeFiles/duckdb_csv_sniffer.dir/ub_duckdb_csv_sniffer.cpp.o
[198/348] Building CXX object src/execution/operator/csv_scanner/state_machine/CMakeFiles/duckdb_csv_state_machine.dir/ub_duckdb_csv_state_machine.cpp.o
[199/348] Building CXX object src/execution/operator/csv_scanner/table_function/CMakeFiles/duckdb_operator_csv_table_function.dir/ub_duckdb_operator_csv_table_function.cpp.o
[200/348] Building CXX object src/execution/operator/csv_scanner/util/CMakeFiles/duckdb_csv_util.dir/ub_duckdb_csv_util.cpp.o
[201/348] Building CXX object src/execution/operator/filter/CMakeFiles/duckdb_operator_filter.dir/ub_duckdb_operator_filter.cpp.o
[202/348] Building CXX object src/execution/operator/helper/CMakeFiles/duckdb_operator_helper.dir/ub_duckdb_operator_helper.cpp.o
[203/348] Building CXX object src/execution/operator/order/CMakeFiles/duckdb_operator_order.dir/ub_duckdb_operator_order.cpp.o
[204/348] Building CXX object src/execution/operator/join/CMakeFiles/duckdb_operator_join.dir/ub_duckdb_operator_join.cpp.o
[205/348] Building CXX object src/execution/operator/projection/CMakeFiles/duckdb_operator_projection.dir/ub_duckdb_operator_projection.cpp.o
[206/348] Building CXX object src/execution/operator/scan/CMakeFiles/duckdb_operator_scan.dir/ub_duckdb_operator_scan.cpp.o
[207/348] Building CXX object src/execution/operator/persistent/CMakeFiles/duckdb_operator_persistent.dir/ub_duckdb_operator_persistent.cpp.o
[208/348] Building CXX object src/execution/operator/schema/CMakeFiles/duckdb_operator_schema.dir/ub_duckdb_operator_schema.cpp.o
[209/348] Building CXX object src/execution/operator/set/CMakeFiles/duckdb_operator_set.dir/ub_duckdb_operator_set.cpp.o
[210/348] Building CXX object src/execution/index/CMakeFiles/duckdb_execution_index.dir/ub_duckdb_execution_index.cpp.o
[211/348] Building CXX object src/execution/physical_plan/CMakeFiles/duckdb_physical_plan.dir/ub_duckdb_physical_plan.cpp.o
[212/348] Building CXX object src/execution/sample/CMakeFiles/duckdb_sample.dir/ub_duckdb_sample.cpp.o
[213/348] Building CXX object src/execution/index/art/CMakeFiles/duckdb_execution_index_art.dir/ub_duckdb_execution_index_art.cpp.o
[214/348] Building CXX object src/main/capi/CMakeFiles/duckdb_main_capi.dir/ub_duckdb_main_capi.cpp.o
[215/348] Building CXX object src/main/capi/cast/CMakeFiles/duckdb_main_capi_cast.dir/ub_duckdb_main_capi_cast.cpp.o
[216/348] Building CXX object src/main/extension/CMakeFiles/duckdb_generated_extension_loader.dir/__/__/__/codegen/src/generated_extension_loader.cpp.o
[217/348] Building CXX object src/main/CMakeFiles/duckdb_main.dir/ub_duckdb_main.cpp.o
[218/348] Building CXX object src/main/extension/CMakeFiles/duckdb_main_extension.dir/extension_alias.cpp.o
[219/348] Building CXX object src/main/extension/CMakeFiles/duckdb_main_extension.dir/extension_helper.cpp.o
[220/348] Building CXX object src/main/extension/CMakeFiles/duckdb_main_extension.dir/extension_install.cpp.o
[221/348] Building CXX object src/main/extension/CMakeFiles/duckdb_main_extension.dir/extension_load.cpp.o
[222/348] Building CXX object src/main/extension/CMakeFiles/duckdb_main_extension.dir/extension_loader.cpp.o
[223/348] Building CXX object src/main/http/CMakeFiles/duckdb_common_http.dir/ub_duckdb_common_http.cpp.o
[224/348] Building CXX object src/main/relation/CMakeFiles/duckdb_main_relation.dir/ub_duckdb_main_relation.cpp.o
[225/348] Building CXX object src/main/secret/CMakeFiles/duckdb_main_secret.dir/ub_duckdb_main_secret.cpp.o
[226/348] Building CXX object src/main/settings/CMakeFiles/duckdb_main_settings.dir/ub_duckdb_main_settings.cpp.o
[227/348] Building CXX object src/main/chunk_scan_state/CMakeFiles/duckdb_main_chunk_scan_state.dir/ub_duckdb_main_chunk_scan_state.cpp.o
[228/348] Building CXX object src/main/buffered_data/CMakeFiles/duckdb_main_buffered_data.dir/ub_duckdb_main_buffered_data.cpp.o
[229/348] Building CXX object src/parallel/CMakeFiles/duckdb_parallel.dir/ub_duckdb_parallel.cpp.o
[230/348] Building CXX object src/storage/buffer/CMakeFiles/duckdb_storage_buffer.dir/ub_duckdb_storage_buffer.cpp.o
[231/348] Building CXX object src/storage/CMakeFiles/duckdb_storage.dir/ub_duckdb_storage.cpp.o
[232/348] Building CXX object src/storage/checkpoint/CMakeFiles/duckdb_storage_checkpoint.dir/ub_duckdb_storage_checkpoint.cpp.o
[233/348] Building CXX object src/storage/compression/chimp/CMakeFiles/duckdb_storage_compression_chimp.dir/ub_duckdb_storage_compression_chimp.cpp.o
[234/348] Building CXX object src/storage/compression/alp/CMakeFiles/duckdb_storage_compression_alp.dir/ub_duckdb_storage_compression_alp.cpp.o
[235/348] Building CXX object src/storage/compression/CMakeFiles/duckdb_storage_compression.dir/ub_duckdb_storage_compression.cpp.o
[236/348] Building CXX object src/storage/compression/roaring/CMakeFiles/duckdb_storage_compression_roaring.dir/ub_duckdb_storage_compression_roaring.cpp.o
[237/348] Building CXX object src/storage/compression/dictionary/CMakeFiles/duckdb_storage_compression_dictionary.dir/ub_duckdb_storage_compression_dictionary.cpp.o
[238/348] Building CXX object src/storage/compression/dict_fsst/CMakeFiles/duckdb_storage_compression_dict_fsst.dir/ub_duckdb_storage_compression_dict_fsst.cpp.o
[239/348] Building CXX object src/storage/metadata/CMakeFiles/duckdb_storage_metadata.dir/ub_duckdb_storage_metadata.cpp.o
[240/348] Building CXX object src/storage/statistics/CMakeFiles/duckdb_storage_statistics.dir/ub_duckdb_storage_statistics.cpp.o
[241/348] Building CXX object src/storage/serialization/CMakeFiles/duckdb_storage_serialization.dir/ub_duckdb_storage_serialization.cpp.o
[242/348] Building CXX object src/transaction/CMakeFiles/duckdb_transaction.dir/ub_duckdb_transaction.cpp.o
[243/348] Building CXX object src/verification/CMakeFiles/duckdb_verification.dir/copied_statement_verifier.cpp.o
[244/348] Building CXX object src/verification/CMakeFiles/duckdb_verification.dir/external_statement_verifier.cpp.o
[245/348] Building CXX object src/storage/table/CMakeFiles/duckdb_storage_table.dir/ub_duckdb_storage_table.cpp.o
[246/348] Building CXX object src/verification/CMakeFiles/duckdb_verification.dir/fetch_row_verifier.cpp.o
[247/348] Building CXX object src/verification/CMakeFiles/duckdb_verification.dir/prepared_statement_verifier.cpp.o
[248/348] Building CXX object src/verification/CMakeFiles/duckdb_verification.dir/deserialized_statement_verifier.cpp.o
[249/348] Building CXX object src/verification/CMakeFiles/duckdb_verification.dir/explain_statement_verifier.cpp.o
[250/348] Building CXX object src/verification/CMakeFiles/duckdb_verification.dir/statement_verifier.cpp.o
[251/348] Building CXX object src/verification/CMakeFiles/duckdb_verification.dir/parsed_statement_verifier.cpp.o
[252/348] Building CXX object src/verification/CMakeFiles/duckdb_verification.dir/no_operator_caching_verifier.cpp.o
[253/348] Building CXX object src/verification/CMakeFiles/duckdb_verification.dir/unoptimized_statement_verifier.cpp.o
[254/348] Building CXX object extension/core_functions/aggregate/algebraic/CMakeFiles/duckdb_core_functions_algebraic.dir/ub_duckdb_core_functions_algebraic.cpp.o
[255/348] Building CXX object extension/core_functions/aggregate/holistic/CMakeFiles/duckdb_core_functions_holistic.dir/ub_duckdb_core_functions_holistic.cpp.o
[256/348] Building CXX object extension/core_functions/aggregate/distributive/CMakeFiles/duckdb_core_functions_distributive.dir/ub_duckdb_core_functions_distributive.cpp.o
[257/348] Building CXX object extension/core_functions/aggregate/regression/CMakeFiles/duckdb_core_functions_regression.dir/ub_duckdb_core_functions_regression.cpp.o
[258/348] Building CXX object extension/core_functions/scalar/array/CMakeFiles/duckdb_core_functions_array.dir/ub_duckdb_core_functions_array.cpp.o
[259/348] Building CXX object extension/core_functions/scalar/bit/CMakeFiles/duckdb_core_functions_bit.dir/ub_duckdb_core_functions_bit.cpp.o
[260/348] Building CXX object extension/core_functions/aggregate/nested/CMakeFiles/duckdb_core_functions_nested.dir/ub_duckdb_core_functions_nested.cpp.o
[261/348] Building CXX object extension/core_functions/scalar/blob/CMakeFiles/duckdb_core_functions_blob.dir/ub_duckdb_core_functions_blob.cpp.o
[262/348] Building CXX object extension/core_functions/scalar/debug/CMakeFiles/duckdb_core_functions_debug.dir/ub_duckdb_core_functions_debug.cpp.o
[263/348] Building CXX object extension/core_functions/scalar/enum/CMakeFiles/duckdb_core_functions_enum.dir/ub_duckdb_core_functions_enum.cpp.o
[264/348] Building CXX object extension/core_functions/scalar/generic/CMakeFiles/duckdb_core_functions_generic.dir/ub_duckdb_core_functions_generic.cpp.o
[265/348] Building CXX object extension/core_functions/scalar/list/CMakeFiles/duckdb_core_functions_list.dir/ub_duckdb_core_functions_list.cpp.o
[266/348] Building CXX object extension/core_functions/scalar/map/CMakeFiles/duckdb_core_functions_map.dir/ub_duckdb_core_functions_map.cpp.o
[267/348] Building CXX object extension/core_functions/scalar/date/CMakeFiles/duckdb_core_functions_date.dir/ub_duckdb_core_functions_date.cpp.o
[268/348] Building CXX object extension/core_functions/scalar/math/CMakeFiles/duckdb_core_functions_math.dir/ub_duckdb_core_functions_math.cpp.o
[269/348] Building CXX object extension/core_functions/scalar/operators/CMakeFiles/duckdb_core_functions_operators.dir/ub_duckdb_core_functions_operators.cpp.o
[270/348] Building CXX object extension/core_functions/scalar/random/CMakeFiles/duckdb_core_functions_random.dir/ub_duckdb_core_functions_random.cpp.o
[271/348] Building CXX object extension/core_functions/scalar/struct/CMakeFiles/duckdb_core_functions_struct.dir/ub_duckdb_core_functions_struct.cpp.o
[272/348] Building CXX object extension/core_functions/scalar/union/CMakeFiles/duckdb_core_functions_union.dir/ub_duckdb_core_functions_union.cpp.o
[273/348] Building CXX object extension/core_functions/scalar/string/CMakeFiles/duckdb_core_functions_string.dir/ub_duckdb_core_functions_string.cpp.o
[274/348] Building CXX object extension/parquet/CMakeFiles/parquet_extension.dir/column_reader.cpp.o
[275/348] Building CXX object extension/parquet/CMakeFiles/parquet_extension.dir/parquet_crypto.cpp.o
[276/348] Building CXX object extension/parquet/CMakeFiles/parquet_extension.dir/column_writer.cpp.o
[277/348] Building CXX object extension/parquet/CMakeFiles/parquet_extension.dir/parquet_file_metadata_cache.cpp.o
[278/348] Building CXX object extension/parquet/CMakeFiles/parquet_extension.dir/parquet_extension.cpp.o
[279/348] Building CXX object extension/parquet/CMakeFiles/parquet_extension.dir/parquet_float16.cpp.o
[280/348] Building CXX object extension/parquet/CMakeFiles/parquet_extension.dir/parquet_metadata.cpp.o
[281/348] Building CXX object extension/parquet/CMakeFiles/parquet_extension.dir/parquet_multi_file_info.cpp.o
[282/348] Building CXX object extension/parquet/CMakeFiles/parquet_extension.dir/parquet_statistics.cpp.o
[283/348] Building CXX object extension/parquet/CMakeFiles/parquet_extension.dir/parquet_reader.cpp.o
[284/348] Building CXX object extension/parquet/CMakeFiles/parquet_extension.dir/parquet_timestamp.cpp.o
[285/348] Building CXX object extension/parquet/CMakeFiles/parquet_extension.dir/serialize_parquet.cpp.o
[286/348] Building CXX object extension/parquet/CMakeFiles/parquet_extension.dir/parquet_writer.cpp.o
[287/348] Building CXX object extension/parquet/CMakeFiles/parquet_extension.dir/zstd_file_system.cpp.o
[288/348] Building CXX object extension/parquet/CMakeFiles/parquet_extension.dir/geo_parquet.cpp.o
[289/348] Building CXX object extension/parquet/CMakeFiles/parquet_extension.dir/__/__/third_party/thrift/thrift/protocol/TProtocol.cpp.o
[290/348] Building CXX object extension/parquet/CMakeFiles/parquet_extension.dir/__/__/third_party/thrift/thrift/transport/TTransportException.cpp.o
[291/348] Building CXX object extension/parquet/CMakeFiles/parquet_extension.dir/__/__/third_party/thrift/thrift/transport/TBufferTransports.cpp.o
[292/348] Building CXX object extension/parquet/CMakeFiles/parquet_extension.dir/__/__/third_party/snappy/snappy.cc.o
[293/348] Building CXX object extension/parquet/CMakeFiles/parquet_extension.dir/__/__/third_party/snappy/snappy-sinksource.cc.o
[294/348] Building CXX object extension/parquet/CMakeFiles/parquet_extension.dir/__/__/third_party/parquet/parquet_types.cpp.o
[295/348] Building CXX object extension/parquet/CMakeFiles/parquet_extension.dir/__/__/third_party/brotli/enc/dictionary_hash.cpp.o
[296/348] Building CXX object extension/parquet/CMakeFiles/parquet_extension.dir/__/__/third_party/lz4/lz4.cpp.o
[297/348] Building CXX object extension/parquet/CMakeFiles/parquet_extension.dir/__/__/third_party/brotli/enc/histogram.cpp.o
[298/348] Building CXX object extension/parquet/CMakeFiles/parquet_extension.dir/__/__/third_party/brotli/enc/memory.cpp.o
[299/348] Building CXX object extension/parquet/CMakeFiles/parquet_extension.dir/__/__/third_party/brotli/enc/entropy_encode.cpp.o
[300/348] Building CXX object extension/parquet/CMakeFiles/parquet_extension.dir/__/__/third_party/brotli/enc/backward_references_hq.cpp.o
[301/348] Building CXX object extension/parquet/CMakeFiles/parquet_extension.dir/__/__/third_party/brotli/enc/compound_dictionary.cpp.o
[302/348] Building CXX object extension/parquet/CMakeFiles/parquet_extension.dir/__/__/third_party/brotli/enc/compress_fragment_two_pass.cpp.o
[303/348] Building CXX object extension/parquet/CMakeFiles/parquet_extension.dir/__/__/third_party/brotli/enc/command.cpp.o
[304/348] Building CXX object extension/parquet/CMakeFiles/parquet_extension.dir/__/__/third_party/brotli/enc/block_splitter.cpp.o
[305/348] Building CXX object extension/parquet/CMakeFiles/parquet_extension.dir/__/__/third_party/brotli/enc/encoder_dict.cpp.o
[306/348] Building CXX object extension/parquet/CMakeFiles/parquet_extension.dir/__/__/third_party/brotli/enc/encode.cpp.o
[307/348] Building CXX object extension/parquet/CMakeFiles/parquet_extension.dir/__/__/third_party/brotli/enc/cluster.cpp.o
[308/348] Building CXX object extension/parquet/CMakeFiles/parquet_extension.dir/__/__/third_party/brotli/enc/utf8_util.cpp.o
[309/348] Building CXX object extension/parquet/CMakeFiles/parquet_extension.dir/__/__/third_party/brotli/enc/compress_fragment.cpp.o
[310/348] Building CXX object extension/parquet/CMakeFiles/parquet_extension.dir/__/__/third_party/brotli/enc/fast_log.cpp.o
[311/348] Building CXX object extension/parquet/CMakeFiles/parquet_extension.dir/__/__/third_party/brotli/enc/brotli_bit_stream.cpp.o
[312/348] Building CXX object extension/parquet/CMakeFiles/parquet_extension.dir/__/__/third_party/brotli/enc/bit_cost.cpp.o
[313/348] Building CXX object extension/parquet/CMakeFiles/parquet_extension.dir/__/__/third_party/brotli/enc/static_dict.cpp.o
[314/348] Building CXX object extension/parquet/CMakeFiles/parquet_extension.dir/__/__/third_party/brotli/enc/literal_cost.cpp.o
[315/348] Building CXX object extension/parquet/CMakeFiles/parquet_extension.dir/__/__/third_party/brotli/enc/metablock.cpp.o
[316/348] Building CXX object extension/parquet/CMakeFiles/parquet_extension.dir/__/__/third_party/brotli/common/dictionary.cpp.o
[317/348] Building CXX object extension/parquet/CMakeFiles/parquet_extension.dir/__/__/third_party/brotli/common/constants.cpp.o
[318/348] Building CXX object extension/parquet/CMakeFiles/parquet_extension.dir/__/__/third_party/brotli/enc/backward_references.cpp.o
[319/348] Building CXX object extension/parquet/CMakeFiles/parquet_extension.dir/__/__/third_party/brotli/common/transform.cpp.o
[320/348] Building CXX object extension/parquet/CMakeFiles/parquet_extension.dir/__/__/third_party/brotli/common/platform.cpp.o
[321/348] Building CXX object extension/parquet/CMakeFiles/parquet_extension.dir/__/__/third_party/brotli/common/shared_dictionary.cpp.o
[322/348] Building CXX object extension/parquet/CMakeFiles/parquet_extension.dir/__/__/third_party/brotli/common/context.cpp.o
[323/348] Building CXX object extension/parquet/CMakeFiles/parquet_extension.dir/__/__/third_party/brotli/dec/state.cpp.o
[324/348] Building CXX object extension/parquet/CMakeFiles/parquet_extension.dir/__/__/third_party/brotli/dec/huffman.cpp.o
[325/348] Building CXX object extension/parquet/CMakeFiles/parquet_extension.dir/__/__/third_party/brotli/dec/bit_reader.cpp.o
[326/348] Building CXX object extension/parquet/CMakeFiles/parquet_extension.dir/__/__/third_party/brotli/dec/decode.cpp.o
[327/348] Building CXX object extension/parquet/decoder/CMakeFiles/duckdb_parquet_decoders.dir/ub_duckdb_parquet_decoders.cpp.o
[328/348] Building CXX object extension/parquet/reader/CMakeFiles/duckdb_parquet_readers.dir/ub_duckdb_parquet_readers.cpp.o
[329/348] Building CXX object extension/parquet/reader/variant/CMakeFiles/duckdb_parquet_reader_variant.dir/ub_duckdb_parquet_reader_variant.cpp.o
[330/348] Linking CXX static library third_party/fmt/libduckdb_fmt.a
[331/348] Linking CXX static library third_party/libpg_query/libduckdb_pg_query.a
[332/348] Building CXX object extension/parquet/writer/CMakeFiles/duckdb_parquet_writers.dir/ub_duckdb_parquet_writers.cpp.o
[333/348] Linking CXX static library third_party/re2/libduckdb_re2.a
[334/348] Linking CXX static library third_party/miniz/libduckdb_miniz.a
[335/348] Linking CXX static library third_party/utf8proc/libduckdb_utf8proc.a
[336/348] Linking CXX static library third_party/hyperloglog/libduckdb_hyperloglog.a
[337/348] Linking CXX static library third_party/skiplist/libduckdb_skiplistlib.a
[338/348] Linking CXX static library third_party/fastpforlib/libduckdb_fastpforlib.a
[339/348] Linking CXX static library third_party/mbedtls/libduckdb_mbedtls.a
[340/348] Linking CXX static library third_party/fsst/libduckdb_fsst.a
[341/348] Linking CXX static library third_party/yyjson/libduckdb_yyjson.a
[342/348] Linking CXX static library third_party/zstd/libduckdb_zstd.a
[343/348] Building CXX object extension/core_functions/CMakeFiles/core_functions_extension.dir/core_functions_extension.cpp.o
[344/348] Building CXX object extension/core_functions/CMakeFiles/core_functions_extension.dir/function_list.cpp.o
[345/348] Linking CXX static library extension/parquet/libparquet_extension.a
[346/348] Building CXX object extension/core_functions/CMakeFiles/core_functions_extension.dir/lambda_functions.cpp.o
[347/348] Linking CXX static library extension/core_functions/libcore_functions_extension.a
[348/348] Linking CXX static library src/libduckdb_static.a
{"command": ["cmake", "--build", "/Users/catethos/workspace/ladybugex/zig_library/_build/native/duckdb", "--target", "duckdb_static", "core_functions_extension", "parquet_extension", "--parallel", "2"], "cwd": "/Users/catethos/workspace/ladybugex/zig_library", "exit": 0, "seconds": 308.692}
[0/2] Re-checking globbed directories...
[1/1192] Building CXX object third_party/antlr4_runtime/CMakeFiles/antlr4_runtime.dir/src/ANTLRErrorStrategy.cpp.o
[2/1192] Building CXX object third_party/antlr4_runtime/CMakeFiles/antlr4_runtime.dir/src/ANTLRErrorListener.cpp.o
[3/1192] Building CXX object third_party/antlr4_runtime/CMakeFiles/antlr4_runtime.dir/src/ANTLRFileStream.cpp.o
[4/1192] Building CXX object third_party/antlr4_runtime/CMakeFiles/antlr4_runtime.dir/src/ANTLRInputStream.cpp.o
[5/1192] Building CXX object third_party/antlr4_runtime/CMakeFiles/antlr4_runtime.dir/src/atn/ActionTransition.cpp.o
[6/1192] Building CXX object third_party/antlr4_runtime/CMakeFiles/antlr4_runtime.dir/src/atn/AmbiguityInfo.cpp.o
[7/1192] Building CXX object third_party/antlr4_runtime/CMakeFiles/antlr4_runtime.dir/src/atn/ATNConfig.cpp.o
[8/1192] Building CXX object third_party/antlr4_runtime/CMakeFiles/antlr4_runtime.dir/src/atn/ArrayPredictionContext.cpp.o
[9/1192] Building CXX object third_party/antlr4_runtime/CMakeFiles/antlr4_runtime.dir/src/atn/ATN.cpp.o
[10/1192] Building CXX object third_party/antlr4_runtime/CMakeFiles/antlr4_runtime.dir/src/atn/ATNConfigSet.cpp.o
[11/1192] Building CXX object third_party/antlr4_runtime/CMakeFiles/antlr4_runtime.dir/src/atn/ATNDeserializationOptions.cpp.o
[12/1192] Building CXX object third_party/antlr4_runtime/CMakeFiles/antlr4_runtime.dir/src/atn/ATNDeserializer.cpp.o
[13/1192] Building CXX object third_party/antlr4_runtime/CMakeFiles/antlr4_runtime.dir/src/atn/ATNSimulator.cpp.o
[14/1192] Building CXX object third_party/antlr4_runtime/CMakeFiles/antlr4_runtime.dir/src/atn/ATNState.cpp.o
[15/1192] Building CXX object third_party/antlr4_runtime/CMakeFiles/antlr4_runtime.dir/src/atn/ATNStateType.cpp.o
[16/1192] Building CXX object third_party/antlr4_runtime/CMakeFiles/antlr4_runtime.dir/src/atn/AtomTransition.cpp.o
[17/1192] Building CXX object third_party/antlr4_runtime/CMakeFiles/antlr4_runtime.dir/src/atn/ContextSensitivityInfo.cpp.o
[18/1192] Building CXX object third_party/antlr4_runtime/CMakeFiles/antlr4_runtime.dir/src/atn/DecisionEventInfo.cpp.o
[19/1192] Building CXX object third_party/antlr4_runtime/CMakeFiles/antlr4_runtime.dir/src/atn/DecisionInfo.cpp.o
[20/1192] Building CXX object third_party/antlr4_runtime/CMakeFiles/antlr4_runtime.dir/src/atn/DecisionState.cpp.o
[21/1192] Building CXX object third_party/antlr4_runtime/CMakeFiles/antlr4_runtime.dir/src/atn/EpsilonTransition.cpp.o
[22/1192] Building CXX object third_party/antlr4_runtime/CMakeFiles/antlr4_runtime.dir/src/atn/ErrorInfo.cpp.o
[23/1192] Building CXX object third_party/antlr4_runtime/CMakeFiles/antlr4_runtime.dir/src/atn/LexerAction.cpp.o
[24/1192] Building CXX object third_party/antlr4_runtime/CMakeFiles/antlr4_runtime.dir/src/atn/LexerATNConfig.cpp.o
[25/1192] Building CXX object third_party/antlr4_runtime/CMakeFiles/antlr4_runtime.dir/src/atn/LexerActionExecutor.cpp.o
[26/1192] Building CXX object third_party/antlr4_runtime/CMakeFiles/antlr4_runtime.dir/src/atn/LexerChannelAction.cpp.o
[27/1192] Building CXX object third_party/antlr4_runtime/CMakeFiles/antlr4_runtime.dir/src/atn/LexerATNSimulator.cpp.o
[28/1192] Building CXX object third_party/antlr4_runtime/CMakeFiles/antlr4_runtime.dir/src/atn/LexerCustomAction.cpp.o
[29/1192] Building CXX object third_party/antlr4_runtime/CMakeFiles/antlr4_runtime.dir/src/atn/LexerIndexedCustomAction.cpp.o
[30/1192] Building CXX object third_party/antlr4_runtime/CMakeFiles/antlr4_runtime.dir/src/atn/LexerModeAction.cpp.o
[31/1192] Building CXX object third_party/antlr4_runtime/CMakeFiles/antlr4_runtime.dir/src/atn/LexerMoreAction.cpp.o
[32/1192] Building CXX object third_party/antlr4_runtime/CMakeFiles/antlr4_runtime.dir/src/atn/LexerPopModeAction.cpp.o
[33/1192] Building CXX object third_party/antlr4_runtime/CMakeFiles/antlr4_runtime.dir/src/atn/LexerPushModeAction.cpp.o
[34/1192] Building CXX object third_party/antlr4_runtime/CMakeFiles/antlr4_runtime.dir/src/atn/LexerSkipAction.cpp.o
[35/1192] Building CXX object third_party/antlr4_runtime/CMakeFiles/antlr4_runtime.dir/src/atn/LexerTypeAction.cpp.o
[36/1192] Building CXX object third_party/antlr4_runtime/CMakeFiles/antlr4_runtime.dir/src/atn/LL1Analyzer.cpp.o
[37/1192] Building CXX object third_party/antlr4_runtime/CMakeFiles/antlr4_runtime.dir/src/atn/LookaheadEventInfo.cpp.o
[38/1192] Building CXX object third_party/antlr4_runtime/CMakeFiles/antlr4_runtime.dir/src/atn/NotSetTransition.cpp.o
[39/1192] Building CXX object third_party/antlr4_runtime/CMakeFiles/antlr4_runtime.dir/src/atn/OrderedATNConfigSet.cpp.o
[40/1192] Building CXX object third_party/antlr4_runtime/CMakeFiles/antlr4_runtime.dir/src/atn/ParseInfo.cpp.o
[41/1192] Building CXX object third_party/antlr4_runtime/CMakeFiles/antlr4_runtime.dir/src/atn/ParserATNSimulator.cpp.o
[42/1192] Building CXX object third_party/antlr4_runtime/CMakeFiles/antlr4_runtime.dir/src/atn/PrecedencePredicateTransition.cpp.o
[43/1192] Building CXX object third_party/antlr4_runtime/CMakeFiles/antlr4_runtime.dir/src/atn/PredicateEvalInfo.cpp.o
[44/1192] Building CXX object third_party/antlr4_runtime/CMakeFiles/antlr4_runtime.dir/src/atn/PredicateTransition.cpp.o
[45/1192] Building CXX object third_party/antlr4_runtime/CMakeFiles/antlr4_runtime.dir/src/atn/PredictionContextCache.cpp.o
[46/1192] Building CXX object third_party/antlr4_runtime/CMakeFiles/antlr4_runtime.dir/src/atn/PredictionContext.cpp.o
[47/1192] Building CXX object third_party/antlr4_runtime/CMakeFiles/antlr4_runtime.dir/src/atn/PredictionContextMergeCache.cpp.o
[48/1192] Building CXX object third_party/antlr4_runtime/CMakeFiles/antlr4_runtime.dir/src/atn/PredictionMode.cpp.o
[49/1192] Building CXX object third_party/antlr4_runtime/CMakeFiles/antlr4_runtime.dir/src/atn/ProfilingATNSimulator.cpp.o
[50/1192] Building CXX object third_party/antlr4_runtime/CMakeFiles/antlr4_runtime.dir/src/atn/RangeTransition.cpp.o
[51/1192] Building CXX object third_party/antlr4_runtime/CMakeFiles/antlr4_runtime.dir/src/atn/RuleTransition.cpp.o
[52/1192] Building CXX object third_party/antlr4_runtime/CMakeFiles/antlr4_runtime.dir/src/atn/SetTransition.cpp.o
[53/1192] Building CXX object third_party/antlr4_runtime/CMakeFiles/antlr4_runtime.dir/src/atn/SemanticContext.cpp.o
[54/1192] Building CXX object third_party/antlr4_runtime/CMakeFiles/antlr4_runtime.dir/src/atn/StarLoopbackState.cpp.o
[55/1192] Building CXX object third_party/antlr4_runtime/CMakeFiles/antlr4_runtime.dir/src/atn/SingletonPredictionContext.cpp.o
[56/1192] Building CXX object third_party/antlr4_runtime/CMakeFiles/antlr4_runtime.dir/src/atn/TransitionType.cpp.o
[57/1192] Building CXX object third_party/antlr4_runtime/CMakeFiles/antlr4_runtime.dir/src/atn/Transition.cpp.o
[58/1192] Building CXX object third_party/antlr4_runtime/CMakeFiles/antlr4_runtime.dir/src/atn/WildcardTransition.cpp.o
[59/1192] Building CXX object third_party/antlr4_runtime/CMakeFiles/antlr4_runtime.dir/src/BailErrorStrategy.cpp.o
[60/1192] Building CXX object third_party/antlr4_runtime/CMakeFiles/antlr4_runtime.dir/src/BaseErrorListener.cpp.o
[61/1192] Building CXX object third_party/antlr4_runtime/CMakeFiles/antlr4_runtime.dir/src/BufferedTokenStream.cpp.o
[62/1192] Building CXX object third_party/antlr4_runtime/CMakeFiles/antlr4_runtime.dir/src/CharStream.cpp.o
[63/1192] Building CXX object third_party/antlr4_runtime/CMakeFiles/antlr4_runtime.dir/src/CommonToken.cpp.o
[64/1192] Building CXX object third_party/antlr4_runtime/CMakeFiles/antlr4_runtime.dir/src/CommonTokenFactory.cpp.o
[65/1192] Building CXX object third_party/antlr4_runtime/CMakeFiles/antlr4_runtime.dir/src/CommonTokenStream.cpp.o
[66/1192] Building CXX object third_party/antlr4_runtime/CMakeFiles/antlr4_runtime.dir/src/ConsoleErrorListener.cpp.o
[67/1192] Building CXX object third_party/antlr4_runtime/CMakeFiles/antlr4_runtime.dir/src/DefaultErrorStrategy.cpp.o
[68/1192] Building CXX object third_party/antlr4_runtime/CMakeFiles/antlr4_runtime.dir/src/dfa/DFA.cpp.o
[69/1192] Building CXX object third_party/antlr4_runtime/CMakeFiles/antlr4_runtime.dir/src/dfa/DFASerializer.cpp.o
[70/1192] Building CXX object third_party/antlr4_runtime/CMakeFiles/antlr4_runtime.dir/src/dfa/DFAState.cpp.o
[71/1192] Building CXX object third_party/antlr4_runtime/CMakeFiles/antlr4_runtime.dir/src/dfa/LexerDFASerializer.cpp.o
[72/1192] Building CXX object third_party/antlr4_runtime/CMakeFiles/antlr4_runtime.dir/src/DiagnosticErrorListener.cpp.o
[73/1192] Building CXX object third_party/antlr4_runtime/CMakeFiles/antlr4_runtime.dir/src/Exceptions.cpp.o
[74/1192] Building CXX object third_party/antlr4_runtime/CMakeFiles/antlr4_runtime.dir/src/FailedPredicateException.cpp.o
[75/1192] Building CXX object third_party/antlr4_runtime/CMakeFiles/antlr4_runtime.dir/src/InputMismatchException.cpp.o
[76/1192] Building CXX object third_party/antlr4_runtime/CMakeFiles/antlr4_runtime.dir/src/internal/Synchronization.cpp.o
[77/1192] Building CXX object third_party/antlr4_runtime/CMakeFiles/antlr4_runtime.dir/src/InterpreterRuleContext.cpp.o
[78/1192] Building CXX object third_party/antlr4_runtime/CMakeFiles/antlr4_runtime.dir/src/IntStream.cpp.o
[79/1192] Building CXX object third_party/antlr4_runtime/CMakeFiles/antlr4_runtime.dir/src/Lexer.cpp.o
[80/1192] Building CXX object third_party/antlr4_runtime/CMakeFiles/antlr4_runtime.dir/src/LexerInterpreter.cpp.o
[81/1192] Building CXX object third_party/antlr4_runtime/CMakeFiles/antlr4_runtime.dir/src/LexerNoViableAltException.cpp.o
[82/1192] Building CXX object third_party/antlr4_runtime/CMakeFiles/antlr4_runtime.dir/src/ListTokenSource.cpp.o
[83/1192] Building CXX object third_party/antlr4_runtime/CMakeFiles/antlr4_runtime.dir/src/misc/InterpreterDataReader.cpp.o
[84/1192] Building CXX object third_party/antlr4_runtime/CMakeFiles/antlr4_runtime.dir/src/misc/Interval.cpp.o
[85/1192] Building CXX object third_party/antlr4_runtime/CMakeFiles/antlr4_runtime.dir/src/misc/IntervalSet.cpp.o
[86/1192] Building CXX object third_party/antlr4_runtime/CMakeFiles/antlr4_runtime.dir/src/misc/MurmurHash.cpp.o
[87/1192] Building CXX object third_party/antlr4_runtime/CMakeFiles/antlr4_runtime.dir/src/misc/Predicate.cpp.o
[88/1192] Building CXX object third_party/antlr4_runtime/CMakeFiles/antlr4_runtime.dir/src/NoViableAltException.cpp.o
[89/1192] Building CXX object third_party/antlr4_runtime/CMakeFiles/antlr4_runtime.dir/src/Parser.cpp.o
[90/1192] Building CXX object third_party/antlr4_runtime/CMakeFiles/antlr4_runtime.dir/src/ParserInterpreter.cpp.o
[91/1192] Building CXX object third_party/antlr4_runtime/CMakeFiles/antlr4_runtime.dir/src/ProxyErrorListener.cpp.o
[92/1192] Building CXX object third_party/antlr4_runtime/CMakeFiles/antlr4_runtime.dir/src/ParserRuleContext.cpp.o
[93/1192] Building CXX object third_party/antlr4_runtime/CMakeFiles/antlr4_runtime.dir/src/RecognitionException.cpp.o
[94/1192] Building CXX object third_party/antlr4_runtime/CMakeFiles/antlr4_runtime.dir/src/Recognizer.cpp.o
[95/1192] Building CXX object third_party/antlr4_runtime/CMakeFiles/antlr4_runtime.dir/src/RuleContext.cpp.o
[96/1192] Building CXX object third_party/antlr4_runtime/CMakeFiles/antlr4_runtime.dir/src/RuleContextWithAltNum.cpp.o
[97/1192] Building CXX object third_party/antlr4_runtime/CMakeFiles/antlr4_runtime.dir/src/RuntimeMetaData.cpp.o
[98/1192] Building CXX object third_party/antlr4_runtime/CMakeFiles/antlr4_runtime.dir/src/support/Any.cpp.o
[99/1192] Building CXX object third_party/antlr4_runtime/CMakeFiles/antlr4_runtime.dir/src/support/Arrays.cpp.o
[100/1192] Building CXX object third_party/antlr4_runtime/CMakeFiles/antlr4_runtime.dir/src/support/CPPUtils.cpp.o
[101/1192] Building CXX object third_party/antlr4_runtime/CMakeFiles/antlr4_runtime.dir/src/support/StringUtils.cpp.o
[102/1192] Building CXX object third_party/antlr4_runtime/CMakeFiles/antlr4_runtime.dir/src/support/Utf8.cpp.o
[103/1192] Building CXX object third_party/antlr4_runtime/CMakeFiles/antlr4_runtime.dir/src/Token.cpp.o
[104/1192] Building CXX object third_party/antlr4_runtime/CMakeFiles/antlr4_runtime.dir/src/TokenSource.cpp.o
[105/1192] Building CXX object third_party/antlr4_runtime/CMakeFiles/antlr4_runtime.dir/src/TokenStream.cpp.o
[106/1192] Building CXX object third_party/antlr4_runtime/CMakeFiles/antlr4_runtime.dir/src/tree/ErrorNodeImpl.cpp.o
[107/1192] Building CXX object third_party/antlr4_runtime/CMakeFiles/antlr4_runtime.dir/src/TokenStreamRewriter.cpp.o
[108/1192] Building CXX object third_party/antlr4_runtime/CMakeFiles/antlr4_runtime.dir/src/tree/ParseTree.cpp.o
[109/1192] Building CXX object third_party/antlr4_runtime/CMakeFiles/antlr4_runtime.dir/src/tree/IterativeParseTreeWalker.cpp.o
[110/1192] Building CXX object third_party/antlr4_runtime/CMakeFiles/antlr4_runtime.dir/src/tree/ParseTreeListener.cpp.o
[111/1192] Building CXX object third_party/antlr4_runtime/CMakeFiles/antlr4_runtime.dir/src/tree/ParseTreeVisitor.cpp.o
[112/1192] Building CXX object third_party/antlr4_runtime/CMakeFiles/antlr4_runtime.dir/src/tree/ParseTreeWalker.cpp.o
[113/1192] Building CXX object third_party/antlr4_runtime/CMakeFiles/antlr4_runtime.dir/src/tree/pattern/Chunk.cpp.o
[114/1192] Building CXX object third_party/antlr4_runtime/CMakeFiles/antlr4_runtime.dir/src/tree/pattern/ParseTreeMatch.cpp.o
[115/1192] Building CXX object third_party/antlr4_runtime/CMakeFiles/antlr4_runtime.dir/src/tree/pattern/ParseTreePattern.cpp.o
[116/1192] Building CXX object third_party/antlr4_runtime/CMakeFiles/antlr4_runtime.dir/src/tree/pattern/RuleTagToken.cpp.o
[117/1192] Building CXX object third_party/antlr4_runtime/CMakeFiles/antlr4_runtime.dir/src/tree/pattern/ParseTreePatternMatcher.cpp.o
[118/1192] Building CXX object third_party/antlr4_runtime/CMakeFiles/antlr4_runtime.dir/src/tree/pattern/TagChunk.cpp.o
[119/1192] Building CXX object third_party/antlr4_runtime/CMakeFiles/antlr4_runtime.dir/src/tree/pattern/TextChunk.cpp.o
[120/1192] Building CXX object third_party/antlr4_runtime/CMakeFiles/antlr4_runtime.dir/src/tree/pattern/TokenTagToken.cpp.o
[121/1192] Building CXX object third_party/antlr4_runtime/CMakeFiles/antlr4_runtime.dir/src/tree/TerminalNodeImpl.cpp.o
[122/1192] Building CXX object third_party/antlr4_runtime/CMakeFiles/antlr4_runtime.dir/src/tree/Trees.cpp.o
[123/1192] Building CXX object third_party/antlr4_runtime/CMakeFiles/antlr4_runtime.dir/src/tree/xpath/XPath.cpp.o
[124/1192] Building CXX object third_party/antlr4_runtime/CMakeFiles/antlr4_runtime.dir/src/tree/xpath/XPathElement.cpp.o
[125/1192] Building CXX object third_party/antlr4_runtime/CMakeFiles/antlr4_runtime.dir/src/tree/xpath/XPathLexerErrorListener.cpp.o
[126/1192] Building CXX object third_party/antlr4_runtime/CMakeFiles/antlr4_runtime.dir/src/tree/xpath/XPathLexer.cpp.o
[127/1192] Building CXX object third_party/antlr4_runtime/CMakeFiles/antlr4_runtime.dir/src/tree/xpath/XPathRuleAnywhereElement.cpp.o
[128/1192] Building CXX object third_party/antlr4_runtime/CMakeFiles/antlr4_runtime.dir/src/tree/xpath/XPathRuleElement.cpp.o
[129/1192] Building CXX object third_party/antlr4_runtime/CMakeFiles/antlr4_runtime.dir/src/tree/xpath/XPathTokenAnywhereElement.cpp.o
[130/1192] Building CXX object third_party/antlr4_runtime/CMakeFiles/antlr4_runtime.dir/src/tree/xpath/XPathTokenElement.cpp.o
[131/1192] Building CXX object third_party/antlr4_runtime/CMakeFiles/antlr4_runtime.dir/src/tree/xpath/XPathWildcardAnywhereElement.cpp.o
[132/1192] Building CXX object third_party/antlr4_runtime/CMakeFiles/antlr4_runtime.dir/src/tree/xpath/XPathWildcardElement.cpp.o
[133/1192] Building CXX object third_party/antlr4_runtime/CMakeFiles/antlr4_runtime.dir/src/UnbufferedCharStream.cpp.o
[134/1192] Building CXX object third_party/antlr4_runtime/CMakeFiles/antlr4_runtime.dir/src/UnbufferedTokenStream.cpp.o
[135/1192] Building CXX object third_party/antlr4_runtime/CMakeFiles/antlr4_runtime.dir/src/Vocabulary.cpp.o
[136/1192] Building C object third_party/brotli/CMakeFiles/brotlicommon.dir/c/common/constants.c.o
[137/1192] Building CXX object third_party/antlr4_runtime/CMakeFiles/antlr4_runtime.dir/src/WritableToken.cpp.o
[138/1192] Building C object third_party/brotli/CMakeFiles/brotlicommon.dir/c/common/context.c.o
[139/1192] Building C object third_party/brotli/CMakeFiles/brotlicommon.dir/c/common/dictionary.c.o
[140/1192] Building C object third_party/brotli/CMakeFiles/brotlicommon.dir/c/common/platform.c.o
[141/1192] Linking CXX static library third_party/antlr4_runtime/libantlr4_runtime.a
[142/1192] Building C object third_party/brotli/CMakeFiles/brotlicommon.dir/c/common/shared_dictionary.c.o
[143/1192] Building C object third_party/brotli/CMakeFiles/brotlicommon.dir/c/common/transform.c.o
[144/1192] Building CXX object third_party/antlr4_cypher/CMakeFiles/antlr4_cypher.dir/cypher_lexer.cpp.o
[145/1192] Linking C static library third_party/brotli/libbrotlicommon.a
[146/1192] Building C object third_party/brotli/CMakeFiles/brotlidec.dir/c/dec/bit_reader.c.o
[147/1192] Building C object third_party/brotli/CMakeFiles/brotlidec.dir/c/dec/decode.c.o
[148/1192] Building C object third_party/brotli/CMakeFiles/brotlidec.dir/c/dec/huffman.c.o
[149/1192] Building C object third_party/brotli/CMakeFiles/brotlidec.dir/c/dec/state.c.o
[150/1192] Building CXX object third_party/antlr4_cypher/CMakeFiles/antlr4_cypher.dir/cypher_parser.cpp.o
[151/1192] Building CXX object third_party/lz4/CMakeFiles/lz4.dir/lz4.cpp.o
[152/1192] Building CXX object third_party/mbedtls/CMakeFiles/mbedtls.dir/library/aes.cpp.o
[153/1192] Building CXX object third_party/mbedtls/CMakeFiles/mbedtls.dir/library/aria.cpp.o
[154/1192] Building CXX object third_party/mbedtls/CMakeFiles/mbedtls.dir/library/asn1parse.cpp.o
[155/1192] Building CXX object third_party/mbedtls/CMakeFiles/mbedtls.dir/library/base64.cpp.o
[156/1192] Building CXX object third_party/mbedtls/CMakeFiles/mbedtls.dir/library/bignum.cpp.o
[157/1192] Building CXX object third_party/mbedtls/CMakeFiles/mbedtls.dir/library/camellia.cpp.o
[158/1192] Building CXX object third_party/mbedtls/CMakeFiles/mbedtls.dir/library/cipher.cpp.o
[159/1192] Building CXX object third_party/mbedtls/CMakeFiles/mbedtls.dir/library/cipher_wrap.cpp.o
[160/1192] Building CXX object third_party/mbedtls/CMakeFiles/mbedtls.dir/library/constant_time.cpp.o
[161/1192] Building CXX object third_party/mbedtls/CMakeFiles/mbedtls.dir/library/entropy.cpp.o
[162/1192] Building CXX object third_party/mbedtls/CMakeFiles/mbedtls.dir/library/entropy_poll.cpp.o
[163/1192] Building CXX object third_party/mbedtls/CMakeFiles/mbedtls.dir/library/gcm.cpp.o
[164/1192] Building CXX object third_party/mbedtls/CMakeFiles/mbedtls.dir/library/md.cpp.o
[165/1192] Building CXX object third_party/mbedtls/CMakeFiles/mbedtls.dir/library/oid.cpp.o
[166/1192] Building CXX object third_party/mbedtls/CMakeFiles/mbedtls.dir/library/pem.cpp.o
[167/1192] Building CXX object third_party/mbedtls/CMakeFiles/mbedtls.dir/library/pk.cpp.o
[168/1192] Building CXX object third_party/mbedtls/CMakeFiles/mbedtls.dir/library/pk_wrap.cpp.o
[169/1192] Building CXX object third_party/mbedtls/CMakeFiles/mbedtls.dir/library/pkparse.cpp.o
[170/1192] Building CXX object third_party/mbedtls/CMakeFiles/mbedtls.dir/library/platform_util.cpp.o
[171/1192] Building CXX object third_party/mbedtls/CMakeFiles/mbedtls.dir/library/rsa.cpp.o
[172/1192] Building CXX object third_party/mbedtls/CMakeFiles/mbedtls.dir/library/rsa_alt_helpers.cpp.o
[173/1192] Building CXX object third_party/mbedtls/CMakeFiles/mbedtls.dir/library/sha1.cpp.o
[174/1192] Building CXX object third_party/mbedtls/CMakeFiles/mbedtls.dir/library/sha256.cpp.o
[175/1192] Building CXX object third_party/mbedtls/CMakeFiles/mbedtls.dir/library/sha512.cpp.o
[176/1192] Building CXX object third_party/miniz/CMakeFiles/miniz.dir/miniz.cpp.o
[177/1192] Building CXX object third_party/parquet/CMakeFiles/parquet.dir/parquet_constants.cpp.o
[178/1192] Building CXX object third_party/fastpfor/CMakeFiles/fastpfor.dir/fastpfor/bitpacking.cpp.o
[179/1192] Building CXX object third_party/parquet/CMakeFiles/parquet.dir/parquet_types.cpp.o
[180/1192] Building CXX object third_party/re2/CMakeFiles/re2.dir/bitstate.cpp.o
[181/1192] Building CXX object third_party/re2/CMakeFiles/re2.dir/compile.cpp.o
[182/1192] Building CXX object third_party/re2/CMakeFiles/re2.dir/dfa.cpp.o
[183/1192] Building CXX object third_party/re2/CMakeFiles/re2.dir/filtered_re2.cpp.o
[184/1192] Building CXX object third_party/re2/CMakeFiles/re2.dir/mimics_pcre.cpp.o
[185/1192] Building CXX object third_party/re2/CMakeFiles/re2.dir/nfa.cpp.o
[186/1192] Building CXX object third_party/re2/CMakeFiles/re2.dir/onepass.cpp.o
[187/1192] Building CXX object third_party/re2/CMakeFiles/re2.dir/perl_groups.cpp.o
[188/1192] Building CXX object third_party/re2/CMakeFiles/re2.dir/parse.cpp.o
[189/1192] Building CXX object third_party/re2/CMakeFiles/re2.dir/prefilter.cpp.o
[190/1192] Building CXX object third_party/re2/CMakeFiles/re2.dir/prefilter_tree.cpp.o
[191/1192] Building CXX object third_party/re2/CMakeFiles/re2.dir/prog.cpp.o
[192/1192] Building CXX object third_party/re2/CMakeFiles/re2.dir/re2.cpp.o
[193/1192] Building CXX object third_party/re2/CMakeFiles/re2.dir/regexp.cpp.o
[194/1192] Building CXX object third_party/re2/CMakeFiles/re2.dir/set.cpp.o
[195/1192] Building CXX object third_party/re2/CMakeFiles/re2.dir/stringpiece.cpp.o
[196/1192] Building CXX object third_party/re2/CMakeFiles/re2.dir/simplify.cpp.o
[197/1192] Building CXX object third_party/re2/CMakeFiles/re2.dir/unicode_casefold.cpp.o
[198/1192] Building CXX object third_party/re2/CMakeFiles/re2.dir/unicode_groups.cpp.o
[199/1192] Building CXX object third_party/re2/CMakeFiles/re2.dir/rune.cpp.o
[200/1192] Building CXX object third_party/re2/CMakeFiles/re2.dir/strutil.cpp.o
[201/1192] Building CXX object third_party/re2/CMakeFiles/re2.dir/tostring.cpp.o
[202/1192] Building C object third_party/simsimd/CMakeFiles/simsimd.dir/lib.c.o
[203/1192] Building CXX object third_party/snappy/CMakeFiles/snappy.dir/snappy.cc.o
[204/1192] Building CXX object third_party/snappy/CMakeFiles/snappy.dir/snappy-sinksource.cc.o
[205/1192] Building C object third_party/roaring_bitmap/CMakeFiles/roaring_bitmap.dir/roaring.c.o
[206/1192] Building CXX object third_party/thrift/CMakeFiles/thrift.dir/transport/TTransportException.cpp.o
[207/1192] Building CXX object third_party/thrift/CMakeFiles/thrift.dir/protocol/TProtocol.cpp.o
[208/1192] Building CXX object third_party/utf8proc/CMakeFiles/utf8proc.dir/utf8proc.cpp.o
[209/1192] Building CXX object third_party/thrift/CMakeFiles/thrift.dir/transport/TBufferTransports.cpp.o
[210/1192] Building CXX object third_party/utf8proc/CMakeFiles/utf8proc.dir/utf8proc_wrapper.cpp.o
[211/1192] Building CXX object third_party/zstd/CMakeFiles/zstd.dir/common/entropy_common.cpp.o
[212/1192] Building CXX object third_party/zstd/CMakeFiles/zstd.dir/common/error_private.cpp.o
[213/1192] Building CXX object third_party/zstd/CMakeFiles/zstd.dir/common/fse_decompress.cpp.o
[214/1192] Building CXX object third_party/zstd/CMakeFiles/zstd.dir/common/xxhash.cpp.o
[215/1192] Building CXX object third_party/zstd/CMakeFiles/zstd.dir/common/zstd_common.cpp.o
[216/1192] Building CXX object third_party/zstd/CMakeFiles/zstd.dir/compress/fse_compress.cpp.o
[217/1192] Building CXX object third_party/zstd/CMakeFiles/zstd.dir/compress/hist.cpp.o
[218/1192] Building CXX object third_party/zstd/CMakeFiles/zstd.dir/compress/huf_compress.cpp.o
[219/1192] Building CXX object third_party/zstd/CMakeFiles/zstd.dir/compress/zstd_compress.cpp.o
[220/1192] Building CXX object third_party/zstd/CMakeFiles/zstd.dir/compress/zstd_compress_literals.cpp.o
[221/1192] Building C object third_party/yyjson/CMakeFiles/yyjson.dir/src/yyjson.c.o
[222/1192] Building CXX object third_party/zstd/CMakeFiles/zstd.dir/compress/zstd_compress_sequences.cpp.o
[223/1192] Building CXX object third_party/zstd/CMakeFiles/zstd.dir/compress/zstd_compress_superblock.cpp.o
[224/1192] Building CXX object third_party/zstd/CMakeFiles/zstd.dir/compress/zstd_double_fast.cpp.o
[225/1192] Building CXX object third_party/zstd/CMakeFiles/zstd.dir/compress/zstd_fast.cpp.o
[226/1192] Building CXX object third_party/zstd/CMakeFiles/zstd.dir/compress/zstd_ldm.cpp.o
[227/1192] Building CXX object third_party/zstd/CMakeFiles/zstd.dir/compress/zstd_opt.cpp.o
[228/1192] Building CXX object third_party/zstd/CMakeFiles/zstd.dir/compress/zstd_preSplit.cpp.o
[229/1192] Building CXX object third_party/zstd/CMakeFiles/zstd.dir/decompress/huf_decompress.cpp.o
[230/1192] Building CXX object third_party/zstd/CMakeFiles/zstd.dir/decompress/zstd_ddict.cpp.o
[231/1192] Building CXX object third_party/zstd/CMakeFiles/zstd.dir/compress/zstd_lazy.cpp.o
[232/1192] Building CXX object third_party/zstd/CMakeFiles/zstd.dir/decompress/zstd_decompress.cpp.o
[233/1192] Building C object extension/fts/third_party/snowball/CMakeFiles/snowball.dir/libstemmer/libstemmer.c.o
[234/1192] Building C object extension/fts/third_party/snowball/CMakeFiles/snowball.dir/runtime/utilities.c.o
[235/1192] Building CXX object third_party/zstd/CMakeFiles/zstd.dir/decompress/zstd_decompress_block.cpp.o
[236/1192] Building C object extension/fts/third_party/snowball/CMakeFiles/snowball.dir/runtime/api.c.o
[237/1192] Building C object extension/fts/third_party/snowball/CMakeFiles/snowball.dir/src_c/stem_UTF_8_arabic.c.o
[238/1192] Building C object extension/fts/third_party/snowball/CMakeFiles/snowball.dir/src_c/stem_UTF_8_basque.c.o
[239/1192] Building C object extension/fts/third_party/snowball/CMakeFiles/snowball.dir/src_c/stem_UTF_8_catalan.c.o
[240/1192] Building C object extension/fts/third_party/snowball/CMakeFiles/snowball.dir/src_c/stem_UTF_8_danish.c.o
[241/1192] Building C object extension/fts/third_party/snowball/CMakeFiles/snowball.dir/src_c/stem_UTF_8_dutch.c.o
[242/1192] Building C object extension/fts/third_party/snowball/CMakeFiles/snowball.dir/src_c/stem_UTF_8_english.c.o
[243/1192] Building C object extension/fts/third_party/snowball/CMakeFiles/snowball.dir/src_c/stem_UTF_8_finnish.c.o
[244/1192] Building C object extension/fts/third_party/snowball/CMakeFiles/snowball.dir/src_c/stem_UTF_8_french.c.o
[245/1192] Building C object extension/fts/third_party/snowball/CMakeFiles/snowball.dir/src_c/stem_UTF_8_german.c.o
[246/1192] Building C object extension/fts/third_party/snowball/CMakeFiles/snowball.dir/src_c/stem_UTF_8_german2.c.o
[247/1192] Building C object extension/fts/third_party/snowball/CMakeFiles/snowball.dir/src_c/stem_UTF_8_hindi.c.o
[248/1192] Building C object extension/fts/third_party/snowball/CMakeFiles/snowball.dir/src_c/stem_UTF_8_greek.c.o
[249/1192] Building C object extension/fts/third_party/snowball/CMakeFiles/snowball.dir/src_c/stem_UTF_8_hungarian.c.o
[250/1192] Building C object extension/fts/third_party/snowball/CMakeFiles/snowball.dir/src_c/stem_UTF_8_indonesian.c.o
[251/1192] Building C object extension/fts/third_party/snowball/CMakeFiles/snowball.dir/src_c/stem_UTF_8_irish.c.o
[252/1192] Building C object extension/fts/third_party/snowball/CMakeFiles/snowball.dir/src_c/stem_UTF_8_italian.c.o
[253/1192] Building C object extension/fts/third_party/snowball/CMakeFiles/snowball.dir/src_c/stem_UTF_8_lithuanian.c.o
[254/1192] Building C object extension/fts/third_party/snowball/CMakeFiles/snowball.dir/src_c/stem_UTF_8_kraaij_pohlmann.c.o
[255/1192] Building C object extension/fts/third_party/snowball/CMakeFiles/snowball.dir/src_c/stem_UTF_8_nepali.c.o
[256/1192] Building C object extension/fts/third_party/snowball/CMakeFiles/snowball.dir/src_c/stem_UTF_8_lovins.c.o
[257/1192] Building C object extension/fts/third_party/snowball/CMakeFiles/snowball.dir/src_c/stem_UTF_8_norwegian.c.o
[258/1192] Building C object extension/fts/third_party/snowball/CMakeFiles/snowball.dir/src_c/stem_UTF_8_porter.c.o
[259/1192] Building C object extension/fts/third_party/snowball/CMakeFiles/snowball.dir/src_c/stem_UTF_8_portuguese.c.o
[260/1192] Building C object extension/fts/third_party/snowball/CMakeFiles/snowball.dir/src_c/stem_UTF_8_romanian.c.o
[261/1192] Building C object extension/fts/third_party/snowball/CMakeFiles/snowball.dir/src_c/stem_UTF_8_russian.c.o
[262/1192] Building C object extension/fts/third_party/snowball/CMakeFiles/snowball.dir/src_c/stem_UTF_8_spanish.c.o
[263/1192] Building C object extension/fts/third_party/snowball/CMakeFiles/snowball.dir/src_c/stem_UTF_8_serbian.c.o
[264/1192] Building C object extension/fts/third_party/snowball/CMakeFiles/snowball.dir/src_c/stem_UTF_8_swedish.c.o
[265/1192] Building C object extension/fts/third_party/snowball/CMakeFiles/snowball.dir/src_c/stem_UTF_8_tamil.c.o
[266/1192] Building C object extension/fts/third_party/snowball/CMakeFiles/snowball.dir/src_c/stem_UTF_8_turkish.c.o
[267/1192] Linking C static library third_party/brotli/libbrotlidec.a
[268/1192] Linking CXX static library third_party/antlr4_cypher/libantlr4_cypher.a
[269/1192] Linking CXX static library third_party/fastpfor/libfastpfor.a
[270/1192] Linking CXX static library third_party/lz4/liblz4.a
[271/1192] Linking CXX static library third_party/miniz/libminiz.a
[272/1192] Linking CXX static library third_party/mbedtls/libmbedtls.a
[273/1192] Linking CXX static library third_party/parquet/libparquet.a
[274/1192] Linking CXX static library third_party/re2/libre2.a
[275/1192] Linking C static library third_party/roaring_bitmap/libroaring_bitmap.a
[276/1192] Linking C static library third_party/simsimd/libsimsimd.a
[277/1192] Linking CXX static library third_party/snappy/libsnappy.a
[278/1192] Linking CXX static library third_party/thrift/libthrift.a
[279/1192] Linking CXX static library third_party/utf8proc/libutf8proc.a
[280/1192] Linking C static library third_party/yyjson/libyyjson.a
[281/1192] Linking CXX static library third_party/zstd/libzstd.a
[282/1192] Building CXX object extension/duckdb/src/catalog/CMakeFiles/lbug_duckdb_catalog.dir/duckdb_table_catalog_entry.cpp.o
[283/1192] Building CXX object extension/duckdb/src/catalog/CMakeFiles/lbug_duckdb_catalog.dir/duckdb_catalog.cpp.o
[284/1192] Building CXX object extension/duckdb/src/connector/CMakeFiles/lbug_duckdb_connector.dir/duckdb_connector.cpp.o
[285/1192] Building CXX object extension/duckdb/src/connector/CMakeFiles/lbug_duckdb_connector.dir/local_duckdb_connector.cpp.o
[286/1192] Building CXX object extension/duckdb/src/connector/CMakeFiles/lbug_duckdb_connector.dir/remote_duckdb_connector.cpp.o
[287/1192] Building CXX object extension/duckdb/src/connector/CMakeFiles/lbug_duckdb_connector.dir/connector_factory.cpp.o
[288/1192] Building CXX object extension/duckdb/src/connector/CMakeFiles/lbug_duckdb_connector.dir/duckdb_secret_manager.cpp.o
[289/1192] Building CXX object extension/duckdb/src/connector/CMakeFiles/lbug_duckdb_connector.dir/duckdb_result_converter.cpp.o
[290/1192] Building CXX object extension/duckdb/src/connector/CMakeFiles/lbug_duckdb_connector.dir/duckdb_type_converter.cpp.o
[291/1192] Building CXX object extension/duckdb/src/main/CMakeFiles/duckdb_extension_main.dir/duckdb_options.cpp.o
[292/1192] Building CXX object extension/duckdb/src/main/CMakeFiles/duckdb_extension_main.dir/duckdb_extension.cpp.o
[293/1192] Building CXX object extension/duckdb/src/main/CMakeFiles/duckdb_extension_main.dir/__/__/__/httpfs/src/s3fs_config.cpp.o
[294/1192] Building CXX object extension/duckdb/src/function/CMakeFiles/lbug_duckdb_function.dir/clear_cache.cpp.o
[295/1192] Building CXX object extension/duckdb/src/function/CMakeFiles/lbug_duckdb_function.dir/duckdb_scan.cpp.o
[296/1192] Building CXX object extension/duckdb/src/storage/CMakeFiles/lbug_duckdb_storage.dir/duckdb_storage.cpp.o
[297/1192] Building CXX object extension/fts/src/catalog/CMakeFiles/lbug_fts_index_catalog.dir/fts_index_catalog_entry.cpp.o
[298/1192] Building CXX object extension/fts/src/function/CMakeFiles/lbug_fts_function.dir/drop_fts_index.cpp.o
[299/1192] Building CXX object extension/fts/src/function/CMakeFiles/lbug_fts_function.dir/create_fts_index.cpp.o
[300/1192] Building CXX object extension/fts/src/function/CMakeFiles/lbug_fts_function.dir/fts_config.cpp.o
[301/1192] Building CXX object extension/fts/src/function/CMakeFiles/lbug_fts_function.dir/fts_index_utils.cpp.o
[302/1192] Building CXX object extension/fts/src/function/CMakeFiles/lbug_fts_function.dir/query_fts_bind_data.cpp.o
[303/1192] Building CXX object extension/fts/src/function/CMakeFiles/lbug_fts_function.dir/query_fts_index.cpp.o
[304/1192] Building CXX object extension/fts/src/function/CMakeFiles/lbug_fts_function.dir/stem.cpp.o
[305/1192] Building CXX object extension/fts/src/function/CMakeFiles/lbug_fts_function.dir/tokenize.cpp.o
[306/1192] Building CXX object extension/fts/src/main/CMakeFiles/fts_extension_main.dir/fts_extension.cpp.o
[307/1192] Building CXX object extension/fts/src/index/CMakeFiles/lbug_fts_index.dir/fts_index.cpp.o
[308/1192] Building CXX object extension/fts/src/index/CMakeFiles/lbug_fts_index.dir/fts_internal_table_info.cpp.o
[309/1192] Building CXX object extension/fts/src/index/CMakeFiles/lbug_fts_index.dir/fts_update_state.cpp.o
[310/1192] Linking C static library extension/fts/third_party/snowball/libsnowball.a
[311/1192] Building CXX object extension/fts/src/utils/CMakeFiles/lbug_fts_utils.dir/fts_utils.cpp.o
[312/1192] Building CXX object extension/vector/src/catalog/CMakeFiles/lbug_hnsw_index_catalog.dir/hnsw_index_catalog_entry.cpp.o
[313/1192] Building CXX object extension/vector/src/function/CMakeFiles/lbug_hnsw_function.dir/create_hnsw_index.cpp.o
[314/1192] Building CXX object extension/vector/src/function/CMakeFiles/lbug_hnsw_function.dir/drop_hnsw_index.cpp.o
[315/1192] Building CXX object extension/vector/src/index/CMakeFiles/lbug_hnsw_index.dir/hnsw_config.cpp.o
[316/1192] Building CXX object extension/vector/src/function/CMakeFiles/lbug_hnsw_function.dir/query_hnsw_index.cpp.o
[317/1192] Building CXX object extension/vector/src/index/CMakeFiles/lbug_hnsw_index.dir/hnsw_index_utils.cpp.o
[318/1192] Building CXX object extension/vector/src/index/CMakeFiles/lbug_hnsw_index.dir/hnsw_index.cpp.o
[319/1192] Building CXX object extension/vector/src/index/CMakeFiles/lbug_hnsw_index.dir/hnsw_rel_batch_insert.cpp.o
[320/1192] Building CXX object extension/vector/src/index/CMakeFiles/lbug_hnsw_index.dir/hnsw_graph.cpp.o
[321/1192] Building CXX object extension/vector/src/main/CMakeFiles/vector_extension_main.dir/vector_extension.cpp.o
[322/1192] Building CXX object src/binder/CMakeFiles/lbug_binder.dir/binder_scope.cpp.o
[323/1192] Building CXX object src/binder/CMakeFiles/lbug_binder.dir/binder.cpp.o
[324/1192] Building CXX object src/binder/CMakeFiles/lbug_binder.dir/bound_statement_result.cpp.o
[325/1192] Building CXX object src/binder/CMakeFiles/lbug_binder.dir/bound_scan_source.cpp.o
[326/1192] Building CXX object src/binder/CMakeFiles/lbug_binder.dir/bound_statement_rewriter.cpp.o
[327/1192] Building CXX object src/binder/CMakeFiles/lbug_binder.dir/bound_statement_visitor.cpp.o
[328/1192] Building CXX object src/binder/CMakeFiles/lbug_binder.dir/expression_binder.cpp.o
[329/1192] Building CXX object src/binder/CMakeFiles/lbug_binder.dir/expression_visitor.cpp.o
[330/1192] Building CXX object src/binder/bind/CMakeFiles/lbug_binder_bind.dir/bind_attach_database.cpp.o
[331/1192] Building CXX object src/binder/bind/CMakeFiles/lbug_binder_bind.dir/bind_analyze.cpp.o
[332/1192] Building CXX object src/binder/bind/CMakeFiles/lbug_binder_bind.dir/bind_create_macro.cpp.o
[333/1192] Building CXX object src/binder/bind/CMakeFiles/lbug_binder_bind.dir/bind_detach_database.cpp.o
[334/1192] Building CXX object src/binder/bind/CMakeFiles/lbug_binder_bind.dir/bind_ddl.cpp.o
[335/1192] Building CXX object src/binder/bind/CMakeFiles/lbug_binder_bind.dir/bind_explain.cpp.o
[336/1192] Building CXX object src/binder/bind/CMakeFiles/lbug_binder_bind.dir/bind_extension_clause.cpp.o
[337/1192] Building CXX object src/binder/bind/CMakeFiles/lbug_binder_bind.dir/bind_graph.cpp.o
[338/1192] Building CXX object src/binder/bind/CMakeFiles/lbug_binder_bind.dir/bind_file_scan.cpp.o
[339/1192] Building CXX object src/binder/bind/CMakeFiles/lbug_binder_bind.dir/bind_projection_clause.cpp.o
[340/1192] Building CXX object src/binder/bind/CMakeFiles/lbug_binder_bind.dir/bind_graph_pattern.cpp.o
[341/1192] Building CXX object src/binder/bind/CMakeFiles/lbug_binder_bind.dir/bind_query.cpp.o
[342/1192] Building CXX object src/binder/bind/CMakeFiles/lbug_binder_bind.dir/bind_reading_clause.cpp.o
[343/1192] Building CXX object src/binder/bind/CMakeFiles/lbug_binder_bind.dir/bind_standalone_call.cpp.o
[344/1192] Building CXX object src/binder/bind/CMakeFiles/lbug_binder_bind.dir/bind_table_function.cpp.o
[345/1192] Building CXX object src/binder/bind/CMakeFiles/lbug_binder_bind.dir/bind_transaction.cpp.o
[346/1192] Building CXX object src/binder/bind/CMakeFiles/lbug_binder_bind.dir/bind_extension.cpp.o
[347/1192] Building CXX object src/binder/bind/CMakeFiles/lbug_binder_bind.dir/bind_updating_clause.cpp.o
[348/1192] Building CXX object src/binder/bind/CMakeFiles/lbug_binder_bind.dir/bind_export_database.cpp.o
[349/1192] Building CXX object src/binder/bind/CMakeFiles/lbug_binder_bind.dir/bind_import_database.cpp.o
[350/1192] Building CXX object src/binder/bind/CMakeFiles/lbug_binder_bind.dir/bind_use_database.cpp.o
[351/1192] Building CXX object src/binder/bind/CMakeFiles/lbug_binder_bind.dir/bind_standalone_call_function.cpp.o
[352/1192] Building CXX object src/binder/bind/copy/CMakeFiles/lbug_binder_bind_copy.dir/bind_copy_to.cpp.o
[353/1192] Building CXX object src/binder/bind/ddl/CMakeFiles/lbug_binder_bind_ddl.dir/bound_create_table_info.cpp.o
[354/1192] Building CXX object src/binder/bind/copy/CMakeFiles/lbug_binder_bind_copy.dir/bind_copy_from.cpp.o
[355/1192] Building CXX object src/binder/bind/read/CMakeFiles/lbug_binder_bind_read.dir/bind_in_query_call.cpp.o
[356/1192] Building CXX object src/binder/bind/read/CMakeFiles/lbug_binder_bind_read.dir/bind_load_from.cpp.o
[357/1192] Building CXX object src/binder/bind/read/CMakeFiles/lbug_binder_bind_read.dir/bind_unwind.cpp.o
[358/1192] Building CXX object src/binder/bind_expression/CMakeFiles/lbug_binder_bind_expression.dir/bind_boolean_expression.cpp.o
[359/1192] Building CXX object src/binder/bind/read/CMakeFiles/lbug_binder_bind_read.dir/bind_match.cpp.o
[360/1192] Building CXX object src/binder/bind_expression/CMakeFiles/lbug_binder_bind_expression.dir/bind_case_expression.cpp.o
[361/1192] Building CXX object src/binder/bind_expression/CMakeFiles/lbug_binder_bind_expression.dir/bind_comparison_expression.cpp.o
[362/1192] Building CXX object src/binder/bind_expression/CMakeFiles/lbug_binder_bind_expression.dir/bind_literal_expression.cpp.o
[363/1192] Building CXX object src/binder/bind_expression/CMakeFiles/lbug_binder_bind_expression.dir/bind_function_expression.cpp.o
[364/1192] Building CXX object src/binder/bind_expression/CMakeFiles/lbug_binder_bind_expression.dir/bind_null_operator_expression.cpp.o
[365/1192] Building CXX object src/binder/bind_expression/CMakeFiles/lbug_binder_bind_expression.dir/bind_parameter_expression.cpp.o
[366/1192] Building CXX object src/binder/bind_expression/CMakeFiles/lbug_binder_bind_expression.dir/bind_property_expression.cpp.o
[367/1192] Building CXX object src/binder/bind_expression/CMakeFiles/lbug_binder_bind_expression.dir/bind_subquery_expression.cpp.o
[368/1192] Building CXX object src/binder/bind_expression/CMakeFiles/lbug_binder_bind_expression.dir/bind_variable_expression.cpp.o
[369/1192] Building CXX object src/binder/bind_expression/CMakeFiles/lbug_binder_bind_expression.dir/bind_lambda_expression.cpp.o
[370/1192] Building CXX object src/binder/ddl/CMakeFiles/lbug_binder_ddl.dir/bound_alter_info.cpp.o
[371/1192] Building CXX object src/binder/ddl/CMakeFiles/lbug_binder_ddl.dir/property_definition.cpp.o
[372/1192] Building CXX object src/binder/expression/CMakeFiles/lbug_binder_expression.dir/case_expression.cpp.o
[373/1192] Building CXX object src/binder/expression/CMakeFiles/lbug_binder_expression.dir/aggregate_function_expression.cpp.o
[374/1192] Building CXX object src/binder/expression/CMakeFiles/lbug_binder_expression.dir/expression.cpp.o
[375/1192] Building CXX object src/binder/expression/CMakeFiles/lbug_binder_expression.dir/literal_expression.cpp.o
[376/1192] Building CXX object src/binder/expression/CMakeFiles/lbug_binder_expression.dir/expression_util.cpp.o
[377/1192] Building CXX object src/binder/expression/CMakeFiles/lbug_binder_expression.dir/node_expression.cpp.o
[378/1192] Building CXX object src/binder/expression/CMakeFiles/lbug_binder_expression.dir/node_rel_expression.cpp.o
[379/1192] Building CXX object src/binder/expression/CMakeFiles/lbug_binder_expression.dir/property_expression.cpp.o
[380/1192] Building CXX object src/binder/expression/CMakeFiles/lbug_binder_expression.dir/parameter_expression.cpp.o
[381/1192] Building CXX object src/binder/expression/CMakeFiles/lbug_binder_expression.dir/scalar_function_expression.cpp.o
[382/1192] Building CXX object src/binder/expression/CMakeFiles/lbug_binder_expression.dir/rel_expression.cpp.o
[383/1192] Building CXX object src/binder/query/CMakeFiles/lbug_binder_query.dir/bound_insert_clause.cpp.o
[384/1192] Building CXX object src/binder/expression/CMakeFiles/lbug_binder_expression.dir/variable_expression.cpp.o
[385/1192] Building CXX object src/binder/query/CMakeFiles/lbug_binder_query.dir/bound_delete_clause.cpp.o
[386/1192] Building CXX object src/binder/query/CMakeFiles/lbug_binder_query.dir/bound_set_clause.cpp.o
[387/1192] Building CXX object src/binder/query/CMakeFiles/lbug_binder_query.dir/bound_merge_clause.cpp.o
[388/1192] Building CXX object src/binder/query/CMakeFiles/lbug_binder_query.dir/query_graph.cpp.o
[389/1192] Building CXX object src/binder/query/CMakeFiles/lbug_binder_query.dir/query_graph_label_analyzer.cpp.o
[390/1192] Building CXX object src/binder/rewriter/CMakeFiles/lbug_binder_rewriter.dir/match_clause_pattern_label_rewriter.cpp.o
[391/1192] Building CXX object src/binder/rewriter/CMakeFiles/lbug_binder_rewriter.dir/normalized_query_part_match_rewriter.cpp.o
[392/1192] Building CXX object src/binder/rewriter/CMakeFiles/lbug_binder_rewriter.dir/with_clause_projection_rewriter.cpp.o
[393/1192] Building CXX object src/binder/visitor/CMakeFiles/lbug_binder_visitor.dir/confidential_statement_analyzer.cpp.o
[394/1192] Building CXX object src/binder/visitor/CMakeFiles/lbug_binder_visitor.dir/default_type_solver.cpp.o
[395/1192] Building CXX object src/binder/visitor/CMakeFiles/lbug_binder_visitor.dir/property_collector.cpp.o
[396/1192] Building CXX object src/c_api/CMakeFiles/lbug_c_api.dir/connection.cpp.o
[397/1192] Building CXX object src/c_api/CMakeFiles/lbug_c_api.dir/data_type.cpp.o
[398/1192] Building CXX object src/c_api/CMakeFiles/lbug_c_api.dir/database.cpp.o
[399/1192] Building CXX object src/c_api/CMakeFiles/lbug_c_api.dir/helpers.cpp.o
[400/1192] Building CXX object src/c_api/CMakeFiles/lbug_c_api.dir/flat_tuple.cpp.o
[401/1192] Building CXX object src/c_api/CMakeFiles/lbug_c_api.dir/prepared_statement.cpp.o
[402/1192] Building CXX object src/c_api/CMakeFiles/lbug_c_api.dir/query_summary.cpp.o
[403/1192] Building CXX object src/c_api/CMakeFiles/lbug_c_api.dir/query_result.cpp.o
[404/1192] Building CXX object src/c_api/CMakeFiles/lbug_c_api.dir/version.cpp.o
[405/1192] Building CXX object src/c_api/CMakeFiles/lbug_c_api.dir/value.cpp.o
[406/1192] Building CXX object src/catalog/CMakeFiles/lbug_catalog.dir/catalog.cpp.o
[407/1192] Building CXX object src/catalog/CMakeFiles/lbug_catalog.dir/catalog_set.cpp.o
[408/1192] Building CXX object src/catalog/CMakeFiles/lbug_catalog.dir/property_definition_collection.cpp.o
[409/1192] Building CXX object src/catalog/catalog_entry/CMakeFiles/lbug_catalog_entry.dir/catalog_entry.cpp.o
[410/1192] Building CXX object src/catalog/catalog_entry/CMakeFiles/lbug_catalog_entry.dir/catalog_entry_type.cpp.o
[411/1192] Building CXX object src/catalog/catalog_entry/CMakeFiles/lbug_catalog_entry.dir/function_catalog_entry.cpp.o
[412/1192] Building CXX object src/catalog/catalog_entry/CMakeFiles/lbug_catalog_entry.dir/graph_catalog_entry.cpp.o
[413/1192] Building CXX object src/catalog/catalog_entry/CMakeFiles/lbug_catalog_entry.dir/table_catalog_entry.cpp.o
[414/1192] Building CXX object src/catalog/catalog_entry/CMakeFiles/lbug_catalog_entry.dir/node_table_catalog_entry.cpp.o
[415/1192] Building CXX object src/catalog/catalog_entry/CMakeFiles/lbug_catalog_entry.dir/node_table_id_pair.cpp.o
[416/1192] Building CXX object src/catalog/catalog_entry/CMakeFiles/lbug_catalog_entry.dir/scalar_macro_catalog_entry.cpp.o
[417/1192] Building CXX object src/catalog/catalog_entry/CMakeFiles/lbug_catalog_entry.dir/type_catalog_entry.cpp.o
[418/1192] Building CXX object src/catalog/catalog_entry/CMakeFiles/lbug_catalog_entry.dir/rel_group_catalog_entry.cpp.o
[419/1192] Building CXX object src/catalog/catalog_entry/CMakeFiles/lbug_catalog_entry.dir/sequence_catalog_entry.cpp.o
[420/1192] Building CXX object src/common/CMakeFiles/lbug_common.dir/case_insensitive_map.cpp.o
[421/1192] Building CXX object src/catalog/catalog_entry/CMakeFiles/lbug_catalog_entry.dir/index_catalog_entry.cpp.o
[422/1192] Building CXX object src/common/CMakeFiles/lbug_common.dir/constants.cpp.o
[423/1192] Building CXX object src/common/CMakeFiles/lbug_common.dir/checksum.cpp.o
[424/1192] Building CXX object src/common/CMakeFiles/lbug_common.dir/database_lifecycle_manager.cpp.o
[425/1192] Building CXX object src/common/CMakeFiles/lbug_common.dir/in_mem_overflow_buffer.cpp.o
[426/1192] Building CXX object src/common/CMakeFiles/lbug_common.dir/expression_type.cpp.o
[427/1192] Building CXX object src/common/CMakeFiles/lbug_common.dir/mask.cpp.o
[428/1192] Building CXX object src/common/CMakeFiles/lbug_common.dir/md5.cpp.o
[429/1192] Building CXX object src/common/CMakeFiles/lbug_common.dir/json_utils.cpp.o
[430/1192] Building CXX object src/common/CMakeFiles/lbug_common.dir/metric.cpp.o
[431/1192] Building CXX object src/common/CMakeFiles/lbug_common.dir/null_mask.cpp.o
[432/1192] Building CXX object src/common/CMakeFiles/lbug_common.dir/partition_routing_hook.cpp.o
[433/1192] Building CXX object src/common/CMakeFiles/lbug_common.dir/profiler.cpp.o
[434/1192] Building CXX object src/common/CMakeFiles/lbug_common.dir/random_engine.cpp.o
[435/1192] Building CXX object src/common/CMakeFiles/lbug_common.dir/sha256.cpp.o
[436/1192] Building CXX object src/common/CMakeFiles/lbug_common.dir/roaring_mask.cpp.o
[437/1192] Building CXX object src/common/CMakeFiles/lbug_common.dir/system_message.cpp.o
[438/1192] Building CXX object src/common/CMakeFiles/lbug_common.dir/string_utils.cpp.o
[439/1192] Building CXX object src/common/CMakeFiles/lbug_common.dir/utils.cpp.o
[440/1192] Building CXX object src/common/CMakeFiles/lbug_common.dir/windows_utils.cpp.o
[441/1192] Building CXX object src/common/CMakeFiles/lbug_common.dir/type_utils.cpp.o
[442/1192] Building CXX object src/common/arrow/CMakeFiles/lbug_common_arrow.dir/arrow_converter.cpp.o
[443/1192] Building CXX object src/common/arrow/CMakeFiles/lbug_common_arrow.dir/arrow_schema_metadata_generic_decoder.cpp.o
[444/1192] Building CXX object src/common/arrow/CMakeFiles/lbug_common_arrow.dir/arrow_array_scan.cpp.o
[445/1192] Building CXX object src/common/arrow/CMakeFiles/lbug_common_arrow.dir/arrow_schema_metadata_snowflake_decoder.cpp.o
[446/1192] Building CXX object src/common/arrow/CMakeFiles/lbug_common_arrow.dir/arrow_schema_metadata_utils.cpp.o
[447/1192] Building CXX object src/common/arrow/CMakeFiles/lbug_common_arrow.dir/arrow_schema_metadata.cpp.o
[448/1192] Building CXX object src/common/arrow/CMakeFiles/lbug_common_arrow.dir/arrow_null_mask_tree.cpp.o
[449/1192] Building CXX object src/common/arrow/CMakeFiles/lbug_common_arrow.dir/arrow_row_batch.cpp.o
[450/1192] Building CXX object src/common/arrow/CMakeFiles/lbug_common_arrow.dir/arrow_type.cpp.o
[451/1192] Building CXX object src/common/copier_config/CMakeFiles/lbug_common_copier_config.dir/csv_reader_config.cpp.o
[452/1192] Building CXX object src/common/data_chunk/CMakeFiles/lbug_common_data_chunk.dir/data_chunk.cpp.o
[453/1192] Building CXX object src/common/copier_config/CMakeFiles/lbug_common_copier_config.dir/reader_config.cpp.o
[454/1192] Building CXX object src/common/data_chunk/CMakeFiles/lbug_common_data_chunk.dir/data_chunk_collection.cpp.o
[455/1192] Building CXX object src/common/data_chunk/CMakeFiles/lbug_common_data_chunk.dir/data_chunk_state.cpp.o
[456/1192] Building CXX object src/common/data_chunk/CMakeFiles/lbug_common_data_chunk.dir/sel_vector.cpp.o
[457/1192] Building CXX object src/common/enums/CMakeFiles/lbug_common_enums.dir/accumulate_type.cpp.o
[458/1192] Building CXX object src/common/enums/CMakeFiles/lbug_common_enums.dir/storage_format.cpp.o
[459/1192] Building CXX object src/common/enums/CMakeFiles/lbug_common_enums.dir/path_semantic.cpp.o
[460/1192] Building CXX object src/common/enums/CMakeFiles/lbug_common_enums.dir/query_rel_type.cpp.o
[461/1192] Building CXX object src/common/enums/CMakeFiles/lbug_common_enums.dir/rel_direction.cpp.o
[462/1192] Building CXX object src/common/enums/CMakeFiles/lbug_common_enums.dir/rel_multiplicity.cpp.o
[463/1192] Building CXX object src/common/enums/CMakeFiles/lbug_common_enums.dir/scan_source_type.cpp.o
[464/1192] Building CXX object src/common/enums/CMakeFiles/lbug_common_enums.dir/table_type.cpp.o
[465/1192] Building CXX object src/common/enums/CMakeFiles/lbug_common_enums.dir/transaction_action.cpp.o
[466/1192] Building CXX object src/common/enums/CMakeFiles/lbug_common_enums.dir/drop_type.cpp.o
[467/1192] Building CXX object src/common/enums/CMakeFiles/lbug_common_enums.dir/extend_direction_util.cpp.o
[468/1192] Building CXX object src/common/exception/CMakeFiles/lbug_common_exception.dir/exception.cpp.o
[469/1192] Building CXX object src/common/enums/CMakeFiles/lbug_common_enums.dir/conflict_action.cpp.o
[470/1192] Building CXX object src/common/serializer/CMakeFiles/lbug_common_serializer.dir/buffer_writer.cpp.o
[471/1192] Building CXX object src/common/exception/CMakeFiles/lbug_common_exception.dir/message.cpp.o
[472/1192] Building CXX object src/common/serializer/CMakeFiles/lbug_common_serializer.dir/deserializer.cpp.o
[473/1192] Building CXX object src/common/serializer/CMakeFiles/lbug_common_serializer.dir/buffered_file.cpp.o
[474/1192] Building CXX object src/common/serializer/CMakeFiles/lbug_common_serializer.dir/in_mem_file_writer.cpp.o
[475/1192] Building CXX object src/common/serializer/CMakeFiles/lbug_common_serializer.dir/serializer.cpp.o
[476/1192] Building CXX object src/common/task_system/CMakeFiles/lbug_common_task_system.dir/task.cpp.o
[477/1192] Building CXX object src/common/task_system/CMakeFiles/lbug_common_task_system.dir/task_scheduler.cpp.o
[478/1192] Building CXX object src/common/task_system/CMakeFiles/lbug_common_task_system.dir/progress_bar.cpp.o
[479/1192] Building CXX object src/common/task_system/CMakeFiles/lbug_common_task_system.dir/terminal_progress_bar_display.cpp.o
[480/1192] Building CXX object src/common/types/CMakeFiles/lbug_common_types.dir/blob.cpp.o
[481/1192] Building CXX object src/common/types/CMakeFiles/lbug_common_types.dir/date_t.cpp.o
[482/1192] Building CXX object src/common/types/CMakeFiles/lbug_common_types.dir/dtime_t.cpp.o
[483/1192] Building CXX object src/common/types/CMakeFiles/lbug_common_types.dir/json_type.cpp.o
[484/1192] Building CXX object src/common/types/CMakeFiles/lbug_common_types.dir/list_t.cpp.o
[485/1192] Building CXX object src/common/types/CMakeFiles/lbug_common_types.dir/interval_t.cpp.o
[486/1192] Building CXX object src/common/types/CMakeFiles/lbug_common_types.dir/string_t.cpp.o
[487/1192] Building CXX object src/common/types/CMakeFiles/lbug_common_types.dir/timestamp_t.cpp.o
[488/1192] Building CXX object src/common/types/CMakeFiles/lbug_common_types.dir/int128_t.cpp.o
[489/1192] Building CXX object src/common/types/CMakeFiles/lbug_common_types.dir/types.cpp.o
[490/1192] Building CXX object src/common/types/CMakeFiles/lbug_common_types.dir/uuid.cpp.o
[491/1192] Building CXX object src/common/types/CMakeFiles/lbug_common_types.dir/uint128_t.cpp.o
[492/1192] Building CXX object src/common/types/value/CMakeFiles/lbug_common_types_value.dir/nested.cpp.o
[493/1192] Building CXX object src/common/types/value/CMakeFiles/lbug_common_types_value.dir/node.cpp.o
[494/1192] Building CXX object src/common/types/value/CMakeFiles/lbug_common_types_value.dir/recursive_rel.cpp.o
[495/1192] Building CXX object src/common/types/value/CMakeFiles/lbug_common_types_value.dir/rel.cpp.o
[496/1192] Building CXX object src/common/types/value/CMakeFiles/lbug_common_types_value.dir/value.cpp.o
[497/1192] Building CXX object src/common/vector/CMakeFiles/lbug_common_vector.dir/auxiliary_buffer.cpp.o
[498/1192] Building CXX object src/common/vector/CMakeFiles/lbug_common_vector.dir/value_vector.cpp.o
[499/1192] Building CXX object src/common/file_system/CMakeFiles/lbug_file_system.dir/compressed_file_system.cpp.o
[500/1192] Building CXX object src/common/file_system/CMakeFiles/lbug_file_system.dir/file_info.cpp.o
[501/1192] Building CXX object src/common/file_system/CMakeFiles/lbug_file_system.dir/file_system.cpp.o
[502/1192] Building CXX object src/common/file_system/CMakeFiles/lbug_file_system.dir/local_file_system.cpp.o
[503/1192] Building CXX object src/common/file_system/CMakeFiles/lbug_file_system.dir/virtual_file_system.cpp.o
[504/1192] Building CXX object src/expression_evaluator/CMakeFiles/lbug_expression_evaluator.dir/case_evaluator.cpp.o
[505/1192] Building CXX object src/common/file_system/CMakeFiles/lbug_file_system.dir/gzip_file_system.cpp.o
[506/1192] Building CXX object src/expression_evaluator/CMakeFiles/lbug_expression_evaluator.dir/expression_evaluator_utils.cpp.o
[507/1192] Building CXX object src/expression_evaluator/CMakeFiles/lbug_expression_evaluator.dir/expression_evaluator.cpp.o
[508/1192] Building CXX object src/expression_evaluator/CMakeFiles/lbug_expression_evaluator.dir/expression_evaluator_visitor.cpp.o
[509/1192] Building CXX object src/expression_evaluator/CMakeFiles/lbug_expression_evaluator.dir/function_evaluator.cpp.o
[510/1192] Building CXX object src/expression_evaluator/CMakeFiles/lbug_expression_evaluator.dir/list_slice_info.cpp.o
[511/1192] Building CXX object src/expression_evaluator/CMakeFiles/lbug_expression_evaluator.dir/literal_evaluator.cpp.o
[512/1192] Building CXX object src/expression_evaluator/CMakeFiles/lbug_expression_evaluator.dir/lambda_evaluator.cpp.o
[513/1192] Building CXX object src/expression_evaluator/CMakeFiles/lbug_expression_evaluator.dir/pattern_evaluator.cpp.o
[514/1192] Building CXX object src/expression_evaluator/CMakeFiles/lbug_expression_evaluator.dir/reference_evaluator.cpp.o
[515/1192] Building CXX object src/expression_evaluator/CMakeFiles/lbug_expression_evaluator.dir/path_evaluator.cpp.o
[516/1192] Building CXX object src/function/CMakeFiles/lbug_function.dir/base_lower_upper_operation.cpp.o
[517/1192] Building CXX object src/function/CMakeFiles/lbug_function.dir/aggregate_function.cpp.o
[518/1192] Building CXX object src/function/CMakeFiles/lbug_function.dir/built_in_function_utils.cpp.o
[519/1192] Building CXX object src/function/CMakeFiles/lbug_function.dir/cast_string_non_nested_functions.cpp.o
[520/1192] Building CXX object src/function/CMakeFiles/lbug_function.dir/comparison_functions.cpp.o
[521/1192] Building CXX object src/function/CMakeFiles/lbug_function.dir/find_function.cpp.o
[522/1192] Building CXX object src/function/CMakeFiles/lbug_function.dir/cast_from_string_functions.cpp.o
[523/1192] Building CXX object src/function/CMakeFiles/lbug_function.dir/function.cpp.o
[524/1192] Building CXX object src/function/CMakeFiles/lbug_function.dir/scalar_macro_function.cpp.o
[525/1192] Building CXX object src/function/CMakeFiles/lbug_function.dir/function_collection.cpp.o
[526/1192] Building CXX object src/function/CMakeFiles/lbug_function.dir/vector_boolean_functions.cpp.o
[527/1192] Building CXX object src/function/CMakeFiles/lbug_function.dir/vector_arithmetic_functions.cpp.o
[528/1192] Building CXX object src/function/CMakeFiles/lbug_function.dir/vector_date_functions.cpp.o
[529/1192] Building CXX object src/function/CMakeFiles/lbug_function.dir/vector_hash_functions.cpp.o
[530/1192] Building CXX object src/function/CMakeFiles/lbug_function.dir/vector_null_functions.cpp.o
[531/1192] Building CXX object src/function/CMakeFiles/lbug_function.dir/vector_node_rel_functions.cpp.o
[532/1192] Building CXX object src/function/CMakeFiles/lbug_function.dir/vector_string_functions.cpp.o
[533/1192] Building CXX object src/function/CMakeFiles/lbug_function.dir/vector_timestamp_functions.cpp.o
[534/1192] Building CXX object src/function/CMakeFiles/lbug_function.dir/vector_cast_functions.cpp.o
[535/1192] Building CXX object src/function/CMakeFiles/lbug_function.dir/vector_blob_functions.cpp.o
[536/1192] Building CXX object src/function/CMakeFiles/lbug_function.dir/vector_uuid_functions.cpp.o
[537/1192] Building CXX object src/function/CMakeFiles/lbug_function.dir/simd_filter.cpp.o
[538/1192] Building CXX object src/function/CMakeFiles/lbug_function.dir/simd_filter_neon.cpp.o
[539/1192] Building CXX object src/function/aggregate/CMakeFiles/lbug_function_aggregate.dir/count.cpp.o
[540/1192] Building CXX object src/function/aggregate/CMakeFiles/lbug_function_aggregate.dir/count_star.cpp.o
[541/1192] Building CXX object src/function/aggregate/CMakeFiles/lbug_function_aggregate.dir/collect.cpp.o
[542/1192] Building CXX object src/function/aggregate/CMakeFiles/lbug_function_aggregate.dir/histogram.cpp.o
[543/1192] Building CXX object src/function/aggregate/CMakeFiles/lbug_function_aggregate.dir/min_max.cpp.o
[544/1192] Building CXX object src/function/aggregate/CMakeFiles/lbug_function_aggregate.dir/percentile_disc.cpp.o
[545/1192] Building CXX object src/function/aggregate/CMakeFiles/lbug_function_aggregate.dir/sum.cpp.o
[546/1192] Building CXX object src/function/aggregate/CMakeFiles/lbug_function_aggregate.dir/percentile_cont.cpp.o
[547/1192] Building CXX object src/function/aggregate/CMakeFiles/lbug_function_aggregate.dir/avg.cpp.o
[548/1192] Building CXX object src/function/arithmetic/CMakeFiles/lbug_function_arithmetic.dir/multiply.cpp.o
[549/1192] Building CXX object src/function/arithmetic/CMakeFiles/lbug_function_arithmetic.dir/add.cpp.o
[550/1192] Building CXX object src/function/arithmetic/CMakeFiles/lbug_function_arithmetic.dir/subtract.cpp.o
[551/1192] Building CXX object src/function/arithmetic/CMakeFiles/lbug_function_arithmetic.dir/divide.cpp.o
[552/1192] Building CXX object src/function/arithmetic/CMakeFiles/lbug_function_arithmetic.dir/modulo.cpp.o
[553/1192] Building CXX object src/function/arithmetic/CMakeFiles/lbug_function_arithmetic.dir/negate.cpp.o
[554/1192] Building CXX object src/function/arithmetic/CMakeFiles/lbug_function_arithmetic.dir/abs.cpp.o
[555/1192] Building CXX object src/function/arithmetic/CMakeFiles/lbug_function_arithmetic.dir/rand_function.cpp.o
[556/1192] Building CXX object src/function/arithmetic/CMakeFiles/lbug_function_arithmetic.dir/set_seed.cpp.o
[557/1192] Building CXX object src/function/array/CMakeFiles/lbug_function_array.dir/array_value.cpp.o
[558/1192] Building CXX object src/function/array/CMakeFiles/lbug_function_array.dir/array_functions.cpp.o
[559/1192] Building CXX object src/function/date/CMakeFiles/lbug_function_date.dir/date_functions.cpp.o
[560/1192] Building CXX object src/function/cast/CMakeFiles/lbug_function_cast.dir/cast_array.cpp.o
[561/1192] Building CXX object src/function/gds/CMakeFiles/lbug_function_algorithm.dir/asp_paths.cpp.o
[562/1192] Building CXX object src/function/gds/CMakeFiles/lbug_function_algorithm.dir/asp_destinations.cpp.o
[563/1192] Building CXX object src/function/gds/CMakeFiles/lbug_function_algorithm.dir/bfs_graph.cpp.o
[564/1192] Building CXX object src/function/gds/CMakeFiles/lbug_function_algorithm.dir/awsp_paths.cpp.o
[565/1192] Building CXX object src/function/gds/CMakeFiles/lbug_function_algorithm.dir/frontier_morsel.cpp.o
[566/1192] Building CXX object src/function/gds/CMakeFiles/lbug_function_algorithm.dir/gds_frontier.cpp.o
[567/1192] Building CXX object src/function/gds/CMakeFiles/lbug_function_algorithm.dir/gds_state.cpp.o
[568/1192] Building CXX object src/function/gds/CMakeFiles/lbug_function_algorithm.dir/gds.cpp.o
[569/1192] Building CXX object src/function/gds/CMakeFiles/lbug_function_algorithm.dir/gds_task.cpp.o
[570/1192] Building CXX object src/function/gds/CMakeFiles/lbug_function_algorithm.dir/gds_utils.cpp.o
[571/1192] Building CXX object src/function/gds/CMakeFiles/lbug_function_algorithm.dir/output_writer.cpp.o
[572/1192] Building CXX object src/function/gds/CMakeFiles/lbug_function_algorithm.dir/rec_joins.cpp.o
[573/1192] Building CXX object src/function/gds/CMakeFiles/lbug_function_algorithm.dir/ssp_destinations.cpp.o
[574/1192] Building CXX object src/function/gds/CMakeFiles/lbug_function_algorithm.dir/ssp_paths.cpp.o
[575/1192] Building CXX object src/function/gds/CMakeFiles/lbug_function_algorithm.dir/variable_length_path.cpp.o
[576/1192] Building CXX object src/function/gds/CMakeFiles/lbug_function_algorithm.dir/wsp_destinations.cpp.o
[577/1192] Building CXX object src/function/gds/CMakeFiles/lbug_function_algorithm.dir/wsp_paths.cpp.o
[578/1192] Building CXX object src/function/list/CMakeFiles/lbug_list_function.dir/list_agg_function.cpp.o
[579/1192] Building CXX object src/function/list/CMakeFiles/lbug_list_function.dir/list_any_value_function.cpp.o
[580/1192] Building CXX object src/function/list/CMakeFiles/lbug_list_function.dir/list_any.cpp.o
[581/1192] Building CXX object src/function/list/CMakeFiles/lbug_list_function.dir/list_all.cpp.o
[582/1192] Building CXX object src/function/list/CMakeFiles/lbug_list_function.dir/list_concat_function.cpp.o
[583/1192] Building CXX object src/function/list/CMakeFiles/lbug_list_function.dir/list_append_function.cpp.o
[584/1192] Building CXX object src/function/list/CMakeFiles/lbug_list_function.dir/list_creation.cpp.o
[585/1192] Building CXX object src/function/list/CMakeFiles/lbug_list_function.dir/list_contains_function.cpp.o
[586/1192] Building CXX object src/function/list/CMakeFiles/lbug_list_function.dir/list_distinct_function.cpp.o
[587/1192] Building CXX object src/function/list/CMakeFiles/lbug_list_function.dir/list_extract_function.cpp.o
[588/1192] Building CXX object src/function/list/CMakeFiles/lbug_list_function.dir/list_range_function.cpp.o
[589/1192] Building CXX object src/function/list/CMakeFiles/lbug_list_function.dir/list_reverse_function.cpp.o
[590/1192] Building CXX object src/function/list/CMakeFiles/lbug_list_function.dir/list_slice_function.cpp.o
[591/1192] Building CXX object src/function/list/CMakeFiles/lbug_list_function.dir/list_to_string_function.cpp.o
[592/1192] Building CXX object src/function/list/CMakeFiles/lbug_list_function.dir/list_unique_function.cpp.o
[593/1192] Building CXX object src/function/list/CMakeFiles/lbug_list_function.dir/list_prepend_function.cpp.o
[594/1192] Building CXX object src/function/list/CMakeFiles/lbug_list_function.dir/list_sort_function.cpp.o
[595/1192] Building CXX object src/function/list/CMakeFiles/lbug_list_function.dir/list_position_function.cpp.o
[596/1192] Building CXX object src/function/list/CMakeFiles/lbug_list_function.dir/list_transform.cpp.o
[597/1192] Building CXX object src/function/list/CMakeFiles/lbug_list_function.dir/list_filter.cpp.o
[598/1192] Building CXX object src/function/list/CMakeFiles/lbug_list_function.dir/list_function_utils.cpp.o
[599/1192] Building CXX object src/function/list/CMakeFiles/lbug_list_function.dir/list_none.cpp.o
[600/1192] Building CXX object src/function/list/CMakeFiles/lbug_list_function.dir/list_reduce.cpp.o
[601/1192] Building CXX object src/function/list/CMakeFiles/lbug_list_function.dir/list_single.cpp.o
[602/1192] Building CXX object src/function/list/CMakeFiles/lbug_list_function.dir/size_function.cpp.o
[603/1192] Building CXX object src/function/list/CMakeFiles/lbug_list_function.dir/quantifier_functions.cpp.o
[604/1192] Building CXX object src/function/list/CMakeFiles/lbug_list_function.dir/list_has_all.cpp.o
[605/1192] Building CXX object src/function/map/CMakeFiles/lbug_function_map.dir/map_creation_function.cpp.o
[606/1192] Building CXX object src/function/map/CMakeFiles/lbug_function_map.dir/map_keys_function.cpp.o
[607/1192] Building CXX object src/function/map/CMakeFiles/lbug_function_map.dir/map_extract_function.cpp.o
[608/1192] Building CXX object src/function/map/CMakeFiles/lbug_function_map.dir/map_values_function.cpp.o
[609/1192] Building CXX object src/function/path/CMakeFiles/lbug_function_path.dir/nodes_function.cpp.o
[610/1192] Building CXX object src/function/path/CMakeFiles/lbug_function_path.dir/length_function.cpp.o
[611/1192] Building CXX object src/function/path/CMakeFiles/lbug_function_path.dir/properties_function.cpp.o
[612/1192] Building CXX object src/function/path/CMakeFiles/lbug_function_path.dir/rels_function.cpp.o
[613/1192] Building CXX object src/function/path/CMakeFiles/lbug_function_path.dir/semantic_function.cpp.o
[614/1192] Building CXX object src/function/pattern/CMakeFiles/lbug_function_pattern.dir/cost_function.cpp.o
[615/1192] Building CXX object src/function/pattern/CMakeFiles/lbug_function_pattern.dir/id_function.cpp.o
[616/1192] Building CXX object src/function/pattern/CMakeFiles/lbug_function_pattern.dir/rowid_function.cpp.o
[617/1192] Building CXX object src/function/pattern/CMakeFiles/lbug_function_pattern.dir/label_function.cpp.o
[618/1192] Building CXX object src/function/pattern/CMakeFiles/lbug_function_pattern.dir/start_end_node_function.cpp.o
[619/1192] Building CXX object src/function/sequence/CMakeFiles/lbug_function_sequence.dir/sequence_functions.cpp.o
[620/1192] Building CXX object src/function/struct/CMakeFiles/lbug_function_struct.dir/struct_extract_function.cpp.o
[621/1192] Building CXX object src/function/struct/CMakeFiles/lbug_function_struct.dir/struct_pack_function.cpp.o
[622/1192] Building CXX object src/function/struct/CMakeFiles/lbug_function_struct.dir/keys_function.cpp.o
[623/1192] Building CXX object src/function/table/CMakeFiles/lbug_table_function.dir/bind_data.cpp.o
[624/1192] Building CXX object src/function/table/CMakeFiles/lbug_table_function.dir/bind_input.cpp.o
[625/1192] Building CXX object src/function/table/CMakeFiles/lbug_table_function.dir/bm_info.cpp.o
[626/1192] Building CXX object src/function/table/CMakeFiles/lbug_table_function.dir/cache_column.cpp.o
[627/1192] Building CXX object src/function/table/CMakeFiles/lbug_table_function.dir/catalog_version.cpp.o
[628/1192] Building CXX object src/function/table/CMakeFiles/lbug_table_function.dir/clear_warnings.cpp.o
[629/1192] Building CXX object src/function/table/CMakeFiles/lbug_table_function.dir/current_setting.cpp.o
[630/1192] Building CXX object src/function/table/CMakeFiles/lbug_table_function.dir/db_version.cpp.o
[631/1192] Building CXX object src/function/table/CMakeFiles/lbug_table_function.dir/drop_project_graph.cpp.o
[632/1192] Building CXX object src/function/table/CMakeFiles/lbug_table_function.dir/disk_size_info.cpp.o
[633/1192] Building CXX object src/function/table/CMakeFiles/lbug_table_function.dir/file_info.cpp.o
[634/1192] Building CXX object src/function/table/CMakeFiles/lbug_table_function.dir/free_space_info.cpp.o
[635/1192] Building CXX object src/function/table/CMakeFiles/lbug_table_function.dir/project_cypher_graph.cpp.o
[636/1192] Building CXX object src/function/table/CMakeFiles/lbug_table_function.dir/show_attached_databases.cpp.o
[637/1192] Building CXX object src/function/table/CMakeFiles/lbug_table_function.dir/project_native_graph.cpp.o
[638/1192] Building CXX object src/function/table/CMakeFiles/lbug_table_function.dir/show_functions.cpp.o
[639/1192] Building CXX object src/function/table/CMakeFiles/lbug_table_function.dir/show_connection.cpp.o
[640/1192] Building CXX object src/function/table/CMakeFiles/lbug_table_function.dir/show_graphs.cpp.o
[641/1192] Building CXX object src/function/table/CMakeFiles/lbug_table_function.dir/show_indexes.cpp.o
[642/1192] Building CXX object src/function/table/CMakeFiles/lbug_table_function.dir/show_loaded_extensions.cpp.o
[643/1192] Building CXX object src/function/table/CMakeFiles/lbug_table_function.dir/show_macros.cpp.o
[644/1192] Building CXX object src/function/table/CMakeFiles/lbug_table_function.dir/show_official_extensions.cpp.o
[645/1192] Building CXX object src/function/table/CMakeFiles/lbug_table_function.dir/show_projected_graphs.cpp.o
[646/1192] Building CXX object src/function/table/CMakeFiles/lbug_table_function.dir/show_sequences.cpp.o
[647/1192] Building CXX object src/function/table/CMakeFiles/lbug_table_function.dir/show_tables.cpp.o
[648/1192] Building CXX object src/function/table/CMakeFiles/lbug_table_function.dir/show_warnings.cpp.o
[649/1192] Building CXX object src/function/table/CMakeFiles/lbug_table_function.dir/storage_version.cpp.o
[650/1192] Building CXX object src/function/table/CMakeFiles/lbug_table_function.dir/stats_info.cpp.o
[651/1192] Building CXX object src/function/table/CMakeFiles/lbug_table_function.dir/simple_table_function.cpp.o
[652/1192] Building CXX object src/function/table/CMakeFiles/lbug_table_function.dir/storage_info.cpp.o
[653/1192] Building CXX object src/function/table/CMakeFiles/lbug_table_function.dir/table_function.cpp.o
[654/1192] Building CXX object src/function/table/CMakeFiles/lbug_table_function.dir/table_info.cpp.o
[655/1192] Building CXX object src/function/table/CMakeFiles/lbug_table_function.dir/projected_graph_info.cpp.o
[656/1192] Building CXX object src/function/union/CMakeFiles/lbug_function_union.dir/union_extract_function.cpp.o
[657/1192] Building CXX object src/function/union/CMakeFiles/lbug_function_union.dir/union_tag_function.cpp.o
[658/1192] Building CXX object src/function/union/CMakeFiles/lbug_function_union.dir/union_value_function.cpp.o
[659/1192] Building CXX object src/function/utility/CMakeFiles/lbug_utility_function.dir/coalesce.cpp.o
[660/1192] Building CXX object src/function/utility/CMakeFiles/lbug_utility_function.dir/md5.cpp.o
[661/1192] Building CXX object src/function/utility/CMakeFiles/lbug_utility_function.dir/sha256.cpp.o
[662/1192] Building CXX object src/function/utility/CMakeFiles/lbug_utility_function.dir/constant_or_null.cpp.o
[663/1192] Building CXX object src/function/utility/CMakeFiles/lbug_utility_function.dir/error.cpp.o
[664/1192] Building CXX object src/function/utility/CMakeFiles/lbug_utility_function.dir/count_if.cpp.o
[665/1192] Building CXX object src/function/utility/CMakeFiles/lbug_utility_function.dir/nullif.cpp.o
[666/1192] Building CXX object src/function/utility/CMakeFiles/lbug_utility_function.dir/typeof.cpp.o
[667/1192] Building CXX object src/function/uuid/CMakeFiles/lbug_function_uuid.dir/gen_random_uuid.cpp.o
[668/1192] Building CXX object src/function/string/CMakeFiles/lbug_string_function.dir/concat_ws.cpp.o
[669/1192] Building CXX object src/function/string/CMakeFiles/lbug_string_function.dir/string_split_function.cpp.o
[670/1192] Building CXX object src/function/string/CMakeFiles/lbug_string_function.dir/init_cap_function.cpp.o
[671/1192] Building CXX object src/function/string/CMakeFiles/lbug_string_function.dir/levenshtein_function.cpp.o
[672/1192] Building CXX object src/function/string/CMakeFiles/lbug_string_function.dir/split_part.cpp.o
[673/1192] Building CXX object src/function/string/CMakeFiles/lbug_string_function.dir/regex_full_match_function.cpp.o
[674/1192] Building CXX object src/function/export/CMakeFiles/lbug_function_export.dir/export_csv_function.cpp.o
[675/1192] Building CXX object src/function/string/CMakeFiles/lbug_string_function.dir/regex_replace_function.cpp.o
[676/1192] Building CXX object src/function/export/CMakeFiles/lbug_function_export.dir/export_parquet_function.cpp.o
[677/1192] Building CXX object src/function/export/CMakeFiles/lbug_function_export.dir/export_indptr_function.cpp.o
[678/1192] Building CXX object src/function/timestamp/CMakeFiles/lbug_timestamp_function.dir/time_bucket.cpp.o
[679/1192] Building CXX object src/function/internal_id/CMakeFiles/lbug_function_internal_id.dir/internal_id_creation_function.cpp.o
[680/1192] Building CXX object src/function/timestamp/CMakeFiles/lbug_timestamp_function.dir/to_epoch_ms.cpp.o
[681/1192] Building CXX object src/graph/CMakeFiles/lbug_graph.dir/graph.cpp.o
[682/1192] Building CXX object src/graph/CMakeFiles/lbug_graph.dir/graph_entry.cpp.o
[683/1192] Building CXX object src/graph/CMakeFiles/lbug_graph.dir/graph_entry_set.cpp.o
[684/1192] Building CXX object src/graph/CMakeFiles/lbug_graph.dir/parsed_graph_entry.cpp.o
[685/1192] Building CXX object src/graph/CMakeFiles/lbug_graph.dir/on_disk_graph.cpp.o
[686/1192] Building CXX object src/main/CMakeFiles/lbug_main.dir/attached_database.cpp.o
[687/1192] Building CXX object src/main/CMakeFiles/lbug_main.dir/connection.cpp.o
[688/1192] Building CXX object src/main/CMakeFiles/lbug_main.dir/client_context.cpp.o
[689/1192] Building CXX object src/main/CMakeFiles/lbug_main.dir/database.cpp.o
[690/1192] Building CXX object src/main/CMakeFiles/lbug_main.dir/plan_printer.cpp.o
[691/1192] Building CXX object src/main/CMakeFiles/lbug_main.dir/database_manager.cpp.o
[692/1192] Building CXX object src/main/CMakeFiles/lbug_main.dir/prepared_statement_manager.cpp.o
[693/1192] Building CXX object src/main/CMakeFiles/lbug_main.dir/prepared_statement.cpp.o
[694/1192] Building CXX object src/main/CMakeFiles/lbug_main.dir/query_summary.cpp.o
[695/1192] Building CXX object src/main/CMakeFiles/lbug_main.dir/query_result.cpp.o
[696/1192] Building CXX object src/main/CMakeFiles/lbug_main.dir/version.cpp.o
[697/1192] Building CXX object src/main/CMakeFiles/lbug_main.dir/db_config.cpp.o
[698/1192] Building CXX object src/main/CMakeFiles/lbug_main.dir/storage_driver.cpp.o
[699/1192] Building CXX object src/main/CMakeFiles/lbug_main.dir/settings.cpp.o
[700/1192] Building CXX object src/main/query_result/CMakeFiles/lbug_main_query_result.dir/arrow_query_result.cpp.o
[701/1192] Building CXX object src/main/query_result/CMakeFiles/lbug_main_query_result.dir/materialized_query_result.cpp.o
[702/1192] Building CXX object src/optimizer/CMakeFiles/lbug_optimizer.dir/agg_key_dependency_optimizer.cpp.o
[703/1192] Building CXX object src/optimizer/CMakeFiles/lbug_optimizer.dir/bool_folding_optimizer.cpp.o
[704/1192] Building CXX object src/optimizer/CMakeFiles/lbug_optimizer.dir/acc_hash_join_optimizer.cpp.o
[705/1192] Building CXX object src/optimizer/CMakeFiles/lbug_optimizer.dir/correlated_subquery_unnest_solver.cpp.o
[706/1192] Building CXX object src/optimizer/CMakeFiles/lbug_optimizer.dir/cardinality_updater.cpp.o
[707/1192] Building CXX object src/optimizer/CMakeFiles/lbug_optimizer.dir/factorization_rewriter.cpp.o
[708/1192] Building CXX object src/optimizer/CMakeFiles/lbug_optimizer.dir/count_rel_table_optimizer.cpp.o
[709/1192] Building CXX object src/optimizer/CMakeFiles/lbug_optimizer.dir/filter_push_down_optimizer.cpp.o
[710/1192] Building CXX object src/optimizer/CMakeFiles/lbug_optimizer.dir/group_key_predicate_push_down_optimizer.cpp.o
[711/1192] Building CXX object src/optimizer/CMakeFiles/lbug_optimizer.dir/foreign_join_push_down_optimizer.cpp.o
[712/1192] Building CXX object src/optimizer/CMakeFiles/lbug_optimizer.dir/logical_operator_collector.cpp.o
[713/1192] Building CXX object src/optimizer/CMakeFiles/lbug_optimizer.dir/logical_operator_visitor.cpp.o
[714/1192] Building CXX object src/optimizer/CMakeFiles/lbug_optimizer.dir/optimizer.cpp.o
[715/1192] Building CXX object src/optimizer/CMakeFiles/lbug_optimizer.dir/schema_populator.cpp.o
[716/1192] Building CXX object src/optimizer/CMakeFiles/lbug_optimizer.dir/remove_factorization_rewriter.cpp.o
[717/1192] Building CXX object src/optimizer/CMakeFiles/lbug_optimizer.dir/projection_push_down_optimizer.cpp.o
[718/1192] Building CXX object src/optimizer/CMakeFiles/lbug_optimizer.dir/remove_unnecessary_join_optimizer.cpp.o
[719/1192] Building CXX object src/optimizer/CMakeFiles/lbug_optimizer.dir/top_k_optimizer.cpp.o
[720/1192] Building CXX object src/optimizer/CMakeFiles/lbug_optimizer.dir/limit_push_down_optimizer.cpp.o
[721/1192] Building CXX object src/optimizer/CMakeFiles/lbug_optimizer.dir/order_by_push_down_optimizer.cpp.o
[722/1192] Building CXX object src/optimizer/CMakeFiles/lbug_optimizer.dir/remove_unnecessary_distinct_optimizer.cpp.o
[723/1192] Building CXX object src/optimizer/CMakeFiles/lbug_optimizer.dir/remove_unnecessary_order_by_optimizer.cpp.o
[724/1192] Building CXX object src/parser/CMakeFiles/lbug_parser.dir/create_macro.cpp.o
[725/1192] Building CXX object src/optimizer/CMakeFiles/lbug_optimizer.dir/unwind_dedup_optimizer.cpp.o
[726/1192] Building CXX object src/parser/CMakeFiles/lbug_parser.dir/parser.cpp.o
[727/1192] Building CXX object src/parser/CMakeFiles/lbug_parser.dir/parsed_statement_visitor.cpp.o
[728/1192] Building CXX object src/parser/antlr_parser/CMakeFiles/lbug_parser_antlr_parser.dir/lbug_cypher_parser.cpp.o
[729/1192] Building CXX object src/parser/CMakeFiles/lbug_parser.dir/transformer.cpp.o
[730/1192] Building CXX object src/parser/antlr_parser/CMakeFiles/lbug_parser_antlr_parser.dir/parser_error_strategy.cpp.o
[731/1192] Building CXX object src/parser/antlr_parser/CMakeFiles/lbug_parser_antlr_parser.dir/parser_error_listener.cpp.o
[732/1192] Building CXX object src/parser/expression/CMakeFiles/lbug_parser_expression.dir/parsed_case_expression.cpp.o
[733/1192] Building CXX object src/parser/expression/CMakeFiles/lbug_parser_expression.dir/parsed_expression.cpp.o
[734/1192] Building CXX object src/parser/expression/CMakeFiles/lbug_parser_expression.dir/parsed_expression_visitor.cpp.o
[735/1192] Building CXX object src/parser/expression/CMakeFiles/lbug_parser_expression.dir/parsed_function_expression.cpp.o
[736/1192] Building CXX object src/parser/expression/CMakeFiles/lbug_parser_expression.dir/parsed_property_expression.cpp.o
[737/1192] Building CXX object src/parser/expression/CMakeFiles/lbug_parser_expression.dir/parsed_variable_expression.cpp.o
[738/1192] Building CXX object src/parser/transform/CMakeFiles/lbug_parser_transform.dir/transform_copy.cpp.o
[739/1192] Building CXX object src/parser/transform/CMakeFiles/lbug_parser_transform.dir/transform_ddl.cpp.o
[740/1192] Building CXX object src/parser/transform/CMakeFiles/lbug_parser_transform.dir/transform_graph.cpp.o
[741/1192] Building CXX object src/parser/transform/CMakeFiles/lbug_parser_transform.dir/transform_graph_pattern.cpp.o
[742/1192] Building CXX object src/parser/transform/CMakeFiles/lbug_parser_transform.dir/transform_expression.cpp.o
[743/1192] Building CXX object src/parser/transform/CMakeFiles/lbug_parser_transform.dir/transform_macro.cpp.o
[744/1192] Building CXX object src/parser/transform/CMakeFiles/lbug_parser_transform.dir/transform_projection.cpp.o
[745/1192] Building CXX object src/parser/transform/CMakeFiles/lbug_parser_transform.dir/transform_query.cpp.o
[746/1192] Building CXX object src/parser/transform/CMakeFiles/lbug_parser_transform.dir/transform_standalone_call.cpp.o
[747/1192] Building CXX object src/parser/transform/CMakeFiles/lbug_parser_transform.dir/transform_reading_clause.cpp.o
[748/1192] Building CXX object src/parser/transform/CMakeFiles/lbug_parser_transform.dir/transform_updating_clause.cpp.o
[749/1192] Building CXX object src/parser/transform/CMakeFiles/lbug_parser_transform.dir/transform_transaction.cpp.o
[750/1192] Building CXX object src/parser/transform/CMakeFiles/lbug_parser_transform.dir/transform_port_db.cpp.o
[751/1192] Building CXX object src/parser/transform/CMakeFiles/lbug_parser_transform.dir/transform_extension.cpp.o
[752/1192] Building CXX object src/parser/transform/CMakeFiles/lbug_parser_transform.dir/transform_attach_database.cpp.o
[753/1192] Building CXX object src/parser/transform/CMakeFiles/lbug_parser_transform.dir/transform_detach_database.cpp.o
[754/1192] Building CXX object src/parser/transform/CMakeFiles/lbug_parser_transform.dir/transform_use_database.cpp.o
[755/1192] Building CXX object src/parser/visitor/CMakeFiles/lbug_parser_visitor.dir/statement_read_write_analyzer.cpp.o
[756/1192] Building CXX object src/parser/visitor/CMakeFiles/lbug_parser_visitor.dir/standalone_call_rewriter.cpp.o
[757/1192] Building CXX object src/planner/CMakeFiles/lbug_planner.dir/join_order_enumerator_context.cpp.o
[758/1192] Building CXX object src/planner/CMakeFiles/lbug_planner.dir/planner.cpp.o
[759/1192] Building CXX object src/planner/CMakeFiles/lbug_planner.dir/query_planner.cpp.o
[760/1192] Building CXX object src/planner/CMakeFiles/lbug_planner.dir/subplans_table.cpp.o
[761/1192] Building CXX object src/planner/join_order/CMakeFiles/lbug_planner_join_order.dir/cost_model.cpp.o
[762/1192] Building CXX object src/planner/join_order/CMakeFiles/lbug_planner_join_order.dir/join_order_util.cpp.o
[763/1192] Building CXX object src/planner/join_order/CMakeFiles/lbug_planner_join_order.dir/cardinality_estimator.cpp.o
[764/1192] Building CXX object src/planner/join_order/CMakeFiles/lbug_planner_join_order.dir/join_plan_solver.cpp.o
[765/1192] Building CXX object src/planner/join_order/CMakeFiles/lbug_planner_join_order.dir/join_tree.cpp.o
[766/1192] Building CXX object src/planner/operator/CMakeFiles/lbug_planner_operator.dir/logical_accumulate.cpp.o
[767/1192] Building CXX object src/planner/operator/CMakeFiles/lbug_planner_operator.dir/logical_aggregate.cpp.o
[768/1192] Building CXX object src/planner/join_order/CMakeFiles/lbug_planner_join_order.dir/join_tree_constructor.cpp.o
[769/1192] Building CXX object src/planner/operator/CMakeFiles/lbug_planner_operator.dir/logical_create_macro.cpp.o
[770/1192] Building CXX object src/planner/operator/CMakeFiles/lbug_planner_operator.dir/logical_cross_product.cpp.o
[771/1192] Building CXX object src/planner/operator/CMakeFiles/lbug_planner_operator.dir/logical_distinct.cpp.o
[772/1192] Building CXX object src/planner/operator/CMakeFiles/lbug_planner_operator.dir/logical_dummy_scan.cpp.o
[773/1192] Building CXX object src/planner/operator/CMakeFiles/lbug_planner_operator.dir/logical_dummy_sink.cpp.o
[774/1192] Building CXX object src/planner/operator/CMakeFiles/lbug_planner_operator.dir/logical_filter.cpp.o
[775/1192] Building CXX object src/planner/operator/CMakeFiles/lbug_planner_operator.dir/logical_explain.cpp.o
[776/1192] Building CXX object src/planner/operator/CMakeFiles/lbug_planner_operator.dir/logical_flatten.cpp.o
[777/1192] Building CXX object src/planner/operator/CMakeFiles/lbug_planner_operator.dir/logical_table_function_call.cpp.o
[778/1192] Building CXX object src/planner/operator/CMakeFiles/lbug_planner_operator.dir/logical_hash_join.cpp.o
[779/1192] Building CXX object src/planner/operator/CMakeFiles/lbug_planner_operator.dir/logical_intersect.cpp.o
[780/1192] Building CXX object src/planner/operator/CMakeFiles/lbug_planner_operator.dir/logical_limit.cpp.o
[781/1192] Building CXX object src/planner/operator/CMakeFiles/lbug_planner_operator.dir/logical_operator.cpp.o
[782/1192] Building CXX object src/planner/operator/CMakeFiles/lbug_planner_operator.dir/logical_order_by.cpp.o
[783/1192] Building CXX object src/planner/operator/CMakeFiles/lbug_planner_operator.dir/logical_partitioner.cpp.o
[784/1192] Building CXX object src/planner/operator/CMakeFiles/lbug_planner_operator.dir/logical_path_property_probe.cpp.o
[785/1192] Building CXX object src/planner/operator/CMakeFiles/lbug_planner_operator.dir/logical_plan.cpp.o
[786/1192] Building CXX object src/planner/operator/CMakeFiles/lbug_planner_operator.dir/logical_projection.cpp.o
[787/1192] Building CXX object src/planner/operator/CMakeFiles/lbug_planner_operator.dir/logical_plan_util.cpp.o
[788/1192] Building CXX object src/planner/operator/CMakeFiles/lbug_planner_operator.dir/logical_standalone_call.cpp.o
[789/1192] Building CXX object src/planner/operator/CMakeFiles/lbug_planner_operator.dir/logical_union.cpp.o
[790/1192] Building CXX object src/planner/operator/CMakeFiles/lbug_planner_operator.dir/logical_unwind.cpp.o
[791/1192] Building CXX object src/planner/operator/CMakeFiles/lbug_planner_operator.dir/logical_unwind_deduplicate.cpp.o
[792/1192] Building CXX object src/planner/operator/CMakeFiles/lbug_planner_operator.dir/schema.cpp.o
[793/1192] Building CXX object src/planner/operator/extend/CMakeFiles/lbug_planner_extend.dir/base_logical_extend.cpp.o
[794/1192] Building CXX object src/planner/operator/extend/CMakeFiles/lbug_planner_extend.dir/logical_extend.cpp.o
[795/1192] Building CXX object src/planner/operator/extend/CMakeFiles/lbug_planner_extend.dir/logical_packed_extend.cpp.o
[796/1192] Building CXX object src/planner/operator/extend/CMakeFiles/lbug_planner_extend.dir/logical_recursive_extend.cpp.o
[797/1192] Building CXX object src/planner/operator/factorization/CMakeFiles/lbug_planner_factorization.dir/sink_util.cpp.o
[798/1192] Building CXX object src/planner/operator/persistent/CMakeFiles/lbug_planner_persistent.dir/logical_copy_from.cpp.o
[799/1192] Building CXX object src/planner/operator/factorization/CMakeFiles/lbug_planner_factorization.dir/flatten_resolver.cpp.o
[800/1192] Building CXX object src/planner/operator/persistent/CMakeFiles/lbug_planner_persistent.dir/logical_copy_to.cpp.o
[801/1192] Building CXX object src/planner/operator/persistent/CMakeFiles/lbug_planner_persistent.dir/logical_insert.cpp.o
[802/1192] Building CXX object src/planner/operator/persistent/CMakeFiles/lbug_planner_persistent.dir/logical_delete.cpp.o
[803/1192] Building CXX object src/planner/operator/persistent/CMakeFiles/lbug_planner_persistent.dir/logical_merge.cpp.o
[804/1192] Building CXX object src/planner/operator/scan/CMakeFiles/lbug_planner_scan.dir/logical_count_rel_table.cpp.o
[805/1192] Building CXX object src/planner/operator/persistent/CMakeFiles/lbug_planner_persistent.dir/logical_set.cpp.o
[806/1192] Building CXX object src/planner/operator/scan/CMakeFiles/lbug_planner_scan.dir/logical_expressions_scan.cpp.o
[807/1192] Building CXX object src/planner/operator/scan/CMakeFiles/lbug_planner_scan.dir/logical_index_look_up.cpp.o
[808/1192] Building CXX object src/planner/operator/scan/CMakeFiles/lbug_planner_scan.dir/logical_query_primary_key_lookup.cpp.o
[809/1192] Building CXX object src/planner/operator/scan/CMakeFiles/lbug_planner_scan.dir/logical_reachable_count.cpp.o
[810/1192] Building CXX object src/planner/operator/scan/CMakeFiles/lbug_planner_scan.dir/logical_rel_degree_table.cpp.o
[811/1192] Building CXX object src/planner/operator/scan/CMakeFiles/lbug_planner_scan.dir/logical_scan_node_table.cpp.o
[812/1192] Building CXX object src/planner/operator/simple/CMakeFiles/lbug_planner_simple.dir/logical_simple.cpp.o
[813/1192] Building CXX object src/planner/operator/sip/CMakeFiles/lbug_planner_sip.dir/logical_semi_masker.cpp.o
[814/1192] Building CXX object src/planner/plan/CMakeFiles/lbug_planner_plan_operator.dir/append_accumulate.cpp.o
[815/1192] Building CXX object src/planner/plan/CMakeFiles/lbug_planner_plan_operator.dir/append_aggregate.cpp.o
[816/1192] Building CXX object src/planner/plan/CMakeFiles/lbug_planner_plan_operator.dir/append_insert.cpp.o
[817/1192] Building CXX object src/planner/plan/CMakeFiles/lbug_planner_plan_operator.dir/append_cross_product.cpp.o
[818/1192] Building CXX object src/planner/plan/CMakeFiles/lbug_planner_plan_operator.dir/append_delete.cpp.o
[819/1192] Building CXX object src/planner/plan/CMakeFiles/lbug_planner_plan_operator.dir/append_distinct.cpp.o
[820/1192] Building CXX object src/planner/plan/CMakeFiles/lbug_planner_plan_operator.dir/append_dummy_scan.cpp.o
[821/1192] Building CXX object src/planner/plan/CMakeFiles/lbug_planner_plan_operator.dir/append_empty_result.cpp.o
[822/1192] Building CXX object src/planner/plan/CMakeFiles/lbug_planner_plan_operator.dir/append_expressions_scan.cpp.o
[823/1192] Building CXX object src/planner/plan/CMakeFiles/lbug_planner_plan_operator.dir/append_extend.cpp.o
[824/1192] Building CXX object src/planner/plan/CMakeFiles/lbug_planner_plan_operator.dir/append_filter.cpp.o
[825/1192] Building CXX object src/planner/plan/CMakeFiles/lbug_planner_plan_operator.dir/append_flatten.cpp.o
[826/1192] Building CXX object src/planner/plan/CMakeFiles/lbug_planner_plan_operator.dir/append_table_function_call.cpp.o
[827/1192] Building CXX object src/planner/plan/CMakeFiles/lbug_planner_plan_operator.dir/append_limit.cpp.o
[828/1192] Building CXX object src/planner/plan/CMakeFiles/lbug_planner_plan_operator.dir/append_join.cpp.o
[829/1192] Building CXX object src/planner/plan/CMakeFiles/lbug_planner_plan_operator.dir/append_multiplicity_reducer.cpp.o
[830/1192] Building CXX object src/planner/plan/CMakeFiles/lbug_planner_plan_operator.dir/append_order_by.cpp.o
[831/1192] Building CXX object src/planner/plan/CMakeFiles/lbug_planner_plan_operator.dir/append_projection.cpp.o
[832/1192] Building CXX object src/planner/plan/CMakeFiles/lbug_planner_plan_operator.dir/append_scan_node_table.cpp.o
[833/1192] Building CXX object src/planner/plan/CMakeFiles/lbug_planner_plan_operator.dir/append_set.cpp.o
[834/1192] Building CXX object src/planner/plan/CMakeFiles/lbug_planner_plan_operator.dir/append_simple.cpp.o
[835/1192] Building CXX object src/planner/plan/CMakeFiles/lbug_planner_plan_operator.dir/append_unwind.cpp.o
[836/1192] Building CXX object src/planner/plan/CMakeFiles/lbug_planner_plan_operator.dir/plan_copy.cpp.o
[837/1192] Building CXX object src/planner/plan/CMakeFiles/lbug_planner_plan_operator.dir/plan_join_order.cpp.o
[838/1192] Building CXX object src/planner/plan/CMakeFiles/lbug_planner_plan_operator.dir/plan_node_scan.cpp.o
[839/1192] Building CXX object src/planner/plan/CMakeFiles/lbug_planner_plan_operator.dir/plan_node_semi_mask.cpp.o
[840/1192] Building CXX object src/planner/plan/CMakeFiles/lbug_planner_plan_operator.dir/plan_projection.cpp.o
[841/1192] Building CXX object src/planner/plan/CMakeFiles/lbug_planner_plan_operator.dir/plan_read.cpp.o
[842/1192] Building CXX object src/planner/plan/CMakeFiles/lbug_planner_plan_operator.dir/plan_single_query.cpp.o
[843/1192] Building CXX object src/planner/plan/CMakeFiles/lbug_planner_plan_operator.dir/plan_update.cpp.o
[844/1192] Building CXX object src/planner/plan/CMakeFiles/lbug_planner_plan_operator.dir/plan_subquery.cpp.o
[845/1192] Building CXX object src/processor/CMakeFiles/lbug_processor.dir/warning_context.cpp.o
[846/1192] Building CXX object src/processor/CMakeFiles/lbug_processor.dir/physical_plan_util.cpp.o
[847/1192] Building CXX object src/planner/plan/CMakeFiles/lbug_planner_plan_operator.dir/plan_port_db.cpp.o
[848/1192] Building CXX object src/processor/CMakeFiles/lbug_processor.dir/processor.cpp.o
[849/1192] Building CXX object src/processor/CMakeFiles/lbug_processor.dir/processor_task.cpp.o
[850/1192] Building CXX object src/processor/CMakeFiles/lbug_processor.dir/partition_routing.cpp.o
[851/1192] Building CXX object src/processor/map/CMakeFiles/lbug_processor_mapper.dir/create_arrow_result_collector.cpp.o
[852/1192] Building CXX object src/processor/map/CMakeFiles/lbug_processor_mapper.dir/create_factorized_table_scan.cpp.o
[853/1192] Building CXX object src/processor/map/CMakeFiles/lbug_processor_mapper.dir/create_result_collector.cpp.o
[854/1192] Building CXX object src/processor/map/CMakeFiles/lbug_processor_mapper.dir/map_acc_hash_join.cpp.o
[855/1192] Building CXX object src/processor/map/CMakeFiles/lbug_processor_mapper.dir/expression_mapper.cpp.o
[856/1192] Building CXX object src/processor/map/CMakeFiles/lbug_processor_mapper.dir/map_accumulate.cpp.o
[857/1192] Building CXX object src/processor/map/CMakeFiles/lbug_processor_mapper.dir/map_analyze.cpp.o
[858/1192] Building CXX object src/processor/map/CMakeFiles/lbug_processor_mapper.dir/map_aggregate.cpp.o
[859/1192] Building CXX object src/processor/map/CMakeFiles/lbug_processor_mapper.dir/map_count_rel_table.cpp.o
[860/1192] Building CXX object src/processor/map/CMakeFiles/lbug_processor_mapper.dir/map_standalone_call.cpp.o
[861/1192] Building CXX object src/processor/map/CMakeFiles/lbug_processor_mapper.dir/map_table_function_call.cpp.o
[862/1192] Building CXX object src/processor/map/CMakeFiles/lbug_processor_mapper.dir/map_copy_to.cpp.o
[863/1192] Building CXX object src/processor/map/CMakeFiles/lbug_processor_mapper.dir/map_copy_from.cpp.o
[864/1192] Building CXX object src/processor/map/CMakeFiles/lbug_processor_mapper.dir/map_insert.cpp.o
[865/1192] Building CXX object src/processor/map/CMakeFiles/lbug_processor_mapper.dir/map_create_macro.cpp.o
[866/1192] Building CXX object src/processor/map/CMakeFiles/lbug_processor_mapper.dir/map_cross_product.cpp.o
[867/1192] Building CXX object src/processor/map/CMakeFiles/lbug_processor_mapper.dir/map_ddl.cpp.o
[868/1192] Building CXX object src/processor/map/CMakeFiles/lbug_processor_mapper.dir/map_distinct.cpp.o
[869/1192] Building CXX object src/processor/map/CMakeFiles/lbug_processor_mapper.dir/map_delete.cpp.o
[870/1192] Building CXX object src/processor/map/CMakeFiles/lbug_processor_mapper.dir/map_explain.cpp.o
[871/1192] Building CXX object src/processor/map/CMakeFiles/lbug_processor_mapper.dir/map_expressions_scan.cpp.o
[872/1192] Building CXX object src/processor/map/CMakeFiles/lbug_processor_mapper.dir/map_dummy_scan.cpp.o
[873/1192] Building CXX object src/processor/map/CMakeFiles/lbug_processor_mapper.dir/map_empty_result.cpp.o
[874/1192] Building CXX object src/processor/map/CMakeFiles/lbug_processor_mapper.dir/map_dummy_sink.cpp.o
[875/1192] Building CXX object src/processor/map/CMakeFiles/lbug_processor_mapper.dir/map_filter.cpp.o
[876/1192] Building CXX object src/processor/map/CMakeFiles/lbug_processor_mapper.dir/map_flatten.cpp.o
[877/1192] Building CXX object src/processor/map/CMakeFiles/lbug_processor_mapper.dir/map_hash_join.cpp.o
[878/1192] Building CXX object src/processor/map/CMakeFiles/lbug_processor_mapper.dir/map_extend.cpp.o
[879/1192] Building CXX object src/processor/map/CMakeFiles/lbug_processor_mapper.dir/map_index_scan_node.cpp.o
[880/1192] Building CXX object src/processor/map/CMakeFiles/lbug_processor_mapper.dir/map_intersect.cpp.o
[881/1192] Building CXX object src/processor/map/CMakeFiles/lbug_processor_mapper.dir/map_label_filter.cpp.o
[882/1192] Building CXX object src/processor/map/CMakeFiles/lbug_processor_mapper.dir/map_limit.cpp.o
[883/1192] Building CXX object src/processor/map/CMakeFiles/lbug_processor_mapper.dir/map_multiplicity_reducer.cpp.o
[884/1192] Building CXX object src/processor/map/CMakeFiles/lbug_processor_mapper.dir/map_merge.cpp.o
[885/1192] Building CXX object src/processor/map/CMakeFiles/lbug_processor_mapper.dir/map_noop.cpp.o
[886/1192] Building CXX object src/processor/map/CMakeFiles/lbug_processor_mapper.dir/map_order_by.cpp.o
[887/1192] Building CXX object src/processor/map/CMakeFiles/lbug_processor_mapper.dir/map_path_property_probe.cpp.o
[888/1192] Building CXX object src/processor/map/CMakeFiles/lbug_processor_mapper.dir/map_projection.cpp.o
[889/1192] Building CXX object src/processor/map/CMakeFiles/lbug_processor_mapper.dir/map_query_primary_key_lookup.cpp.o
[890/1192] Building CXX object src/processor/map/CMakeFiles/lbug_processor_mapper.dir/map_recursive_extend.cpp.o
[891/1192] Building CXX object src/processor/map/CMakeFiles/lbug_processor_mapper.dir/map_rel_degree_table.cpp.o
[892/1192] Building CXX object src/processor/map/CMakeFiles/lbug_processor_mapper.dir/map_reachable_count.cpp.o
[893/1192] Building CXX object src/processor/map/CMakeFiles/lbug_processor_mapper.dir/map_scan_node_table.cpp.o
[894/1192] Building CXX object src/processor/map/CMakeFiles/lbug_processor_mapper.dir/map_semi_masker.cpp.o
[895/1192] Building CXX object src/processor/map/CMakeFiles/lbug_processor_mapper.dir/map_simple.cpp.o
[896/1192] Building CXX object src/processor/map/CMakeFiles/lbug_processor_mapper.dir/map_set.cpp.o
[897/1192] Building CXX object src/processor/map/CMakeFiles/lbug_processor_mapper.dir/map_transaction.cpp.o
[898/1192] Building CXX object src/processor/map/CMakeFiles/lbug_processor_mapper.dir/map_unwind.cpp.o
[899/1192] Building CXX object src/processor/map/CMakeFiles/lbug_processor_mapper.dir/map_union.cpp.o
[900/1192] Building CXX object src/processor/map/CMakeFiles/lbug_processor_mapper.dir/map_unwind_dedup.cpp.o
[901/1192] Building CXX object src/processor/operator/CMakeFiles/lbug_processor_operator.dir/arrow_result_collector.cpp.o
[902/1192] Building CXX object src/processor/map/CMakeFiles/lbug_processor_mapper.dir/plan_mapper.cpp.o
[903/1192] Building CXX object src/processor/operator/CMakeFiles/lbug_processor_operator.dir/cross_product.cpp.o
[904/1192] Building CXX object src/processor/operator/CMakeFiles/lbug_processor_operator.dir/empty_result.cpp.o
[905/1192] Building CXX object src/processor/operator/CMakeFiles/lbug_processor_operator.dir/base_partitioner_shared_state.cpp.o
[906/1192] Building CXX object src/processor/operator/CMakeFiles/lbug_processor_operator.dir/filtering_operator.cpp.o
[907/1192] Building CXX object src/processor/operator/CMakeFiles/lbug_processor_operator.dir/filter.cpp.o
[908/1192] Building CXX object src/processor/operator/CMakeFiles/lbug_processor_operator.dir/flatten.cpp.o
[909/1192] Building CXX object src/processor/operator/CMakeFiles/lbug_processor_operator.dir/limit.cpp.o
[910/1192] Building CXX object src/processor/operator/CMakeFiles/lbug_processor_operator.dir/multiplicity_reducer.cpp.o
[911/1192] Building CXX object src/processor/operator/CMakeFiles/lbug_processor_operator.dir/index_lookup.cpp.o
[912/1192] Building CXX object src/processor/operator/CMakeFiles/lbug_processor_operator.dir/partitioner.cpp.o
[913/1192] Building CXX object src/processor/operator/CMakeFiles/lbug_processor_operator.dir/path_property_probe.cpp.o
[914/1192] Building CXX object src/processor/operator/CMakeFiles/lbug_processor_operator.dir/physical_operator.cpp.o
[915/1192] Building CXX object src/processor/operator/CMakeFiles/lbug_processor_operator.dir/projection.cpp.o
[916/1192] Building CXX object src/processor/operator/CMakeFiles/lbug_processor_operator.dir/profile.cpp.o
[917/1192] Building CXX object src/processor/operator/CMakeFiles/lbug_processor_operator.dir/query_primary_key_lookup.cpp.o
[918/1192] Building CXX object src/processor/operator/CMakeFiles/lbug_processor_operator.dir/result_collector.cpp.o
[919/1192] Building CXX object src/processor/operator/CMakeFiles/lbug_processor_operator.dir/recursive_extend.cpp.o
[920/1192] Building CXX object src/processor/operator/CMakeFiles/lbug_processor_operator.dir/sink.cpp.o
[921/1192] Building CXX object src/processor/operator/CMakeFiles/lbug_processor_operator.dir/semi_masker.cpp.o
[922/1192] Building CXX object src/processor/operator/CMakeFiles/lbug_processor_operator.dir/skip.cpp.o
[923/1192] Building CXX object src/processor/operator/CMakeFiles/lbug_processor_operator.dir/standalone_call.cpp.o
[924/1192] Building CXX object src/processor/operator/CMakeFiles/lbug_processor_operator.dir/table_function_call.cpp.o
[925/1192] Building CXX object src/processor/operator/CMakeFiles/lbug_processor_operator.dir/unwind.cpp.o
[926/1192] Building CXX object src/processor/operator/CMakeFiles/lbug_processor_operator.dir/transaction.cpp.o
[927/1192] Building CXX object src/processor/operator/CMakeFiles/lbug_processor_operator.dir/unwind_dedup.cpp.o
[928/1192] Building CXX object src/processor/operator/aggregate/CMakeFiles/lbug_processor_operator_aggregate.dir/aggregate_hash_table.cpp.o
[929/1192] Building CXX object src/processor/operator/aggregate/CMakeFiles/lbug_processor_operator_aggregate.dir/base_aggregate_scan.cpp.o
[930/1192] Building CXX object src/processor/operator/aggregate/CMakeFiles/lbug_processor_operator_aggregate.dir/base_aggregate.cpp.o
[931/1192] Building CXX object src/processor/operator/aggregate/CMakeFiles/lbug_processor_operator_aggregate.dir/hash_aggregate_scan.cpp.o
[932/1192] Building CXX object src/processor/operator/aggregate/CMakeFiles/lbug_processor_operator_aggregate.dir/hash_aggregate.cpp.o
[933/1192] Building CXX object src/processor/operator/aggregate/CMakeFiles/lbug_processor_operator_aggregate.dir/packed_filtered_count.cpp.o
[934/1192] Building CXX object src/processor/operator/aggregate/CMakeFiles/lbug_processor_operator_aggregate.dir/simple_aggregate_scan.cpp.o
[935/1192] Building CXX object src/processor/operator/aggregate/CMakeFiles/lbug_processor_operator_aggregate.dir/simple_aggregate.cpp.o
[936/1192] Building CXX object src/processor/operator/ddl/CMakeFiles/lbug_processor_operator_ddl.dir/alter.cpp.o
[937/1192] Building CXX object src/processor/operator/ddl/CMakeFiles/lbug_processor_operator_ddl.dir/create_index.cpp.o
[938/1192] Building CXX object src/processor/operator/ddl/CMakeFiles/lbug_processor_operator_ddl.dir/create_table.cpp.o
[939/1192] Building CXX object src/processor/operator/ddl/CMakeFiles/lbug_processor_operator_ddl.dir/create_type.cpp.o
[940/1192] Building CXX object src/processor/operator/ddl/CMakeFiles/lbug_processor_operator_ddl.dir/create_sequence.cpp.o
[941/1192] Building CXX object src/processor/operator/ddl/CMakeFiles/lbug_processor_operator_ddl.dir/drop.cpp.o
[942/1192] Building CXX object src/processor/operator/hash_join/CMakeFiles/lbug_processor_operator_hash_join.dir/hash_join_probe.cpp.o
[943/1192] Building CXX object src/processor/operator/hash_join/CMakeFiles/lbug_processor_operator_hash_join.dir/hash_join_build.cpp.o
[944/1192] Building CXX object src/processor/operator/hash_join/CMakeFiles/lbug_processor_operator_hash_join.dir/join_hash_table.cpp.o
[945/1192] Building CXX object src/processor/operator/intersect/CMakeFiles/lbug_processor_operator_intersect.dir/intersect.cpp.o
[946/1192] Building CXX object src/processor/operator/order_by/CMakeFiles/lbug_processor_operator_order_by.dir/key_block_merger.cpp.o
[947/1192] Building CXX object src/processor/operator/order_by/CMakeFiles/lbug_processor_operator_order_by.dir/order_by.cpp.o
[948/1192] Building CXX object src/processor/operator/order_by/CMakeFiles/lbug_processor_operator_order_by.dir/order_by_key_encoder.cpp.o
[949/1192] Building CXX object src/processor/operator/order_by/CMakeFiles/lbug_processor_operator_order_by.dir/order_by_scan.cpp.o
[950/1192] Building CXX object src/processor/operator/order_by/CMakeFiles/lbug_processor_operator_order_by.dir/order_by_merge.cpp.o
[951/1192] Building CXX object src/processor/operator/order_by/CMakeFiles/lbug_processor_operator_order_by.dir/radix_sort.cpp.o
[952/1192] Building CXX object src/processor/operator/order_by/CMakeFiles/lbug_processor_operator_order_by.dir/sort_state.cpp.o
[953/1192] Building CXX object src/processor/operator/order_by/CMakeFiles/lbug_processor_operator_order_by.dir/top_k_scanner.cpp.o
[954/1192] Building CXX object src/processor/operator/persistent/CMakeFiles/lbug_processor_operator_persistent.dir/batch_insert_error_handler.cpp.o
[955/1192] Building CXX object src/processor/operator/order_by/CMakeFiles/lbug_processor_operator_order_by.dir/top_k.cpp.o
[956/1192] Building CXX object src/processor/operator/persistent/CMakeFiles/lbug_processor_operator_persistent.dir/node_batch_insert_error_handler.cpp.o
[957/1192] Building CXX object src/processor/operator/persistent/CMakeFiles/lbug_processor_operator_persistent.dir/copy_rel_batch_insert.cpp.o
[958/1192] Building CXX object src/processor/operator/persistent/CMakeFiles/lbug_processor_operator_persistent.dir/node_batch_insert.cpp.o
[959/1192] Building CXX object src/processor/operator/persistent/CMakeFiles/lbug_processor_operator_persistent.dir/rel_batch_insert.cpp.o
[960/1192] Building CXX object src/processor/operator/persistent/CMakeFiles/lbug_processor_operator_persistent.dir/copy_to.cpp.o
[961/1192] Building CXX object src/processor/operator/persistent/CMakeFiles/lbug_processor_operator_persistent.dir/delete.cpp.o
[962/1192] Building CXX object src/processor/operator/persistent/CMakeFiles/lbug_processor_operator_persistent.dir/delete_executor.cpp.o
[963/1192] Building CXX object src/processor/operator/persistent/CMakeFiles/lbug_processor_operator_persistent.dir/insert.cpp.o
[964/1192] Building CXX object src/processor/operator/persistent/CMakeFiles/lbug_processor_operator_persistent.dir/index_builder.cpp.o
[965/1192] Building CXX object src/processor/operator/persistent/CMakeFiles/lbug_processor_operator_persistent.dir/insert_executor.cpp.o
[966/1192] Building CXX object src/processor/operator/persistent/CMakeFiles/lbug_processor_operator_persistent.dir/merge.cpp.o
[967/1192] Building CXX object src/processor/operator/persistent/CMakeFiles/lbug_processor_operator_persistent.dir/set.cpp.o
[968/1192] Building CXX object src/processor/operator/persistent/CMakeFiles/lbug_processor_operator_persistent.dir/set_executor.cpp.o
[969/1192] Building CXX object src/processor/operator/persistent/reader/CMakeFiles/lbug_processor_operator_persistent_reader.dir/copy_from_error.cpp.o
[970/1192] Building CXX object src/processor/operator/persistent/reader/CMakeFiles/lbug_processor_operator_persistent_reader.dir/reader_bind_utils.cpp.o
[971/1192] Building CXX object src/processor/operator/persistent/reader/CMakeFiles/lbug_processor_operator_persistent_reader.dir/file_error_handler.cpp.o
[972/1192] Building CXX object src/processor/operator/persistent/reader/csv/CMakeFiles/lbug_processor_operator_csv_reader.dir/csv_boundary_scanner.cpp.o
[973/1192] Building CXX object src/processor/operator/persistent/reader/csv/CMakeFiles/lbug_processor_operator_csv_reader.dir/base_csv_reader.cpp.o
[974/1192] Building CXX object src/processor/operator/persistent/reader/csv/CMakeFiles/lbug_processor_operator_csv_reader.dir/driver.cpp.o
[975/1192] Building CXX object src/processor/operator/persistent/reader/csv/CMakeFiles/lbug_processor_operator_csv_reader.dir/parallel_csv_reader.cpp.o
[976/1192] Building CXX object src/processor/operator/persistent/reader/csv/CMakeFiles/lbug_processor_operator_csv_reader.dir/dialect_detection.cpp.o
[977/1192] Building CXX object src/processor/operator/persistent/reader/csv/CMakeFiles/lbug_processor_operator_csv_reader.dir/serial_csv_reader.cpp.o
[978/1192] Building CXX object src/processor/operator/persistent/reader/parquet/CMakeFiles/lbug_processor_operator_parquet_reader.dir/boolean_column_reader.cpp.o
[979/1192] Building CXX object src/processor/operator/persistent/reader/npy/CMakeFiles/lbug_processor_operator_npy_reader.dir/npy_reader.cpp.o
[980/1192] Building CXX object src/processor/operator/persistent/reader/parquet/CMakeFiles/lbug_processor_operator_parquet_reader.dir/column_reader.cpp.o
[981/1192] Building CXX object src/processor/operator/persistent/reader/parquet/CMakeFiles/lbug_processor_operator_parquet_reader.dir/interval_column_reader.cpp.o
[982/1192] Building CXX object src/processor/operator/persistent/reader/parquet/CMakeFiles/lbug_processor_operator_parquet_reader.dir/struct_column_reader.cpp.o
[983/1192] Building CXX object src/processor/operator/persistent/reader/parquet/CMakeFiles/lbug_processor_operator_parquet_reader.dir/parquet_reader.cpp.o
[984/1192] Building CXX object src/processor/operator/persistent/reader/parquet/CMakeFiles/lbug_processor_operator_parquet_reader.dir/string_column_reader.cpp.o
[985/1192] Building CXX object src/processor/operator/persistent/reader/parquet/CMakeFiles/lbug_processor_operator_parquet_reader.dir/parquet_timestamp.cpp.o
[986/1192] Building CXX object src/processor/operator/persistent/reader/parquet/CMakeFiles/lbug_processor_operator_parquet_reader.dir/list_column_reader.cpp.o
[987/1192] Building CXX object src/processor/operator/persistent/reader/parquet/CMakeFiles/lbug_processor_operator_parquet_reader.dir/uuid_column_reader.cpp.o
[988/1192] Building CXX object src/processor/operator/persistent/writer/parquet/CMakeFiles/lbug_processor_operator_parquet_writer.dir/boolean_column_writer.cpp.o
[989/1192] Building CXX object src/processor/operator/persistent/writer/parquet/CMakeFiles/lbug_processor_operator_parquet_writer.dir/basic_column_writer.cpp.o
[990/1192] Building CXX object src/processor/operator/persistent/writer/parquet/CMakeFiles/lbug_processor_operator_parquet_writer.dir/interval_column_writer.cpp.o
[991/1192] Building CXX object src/processor/operator/persistent/writer/parquet/CMakeFiles/lbug_processor_operator_parquet_writer.dir/column_writer.cpp.o
[992/1192] Building CXX object src/processor/operator/persistent/writer/parquet/CMakeFiles/lbug_processor_operator_parquet_writer.dir/struct_column_writer.cpp.o
[993/1192] Building CXX object src/processor/operator/persistent/writer/parquet/CMakeFiles/lbug_processor_operator_parquet_writer.dir/string_column_writer.cpp.o
[994/1192] Building CXX object src/processor/operator/persistent/writer/parquet/CMakeFiles/lbug_processor_operator_parquet_writer.dir/list_column_writer.cpp.o
[995/1192] Building CXX object src/processor/operator/persistent/writer/parquet/CMakeFiles/lbug_processor_operator_parquet_writer.dir/parquet_writer.cpp.o
[996/1192] Building CXX object src/processor/operator/persistent/writer/parquet/CMakeFiles/lbug_processor_operator_parquet_writer.dir/parquet_rle_bp_encoder.cpp.o
[997/1192] Building CXX object src/processor/operator/persistent/writer/parquet/CMakeFiles/lbug_processor_operator_parquet_writer.dir/uuid_column_writer.cpp.o
[998/1192] Building CXX object src/processor/operator/scan/CMakeFiles/lbug_processor_operator_scan.dir/count_rel_table.cpp.o
[999/1192] Building CXX object src/processor/operator/scan/CMakeFiles/lbug_processor_operator_scan.dir/primary_key_scan_node_table.cpp.o
[1000/1192] Building CXX object src/processor/operator/scan/CMakeFiles/lbug_processor_operator_scan.dir/reachable_count.cpp.o
[1001/1192] Building CXX object src/processor/operator/scan/CMakeFiles/lbug_processor_operator_scan.dir/rel_degree_table.cpp.o
[1002/1192] Building CXX object src/processor/operator/scan/CMakeFiles/lbug_processor_operator_scan.dir/scan_multi_rel_tables.cpp.o
[1003/1192] Building CXX object src/processor/operator/scan/CMakeFiles/lbug_processor_operator_scan.dir/scan_node_table.cpp.o
[1004/1192] Building CXX object src/processor/operator/scan/CMakeFiles/lbug_processor_operator_scan.dir/scan_table.cpp.o
[1005/1192] Building CXX object src/processor/operator/simple/CMakeFiles/lbug_processor_operator_simple.dir/analyze.cpp.o
[1006/1192] Building CXX object src/processor/operator/scan/CMakeFiles/lbug_processor_operator_scan.dir/scan_rel_table.cpp.o
[1007/1192] Building CXX object src/processor/operator/simple/CMakeFiles/lbug_processor_operator_simple.dir/detach_database.cpp.o
[1008/1192] Building CXX object src/processor/operator/simple/CMakeFiles/lbug_processor_operator_simple.dir/attach_database.cpp.o
[1009/1192] Building CXX object src/processor/operator/simple/CMakeFiles/lbug_processor_operator_simple.dir/install_extension.cpp.o
[1010/1192] Building CXX object src/processor/operator/simple/CMakeFiles/lbug_processor_operator_simple.dir/load_extension.cpp.o
[1011/1192] Building CXX object src/processor/operator/simple/CMakeFiles/lbug_processor_operator_simple.dir/import_db.cpp.o
[1012/1192] Building CXX object src/processor/operator/simple/CMakeFiles/lbug_processor_operator_simple.dir/export_db.cpp.o
[1013/1192] Building CXX object src/processor/operator/simple/CMakeFiles/lbug_processor_operator_simple.dir/use_database.cpp.o
[1014/1192] Building CXX object src/processor/operator/simple/CMakeFiles/lbug_processor_operator_simple.dir/use_graph.cpp.o
[1015/1192] Building CXX object src/processor/operator/simple/CMakeFiles/lbug_processor_operator_simple.dir/uninstall_extension.cpp.o
[1016/1192] Building CXX object src/processor/operator/table_scan/CMakeFiles/lbug_processor_operator_table_scan.dir/ftable_scan_function.cpp.o
[1017/1192] Building CXX object src/processor/operator/table_scan/CMakeFiles/lbug_processor_operator_table_scan.dir/union_all_scan.cpp.o
[1018/1192] Building CXX object src/processor/operator/macro/CMakeFiles/lbug_processor_operator_create_macro.dir/create_macro.cpp.o
[1019/1192] Building CXX object src/processor/result/CMakeFiles/lbug_processor_result.dir/base_hash_table.cpp.o
[1020/1192] Building CXX object src/processor/result/CMakeFiles/lbug_processor_result.dir/factorized_table_pool.cpp.o
[1021/1192] Building CXX object src/processor/result/CMakeFiles/lbug_processor_result.dir/factorized_table.cpp.o
[1022/1192] Building CXX object src/processor/result/CMakeFiles/lbug_processor_result.dir/factorized_table_schema.cpp.o
[1023/1192] Building CXX object src/processor/result/CMakeFiles/lbug_processor_result.dir/factorized_table_util.cpp.o
[1024/1192] Building CXX object src/processor/result/CMakeFiles/lbug_processor_result.dir/pattern_creation_info_table.cpp.o
[1025/1192] Building CXX object src/processor/result/CMakeFiles/lbug_processor_result.dir/flat_tuple.cpp.o
[1026/1192] Building CXX object src/processor/result/CMakeFiles/lbug_processor_result.dir/result_set.cpp.o
[1027/1192] Building CXX object src/processor/result/CMakeFiles/lbug_processor_result.dir/result_set_descriptor.cpp.o
[1028/1192] Building CXX object src/storage/CMakeFiles/lbug_storage.dir/database_header.cpp.o
[1029/1192] Building CXX object src/storage/CMakeFiles/lbug_storage.dir/checkpointer.cpp.o
[1030/1192] Building CXX object src/storage/CMakeFiles/lbug_storage.dir/disk_array_collection.cpp.o
[1031/1192] Building CXX object src/storage/CMakeFiles/lbug_storage.dir/disk_array.cpp.o
[1032/1192] Building CXX object src/storage/CMakeFiles/lbug_storage.dir/file_db_id_utils.cpp.o
[1033/1192] Building CXX object src/storage/CMakeFiles/lbug_storage.dir/file_handle.cpp.o
[1034/1192] Building CXX object src/storage/CMakeFiles/lbug_storage.dir/optimistic_allocator.cpp.o
[1035/1192] Building CXX object src/storage/CMakeFiles/lbug_storage.dir/free_space_manager.cpp.o
[1036/1192] Building CXX object src/storage/CMakeFiles/lbug_storage.dir/overflow_file.cpp.o
[1037/1192] Building CXX object src/storage/CMakeFiles/lbug_storage.dir/page_manager.cpp.o
[1038/1192] Building CXX object src/storage/CMakeFiles/lbug_storage.dir/shadow_utils.cpp.o
[1039/1192] Building CXX object src/storage/CMakeFiles/lbug_storage.dir/shadow_file.cpp.o
[1040/1192] Building CXX object src/storage/CMakeFiles/lbug_storage.dir/partition_storage_registry.cpp.o
[1041/1192] Building CXX object src/storage/CMakeFiles/lbug_storage.dir/storage_utils.cpp.o
[1042/1192] Building CXX object src/storage/CMakeFiles/lbug_storage.dir/storage_version_info.cpp.o
[1043/1192] Building CXX object src/storage/CMakeFiles/lbug_storage.dir/storage_manager.cpp.o
[1044/1192] Building CXX object src/storage/buffer_manager/CMakeFiles/lbug_storage_buffer_manager.dir/vm_region.cpp.o
[1045/1192] Building CXX object src/storage/CMakeFiles/lbug_storage.dir/undo_buffer.cpp.o
[1046/1192] Building CXX object src/storage/buffer_manager/CMakeFiles/lbug_storage_buffer_manager.dir/memory_manager.cpp.o
[1047/1192] Building CXX object src/storage/buffer_manager/CMakeFiles/lbug_storage_buffer_manager.dir/buffer_manager.cpp.o
[1048/1192] Building CXX object src/storage/buffer_manager/CMakeFiles/lbug_storage_buffer_manager.dir/spiller.cpp.o
[1049/1192] Building CXX object src/storage/compression/CMakeFiles/lbug_storage_compression.dir/float_compression.cpp.o
[1050/1192] Building CXX object src/storage/compression/CMakeFiles/lbug_storage_compression.dir/bitpacking_int128.cpp.o
[1051/1192] Building CXX object src/storage/compression/CMakeFiles/lbug_storage_compression.dir/compression.cpp.o
[1052/1192] Building CXX object src/storage/compression/CMakeFiles/lbug_storage_compression.dir/bitpacking_utils.cpp.o
[1053/1192] Building CXX object src/storage/local_storage/CMakeFiles/lbug_storage_local_storage.dir/local_rel_table.cpp.o
[1054/1192] Building CXX object src/storage/local_storage/CMakeFiles/lbug_storage_local_storage.dir/local_node_table.cpp.o
[1055/1192] Building CXX object src/storage/predicate/CMakeFiles/lbug_storage_predicate.dir/null_predicate.cpp.o
[1056/1192] Building CXX object src/storage/local_storage/CMakeFiles/lbug_storage_local_storage.dir/local_storage.cpp.o
[1057/1192] Building CXX object src/storage/predicate/CMakeFiles/lbug_storage_predicate.dir/column_predicate.cpp.o
[1058/1192] Building CXX object src/storage/predicate/CMakeFiles/lbug_storage_predicate.dir/constant_predicate.cpp.o
[1059/1192] Building CXX object src/storage/index/CMakeFiles/lbug_storage_index.dir/art_index.cpp.o
[1060/1192] Building CXX object src/storage/index/CMakeFiles/lbug_storage_index.dir/art_index_disk.cpp.o
[1061/1192] Building CXX object src/storage/index/CMakeFiles/lbug_storage_index.dir/in_mem_hash_index.cpp.o
[1062/1192] Building CXX object src/storage/index/CMakeFiles/lbug_storage_index.dir/index.cpp.o
[1063/1192] Building CXX object src/storage/stats/CMakeFiles/lbug_storage_stats.dir/column_stats.cpp.o
[1064/1192] Building CXX object src/storage/stats/CMakeFiles/lbug_storage_stats.dir/hyperloglog.cpp.o
[1065/1192] Building CXX object src/storage/index/CMakeFiles/lbug_storage_index.dir/hash_index.cpp.o
[1066/1192] Building CXX object src/storage/stats/CMakeFiles/lbug_storage_stats.dir/planner_stats.cpp.o
[1067/1192] Building CXX object src/storage/stats/CMakeFiles/lbug_storage_stats.dir/table_stats.cpp.o
[1068/1192] Building CXX object src/storage/table/CMakeFiles/lbug_storage_store.dir/arrow_node_table.cpp.o
[1069/1192] Building CXX object src/storage/table/CMakeFiles/lbug_storage_store.dir/arrow_rel_table.cpp.o
[1070/1192] Building CXX object src/storage/table/CMakeFiles/lbug_storage_store.dir/arrow_table_support.cpp.o
[1071/1192] Building CXX object src/storage/table/CMakeFiles/lbug_storage_store.dir/chunked_node_group.cpp.o
[1072/1192] Building CXX object src/storage/table/CMakeFiles/lbug_storage_store.dir/column.cpp.o
[1073/1192] Building CXX object src/storage/table/CMakeFiles/lbug_storage_store.dir/column_chunk.cpp.o
[1074/1192] Building CXX object src/storage/table/CMakeFiles/lbug_storage_store.dir/column_chunk_data.cpp.o
[1075/1192] Building CXX object src/storage/table/CMakeFiles/lbug_storage_store.dir/column_chunk_stats.cpp.o
[1076/1192] Building CXX object src/storage/table/CMakeFiles/lbug_storage_store.dir/columnar_rel_table_base.cpp.o
[1077/1192] Building CXX object src/storage/table/CMakeFiles/lbug_storage_store.dir/columnar_node_table_base.cpp.o
[1078/1192] Building CXX object src/storage/table/CMakeFiles/lbug_storage_store.dir/csr_chunked_node_group.cpp.o
[1079/1192] Building CXX object src/storage/table/CMakeFiles/lbug_storage_store.dir/column_reader_writer.cpp.o
[1080/1192] Building CXX object src/storage/table/CMakeFiles/lbug_storage_store.dir/csr_node_group.cpp.o
[1081/1192] Building CXX object src/storage/table/CMakeFiles/lbug_storage_store.dir/compression_flush_buffer.cpp.o
[1082/1192] Building CXX object src/storage/table/CMakeFiles/lbug_storage_store.dir/column_chunk_metadata.cpp.o
[1083/1192] Building CXX object src/storage/table/CMakeFiles/lbug_storage_store.dir/dictionary_chunk.cpp.o
[1084/1192] Building CXX object src/storage/table/CMakeFiles/lbug_storage_store.dir/dictionary_column.cpp.o
[1085/1192] Building CXX object src/storage/table/CMakeFiles/lbug_storage_store.dir/in_mem_chunked_node_group_collection.cpp.o
[1086/1192] Building CXX object src/storage/table/CMakeFiles/lbug_storage_store.dir/in_memory_exception_chunk.cpp.o
[1087/1192] Building CXX object src/storage/table/CMakeFiles/lbug_storage_store.dir/foreign_rel_table.cpp.o
[1088/1192] Building CXX object src/storage/table/CMakeFiles/lbug_storage_store.dir/lazy_segment_scanner.cpp.o
[1089/1192] Building CXX object src/storage/table/CMakeFiles/lbug_storage_store.dir/list_chunk_data.cpp.o
[1090/1192] Building CXX object src/storage/table/CMakeFiles/lbug_storage_store.dir/list_column.cpp.o
[1091/1192] Building CXX object src/storage/table/CMakeFiles/lbug_storage_store.dir/node_group_collection.cpp.o
[1092/1192] Building CXX object src/storage/table/CMakeFiles/lbug_storage_store.dir/node_group.cpp.o
[1093/1192] Building CXX object src/storage/table/CMakeFiles/lbug_storage_store.dir/null_column.cpp.o
[1094/1192] Building CXX object src/storage/table/CMakeFiles/lbug_storage_store.dir/node_table.cpp.o
[1095/1192] Building CXX object src/storage/table/CMakeFiles/lbug_storage_store.dir/ice_disk_node_table.cpp.o
[1096/1192] Building CXX object src/storage/table/CMakeFiles/lbug_storage_store.dir/ice_disk_rel_table.cpp.o
[1097/1192] Building CXX object src/storage/table/CMakeFiles/lbug_storage_store.dir/rel_table.cpp.o
[1098/1192] Building CXX object src/storage/table/CMakeFiles/lbug_storage_store.dir/rel_table_data.cpp.o
[1099/1192] Building CXX object src/storage/table/CMakeFiles/lbug_storage_store.dir/string_column.cpp.o
[1100/1192] Building CXX object src/storage/table/CMakeFiles/lbug_storage_store.dir/string_chunk_data.cpp.o
[1101/1192] Building CXX object src/storage/table/CMakeFiles/lbug_storage_store.dir/struct_chunk_data.cpp.o
[1102/1192] Building CXX object src/storage/table/CMakeFiles/lbug_storage_store.dir/struct_column.cpp.o
[1103/1192] Building CXX object src/storage/table/CMakeFiles/lbug_storage_store.dir/update_info.cpp.o
[1104/1192] Building CXX object src/storage/table/CMakeFiles/lbug_storage_store.dir/table.cpp.o
[1105/1192] Building CXX object src/storage/table/CMakeFiles/lbug_storage_store.dir/version_info.cpp.o
[1106/1192] Building CXX object src/storage/wal/CMakeFiles/lbug_storage_wal.dir/checksum_reader.cpp.o
[1107/1192] Building CXX object src/storage/table/CMakeFiles/lbug_storage_store.dir/version_record_handler.cpp.o
[1108/1192] Building CXX object src/storage/wal/CMakeFiles/lbug_storage_wal.dir/checksum_writer.cpp.o
[1109/1192] Building CXX object src/storage/wal/CMakeFiles/lbug_storage_wal.dir/local_wal.cpp.o
[1110/1192] Building CXX object src/storage/wal/CMakeFiles/lbug_storage_wal.dir/wal.cpp.o
[1111/1192] Building CXX object src/storage/wal/CMakeFiles/lbug_storage_wal.dir/wal_record.cpp.o
[1112/1192] Building CXX object src/storage/wal/CMakeFiles/lbug_storage_wal.dir/records/begin_transaction_record.cpp.o
[1113/1192] Building CXX object src/storage/wal/CMakeFiles/lbug_storage_wal.dir/records/commit_record.cpp.o
[1114/1192] Building CXX object src/storage/wal/CMakeFiles/lbug_storage_wal.dir/wal_replayer.cpp.o
[1115/1192] Building CXX object src/storage/wal/CMakeFiles/lbug_storage_wal.dir/records/checkpoint_record.cpp.o
[1116/1192] Building CXX object src/storage/wal/CMakeFiles/lbug_storage_wal.dir/records/create_catalog_entry_record.cpp.o
[1117/1192] Building CXX object src/storage/wal/CMakeFiles/lbug_storage_wal.dir/records/create_index_record.cpp.o
[1118/1192] Building CXX object src/storage/wal/CMakeFiles/lbug_storage_wal.dir/records/drop_catalog_entry_record.cpp.o
[1119/1192] Building CXX object src/storage/wal/CMakeFiles/lbug_storage_wal.dir/records/copy_table_record.cpp.o
[1120/1192] Building CXX object src/storage/wal/CMakeFiles/lbug_storage_wal.dir/records/alter_table_entry_record.cpp.o
[1121/1192] Building CXX object src/storage/wal/CMakeFiles/lbug_storage_wal.dir/records/update_sequence_record.cpp.o
[1122/1192] Building CXX object src/storage/wal/CMakeFiles/lbug_storage_wal.dir/records/table_insertion_record.cpp.o
[1123/1192] Building CXX object src/storage/wal/CMakeFiles/lbug_storage_wal.dir/records/node_deletion_record.cpp.o
[1124/1192] Building CXX object src/storage/wal/CMakeFiles/lbug_storage_wal.dir/records/node_update_record.cpp.o
[1125/1192] Building CXX object src/storage/wal/CMakeFiles/lbug_storage_wal.dir/records/rel_deletion_record.cpp.o
[1126/1192] Building CXX object src/storage/wal/CMakeFiles/lbug_storage_wal.dir/records/rel_detach_delete_record.cpp.o
[1127/1192] Building CXX object src/storage/wal/CMakeFiles/lbug_storage_wal.dir/records/rel_update_record.cpp.o
[1128/1192] Building CXX object src/storage/wal/CMakeFiles/lbug_storage_wal.dir/records/load_extension_record.cpp.o
[1129/1192] Building CXX object src/storage/wal/CMakeFiles/lbug_storage_wal.dir/records/create_catalog_entry_record_replay.cpp.o
[1130/1192] Building CXX object src/storage/wal/CMakeFiles/lbug_storage_wal.dir/records/create_index_record_replay.cpp.o
[1131/1192] Building CXX object src/storage/wal/CMakeFiles/lbug_storage_wal.dir/records/drop_catalog_entry_record_replay.cpp.o
[1132/1192] Building CXX object src/storage/wal/CMakeFiles/lbug_storage_wal.dir/records/alter_table_entry_record_replay.cpp.o
[1133/1192] Building CXX object src/storage/wal/CMakeFiles/lbug_storage_wal.dir/records/table_insertion_record_replay.cpp.o
[1134/1192] Building CXX object src/storage/wal/CMakeFiles/lbug_storage_wal.dir/records/node_deletion_record_replay.cpp.o
[1135/1192] Building CXX object src/storage/wal/CMakeFiles/lbug_storage_wal.dir/records/node_update_record_replay.cpp.o
[1136/1192] Building CXX object src/storage/wal/CMakeFiles/lbug_storage_wal.dir/records/rel_deletion_record_replay.cpp.o
[1137/1192] Building CXX object src/storage/wal/CMakeFiles/lbug_storage_wal.dir/records/rel_detach_delete_record_replay.cpp.o
[1138/1192] Building CXX object src/storage/wal/CMakeFiles/lbug_storage_wal.dir/records/copy_table_record_replay.cpp.o
[1139/1192] Building CXX object src/storage/wal/CMakeFiles/lbug_storage_wal.dir/records/rel_update_record_replay.cpp.o
[1140/1192] Building CXX object src/storage/wal/CMakeFiles/lbug_storage_wal.dir/records/update_sequence_record_replay.cpp.o
[1141/1192] Building CXX object src/storage/wal/CMakeFiles/lbug_storage_wal.dir/records/load_extension_record_replay.cpp.o
[1142/1192] Building CXX object src/transaction/CMakeFiles/lbug_transaction.dir/transaction_context.cpp.o
[1143/1192] Building CXX object src/transaction/CMakeFiles/lbug_transaction.dir/transaction.cpp.o
[1144/1192] Building CXX object src/transaction/CMakeFiles/lbug_transaction.dir/transaction_manager.cpp.o
[1145/1192] Building CXX object src/extension/CMakeFiles/lbug_generated_extension_loader.dir/codegen/generated_extension_loader.cpp.o
[1146/1192] Building CXX object src/extension/CMakeFiles/lbug_extension.dir/catalog_extension.cpp.o
[1147/1192] Building CXX object src/extension/CMakeFiles/lbug_extension.dir/extension_entries.cpp.o
[1148/1192] Building CXX object src/extension/CMakeFiles/lbug_extension.dir/extension.cpp.o
[1149/1192] Building CXX object src/extension/CMakeFiles/lbug_extension.dir/extension_manager.cpp.o
[1150/1192] Building CXX object src/extension/CMakeFiles/lbug_extension.dir/loaded_extension.cpp.o
[1151/1192] Building CXX object src/extension/CMakeFiles/lbug_extension.dir/extension_installer.cpp.o
[1152/1192] Building C object third_party/brotli/CMakeFiles/brotlienc.dir/c/enc/backward_references.c.o
[1153/1192] Building C object third_party/brotli/CMakeFiles/brotlienc.dir/c/enc/backward_references_hq.c.o
[1154/1192] Building C object third_party/brotli/CMakeFiles/brotlienc.dir/c/enc/bit_cost.c.o
[1155/1192] Building C object third_party/brotli/CMakeFiles/brotlienc.dir/c/enc/block_splitter.c.o
[1156/1192] Linking CXX static library src/liblbug.a
[1157/1192] Building C object third_party/brotli/CMakeFiles/brotlienc.dir/c/enc/brotli_bit_stream.c.o
[1158/1192] Linking CXX static library /Users/catethos/workspace/ladybugex/zig_library/native/upstream/ladybug/extension/vector/build/libvector_static.lbug_extension
[1159/1192] Linking CXX static library /Users/catethos/workspace/ladybugex/zig_library/native/upstream/ladybug/extension/fts/build/libfts_static.lbug_extension
[1160/1192] Linking CXX static library /Users/catethos/workspace/ladybugex/zig_library/native/upstream/ladybug/extension/duckdb/build/libduckdb_static.lbug_extension
[1161/1192] Building C object third_party/brotli/CMakeFiles/brotlienc.dir/c/enc/command.c.o
[1162/1192] Building C object third_party/brotli/CMakeFiles/brotlienc.dir/c/enc/cluster.c.o
[1163/1192] Building C object third_party/brotli/CMakeFiles/brotlienc.dir/c/enc/compound_dictionary.c.o
[1164/1192] Building C object third_party/brotli/CMakeFiles/brotlienc.dir/c/enc/compress_fragment.c.o
[1165/1192] Building C object third_party/brotli/CMakeFiles/brotlienc.dir/c/enc/dictionary_hash.c.o
[1166/1192] Building C object third_party/brotli/CMakeFiles/brotlienc.dir/c/enc/compress_fragment_two_pass.c.o
[1167/1192] Building C object third_party/brotli/CMakeFiles/brotlienc.dir/c/enc/encoder_dict.c.o
[1168/1192] Building C object third_party/brotli/CMakeFiles/brotlienc.dir/c/enc/encode.c.o
[1169/1192] Building C object third_party/brotli/CMakeFiles/brotlienc.dir/c/enc/entropy_encode.c.o
[1170/1192] Building C object third_party/brotli/CMakeFiles/brotlienc.dir/c/enc/fast_log.c.o
[1171/1192] Building C object third_party/brotli/CMakeFiles/brotlienc.dir/c/enc/literal_cost.c.o
[1172/1192] Building C object third_party/brotli/CMakeFiles/brotlienc.dir/c/enc/histogram.c.o
[1173/1192] Building C object third_party/brotli/CMakeFiles/brotlienc.dir/c/enc/memory.c.o
[1174/1192] Building C object third_party/brotli/CMakeFiles/brotlienc.dir/c/enc/static_dict.c.o
[1175/1192] Building C object third_party/brotli/CMakeFiles/brotlienc.dir/c/enc/utf8_util.c.o
[1176/1192] Building C object third_party/brotli/CMakeFiles/brotlienc.dir/c/enc/metablock.c.o
[1177/1192] Building CXX object extension/duckdb/src/installer/CMakeFiles/duckdb_installer.dir/duckdb_install_func.cpp.o
[1178/1192] Building CXX object extension/duckdb/src/installer/CMakeFiles/duckdb_installer.dir/duckdb_installer.cpp.o
[1179/1192] Linking CXX shared library src/liblbug.0.20.2.dylib
ld: warning: ignoring duplicate libraries: '/Users/catethos/workspace/ladybugex/zig_library/_build/native/duckdb/extension/core_functions/libcore_functions_extension.a', '/Users/catethos/workspace/ladybugex/zig_library/_build/native/duckdb/extension/parquet/libparquet_extension.a', '/Users/catethos/workspace/ladybugex/zig_library/_build/native/duckdb/src/libduckdb_static.a', 'src/liblbug.a'
[1180/1192] Building CXX object extension/duckdb/src/loader/CMakeFiles/duckdb_loader.dir/duckdb_loader.cpp.o
[1181/1192] Building CXX object tools/shell/CMakeFiles/lbug_shell.dir/linenoise.cpp.o
[1182/1192] Building CXX object tools/shell/CMakeFiles/lbug_shell.dir/embedded_shell.cpp.o
[1183/1192] Building CXX object tools/shell/printer/CMakeFiles/lbug_shell_printer.dir/json_printer.cpp.o
[1184/1192] Building CXX object tools/shell/printer/CMakeFiles/lbug_shell_printer.dir/printer_factory.cpp.o
[1185/1192] Building CXX object tools/shell/CMakeFiles/lbug_shell.dir/shell_runner.cpp.o
[1186/1192] Building CXX object tools/shell/printer/CMakeFiles/lbug_shell_printer.dir/__/__/__/src/common/types/json_type.cpp.o
[1187/1192] Linking C static library third_party/brotli/libbrotlienc.a
[1188/1192] Linking CXX shared library /Users/catethos/workspace/ladybugex/zig_library/native/upstream/ladybug/extension/duckdb/build/libduckdb_loader.lbug_extension
[1189/1192] Linking CXX shared library /Users/catethos/workspace/ladybugex/zig_library/native/upstream/ladybug/extension/duckdb/build/libduckdb_installer.lbug_extension
[1190/1192] Creating library symlink src/liblbug.0.dylib src/liblbug.dylib
[1191/1192] Linking CXX executable tools/shell/lbug
ld: warning: ignoring duplicate libraries: '/Users/catethos/workspace/ladybugex/zig_library/_build/native/duckdb/extension/core_functions/libcore_functions_extension.a', '/Users/catethos/workspace/ladybugex/zig_library/_build/native/duckdb/extension/parquet/libparquet_extension.a', '/Users/catethos/workspace/ladybugex/zig_library/_build/native/duckdb/src/libduckdb_static.a', 'src/liblbug.a'
{"command": ["cmake", "--build", "/Users/catethos/workspace/ladybugex/zig_library/_build/native/ladybug", "--parallel", "2"], "cwd": "/Users/catethos/workspace/ladybugex/zig_library", "exit": 0, "seconds": 688.709}
-- Configuring done (0.3s)
-- Generating done (0.0s)
-- Build files have been written to: /Users/catethos/workspace/ladybugex/zig_library/_build/native/bridge
{"command": ["cmake", "-S", "native", "-B", "/Users/catethos/workspace/ladybugex/zig_library/_build/native/bridge", "-G", "Ninja", "-DCMAKE_BUILD_TYPE=Release", "-DCMAKE_OSX_DEPLOYMENT_TARGET=13.3", "-DCMAKE_POSITION_INDEPENDENT_CODE=ON", "-DLADYBUG_SOURCE=/Users/catethos/workspace/ladybugex/zig_library/native/upstream/ladybug", "-DLADYBUG_BUILD=/Users/catethos/workspace/ladybugex/zig_library/_build/native/ladybug"], "cwd": "/Users/catethos/workspace/ladybugex/zig_library", "exit": 0, "seconds": 0.458}
[1/1] Linking CXX shared library libaphid_bridge.dylib
{"command": ["cmake", "--build", "/Users/catethos/workspace/ladybugex/zig_library/_build/native/bridge", "--target", "aphid_bridge", "--parallel", "2"], "cwd": "/Users/catethos/workspace/ladybugex/zig_library", "exit": 0, "seconds": 0.561}
